slug,url,speech_date,title,H,D,HD,s,kept,chars
duke20110107a,https://www.federalreserve.gov/newsevents/speech/duke20110107a.htm,2011-01-07,The Economic Outlook,6,27,33,-0.6176470588235294,True,26148
yellen20110108a,https://www.federalreserve.gov/newsevents/speech/yellen20110108a.htm,2011-01-08,The Federal Reserve's Asset Purchase Program,4,48,52,-0.8301886792452831,True,41735
duke20110202a,https://www.federalreserve.gov/newsevents/speech/duke20110202a.htm,2011-02-02,From Community Banker to Central Banker--My Journey,2,2,4,,False,24004
bernanke20110203a,https://www.federalreserve.gov/newsevents/speech/bernanke20110203a.htm,2011-02-03,The Economic Outlook and Macroeconomic Policy,2,23,25,-0.8076923076923077,True,19023
bernanke20110210a,https://www.federalreserve.gov/newsevents/speech/bernanke20110210a.htm,2011-02-10,Housing Markets in Transition,6,4,10,0.18181818181818182,True,28573
raskin20110211a,https://www.federalreserve.gov/newsevents/speech/raskin20110211a.htm,2011-02-11,Putting the Low Road Behind Us,0,4,4,,False,21283
bernanke20110218a,https://www.federalreserve.gov/newsevents/speech/bernanke20110218a.htm,2011-02-18,Global Imbalances: Links to Economic and Financial Stability,1,2,3,,False,14630
yellen20110225a,https://www.federalreserve.gov/newsevents/speech/yellen20110225a.htm,2011-02-25,Unconventional Monetary Policy and Central Bank Communications,5,11,16,-0.35294117647058826,True,22987
bernanke20110302a,https://www.federalreserve.gov/newsevents/speech/bernanke20110302a.htm,2011-03-02,Challenges for State and Local Governments,0,17,17,-0.9444444444444444,True,19512
yellen20110304a,https://www.federalreserve.gov/newsevents/speech/yellen20110304a.htm,2011-03-04,Improving the International Monetary and Financial System,1,2,3,,False,11122
bernanke20110323a,https://www.federalreserve.gov/newsevents/speech/bernanke20110323a.htm,2011-03-23,Community Banking in a Period of Recovery and Change,0,0,0,,False,19048
duke20110324a,https://www.federalreserve.gov/newsevents/speech/duke20110324a.htm,2011-03-24,Changed Circumstances: The Impact of the Financial Crisis on the Economic Condition of Workers Near Retirement and of Business Owners,0,1,1,,False,24374
tarullo20110331a,https://www.federalreserve.gov/newsevents/speech/tarullo20110331a.htm,2011-03-31,Regulating Systemic Risk,0,0,0,,False,27252
bernanke20110404a,https://www.federalreserve.gov/newsevents/speech/bernanke20110404a.htm,2011-04-04,"Clearinghouses, Financial Stability, and Financial Reform",1,1,2,,False,26965
raskin20110407a,https://www.federalreserve.gov/newsevents/speech/raskin20110407a.htm,2011-04-07,Community Bankers and Supervisors: Seeking Balance,1,0,1,,False,23616
yellen20110411a,https://www.federalreserve.gov/newsevents/speech/yellen20110411a.htm,2011-04-11,"Commodity Prices, the Economic Outlook, and Monetary Policy",11,30,41,-0.4523809523809524,True,30813
duke20110414a,https://www.federalreserve.gov/newsevents/speech/duke20110414a.htm,2011-04-14,Small Business Credit Availability,2,9,11,-0.5833333333333334,True,25130
duke20110428a,https://www.federalreserve.gov/newsevents/speech/duke20110428a.htm,2011-04-28,Community Voices: Promising Practices for Neighborhood Stabilization,0,1,1,,False,8076
bernanke20110429a,https://www.federalreserve.gov/newsevents/speech/bernanke20110429a.htm,2011-04-29,Community Development in Challenging Times,0,13,13,-0.9285714285714286,True,18023
bernanke20110505a,https://www.federalreserve.gov/newsevents/speech/bernanke20110505a.htm,2011-05-05,Implementing a Macroprudential Approach to Supervision and Regulation,0,2,2,,False,25116
yellen20110506a,https://www.federalreserve.gov/newsevents/speech/yellen20110506a.htm,2011-05-06,Reaping the Full Benefits of Financial Openness,4,1,5,0.5,True,25659
duke20110510a,https://www.federalreserve.gov/newsevents/speech/duke20110510a.htm,2011-05-10,Fostering Innovation in Community Development Finance,1,4,5,-0.5,True,23724
bernanke20110512a,https://www.federalreserve.gov/newsevents/speech/bernanke20110512a.htm,2011-05-12,Brief remarks,0,0,0,,False,3673
bernanke20110516a,https://www.federalreserve.gov/newsevents/speech/bernanke20110516a.htm,2011-05-16,Promoting Research and Development: The Government's Role,0,1,1,,False,26800
duke20110524a,https://www.federalreserve.gov/newsevents/speech/duke20110524a.htm,2011-05-24,"Research, Policy, and the Future of Financial Education",0,1,1,,False,17619
yellen20110601a,https://www.federalreserve.gov/newsevents/speech/yellen20110601a.htm,2011-06-01,Assessing Potential Financial Imbalances in an Era of Accommodative Monetary Policy,3,8,11,-0.4166666666666667,True,24908
tarullo20110603a,https://www.federalreserve.gov/newsevents/speech/tarullo20110603a.htm,2011-06-03,Regulating Systemically Important Financial Firms,0,0,0,,False,28322
bernanke20110607a,https://www.federalreserve.gov/newsevents/speech/bernanke20110607a.htm,2011-06-07,The U.S. Economic Outlook,5,17,22,-0.5217391304347826,True,28571
yellen20110609a,https://www.federalreserve.gov/newsevents/speech/yellen20110609a.htm,2011-06-09,Housing Market Developments and Their Effects on Low- and Moderate-Income Neighborhoods,2,3,5,-0.16666666666666666,True,28818
bernanke20110614a,https://www.federalreserve.gov/newsevents/speech/bernanke20110614a.htm,2011-06-14,Fiscal Sustainability,0,3,3,,False,13542
raskin20110629a,https://www.federalreserve.gov/newsevents/speech/raskin20110629a.htm,2011-06-29,Economic and Financial Inclusion in 2011: What it Means for Americans and our Economic Recovery,0,9,9,-0.9,True,21791
bernanke20110826a,https://www.federalreserve.gov/newsevents/speech/bernanke20110826a.htm,2011-08-26,The Near- and Longer-Term Prospects for the U.S. Economy,1,10,11,-0.75,True,22985
duke20110901a,https://www.federalreserve.gov/newsevents/speech/duke20110901a.htm,2011-09-01,Rebalancing the Housing Market,0,7,7,-0.875,True,24622
bernanke20110908a,https://www.federalreserve.gov/newsevents/speech/bernanke20110908a.htm,2011-09-08,The U.S. Economic Outlook,3,13,16,-0.5882352941176471,True,17976
bernanke20110915a,https://www.federalreserve.gov/newsevents/speech/bernanke20110915a.htm,2011-09-15,Opening Remarks,0,0,0,,False,4008
tarullo20110915a,https://www.federalreserve.gov/newsevents/speech/tarullo20110915a.htm,2011-09-15,Industrial Organization and Systemic Risk: An Agenda for Further Research,0,0,0,,False,25650
raskin20110926a,https://www.federalreserve.gov/newsevents/speech/raskin20110926a.htm,2011-09-26,Monetary Policy and Job Creation,1,26,27,-0.8928571428571429,True,24797
bernanke20110928a,https://www.federalreserve.gov/newsevents/speech/bernanke20110928a.htm,2011-09-28,Lessons from Emerging Market Economies on the Sources of Sustained Growth,0,0,0,,False,34007
raskin20111004a,https://www.federalreserve.gov/newsevents/speech/raskin20111004a.htm,2011-10-04,Legal Opportunities and Challenges in Crafting a Foreclosure Response,0,3,3,,False,26082
bernanke20111018a,https://www.federalreserve.gov/newsevents/speech/bernanke20111018a.htm,2011-10-18,The Effects of the Great Recession on Central Bank Doctrine and Practice,1,8,9,-0.7,True,26801
tarullo20111020a,https://www.federalreserve.gov/newsevents/speech/tarullo20111020a.htm,2011-10-20,"Unemployment, the Labor Market, and the Economy",1,63,64,-0.9538461538461539,True,41228
yellen20111021a,https://www.federalreserve.gov/newsevents/speech/yellen20111021a.htm,2011-10-21,The Outlook for the U.S. Economy and Economic Policy,10,31,41,-0.5,True,28463
duke20111022a,https://www.federalreserve.gov/newsevents/speech/duke20111022a.htm,2011-10-22,The Federal Reserve System and Individual Financial Planning,0,4,4,,False,19776
tarullo20111104a,https://www.federalreserve.gov/newsevents/speech/tarullo20111104a.htm,2011-11-04,The International Agenda for Financial Regulation,0,0,0,,False,26134
bernanke20111109a,https://www.federalreserve.gov/newsevents/speech/bernanke20111109a.htm,2011-11-09,Welcoming Remarks,0,1,1,,False,8010
tarullo20111109a,https://www.federalreserve.gov/newsevents/speech/tarullo20111109a.htm,2011-11-09,The Evolution of Capital Regulation,0,0,0,,False,27866
bernanke20111110a,https://www.federalreserve.gov/newsevents/speech/bernanke20111110a.htm,2011-11-10,Town Hall Meeting Remarks,1,9,10,-0.7272727272727273,True,14429
yellen20111111a,https://www.federalreserve.gov/newsevents/speech/yellen20111111a.htm,2011-11-11,Pursuing Financial Stability at the Federal Reserve,1,0,1,,False,24314
yellen20111129a,https://www.federalreserve.gov/newsevents/speech/yellen20111129a.htm,2011-11-29,Aggregate Demand and the Global Economic Recovery,2,15,17,-0.7222222222222222,True,20688
duke20120106a,https://www.federalreserve.gov/newsevents/speech/duke20120106a.htm,2012-01-06,"Economic Developments, Risks to the Outlook, and Housing Market Policies",7,15,22,-0.34782608695652173,True,28612
raskin20120106a,https://www.federalreserve.gov/newsevents/speech/raskin20120106a.htm,2012-01-06,Community Bank Examination and Supervision amid Economic Recovery,0,13,13,-0.9285714285714286,True,30737
raskin20120107a,https://www.federalreserve.gov/newsevents/speech/raskin20120107a.htm,2012-01-07,Creating and Implementing an Enforcement Response to the Foreclosure Crisis,0,3,3,,False,17031
duke20120113a,https://www.federalreserve.gov/newsevents/speech/duke20120113a.htm,2012-01-13,Opportunities to Reduce Regulatory Burden and Improve Credit Availability,2,1,3,,False,28189
duke20120116a,https://www.federalreserve.gov/newsevents/speech/duke20120116a.htm,2012-01-16,From Community Banker to Central Banker--My Journey,2,4,6,-0.2857142857142857,True,26578
bernanke20120216a,https://www.federalreserve.gov/newsevents/speech/bernanke20120216a.htm,2012-02-16,Community Banking,0,2,2,,False,25340
raskin20120301a,https://www.federalreserve.gov/newsevents/speech/raskin20120301a.htm,2012-03-01,Accommodative Monetary Policy and Its Effects on Savers,0,18,18,-0.9473684210526315,True,17109
bernanke20120314a,https://www.federalreserve.gov/newsevents/speech/bernanke20120314a.htm,2012-03-14,Community Banking,0,1,1,,False,9522
bernanke20120323a,https://www.federalreserve.gov/newsevents/speech/bernanke20120323a.htm,2012-03-23,Opening Remarks,0,0,0,,False,4826
bernanke20120326a,https://www.federalreserve.gov/newsevents/speech/bernanke20120326a.htm,2012-03-26,Recent Developments in the Labor Market,2,100,102,-0.9514563106796117,True,30998
duke20120327a,https://www.federalreserve.gov/newsevents/speech/duke20120327a.htm,2012-03-27,Building Sustainable Communities,0,3,3,,False,19790
bernanke20120409a,https://www.federalreserve.gov/newsevents/speech/bernanke20120409a.htm,2012-04-09,Fostering Financial Stability,0,3,3,,False,24979
tarullo20120410a,https://www.federalreserve.gov/newsevents/speech/tarullo20120410a.htm,2012-04-10,Developing Tools for Dynamic Capital Supervision,0,3,3,,False,23075
raskin20120411a,https://www.federalreserve.gov/newsevents/speech/raskin20120411a.htm,2012-04-11,Downturns and Recoveries: What the Economies in Los Angeles and the United States Tell Us,3,16,19,-0.65,True,22623
yellen20120411a,https://www.federalreserve.gov/newsevents/speech/yellen20120411a.htm,2012-04-11,The Economic Outlook and Monetary Policy,9,88,97,-0.8061224489795918,True,40724
bernanke20120413a,https://www.federalreserve.gov/newsevents/speech/bernanke20120413a.htm,2012-04-13,Some Reflections on the Crisis and the Policy Response,0,2,2,,False,33121
tarullo20120502a,https://www.federalreserve.gov/newsevents/speech/tarullo20120502a.htm,2012-05-02,Regulatory Reform since the Financial Crisis,0,0,0,,False,22173
bernanke20120510a,https://www.federalreserve.gov/newsevents/speech/bernanke20120510a.htm,2012-05-10,Banks and Bank Lending: The State of Play,1,6,7,-0.625,True,21038
duke20120515a,https://www.federalreserve.gov/newsevents/speech/duke20120515a.htm,2012-05-15,Prescriptions for Housing Recovery,7,5,12,0.15384615384615385,True,27314
yellen20120606a,https://www.federalreserve.gov/newsevents/speech/yellen20120606a.htm,2012-06-06,Perspectives on Monetary Policy,12,68,80,-0.691358024691358,True,44754
tarullo20120612a,https://www.federalreserve.gov/newsevents/speech/tarullo20120612a.htm,2012-06-12,Shadow Banking After the Financial Crisis,0,0,0,,False,26642
duke20120720a,https://www.federalreserve.gov/newsevents/speech/duke20120720a.htm,2012-07-20,Central Bank Cooperation in Times of Crisis,2,8,10,-0.5454545454545454,True,17928
raskin20120723a,https://www.federalreserve.gov/newsevents/speech/raskin20120723a.htm,2012-07-23,How Well Is Our Financial System Serving Us? Working Together to Find the High Road,0,0,0,,False,22524
bernanke20120724a,https://www.federalreserve.gov/newsevents/speech/bernanke20120724a.htm,2012-07-24,Early Childhood Education,0,1,1,,False,7344
bernanke20120806a,https://www.federalreserve.gov/newsevents/speech/bernanke20120806a.htm,2012-08-06,Economic Measurement,0,1,1,,False,11688
bernanke20120807a,https://www.federalreserve.gov/newsevents/speech/bernanke20120807a.htm,2012-08-07,Financial Education,0,1,1,,False,8142
bernanke20120831a,https://www.federalreserve.gov/newsevents/speech/bernanke20120831a.htm,2012-08-31,Monetary Policy since the Onset of the Crisis,8,41,49,-0.66,True,47551
bernanke20121001a,https://www.federalreserve.gov/newsevents/speech/bernanke20121001a.htm,2012-10-01,Five Questions about the Federal Reserve and Monetary Policy,9,17,26,-0.2962962962962963,True,27592
duke20121005a,https://www.federalreserve.gov/newsevents/speech/duke20121005a.htm,2012-10-05,Addressing Long-Term Vacant Properties to Support Neighborhood Stabilization,1,5,6,-0.5714285714285714,True,37447
tarullo20121010a,https://www.federalreserve.gov/newsevents/speech/tarullo20121010a.htm,2012-10-10,Financial Stability Regulation,0,0,0,,False,69793
stein20121011a,https://www.federalreserve.gov/newsevents/speech/stein20121011a.htm,2012-10-11,Evaluating Large-Scale Asset Purchases,0,9,9,-0.9,True,37268
yellen20121011a,https://www.federalreserve.gov/newsevents/speech/yellen20121011a.htm,2012-10-11,Japan in the Global Economy II,1,10,11,-0.75,True,9339
bernanke20121014a,https://www.federalreserve.gov/newsevents/speech/bernanke20121014a.htm,2012-10-14,U.S. Monetary Policy and International Implications,1,15,16,-0.8235294117647058,True,11876
duke20121109a,https://www.federalreserve.gov/newsevents/speech/duke20121109a.htm,2012-11-09,Community Banks and Mortgage Lending,0,1,1,,False,31161
yellen20121113a,https://www.federalreserve.gov/newsevents/speech/yellen20121113a.htm,2012-11-13,Revolution and Evolution in Central Bank Communications,13,51,64,-0.5846153846153846,True,49342
bernanke20121115a,https://www.federalreserve.gov/newsevents/speech/bernanke20121115a.htm,2012-11-15,Challenges in Housing and Mortgage Markets,6,5,11,0.08333333333333333,True,25673
bernanke20121120a,https://www.federalreserve.gov/newsevents/speech/bernanke20121120a.htm,2012-11-20,The Economic Recovery and Economic Policy,3,40,43,-0.8409090909090909,True,31735
tarullo20121128a,https://www.federalreserve.gov/newsevents/speech/tarullo20121128a.htm,2012-11-28,Regulation of Foreign Banking Organizations,0,0,0,,False,34699
stein20121130a,https://www.federalreserve.gov/newsevents/speech/stein20121130a.htm,2012-11-30,Large-Scale Asset Purchases,0,2,2,,False,11684
tarullo20121204a,https://www.federalreserve.gov/newsevents/speech/tarullo20121204a.htm,2012-12-04,Industry Structure and Systemic Risk Regulation,0,1,1,,False,28496
stein20121217a,https://www.federalreserve.gov/newsevents/speech/stein20121217a.htm,2012-12-17,Dollar Funding and Global Banks,0,3,3,,False,11586
yellen20130104a,https://www.federalreserve.gov/newsevents/speech/yellen20130104a.htm,2013-01-04,Interconnectedness and Systemic Risk: Lessons from the Financial Crisis and Policy Implications,1,0,1,,False,49363
duke20130205a,https://www.federalreserve.gov/newsevents/speech/duke20130205a.htm,2013-02-05,The Future of Community Banking,2,2,4,,False,35547
stein20130207a,https://www.federalreserve.gov/newsevents/speech/stein20130207a.htm,2013-02-07,"Overheating in Credit Markets: Origins, Measurement, and Policy Responses",16,3,19,0.65,True,42752
yellen20130211a,https://www.federalreserve.gov/newsevents/speech/yellen20130211a.htm,2013-02-11,"A Painfully Slow Recovery for America's Workers: Causes, Implications, and the Federal Reserve's Response",3,40,43,-0.8409090909090909,True,33732
powell20130221a,https://www.federalreserve.gov/newsevents/speech/powell20130221a.htm,2013-02-21,"Discussion of ""Crunch Time: Fiscal Crises and the Role of Monetary Policy""",3,4,7,-0.125,True,16356
tarullo20130222a,https://www.federalreserve.gov/newsevents/speech/tarullo20130222a.htm,2013-02-22,International Cooperation in Financial Regulation,1,0,1,,False,32417
raskin20130228a,https://www.federalreserve.gov/newsevents/speech/raskin20130228a.htm,2013-02-28,Reflections on Reputation and its Consequences,0,0,0,,False,29531
bernanke20130301a,https://www.federalreserve.gov/newsevents/speech/bernanke20130301a.htm,2013-03-01,Long-Term Interest Rates,4,23,27,-0.6785714285714286,True,34785
yellen20130302a,https://www.federalreserve.gov/newsevents/speech/yellen20130302a.htm,2013-03-02,Challenges Confronting Monetary Policy,13,48,61,-0.5645161290322581,True,42079
powell20130304a,https://www.federalreserve.gov/newsevents/speech/powell20130304a.htm,2013-03-04,"Ending ""Too Big to Fail""",0,0,0,,False,28880
duke20130308a,https://www.federalreserve.gov/newsevents/speech/duke20130308a.htm,2013-03-08,Comments on Housing and Mortgage Markets,3,13,16,-0.5882352941176471,True,38665
raskin20130322,https://www.federalreserve.gov/newsevents/speech/raskin20130322.htm,2013-03-22,Focusing on Low- and Moderate-Income Working Americans,0,13,13,-0.9285714285714286,True,30106
bernanke20130325a,https://www.federalreserve.gov/newsevents/speech/bernanke20130325a.htm,2013-03-25,Monetary Policy and the Global Economy,1,11,12,-0.7692307692307693,True,17159
20130404a,https://www.federalreserve.gov/newsevents/speech/20130404a.htm,2013-04-04,Financial and Economic Education,0,0,0,,False,4446
yellen20130404a,https://www.federalreserve.gov/newsevents/speech/yellen20130404a.htm,2013-04-04,Communication in Monetary Policy,6,28,34,-0.6285714285714286,True,30243
bernanke20130408a,https://www.federalreserve.gov/newsevents/speech/bernanke20130408a.htm,2013-04-08,Stress Testing Banks: What Have We Learned?,0,1,1,,False,27812
bernanke20130412a,https://www.federalreserve.gov/newsevents/speech/bernanke20130412a.htm,2013-04-12,Creating Resilient Communities,0,5,5,-0.8333333333333334,True,24716
yellen20130416a,https://www.federalreserve.gov/newsevents/speech/yellen20130416a.htm,2013-04-16,"Panel Discussion on ""Monetary Policy: Many Targets, Many Instruments. Where Do We Stand?""",1,11,12,-0.7692307692307693,True,9409
stein20130417a,https://www.federalreserve.gov/newsevents/speech/stein20130417a.htm,2013-04-17,Regulating Large Financial Institutions,0,0,0,,False,20016
raskin20130418a,https://www.federalreserve.gov/newsevents/speech/raskin20130418a.htm,2013-04-18,Aspects of Inequality in the Recent Business Cycle,0,13,13,-0.9285714285714286,True,36148
stein20130419a,https://www.federalreserve.gov/newsevents/speech/stein20130419a.htm,2013-04-19,Liquidity Regulation and Central Banking,0,3,3,,False,33668
tarullo20130503a,https://www.federalreserve.gov/newsevents/speech/tarullo20130503a.htm,2013-05-03,Evaluating Progress in Regulatory Reforms to Promote Financial Stability,0,0,0,,False,40798
duke20130509a,https://www.federalreserve.gov/newsevents/speech/duke20130509a.htm,2013-05-09,A View from the Federal Reserve Board: The Mortgage Market and Housing Conditions,1,3,4,,False,23750
bernanke20130510a,https://www.federalreserve.gov/newsevents/speech/bernanke20130510a.htm,2013-05-10,Monitoring the Financial System,0,1,1,,False,29577
raskin20130516a,https://www.federalreserve.gov/newsevents/speech/raskin20130516a.htm,2013-05-16,Prospects for a Stronger Recovery,4,29,33,-0.7352941176470589,True,21972
bernanke20130518a,https://www.federalreserve.gov/newsevents/speech/bernanke20130518a.htm,2013-05-18,Economic Prospects for the Long Run,1,1,2,,False,17660
bernanke20130602a,https://www.federalreserve.gov/newsevents/speech/bernanke20130602a.htm,2013-06-02,The Ten Suggestions,0,0,0,,False,10688
yellen20130602a,https://www.federalreserve.gov/newsevents/speech/yellen20130602a.htm,2013-06-02,Regulatory Landscapes: A U.S. Perspective,0,0,0,,False,12223
raskin20130606a,https://www.federalreserve.gov/newsevents/speech/raskin20130606a.htm,2013-06-06,Let's Move Forward: The Case for Timely Implementation of Revised Capital Rules,0,1,1,,False,24431
powell20130627a,https://www.federalreserve.gov/newsevents/speech/powell20130627a.htm,2013-06-27,Thoughts on Unconventional Monetary Policy,2,30,32,-0.8484848484848485,True,24409
stein20130628a,https://www.federalreserve.gov/newsevents/speech/stein20130628a.htm,2013-06-28,Comments on Monetary Policy,0,10,10,-0.9090909090909091,True,11741
powell20130702a,https://www.federalreserve.gov/newsevents/speech/powell20130702a.htm,2013-07-02,International Financial Regulatory Reform,0,4,4,,False,11895
bernanke20130710a,https://www.federalreserve.gov/newsevents/speech/bernanke20130710a.htm,2013-07-10,"A Century of U.S. Central Banking: Goals, Frameworks, Accountability",1,9,10,-0.7272727272727273,True,46359
raskin20130717a,https://www.federalreserve.gov/newsevents/speech/raskin20130717a.htm,2013-07-17,Beyond Capital: The Case for a Harmonized Response to Asset Bubbles,1,1,2,,False,28338
tarullo20130920a,https://www.federalreserve.gov/newsevents/speech/tarullo20130920a.htm,2013-09-20,Macroprudential Regulation,3,5,8,-0.2222222222222222,True,53572
stein20130926a,https://www.federalreserve.gov/newsevents/speech/stein20130926a.htm,2013-09-26,Yield-Oriented Investors and the Monetary Transmission Mechanism,2,11,13,-0.6428571428571429,True,18756
bernanke20131002a,https://www.federalreserve.gov/newsevents/speech/bernanke20131002a.htm,2013-10-02,Brief Welcoming Remarks,0,0,0,,False,7651
powell20131003a,https://www.federalreserve.gov/newsevents/speech/powell20131003a.htm,2013-10-03,Community Banking: Connecting Research and Policy,2,0,2,,False,21373
stein20131004a,https://www.federalreserve.gov/newsevents/speech/stein20131004a.htm,2013-10-04,The Fire-Sales Problem and Securities Financing Transactions,2,0,2,,False,31319
powell20131011a,https://www.federalreserve.gov/newsevents/speech/powell20131011a.htm,2013-10-11,Communications Challenges and Quantitative Easing,3,4,7,-0.125,True,8352
bernanke20131014a,https://www.federalreserve.gov/newsevents/speech/bernanke20131014a.htm,2013-10-14,Celebrating 20 Years of the Bank of Mexico's Independence,1,3,4,,False,9028
stein20131018a,https://www.federalreserve.gov/newsevents/speech/stein20131018a.htm,2013-10-18,"Lean, Clean, and In-Between",1,3,4,,False,15599
tarullo20131018a,https://www.federalreserve.gov/newsevents/speech/tarullo20131018a.htm,2013-10-18,Toward Building a More Effective Resolution Regime: Progress and Challenges,0,0,0,,False,36061
powell20131104a,https://www.federalreserve.gov/newsevents/speech/powell20131104a.htm,2013-11-04,Advanced Economy Monetary Policy and Emerging Market Economies,8,22,30,-0.45161290322580644,True,30309
stein20131107a,https://www.federalreserve.gov/newsevents/speech/stein20131107a.htm,2013-11-07,The Fire-Sales Problem and Securities Financing Transactions,2,0,2,,False,31669
bernanke20131108a,https://www.federalreserve.gov/newsevents/speech/bernanke20131108a.htm,2013-11-08,The Crisis as a Classic Financial Panic,0,0,0,,False,16431
bernanke20131113a,https://www.federalreserve.gov/newsevents/speech/bernanke20131113a.htm,2013-11-13,Teaching and Learning about the Federal Reserve,0,1,1,,False,7728
bernanke20131114a,https://www.federalreserve.gov/newsevents/speech/bernanke20131114a.htm,2013-11-14,40th Anniversary of the Annual Conference of the Union of Arab Banks,0,0,0,,False,3824
bernanke20131119a,https://www.federalreserve.gov/newsevents/speech/bernanke20131119a.htm,2013-11-19,Communication and Monetary Policy,4,39,43,-0.7954545454545454,True,40932
powell20131121a,https://www.federalreserve.gov/newsevents/speech/powell20131121a.htm,2013-11-21,OTC Market Infrastructure Reform: Opportunities and Challenges,0,0,0,,False,24933
tarullo20131122a,https://www.federalreserve.gov/newsevents/speech/tarullo20131122a.htm,2013-11-22,Shadow Banking and Systemic Risk Regulation,0,0,0,,False,34633
bernanke20131216a,https://www.federalreserve.gov/newsevents/speech/bernanke20131216a.htm,2013-12-16,Opening Remarks,0,4,4,,False,8404
bernanke20131216b,https://www.federalreserve.gov/newsevents/speech/bernanke20131216b.htm,2013-12-16,Concluding Remarks,0,0,0,,False,5113
bernanke20140103a,https://www.federalreserve.gov/newsevents/speech/bernanke20140103a.htm,2014-01-03,"The Federal Reserve: Looking Back, Looking Forward",5,25,30,-0.6451612903225806,True,48953
stein20140103a,https://www.federalreserve.gov/newsevents/speech/stein20140103a.htm,2014-01-03,Banks as Patient Debt Investors,0,5,5,-0.8333333333333334,True,34461
tarullo20140225a,https://www.federalreserve.gov/newsevents/speech/tarullo20140225a.htm,2014-02-25,Monetary Policy and Financial Stability,7,11,18,-0.21052631578947367,True,35534
stein20140228a,https://www.federalreserve.gov/newsevents/speech/stein20140228a.htm,2014-02-28,"Comments on ""Market Tantrums and Monetary Policy""",3,5,8,-0.2222222222222222,True,18327
yellen20140305a,https://www.federalreserve.gov/newsevents/speech/yellen20140305a.htm,2014-03-05,Remarks at the Ceremonial Swearing-in,0,1,1,,False,5140
stein20140321a,https://www.federalreserve.gov/newsevents/speech/stein20140321a.htm,2014-03-21,Incorporating Financial Stability Considerations into a Monetary Policy Framework,5,25,30,-0.6451612903225806,True,34838
stein20140324a,https://www.federalreserve.gov/newsevents/speech/stein20140324a.htm,2014-03-24,Welcoming Remarks,0,0,0,,False,5664
yellen20140325a,https://www.federalreserve.gov/newsevents/speech/yellen20140325a.htm,2014-03-25,Remarks on Women's History Month,0,1,1,,False,3442
tarullo20140327a,https://www.federalreserve.gov/newsevents/speech/tarullo20140327a.htm,2014-03-27,Regulating Large Foreign Banking Organizations,0,0,0,,False,41496
yellen20140331a,https://www.federalreserve.gov/newsevents/speech/yellen20140331a.htm,2014-03-31,What the Federal Reserve Is Doing to Promote a Stronger Job Market,4,44,48,-0.8163265306122449,True,24781
tarullo20140409a,https://www.federalreserve.gov/newsevents/speech/tarullo20140409a.htm,2014-04-09,Longer-Term Challenges for the American Economy,3,11,14,-0.5333333333333333,True,33099
yellen20140415a,https://www.federalreserve.gov/newsevents/speech/yellen20140415a.htm,2014-04-15,Opening Remarks,1,1,2,,False,6831
yellen20140416a,https://www.federalreserve.gov/newsevents/speech/yellen20140416a.htm,2014-04-16,Monetary Policy and the Economic Recovery,8,47,55,-0.6964285714285714,True,33150
yellen20140501a,https://www.federalreserve.gov/newsevents/speech/yellen20140501a.htm,2014-05-01,Tailored Supervision of Community Banks,0,0,0,,False,21219
stein20140506a,https://www.federalreserve.gov/newsevents/speech/stein20140506a.htm,2014-05-06,Challenges for Monetary Policy Communication,5,8,13,-0.21428571428571427,True,22405
tarullo20140508a,https://www.federalreserve.gov/newsevents/speech/tarullo20140508a.htm,2014-05-08,Rethinking the Aims of Prudential Regulation,0,0,0,,False,32807
yellen20140515a,https://www.federalreserve.gov/newsevents/speech/yellen20140515a.htm,2014-05-15,Small Businesses and the Recovery,0,1,1,,False,3460
yellen20140521a,https://www.federalreserve.gov/newsevents/speech/yellen20140521a.htm,2014-05-21,Commencement Remarks,0,0,0,,False,5628
powell20140606a,https://www.federalreserve.gov/newsevents/speech/powell20140606a.htm,2014-06-06,A Conversation on Central Banking Issues,1,3,4,,False,6563
tarullo20140609a,https://www.federalreserve.gov/newsevents/speech/tarullo20140609a.htm,2014-06-09,Corporate Governance and Prudential Regulation,0,0,0,,False,38498
tarullo20140625a,https://www.federalreserve.gov/newsevents/speech/tarullo20140625a.htm,2014-06-25,Stress Testing after Five Years,1,1,2,,False,29673
yellen20140702a,https://www.federalreserve.gov/newsevents/speech/yellen20140702a.htm,2014-07-02,Monetary Policy and Financial Stability,7,9,16,-0.11764705882352941,True,33391
fischer20140710a,https://www.federalreserve.gov/newsevents/speech/fischer20140710a.htm,2014-07-10,Financial Sector Reform: How Far Are We?,1,0,1,,False,42504
fischer20140811a,https://www.federalreserve.gov/newsevents/speech/fischer20140811a.htm,2014-08-11,The Great Recession: Moving Ahead,2,13,15,-0.6875,True,36705
yellen20140822a,https://www.federalreserve.gov/newsevents/speech/yellen20140822a.htm,2014-08-22,Labor Market Dynamics and Monetary Policy,6,60,66,-0.8059701492537313,True,36231
powell20140904a,https://www.federalreserve.gov/newsevents/speech/powell20140904a.htm,2014-09-04,Reforming U.S. Dollar LIBOR: The Path Forward,0,0,0,,False,21749
yellen20140918a,https://www.federalreserve.gov/newsevents/speech/yellen20140918a.htm,2014-09-18,The Importance of Asset Building for Low and Middle Income Households,0,0,0,,False,4265
powell20140923a,https://www.federalreserve.gov/newsevents/speech/powell20140923a.htm,2014-09-23,Introductory Remarks,0,0,0,,False,8586
powell20140930a,https://www.federalreserve.gov/newsevents/speech/powell20140930a.htm,2014-09-30,"Remarks on ""Government Debt Management at the Zero Lower Bound""",0,3,3,,False,5578
fischer20141011a,https://www.federalreserve.gov/newsevents/speech/fischer20141011a.htm,2014-10-11,The Federal Reserve and the Global Economy,24,24,48,0.0,True,42928
yellen20141017a,https://www.federalreserve.gov/newsevents/speech/yellen20141017a.htm,2014-10-17,Perspectives on Inequality and Opportunity from the Survey of Consumer Finances,0,2,2,,False,42798
powell20141020a,https://www.federalreserve.gov/newsevents/speech/powell20141020a.htm,2014-10-20,Opening Remarks,0,0,0,,False,3104
tarullo20141020a,https://www.federalreserve.gov/newsevents/speech/tarullo20141020a.htm,2014-10-20,"Good Compliance, Not Mere Compliance",0,0,0,,False,24158
yellen20141030a,https://www.federalreserve.gov/newsevents/speech/yellen20141030a.htm,2014-10-30,Welcoming Remarks,0,0,0,,False,6132
powell20141106a,https://www.federalreserve.gov/newsevents/speech/powell20141106a.htm,2014-11-06,A Financial System Perspective on Central Clearing of Derivatives,1,0,1,,False,23597
tarullo20141107a,https://www.federalreserve.gov/newsevents/speech/tarullo20141107a.htm,2014-11-07,A Tiered Approach to Regulation and Supervision of Community Banks,0,1,1,,False,33252
yellen20141107a,https://www.federalreserve.gov/newsevents/speech/yellen20141107a.htm,2014-11-07,"Remarks at the Panel Discussion on ""Shaping the Future of the Macroeconomic Policy Mix""",5,12,17,-0.3888888888888889,True,9918
powell20141114a,https://www.federalreserve.gov/newsevents/speech/powell20141114a.htm,2014-11-14,"Monetary Policy Accommodation, Risk-Taking, and Spillovers",2,6,8,-0.4444444444444444,True,11573
tarullo20141120a,https://www.federalreserve.gov/newsevents/speech/tarullo20141120a.htm,2014-11-20,Liquidity Regulation,0,2,2,,False,42551
brainard20141202a,https://www.federalreserve.gov/newsevents/speech/brainard20141202a.htm,2014-12-02,Opening Remarks,0,0,0,,False,4872
brainard20141203a,https://www.federalreserve.gov/newsevents/speech/brainard20141203a.htm,2014-12-03,The Federal Reserve's Financial Stability Agenda,2,10,12,-0.6153846153846154,True,29461
powell20150120a,https://www.federalreserve.gov/newsevents/speech/powell20150120a.htm,2015-01-20,Comments on the Fair and Effective Markets Review,0,0,0,,False,10756
tarullo20150130a,https://www.federalreserve.gov/newsevents/speech/tarullo20150130a.htm,2015-01-30,Advancing Macroprudential Policy Objectives,0,1,1,,False,30542
powell20150204a,https://www.federalreserve.gov/newsevents/speech/powell20150204a.htm,2015-02-04,Welcoming Remarks,0,0,0,,False,5940
powell20150209a,https://www.federalreserve.gov/newsevents/speech/powell20150209a.htm,2015-02-09,"""Audit the Fed"" and Other Proposals",3,5,8,-0.2222222222222222,True,27022
powell20150218a,https://www.federalreserve.gov/newsevents/speech/powell20150218a.htm,2015-02-18,"Financial Institutions, Financial Markets, and Financial Stability",0,3,3,,False,33622
fischer20150227a,https://www.federalreserve.gov/newsevents/speech/fischer20150227a.htm,2015-02-27,Conducting Monetary Policy with a Large Balance Sheet,11,7,18,0.21052631578947367,True,12561
yellen20150303a,https://www.federalreserve.gov/newsevents/speech/yellen20150303a.htm,2015-03-03,Improving the Oversight of Large Financial Institutions,0,0,0,,False,28149
fischer20150323a,https://www.federalreserve.gov/newsevents/speech/fischer20150323a.htm,2015-03-23,Monetary Policy Lessons and the Way Ahead,28,12,40,0.3902439024390244,True,34026
fischer20150327a,https://www.federalreserve.gov/newsevents/speech/fischer20150327a.htm,2015-03-27,The Importance of the Nonbank Financial Sector,0,1,1,,False,24921
yellen20150327a,https://www.federalreserve.gov/newsevents/speech/yellen20150327a.htm,2015-03-27,Normalizing Monetary Policy: Prospects and Perspectives,15,38,53,-0.42592592592592593,True,40919
fischer20150330a,https://www.federalreserve.gov/newsevents/speech/fischer20150330a.htm,2015-03-30,"Nonbank Financial Intermediation, Financial Stability, and the Road Forward",1,3,4,,False,21632
brainard20150402a,https://www.federalreserve.gov/newsevents/speech/brainard20150402a.htm,2015-04-02,Coming of Age in the Great Recession,1,12,13,-0.7857142857142857,True,30288
yellen20150402a,https://www.federalreserve.gov/newsevents/speech/yellen20150402a.htm,2015-04-02,Opening Remarks,0,0,0,,False,8651
powell20150408a,https://www.federalreserve.gov/newsevents/speech/powell20150408a.htm,2015-04-08,Remarks on Monetary Policy,7,18,25,-0.4230769230769231,True,18444
tarullo20150430a,https://www.federalreserve.gov/newsevents/speech/tarullo20150430a.htm,2015-04-30,Tailoring Community Bank Regulation and Supervision,0,0,0,,False,27014
tarullo20150504,https://www.federalreserve.gov/newsevents/speech/tarullo20150504.htm,2015-05-04,Opening Remarks,0,0,0,,False,2424
yellen20150506a,https://www.federalreserve.gov/newsevents/speech/yellen20150506a.htm,2015-05-06,Finance and Society,1,1,2,,False,21316
powell20150514a,https://www.federalreserve.gov/newsevents/speech/powell20150514a.htm,2015-05-14,Regulation and Supervision of Community Banks,0,0,0,,False,19461
fischer20150521,https://www.federalreserve.gov/newsevents/speech/fischer20150521.htm,2015-05-21,"Past, Present, and Future Challenges for the Euro Area",1,2,3,,False,18965
yellen20150522a,https://www.federalreserve.gov/newsevents/speech/yellen20150522a.htm,2015-05-22,The Outlook for the Economy,4,20,24,-0.64,True,22976
fischer20150526a,https://www.federalreserve.gov/newsevents/speech/fischer20150526a.htm,2015-05-26,The Federal Reserve and the Global Economy,20,11,31,0.28125,True,33595
fischer20150601a,https://www.federalreserve.gov/newsevents/speech/fischer20150601a.htm,2015-06-01,What have we learned from the crises of the last 20 years?,0,2,2,,False,21894
brainard20150602a,https://www.federalreserve.gov/newsevents/speech/brainard20150602a.htm,2015-06-02,The U.S. Economic Outlook and Implications for Monetary Policy,13,21,34,-0.22857142857142856,True,21748
fischer20150624a,https://www.federalreserve.gov/newsevents/speech/fischer20150624a.htm,2015-06-24,Supervisory Stress Testing of Large Systemic Financial Institutions,0,0,0,,False,10095
powell20150625a,https://www.federalreserve.gov/newsevents/speech/powell20150625a.htm,2015-06-25,Building a Safer Payment System,0,0,0,,False,19906
fischer20150630a,https://www.federalreserve.gov/newsevents/speech/fischer20150630a.htm,2015-06-30,Monetary Policy in the United States and in Developing Countries,9,10,19,-0.05,True,23307
brainard20150701a,https://www.federalreserve.gov/newsevents/speech/brainard20150701a.htm,2015-07-01,Recent Changes in the Resilience of Market Liquidity,1,0,1,,False,11737
brainard20150709a,https://www.federalreserve.gov/newsevents/speech/brainard20150709a.htm,2015-07-09,Dodd-Frank at Five: Assessing Progress on Too Big to Fail,1,1,2,,False,27964
yellen20150710a,https://www.federalreserve.gov/newsevents/speech/yellen20150710a.htm,2015-07-10,Recent Developments and the Outlook for the Economy,2,26,28,-0.8275862068965517,True,26468
powell20150803a,https://www.federalreserve.gov/newsevents/speech/powell20150803a.htm,2015-08-03,Structure and Liquidity in Treasury Markets,1,0,1,,False,16792
fischer20150829a,https://www.federalreserve.gov/newsevents/speech/fischer20150829a.htm,2015-08-29,U.S. Inflation Developments,3,17,20,-0.6666666666666666,True,16848
yellen20150924a,https://www.federalreserve.gov/newsevents/speech/yellen20150924a.htm,2015-09-24,Inflation Dynamics and Monetary Policy,14,50,64,-0.5538461538461539,True,69370
tarullo20150928a,https://www.federalreserve.gov/newsevents/speech/tarullo20150928a.htm,2015-09-28,Capital Regulation Across Financial Intermediaries,0,1,1,,False,33685
brainard20150930a,https://www.federalreserve.gov/newsevents/speech/brainard20150930a.htm,2015-09-30,"Community Banks, Small Business Credit, and Online Lending",0,0,0,,False,30745
yellen20150930a,https://www.federalreserve.gov/newsevents/speech/yellen20150930a.htm,2015-09-30,Welcoming Remarks,0,0,0,,False,7729
fischer20151002a,https://www.federalreserve.gov/newsevents/speech/fischer20151002a.htm,2015-10-02,Macroprudential Policy in the U.S. Economy,1,2,3,,False,32305
fischer20151011a,https://www.federalreserve.gov/newsevents/speech/fischer20151011a.htm,2015-10-11,U.S. Economy and Monetary Policy,2,8,10,-0.5454545454545454,True,7793
brainard20151012a,https://www.federalreserve.gov/newsevents/speech/brainard20151012a.htm,2015-10-12,Economic Outlook and Monetary Policy,9,22,31,-0.40625,True,26449
brainard20151019a,https://www.federalreserve.gov/newsevents/speech/brainard20151019a.htm,2015-10-19,Identifying Opportunities for Reducing Regulatory Burdens on Community Banks,0,0,0,,False,14279
powell20151020a,https://www.federalreserve.gov/newsevents/speech/powell20151020a.htm,2015-10-20,The Evolving Structure of U.S. Treasury Markets,0,0,0,,False,10933
yellen20151020a,https://www.federalreserve.gov/newsevents/speech/yellen20151020a.htm,2015-10-20,Brief Remarks,0,0,0,,False,5243
fischer20151104a,https://www.federalreserve.gov/newsevents/speech/fischer20151104a.htm,2015-11-04,Central Bank Independence,4,4,8,0.0,True,40672
tarullo20151105a,https://www.federalreserve.gov/newsevents/speech/tarullo20151105a.htm,2015-11-05,Shared Responsibility for the Regulation of International Banks,0,1,1,,False,39043
brainard20151106a,https://www.federalreserve.gov/newsevents/speech/brainard20151106a.htm,2015-11-06,Unconventional Monetary Policy and Cross-Border Spillovers,6,21,27,-0.5357142857142857,True,20309
fischer20151112a,https://www.federalreserve.gov/newsevents/speech/fischer20151112a.htm,2015-11-12,The Transmission of Exchange Rate Changes to Output and Inflation,2,11,13,-0.6428571428571429,True,17719
yellen20151112a,https://www.federalreserve.gov/newsevents/speech/yellen20151112a.htm,2015-11-12,Welcoming Remarks,0,1,1,,False,4188
powell20151117a,https://www.federalreserve.gov/newsevents/speech/powell20151117a.htm,2015-11-17,Central Clearing in an Interdependent World,0,0,0,,False,19910
tarullo20151117a,https://www.federalreserve.gov/newsevents/speech/tarullo20151117a.htm,2015-11-17,Thinking Critically about Nonbank Financial Intermediation,0,0,0,,False,28708
fischer20151119a,https://www.federalreserve.gov/newsevents/speech/fischer20151119a.htm,2015-11-19,Emerging Asia in Transition,0,3,3,,False,25129
powell20151120a,https://www.federalreserve.gov/newsevents/speech/powell20151120a.htm,2015-11-20,Opening Remarks,0,0,0,,False,6611
brainard20151201a,https://www.federalreserve.gov/newsevents/speech/brainard20151201a.htm,2015-12-01,Normalizing Monetary Policy When the Neutral Interest Rate Is Low,15,17,32,-0.06060606060606061,True,28072
tarullo20151202a,https://www.federalreserve.gov/newsevents/speech/tarullo20151202a.htm,2015-12-02,Opening Remarks,0,0,0,,False,5008
yellen20151202a,https://www.federalreserve.gov/newsevents/speech/yellen20151202a.htm,2015-12-02,The Economic Outlook and Monetary Policy,7,16,23,-0.375,True,33389
fischer20151203a,https://www.federalreserve.gov/newsevents/speech/fischer20151203a.htm,2015-12-03,Financial Stability and Shadow Banks: What We Don't Know Could Hurt Us,1,0,1,,False,26833
fischer20160103a,https://www.federalreserve.gov/newsevents/speech/fischer20160103a.htm,2016-01-03,"Monetary Policy, Financial Stability, and the Zero Lower Bound",5,10,15,-0.3125,True,31055
fischer20160201a,https://www.federalreserve.gov/newsevents/speech/fischer20160201a.htm,2016-02-01,Recent Monetary Policy,8,7,15,0.0625,True,10183
fischer20160210a,https://www.federalreserve.gov/newsevents/speech/fischer20160210a.htm,2016-02-10,The Lender of Last Resort Function in the United States,0,1,1,,False,21131
fischer20160223a,https://www.federalreserve.gov/newsevents/speech/fischer20160223a.htm,2016-02-23,Recent Monetary Policy Developments,8,12,20,-0.19047619047619047,True,11951
brainard20160226a,https://www.federalreserve.gov/newsevents/speech/brainard20160226a.htm,2016-02-26,What Happened to the Great Divergence?,8,12,20,-0.19047619047619047,True,24894
powell20160226a,https://www.federalreserve.gov/newsevents/speech/powell20160226a.htm,2016-02-26,"Discussion of the paper ""Language after Liftoff: Fed Communication Away from the Zero Lower Bound""",8,5,13,0.21428571428571427,True,20946
brainard20160307a,https://www.federalreserve.gov/newsevents/speech/brainard20160307a.htm,2016-03-07,"An Update on the Outlook, Liquidity, and Resilience",3,4,7,-0.125,True,29079
fischer20160307a,https://www.federalreserve.gov/newsevents/speech/fischer20160307a.htm,2016-03-07,Reflections on Macroeconomics Then and Now,2,14,16,-0.7058823529411765,True,41205
yellen20160329a,https://www.federalreserve.gov/newsevents/speech/yellen20160329a.htm,2016-03-29,"The Outlook, Uncertainty, and Monetary Policy",2,16,18,-0.7368421052631579,True,32771
brainard20160414a,https://www.federalreserve.gov/newsevents/speech/brainard20160414a.htm,2016-04-14,"The Use of Distributed Ledger Technologies in Payment, Clearing, and Settlement",0,0,0,,False,20730
fischer20160519,https://www.federalreserve.gov/newsevents/speech/fischer20160519.htm,2016-05-19,"(Money), Interest and Prices: Patinkin and Woodford",1,9,10,-0.7272727272727273,True,37673
tarullo20160520a,https://www.federalreserve.gov/newsevents/speech/tarullo20160520a.htm,2016-05-20,Insurance Companies and the Role of the Federal Reserve,0,0,0,,False,31739
powell20160526a,https://www.federalreserve.gov/newsevents/speech/powell20160526a.htm,2016-05-26,"Recent Economic Developments, the Productive Potential of the Economy, and Monetary Policy",5,26,31,-0.65625,True,25370
brainard20160603a,https://www.federalreserve.gov/newsevents/speech/brainard20160603a.htm,2016-06-03,The Economic Outlook and Implications for Monetary Policy,4,12,16,-0.47058823529411764,True,21554
yellen20160606a,https://www.federalreserve.gov/newsevents/speech/yellen20160606a.htm,2016-06-06,Current Conditions and the Outlook for the U.S. Economy,1,30,31,-0.90625,True,34211
powell20160621a,https://www.federalreserve.gov/newsevents/speech/powell20160621a.htm,2016-06-21,Introductory Comments,0,0,0,,False,5348
fischer20160622a,https://www.federalreserve.gov/newsevents/speech/fischer20160622a.htm,2016-06-22,Comments on the Resolution Framework for Banks and Bank Holding Companies in the United States,0,0,0,,False,13950
powell20160628a,https://www.federalreserve.gov/newsevents/speech/powell20160628a.htm,2016-06-28,"Recent Economic Developments, Monetary Policy Considerations and Longer-term Prospects",5,17,22,-0.5217391304347826,True,26548
tarullo20160712a,https://www.federalreserve.gov/newsevents/speech/tarullo20160712a.htm,2016-07-12,Opening Remarks,0,0,0,,False,15574
fischer20160821a,https://www.federalreserve.gov/newsevents/speech/fischer20160821a.htm,2016-08-21,Remarks on the U.S. Economy,1,7,8,-0.6666666666666666,True,14660
yellen20160826a,https://www.federalreserve.gov/newsevents/speech/yellen20160826a.htm,2016-08-26,"The Federal Reserve's Monetary Policy Toolkit: Past, Present, and Future",8,26,34,-0.5142857142857142,True,41919
brainard20160912a,https://www.federalreserve.gov/newsevents/speech/brainard20160912a.htm,2016-09-12,"The ""New Normal"" and What It Means for Monetary Policy",4,26,30,-0.7096774193548387,True,28764
tarullo20160926a,https://www.federalreserve.gov/newsevents/speech/tarullo20160926a.htm,2016-09-26,Next Steps in the Evolution of Stress Testing,1,3,4,,False,52136
fischer20160927a,https://www.federalreserve.gov/newsevents/speech/fischer20160927a.htm,2016-09-27,Why Study Economics?,0,1,1,,False,11691
powell20160929a,https://www.federalreserve.gov/newsevents/speech/powell20160929a.htm,2016-09-29,Trends in Community Bank Performance over the Past 20 Years,0,1,1,,False,22505
yellen20160929a,https://www.federalreserve.gov/newsevents/speech/yellen20160929a.htm,2016-09-29,Brief Remarks,0,0,0,,False,5314
fischer20161005a,https://www.federalreserve.gov/newsevents/speech/fischer20161005a.htm,2016-10-05,Low Interest Rates,0,5,5,-0.8333333333333334,True,23049
brainard20161007a,https://www.federalreserve.gov/newsevents/speech/brainard20161007a.htm,2016-10-07,"Distributed Ledger Technology: Implications for Payments, Clearing, and Settlement",0,0,0,,False,17203
fischer20161009a,https://www.federalreserve.gov/newsevents/speech/fischer20161009a.htm,2016-10-09,The U.S. Economy and Monetary Policy,0,7,7,-0.875,True,9379
yellen20161014a,https://www.federalreserve.gov/newsevents/speech/yellen20161014a.htm,2016-10-14,Macroeconomic Research After the Crisis,1,14,15,-0.8125,True,43098
fischer20161017a,https://www.federalreserve.gov/newsevents/speech/fischer20161017a.htm,2016-10-17,Why Are Interest Rates So Low? Causes and Implications,1,8,9,-0.7,True,36470
tarullo20161021a,https://www.federalreserve.gov/newsevents/speech/tarullo20161021a.htm,2016-10-21,Pedagogy and Scholarship in a Post-Crisis World,0,1,1,,False,32745
powell20161024,https://www.federalreserve.gov/newsevents/speech/powell20161024.htm,2016-10-24,Opening Remarks on Government Securities Settlement,0,0,0,,False,6115
fischer20161104a,https://www.federalreserve.gov/newsevents/speech/fischer20161104a.htm,2016-11-04,The Economic Outlook,0,7,7,-0.875,True,5182
fischer20161111a,https://www.federalreserve.gov/newsevents/speech/fischer20161111a.htm,2016-11-11,U.S. Monetary Policy from an International Perspective,27,28,55,-0.017857142857142856,True,25867
fischer20161115a,https://www.federalreserve.gov/newsevents/speech/fischer20161115a.htm,2016-11-15,Is There a Liquidity Problem Post-Crisis?,0,0,0,,False,22654
brainard20161117a,https://www.federalreserve.gov/newsevents/speech/brainard20161117a.htm,2016-11-17,"The ""Gig"" Economy: Implications of the Growth of Contingent Work",1,11,12,-0.7692307692307693,True,29985
powell20161118a,https://www.federalreserve.gov/newsevents/speech/powell20161118a.htm,2016-11-18,The Global Trade Slowdown and Its Implications for Emerging Asia,2,3,5,-0.16666666666666666,True,29026
fischer20161121a,https://www.federalreserve.gov/newsevents/speech/fischer20161121a.htm,2016-11-21,Longer-Term Challenges for the U.S. Economy,1,2,3,,False,7718
powell20161129a,https://www.federalreserve.gov/newsevents/speech/powell20161129a.htm,2016-11-29,Recent Economic Developments and Longer-Run Challenges,2,11,13,-0.6428571428571429,True,22104
powell20161130a,https://www.federalreserve.gov/newsevents/speech/powell20161130a.htm,2016-11-30,A View from the Fed,2,14,16,-0.7058823529411765,True,30298
brainard20161202a,https://www.federalreserve.gov/newsevents/speech/brainard20161202a.htm,2016-12-02,The Opportunities and Challenges of Fintech,1,1,2,,False,23052
tarullo20161202a,https://www.federalreserve.gov/newsevents/speech/tarullo20161202a.htm,2016-12-02,Financial Regulation Since the Crisis,0,2,2,,False,43427
yellen20161219a,https://www.federalreserve.gov/newsevents/speech/yellen20161219a.htm,2016-12-19,Commencement Remarks,0,1,1,,False,13475
powell20170107a,https://www.federalreserve.gov/newsevents/speech/powell20170107a.htm,2017-01-07,Low Interest Rates and the Financial System,3,6,9,-0.3,True,17829
yellen20170112a,https://www.federalreserve.gov/newsevents/speech/yellen20170112a.htm,2017-01-12,Welcoming Remarks,0,1,1,,False,7279
brainard20170117a,https://www.federalreserve.gov/newsevents/speech/brainard20170117a.htm,2017-01-17,Monetary Policy in a Time of Uncertainty,3,17,20,-0.6666666666666666,True,24494
yellen20170118a,https://www.federalreserve.gov/newsevents/speech/yellen20170118a.htm,2017-01-18,The Goals of Monetary Policy and How We Pursue Them,2,15,17,-0.7222222222222222,True,18459
yellen20170119a,https://www.federalreserve.gov/newsevents/speech/yellen20170119a.htm,2017-01-19,The Economic Outlook and the Conduct of Monetary Policy,8,39,47,-0.6458333333333334,True,42037
fischer20170211a,https://www.federalreserve.gov/newsevents/speech/fischer20170211a.htm,2017-02-11,"""I'd Rather Have Bob Solow Than an Econometric Model, But ...""",5,14,19,-0.45,True,29869
powell20170222a,https://www.federalreserve.gov/newsevents/speech/powell20170222a.htm,2017-02-22,The Economic Outlook and Monetary Policy,4,26,30,-0.7096774193548387,True,33538
brainard20170301a,https://www.federalreserve.gov/newsevents/speech/brainard20170301a.htm,2017-03-01,Transitions in the Outlook and Monetary Policy,10,15,25,-0.19230769230769232,True,25244
fischer20170303a,https://www.federalreserve.gov/newsevents/speech/fischer20170303a.htm,2017-03-03,"Monetary Policy: By Rule, By Committee, or By Both?",0,0,0,,False,18779
powell20170303a,https://www.federalreserve.gov/newsevents/speech/powell20170303a.htm,2017-03-03,"Innovation, Technology, and the Payments System",0,0,0,,False,20269
yellen20170303a,https://www.federalreserve.gov/newsevents/speech/yellen20170303a.htm,2017-03-03,From Adding Accommodation to Scaling It Back,5,35,40,-0.7317073170731707,True,29434
yellen20170323a,https://www.federalreserve.gov/newsevents/speech/yellen20170323a.htm,2017-03-23,Welcoming Remarks,0,0,0,,False,9855
powell20170328a,https://www.federalreserve.gov/newsevents/speech/powell20170328a.htm,2017-03-28,America's Central Bank: The History and Structure of the Federal Reserve,0,2,2,,False,31359
yellen20170328a,https://www.federalreserve.gov/newsevents/speech/yellen20170328a.htm,2017-03-28,Addressing Workforce Development Challenges in Low-Income Communities,1,11,12,-0.7692307692307693,True,26977
tarullo20170404a,https://www.federalreserve.gov/newsevents/speech/tarullo20170404a.htm,2017-04-04,Departing Thoughts,0,0,0,,False,55424
powell20170405a,https://www.federalreserve.gov/newsevents/speech/powell20170405a.htm,2017-04-05,Welcoming Remarks,0,1,1,,False,5248
fischer20170417a,https://www.federalreserve.gov/newsevents/speech/fischer20170417a.htm,2017-04-17,Monetary Policy Expectations and Surprises,21,3,24,0.72,True,24090
fischer20170419a,https://www.federalreserve.gov/newsevents/speech/fischer20170419a.htm,2017-04-19,International Effects of Recent Policy Tightening,15,10,25,0.19230769230769232,True,9894
powell20170420a,https://www.federalreserve.gov/newsevents/speech/powell20170420a.htm,2017-04-20,Brief Remarks,0,1,1,,False,9097
brainard20170428a,https://www.federalreserve.gov/newsevents/speech/brainard20170428a.htm,2017-04-28,Where Do Banks Fit in the Fintech Stack?,0,4,4,,False,43896
fischer20170505a,https://www.federalreserve.gov/newsevents/speech/fischer20170505a.htm,2017-05-05,Committee Decisions and Monetary Policy Rules,1,2,3,,False,29696
yellen20170505a,https://www.federalreserve.gov/newsevents/speech/yellen20170505a.htm,2017-05-05,So We All Can Succeed: 125 Years of Women's Participation in the Economy,0,2,2,,False,44067
brainard20170522a,https://www.federalreserve.gov/newsevents/speech/brainard20170522a.htm,2017-05-22,Why Opportunity and Inclusion Matter to Americaâs Economic Strength,1,18,19,-0.85,True,42884
brainard20170530a,https://www.federalreserve.gov/newsevents/speech/brainard20170530a.htm,2017-05-30,Navigating the Different Signals from Inflation and Unemployment,12,33,45,-0.45652173913043476,True,27268
powell20170601a,https://www.federalreserve.gov/newsevents/speech/powell20170601a.htm,2017-06-01,Thoughts on the Normalization of Monetary Policy,25,17,42,0.18604651162790697,True,26900
fischer20170620a,https://www.federalreserve.gov/newsevents/speech/fischer20170620a.htm,2017-06-20,Housing and Financial Stability,4,0,4,,False,25998
powell20170623a,https://www.federalreserve.gov/newsevents/speech/powell20170623a.htm,2017-06-23,Central Clearing and Liquidity,0,0,0,,False,27866
powell20170626a,https://www.federalreserve.gov/newsevents/speech/powell20170626a.htm,2017-06-26,Remarks,1,0,1,,False,6173
fischer20170627a,https://www.federalreserve.gov/newsevents/speech/fischer20170627a.htm,2017-06-27,An Assessment of Financial Stability in the United States,2,0,2,,False,18173
fischer20170706a,https://www.federalreserve.gov/newsevents/speech/fischer20170706a.htm,2017-07-06,Government Policy and Labor Productivity,0,1,1,,False,20924
powell20170706a,https://www.federalreserve.gov/newsevents/speech/powell20170706a.htm,2017-07-06,The Case for Housing Finance Reform,0,0,0,,False,22963
brainard20170711a,https://www.federalreserve.gov/newsevents/speech/brainard20170711a.htm,2017-07-11,Cross-Border Spillovers of Balance Sheet Normalization,53,11,64,0.6461538461538462,True,31476
brainard20170713a,https://www.federalreserve.gov/newsevents/speech/brainard20170713a.htm,2017-07-13,Cross-Border Spillovers of Balance Sheet Normalization,53,11,64,0.6461538461538462,True,31373
brainard20170728a,https://www.federalreserve.gov/newsevents/speech/brainard20170728a.htm,2017-07-28,Strengthening Diversity in Economics,0,0,0,,False,12169
fischer20170731a,https://www.federalreserve.gov/newsevents/speech/fischer20170731a.htm,2017-07-31,The Low Level of Global Real Interest Rates,1,4,5,-0.5,True,25780
yellen20170825a,https://www.federalreserve.gov/newsevents/speech/yellen20170825a.htm,2017-08-25,Financial Stability a Decade after the Onset of the Crisis,1,2,3,,False,45873
powell20170830a,https://www.federalreserve.gov/newsevents/speech/powell20170830a.htm,2017-08-30,The Role of Boards at Large Financial Firms,0,0,0,,False,12444
brainard20170905a,https://www.federalreserve.gov/newsevents/speech/brainard20170905a.htm,2017-09-05,Understanding the Disconnect between Employment and Inflation with a Low Neutral Rate,14,20,34,-0.17142857142857143,True,24909
brainard20170926a,https://www.federalreserve.gov/newsevents/speech/brainard20170926a.htm,2017-09-26,Why Persistent Employment Disparities Matter for the Economy's Health,1,16,17,-0.8333333333333334,True,39057
yellen20170926a,https://www.federalreserve.gov/newsevents/speech/yellen20170926a.htm,2017-09-26,"Inflation, Uncertainty, and Monetary Policy",5,50,55,-0.8035714285714286,True,56579
brainard20170927a,https://www.federalreserve.gov/newsevents/speech/brainard20170927a.htm,2017-09-27,Labor Market Disparities and Economic Performance,1,12,13,-0.7857142857142857,True,22542
yellen20171004a,https://www.federalreserve.gov/newsevents/speech/yellen20171004a.htm,2017-10-04,Welcoming Remarks,0,0,0,,False,4067
powell20171005a,https://www.federalreserve.gov/newsevents/speech/powell20171005a.htm,2017-10-05,Treasury Markets and the TMPG,0,0,0,,False,8955
fischer20170928a,https://www.federalreserve.gov/newsevents/speech/fischer20170928a.htm,2017-10-11,The Independent Bank of England--20 Years On,5,3,8,0.2222222222222222,True,38702
brainard20171012a,https://www.federalreserve.gov/newsevents/speech/brainard20171012a.htm,2017-10-12,Rethinking Monetary Policy in a New Normal,19,9,28,0.3448275862068966,True,26044
powell20171012a,https://www.federalreserve.gov/newsevents/speech/powell20171012a.htm,2017-10-12,Prospects for Emerging Market Economies in a Normalizing Global Economy,14,3,17,0.6111111111111112,True,26763
yellen20171015a,https://www.federalreserve.gov/newsevents/speech/yellen20171015a.htm,2017-10-15,The U.S. Economy and Monetary Policy,8,5,13,0.21428571428571427,True,11325
powell20171018a,https://www.federalreserve.gov/newsevents/speech/powell20171018a.htm,2017-10-18,Financial Innovation: A World in Transition,0,2,2,,False,20162
yellen20171020a,https://www.federalreserve.gov/newsevents/speech/yellen20171020a.htm,2017-10-20,A Challenging Decade and a Question for the Future,20,25,45,-0.10869565217391304,True,28278
powell20171102a,https://www.federalreserve.gov/newsevents/speech/powell20171102a.htm,2017-11-02,Introductory Remarks,0,0,0,,False,11588
yellen20171107a,https://www.federalreserve.gov/newsevents/speech/yellen20171107a.htm,2017-11-07,Remarks accepting the 2017 Paul H. Douglas Award for Ethics in Government,0,1,1,,False,5557
brainard20171115a,https://www.federalreserve.gov/newsevents/speech/brainard20171115a.htm,2017-11-15,Regional Food Systems and Community Development,0,0,0,,False,11048
brainard20171116a,https://www.federalreserve.gov/newsevents/speech/brainard20171116a.htm,2017-11-16,Where Do Consumers Fit in the Fintech Stack?,0,1,1,,False,44212
quarles20171130a,https://www.federalreserve.gov/newsevents/speech/quarles20171130a.htm,2017-11-30,Thoughts on Prudent Innovation in the Payment System,1,1,2,,False,20440
brainard20171213a,https://www.federalreserve.gov/newsevents/speech/brainard20171213a.htm,2017-12-13,Workforce Development in Today's Economy,1,3,4,,False,9516
quarles20180119a,https://www.federalreserve.gov/newsevents/speech/quarles20180119a.htm,2018-01-19,Early Observations on Improving the Effectiveness of Post-Crisis Regulation,0,0,0,,False,17665
powell20180213a,https://www.federalreserve.gov/newsevents/speech/powell20180213a.htm,2018-02-13,Remarks at the Ceremonial Swearing-in,0,1,1,,False,4756
quarles20180222a,https://www.federalreserve.gov/newsevents/speech/quarles20180222a.htm,2018-02-22,The U.S. Economy after the Global Financial Crisis,2,6,8,-0.4444444444444444,True,7750
quarles20180226a,https://www.federalreserve.gov/newsevents/speech/quarles20180226a.htm,2018-02-26,An Assessment of the U.S. Economy,2,11,13,-0.6428571428571429,True,24523
quarles20180226b,https://www.federalreserve.gov/newsevents/speech/quarles20180226b.htm,2018-02-26,Brief Thoughts on the Financial Regulatory System and Cybersecurity,0,0,0,,False,5514
quarles20180305a,https://www.federalreserve.gov/newsevents/speech/quarles20180305a.htm,2018-03-05,The Federal Reserveâs Regulatory Agenda for Foreign Banking Organizations: What Lies Ahead for Enhanced Prudential Standards and the Volcker Rule,0,0,0,,False,22052
brainard20180306a,https://www.federalreserve.gov/newsevents/speech/brainard20180306a.htm,2018-03-06,Navigating Monetary Policy as Headwinds Shift to Tailwinds,9,12,21,-0.13636363636363635,True,14196
quarles20180326a,https://www.federalreserve.gov/newsevents/speech/quarles20180326a.htm,2018-03-26,The Roles of Consumer Protection and Small Business Access to Credit in Financial Inclusion,0,2,2,,False,26224
brainard20180403a,https://www.federalreserve.gov/newsevents/speech/brainard20180403a.htm,2018-04-03,An Update on the Federal Reserve's Financial Stability Agenda,2,8,10,-0.5454545454545454,True,26419
powell20180406a,https://www.federalreserve.gov/newsevents/speech/powell20180406a.htm,2018-04-06,The Outlook for the U.S. Economy,3,33,36,-0.8108108108108109,True,25585
brainard20180417a,https://www.federalreserve.gov/newsevents/speech/brainard20180417a.htm,2018-04-17,Community Development in Baltimore and A Few Observations on Community Reinvestment Act Modernization,0,0,0,,False,11424
brainard20180419a,https://www.federalreserve.gov/newsevents/speech/brainard20180419a.htm,2018-04-19,Safeguarding Financial Resilience through the Cycle,3,4,7,-0.125,True,17328
quarles20180504a,https://www.federalreserve.gov/newsevents/speech/quarles20180504a.htm,2018-05-04,Liquidity Regulation and the Size of the Fed's Balance Sheet,7,2,9,0.5,True,30005
powell20180508a,https://www.federalreserve.gov/newsevents/speech/powell20180508a.htm,2018-05-08,Monetary Policy Influences on Global Financial Conditions and International Capital Flows,6,7,13,-0.07142857142857142,True,15621
brainard20180515a,https://www.federalreserve.gov/newsevents/speech/brainard20180515a.htm,2018-05-15,"Cryptocurrencies, Digital Currencies, and Distributed Ledger Technologies: What Are We Learning?",1,1,2,,False,24167
quarles20180516a,https://www.federalreserve.gov/newsevents/speech/quarles20180516a.htm,2018-05-16,Trust Everyone--But Brand Your Cattle: Finding the Right Balance in Cross-Border Resolution,0,0,0,,False,18728
brainard20180518a,https://www.federalreserve.gov/newsevents/speech/brainard20180518a.htm,2018-05-18,Keeping Community at the Heart of the Community Reinvestment Act,1,2,3,,False,27112
powell20180525a,https://www.federalreserve.gov/newsevents/speech/powell20180525a.htm,2018-05-25,Financial Stability and Central Bank Transparency,0,0,0,,False,13652
brainard20180531a,https://www.federalreserve.gov/newsevents/speech/brainard20180531a.htm,2018-05-31,Sustaining Full Employment and Inflation around Target,10,23,33,-0.38235294117647056,True,23077
powell20180620a,https://www.federalreserve.gov/newsevents/speech/powell20180620a.htm,2018-06-20,Monetary Policy at a Time of Uncertainty and Tight Labor Markets,3,25,28,-0.7586206896551724,True,12587
quarles20180627a,https://www.federalreserve.gov/newsevents/speech/quarles20180627a.htm,2018-06-27,America's Vital Interest in Global Efforts to Promote Financial Stability,0,1,1,,False,19773
quarles20180718a,https://www.federalreserve.gov/newsevents/speech/quarles20180718a.htm,2018-07-18,Getting It Right: Factors for Tailoring Supervision and Regulation of Large Financial Institutions,0,0,0,,False,18322
quarles20180719a,https://www.federalreserve.gov/newsevents/speech/quarles20180719a.htm,2018-07-19,Introductory Remarks,1,0,1,,False,10976
powell20180824a,https://www.federalreserve.gov/newsevents/speech/powell20180824a.htm,2018-08-24,Monetary Policy in a Changing Economy,16,41,57,-0.43103448275862066,True,32521
brainard20180912a,https://www.federalreserve.gov/newsevents/speech/brainard20180912a.htm,2018-09-12,What Do We Mean by Neutral and What Role Does It Play in Monetary Policy?,4,21,25,-0.6538461538461539,True,26115
powell20180927a,https://www.federalreserve.gov/newsevents/speech/powell20180927a.htm,2018-09-27,Brief Remarks on the U.S. Economy,0,1,1,,False,3098
powell20181002a,https://www.federalreserve.gov/newsevents/speech/powell20181002a.htm,2018-10-02,Monetary Policy and Risk Management at a Time of Low Inflation and Low Unemployment,6,67,73,-0.8243243243243243,True,28691
brainard20181003a,https://www.federalreserve.gov/newsevents/speech/brainard20181003a.htm,2018-10-03,Supporting Fast Payments for All,0,0,0,,False,17680
quarles20181004a,https://www.federalreserve.gov/newsevents/speech/quarles20181004a.htm,2018-10-04,Trends in Urban and Rural Community Banks,0,0,0,,False,23297
brainard20181015a,https://www.federalreserve.gov/newsevents/speech/brainard20181015a.htm,2018-10-15,Community Investment in Denver,0,0,0,,False,7767
brainard20181017a,https://www.federalreserve.gov/newsevents/speech/brainard20181017a.htm,2018-10-17,FinTech and the Search for Full Stack Financial Inclusion,0,1,1,,False,35699
quarles20181018a,https://www.federalreserve.gov/newsevents/speech/quarles20181018a.htm,2018-10-18,Donât Chase the Needles: An Optimistic Assessment of the Economic Outlook and Monetary Policy,3,13,16,-0.5882352941176471,True,17129
clarida20181025a,https://www.federalreserve.gov/newsevents/speech/clarida20181025a.htm,2018-10-25,Outlook for the U.S. Economy and Monetary Policy,3,18,21,-0.6818181818181818,True,16338
quarles20181109a,https://www.federalreserve.gov/newsevents/speech/quarles20181109a.htm,2018-11-09,A New Chapter in Stress Testing,1,1,2,,False,21929
brainard20181113a,https://www.federalreserve.gov/newsevents/speech/brainard20181113a.htm,2018-11-13,What Are We Learning about Artificial Intelligence in Financial Services?,1,0,1,,False,28320
quarles20181116a,https://www.federalreserve.gov/newsevents/speech/quarles20181116a.htm,2018-11-16,Beginning Stress Testingâs New Chapter,1,0,1,,False,10754
clarida20181127a,https://www.federalreserve.gov/newsevents/speech/clarida20181127a.htm,2018-11-27,Data Dependence and U.S. Monetary Policy,1,7,8,-0.6666666666666666,True,15459
powell20181128a,https://www.federalreserve.gov/newsevents/speech/powell20181128a.htm,2018-11-28,The Federal Reserve's Framework for Monitoring Financial Stability,3,3,6,0.0,True,26692
brainard20181203a,https://www.federalreserve.gov/newsevents/speech/brainard20181203a.htm,2018-12-03,The Structure of the Treasury Market: What Are We Learning?,3,0,3,,False,28435
brainard20181203b,https://www.federalreserve.gov/newsevents/speech/brainard20181203b.htm,2018-12-03,Celebrating Excellence in Community Development,0,3,3,,False,9404
powell20181203a,https://www.federalreserve.gov/newsevents/speech/powell20181203a.htm,2018-12-03,Celebrating Excellence in Community Development,0,2,2,,False,6913
quarles20181205a,https://www.federalreserve.gov/newsevents/speech/quarles20181205a.htm,2018-12-05,Banks as Vital Infrastructure for Rural Communities of the West,0,1,1,,False,22505
powell20181206a,https://www.federalreserve.gov/newsevents/speech/powell20181206a.htm,2018-12-06,Welcoming Remarks,0,3,3,,False,9179
brainard20181207a,https://www.federalreserve.gov/newsevents/speech/brainard20181207a.htm,2018-12-07,Assessing Financial Stability over the Cycle,7,7,14,0.0,True,27867
quarles20190109a,https://www.federalreserve.gov/newsevents/speech/quarles20190109a.htm,2019-01-09,Insurance Supervision and International Engagement,0,0,0,,False,20844
clarida20190110a,https://www.federalreserve.gov/newsevents/speech/clarida20190110a.htm,2019-01-10,Monetary Policy Outlook for 2019,8,10,18,-0.10526315789473684,True,18825
brainard20190201a,https://www.federalreserve.gov/newsevents/speech/brainard20190201a.htm,2019-02-01,Strengthening the Community Reinvestment Act: What Are We Learning?,0,0,0,,False,9672
powell20190206a,https://www.federalreserve.gov/newsevents/speech/powell20190206a.htm,2019-02-06,Welcoming Remarks,0,0,0,,False,5887
quarles20190206a,https://www.federalreserve.gov/newsevents/speech/quarles20190206a.htm,2019-02-06,Inviting Participation: The Public's Role in Stress Testing's Next Chapter,0,0,0,,False,11080
quarles20190210a,https://www.federalreserve.gov/newsevents/speech/quarles20190210a.htm,2019-02-10,Ideas of Order: Charting a Course for the Financial Stability Board,0,2,2,,False,16044
bowman20190211a,https://www.federalreserve.gov/newsevents/speech/bowman20190211a.htm,2019-02-11,A Conversation on Community Banking,1,0,1,,False,12161
powell20190212a,https://www.federalreserve.gov/newsevents/speech/powell20190212a.htm,2019-02-12,Encouraging Economic Development in High-Poverty Rural Communities,0,2,2,,False,20665
clarida20190222a,https://www.federalreserve.gov/newsevents/speech/clarida20190222a.htm,2019-02-22,"The Federal Reserve's Review of Its Monetary Policy Strategy, Tools, and Communication Practices",2,11,13,-0.6428571428571429,True,36606
quarles20190222a,https://www.federalreserve.gov/newsevents/speech/quarles20190222a.htm,2019-02-22,The Future of the Federal Reserve's Balance Sheet,8,0,8,0.8888888888888888,True,10904
brainard20190223a,https://www.federalreserve.gov/newsevents/speech/brainard20190223a.htm,2019-02-23,Is Economics for Me? Increasing the Participation of Black Women in Economics,0,0,0,,False,9288
clarida20190228a,https://www.federalreserve.gov/newsevents/speech/clarida20190228a.htm,2019-02-28,U.S. Economic Outlook and Monetary Policy,2,3,5,-0.16666666666666666,True,6758
powell20190228b,https://www.federalreserve.gov/newsevents/speech/powell20190228b.htm,2019-02-28,Recent Economic Developments and Longer-Term Challenges,1,6,7,-0.625,True,18498
brainard20190307a,https://www.federalreserve.gov/newsevents/speech/brainard20190307a.htm,2019-03-07,Navigating Cautiously,13,11,24,0.08,True,27653
powell20190308a,https://www.federalreserve.gov/newsevents/speech/powell20190308a.htm,2019-03-08,Monetary Policy: Normalization and the Road Ahead,18,11,29,0.23333333333333334,True,28103
powell20190311a,https://www.federalreserve.gov/newsevents/speech/powell20190311a.htm,2019-03-11,Brief Remarks,0,0,0,,False,4259
brainard20190312a,https://www.federalreserve.gov/newsevents/speech/brainard20190312a.htm,2019-03-12,The Community Reinvestment Act: How Can We Preserve What Works and Make it Better?,0,2,2,,False,25534
bowman20190325a,https://www.federalreserve.gov/newsevents/speech/bowman20190325a.htm,2019-03-25,Welcoming Remarks,0,1,1,,False,10060
bowman20190328a,https://www.federalreserve.gov/newsevents/speech/bowman20190328a.htm,2019-03-28,Agriculture and Community Banking,0,1,1,,False,16639
clarida20190328a,https://www.federalreserve.gov/newsevents/speech/clarida20190328a.htm,2019-03-28,Global Shocks and the U.S. Economy,1,7,8,-0.6666666666666666,True,14295
quarles20190328a,https://www.federalreserve.gov/newsevents/speech/quarles20190328a.htm,2019-03-28,The Financial Stability Board in 2019,1,4,5,-0.5,True,23396
quarles20190329a,https://www.federalreserve.gov/newsevents/speech/quarles20190329a.htm,2019-03-29,Frameworks for the Countercyclical Capital Buffer,1,7,8,-0.6666666666666666,True,25341
bowman20190402a,https://www.federalreserve.gov/newsevents/speech/bowman20190402a.htm,2019-04-02,Fostering Closer Supervisory Communication,0,1,1,,False,14505
quarles20190402a,https://www.federalreserve.gov/newsevents/speech/quarles20190402a.htm,2019-04-02,The Financial Stability Board: Beyond the Fog of Battle,3,1,4,,False,12985
clarida20190409a,https://www.federalreserve.gov/newsevents/speech/clarida20190409a.htm,2019-04-09,"The Federal Reserve's Review of Its Monetary Policy Strategy, Tools, and Communication Practices",3,22,25,-0.7307692307692307,True,39690
quarles20190410a,https://www.federalreserve.gov/newsevents/speech/quarles20190410a.htm,2019-04-10,Progress on the Transition to Risk-Free Rates,0,0,0,,False,4802
bowman20190411a,https://www.federalreserve.gov/newsevents/speech/bowman20190411a.htm,2019-04-11,Community Banking in the Age of Innovation,0,0,0,,False,19724
clarida20190411a,https://www.federalreserve.gov/newsevents/speech/clarida20190411a.htm,2019-04-11,U.S. Economic Outlook and Monetary Policy,2,3,5,-0.16666666666666666,True,5932
clarida20190503a,https://www.federalreserve.gov/newsevents/speech/clarida20190503a.htm,2019-05-03,"Models, Markets, and Monetary Policy",1,10,11,-0.75,True,34124
brainard20190508a,https://www.federalreserve.gov/newsevents/speech/brainard20190508a.htm,2019-05-08,"""Fed Listens"" in Richmond: How Does Monetary Policy Affect Your Community?",2,9,11,-0.5833333333333334,True,10978
powell20190509a,https://www.federalreserve.gov/newsevents/speech/powell20190509a.htm,2019-05-09,Welcoming Remarks,0,0,0,,False,5260
brainard20190510a,https://www.federalreserve.gov/newsevents/speech/brainard20190510a.htm,2019-05-10,Is the Middle Class within Reach for Middle-Income Families?,0,6,6,-0.8571428571428571,True,45005
clarida20190513a,https://www.federalreserve.gov/newsevents/speech/clarida20190513a.htm,2019-05-13,"The Federal Reserveâs Review of Its Monetary Policy Strategy, Tools, and Communication Practices",1,2,3,,False,13421
brainard20190516a,https://www.federalreserve.gov/newsevents/speech/brainard20190516a.htm,2019-05-16,The Disconnect between Inflation and Employment in the New Normal,8,23,31,-0.46875,True,24951
clarida20190517a,https://www.federalreserve.gov/newsevents/speech/clarida20190517a.htm,2019-05-17,"The Federal Reserveâs Review of Its Monetary Policy Strategy, Tools, and Communication Practices",0,1,1,,False,4274
clarida20190520a,https://www.federalreserve.gov/newsevents/speech/clarida20190520a.htm,2019-05-20,"The Federal Reserve's Review of Its Monetary Policy Strategy, Tools, and Communication Practices",2,13,15,-0.6875,True,18272
powell20190520a,https://www.federalreserve.gov/newsevents/speech/powell20190520a.htm,2019-05-20,Business Debt and Our Dynamic Financial System,0,5,5,-0.8333333333333334,True,22365
clarida20190530a,https://www.federalreserve.gov/newsevents/speech/clarida20190530a.htm,2019-05-30,Sustaining Maximum Employment and Price Stability,10,15,25,-0.19230769230769232,True,30357
quarles20190530a,https://www.federalreserve.gov/newsevents/speech/quarles20190530a.htm,2019-05-30,Monetary Policy and Financial Stability,2,9,11,-0.5833333333333334,True,15373
quarles20190603a,https://www.federalreserve.gov/newsevents/speech/quarles20190603a.htm,2019-06-03,The Next Stage in the LIBOR Transition (via prerecorded video),0,0,0,,False,8896
powell20190604a,https://www.federalreserve.gov/newsevents/speech/powell20190604a.htm,2019-06-04,Opening Remarks,1,16,17,-0.8333333333333334,True,21379
clarida20190605a,https://www.federalreserve.gov/newsevents/speech/clarida20190605a.htm,2019-06-05,"The Federal Reserve's Review of Its Monetary Policy Strategy, Tools, and Communication Practices",0,6,6,-0.8571428571428571,True,6805
brainard20190621a,https://www.federalreserve.gov/newsevents/speech/brainard20190621a.htm,2019-06-21,Fed Listens in Cincinnati: How Does Monetary Policy Affect Your Community?,2,10,12,-0.6153846153846154,True,12718
bowman20190625a,https://www.federalreserve.gov/newsevents/speech/bowman20190625a.htm,2019-06-25,Minority Depository Institutions,0,1,1,,False,7142
powell20190625a,https://www.federalreserve.gov/newsevents/speech/powell20190625a.htm,2019-06-25,Economic Outlook and Monetary Policy Review,0,7,7,-0.875,True,8925
clarida20190701a,https://www.federalreserve.gov/newsevents/speech/clarida20190701a.htm,2019-07-01,"The Federal Reserve's Review of Its Monetary Policy Strategy, Tools, and Communication Practices",3,23,26,-0.7407407407407407,True,42470
powell20190709a,https://www.federalreserve.gov/newsevents/speech/powell20190709a.htm,2019-07-09,Welcoming Remarks (via prerecorded video),0,1,1,,False,4769
quarles20190709a,https://www.federalreserve.gov/newsevents/speech/quarles20190709a.htm,2019-07-09,Stress Testing: A Decade of Continuity and Change,1,0,1,,False,21752
brainard20190711a,https://www.federalreserve.gov/newsevents/speech/brainard20190711a.htm,2019-07-11,Perspectives on the Economy from Scranton,1,5,6,-0.5714285714285714,True,6156
powell20190716a,https://www.federalreserve.gov/newsevents/speech/powell20190716a.htm,2019-07-16,Monetary Policy in the Post-Crisis Era,0,7,7,-0.875,True,15480
brainard20190805a,https://www.federalreserve.gov/newsevents/speech/brainard20190805a.htm,2019-08-05,Delivering Fast Payments for All,0,0,0,,False,18103
quarles20190820a,https://www.federalreserve.gov/newsevents/speech/quarles20190820a.htm,2019-08-20,A Decade of Building Stronger Communities,0,0,0,,False,7838
powell20190823a,https://www.federalreserve.gov/newsevents/speech/powell20190823a.htm,2019-08-23,Challenges for Monetary Policy,4,15,19,-0.55,True,25820
bowman20190904a,https://www.federalreserve.gov/newsevents/speech/bowman20190904a.htm,2019-09-04,Introductory Remarks,0,0,0,,False,5386
quarles20190905a,https://www.federalreserve.gov/newsevents/speech/quarles20190905a.htm,2019-09-05,Refining the Stress Capital Buffer,0,1,1,,False,20500
clarida20190926a,https://www.federalreserve.gov/newsevents/speech/clarida20190926a.htm,2019-09-26,"The Federal Reserveâs Review of Its Monetary Policy Strategy, Tools, and Communication Practices",5,19,24,-0.56,True,37840
quarles20190926a,https://www.federalreserve.gov/newsevents/speech/quarles20190926a.htm,2019-09-26,Government of Union: Achieving Certainty in Cross-Border Finance,0,0,0,,False,13659
quarles20190927a,https://www.federalreserve.gov/newsevents/speech/quarles20190927a.htm,2019-09-27,Law and Macroeconomics: The Global Evolution of Macroprudential Regulation,1,7,8,-0.6666666666666666,True,23061
bowman20191001a,https://www.federalreserve.gov/newsevents/speech/bowman20191001a.htm,2019-10-01,Advancing Our Understanding of Community Banking,0,0,0,,False,23737
clarida20191001a,https://www.federalreserve.gov/newsevents/speech/clarida20191001a.htm,2019-10-01,Introductory Remarks,0,0,0,,False,3604
quarles20191003a,https://www.federalreserve.gov/newsevents/speech/quarles20191003a.htm,2019-10-03,The Financial Stability Board at 10 YearsâLooking Back and Looking Ahead,2,1,3,,False,21179
powell20191004a,https://www.federalreserve.gov/newsevents/speech/powell20191004a.htm,2019-10-04,Opening Remarks,1,1,2,,False,5329
powell20191007a,https://www.federalreserve.gov/newsevents/speech/powell20191007a.htm,2019-10-07,Brief Remarks,0,0,0,,False,4904
powell20191008a,https://www.federalreserve.gov/newsevents/speech/powell20191008a.htm,2019-10-08,Data-Dependent Monetary Policy in an Evolving Economy,4,5,9,-0.1,True,26697
powell20191009a,https://www.federalreserve.gov/newsevents/speech/powell20191009a.htm,2019-10-09,Opening Remarks,1,1,2,,False,4322
brainard20191016a,https://www.federalreserve.gov/newsevents/speech/brainard20191016a.htm,2019-10-16,"Digital Currencies, Stablecoins, and the Evolving Payments Landscape",0,0,0,,False,28591
bowman20191017a,https://www.federalreserve.gov/newsevents/speech/bowman20191017a.htm,2019-10-17,Opening Remarks,0,0,0,,False,5705
clarida20191018a,https://www.federalreserve.gov/newsevents/speech/clarida20191018a.htm,2019-10-18,U.S. Economic Outlook and Monetary Policy,1,4,5,-0.5,True,7791
bowman20191021a,https://www.federalreserve.gov/newsevents/speech/bowman20191021a.htm,2019-10-21,Closing Remarks,0,1,1,,False,6223
clarida20191101a,https://www.federalreserve.gov/newsevents/speech/clarida20191101a.htm,2019-11-01,"The United States, Japan, and the Global Economy",0,6,6,-0.8571428571428571,True,16493
quarles20191101a,https://www.federalreserve.gov/newsevents/speech/quarles20191101a.htm,2019-11-01,Friedrich Hayek and the Price System,0,6,6,-0.8571428571428571,True,31666
brainard20191108a,https://www.federalreserve.gov/newsevents/speech/brainard20191108a.htm,2019-11-08,Why Climate Change Matters for Monetary Policy and Financial Stability,0,0,0,,False,19740
clarida20191112a,https://www.federalreserve.gov/newsevents/speech/clarida20191112a.htm,2019-11-12,"Monetary Policy, Price Stability, and Equilibrium Bond Yields: Success and Consequences",1,9,10,-0.7272727272727273,True,40719
clarida20191114a,https://www.federalreserve.gov/newsevents/speech/clarida20191114a.htm,2019-11-14,"The Federal Reserveâs Review of Its Monetary Policy Strategy, Tools, and Communication Practices",5,11,16,-0.35294117647058826,True,31467
quarles20191114a,https://www.federalreserve.gov/newsevents/speech/quarles20191114a.htm,2019-11-14,Brief Remarks (via pre-recorded video),0,1,1,,False,7501
powell20191125a,https://www.federalreserve.gov/newsevents/speech/powell20191125a.htm,2019-11-25,Building on the Gains from the Long Expansion,1,8,9,-0.7,True,16350
brainard20191126a,https://www.federalreserve.gov/newsevents/speech/brainard20191126a.htm,2019-11-26,"Federal Reserve Review of Monetary Policy Strategy, Tools, and Communications: Some Preliminary Views",13,22,35,-0.25,True,28277
brainard20191218a,https://www.federalreserve.gov/newsevents/speech/brainard20191218a.htm,2019-12-18,"Update on Digital Currencies, Stablecoins, and the Challenges Ahead",1,1,2,,False,18083
brainard20200108a,https://www.federalreserve.gov/newsevents/speech/brainard20200108a.htm,2020-01-08,Strengthening the Community Reinvestment Act by Staying True to Its Core Purpose,0,1,1,,False,28541
clarida20200109a,https://www.federalreserve.gov/newsevents/speech/clarida20200109a.htm,2020-01-09,U.S. Economic Outlook and Monetary Policy,2,3,5,-0.16666666666666666,True,7100
bowman20200116a,https://www.federalreserve.gov/newsevents/speech/bowman20200116a.htm,2020-01-16,The Outlook for Housing,0,5,5,-0.8333333333333334,True,11776
quarles20200117a,https://www.federalreserve.gov/newsevents/speech/quarles20200117a.htm,2020-01-17,"Spontaneity and Order: Transparency, Accountability, and Fairness in Bank Supervision",1,1,2,,False,27873
brainard20200205a,https://www.federalreserve.gov/newsevents/speech/brainard20200205a.htm,2020-02-05,The Digitalization of Payments and Currency: Some Issues for Consideration,0,0,0,,False,27158
quarles20200206a,https://www.federalreserve.gov/newsevents/speech/quarles20200206a.htm,2020-02-06,"The Economic Outlook, Monetary Policy, and the Demand for Reserves",3,11,14,-0.5333333333333333,True,26967
bowman20200210a,https://www.federalreserve.gov/newsevents/speech/bowman20200210a.htm,2020-02-10,Empowering Community Banks,0,3,3,,False,21977
quarles20200211a,https://www.federalreserve.gov/newsevents/speech/quarles20200211a.htm,2020-02-11,"Spontaneity and Order: Transparency, Accountability, and Fairness in Bank Supervision",0,0,0,,False,16835
brainard20200221a,https://www.federalreserve.gov/newsevents/speech/brainard20200221a.htm,2020-02-21,Monetary Policy Strategies and Tools When Inflation and Interest Rates Are Low,7,18,25,-0.4230769230769231,True,24170
clarida20200221a,https://www.federalreserve.gov/newsevents/speech/clarida20200221a.htm,2020-02-21,Financial Markets and Monetary Policy: Is There a Hall of Mirrors Problem?,0,2,2,,False,13365
clarida20200225a,https://www.federalreserve.gov/newsevents/speech/clarida20200225a.htm,2020-02-25,U.S. Economic Outlook and Monetary Policy,2,2,4,,False,7113
bowman20200227a,https://www.federalreserve.gov/newsevents/speech/bowman20200227a.htm,2020-02-27,Direction of Supervision: Impact of Payment System Innovation on Community Banks,0,1,1,,False,25978
powell20200409a,https://www.federalreserve.gov/newsevents/speech/powell20200409a.htm,2020-04-09,COVID-19 and the Economy,0,1,1,,False,5793
brainard20200505a,https://www.federalreserve.gov/newsevents/speech/brainard20200505a.htm,2020-05-05,Welcoming Remarks for Investment Connection â Response to COVID-19: Colorado,0,0,0,,False,2354
powell20200513a,https://www.federalreserve.gov/newsevents/speech/powell20200513a.htm,2020-05-13,Current Economic Issues,1,3,4,,False,9583
brainard20200521a,https://www.federalreserve.gov/newsevents/speech/brainard20200521a.htm,2020-05-21,Introductory remarks for the Fed Listens panel on the COVID-19 pandemic,0,2,2,,False,2749
clarida20200521a,https://www.federalreserve.gov/newsevents/speech/clarida20200521a.htm,2020-05-21,U.S. Economic Outlook and Monetary Policy,0,12,12,-0.9230769230769231,True,11809
powell20200521a,https://www.federalreserve.gov/newsevents/speech/powell20200521a.htm,2020-05-21,Opening Remarks,0,0,0,,False,3192
clarida20200616a,https://www.federalreserve.gov/newsevents/speech/clarida20200616a.htm,2020-06-16,U.S. Economic Outlook and Monetary Policy (via prerecorded video),0,10,10,-0.9090909090909091,True,15707
powell20200619a,https://www.federalreserve.gov/newsevents/speech/powell20200619a.htm,2020-06-19,Introductory Comments,0,1,1,,False,3416
quarles20200619a,https://www.federalreserve.gov/newsevents/speech/quarles20200619a.htm,2020-06-19,The Adaptability of Stress Testing,1,3,4,,False,15757
quarles20200707a,https://www.federalreserve.gov/newsevents/speech/quarles20200707a.htm,2020-07-07,Global in Life and Orderly in Death: Post-Crisis Reforms and the Too-Big-to-Fail Question,0,0,0,,False,13531
brainard20200714a,https://www.federalreserve.gov/newsevents/speech/brainard20200714a.htm,2020-07-14,Navigating Monetary Policy through the Fog of COVID,4,28,32,-0.7272727272727273,True,21749
brainard20200806a,https://www.federalreserve.gov/newsevents/speech/brainard20200806a.htm,2020-08-06,The Future of Retail Payments in the United States,0,4,4,,False,18875
brainard20200813a,https://www.federalreserve.gov/newsevents/speech/brainard20200813a.htm,2020-08-13,An Update on Digital Currencies,0,3,3,,False,10773
bowman20200819a,https://www.federalreserve.gov/newsevents/speech/bowman20200819a.htm,2020-08-19,Brief Remarks,0,0,0,,False,4016
bowman20200826a,https://www.federalreserve.gov/newsevents/speech/bowman20200826a.htm,2020-08-26,The Pandemicâs Effect on the Economy and Banking,0,8,8,-0.8888888888888888,True,14665
powell20200827a,https://www.federalreserve.gov/newsevents/speech/powell20200827a.htm,2020-08-27,New Economic Challenges and the Fed's Monetary Policy Review,4,21,25,-0.6538461538461539,True,35420
clarida20200831a,https://www.federalreserve.gov/newsevents/speech/clarida20200831a.htm,2020-08-31,The Federal Reserveâs New Monetary Policy Framework: A Robust Evolution,5,14,19,-0.45,True,53025
brainard20200901a,https://www.federalreserve.gov/newsevents/speech/brainard20200901a.htm,2020-09-01,Bringing the Statement on Longer-Run Goals and Monetary Policy Strategy into Alignment with Longer-Run Changes in the Economy,4,27,31,-0.71875,True,22483
brainard20200921a,https://www.federalreserve.gov/newsevents/speech/brainard20200921a.htm,2020-09-21,Strengthening the CRA to Meet the Challenges of Our Time,0,0,0,,False,26953
quarles20200923a,https://www.federalreserve.gov/newsevents/speech/quarles20200923a.htm,2020-09-23,Optimism in the Time of COVID,4,17,21,-0.5909090909090909,True,25531
bowman20200930a,https://www.federalreserve.gov/newsevents/speech/bowman20200930a.htm,2020-09-30,Community Banks Rise to the Challenge,1,3,4,,False,23778
bowman20201001a,https://www.federalreserve.gov/newsevents/speech/bowman20201001a.htm,2020-10-01,Mortgage Market Regulation and Access to Mortgage Credit,1,1,2,,False,6854
brainard20201001a,https://www.federalreserve.gov/newsevents/speech/brainard20201001a.htm,2020-10-01,Modernizing and Strengthening CRA Regulations: Hearing from Community Banks,0,0,0,,False,7835
powell20201006a,https://www.federalreserve.gov/newsevents/speech/powell20201006a.htm,2020-10-06,Recent Economic Developments and the Challenges Ahead,0,11,11,-0.9166666666666666,True,14304
clarida20201014a,https://www.federalreserve.gov/newsevents/speech/clarida20201014a.htm,2020-10-14,U.S. Economic Outlook and Monetary Policy,1,9,10,-0.7272727272727273,True,10044
quarles20201014a,https://www.federalreserve.gov/newsevents/speech/quarles20201014a.htm,2020-10-14,Remarks at the Hoover Institution,1,4,5,-0.5,True,14471
brainard20201015a,https://www.federalreserve.gov/newsevents/speech/brainard20201015a.htm,2020-10-15,Modernizing and Strengthening CRA Regulations: A Conversation with Minority Depository Institutions,0,4,4,,False,16156
quarles20201015a,https://www.federalreserve.gov/newsevents/speech/quarles20201015a.htm,2020-10-15,What Happened? What Have We Learned From It? Lessons from COVID-19 Stress on the Financial System,2,2,4,,False,20272
clarida20201019a,https://www.federalreserve.gov/newsevents/speech/clarida20201019a.htm,2020-10-19,"U.S. Economic Outlook, Monetary Policy, and Initiatives to Sustain the Flow of Credit to Households and Firms",0,9,9,-0.9,True,12085
brainard20201020a,https://www.federalreserve.gov/newsevents/speech/brainard20201020a.htm,2020-10-20,Modernizing and Strengthening CRA Regulations: A Conversation with the Housing Community,0,2,2,,False,16705
quarles20201020a,https://www.federalreserve.gov/newsevents/speech/quarles20201020a.htm,2020-10-20,The Financial Stability Boardâs Roadmap for Addressing NBFI Vulnerabilities,0,0,0,,False,17756
brainard20201021a,https://www.federalreserve.gov/newsevents/speech/brainard20201021a.htm,2020-10-21,Achieving a Broad-Based and Inclusive Recovery,5,27,32,-0.6666666666666666,True,29547
brainard20201110a,https://www.federalreserve.gov/newsevents/speech/brainard20201110a.htm,2020-11-10,Modernizing and Strengthening CRA Regulations: A Conversation with the National Congress of American Indians,0,1,1,,False,22255
clarida20201116a,https://www.federalreserve.gov/newsevents/speech/clarida20201116a.htm,2020-11-16,The Federal Reserve's New Framework: Context and Consequences,46,14,60,0.5245901639344263,True,29031
brainard20201117a,https://www.federalreserve.gov/newsevents/speech/brainard20201117a.htm,2020-11-17,Strengthening Diversity and Inclusion in Economics,0,1,1,,False,15637
bowman20201119a,https://www.federalreserve.gov/newsevents/speech/bowman20201119a.htm,2020-11-19,The Changing Structure of Mortgage Markets and Financial Stability,1,9,10,-0.7272727272727273,True,21331
brainard20201201a,https://www.federalreserve.gov/newsevents/speech/brainard20201201a.htm,2020-12-01,Modernizing and Strengthening CRA Regulations: A Conversation with the Chicago Community Trust,0,5,5,-0.8333333333333334,True,8130
bowman20201204a,https://www.federalreserve.gov/newsevents/speech/bowman20201204a.htm,2020-12-04,Technology and the Regulatory Agenda for Community Banking,0,0,0,,False,13435
quarles20201211a,https://www.federalreserve.gov/newsevents/speech/quarles20201211a.htm,2020-12-11,The Eye of Providence: Thoughts on the Evolution of Bank Supervision,0,1,1,,False,32811
brainard20201217a,https://www.federalreserve.gov/newsevents/speech/brainard20201217a.htm,2020-12-17,Modernizing and Strengthening CRA Regulations: A Conversation with the Consumer Bankers Association,0,0,0,,False,8030
brainard20201218a,https://www.federalreserve.gov/newsevents/speech/brainard20201218a.htm,2020-12-18,Strengthening the Financial System to Meet the Challenge of Climate Change,0,0,0,,False,29521
clarida20210108a,https://www.federalreserve.gov/newsevents/speech/clarida20210108a.htm,2021-01-08,U.S. Economic Outlook and Monetary Policy,1,5,6,-0.5714285714285714,True,9997
brainard20210112a,https://www.federalreserve.gov/newsevents/speech/brainard20210112a.htm,2021-01-12,Supporting Responsible Use of AI and Equitable Outcomes in Financial Services,1,0,1,,False,22718
brainard20210113a,https://www.federalreserve.gov/newsevents/speech/brainard20210113a.htm,2021-01-13,Full Employment in the New Monetary Policy Framework,7,27,34,-0.5714285714285714,True,24595
clarida20210113a,https://www.federalreserve.gov/newsevents/speech/clarida20210113a.htm,2021-01-13,The Federal Reserve's New Framework: Context and Consequences,27,14,41,0.30952380952380953,True,22064
powell20210210a,https://www.federalreserve.gov/newsevents/speech/powell20210210a.htm,2021-02-10,Getting Back to a Strong Labor Market,1,22,23,-0.875,True,20089
bowman20210216a,https://www.federalreserve.gov/newsevents/speech/bowman20210216a.htm,2021-02-16,My Perspective on Bank Regulation and Supervision,0,0,0,,False,13324
brainard20210218a,https://www.federalreserve.gov/newsevents/speech/brainard20210218a.htm,2021-02-18,The Role of Financial Institutions in Tackling the Challenges of Climate Change,0,0,0,,False,24848
bowman20210222a,https://www.federalreserve.gov/newsevents/speech/bowman20210222a.htm,2021-02-22,Economic Inclusion in Lower-Income Communities,0,3,3,,False,6615
brainard20210224a,https://www.federalreserve.gov/newsevents/speech/brainard20210224a.htm,2021-02-24,How Should We Think about Full Employment in the Federal Reserve's Dual Mandate?,6,53,59,-0.7833333333333333,True,35380
clarida20210224a,https://www.federalreserve.gov/newsevents/speech/clarida20210224a.htm,2021-02-24,U.S. Economic Outlook and Monetary Policy,1,5,6,-0.5714285714285714,True,9825
quarles20210225a,https://www.federalreserve.gov/newsevents/speech/quarles20210225a.htm,2021-02-25,Themistocles and the Mathematicians: The Role of Stress Testing,0,6,6,-0.8571428571428571,True,17738
brainard20210301a,https://www.federalreserve.gov/newsevents/speech/brainard20210301a.htm,2021-03-01,Some Preliminary Financial Stability Lessons from the COVID-19 Shock,1,1,2,,False,26220
brainard20210302a,https://www.federalreserve.gov/newsevents/speech/brainard20210302a.htm,2021-03-02,U.S. Economic Outlook and Monetary Policy: An Update,5,20,25,-0.5769230769230769,True,16501
powell20210318a,https://www.federalreserve.gov/newsevents/speech/powell20210318a.htm,2021-03-18,Closing Remarks,0,0,0,,False,6004
bowman20210322a,https://www.federalreserve.gov/newsevents/speech/bowman20210322a.htm,2021-03-22,The Economic Outlook and Prospects for Small Business,1,15,16,-0.8235294117647058,True,17608
quarles20210322a,https://www.federalreserve.gov/newsevents/speech/quarles20210322a.htm,2021-03-22,Keynote Remarks,0,0,0,,False,13902
brainard20210323a,https://www.federalreserve.gov/newsevents/speech/brainard20210323a.htm,2021-03-23,Financial Stability Implications of Climate Change,0,1,1,,False,22822
brainard20210323b,https://www.federalreserve.gov/newsevents/speech/brainard20210323b.htm,2021-03-23,Remaining Patient as the Outlook Brightens,4,30,34,-0.7428571428571429,True,19379
clarida20210325a,https://www.federalreserve.gov/newsevents/speech/clarida20210325a.htm,2021-03-25,U.S. Economic Outlook and Monetary Policy,1,7,8,-0.6666666666666666,True,10401
waller20210329a,https://www.federalreserve.gov/newsevents/speech/waller20210329a.htm,2021-03-29,TreasuryâFederal Reserve Cooperation and the Importance of Central Bank Independence,0,7,7,-0.875,True,20910
quarles20210330a,https://www.federalreserve.gov/newsevents/speech/quarles20210330a.htm,2021-03-30,"The FSB in 2021: Addressing Financial Stability Challenges in an Age of Interconnectedness, Innovation, and Change",0,0,0,,False,18472
clarida20210414a,https://www.federalreserve.gov/newsevents/speech/clarida20210414a.htm,2021-04-14,The Federal Reserve's New Framework and Outcome-Based Forward Guidance,22,15,37,0.18421052631578946,True,27672
powell20210503a,https://www.federalreserve.gov/newsevents/speech/powell20210503a.htm,2021-05-03,Community Development,0,2,2,,False,8256
bowman20210505a,https://www.federalreserve.gov/newsevents/speech/bowman20210505a.htm,2021-05-05,The Economic Outlook and Implications for Monetary Policy,0,8,8,-0.8888888888888888,True,10706
brainard20210511a,https://www.federalreserve.gov/newsevents/speech/brainard20210511a.htm,2021-05-11,Patience and Progress as the Economy Reopens and Recovers,1,13,14,-0.8,True,19667
clarida20210512a,https://www.federalreserve.gov/newsevents/speech/clarida20210512a.htm,2021-05-12,U.S. Economic Outlook and Monetary Policy,1,6,7,-0.625,True,10563
waller20210513a,https://www.federalreserve.gov/newsevents/speech/waller20210513a.htm,2021-05-13,The Economic Outlook and Monetary Policy,5,22,27,-0.6071428571428571,True,17330
clarida20210517a,https://www.federalreserve.gov/newsevents/speech/clarida20210517a.htm,2021-05-17,"Sovereign Markets, Global Factors",1,1,2,,False,30015
brainard20210524a,https://www.federalreserve.gov/newsevents/speech/brainard20210524a.htm,2021-05-24,Private Money and Central Bank Money as Payments Go Digital: an Update on CBDCs,0,0,0,,False,22867
quarles20210526a,https://www.federalreserve.gov/newsevents/speech/quarles20210526a.htm,2021-05-26,Remarks,0,2,2,,False,14574
quarles20210526b,https://www.federalreserve.gov/newsevents/speech/quarles20210526b.htm,2021-05-26,The Economic Outlook and Monetary Policy,3,21,24,-0.72,True,22580
brainard20210601a,https://www.federalreserve.gov/newsevents/speech/brainard20210601a.htm,2021-06-01,Remaining Steady as the Economy Reopens,4,9,13,-0.35714285714285715,True,24832
quarles20210603a,https://www.federalreserve.gov/newsevents/speech/quarles20210603a.htm,2021-06-03,"Jet Flight, Mail Bags, and Banking Regulation",1,2,3,,False,23806
bowman20210623a,https://www.federalreserve.gov/newsevents/speech/bowman20210623a.htm,2021-06-23,Building Economic Resilience in Communities,0,4,4,,False,13989
quarles20210628a,https://www.federalreserve.gov/newsevents/speech/quarles20210628a.htm,2021-06-28,Parachute Pants and Central Bank Money,0,2,2,,False,23572
quarles20210711a,https://www.federalreserve.gov/newsevents/speech/quarles20210711a.htm,2021-07-11,Disclosures and Data: Building Strong Foundations for Addressing Climate-Related Financial Risks,0,0,0,,False,10905
brainard20210730a,https://www.federalreserve.gov/newsevents/speech/brainard20210730a.htm,2021-07-30,Assessing Progress as the Economy Moves from Reopening to Recovery,2,5,7,-0.375,True,10184
bowman20210803a,https://www.federalreserve.gov/newsevents/speech/bowman20210803a.htm,2021-08-03,Welcoming Remarks,0,2,2,,False,7981
clarida20210804a,https://www.federalreserve.gov/newsevents/speech/clarida20210804a.htm,2021-08-04,"Outlooks, Outcomes, and Prospects for U.S. Monetary Policy",3,12,15,-0.5625,True,18514
waller20210805a,https://www.federalreserve.gov/newsevents/speech/waller20210805a.htm,2021-08-05,CBDC: A Solution in Search of a Problem?,0,0,0,,False,23573
powell20210817a,https://www.federalreserve.gov/newsevents/speech/powell20210817a.htm,2021-08-17,Welcoming Remarks,0,0,0,,False,3963
powell20210827a,https://www.federalreserve.gov/newsevents/speech/powell20210827a.htm,2021-08-27,Monetary Policy in the Time of COVID,4,20,24,-0.64,True,24872
bowman20210909a,https://www.federalreserve.gov/newsevents/speech/bowman20210909a.htm,2021-09-09,Community Bank Access to Innovation,0,0,0,,False,13672
powell20210924a,https://www.federalreserve.gov/newsevents/speech/powell20210924a.htm,2021-09-24,Introductory Remarks,0,0,0,,False,2695
brainard20210927a,https://www.federalreserve.gov/newsevents/speech/brainard20210927a.htm,2021-09-27,Navigating Delta Headwinds on the Path to a Full Recovery,4,13,17,-0.5,True,22973
bowman20210928a,https://www.federalreserve.gov/newsevents/speech/bowman20210928a.htm,2021-09-28,Creating a New Model for the Future of Supervision,0,0,0,,False,24624
quarles20211005a,https://www.federalreserve.gov/newsevents/speech/quarles20211005a.htm,2021-10-05,Goodbye to All That: The End of LIBOR,0,0,0,,False,14522
brainard20211007a,https://www.federalreserve.gov/newsevents/speech/brainard20211007a.htm,2021-10-07,Building Climate Scenario Analysis on the Foundations of Economic Research,0,1,1,,False,22908
clarida20211012a,https://www.federalreserve.gov/newsevents/speech/clarida20211012a.htm,2021-10-12,U.S. Economic Outlook and Monetary Policy,4,1,5,0.5,True,11324
bowman20211013a,https://www.federalreserve.gov/newsevents/speech/bowman20211013a.htm,2021-10-13,The View from Here: The Outlook for the U.S. Economy and Implications for Monetary Policy,5,5,10,0.0,True,22842
brainard20211013a,https://www.federalreserve.gov/newsevents/speech/brainard20211013a.htm,2021-10-13,Financial Inclusion and Economic Challenges in the Shadow of the Pandemic: A Conversation with Tribal Leaders,0,1,1,,False,27764
quarles20211018a,https://www.federalreserve.gov/newsevents/speech/quarles20211018a.htm,2021-10-18,Financial Stability and Coordination in Times of Crisis,4,0,4,,False,19356
bowman20211019a,https://www.federalreserve.gov/newsevents/speech/bowman20211019a.htm,2021-10-19,Welcoming Remarks,1,6,7,-0.625,True,12434
waller20211019a,https://www.federalreserve.gov/newsevents/speech/waller20211019a.htm,2021-10-19,The Economic Outlook and a Cautionary Tale on âIdiosyncraticâ Price Changes and Inflation,11,17,28,-0.20689655172413793,True,21382
quarles20211020a,https://www.federalreserve.gov/newsevents/speech/quarles20211020a.htm,2021-10-20,How Long is Too Long? How High is Too High?: Managing Recent Inflation Developments within the FOMCâs Monetary Policy Framework,4,23,27,-0.6785714285714286,True,23217
bowman20211022a,https://www.federalreserve.gov/newsevents/speech/bowman20211022a.htm,2021-10-22,The Lack of New Bank Formations is a Significant Issue for the Banking Industry,0,0,0,,False,15190
bowman20211108a,https://www.federalreserve.gov/newsevents/speech/bowman20211108a.htm,2021-11-08,The U.S. Housing and Mortgage Market: Risks and Resilience,1,0,1,,False,14195
clarida20211108a,https://www.federalreserve.gov/newsevents/speech/clarida20211108a.htm,2021-11-08,Flexible Average Inflation Targeting and Prospects for U.S. Monetary Policy,3,8,11,-0.4166666666666667,True,14706
powell20211108a,https://www.federalreserve.gov/newsevents/speech/powell20211108a.htm,2021-11-08,Opening Remarks,0,2,2,,False,5088
powell20211109a,https://www.federalreserve.gov/newsevents/speech/powell20211109a.htm,2021-11-09,Opening Remarks,0,3,3,,False,6651
waller20211117a,https://www.federalreserve.gov/newsevents/speech/waller20211117a.htm,2021-11-17,Reflections on Stablecoins and Payments Innovations,0,0,0,,False,19382
clarida20211119a,https://www.federalreserve.gov/newsevents/speech/clarida20211119a.htm,2021-11-19,"Perspectives on Global Monetary Policy Coordination, Cooperation, and Correlation",3,5,8,-0.2222222222222222,True,27449
waller20211119a,https://www.federalreserve.gov/newsevents/speech/waller20211119a.htm,2021-11-19,Economic Outlook,12,13,25,-0.038461538461538464,True,18683
bowman20211129a,https://www.federalreserve.gov/newsevents/speech/bowman20211129a.htm,2021-11-29,"Engagement, Research and Policy: Integrating Indigenous Voices into Economic Inclusion at the Federal Reserve",0,1,1,,False,14163
powell20211129a,https://www.federalreserve.gov/newsevents/speech/powell20211129a.htm,2021-11-29,Opening Remarks,0,1,1,,False,3344
clarida20211130a,https://www.federalreserve.gov/newsevents/speech/clarida20211130a.htm,2021-11-30,Federal Reserve Independence: Foundations and Responsibilities,1,4,5,-0.5,True,28198
quarles20211202a,https://www.federalreserve.gov/newsevents/speech/quarles20211202a.htm,2021-12-02,Between the Hither and the Farther Shore: Thoughts on Unfinished Business,2,3,5,-0.16666666666666666,True,50453
waller20211217a,https://www.federalreserve.gov/newsevents/speech/waller20211217a.htm,2021-12-17,A Hopeless and Imperative Endeavor: Lessons from the Pandemic for Economic Forecasters,3,20,23,-0.7083333333333334,True,22983
brainard20220218a,https://www.federalreserve.gov/newsevents/speech/brainard20220218a.htm,2022-02-18,Preparing for the Financial System of the Future,0,0,0,,False,19573
waller20220218a,https://www.federalreserve.gov/newsevents/speech/waller20220218a.htm,2022-02-18,"Comments on ""Some Benefits and Risks of a Hot Economy""",0,0,0,,False,340
bowman20220221a,https://www.federalreserve.gov/newsevents/speech/bowman20220221a.htm,2022-02-21,High Inflation and the Outlook for Monetary Policy,3,4,7,-0.125,True,9763
waller20220224a,https://www.federalreserve.gov/newsevents/speech/waller20220224a.htm,2022-02-24,Fighting Inflation with Rate Hikes and Balance Sheet Reduction,22,6,28,0.5517241379310345,True,23075
bowman20220318a,https://www.federalreserve.gov/newsevents/speech/bowman20220318a.htm,2022-03-18,Welcoming Remarks,0,0,0,,False,3091
powell20220321a,https://www.federalreserve.gov/newsevents/speech/powell20220321a.htm,2022-03-21,Restoring Price Stability,10,11,21,-0.045454545454545456,True,17936
waller20220324a,https://www.federalreserve.gov/newsevents/speech/waller20220324a.htm,2022-03-24,The Red Hot Housing Market: the Role of Policy and Implications for Housing Affordability,2,8,10,-0.5454545454545454,True,22278
brainard20220405a,https://www.federalreserve.gov/newsevents/speech/brainard20220405a.htm,2022-04-05,Variation in the Inflation Experiences of Households,7,3,10,0.36363636363636365,True,25511
waller20220506a,https://www.federalreserve.gov/newsevents/speech/waller20220506a.htm,2022-05-06,Reflections on Monetary Policy in 2021,28,8,36,0.5405405405405406,True,13972
powell20220524a,https://www.federalreserve.gov/newsevents/speech/powell20220524a.htm,2022-05-24,Welcoming Remarks,0,1,1,,False,4533
brainard20220525a,https://www.federalreserve.gov/newsevents/speech/brainard20220525a.htm,2022-05-25,Commencement Remarks,1,1,2,,False,13637
waller20220530a,https://www.federalreserve.gov/newsevents/speech/waller20220530a.htm,2022-05-30,"Responding to High Inflation, with Some Thoughts on a Soft Landing",21,70,91,-0.532608695652174,True,29489
waller20220603a,https://www.federalreserve.gov/newsevents/speech/waller20220603a.htm,2022-06-03,Risk in the Crypto Markets,0,0,0,,False,11101
powell20220617a,https://www.federalreserve.gov/newsevents/speech/powell20220617a.htm,2022-06-17,Welcoming Remarks,0,2,2,,False,6250
waller20220618a,https://www.federalreserve.gov/newsevents/speech/waller20220618a.htm,2022-06-18,Lessons Learned on Normalizing Monetary Policy,49,20,69,0.4142857142857143,True,18209
bowman20220623a,https://www.federalreserve.gov/newsevents/speech/bowman20220623a.htm,2022-06-23,The Outlook for Inflation and Monetary Policy,5,1,6,0.5714285714285714,True,8941
brainard20220708a,https://www.federalreserve.gov/newsevents/speech/brainard20220708a.htm,2022-07-08,Crypto-Assets and Decentralized Finance through a Financial Stability Lens,0,0,0,,False,21295
waller20220714a,https://www.federalreserve.gov/newsevents/speech/waller20220714a.htm,2022-07-14,Monetary Policy in a World of Conflicting Data,16,13,29,0.1,True,21586
brainard20220719a,https://www.federalreserve.gov/newsevents/speech/brainard20220719a.htm,2022-07-19,Strengthening the CRA: A Conversation with Representatives of Native Communities,0,0,0,,False,7494
bowman20220806a,https://www.federalreserve.gov/newsevents/speech/bowman20220806a.htm,2022-08-06,Fighting Inflation in Challenging Times,3,8,11,-0.4166666666666667,True,14776
bowman20220817a,https://www.federalreserve.gov/newsevents/speech/bowman20220817a.htm,2022-08-17,"Technology, Innovation, and Financial Services",0,0,0,,False,13703
bowman20220817b,https://www.federalreserve.gov/newsevents/speech/bowman20220817b.htm,2022-08-17,Working Women in the Pandemic Era,0,8,8,-0.8888888888888888,True,19321
powell20220826a,https://www.federalreserve.gov/newsevents/speech/powell20220826a.htm,2022-08-26,Monetary Policy and Price Stability,5,2,7,0.375,True,9368
brainard20220829a,https://www.federalreserve.gov/newsevents/speech/brainard20220829a.htm,2022-08-29,Progress on Fast Payments for All: An Update on FedNow,0,1,1,,False,7492
barr20220907a,https://www.federalreserve.gov/newsevents/speech/barr20220907a.htm,2022-09-07,Making the Financial System Safer and Fairer,1,0,1,,False,19754
brainard20220907a,https://www.federalreserve.gov/newsevents/speech/brainard20220907a.htm,2022-09-07,Bringing Inflation Down,9,6,15,0.1875,True,16357
waller20220909a,https://www.federalreserve.gov/newsevents/speech/waller20220909a.htm,2022-09-09,The Economic Outlook: Time to Let the Data Do the Talking,17,7,24,0.4,True,19091
bowman20220928a,https://www.federalreserve.gov/newsevents/speech/bowman20220928a.htm,2022-09-28,The New Landscape for Banking Competition,0,0,0,,False,25785
powell20220928a,https://www.federalreserve.gov/newsevents/speech/powell20220928a.htm,2022-09-28,Welcoming Remarks,0,1,1,,False,3227
bowman20220930a,https://www.federalreserve.gov/newsevents/speech/bowman20220930a.htm,2022-09-30,Large Bank Supervision and Regulation,2,0,2,,False,24571
brainard20220930a,https://www.federalreserve.gov/newsevents/speech/brainard20220930a.htm,2022-09-30,Global Financial Stability Considerations for Monetary Policy in a High-Inflation Environment,23,2,25,0.8076923076923077,True,14763
jefferson20221004a,https://www.federalreserve.gov/newsevents/speech/jefferson20221004a.htm,2022-10-04,Technologyâs Impact on the Post-Pandemic Economy,0,3,3,,False,10067
cook20221006a,https://www.federalreserve.gov/newsevents/speech/cook20221006a.htm,2022-10-06,Economic Outlook,15,5,20,0.47619047619047616,True,14839
waller20221006a,https://www.federalreserve.gov/newsevents/speech/waller20221006a.htm,2022-10-06,The Economic Outlook with a Look at the Housing Market,11,6,17,0.2777777777777778,True,17930
brainard20221010a,https://www.federalreserve.gov/newsevents/speech/brainard20221010a.htm,2022-10-10,Restoring Price Stability in an Uncertain Economic Environment,17,6,23,0.4583333333333333,True,16703
barr20221012a,https://www.federalreserve.gov/newsevents/speech/barr20221012a.htm,2022-10-12,Managing the Promise and Risk of Financial Innovation,1,0,1,,False,14781
bowman20221012a,https://www.federalreserve.gov/newsevents/speech/bowman20221012a.htm,2022-10-12,Forward Guidance as a Monetary Policy Tool: Considerations for the Current Economic Environment,9,10,19,-0.05,True,25019
waller20221014a,https://www.federalreserve.gov/newsevents/speech/waller20221014a.htm,2022-10-14,The U.S. Dollar and Central Bank Digital Currencies,0,0,0,,False,18330
bowman20221020a,https://www.federalreserve.gov/newsevents/speech/bowman20221020a.htm,2022-10-20,Welcoming Remarks,0,1,1,,False,8095
waller20221116a,https://www.federalreserve.gov/newsevents/speech/waller20221116a.htm,2022-11-16,The Economic Outlook and a Word of Caution on Inflation,16,3,19,0.65,True,18275
bowman20221117a,https://www.federalreserve.gov/newsevents/speech/bowman20221117a.htm,2022-11-17,Financial Education,0,0,0,,False,10443
jefferson20221117a,https://www.federalreserve.gov/newsevents/speech/jefferson20221117a.htm,2022-11-17,Opportunity and Inclusive Economic Growth,0,4,4,,False,8516
brainard20221128a,https://www.federalreserve.gov/newsevents/speech/brainard20221128a.htm,2022-11-28,"What Can We Learn from the Pandemic and the War about Supply Shocks, Inflation, and Monetary Policy?",9,1,10,0.7272727272727273,True,16742
cook20221130a,https://www.federalreserve.gov/newsevents/speech/cook20221130a.htm,2022-11-30,The Economic Outlook and U.S. Productivity,6,5,11,0.08333333333333333,True,19187
powell20221130a,https://www.federalreserve.gov/newsevents/speech/powell20221130a.htm,2022-11-30,Inflation and the Labor Market,9,5,14,0.26666666666666666,True,20592
barr20221201a,https://www.federalreserve.gov/newsevents/speech/barr20221201a.htm,2022-12-01,Why Bank Capital Matters,1,2,3,,False,36551
cook20230106a,https://www.federalreserve.gov/newsevents/speech/cook20230106a.htm,2023-01-06,Thoughts on Inflation in a Supply-Constrained Economy,1,3,4,,False,13800
bowman20230110a,https://www.federalreserve.gov/newsevents/speech/bowman20230110a.htm,2023-01-10,Brief Remarks on the Economy and Bank Supervision,8,4,12,0.3076923076923077,True,11879
powell20230110a,https://www.federalreserve.gov/newsevents/speech/powell20230110a.htm,2023-01-10,"Panel on ""Central Bank Independence and the MandateâEvolving Views""",0,0,0,,False,8782
brainard20230119a,https://www.federalreserve.gov/newsevents/speech/brainard20230119a.htm,2023-01-19,Staying the Course to Bring Inflation Down,10,10,20,0.0,True,20003
waller20230120a,https://www.federalreserve.gov/newsevents/speech/waller20230120a.htm,2023-01-20,A Case for Cautious Optimism,14,4,18,0.5263157894736842,True,12157
cook20230121a,https://www.federalreserve.gov/newsevents/speech/cook20230121a.htm,2023-01-21,Remarks to Delta Sigma Theta,0,1,1,,False,17890
barr20230207a,https://www.federalreserve.gov/newsevents/speech/barr20230207a.htm,2023-02-07,Remarks at the âBanking on Financial Inclusionâ Conference,2,1,3,,False,31012
waller20230208a,https://www.federalreserve.gov/newsevents/speech/waller20230208a.htm,2023-02-08,"The Inflation Rate for Necessities: A Look at Food, Energy and Shelter Inflation",2,1,3,,False,19459
waller20230210a,https://www.federalreserve.gov/newsevents/speech/waller20230210a.htm,2023-02-10,Thoughts on the Crypto Ecosystem,0,1,1,,False,9003
bowman20230213a,https://www.federalreserve.gov/newsevents/speech/bowman20230213a.htm,2023-02-13,"Independence, Predictability, and Tailoring in Banking Regulation and Supervision",4,0,4,,False,20775
bowman20230215a,https://www.federalreserve.gov/newsevents/speech/bowman20230215a.htm,2023-02-15,Welcoming Remarks,0,0,0,,False,16106
cook20230216a,https://www.federalreserve.gov/newsevents/speech/cook20230216a.htm,2023-02-16,Welcome Remarks,0,1,1,,False,7803
jefferson20230224a,https://www.federalreserve.gov/newsevents/speech/jefferson20230224a.htm,2023-02-24,"Discussion of the Paper ""Managing Disinflations"" by Stephen G. Cecchetti, Michael E. Feroli, Peter Hooper, Frederic S. Mishkin, and Kermit L. Schoenholtz",8,26,34,-0.5142857142857142,True,17216
jefferson20230227a,https://www.federalreserve.gov/newsevents/speech/jefferson20230227a.htm,2023-02-27,Recent Inflation and the Dual Mandate,3,4,7,-0.125,True,27686
waller20230302a,https://www.federalreserve.gov/newsevents/speech/waller20230302a.htm,2023-03-02,Februaryâs Hot Data Releases,1,3,4,,False,8400
bowman20230303a,https://www.federalreserve.gov/newsevents/speech/bowman20230303a.htm,2023-03-03,Panel on âDesign Issues for Central Bank Facilities in the Futureâ,1,1,2,,False,7565
barr20230309a,https://www.federalreserve.gov/newsevents/speech/barr20230309a.htm,2023-03-09,Supporting Innovation with Guardrails: The Federal Reserveâs Approach to Supervision and Regulation of Banksâ Crypto-related Activities,0,1,1,,False,23203
bowman20230314a,https://www.federalreserve.gov/newsevents/speech/bowman20230314a.htm,2023-03-14,The Innovation Imperative: Modernizing Traditional Banking,0,0,0,,False,33348
jefferson20230327a,https://www.federalreserve.gov/newsevents/speech/jefferson20230327a.htm,2023-03-27,Implementation and Transmission of Monetary Policy,14,5,19,0.45,True,33944
barr20230329a,https://www.federalreserve.gov/newsevents/speech/barr20230329a.htm,2023-03-29,Brief Remarks,0,1,1,,False,4681
cook20230331a,https://www.federalreserve.gov/newsevents/speech/cook20230331a.htm,2023-03-31,The U.S. Economic Outlook and Monetary Policy,7,9,16,-0.11764705882352941,True,14571
waller20230331a,https://www.federalreserve.gov/newsevents/speech/waller20230331a.htm,2023-03-31,The Unstable Phillips Curve,1,19,20,-0.8571428571428571,True,16519
cook20230404a,https://www.federalreserve.gov/newsevents/speech/cook20230404a.htm,2023-04-04,Welcoming Remarks,0,0,0,,False,3081
bowman20230414a,https://www.federalreserve.gov/newsevents/speech/bowman20230414a.htm,2023-04-14,The Consequences of Fewer Banks in the U.S. Banking System,1,1,2,,False,32652
waller20230414a,https://www.federalreserve.gov/newsevents/speech/waller20230414a.htm,2023-04-14,Financial Stabilization and Macroeconomic Stabilization: Two Tools for Two Problems,10,2,12,0.6153846153846154,True,12111
bowman20230418a,https://www.federalreserve.gov/newsevents/speech/bowman20230418a.htm,2023-04-18,Considerations for a Central Bank Digital Currency,0,0,0,,False,26790
bowman20230420a,https://www.federalreserve.gov/newsevents/speech/bowman20230420a.htm,2023-04-20,Brief Remarks,0,0,0,,False,3694
waller20230420a,https://www.federalreserve.gov/newsevents/speech/waller20230420a.htm,2023-04-20,Innovation and the Future of Finance,0,0,0,,False,12398
cook20230421a,https://www.federalreserve.gov/newsevents/speech/cook20230421a.htm,2023-04-21,Important Questions for Economic Research,3,9,12,-0.46153846153846156,True,14121
cook20230505a,https://www.federalreserve.gov/newsevents/speech/cook20230505a.htm,2023-05-05,Commencement Address,0,1,1,,False,8821
waller20230511a,https://www.federalreserve.gov/newsevents/speech/waller20230511a.htm,2023-05-11,Climate Change and Financial Stability,0,2,2,,False,21448
bowman20230512a,https://www.federalreserve.gov/newsevents/speech/bowman20230512a.htm,2023-05-12,"The Evolving Nature of Banking, Bank Culture, and Bank Runs",10,2,12,0.6153846153846154,True,36729
jefferson20230512a,https://www.federalreserve.gov/newsevents/speech/jefferson20230512a.htm,2023-05-12,On the Assessment of Current Monetary Policy,9,13,22,-0.17391304347826086,True,12785
cook20230513a,https://www.federalreserve.gov/newsevents/speech/cook20230513a.htm,2023-05-13,Commencement Address,0,1,1,,False,12038
cook20230515a,https://www.federalreserve.gov/newsevents/speech/cook20230515a.htm,2023-05-15,Commencement Address,0,1,1,,False,11979
jefferson20230518a,https://www.federalreserve.gov/newsevents/speech/jefferson20230518a.htm,2023-05-18,The U.S. Economic Outlook and Considerations for Monetary Policy,7,4,11,0.25,True,9375
bowman20230519a,https://www.federalreserve.gov/newsevents/speech/bowman20230519a.htm,2023-05-19,Considerations for Revisions to the Bank Regulatory Framework,0,1,1,,False,21846
waller20230524a,https://www.federalreserve.gov/newsevents/speech/waller20230524a.htm,2023-05-24,"Hike, Skip, or Pause?",29,8,37,0.5526315789473685,True,14494
bowman20230531a,https://www.federalreserve.gov/newsevents/speech/bowman20230531a.htm,2023-05-31,Brief Remarks,0,1,1,,False,4368
jefferson20230531a,https://www.federalreserve.gov/newsevents/speech/jefferson20230531a.htm,2023-05-31,Financial Stability and the U.S. Economy,9,4,13,0.35714285714285715,True,12449
waller20230616a,https://www.federalreserve.gov/newsevents/speech/waller20230616a.htm,2023-06-16,Financial Stability and Macroeconomic Policy,7,1,8,0.6666666666666666,True,7124
bowman20230622a,https://www.federalreserve.gov/newsevents/speech/bowman20230622a.htm,2023-06-22,Opening Remarks,3,1,4,,False,7165
waller20230622a,https://www.federalreserve.gov/newsevents/speech/waller20230622a.htm,2023-06-22,Welcoming Remarks,0,0,0,,False,4835
bowman20230625a,https://www.federalreserve.gov/newsevents/speech/bowman20230625a.htm,2023-06-25,Responsive and Responsible Bank Regulation and Supervision,1,0,1,,False,36095
powell20230629a,https://www.federalreserve.gov/newsevents/speech/powell20230629a.htm,2023-06-29,Financial Stability and Economic Developments,5,3,8,0.2222222222222222,True,10975
barr20230710a,https://www.federalreserve.gov/newsevents/speech/barr20230710a.htm,2023-07-10,Holistic Capital Review,0,0,0,,False,29252
waller20230713a,https://www.federalreserve.gov/newsevents/speech/waller20230713a.htm,2023-07-13,Big Shocks Travel Fast: Why Policy Lags May Be Shorter Than You Think,35,4,39,0.775,True,21932
barr20230718a,https://www.federalreserve.gov/newsevents/speech/barr20230718a.htm,2023-07-18,Furthering the Vision of the Fair Housing Act,1,1,2,,False,14932
bowman20230805a,https://www.federalreserve.gov/newsevents/speech/bowman20230805a.htm,2023-08-05,Brief Remarks on the Economy and Monetary Policy,4,1,5,0.5,True,4125
bowman20230807a,https://www.federalreserve.gov/newsevents/speech/bowman20230807a.htm,2023-08-07,Welcoming Remarks,2,1,3,,False,6739
bowman20230822a,https://www.federalreserve.gov/newsevents/speech/bowman20230822a.htm,2023-08-22,Welcoming Remarks,0,2,2,,False,5543
powell20230825a,https://www.federalreserve.gov/newsevents/speech/powell20230825a.htm,2023-08-25,Inflation: Progress and the Path Ahead,25,2,27,0.8214285714285714,True,17574
barr20230908a,https://www.federalreserve.gov/newsevents/speech/barr20230908a.htm,2023-09-08,The Federal Reserveâs Role in Supporting Responsible Innovation,0,0,0,,False,11584
bowman20230922a,https://www.federalreserve.gov/newsevents/speech/bowman20230922a.htm,2023-09-22,Brief Remarks on the Economy and Monetary Policy,6,0,6,0.8571428571428571,True,7581
cook20230922a,https://www.federalreserve.gov/newsevents/speech/cook20230922a.htm,2023-09-22,"Generative AI, Productivity, the Labor Market, and Choice Behavior",0,0,0,,False,21570
bowman20230926a,https://www.federalreserve.gov/newsevents/speech/bowman20230926a.htm,2023-09-26,Welcoming Remarks,0,2,2,,False,6519
bowman20230927a,https://www.federalreserve.gov/newsevents/speech/bowman20230927a.htm,2023-09-27,Panel Remarks,0,0,0,,False,10901
cook20230928a,https://www.federalreserve.gov/newsevents/speech/cook20230928a.htm,2023-09-28,Closing Remarks,0,1,1,,False,3286
powell20230928a,https://www.federalreserve.gov/newsevents/speech/powell20230928a.htm,2023-09-28,Welcoming Remarks,0,1,1,,False,4475
barr20231002a,https://www.federalreserve.gov/newsevents/speech/barr20231002a.htm,2023-10-02,Monetary Policy and Financial Stability,11,2,13,0.6428571428571429,True,28993
bowman20231002a,https://www.federalreserve.gov/newsevents/speech/bowman20231002a.htm,2023-10-02,Brief Remarks on the Economy and Bank Regulation,5,1,6,0.5714285714285714,True,14649
bowman20231004a,https://www.federalreserve.gov/newsevents/speech/bowman20231004a.htm,2023-10-04,"The Role of Research, Data, and Analysis in Banking Reforms",0,1,1,,False,31112
bowman20231007a,https://www.federalreserve.gov/newsevents/speech/bowman20231007a.htm,2023-10-07,Brief Remarks on the Economy and Insights from Past Bank Regulatory Reform Efforts,6,0,6,0.8571428571428571,True,17943
barr20231009a,https://www.federalreserve.gov/newsevents/speech/barr20231009a.htm,2023-10-09,Capital Supports Lending,0,1,1,,False,16255
jefferson20231009a,https://www.federalreserve.gov/newsevents/speech/jefferson20231009a.htm,2023-10-09,U.S. Economic Outlook and Monetary Policy Transmission,20,11,31,0.28125,True,12952
waller20231010a,https://www.federalreserve.gov/newsevents/speech/waller20231010a.htm,2023-10-10,Monetary Policy Analysis and the Development of Federal Reserve Policymaking,3,6,9,-0.3,True,26823
bowman20231011a,https://www.federalreserve.gov/newsevents/speech/bowman20231011a.htm,2023-10-11,Financial Stability in Uncertain Times,2,2,4,,False,21597
bowman20231017a,https://www.federalreserve.gov/newsevents/speech/bowman20231017a.htm,2023-10-17,Responsible Innovation in Money and Payments,0,0,0,,False,23984
bowman20231018a,https://www.federalreserve.gov/newsevents/speech/bowman20231018a.htm,2023-10-18,Brief Remarks,0,0,0,,False,5226
cook20231018a,https://www.federalreserve.gov/newsevents/speech/cook20231018a.htm,2023-10-18,The Evolution of the Federal Reserveâs Employment Mandate,0,7,7,-0.875,True,12845
waller20231018a,https://www.federalreserve.gov/newsevents/speech/waller20231018a.htm,2023-10-18,Somethingâs Got to Give,8,4,12,0.3076923076923077,True,14006
barr20231019a,https://www.federalreserve.gov/newsevents/speech/barr20231019a.htm,2023-10-19,Multiple Scenarios in Stress Testing,1,2,3,,False,21151
jefferson20231019a,https://www.federalreserve.gov/newsevents/speech/jefferson20231019a.htm,2023-10-19,Opening Remarks,0,0,0,,False,6247
powell20231019a,https://www.federalreserve.gov/newsevents/speech/powell20231019a.htm,2023-10-19,Opening Remarks,15,2,17,0.7222222222222222,True,8569
powell20231025a,https://www.federalreserve.gov/newsevents/speech/powell20231025a.htm,2023-10-25,Introductory Remarks,0,0,0,,False,8026
waller20231026a,https://www.federalreserve.gov/newsevents/speech/waller20231026a.htm,2023-10-26,Welcome Remarks,0,1,1,,False,5240
barr20231027a,https://www.federalreserve.gov/newsevents/speech/barr20231027a.htm,2023-10-27,Opening Remarks,0,0,0,,False,6520
cook20231106a,https://www.federalreserve.gov/newsevents/speech/cook20231106a.htm,2023-11-06,Financial Stability: Resilience and Challenges,5,1,6,0.5714285714285714,True,17618
bowman20231107a,https://www.federalreserve.gov/newsevents/speech/bowman20231107a.htm,2023-11-07,Remarks on the Economy and Bank Supervision and Regulation,6,1,7,0.625,True,31857
waller20231107a,https://www.federalreserve.gov/newsevents/speech/waller20231107a.htm,2023-11-07,Using Economic Data to Understand the Economy,0,1,1,,False,3318
cook20231108a,https://www.federalreserve.gov/newsevents/speech/cook20231108a.htm,2023-11-08,"Financial Stability: Resilience, Challenges, and Global Connections",6,1,7,0.625,True,16941
jefferson20231108a,https://www.federalreserve.gov/newsevents/speech/jefferson20231108a.htm,2023-11-08,"Research and Statistics Centennial Anniversary: Past, Present and Future",0,0,0,,False,10074
powell20231108a,https://www.federalreserve.gov/newsevents/speech/powell20231108a.htm,2023-11-08,Opening Remarks,0,0,0,,False,5539
bowman20231109a,https://www.federalreserve.gov/newsevents/speech/bowman20231109a.htm,2023-11-09,Remarks on the Economy and Prioritization of Bank Supervision and Regulation,6,1,7,0.625,True,39867
powell20231109a,https://www.federalreserve.gov/newsevents/speech/powell20231109a.htm,2023-11-09,Opening Remarks,11,2,13,0.6428571428571429,True,14940
cook20231113a,https://www.federalreserve.gov/newsevents/speech/cook20231113a.htm,2023-11-13,Welcoming Remarks,0,1,1,,False,7896
jefferson20231114a,https://www.federalreserve.gov/newsevents/speech/jefferson20231114a.htm,2023-11-14,Elevated Economic Uncertainty: Causes and Consequences,1,0,1,,False,23727
barr20231116a,https://www.federalreserve.gov/newsevents/speech/barr20231116a.htm,2023-11-16,The 2023 U.S. Treasury Market Conference,1,0,1,,False,18967
cook20231116a,https://www.federalreserve.gov/newsevents/speech/cook20231116a.htm,2023-11-16,"Global Linkages: Supply, Spillovers, and Common Challenges",25,10,35,0.4166666666666667,True,17999
barr20231128a,https://www.federalreserve.gov/newsevents/speech/barr20231128a.htm,2023-11-28,Serving Indian Country with the Modernized Community Reinvestment Act,0,1,1,,False,9148
bowman20231128a,https://www.federalreserve.gov/newsevents/speech/bowman20231128a.htm,2023-11-28,Reflections on the Economy and Monetary Policy,14,12,26,0.07407407407407407,True,25870
waller20231128a,https://www.federalreserve.gov/newsevents/speech/waller20231128a.htm,2023-11-28,Something Appears to Be Giving,3,9,12,-0.46153846153846156,True,14833
barr20231201a,https://www.federalreserve.gov/newsevents/speech/barr20231201a.htm,2023-12-01,The Importance of Effective Liquidity Risk Management,0,0,0,,False,24433
powell20231201a,https://www.federalreserve.gov/newsevents/speech/powell20231201a.htm,2023-12-01,Opening Remarks,12,4,16,0.47058823529411764,True,10318
bowman20231205a,https://www.federalreserve.gov/newsevents/speech/bowman20231205a.htm,2023-12-05,Building a More Inclusive Financial System through Collaboration and Action,0,1,1,,False,15049
bowman20240108a,https://www.federalreserve.gov/newsevents/speech/bowman20240108a.htm,2024-01-08,New Yearâs Resolutions for Bank Regulatory Policymakers,4,2,6,0.2857142857142857,True,25750
waller20240116a,https://www.federalreserve.gov/newsevents/speech/waller20240116a.htm,2024-01-16,Almost as Good as It Getsâ¦But Will It Last?,12,21,33,-0.2647058823529412,True,17276
barr20240117a,https://www.federalreserve.gov/newsevents/speech/barr20240117a.htm,2024-01-17,Opening Remarks,0,0,0,,False,6493
bowman20240117a,https://www.federalreserve.gov/newsevents/speech/bowman20240117a.htm,2024-01-17,The Path Forward for Bank Capital Reform,0,0,0,,False,25963
bowman20240202a,https://www.federalreserve.gov/newsevents/speech/bowman20240202a.htm,2024-02-02,The Future of Banking,3,2,5,0.16666666666666666,True,23685
bowman20240207a,https://www.federalreserve.gov/newsevents/speech/bowman20240207a.htm,2024-02-07,Supporting Entrepreneurship & Small Businesses,0,2,2,,False,12979
kugler20240207a,https://www.federalreserve.gov/newsevents/speech/kugler20240207a.htm,2024-02-07,The Outlook for the Economy and Monetary Policy,6,19,25,-0.5,True,18815
bowman20240212a,https://www.federalreserve.gov/newsevents/speech/bowman20240212a.htm,2024-02-12,Defining a Bank,0,0,0,,False,23417
barr20240214a,https://www.federalreserve.gov/newsevents/speech/barr20240214a.htm,2024-02-14,"The Intersection of Monetary Policy, Market Functioning, and Liquidity Risk Management",3,7,10,-0.36363636363636365,True,17211
bowman20240215a,https://www.federalreserve.gov/newsevents/speech/bowman20240215a.htm,2024-02-15,Advancing Cross-Border Payments and Financial Inclusion,0,2,2,,False,21143
waller20240215a,https://www.federalreserve.gov/newsevents/speech/waller20240215a.htm,2024-02-15,The Dollar's International Role,0,0,0,,False,19131
barr20240216a,https://www.federalreserve.gov/newsevents/speech/barr20240216a.htm,2024-02-16,"Supervision with Speed, Force, and Agility",0,1,1,,False,21401
cook20240222a,https://www.federalreserve.gov/newsevents/speech/cook20240222a.htm,2024-02-22,Sources of Uncertainty in the Short Run and the Long Run,6,17,23,-0.4583333333333333,True,21149
jefferson20240222a,https://www.federalreserve.gov/newsevents/speech/jefferson20240222a.htm,2024-02-22,Is This Time Different? Recent Monetary Policy Cycles in Retrospect,9,53,62,-0.6984126984126984,True,17884
waller20240222a,https://www.federalreserve.gov/newsevents/speech/waller20240222a.htm,2024-02-22,Whatâs the Rush?,8,17,25,-0.34615384615384615,True,16091
barr20240227a,https://www.federalreserve.gov/newsevents/speech/barr20240227a.htm,2024-02-27,The Importance of Counterparty Credit Risk Management,0,0,0,,False,14775
bowman20240227a,https://www.federalreserve.gov/newsevents/speech/bowman20240227a.htm,2024-02-27,Reflections on the Economy and Bank Regulation,7,2,9,0.5,True,34997
kugler20240301a,https://www.federalreserve.gov/newsevents/speech/kugler20240301a.htm,2024-03-01,Disinflation without a Rise in Unemployment? What Is Different This Time Around,5,33,38,-0.717948717948718,True,33337
waller20240301a,https://www.federalreserve.gov/newsevents/speech/waller20240301a.htm,2024-03-01,"Thoughts on Quantitative Tightening, Including Remarks on the Paper ""Quantitative Tightening around the Globe: What Have We Learned?""",13,8,21,0.22727272727272727,True,25012
bowman20240305a,https://www.federalreserve.gov/newsevents/speech/bowman20240305a.htm,2024-03-05,"Tailoring, Fidelity to the Rule of Law, and Unintended Consequences",0,0,0,,False,17558
bowman20240307a,https://www.federalreserve.gov/newsevents/speech/bowman20240307a.htm,2024-03-07,Reflections on the Economy and Bank Regulation,5,2,7,0.375,True,14793
cook20240325a,https://www.federalreserve.gov/newsevents/speech/cook20240325a.htm,2024-03-25,The Dual Mandate and the Balance of Risks,6,25,31,-0.59375,True,26090
waller20240327a,https://www.federalreserve.gov/newsevents/speech/waller20240327a.htm,2024-03-27,Thereâs Still No Rush,7,15,22,-0.34782608695652173,True,16870
cook20240401a,https://www.federalreserve.gov/newsevents/speech/cook20240401a.htm,2024-04-01,"Hope, Promise, and Mentors",0,0,0,,False,5047
bowman20240402a,https://www.federalreserve.gov/newsevents/speech/bowman20240402a.htm,2024-04-02,"Bank Mergers and Acquisitions, and De Novo Bank Formation: Implications for the Future of the Banking System",1,0,1,,False,24212
bowman20240403a,https://www.federalreserve.gov/newsevents/speech/bowman20240403a.htm,2024-04-03,"Bank Liquidity, Regulation, and the Fed's Role as Lender of Last Resort",1,3,4,,False,29510
kugler20240403a,https://www.federalreserve.gov/newsevents/speech/kugler20240403a.htm,2024-04-03,The Outlook for the U.S. Economy and Monetary Policy,10,17,27,-0.25,True,19623
powell20240403a,https://www.federalreserve.gov/newsevents/speech/powell20240403a.htm,2024-04-03,Opening Remarks,1,2,3,,False,9336
kugler20240404a,https://www.federalreserve.gov/newsevents/speech/kugler20240404a.htm,2024-04-04,Enriching Data and Analysis in Economics with Real Life Experiences,0,0,0,,False,17337
bowman20240405a,https://www.federalreserve.gov/newsevents/speech/bowman20240405a.htm,2024-04-05,Risks and Uncertainty in Monetary Policy: Current and Past Considerations,14,24,38,-0.2564102564102564,True,36718
jefferson20240416a,https://www.federalreserve.gov/newsevents/speech/jefferson20240416a.htm,2024-04-16,Economic Uncertainty and the Evolution of Monetary Policymaking,2,11,13,-0.6428571428571429,True,27607
bowman20240418a,https://www.federalreserve.gov/newsevents/speech/bowman20240418a.htm,2024-04-18,Opening Remarks,0,1,1,,False,7779
bowman20240503a,https://www.federalreserve.gov/newsevents/speech/bowman20240503a.htm,2024-05-03,Brief Remarks on the Economy and Monetary Policy,4,3,7,0.125,True,6550
cook20240504a,https://www.federalreserve.gov/newsevents/speech/cook20240504a.htm,2024-05-04,"""Oh, the Places Youâll Go and the Things Youâll Do""",1,2,3,,False,13054
cook20240508a,https://www.federalreserve.gov/newsevents/speech/cook20240508a.htm,2024-05-08,Current Assessment of Financial Stability,1,0,1,,False,17270
barr20240510a,https://www.federalreserve.gov/newsevents/speech/barr20240510a.htm,2024-05-10,Commencement Remarks,0,0,0,,False,8833
bowman20240510a,https://www.federalreserve.gov/newsevents/speech/bowman20240510a.htm,2024-05-10,Financial Stability Risks: Resiliency and the Role of Regulators,3,2,5,0.16666666666666666,True,28464
jefferson20240513a,https://www.federalreserve.gov/newsevents/speech/jefferson20240513a.htm,2024-05-13,Communicating about Monetary Policy,0,1,1,,False,16853
cook20240514a,https://www.federalreserve.gov/newsevents/speech/cook20240514a.htm,2024-05-14,Growth and Change at Community Development Financial Institutions,1,0,1,,False,12366
bowman20240515a,https://www.federalreserve.gov/newsevents/speech/bowman20240515a.htm,2024-05-15,Innovation and the Evolving Financial Landscape,0,0,0,,False,16721
bowman20240517a,https://www.federalreserve.gov/newsevents/speech/bowman20240517a.htm,2024-05-17,"Brief Remarks on the Economy, Monetary Policy, and Bank Regulation",5,3,8,0.2222222222222222,True,26952
waller20240517a,https://www.federalreserve.gov/newsevents/speech/waller20240517a.htm,2024-05-17,"Payments Innovation, Technical Standards, and the Federal Reserve's Roles",0,1,1,,False,13632
kugler20240518a,https://www.federalreserve.gov/newsevents/speech/kugler20240518a.htm,2024-05-18,"On the Road Ahead, Cherish the Detours",0,1,1,,False,12503
powell20240519a,https://www.federalreserve.gov/newsevents/speech/powell20240519a.htm,2024-05-19,Georgetown University Law Center Commencement Address,0,1,1,,False,10299
barr20240520a,https://www.federalreserve.gov/newsevents/speech/barr20240520a.htm,2024-05-20,On Building a Resilient Regulatory Framework,2,4,6,-0.2857142857142857,True,21313
jefferson20240520a,https://www.federalreserve.gov/newsevents/speech/jefferson20240520a.htm,2024-05-20,U.S. Economic Outlook and Housing Price Dynamics,4,6,10,-0.18181818181818182,True,12166
waller20240520a,https://www.federalreserve.gov/newsevents/speech/waller20240520a.htm,2024-05-20,Welcoming Remarks on the International Role of the U.S. Dollar,0,1,1,,False,7940
waller20240521a,https://www.federalreserve.gov/newsevents/speech/waller20240521a.htm,2024-05-21,"Little by Little, Progress Seems to be Resuming.",3,14,17,-0.6111111111111112,True,14340
waller20240524a,https://www.federalreserve.gov/newsevents/speech/waller20240524a.htm,2024-05-24,Some Thoughts on r*: Why Did It Fall and Will It Rise?,2,3,5,-0.16666666666666666,True,24518
bowman20240528a,https://www.federalreserve.gov/newsevents/speech/bowman20240528a.htm,2024-05-28,The Federal Reserve's Balance Sheet as a Monetary Policy Tool: Past Lessons and Future Considerations,18,13,31,0.15625,True,26939
cook20240607a,https://www.federalreserve.gov/newsevents/speech/cook20240607a.htm,2024-06-07,A New Class of Trailblazers,1,1,2,,False,9147
cook20240614a,https://www.federalreserve.gov/newsevents/speech/cook20240614a.htm,2024-06-14,Lessons from the American Economic Association Summer Program,0,0,0,,False,8208
bowman20240617a,https://www.federalreserve.gov/newsevents/speech/bowman20240617a.htm,2024-06-17,Innovation in the Financial System,0,0,0,,False,26255
cook20240617a,https://www.federalreserve.gov/newsevents/speech/cook20240617a.htm,2024-06-17,A Transformative Experience,0,0,0,,False,9734
kugler20240618a,https://www.federalreserve.gov/newsevents/speech/kugler20240618a.htm,2024-06-18,Some Reasons for Optimism about Inflation,4,10,14,-0.4,True,20212
waller20240624a,https://www.federalreserve.gov/newsevents/speech/waller20240624a.htm,2024-06-24,Welcoming Remarks,0,0,0,,False,4835
bowman20240625a,https://www.federalreserve.gov/newsevents/speech/bowman20240625a.htm,2024-06-25,Perspectives on U.S. Monetary Policy and Bank Capital Reform,9,10,19,-0.05,True,32584
bowman20240625b,https://www.federalreserve.gov/newsevents/speech/bowman20240625b.htm,2024-06-25,Opening Remarks,0,1,1,,False,5577
cook20240625a,https://www.federalreserve.gov/newsevents/speech/cook20240625a.htm,2024-06-25,Moving Toward Better Balance and Implications for Monetary Policy,7,17,24,-0.4,True,16359
bowman20240626a,https://www.federalreserve.gov/newsevents/speech/bowman20240626a.htm,2024-06-26,The Consequences of Bank Capital Reform,6,3,9,0.3,True,21402
bowman20240627a,https://www.federalreserve.gov/newsevents/speech/bowman20240627a.htm,2024-06-27,"Brief Remarks on the Economy, Monetary Policy, and Bank Regulation",7,3,10,0.36363636363636365,True,21203
barr20240709a,https://www.federalreserve.gov/newsevents/speech/barr20240709a.htm,2024-07-09,"Financial Inclusion: Past, Present, and Hopes for the Future",0,0,0,,False,18787
bowman20240709a,https://www.federalreserve.gov/newsevents/speech/bowman20240709a.htm,2024-07-09,Promoting an Inclusive Financial System,0,0,0,,False,12226
bowman20240710a,https://www.federalreserve.gov/newsevents/speech/bowman20240710a.htm,2024-07-10,Opening Remarks,0,0,0,,False,4436
cook20240710a,https://www.federalreserve.gov/newsevents/speech/cook20240710a.htm,2024-07-10,Common Inflation and Monetary Policy Challenges across Countries,8,20,28,-0.41379310344827586,True,18789
kugler20240716a,https://www.federalreserve.gov/newsevents/speech/kugler20240716a.htm,2024-07-16,The Challenges Facing Economic Measurement and Creative Solutions,0,6,6,-0.8571428571428571,True,30609
waller20240717a,https://www.federalreserve.gov/newsevents/speech/waller20240717a.htm,2024-07-17,Getting Closer,5,15,20,-0.47619047619047616,True,16826
bowman20240718a,https://www.federalreserve.gov/newsevents/speech/bowman20240718a.htm,2024-07-18,"Liquidity, Supervision, and Regulatory Reform",1,2,3,,False,29697
bowman20240724a,https://www.federalreserve.gov/newsevents/speech/bowman20240724a.htm,2024-07-24,Opening Remarks,0,1,1,,False,5574
bowman20240810a,https://www.federalreserve.gov/newsevents/speech/bowman20240810a.htm,2024-08-10,"Update on the Economic Outlook, and Perspective on Bank Culture, M&A, and Liquidity",4,10,14,-0.4,True,33971
waller20240819a,https://www.federalreserve.gov/newsevents/speech/waller20240819a.htm,2024-08-19,Opening Remarks,0,2,2,,False,6873
bowman20240820a,https://www.federalreserve.gov/newsevents/speech/bowman20240820a.htm,2024-08-20,Remarks on the Economic Outlook and Financial Inclusion,3,9,12,-0.46153846153846156,True,21568
powell20240823a,https://www.federalreserve.gov/newsevents/speech/powell20240823a.htm,2024-08-23,Review and Outlook,14,35,49,-0.42,True,25335
waller20240828a,https://www.federalreserve.gov/newsevents/speech/waller20240828a.htm,2024-08-28,Interlinking Fast Payment Systems,0,0,0,,False,13213
waller20240906a,https://www.federalreserve.gov/newsevents/speech/waller20240906a.htm,2024-09-06,The Time Has Come,8,23,31,-0.46875,True,15119
barr20240910a,https://www.federalreserve.gov/newsevents/speech/barr20240910a.htm,2024-09-10,The Next Steps on Capital,0,0,0,,False,22675
bowman20240910a,https://www.federalreserve.gov/newsevents/speech/bowman20240910a.htm,2024-09-10,The Future of Stress Testing and the Stress Capital Buffer Framework,0,4,4,,False,28948
bowman20240920a,https://www.federalreserve.gov/newsevents/speech/bowman20240920a.htm,2024-09-20,Statement by Governor Michelle W. Bowman,1,0,1,,False,3128
bowman20240924a,https://www.federalreserve.gov/newsevents/speech/bowman20240924a.htm,2024-09-24,Recent Views on Monetary Policy and the Economic Outlook,7,12,19,-0.25,True,14404
kugler20240925a,https://www.federalreserve.gov/newsevents/speech/kugler20240925a.htm,2024-09-25,How We Got Here: A Perspective on Inflation and the Labor Market,1,19,20,-0.8571428571428571,True,22722
barr20240926a,https://www.federalreserve.gov/newsevents/speech/barr20240926a.htm,2024-09-26,Supporting Market Resilience and Financial Stability,0,1,1,,False,16624
bowman20240926a,https://www.federalreserve.gov/newsevents/speech/bowman20240926a.htm,2024-09-26,Recent Views on Monetary Policy and the Economic Outlook,7,12,19,-0.25,True,14436
cook20240926a,https://www.federalreserve.gov/newsevents/speech/cook20240926a.htm,2024-09-26,What Will Artificial Intelligence Mean for Americaâs Workers?,6,10,16,-0.23529411764705882,True,20235
powell20240926a,https://www.federalreserve.gov/newsevents/speech/powell20240926a.htm,2024-09-26,Opening Remarks,0,1,1,,False,3487
bowman20240930a,https://www.federalreserve.gov/newsevents/speech/bowman20240930a.htm,2024-09-30,Recent Views on Monetary Policy and the Economic Outlook,7,12,19,-0.25,True,14367
powell20240930a,https://www.federalreserve.gov/newsevents/speech/powell20240930a.htm,2024-09-30,Economic Outlook,1,10,11,-0.75,True,5514
cook20241001a,https://www.federalreserve.gov/newsevents/speech/cook20241001a.htm,2024-10-01,"Artificial Intelligence, Big Data, and the Path Ahead for Productivity",1,0,1,,False,19447
bowman20241002a,https://www.federalreserve.gov/newsevents/speech/bowman20241002a.htm,2024-10-02,Building a Community Banking Framework for the Future,1,1,2,,False,42689
jefferson20241008a,https://www.federalreserve.gov/newsevents/speech/jefferson20241008a.htm,2024-10-08,A History of the Fed's Discount Window: 1913â2000,4,5,9,-0.1,True,30324
kugler20241008a,https://www.federalreserve.gov/newsevents/speech/kugler20241008a.htm,2024-10-08,The Global Fight Against Inflation,9,19,28,-0.3448275862068966,True,25407
jefferson20241009a,https://www.federalreserve.gov/newsevents/speech/jefferson20241009a.htm,2024-10-09,The Fed's Discount Window: 1990 to the Present,1,5,6,-0.5714285714285714,True,27529
cook20241010a,https://www.federalreserve.gov/newsevents/speech/cook20241010a.htm,2024-10-10,"Entrepreneurs, Innovation, and Participation",0,4,4,,False,24554
bowman20241011a,https://www.federalreserve.gov/newsevents/speech/bowman20241011a.htm,2024-10-11,Challenges to the Community Banking Model,0,1,1,,False,22590
waller20241014a,https://www.federalreserve.gov/newsevents/speech/waller20241014a.htm,2024-10-14,Thoughts on the Economy and Policy Rules at the Federal Open Market Committee,1,18,19,-0.85,True,19681
waller20241018a,https://www.federalreserve.gov/newsevents/speech/waller20241018a.htm,2024-10-18,Centralized and Decentralized Finance: Substitutes or Complements?,0,1,1,,False,14534
bowman20241023a,https://www.federalreserve.gov/newsevents/speech/bowman20241023a.htm,2024-10-23,Opening Remarks,1,1,2,,False,6303
waller20241112a,https://www.federalreserve.gov/newsevents/speech/waller20241112a.htm,2024-11-12,What Roles Should the Private Sector and the Federal Reserve Play in Payments?,0,1,1,,False,15622
kugler20241114a,https://www.federalreserve.gov/newsevents/speech/kugler20241114a.htm,2024-11-14,Central Bank Independence and the Conduct of Monetary Policy,4,12,16,-0.47058823529411764,True,31619
powell20241114a,https://www.federalreserve.gov/newsevents/speech/powell20241114a.htm,2024-11-14,Economic Outlook,1,5,6,-0.5714285714285714,True,6031
bowman20241120a,https://www.federalreserve.gov/newsevents/speech/bowman20241120a.htm,2024-11-20,Approaching Policymaking Pragmatically,2,8,10,-0.5454545454545454,True,28163
cook20241120a,https://www.federalreserve.gov/newsevents/speech/cook20241120a.htm,2024-11-20,Economic Outlook,1,16,17,-0.8333333333333334,True,16675
bowman20241122a,https://www.federalreserve.gov/newsevents/speech/bowman20241122a.htm,2024-11-22,Artificial Intelligence in the Financial System,0,1,1,,False,22595
waller20241202a,https://www.federalreserve.gov/newsevents/speech/waller20241202a.htm,2024-12-02,Cut or Skip?,7,18,25,-0.4230769230769231,True,13545
kugler20241203a,https://www.federalreserve.gov/newsevents/speech/kugler20241203a.htm,2024-12-03,A Year in Review: A Tale of Two Supply Shocks,0,12,12,-0.9230769230769231,True,17366
