date,ret
2005-01-03,9.087301587301587e-05
2005-01-04,9.126984126984126e-05
2005-01-05,9.087301587301587e-05
2005-01-06,9.007936507936508e-05
2005-01-07,9.047619047619046e-05
2005-01-10,9.246031746031747e-05
2005-01-11,9.166666666666667e-05
2005-01-12,9.126984126984126e-05
2005-01-13,9.166666666666667e-05
2005-01-14,9.206349206349206e-05
2005-01-18,9.365079365079364e-05
2005-01-19,9.246031746031747e-05
2005-01-20,9.166666666666667e-05
2005-01-21,9.166666666666667e-05
2005-01-24,9.285714285714285e-05
2005-01-25,9.365079365079364e-05
2005-01-26,9.404761904761906e-05
2005-01-27,9.523809523809524e-05
2005-01-28,9.563492063492063e-05
2005-01-31,9.841269841269841e-05
2005-02-01,9.801587301587303e-05
2005-02-02,9.801587301587303e-05
2005-02-03,9.682539682539682e-05
2005-02-04,9.642857142857143e-05
2005-02-07,9.841269841269841e-05
2005-02-08,9.841269841269841e-05
2005-02-09,9.801587301587303e-05
2005-02-10,9.801587301587303e-05
2005-02-11,9.92063492063492e-05
2005-02-14,0.00010119047619047618
2005-02-15,0.00010119047619047618
2005-02-16,0.0001003968253968254
2005-02-17,0.0001003968253968254
2005-02-18,0.00010158730158730159
2005-02-22,0.00010436507936507936
2005-02-23,0.00010436507936507936
2005-02-24,0.00010476190476190476
2005-02-25,0.00010674603174603174
2005-02-28,0.00010793650793650795
2005-03-01,0.00010714285714285715
2005-03-02,0.00010634920634920635
2005-03-03,0.00010714285714285715
2005-03-04,0.00010714285714285715
2005-03-07,0.00010753968253968253
2005-03-08,0.00010714285714285715
2005-03-09,0.00010714285714285715
2005-03-10,0.00010674603174603174
2005-03-11,0.00010714285714285715
2005-03-14,0.00010912698412698413
2005-03-15,0.00010912698412698413
2005-03-16,0.00010873015873015873
2005-03-17,0.00010833333333333334
2005-03-18,0.00010912698412698413
2005-03-21,0.0001111111111111111
2005-03-22,0.00011230158730158731
2005-03-23,0.00010992063492063491
2005-03-24,0.0001103174603174603
2005-03-28,0.00011071428571428572
2005-03-29,0.0001103174603174603
2005-03-30,0.00010992063492063491
2005-03-31,0.00010833333333333334
2005-04-01,0.00010873015873015873
2005-04-04,0.00010912698412698413
2005-04-05,0.00010873015873015873
2005-04-06,0.00010753968253968253
2005-04-07,0.00010753968253968253
2005-04-08,0.00010833333333333334
2005-04-11,0.00010753968253968253
2005-04-12,0.00010753968253968253
2005-04-13,0.00010793650793650795
2005-04-14,0.00010793650793650795
2005-04-15,0.00010833333333333334
2005-04-18,0.0001130952380952381
2005-04-19,0.0001130952380952381
2005-04-20,0.00011150793650793651
2005-04-21,0.0001119047619047619
2005-04-22,0.00011388888888888889
2005-04-25,0.00011428571428571428
2005-04-26,0.0001134920634920635
2005-04-27,0.00011230158730158731
2005-04-28,0.0001119047619047619
2005-04-29,0.00011269841269841269
2005-05-02,0.00011428571428571428
2005-05-03,0.0001130952380952381
2005-05-04,0.00011150793650793651
2005-05-05,0.00010912698412698413
2005-05-06,0.0001111111111111111
2005-05-09,0.0001134920634920635
2005-05-10,0.00011269841269841269
2005-05-11,0.00011150793650793651
2005-05-12,0.0001119047619047619
2005-05-13,0.00010952380952380952
2005-05-16,0.00011269841269841269
2005-05-17,0.0001119047619047619
2005-05-18,0.0001111111111111111
2005-05-19,0.00011150793650793651
2005-05-20,0.00011230158730158731
2005-05-23,0.00011547619047619047
2005-05-24,0.00011428571428571428
2005-05-25,0.00011468253968253969
2005-05-26,0.00011428571428571428
2005-05-27,0.00011507936507936507
2005-05-31,0.00011626984126984129
2005-06-01,0.00011547619047619047
2005-06-02,0.00011547619047619047
2005-06-03,0.00011666666666666667
2005-06-06,0.00011746031746031746
2005-06-07,0.00011746031746031746
2005-06-08,0.00011746031746031746
2005-06-09,0.00011626984126984129
2005-06-10,0.00011666666666666667
2005-06-13,0.00011785714285714286
2005-06-14,0.00011706349206349207
2005-06-15,0.00011666666666666667
2005-06-16,0.00011547619047619047
2005-06-17,0.00011587301587301588
2005-06-20,0.00011746031746031746
2005-06-21,0.00011746031746031746
2005-06-22,0.00011785714285714286
2005-06-23,0.00011904761904761905
2005-06-24,0.00011984126984126985
2005-06-27,0.0001226190476190476
2005-06-28,0.00012222222222222221
2005-06-29,0.00012142857142857144
2005-06-30,0.00012142857142857144
2005-07-01,0.00012301587301587303
2005-07-05,0.000125
2005-07-06,0.0001238095238095238
2005-07-07,0.00012222222222222221
2005-07-08,0.00012301587301587303
2005-07-11,0.00012420634920634922
2005-07-12,0.00012460317460317462
2005-07-13,0.000125
2005-07-14,0.0001253968253968254
2005-07-15,0.0001261904761904762
2005-07-18,0.0001281746031746032
2005-07-19,0.0001285714285714286
2005-07-20,0.0001281746031746032
2005-07-21,0.00012976190476190477
2005-07-22,0.00013095238095238096
2005-07-25,0.00013373015873015875
2005-07-26,0.0001333333333333333
2005-07-27,0.00013214285714285715
2005-07-28,0.00013214285714285715
2005-07-29,0.00013253968253968253
2005-08-01,0.00013531746031746032
2005-08-02,0.00013531746031746032
2005-08-03,0.00013412698412698412
2005-08-04,0.00013452380952380953
2005-08-05,0.0001365079365079365
2005-08-08,0.0001376984126984127
2005-08-09,0.0001365079365079365
2005-08-10,0.00013611111111111113
2005-08-11,0.00013611111111111113
2005-08-12,0.0001365079365079365
2005-08-15,0.0001376984126984127
2005-08-16,0.0001373015873015873
2005-08-17,0.0001365079365079365
2005-08-18,0.00013571428571428572
2005-08-19,0.0001365079365079365
2005-08-22,0.0001373015873015873
2005-08-23,0.0001373015873015873
2005-08-24,0.0001369047619047619
2005-08-25,0.0001373015873015873
2005-08-26,0.0001376984126984127
2005-08-29,0.0001376984126984127
2005-08-30,0.0001373015873015873
2005-08-31,0.0001365079365079365
2005-09-01,0.00013492063492063494
2005-09-02,0.00013412698412698412
2005-09-06,0.0001369047619047619
2005-09-07,0.00013531746031746032
2005-09-08,0.00013492063492063494
2005-09-09,0.00013531746031746032
2005-09-12,0.0001365079365079365
2005-09-13,0.00013492063492063494
2005-09-14,0.00013293650793650793
2005-09-15,0.00013373015873015875
2005-09-16,0.00013571428571428572
2005-09-19,0.0001392857142857143
2005-09-20,0.00014047619047619049
2005-09-21,0.00013253968253968253
2005-09-22,0.00013452380952380953
2005-09-23,0.00013492063492063494
2005-09-26,0.0001373015873015873
2005-09-27,0.00013571428571428572
2005-09-28,0.00013452380952380953
2005-09-29,0.0001373015873015873
2005-09-30,0.0001376984126984127
2005-10-03,0.00014047619047619049
2005-10-04,0.00014087301587301586
2005-10-05,0.0001388888888888889
2005-10-06,0.0001396825396825397
2005-10-07,0.00014047619047619049
2005-10-10,0.00014047619047619049
2005-10-11,0.00014484126984126984
2005-10-12,0.00014365079365079365
2005-10-13,0.00014523809523809525
2005-10-14,0.00014642857142857144
2005-10-17,0.00015000000000000001
2005-10-18,0.00014960317460317458
2005-10-19,0.00014960317460317458
2005-10-20,0.00014920634920634917
2005-10-21,0.00014960317460317458
2005-10-24,0.00015238095238095237
2005-10-25,0.00015238095238095237
2005-10-26,0.0001511904761904762
2005-10-27,0.00015039682539682542
2005-10-28,0.000151984126984127
2005-10-31,0.00015436507936507937
2005-11-01,-0.004375279463507993
2005-11-02,0.00674080596965858
2005-11-03,0.0002318489078641399
2005-11-04,-0.003187223442870851
2005-11-07,0.0023564642268508996
2005-11-08,-0.0009818245287779046
2005-11-09,0.0024385856322188247
2005-11-10,0.0061186943539546955
2005-11-11,0.0026037194400257593
2005-11-14,-0.0013948949090049347
2005-11-15,-0.0018532068660152747
2005-11-16,-0.0010225778327678338
2005-11-17,0.008649604166856265
2005-11-18,0.0029743340594211476
2005-11-21,0.0023352178625214337
2005-11-22,0.004162369069688918
2005-11-23,0.0030504821834662424
2005-11-25,-0.0010245951430482222
2005-11-28,-0.0030312338221751755
2005-11-29,-0.00033745536591633143
2005-11-30,-0.003765696209586354
2005-12-01,0.008748291626616018
2005-12-02,6.329545374089583e-05
2005-12-05,-0.0002199389271381651
2005-12-06,0.0004055315003324662
2005-12-07,-0.003466781642799658
2005-12-08,0.0014161300200521859
2005-12-09,0.003104023043099024
2005-12-12,0.0029087178364403726
2005-12-13,0.0033576963094321182
2005-12-14,0.0011331344332446665
2005-12-15,-0.0038823883007474995
2005-12-16,0.0016915531966780167
2005-12-19,-0.003951102884736205
2005-12-20,0.0005561600765207787
2005-12-21,0.002552695247523827
2005-12-22,0.0034031341680975736
2005-12-23,0.0007566012563244285
2005-12-27,-0.004712600620200903
2005-12-28,0.0017192255302446427
2005-12-29,-0.00179334418271356
2005-12-30,-0.002495671478296517
2006-01-03,0.014748246163814184
2006-01-04,0.004492488174107437
2006-01-05,0.0007346946087908242
2006-01-06,0.006004873380717242
2006-01-09,0.0024409067411403666
2006-01-10,-0.0011460343726493378
2006-01-11,0.002201330726702592
2006-01-12,-0.0022533889233879497
2006-01-13,-0.0009620841250116239
2006-01-17,-0.0035968055482254223
2006-01-18,-0.003434057578945706
2006-01-19,0.005087472801146362
2006-01-20,-0.008255585682979285
2006-01-23,0.004355805083570997
2006-01-24,0.0024218364149814074
2006-01-25,-0.00021831251760756084
2006-01-26,0.003740209979748995
2006-01-27,0.005337159656173093
2006-01-30,-0.0005443593081401404
2006-01-31,-0.00041136421576847313
2006-02-01,0.0028685823354601893
2006-02-02,-0.005908998087793638
2006-02-03,-0.0031798726587063185
2006-02-06,0.0010654346861773258
2006-02-07,-0.004753663428111562
2006-02-08,0.0017110308145134533
2006-02-09,0.001087690140863836
2006-02-10,0.00017432601152070777
2006-02-13,-0.0013861717018836487
2006-02-14,0.005513761572839065
2006-02-15,0.0007233503220018952
2006-02-16,0.004825637706763267
2006-02-17,0.0010791012820879583
2006-02-21,-0.0006345968176799705
2006-02-22,0.005036331172116545
2006-02-23,-4.0670614293158565e-05
2006-02-24,0.0001890035421109574
2006-02-27,0.0008787849154057238
2006-02-28,-0.004405729209432267
2006-03-01,0.005081481659114176
2006-03-02,-0.0005628702392507631
2006-03-03,-0.0027815555199536667
2006-03-06,0.0019957060771273153
2006-03-07,-0.005061905280675491
2006-03-08,0.0022104143452664074
2006-03-09,0.00014874211193214345
2006-03-10,0.00680719335321796
2006-03-13,0.0007992709628151398
2006-03-14,0.005722612621333201
2006-03-15,0.005461501817586763
2006-03-16,0.00321980612930191
2006-03-17,0.002999263729831001
2006-03-20,-0.0031934363195672845
2006-03-21,-0.005571767440458555
2006-03-22,0.0036042167745378804
2006-03-23,-0.002221914355456518
2006-03-24,0.0015500677819442552
2006-03-27,-0.002872355383707663
2006-03-28,-0.0008715625201764055
2006-03-29,0.00768814801158469
2006-03-30,-0.000741055841286071
2006-03-31,-0.0008976624340262828
2006-04-03,-0.0013377685163509525
2006-04-04,0.0015579042540560147
2006-04-05,0.0025036226493015666
2006-04-06,-0.0007677738828338712
2006-04-07,-0.007257262977902015
2006-04-10,-0.0011542952608145645
2006-04-11,-0.003446933482297521
2006-04-12,-0.0005335576143680192
2006-04-13,-0.002304207398705738
2006-04-17,0.0003613090879231177
2006-04-18,0.01219666986394266
2006-04-19,0.004292889795545679
2006-04-20,-0.0003335252199878343
2006-04-21,0.0014794261727823046
2006-04-24,-0.0011102565301876464
2006-04-25,-0.0023903319833342962
2006-04-26,0.000748759718954025
2006-04-27,0.002696310966188314
2006-04-28,0.0014957400042880853
2006-05-01,-0.0040314967663690445
2006-05-02,0.002577536509549017
2006-05-03,-0.0014978737288094928
2006-05-04,0.005164117155842772
2006-05-05,0.0074944407538867245
2006-05-08,0.0005442126737929123
2006-05-09,0.0015734674923674797
2006-05-10,-0.0013789861859929097
2006-05-11,-0.008057111335666441
2006-05-12,-0.00764325639294429
2006-05-15,0.0015243882968443926
2006-05-16,-0.0012725124178629204
2006-05-17,-0.013867977156002914
2006-05-18,-0.0030790389123514566
2006-05-19,0.0029723725750460147
2006-05-22,-0.00638833922044419
2006-05-23,-0.0035573834180650118
2006-05-24,0.0018592953944048835
2006-05-25,0.008984354380631724
2006-05-26,0.005127156552062958
2006-05-30,-0.008168248828051354
2006-05-31,0.004123976673425867
2006-06-01,0.0069457743838752745
2006-06-02,0.004775822339466674
2006-06-05,-0.006205671383578828
2006-06-06,-0.005200138306577428
2006-06-07,-0.002766664509388261
2006-06-08,-0.0049159992605593335
2006-06-09,0.0005439496971089277
2006-06-12,-0.006190891968344587
2006-06-13,-0.01055103738123187
2006-06-14,0.002780893882955322
2006-06-15,0.015362352526731444
2006-06-16,-0.0033955160987430987
2006-06-19,-0.0038627303741318023
2006-06-20,0.0008991992819714877
2006-06-21,0.006468245992681898
2006-06-22,-0.0032693225016692472
2006-06-23,-0.0020380047650960915
2006-06-26,0.004660878420539841
2006-06-27,-0.00556795888289649
2006-06-28,0.004275267817013769
2006-06-29,0.01591700345413833
2006-06-30,0.0041564430097965795
2006-07-03,0.005638728685962038
2006-07-05,-0.005206154208121031
2006-07-06,0.0032344286558380233
2006-07-07,-0.002967987529805206
2006-07-10,0.003686524010794575
2006-07-11,0.0018434529287388033
2006-07-12,-0.0053033535445711575
2006-07-13,-0.009390714784480031
2006-07-14,-0.005141831864365157
2006-07-17,-0.003013127913253281
2006-07-18,0.003783506069558973
2006-07-19,0.010899019812877194
2006-07-20,-0.003981640771679672
2006-07-21,-0.00461054944520368
2006-07-24,0.010629285508627111
2006-07-25,0.0017637677247150487
2006-07-26,0.002460408590696824
2006-07-27,0.0005205691634821258
2006-07-28,0.008977874659952378
2006-07-31,-0.0014902623709707914
2006-08-01,-0.0031409464801069775
2006-08-02,0.003378308138735483
2006-08-03,0.002192843306949286
2006-08-04,0.004001195808233988
2006-08-07,-0.0038885228888326695
2006-08-08,-0.004367586352341283
2006-08-09,-0.0009720606766644941
2006-08-10,0.0013108383580978794
2006-08-11,-0.004126927422904042
2006-08-14,0.0024448951431231924
2006-08-15,0.009992410720134978
2006-08-16,0.0047357840854014895
2006-08-17,-0.0005289279737643634
2006-08-18,0.0033207069954528014
2006-08-21,-4.439894080894491e-05
2006-08-22,0.0009394543790730205
2006-08-23,-0.0029500018615189515
2006-08-24,0.0002761372549862043
2006-08-25,0.00026337672039848734
2006-08-28,0.004178202135484329
2006-08-29,0.0020817599723442263
2006-08-30,0.0015940234583055185
2006-08-31,0.0004482163262166244
2006-09-01,0.0018589974589788834
2006-09-05,0.002843787525925798
2006-09-06,-0.0061853103591672015
2006-09-07,-0.004759424048025602
2006-09-08,0.002760269662994542
2006-09-11,-0.000685622270747719
2006-09-12,0.007430210534350355
2006-09-13,0.0017797408567415852
2006-09-14,-0.0011368602777938022
2006-09-15,0.001571777328115391
2006-09-18,-0.0005603724726902483
2006-09-19,0.00037138609714282603
2006-09-20,0.002661756049798827
2006-09-21,-0.0012325229055456632
2006-09-22,-0.000416238304428428
2006-09-25,0.003387784563175319
2006-09-26,0.0012023070207902466
2006-09-27,0.0032701440953026594
2006-09-28,-7.570506606512804e-05
2006-09-29,-0.0009799471183850627
2006-10-02,-0.00018527662088110622
2006-10-03,0.0025660492138778403
2006-10-04,0.007525607945645897
2006-10-05,0.0012689282353742024
2006-10-06,-0.0043114928891762015
2006-10-09,0.0016877513532305185
2006-10-10,-0.0006419443549099872
2006-10-11,-0.0013451239027176824
2006-10-12,0.005852636166810181
2006-10-13,0.002847513885092648
2006-10-16,0.0018680237652002288
2006-10-17,-0.002276589660852206
2006-10-18,0.0017622270535788645
2006-10-19,0.001218839009447822
2006-10-20,0.0004044573775860941
2006-10-23,0.0017760374016372418
2006-10-24,-9.754480670567375e-05
2006-10-25,0.003863712498832005
2006-10-26,0.004862367850231874
2006-10-27,-0.003285045042480241
2006-10-30,0.0007044887956652781
2006-10-31,0.001375293693771235
2006-11-01,-0.002490410960482909
2006-11-02,-0.00369318628579623
2006-11-03,-0.004801353515539568
2006-11-06,0.0072882307824309
2006-11-07,-0.00047412689233147754
2006-11-08,0.0016467906433827641
2006-11-09,-0.0017468053826741367
2006-11-10,0.0021656408751744207
2006-11-13,-0.0003421679065950297
2006-11-14,0.006683623624170516
2006-11-15,0.0002526264503468448
2006-11-16,0.0009795849529288206
2006-11-17,-0.0005220786502420124
2006-11-20,0.005598683083844397
2006-11-21,0.004746376261926704
2006-11-22,0.0035782449842912817
2006-11-24,-0.0007592028253150068
2006-11-27,-0.009558513503069674
2006-11-28,0.0035859132988222313
2006-11-29,0.006976615474962579
2006-11-30,0.004131886162090226
2006-12-01,-0.0012169739146143943
2006-12-04,0.004211660030387643
2006-12-05,0.0008232165174690831
2006-12-06,-0.004684373717290025
2006-12-07,-0.002188367528510593
2006-12-08,-0.0019509645412331134
2006-12-11,0.002799181893492486
2006-12-12,-0.000197014823864472
2006-12-13,-0.0010011121394701838
2006-12-14,0.004744608285754737
2006-12-15,-0.0012938680251810553
2006-12-18,-0.005550914408911201
2006-12-19,0.0019052168187563279
2006-12-20,0.001999394026835244
2006-12-21,-0.0037753270459731647
2006-12-22,-0.0028268451572538433
2006-12-26,-0.0003825135834232274
2006-12-27,0.004479968115637778
2006-12-28,0.0012773743957923411
2006-12-29,0.0006120462542336114
2007-01-03,-0.005074241838137872
2007-01-04,-0.004370893763394279
2007-01-05,-0.009628634425069227
2007-01-08,0.002724248279739161
2007-01-09,0.0009002913110378596
2007-01-10,-0.0015833662011054406
2007-01-11,0.003964173353699696
2007-01-12,0.008694600997090518
2007-01-16,-0.0020485697579750717
2007-01-17,0.0015168649336441131
2007-01-18,-0.003421075872151458
2007-01-19,0.007503666399848452
2007-01-22,-0.002764184556977911
2007-01-23,0.009048774360897127
2007-01-24,0.003817901788190081
2007-01-25,-0.00694459527746627
2007-01-26,0.0033117004582583487
2007-01-29,-0.0034811123547560108
2007-01-30,0.009143620789707985
2007-01-31,0.006531728213790888
2007-02-01,0.004891055965795177
2007-02-02,0.0004430748558437737
2007-02-05,-0.00032271569104722395
2007-02-06,0.005153727074464654
2007-02-07,0.00566880147944995
2007-02-08,-0.002506310971062916
2007-02-09,-0.00521601463542529
2007-02-12,-0.0053066729162775505
2007-02-13,0.008033106617741474
2007-02-14,0.0037824504696451176
2007-02-15,0.0023308375009916038
2007-02-16,-0.00043101219003808925
2007-02-20,0.002541747269665978
2007-02-21,-0.0017331495698593004
2007-02-22,-0.0007967009786872981
2007-02-23,-0.002806922613214097
2007-02-26,-0.0004007997699474076
2007-02-27,-0.020407022242495455
2007-02-28,0.004246646348018025
2007-03-01,-0.00510116699004215
2007-03-02,-0.009692751455911752
2007-03-05,-0.016676563008246714
2007-03-06,0.018545332055430963
2007-03-07,0.0001219897184434604
2007-03-08,0.007560966642625289
2007-03-09,-0.0007074309240084897
2007-03-12,0.001288632613795082
2007-03-13,-0.014070967664048362
2007-03-14,0.0027016412495084463
2007-03-15,0.0015394470423393258
2007-03-16,-0.002070237695078414
2007-03-19,0.008204812759501134
2007-03-20,0.004129889962863897
2007-03-21,0.010589862114869897
2007-03-22,0.0018881824266001601
2007-03-23,0.0006544174664520064
2007-03-26,-0.002334827675992468
2007-03-27,-0.0029307561663231008
2007-03-28,-0.002612904486647194
2007-03-29,0.005888066943297909
2007-03-30,2.788745305637441e-05
2007-04-02,0.0003057385018772063
2007-04-03,0.0046110203765248325
2007-04-04,0.0026173018281512306
2007-04-05,0.0009644759469398245
2007-04-09,-0.00244998231312632
2007-04-10,0.005731017055849108
2007-04-11,-0.005324308216830165
2007-04-12,0.002247728392024806
2007-04-13,0.00460552253568447
2007-04-16,0.0029165112282882877
2007-04-17,0.001978368170420408
2007-04-18,-0.0005232089513095284
2007-04-19,-0.0027185126062631015
2007-04-20,0.008258428484717584
2007-04-23,0.0012767384540934845
2007-04-24,-0.003734620641464237
2007-04-25,0.007397585807822127
2007-04-26,-0.002559964931645453
2007-04-27,-5.942750793852536e-05
2007-04-30,-0.006539964503466278
2007-05-01,-0.0010298218500527367
2007-05-02,0.002485176691787272
2007-05-03,0.002627622274802066
2007-05-04,0.0010081780360065018
2007-05-07,0.00013182969348379814
2007-05-08,-0.004475942055979787
2007-05-09,0.0021283842230508387
2007-05-10,-0.009029176451304632
2007-05-11,0.010340625677050852
2007-05-14,-0.003312321650225547
2007-05-15,-0.0006549452818296331
2007-05-16,-0.002902310652153628
2007-05-17,-0.0037650829269778585
2007-05-18,0.000355859081620169
2007-05-21,0.00201148247674543
2007-05-22,-0.00048081817415668304
2007-05-23,7.422430884673759e-05
2007-05-24,-0.007900497802632134
2007-05-25,0.005467707778289199
2007-05-29,0.003229531829466392
2007-05-30,0.009968889009360327
2007-05-31,0.0017335215363962764
2007-06-01,0.003203822799134004
2007-06-04,0.0034927965568358754
2007-06-05,-0.006405502171074384
2007-06-06,-0.006359483497828777
2007-06-07,-0.01428427523989162
2007-06-08,0.003942879507701003
2007-06-11,0.001292868368577782
2007-06-12,-0.011174348048748173
2007-06-13,0.013205253592037502
2007-06-14,0.0025766660726693758
2007-06-15,0.007056178023026938
2007-06-18,-0.002316043352708852
2007-06-19,0.00011100501287875097
2007-06-20,-0.011544310258800539
2007-06-21,0.002875898356293538
2007-06-22,-0.005256037727098484
2007-06-25,-0.004387147316515905
2007-06-26,-0.00608251173741392
2007-06-27,0.009107015785683181
2007-06-28,-0.0016617664375228047
2007-06-29,0.001666286297674402
2007-07-02,0.006727313353956115
2007-07-03,0.001984105018117814
2007-07-05,0.0007131595186276749
2007-07-06,0.004253597290092408
2007-07-09,0.0002657869790551577
2007-07-10,-0.0037745869072859776
2007-07-11,0.003820985981108542
2007-07-12,0.006552953082109955
2007-07-13,0.0008273158307622847
2007-07-16,-0.00394036582102798
2007-07-17,-0.0019226901009239343
2007-07-18,0.001318110853347327
2007-07-19,0.0026728869880107025
2007-07-20,-0.004091058022673569
2007-07-23,0.000980155090502707
2007-07-24,-0.007934751327893388
2007-07-25,0.0017046605990156743
2007-07-26,-0.013457156022293651
2007-07-27,-0.0047000386724761626
2007-07-30,0.004398085314351269
2007-07-31,-0.0007964949129584057
2007-08-01,0.0007630857340719179
2007-08-02,0.002695892290576214
2007-08-03,-0.009661311498909593
2007-08-06,0.0019575596919665763
2007-08-07,0.003943271373876801
2007-08-08,0.00436799489720733
2007-08-09,-0.012107861331188642
2007-08-10,-0.00387927096280382
2007-08-13,9.074089431405937e-05
2007-08-14,-0.003548206431226549
2007-08-15,-0.005558378735676668
2007-08-16,-0.0017111539495858925
2007-08-17,0.005981997193822864
2007-08-20,0.0015221247213604357
2007-08-21,0.0008405829535511689
2007-08-22,0.0069489771108994835
2007-08-23,0.0014695634381138788
2007-08-24,0.008426816396446497
2007-08-27,-0.0031583487516939268
2007-08-28,-0.009478274621898907
2007-08-29,0.009620425262646096
2007-08-30,-0.0003530157461699278
2007-08-31,0.005644593389041714
2007-09-04,0.00577190564700599
2007-09-05,-0.0030102806507048695
2007-09-06,3.736380192627273e-05
2007-09-07,-0.0017510224735227673
2007-09-10,0.0006538565136167025
2007-09-11,0.005818557047293487
2007-09-12,0.0023790273609314155
2007-09-13,-0.0004107718803732272
2007-09-14,-0.0007272710037563862
2007-09-17,-0.0014149657682686735
2007-09-18,0.012899171860895115
2007-09-19,0.004061852024064592
2007-09-20,-0.0007225589849409082
2007-09-21,0.0038334665615325277
2007-09-24,9.819777992171644e-06
2007-09-25,-0.001521907804710115
2007-09-26,0.002449293253298712
2007-09-27,0.009744400407764128
2007-09-28,-0.0008872360095293384
2007-10-01,0.0032324413525802484
2007-10-02,-0.004281153453696406
2007-10-03,-0.0011996549027058039
2007-10-04,0.004192231713694227
2007-10-05,0.0032360778087018355
2007-10-08,-0.006065378254800464
2007-10-09,0.004957121284687838
2007-10-10,0.001851749470236507
2007-10-11,0.002425977228493753
2007-10-12,0.0022568235532337807
2007-10-15,0.0003130741168340471
2007-10-16,-0.0038687391580670945
2007-10-17,0.0029322106267569096
2007-10-18,0.004119995368797559
2007-10-19,-0.008474057184734363
2007-10-22,6.518762545012989e-05
2007-10-23,0.0030633806493764264
2007-10-24,0.0009506818658601258
2007-10-25,0.005911007494100727
2007-10-26,0.008568377204833045
2007-10-29,0.00559972328570107
2007-10-30,-0.007250717004768547
2007-10-31,0.009217255879338025
2007-11-01,-0.00984291488568653
2007-11-02,0.0062044834259049365
2007-11-05,-0.006089743570163245
2007-11-06,0.010556789710481431
2007-11-07,-0.008896102276552102
2007-11-08,-0.0007645810370089191
2007-11-09,-0.005383090470221856
2007-11-12,-0.009301396149125023
2007-11-13,0.006567890040725219
2007-11-14,0.0038855434043404743
2007-11-15,-0.006992521739637104
2007-11-16,0.0016785855229101796
2007-11-19,-0.005107475946488684
2007-11-20,0.010103445281433025
2007-11-21,-0.006804248672716085
2007-11-23,0.009731621746698341
2007-11-26,-0.007246852780510056
2007-11-27,0.0015295349673827903
2007-11-28,0.008917269980808825
2007-11-29,-2.0989060449205352e-05
2007-11-30,0.0010087939535757325
2007-12-03,0.00021649077718146294
2007-12-04,-0.00191846959057397
2007-12-05,0.0034296172732944806
2007-12-06,0.007384830738501413
2007-12-07,-0.002572685831535946
2007-12-10,0.003029083878814005
2007-12-11,-0.006210292430901248
2007-12-12,0.009656257566510494
2007-12-13,-0.007999897100481136
2007-12-14,-0.009920075930419615
2007-12-17,-0.006743052546701201
2007-12-18,0.0031846133059200655
2007-12-19,0.0018810728439943288
2007-12-20,0.00152665830141077
2007-12-21,0.00666178356278282
2007-12-24,0.0033682390536983555
2007-12-26,0.002449172012231261
2007-12-27,-0.0016795221684815212
2007-12-28,0.0021957612157197355
2007-12-31,-0.0015144848435116366
2008-01-02,0.008775386948816627
2008-01-03,0.0020478873603014484
2008-01-04,-0.0005634719230256172
2008-01-07,-0.0032018919383106537
2008-01-08,0.002310111410295227
2008-01-09,-0.0022233277686431524
2008-01-10,-0.001388927331507894
2008-01-11,0.0031734104611541468
2008-01-14,0.002682430877517634
2008-01-15,-0.0010946704354653169
2008-01-16,-0.002179297289826419
2008-01-17,-0.0008792559013693199
2008-01-18,0.0005207648889952107
2008-01-22,0.0017479132021182703
2008-01-23,-0.0046743651207540515
2008-01-24,0.003168046587522109
2008-01-25,0.006424790803314149
2008-01-28,0.0002714043816370301
2008-01-29,0.0009344618206450188
2008-01-30,-0.0017562689752656155
2008-01-31,0.002082966051738825
2008-02-01,-0.0028080435208512294
2008-02-04,0.002417822836899907
2008-02-05,-0.00022248051236999745
2008-02-06,-0.001229645196236761
2008-02-07,0.00025480275216286454
2008-02-08,0.007705293671505195
2008-02-11,0.001810680738204782
2008-02-12,-0.00443603984640484
2008-02-13,0.0008491944735332208
2008-02-14,0.0029955415586487965
2008-02-15,-0.0004629636800541823
2008-02-19,0.005070917019753343
2008-02-20,0.0009089261632782384
2008-02-21,0.001017824840008196
2008-02-22,0.0022347884550585
2008-02-25,0.0006501972277762273
2008-02-26,0.004815560094673313
2008-02-27,0.0002303070978818532
2008-02-28,0.004305241971706004
2008-02-29,-0.0011060694205080252
2008-03-03,0.0024427616869327497
2008-03-04,-0.0014237831948500372
2008-03-05,0.003549631537240452
2008-03-06,0.0031391617169059414
2008-03-07,-0.0012866330468136132
2008-03-10,0.005263267318682111
2008-03-11,0.000970826611260653
2008-03-12,0.004516801276091185
2008-03-13,-0.0008095831906891191
2008-03-14,0.0018351409590614477
2008-03-17,-0.007029287618530051
2008-03-18,0.003050825445530894
2008-03-19,-0.0070290890672248
2008-03-20,-0.007383732531740074
2008-03-24,0.00013372196721115817
2008-03-25,0.002794271276563993
2008-03-26,0.0061289946171853415
2008-03-27,0.001977156471342055
2008-03-28,-0.00397883250187038
2008-03-31,-0.004306662770894807
2008-04-01,-0.002713178308374944
2008-04-02,0.005397487291714954
2008-04-03,0.0010972854853101594
2008-04-04,0.0029663370005821458
2008-04-07,0.0009066633590998818
2008-04-08,0.0008594424148969831
2008-04-09,0.0045685416083147265
2008-04-10,-0.0015911777892451016
2008-04-11,0.0001221030094535969
2008-04-14,0.0008902081534681619
2008-04-15,0.0015442357088043578
2008-04-16,0.000585204791952487
2008-04-17,-0.001353890253363789
2008-04-18,-5.644965984663546e-05
2008-04-21,0.0003107934722646068
2008-04-22,0.0014279074051249097
2008-04-23,-0.002075707589777268
2008-04-24,-0.004893964839139512
2008-04-25,0.003422829268354896
2008-04-28,0.0008604193311381504
2008-04-29,-0.004452681954123678
2008-04-30,0.00029514896602802067
2008-05-01,-0.0005758718830641244
2008-05-02,0.0033973271956578427
2008-05-05,0.0039191437996371255
2008-05-06,0.0034107788033049895
2008-05-07,-0.004264455272156936
2008-05-08,0.0033430756603886427
2008-05-09,0.002327419813361108
2008-05-12,0.0010797440719744135
2008-05-13,0.00027489589895040656
2008-05-14,-0.0020245029660752546
2008-05-15,0.005815517448146618
2008-05-16,0.0015232358237698836
2008-05-19,0.0011002402269142438
2008-05-20,0.0006819120279852558
2008-05-21,0.0005417195360941335
2008-05-22,-0.005824146940756757
2008-05-23,0.00033256659697603557
2008-05-27,-0.0014104699383121785
2008-05-28,0.00024586562948103154
2008-05-29,-0.0042964978055676905
2008-05-30,0.0011428729592642465
2008-06-02,0.0005432248190431527
2008-06-03,-0.0023976033993556526
2008-06-04,-0.0026344741094075502
2008-06-05,0.011155862395629634
2008-06-06,-0.001359017001901344
2008-06-09,-0.003302199202135928
2008-06-10,-0.0017813544049956052
2008-06-11,0.0045047660401461
2008-06-12,0.00022550722110594324
2008-06-13,0.0016084628535251993
2008-06-16,0.0025599011517979963
2008-06-17,-0.0029203611840279238
2008-06-18,0.0009127494048686546
2008-06-19,-0.0011410658966589226
2008-06-20,-0.0022905415898854292
2008-06-23,-0.003568589420244566
2008-06-24,0.0012797992348917938
2008-06-25,0.0025040298060797347
2008-06-26,0.0011330940758863834
2008-06-27,-2.0905767444540142e-05
2008-06-30,-0.0030768054476227446
2008-07-01,-0.002302534694284242
2008-07-02,0.004357732912565477
2008-07-03,4.6240531478759966e-05
2008-07-07,-0.001728359030983706
2008-07-08,-0.0067366528702169
2008-07-09,0.0008574431301993154
2008-07-10,0.005518892001956557
2008-07-11,0.0010317596944260767
2008-07-14,0.0011925870307850995
2008-07-15,-0.005625495397697117
2008-07-16,-0.004815135264889593
2008-07-17,-0.005636412598088888
2008-07-18,-0.004059374422204645
2008-07-21,0.0029111418106771763
2008-07-22,-0.005026574209485759
2008-07-23,-0.004765228210243822
2008-07-24,0.0019142199582261451
2008-07-25,-0.003634595336223342
2008-07-28,0.002173717017745591
2008-07-29,-0.0027682439774116253
2008-07-30,0.004464810105310469
2008-07-31,3.3471541783042595e-05
2008-08-01,-0.0019649036159706816
2008-08-04,-0.006708334438676116
2008-08-05,-0.0023387116224439057
2008-08-06,-0.002034217591453087
2008-08-07,0.003018192693307275
2008-08-08,-0.005700066010829895
2008-08-11,-0.0011530353211658738
2008-08-12,-0.00029780457212796077
2008-08-13,0.006297064052631579
2008-08-14,-0.0011071925308352626
2008-08-15,-0.0019129859795393373
2008-08-18,0.001673024642140148
2008-08-19,0.0028795669891552357
2008-08-20,0.002221969921310145
2008-08-21,0.00813208684371944
2008-08-22,-0.007384334709316486
2008-08-25,0.00022884682042823302
2008-08-26,0.00021066912698293634
2008-08-27,0.0022210911791410576
2008-08-28,-0.004171881775196115
2008-08-29,-0.0009604937919394353
2008-09-02,-0.0036523346790671325
2008-09-03,0.0025095474520963066
2008-09-04,-0.007493165856404628
2008-09-05,-0.002322876593547333
2008-09-08,0.008302800769867984
2008-09-09,-0.013868311910082051
2008-09-10,0.00013068899087097642
2008-09-11,0.0010614580181858273
2008-09-12,-0.00029505326103205175
2008-09-15,-0.015777022932866404
2008-09-16,0.005709664936815263
2008-09-17,-0.004191894660189626
2008-09-18,0.015254596930158142
2008-09-19,0.01142031360613301
2008-09-22,-0.010083261375134258
2008-09-23,-0.0007206186174755262
2008-09-24,-0.002455307703253089
2008-09-25,0.005355179606088271
2008-09-26,0.003884922355000825
2008-09-29,-0.02519706154904719
2008-09-30,0.016855540282602246
2008-10-01,-0.005781771156383584
2008-10-02,-0.011840632499028449
2008-10-03,-0.007853427855094193
2008-10-06,-0.004257520468561987
2008-10-07,-0.0173638187263982
2008-10-08,-0.004613595019555646
2008-10-09,-0.017823404980135963
2008-10-10,0.018343091974237013
2008-10-13,0.012758803600297585
2008-10-14,-0.01401359358252803
2008-10-15,-0.024043135698111468
2008-10-16,0.011053228303983564
2008-10-17,-0.0007852709360260607
2008-10-20,0.0019271193897747421
2008-10-21,-0.004712984041813968
2008-10-22,-0.01266719018301951
2008-10-23,-0.004916642040103406
2008-10-24,-0.010805632849042781
2008-10-27,-0.011613439424506787
2008-10-28,0.02894456493323647
2008-10-29,-0.006988971147177796
2008-10-30,0.008923476261053626
2008-10-31,0.012412823560078187
2008-11-03,-0.00022337679357885753
2008-11-04,0.0024087695757566687
2008-11-05,0.0010717380809333818
2008-11-06,-0.0005978652666147621
2008-11-07,-0.0007110990993446195
2008-11-10,0.00021286292293635367
2008-11-11,0.0007530597445386881
2008-11-12,0.001240861930068903
2008-11-13,-0.0014460722652971816
2008-11-14,0.001972941448054015
2008-11-17,0.0008497469829720284
2008-11-18,0.0015558842242309257
2008-11-19,0.0021561457054803798
2008-11-20,0.004026224991233564
2008-11-21,-0.0018429603561566446
2008-11-24,-0.0018735596013076507
2008-11-25,0.0034172733591462537
2008-11-26,0.001219293717819724
2008-11-28,0.00040366511120369246
2008-12-01,0.002710169197434927
2008-12-02,0.0010512735407785002
2008-12-03,0.0003135971571006287
2008-12-04,0.0012502322372014072
2008-12-05,-0.0021178143726631542
2008-12-08,-0.0007523239521112762
2008-12-09,0.0016996931451740988
2008-12-10,-0.00018933532310683177
2008-12-11,0.0012098455039953702
2008-12-12,0.0005601826895144853
2008-12-15,0.000435480464092403
2008-12-16,0.0031809860728061862
2008-12-17,0.0013740119333516478
2008-12-18,0.0013451190404891733
2008-12-19,-0.0006592990023432192
2008-12-22,-0.0005218313606428949
2008-12-23,-9.90255867866855e-05
2008-12-24,-0.0002017277126198369
2008-12-26,0.001069182345422583
2008-12-29,0.0004435603451825621
2008-12-30,0.0002861067379065645
2008-12-31,-0.0022100083564867454
2009-01-02,-0.0028561438664443154
2009-01-05,-0.0003325893317280018
2009-01-06,-0.0001136878269170374
2009-01-07,4.350761859575309e-05
2009-01-08,0.0005393086078901483
2009-01-09,0.0009298742563989958
2009-01-12,0.0012543462255010308
2009-01-13,0.00014396233366223115
2009-01-14,0.0011239296613534467
2009-01-15,-0.00015752087810125577
2009-01-16,-0.0018285270519620078
2009-01-20,-0.0002920675668943829
2009-01-21,-0.001789109802380204
2009-01-22,-0.0013191896231743011
2009-01-23,5.016664747894667e-05
2009-01-26,-0.0004955705413702187
2009-01-27,0.0013176692682478229
2009-01-28,-0.0012738775425111893
2009-01-29,-0.002597356293885102
2009-01-30,-7.906439528802857e-05
2009-02-02,0.0016262117728827615
2009-02-03,-0.00171824345818263
2009-02-04,-0.0010065965545803354
2009-02-05,0.0004769985376081103
2009-02-06,-0.00120355114951404
2009-02-09,-0.00039590357870890834
2009-02-10,0.002678580570990129
2009-02-11,0.001552884039503061
2009-02-12,-5.049369285466799e-05
2009-02-13,-0.001565386634972375
2009-02-17,0.0033565092620802903
2009-02-18,-0.0014464440809208734
2009-02-19,-0.0010845084039322436
2009-02-20,0.0005840370516563983
2009-02-23,0.00020308067721521187
2009-02-24,-0.0007428257131390138
2009-02-25,-0.0018027602214388647
2009-02-26,-0.0004984467152169673
2009-02-27,-0.0001609252648281602
2009-03-02,0.0020086981525412858
2009-03-03,-0.0002462008625993398
2009-03-04,-0.001010302548587383
2009-03-05,0.0023502265371407615
2009-03-06,-0.0009446979163564552
2009-03-09,9.221229331638308e-05
2009-03-10,-0.0014534817047339031
2009-03-11,0.0014393102292117636
2009-03-12,0.0005789254257459582
2009-03-13,-0.00014169645836182524
2009-03-16,-0.001133886304748297
2009-03-17,-0.00037168435095467944
2009-03-18,0.006848155949389768
2009-03-19,-0.0006526687648824838
2009-03-20,5.313866274737245e-06
2009-03-23,-0.0006745420880720004
2009-03-24,-0.00028279515781996984
2009-03-25,-0.0011986465178888206
2009-03-26,0.0005265374224572934
2009-03-27,-0.00011883868809471351
2009-03-30,0.0008584535867649614
2009-03-31,0.0003590490699254108
2009-04-01,0.0004981327167985989
2009-04-02,-0.001299702053878588
2009-04-03,-0.00228967099447046
2009-04-06,-0.00045849706019210145
2009-04-07,0.0005120876528182681
2009-04-08,0.0009962425934476706
2009-04-09,-0.0011727223778185034
2009-04-13,0.001187100552965902
2009-04-14,0.0010331291100214306
2009-04-15,0.00019330777509225252
2009-04-16,-0.0007890360207217895
2009-04-17,-0.0016095009459557177
2009-04-20,0.0013927677160438788
2009-04-21,-0.000763741107383578
2009-04-22,-0.00048038170685407857
2009-04-23,-3.830976323700063e-05
2009-04-24,-0.000778445140903707
2009-04-27,0.0008296451031405305
2009-04-28,-0.0009621908564619975
2009-04-29,-0.0010776973338924886
2009-04-30,-0.0003341378204471404
2009-05-01,-0.0006381447971391312
2009-05-04,0.0001992549402114385
2009-05-05,-3.6966623505504413e-05
2009-05-06,9.21051881073087e-05
2009-05-07,-0.0016717377720595237
2009-05-08,0.00024327966446125907
2009-05-11,0.0018839320930927805
2009-05-12,-0.0001231552005417436
2009-05-13,0.000926572065752779
2009-05-14,2.6331078639631417e-05
2009-05-15,-0.00048553651930158227
2009-05-18,-0.001169266655063791
2009-05-19,-0.00027126495618666854
2009-05-20,0.0006301175005051331
2009-05-21,-0.00217490745050409
2009-05-22,-0.0011577111478914168
2009-05-26,-0.001322338697303239
2009-05-27,-0.002258454366085044
2009-05-28,0.0010387118218194242
2009-05-29,0.0022593952810139027
2009-06-01,-0.0009538280899264007
2009-06-02,0.001735382219225172
2009-06-03,-0.006019284860111192
2009-06-04,0.0012591929854017512
2009-06-05,-0.002451196295851118
2009-06-08,-0.00037494179095776906
2009-06-09,0.002466667154304095
2009-06-10,0.00042903441879861185
2009-06-11,0.0034036645036314905
2009-06-12,-0.0010266930838081954
2009-06-15,-0.007250203021566065
2009-06-16,-0.0023034225482162214
2009-06-17,0.000566580828008895
2009-06-18,-0.0003405638776259222
2009-06-19,0.0031680265501484828
2009-06-22,-0.0064706252880454545
2009-06-23,0.002607538950352458
2009-06-24,0.00020790066481812027
2009-06-25,0.004253220355391007
2009-06-26,-0.00039656599503024807
2009-06-29,0.0017012424880394636
2009-06-30,-0.002324067268191018
2009-07-01,0.003268541200711316
2009-07-02,-0.011256080147420612
2009-07-06,0.0003103469069284878
2009-07-07,-0.00875574790492945
2009-07-08,-0.000958396404108073
2009-07-09,0.0028326472859758144
2009-07-10,-0.002798426270352503
2009-07-13,0.008355962486747116
2009-07-14,0.002224920984424319
2009-07-15,0.012637756103729227
2009-07-16,0.0014372044330798691
2009-07-17,0.0014636475417279182
2009-07-20,0.006014534365573248
2009-07-21,0.0022071703183190127
2009-07-22,0.000485542056134208
2009-07-23,0.007785083579441903
2009-07-24,0.0020394290471881594
2009-07-27,0.0007968710716423296
2009-07-28,-0.0017862623771075007
2009-07-29,-0.0021175085230785208
2009-07-30,0.0059833844207862
2009-07-31,0.00334280848908878
2009-08-03,0.008623877058225924
2009-08-04,0.01122403984829043
2009-08-05,0.008359155652760105
2009-08-06,-0.00829095274663149
2009-08-07,0.012491363764677384
2009-08-10,-0.006021568698105719
2009-08-11,-0.012454918884278991
2009-08-12,0.006935151138456448
2009-08-13,0.008346945680808633
2009-08-14,-0.010550045940403567
2009-08-17,-0.025048905717566152
2009-08-18,0.010978429333210778
2009-08-19,0.0032826602224526116
2009-08-20,0.009785905973986105
2009-08-21,0.015057478287273558
2009-08-24,-0.00034307872008209467
2009-08-25,0.0017107908684989084
2009-08-26,-0.0006977290895480555
2009-08-27,0.005594702801533695
2009-08-28,0.0014149305980150789
2009-08-31,-0.011870262748920486
2009-09-01,-0.023201130866646887
2009-09-02,-0.004539881051459423
2009-09-03,0.006204280719838988
2009-09-04,0.007347106277800768
2009-09-08,0.016377989529729346
2009-09-09,0.00872309564206452
2009-09-10,0.007893544149947467
2009-09-11,-0.0032197913253980766
2009-09-14,0.006282986992697907
2009-09-15,0.008764376304498691
2009-09-16,0.01768779780132158
2009-09-17,-0.0023640902111353615
2009-09-18,-0.0008217323138054814
2009-09-21,-0.010102511093222598
2009-09-22,0.013529989516804043
2009-09-23,-0.015080077135442148
2009-09-24,-0.014985046943727032
2009-09-25,-0.0028157521871483462
2009-09-28,0.01634618257997964
2009-09-29,-0.0057671816126559665
2009-09-30,0.002975276009307796
2009-10-01,-0.019532853777639914
2009-10-02,-0.006458158462144592
2009-10-05,0.017830680560279255
2009-10-06,0.0025913369080035054
2009-10-07,0.0027846702527494216
2009-10-08,0.01151109194535449
2009-10-09,0.0013268154772581031
2009-10-12,0.006329099560662854
2009-10-13,-0.0009462220081968287
2009-10-14,0.015670781561354596
2009-10-15,0.001305356152052628
2009-10-16,-0.00836734450476151
2009-10-19,0.012311965393925428
2009-10-20,-0.006599859574613509
2009-10-21,-0.001238224721936243
2009-10-22,0.01027764106650264
2009-10-23,-0.009494529496677395
2009-10-26,-0.010439039663383332
2009-10-27,-0.005086435823017377
2009-10-28,-0.02152610903022334
2009-10-29,0.02445899563334719
2009-10-30,-0.01955765313571678
2009-11-02,0.006298747284237294
2009-11-03,0.005214915524620389
2009-11-04,-0.002365586853510293
2009-11-05,0.009693792242800425
2009-11-06,-0.005149954043483507
2009-11-09,0.023359569932049906
2009-11-10,-0.003375489535208276
2009-11-11,0.007262650229617584
2009-11-12,-0.009897248329989727
2009-11-13,0.006560639929741319
2009-11-16,0.017800873172681753
2009-11-17,-0.0031631701528337386
2009-11-18,0.002565603425527474
2009-11-19,-0.013595441720340107
2009-11-20,-0.0035002630490823528
2009-11-23,0.00932015638557071
2009-11-24,-0.004756965586159234
2009-11-25,0.009661253306705753
2009-11-27,-0.016139041224910056
2009-11-30,0.011303538562459137
2009-12-01,0.011245911600383574
2009-12-02,0.0017302226825302025
2009-12-03,-0.005328878831293626
2009-12-04,0.003165606184569958
2009-12-07,-0.006819096186908125
2009-12-08,-0.008111898543971763
2009-12-09,-0.002806026825689978
2009-12-10,-0.0007932467299770485
2009-12-11,0.004018821134881723
2009-12-14,0.008038845948046713
2009-12-15,-0.00668926347540344
2009-12-16,0.00756135875162256
2009-12-17,-0.00966936034466459
2009-12-18,0.0027720821893368885
2009-12-21,0.0013513438601746586
2009-12-22,0.004632601322585472
2009-12-23,0.00804145368820719
2009-12-24,0.00507292101360024
2009-12-28,0.005249257329307255
2009-12-29,-0.0028234817215229135
2009-12-30,-0.0004569122579500817
2009-12-31,-0.008259182482334704
2010-01-04,0.01310886118395956
2010-01-05,0.0007264491846312689
2010-01-06,0.004180149896060554
2010-01-07,-0.00027034155265386907
2010-01-08,0.0006209130146759887
2010-01-11,0.002465680459502111
2010-01-12,-0.011838226532274005
2010-01-13,0.0075790778533822165
2010-01-14,0.0008448213504504474
2010-01-15,-0.009180808731493934
2010-01-19,0.009868907454503778
2010-01-20,-0.013160556695195719
2010-01-21,-0.01635093928041373
2010-01-22,-0.015485429077627039
2010-01-25,0.005799906710576981
2010-01-26,-0.006039956516430415
2010-01-27,-0.00040458820499892614
2010-01-28,-0.008058796092394052
2010-01-29,-0.008461541807885201
2010-02-01,0.011237707158591747
2010-02-02,0.008824059999634214
2010-02-03,-0.007311764929265541
2010-02-04,-0.020154059844335784
2010-02-05,0.004367992069180714
2010-02-08,-0.009929515860693737
2010-02-09,0.007030688870421966
2010-02-10,-0.0018395782064642091
2010-02-11,0.005608396940408245
2010-02-12,0.0009431193499404129
2010-02-16,0.01371791399937784
2010-02-17,0.001967516112496914
2010-02-18,0.004593090238977592
2010-02-19,-0.0005811683154244512
2010-02-22,0.000766167476324276
2010-02-23,-0.005277810316944685
2010-02-24,0.005249095817407236
2010-02-25,4.386365148037195e-05
2010-02-26,0.0015764442587582722
2010-03-01,0.002666845102832216
2010-03-02,0.004405870548675361
2010-03-03,0.0037836878123418405
2010-03-04,-8.064736413437856e-05
2010-03-05,0.013594012348427276
2010-03-08,0.0012848281272637152
2010-03-09,-0.0013217038979370654
2010-03-10,0.003777338046326628
2010-03-11,0.002097004246638612
2010-03-12,0.002090309799985146
2010-03-15,-0.004184062121343701
2010-03-16,0.012400495276961854
2010-03-17,0.007255672716075745
2010-03-18,-0.0033123355145547873
2010-03-19,-0.007939274298550125
2010-03-22,0.004871589027253931
2010-03-23,0.0009687297923175464
2010-03-24,-0.007407257391643052
2010-03-25,-0.0017901283175768556
2010-03-26,0.0016122975825827446
2010-03-29,0.0077834197768260616
2010-03-30,0.00048335012922895437
2010-03-31,-0.0026410269490976246
2010-04-01,0.009523599153974755
2010-04-05,0.009402195201144577
2010-04-06,0.0043428677819886755
2010-04-07,-0.007698471400269462
2010-04-08,0.0004001951261546414
2010-04-09,0.007179216490516821
2010-04-12,-0.0004662585378833624
2010-04-13,0.005617092103206528
2010-04-14,0.007547912349643288
2010-04-15,-0.004715368470054121
2010-04-16,-0.015853510685082967
2010-04-19,-0.0014147339610807881
2010-04-20,0.008006873206205673
2010-04-21,0.0028266217248881947
2010-04-22,0.002383101616933487
2010-04-23,0.006788372420890737
2010-04-26,7.27703489686153e-05
2010-04-27,-0.022226860898129714
2010-04-28,0.002822273198283582
2010-04-29,0.0161327928758458
2010-04-30,-0.010598046725886006
2010-05-03,0.01169354908563558
2010-05-04,-0.021274816629436533
2010-05-05,-0.011377895807182292
2010-05-06,-0.02556080723120535
2010-05-07,-0.008409390022759866
2010-05-10,0.03708651841223931
2010-05-11,-0.002703545292207621
2010-05-12,0.009417331161696962
2010-05-13,-0.009503670144380694
2010-05-14,-0.019463355704747776
2010-05-17,-0.00547741422749759
2010-05-18,-0.010858352287520745
2010-05-19,-0.0038310630424335246
2010-05-20,-0.02705427438212915
2010-05-21,0.01695075609900809
2010-05-24,-0.01186558749063038
2010-05-25,0.0003809999488282312
2010-05-26,-0.0027266810478900894
2010-05-27,0.03276800541579172
2010-05-28,-0.009755131792546945
2010-06-01,-0.01084481608891411
2010-06-02,0.007953236940137465
2010-06-03,-0.00012509859772937072
2010-06-04,-0.015706742070016447
2010-06-07,-0.002772641426590835
2010-06-08,0.0050931150937542115
2010-06-09,0.00018504569844981413
2010-06-10,0.012509705616350585
2010-06-11,0.0046262342505249245
2010-06-14,0.0020716986115996076
2010-06-15,0.008354960927616647
2010-06-16,-0.0013567270782949069
2010-06-17,0.001697432192559886
2010-06-18,-0.000808806214172496
2010-06-21,-0.0022184375894911366
2010-06-22,-0.008039944929125247
2010-06-23,0.0006616423110757329
2010-06-24,-0.007733114543224956
2010-06-25,0.0061817397699881985
2010-06-28,-0.0015551657935714972
2010-06-29,-0.011880887079152105
2010-06-30,-0.0037281183116756825
2010-07-01,-0.0009079515613731116
2010-07-02,-0.004180246586756843
2010-07-06,-0.0038993737607020194
2010-07-07,0.009078972772343936
2010-07-08,0.002129835589585009
2010-07-09,0.0020241351509737784
2010-07-12,0.000966404420362117
2010-07-13,0.003922716906550209
2010-07-14,-0.00019406061719563138
2010-07-15,0.0003815898320876845
2010-07-16,-0.005361660868138504
2010-07-19,0.0019326270967336067
2010-07-20,0.004016756519600324
2010-07-21,-0.0028406653040701155
2010-07-22,0.006277392683854417
2010-07-23,0.0019094307141243117
2010-07-26,0.004944606481444243
2010-07-27,-0.000673388599055532
2010-07-28,0.0004790122462768811
2010-07-29,-0.001237642944606606
2010-07-30,0.0024292938369269083
2010-08-02,0.009627194812653101
2010-08-03,-0.002266242387852851
2010-08-04,0.0021009592702924524
2010-08-05,-0.0019236346307899672
2010-08-06,0.00018427238371062016
2010-08-09,0.003539461955045469
2010-08-10,-0.0036029163890415722
2010-08-11,-0.018544408672364104
2010-08-12,-0.004411742016060499
2010-08-13,-0.00044223972723127014
2010-08-16,0.0028215794004952505
2010-08-17,0.008257145911026893
2010-08-18,0.00028643527838993527
2010-08-19,-0.010911868138102037
2010-08-20,-0.003990639948450876
2010-08-23,-0.0019326364995135455
2010-08-24,-0.004901373945894588
2010-08-25,0.0032949621988399964
2010-08-26,-0.0016688710476392029
2010-08-27,0.007969871697513136
2010-08-30,-0.005842482592499983
2010-08-31,0.0030385321515688994
2010-09-01,0.01266711888838364
2010-09-02,0.0017133282075265435
2010-09-03,0.0018220317927259758
2010-09-07,-0.0014998659440165426
2010-09-08,-0.0001319036503550027
2010-09-09,-0.003849276772720422
2010-09-10,0.000489626367398333
2010-09-13,0.004236434556840077
2010-09-14,0.0002562955232568922
2010-09-15,0.0010548771458768127
2010-09-16,-0.0017466524864171373
2010-09-17,0.0010574092186863627
2010-09-20,0.0054848188283501895
2010-09-21,-0.001049999542562442
2010-09-22,-0.002389988256135671
2010-09-23,-0.004656496298883421
2010-09-24,0.004598668501712192
2010-09-27,-0.0009005476088875741
2010-09-28,0.0014671288350947065
2010-09-29,-0.0020470024584220356
2010-09-30,0.00033855789427495575
2010-10-01,-0.0005829025426945522
2010-10-04,-0.002512428733236094
2010-10-05,0.016949599626430834
2010-10-06,0.001930200182966857
2010-10-07,-0.0021637019880956787
2010-10-08,0.00967489317683956
2010-10-11,-0.0008579303845716035
2010-10-12,0.001997397340712803
2010-10-13,0.006856685514652794
2010-10-14,-0.001362681626801976
2010-10-15,-0.0035914967123890085
2010-10-18,0.006971563884923482
2010-10-19,-0.014724790310136293
2010-10-20,0.014682195597900849
2010-10-21,-0.0044241936858945285
2010-10-22,0.0027585616279686143
2010-10-25,0.002703032058959831
2010-10-26,-0.0029829144909286898
2010-10-27,-0.005706639263591939
2010-10-28,0.002553224046328628
2010-10-29,0.0005418006998036962
2010-11-01,0.0020069669175262206
2010-11-02,0.008758411312667969
2010-11-03,0.003778845998370084
2010-11-04,0.019391728304636313
2010-11-05,0.002027998042117174
2010-11-08,-0.002082408934312996
2010-11-09,-0.014591689434277688
2010-11-10,0.006745567209142989
2010-11-11,-0.005918838715581853
2010-11-12,-0.015911912208819046
2010-11-15,-0.004608719303072051
2010-11-16,-0.019169520999178014
2010-11-17,0.0006118178539402663
2010-11-18,0.014680308918846752
2010-11-19,-0.000868310364485203
2010-11-22,-8.160228738851583e-05
2010-11-23,-0.010576987382169056
2010-11-24,0.011539895197893113
2010-11-26,-0.0042821500162726345
2010-11-29,-0.00044097912942941964
2010-11-30,-0.005805779213967854
2010-12-01,0.014345103384464153
2010-12-02,0.010641043394826966
2010-12-03,0.004990633685688861
2010-12-06,0.00029252975088844835
2010-12-07,-0.004001150030620737
2010-12-08,-0.001809489446800372
2010-12-09,-0.0005808859755496165
2010-12-10,0.0009088922831383961
2010-12-13,0.005250806861820667
2010-12-14,-0.004121516582212603
2010-12-15,-0.006812765585262004
2010-12-16,0.0031202645511771987
2010-12-17,0.003995147775262664
2010-12-20,0.005117203986296559
2010-12-21,0.0067443250180905245
2010-12-22,0.0030259411390176627
2010-12-23,-0.0012547401858112872
2010-12-27,0.0025419548919813906
2010-12-28,0.001287759355055984
2010-12-29,0.0045931066424174105
2010-12-30,-0.00355912427094085
2010-12-31,0.005625270510507763
2011-01-03,0.006973388554264175
2011-01-04,-0.0072252535165677825
2011-01-05,0.003066953248347152
2011-01-06,-0.007243185895689215
2011-01-07,-0.0018483468371032282
2011-01-10,0.001736269803697526
2011-01-11,0.003895227185473265
2011-01-12,0.008340137458193468
2011-01-13,0.00059934991012685
2011-01-14,0.004943022350902342
2011-01-18,0.003168128258549547
2011-01-19,-0.006179920767715191
2011-01-20,-0.0039384639006663945
2011-01-21,0.003712311814157027
2011-01-24,0.0025543874291455277
2011-01-25,-0.00048247261157237614
2011-01-26,0.006817034030806396
2011-01-27,0.002376851795797346
2011-01-28,-0.008751304417684054
2011-01-31,0.009009815884916743
2011-02-01,0.009891094090765678
2011-02-02,0.0013933876227475832
2011-02-03,-0.00026207633578246463
2011-02-04,-0.002068167788633097
2011-02-07,0.003279191065861537
2011-02-08,0.004427460058549175
2011-02-09,7.225398589415893e-05
2011-02-10,-0.0015682698668058586
2011-02-11,0.001908603166880742
2011-02-14,0.0018825171177805605
2011-02-15,-0.0045414708931393625
2011-02-16,0.005582777368142113
2011-02-17,0.0021162486397034315
2011-02-18,0.001686249259857841
2011-02-22,-0.011698397784353274
2011-02-23,0.001796815318579505
2011-02-24,-0.0032455439257156075
2011-02-25,0.012827275550257446
2011-02-28,0.00834108824519038
2011-03-01,-0.009072510556715992
2011-03-02,0.0004609875160244386
2011-03-03,0.008804381849231182
2011-03-04,-0.004246003806284758
2011-03-07,-0.005860589643005975
2011-03-08,0.003475295552085012
2011-03-09,0.00036272918953884583
2011-03-10,-0.01498831751666622
2011-03-11,0.0022799222993438923
2011-03-14,-0.006231696228895591
2011-03-15,-0.014726773205545819
2011-03-16,-0.011751112737010783
2011-03-17,0.01696516545611223
2011-03-18,0.006653240927893208
2011-03-21,0.011125995446281577
2011-03-22,-0.0010663954903188282
2011-03-23,-0.000963163721464945
2011-03-24,0.006089810854398013
2011-03-25,0.0004846867775948767
2011-03-28,-0.0035381035597953575
2011-03-29,0.004336988802772567
2011-03-30,0.006396282340536918
2011-03-31,0.003508282589977195
2011-04-01,0.004436799456554837
2011-04-04,0.0021168427520548436
2011-04-05,-0.00011444269212646328
2011-04-06,0.002968290469625352
2011-04-07,-0.003325753006804173
2011-04-08,0.0042465047993714795
2011-04-11,-0.004581929968988591
2011-04-12,-0.007790359223182436
2011-04-13,0.0018187204147717415
2011-04-14,0.004456897853530647
2011-04-15,0.0040448010829274815
2011-04-18,-0.009340543626935042
2011-04-19,0.004271062601042736
2011-04-20,0.013319272785877329
2011-04-21,0.005132945880096635
2011-04-25,0.0005618345356292983
2011-04-26,0.004960275008680345
2011-04-27,0.006479268691284263
2011-04-28,0.0032269689650247057
2011-04-29,0.00045907708726220946
2011-05-02,-0.0007516594752067731
2011-05-03,-0.006146047715617428
2011-05-04,-0.007368672421796826
2011-05-05,-0.019386370784298567
2011-05-06,-0.0013961695685204645
2011-05-09,0.010529828352231166
2011-05-10,0.008578729045316216
2011-05-11,-0.01468226190710363
2011-05-12,0.002177356560498269
2011-05-13,-0.006438299504102671
2011-05-16,-0.003941199056792373
2011-05-17,0.0008269567321324932
2011-05-18,0.008988540555725793
2011-05-19,0.0009079750961347774
2011-05-20,-0.005026757475964533
2011-05-23,-0.012192028459182519
2011-05-24,0.004306853009609341
2011-05-25,0.006494119794850068
2011-05-26,0.00621705594387773
2011-05-27,0.004504187309873958
2011-05-31,0.01052970160292957
2011-06-01,-0.016590738481585654
2011-06-02,-0.0001128572270302497
2011-06-03,0.0005166443202839766
2011-06-06,-0.010080725804890833
2011-06-07,0.006048955988490867
2011-06-08,-0.001884812421038884
2011-06-09,0.0017506755538121421
2011-06-10,-0.013919494287566003
2011-06-13,-0.00048383770937299175
2011-06-14,0.008858912251739959
2011-06-15,-0.016580715746096986
2011-06-16,0.0010888690715147309
2011-06-17,0.003467480026555503
2011-06-20,0.0018200101956178383
2011-06-21,0.00851266136928408
2011-06-22,-0.0029457673356787506
2011-06-23,-0.00953144411793816
2011-06-24,-0.005746636102179514
2011-06-27,0.0034470284780874216
2011-06-28,0.00836489605567814
2011-06-29,0.009729217424020886
2011-06-30,0.002531038765801963
2011-07-01,0.00836022041198814
2011-07-05,0.004111813147750221
2011-07-06,0.0007689217374109436
2011-07-07,0.009766914233325874
2011-07-08,-0.0022207578278848894
2011-07-11,-0.013173711976322
2011-07-12,0.0005183150690821758
2011-07-13,0.0047361320491801084
2011-07-14,-0.007237136164312097
2011-07-15,0.0066619423365053
2011-07-18,-0.007223432713181155
2011-07-19,0.011612359976435283
2011-07-20,0.0033733797922974595
2011-07-21,0.006520348926116082
2011-07-22,0.0037172304282471202
2011-07-25,-0.00585534038483293
2011-07-26,0.00331450162437541
2011-07-27,-0.016262695265787608
2011-07-28,-0.0011137217074913552
2011-07-29,-4.0422975358667124e-05
2011-08-01,-0.0056132210513057945
2011-08-02,-0.014930591969442464
2011-08-03,-0.0022479725149812113
2011-08-04,-0.03817568435550944
2011-08-05,-0.0033846506733011816
2011-08-08,-0.04980258176123564
2011-08-09,0.04382969295466288
2011-08-10,-0.02228715934391945
2011-08-11,0.030176809329936383
2011-08-12,0.004800681848010635
2011-08-15,0.01784734107420194
2011-08-16,-0.004341060479645331
2011-08-17,0.004991281367198397
2011-08-18,-0.031145248753985832
2011-08-19,-0.006752093704090023
2011-08-22,0.001738779739610452
2011-08-23,0.01917028011594013
2011-08-24,0.001347455699624689
2011-08-25,-0.009484121629768638
2011-08-26,0.011441630280323745
2011-08-29,0.016732427323285615
2011-08-30,0.003967509632490707
2011-08-31,0.006389140991034825
2011-09-01,-0.0010493125149791662
2011-09-02,0.0007882789915134867
2011-09-06,-0.00037469732750425224
2011-09-07,0.000753311192139867
2011-09-08,-0.00036269681823905466
2011-09-09,-0.002182585887659724
2011-09-12,-0.0010747462832110112
2011-09-13,-0.001208818803888664
2011-09-14,-0.000846474988043563
2011-09-15,-0.0006534480015867174
2011-09-16,-0.0005042717673957443
2011-09-19,-0.0017373272287330844
2011-09-20,-8.437472012244554e-05
2011-09-21,-0.0020891043102195662
2011-09-22,-0.005143834132494529
2011-09-23,-0.005203905119070304
2011-09-26,-0.00013986511703820064
2011-09-27,0.0020890673987902374
2011-09-28,-0.005356786717585742
2011-09-29,0.0022985144570207014
2011-09-30,-0.005667306816145772
2011-10-03,-0.0015352793822956204
2011-10-04,-0.001015051286709774
2011-10-05,-0.0008350997844717156
2011-10-06,-0.0013927829899183133
2011-10-07,-0.00103338058645865
2011-10-10,-0.002106978077822359
2011-10-11,0.0006637198290788323
2011-10-12,-0.0006786561396945693
2011-10-13,0.0008007791157633367
2011-10-14,-0.0009913605173720666
2011-10-17,0.0013088401509494922
2011-10-18,-0.00021093183269245655
2011-10-19,0.00031286222294607703
2011-10-20,-0.00040722429875156117
2011-10-21,-0.00036881090548183373
2011-10-24,-9.669682685479443e-05
2011-10-25,0.0017163659720903321
2011-10-26,-0.0014738233689195826
2011-10-27,-0.0024138495512343954
2011-10-28,0.0011969925372331367
2011-10-31,0.0026781592123373654
2011-11-01,0.002120375702421865
2011-11-02,0.003347094390938291
2011-11-03,0.0018165338261576657
2011-11-04,-0.001022187699186702
2011-11-07,0.00026591705479640836
2011-11-08,0.0016913200629648105
2011-11-09,-0.007496681122656321
2011-11-10,-0.0010353106975975325
2011-11-11,0.004407970831204269
2011-11-14,-0.0024784005447205794
2011-11-15,0.0012507823288085006
2011-11-16,-0.0012013992852943768
2011-11-17,-0.0032744267061956813
2011-11-18,0.0005064991793854033
2011-11-21,-0.004527672337995974
2011-11-22,-0.0003079380778758514
2011-11-23,-0.0053698046391595635
2011-11-25,-0.00038653440991895296
2011-11-28,0.004578971404749208
2011-11-29,-0.000685224755544638
2011-11-30,0.00804716456100664
2011-12-01,-0.00012779649330542782
2011-12-02,0.0008893302098666652
2011-12-05,-0.00011616789538339685
2011-12-06,-0.0005204617172622951
2011-12-07,0.0009054478935374895
2011-12-08,0.0010170909086378674
2011-12-09,-0.001375439692181253
2011-12-12,0.0006888426335972352
2011-12-13,0.0009214730080001442
2011-12-14,0.0008395354603228754
2011-12-15,-0.00017139741453497948
2011-12-16,0.0009688006261350246
2011-12-19,0.0006809182466379447
2011-12-20,-0.0018142423524532172
2011-12-21,-0.0006463978598149246
2011-12-22,0.0002470424214767551
2011-12-23,-0.0008190107566257333
2011-12-27,0.00011351720442905632
2011-12-28,0.0012632265477102542
2011-12-29,0.00024803292792260087
2011-12-30,0.0007038441966577743
2012-01-03,-0.00316541290633096
2012-01-04,-0.004048529997197708
2012-01-05,0.0019182321531439348
2012-01-06,0.00013507378060920256
2012-01-09,-0.0006535547916909214
2012-01-10,0.0018097377981132487
2012-01-11,0.0025733297895771676
2012-01-12,-0.0018837760598749546
2012-01-13,0.001351199371086785
2012-01-17,0.0018486655494320144
2012-01-18,0.0007690034791551378
2012-01-19,-0.0004137385847678261
2012-01-20,0.0005574710016990773
2012-01-23,0.0005328064415513496
2012-01-24,0.0017654453893059547
2012-01-25,0.0035328479007231146
2012-01-26,0.002478708311976346
2012-01-27,0.000674421367020758
2012-01-30,-0.0008090513704983989
2012-01-31,0.0017327946897119665
2012-02-01,0.0015490973963663852
2012-02-02,0.0010512809409512329
2012-02-03,0.00399311252213323
2012-02-06,-0.00021579541129941831
2012-02-07,-0.0012911111060155019
2012-02-08,0.0010396048172537113
2012-02-09,-0.001659814774415594
2012-02-10,-0.002191614295826841
2012-02-13,0.0033862166190445474
2012-02-14,-0.0018734151916094365
2012-02-15,-0.0019679352573554344
2012-02-16,0.0034024648200912323
2012-02-17,0.000495329632443117
2012-02-21,-0.003742962523937426
2012-02-22,-0.0015535258204933096
2012-02-23,0.0036697206562060517
2012-02-24,0.0008586630203793125
2012-02-27,0.0006935647094022979
2012-02-28,-0.0004851743010216634
2012-02-29,-0.0023963971509433795
2012-03-01,0.005347163505981856
2012-03-02,-0.003976262581159129
2012-03-05,-0.0012016407937756046
2012-03-06,-0.014415124763796028
2012-03-07,0.005452332583653741
2012-03-08,0.006313525654022323
2012-03-09,0.0014821900278501055
2012-03-12,0.0006373998080559939
2012-03-13,0.010329829241881416
2012-03-14,-0.006172062297187808
2012-03-15,0.0028532794758202584
2012-03-16,0.0052158609631907105
2012-03-19,0.001659016738781327
2012-03-20,-0.005586718115876854
2012-03-21,-0.0013796876232554656
2012-03-22,-0.006880676452285073
2012-03-23,0.005971341985118173
2012-03-26,0.008364699995320857
2012-03-27,-0.001565144365856086
2012-03-28,-0.004951477221655232
2012-03-29,-0.0034407587647560245
2012-03-30,0.005528606628725452
2012-04-02,0.008279992774688605
2012-04-03,-0.007465922005420289
2012-04-04,-0.010734799400392014
2012-04-05,-0.00038876337623039436
2012-04-09,-0.004099705080619964
2012-04-10,-0.01367979975820599
2012-04-11,0.006641786771590885
2012-04-12,0.01124531194912226
2012-04-13,-0.007890605253722538
2012-04-16,0.0019986799980851178
2012-04-17,0.008571804794526239
2012-04-18,-0.00459325058332094
2012-04-19,-0.0021904641919148204
2012-04-20,0.005499643585507474
2012-04-23,-0.007700215478388728
2012-04-24,0.004854358919662127
2012-04-25,0.008670897274497547
2012-04-26,0.004182041277522419
2012-04-27,0.003377309216508806
2012-04-30,-0.001457374663281552
2012-05-01,0.003865382185344046
2012-05-02,-0.004686050472258008
2012-05-03,-0.006196871286400341
2012-05-04,-0.010785758283241131
2012-05-07,0.0025232379380655257
2012-05-08,-0.004543054227983512
2012-05-09,-0.005493382250341461
2012-05-10,0.001316478883267802
2012-05-11,-0.0022292457570570745
2012-05-14,-0.010334373132620644
2012-05-15,-0.004276193785381688
2012-05-16,-0.005013208818627879
2012-05-17,-0.010957458649296203
2012-05-18,-0.005869736929450475
2012-05-21,0.014317283612745202
2012-05-22,-0.00327296942509947
2012-05-23,-0.0029108109026068085
2012-05-24,-0.0003821891424814483
2012-05-25,-0.0008728494848335711
2012-05-29,0.006780539638706173
2012-05-30,-0.014192978616522467
2012-05-31,0.0009596008486199015
2012-06-01,-0.014474118779563179
2012-06-04,-0.0026288957293380704
2012-06-05,0.004998956385049586
2012-06-06,0.007619460422707866
2012-06-07,-0.0007426539846535882
2012-06-08,0.004601610833815914
2012-06-11,-0.006404503835842704
2012-06-12,0.003081062222410912
2012-06-13,-0.0012488255260664004
2012-06-14,0.00449239418875509
2012-06-15,0.004207241603855746
2012-06-18,0.00200257572923903
2012-06-19,0.0020715334985500237
2012-06-20,-0.0008209135796683173
2012-06-21,-0.007308727263551054
2012-06-22,0.0006713303091137904
2012-06-25,-0.0031292475732084056
2012-06-26,0.001230468172442233
2012-06-27,0.0028767543160953283
2012-06-28,0.002269855761044634
2012-06-29,0.009188834943170217
2012-07-02,0.0037374804087990867
2012-07-03,0.002000498736464881
2012-07-05,-0.0016037183292918085
2012-07-06,-0.0006949261127101199
2012-07-09,0.0005134966989107395
2012-07-10,-0.003772048338071124
2012-07-11,5.83256803590384e-05
2012-07-12,0.00010474307759447044
2012-07-13,0.005645032990745835
2012-07-16,0.0003525145115848218
2012-07-17,0.0027749284297302825
2012-07-18,0.0005004057870164638
2012-07-19,-0.001850713408733576
2012-07-20,-0.002084201584966164
2012-07-23,-0.003122019234716312
2012-07-24,-0.0019983496049702297
2012-07-25,6.242643962497319e-05
2012-07-26,0.004445619403359703
2012-07-27,0.004140445599333865
2012-07-30,0.0015739844572859164
2012-07-31,-0.001348558951321509
2012-08-01,-0.0018541797351366639
2012-08-02,-0.00031974027350170376
2012-08-03,0.004477803948998635
2012-08-06,0.0003129733680635951
2012-08-07,-0.0023985685362031706
2012-08-08,-0.001386910530558104
2012-08-09,-0.0006142955991644149
2012-08-10,0.0011852730424977355
2012-08-13,-0.00038085325736352134
2012-08-14,-0.0013722695804665884
2012-08-15,0.00013941144281645867
2012-08-16,0.002509189369413442
2012-08-17,0.0005745987252568666
2012-08-20,-0.000443866980048989
2012-08-21,-9.627018293033446e-06
2012-08-22,0.0015223309370071116
2012-08-23,-0.0018876381703093901
2012-08-24,0.0017914859899697201
2012-08-27,0.0011715693043041332
2012-08-28,0.0005736108844563095
2012-08-29,-2.974030868407524e-05
2012-08-30,-0.0015206506398478324
2012-08-31,0.0028819754050354056
2012-09-04,-0.0012565520444929312
2012-09-05,-0.00211552882848709
2012-09-06,0.009345239919104742
2012-09-07,0.006464875503043865
2012-09-10,-0.003914306115951005
2012-09-11,0.0034668059496563153
2012-09-12,0.0024523399772342636
2012-09-13,0.01051617554361628
2012-09-14,0.00421505341258932
2012-09-17,-0.007436731935275276
2012-09-18,-0.0038452406979566645
2012-09-19,-0.0026302135184930187
2012-09-20,-0.0029806940516988734
2012-09-21,0.0018410119317937568
2012-09-24,-0.003384831504795849
2012-09-25,-0.005521917218103578
2012-09-26,-0.00373205430575152
2012-09-27,0.007196957169945284
2012-09-28,-0.004021264704704652
2012-10-01,0.0013127760985085501
2012-10-02,0.001345056524503896
2012-10-03,-0.002838963321943
2012-10-04,0.0073268909890529255
2012-10-05,-0.0014205185776897666
2012-10-08,-0.002202793534799574
2012-10-09,-0.004553928927571116
2012-10-10,-0.0009060716558997317
2012-10-11,0.0037314800355399136
2012-10-12,-0.004346690635777306
2012-10-15,0.004023575596145523
2012-10-16,0.005759244813754005
2012-10-17,0.0010358385782567314
2012-10-18,0.00034273551976315986
2012-10-19,-0.009878251953302719
2012-10-22,-0.0011835250036319467
2012-10-23,-0.010585779023316255
2012-10-24,-0.001615381731169263
2012-10-25,0.001006213513989218
2012-10-26,-0.00043970641182433656
2012-10-31,0.002468373465033924
2012-11-01,0.005726825502360964
2012-11-02,-0.00218277530738782
2012-11-05,-0.0009015408218602466
2012-11-06,0.003420388278315822
2012-11-07,-0.006788597365853678
2012-11-08,-0.005699468319397372
2012-11-09,-0.0002529007977356128
2012-11-12,-0.0003313662900866336
2012-11-13,-0.0015878819667553218
2012-11-14,-0.008456719128084978
2012-11-15,-0.000714714392811158
2012-11-16,0.0022240009768637334
2012-11-19,0.010436446640782403
2012-11-20,0.0010427864205277612
2012-11-21,7.358625831289612e-05
2012-11-23,0.008390856140466984
2012-11-26,-0.00016696193873065913
2012-11-27,-0.002675058632143446
2012-11-28,0.0030798093582736883
2012-11-29,0.003971125625244974
2012-11-30,0.0006665158079155105
2012-12-03,-0.0013333993368345176
2012-12-04,-0.0008857000935031945
2012-12-05,-2.5349443465660926e-05
2012-12-06,0.0012513678480150503
2012-12-07,0.0006367253370904713
2012-12-10,-3.9066006613963644e-05
2012-12-11,0.002256389793670266
2012-12-12,0.000287255797889463
2012-12-13,-0.005566070231344367
2012-12-14,0.001628311774063862
2012-12-17,0.003016022919917427
2012-12-18,0.006096287834249203
2012-12-19,-3.859597075750454e-05
2012-12-20,0.004305702222033858
2012-12-21,-0.0031960299458101415
2012-12-24,-0.0017384619961371417
2012-12-26,0.0006290047494506013
2012-12-27,0.001797582396202424
2012-12-28,-0.005706422465430516
2012-12-31,0.008584822231744393
2013-01-02,0.010576765994490867
2013-01-03,-0.0050971524719881645
2013-01-04,0.0020522565793261727
2013-01-07,-0.0004957004465064863
2013-01-08,-0.0010877076381160533
2013-01-09,0.001915852218323577
2013-01-10,0.004494508255398877
2013-01-11,5.874559954355263e-05
2013-01-14,0.0018992195680176405
2013-01-15,0.0004053096823710689
2013-01-16,-0.000754774518593404
2013-01-17,0.003495831180944764
2013-01-18,0.0029499886493751237
2013-01-22,0.0029551036901631633
2013-01-23,0.0003658626890026273
2013-01-24,0.0009475529100628766
2013-01-25,0.0026639157687442516
2013-01-28,-0.0011811894997703076
2013-01-29,0.003568703384600802
2013-01-30,-0.00010462081265494305
2013-01-31,-0.002330251295446728
2013-02-01,0.006442250284302704
2013-02-04,-0.007026143471655314
2013-02-05,0.0032477024033148415
2013-02-06,0.0005364032283032801
2013-02-07,-0.0035187205062101636
2013-02-08,0.005004195379603834
2013-02-11,-0.0006469090951492632
2013-02-12,0.0031801677670137292
2013-02-13,0.0006074655177327299
2013-02-14,-0.0020092329132554093
2013-02-15,-0.0014961199006672148
2013-02-19,0.004660012864713016
2013-02-20,-0.008008586146748762
2013-02-21,-0.007995877924676462
2013-02-22,0.006827211695573235
2013-02-25,-0.01331238993632161
2013-02-26,0.003960181256774657
2013-02-27,0.005276502645804016
2013-02-28,-0.0016818563912660784
2013-03-01,-0.0009263356225737583
2013-03-04,0.0034281983745762645
2013-03-05,0.005362559602238787
2013-03-06,0.0001911731483399617
2013-03-07,-5.442864826408159e-07
2013-03-08,0.001634511433608953
2013-03-11,0.001539029737597474
2013-03-12,-0.002197265882524869
2013-03-13,0.0001819218409782911
2013-03-14,0.00428411886817861
2013-03-15,0.0005967124471778243
2013-03-18,-0.004409010554013555
2013-03-19,-0.0020391640200672152
2013-03-20,0.0032423635356111295
2013-03-21,-0.004128363875510972
2013-03-22,0.00438920723495561
2013-03-25,-0.0032957098659368183
2013-03-26,0.0045789599972705305
2013-03-27,-0.0006042841026455945
2013-03-28,0.002253728300134254
2013-04-01,-0.0023989457484293957
2013-04-02,0.0033372274460525785
2013-04-03,-0.0028761495398964268
2013-04-04,0.006635760730570924
2013-04-05,-8.08671339451764e-05
2013-04-08,0.0030969482967775318
2013-04-09,0.001510197857153923
2013-04-10,0.0058222303623589565
2013-04-11,0.003618104460075152
2013-04-12,0.0006140903135261342
2013-04-15,-0.01229161987879765
2013-04-16,0.008484500792459021
2013-04-17,-0.008859374497505484
2013-04-18,-0.002055427327925458
2013-04-19,0.0063048952600757765
2013-04-22,0.0015804098696515277
2013-04-23,0.005872536584505433
2013-04-24,0.002380979598975792
2013-04-25,0.0009723363856824538
2013-04-26,-0.00011859260879992251
2013-04-29,0.005523285830870311
2013-04-30,0.0030364030021337637
2013-05-01,-0.0038892490627363266
2013-05-02,0.003783876087982979
2013-05-03,0.0036840884723772834
2013-05-06,0.001025037035820335
2013-05-07,0.0021644905747465293
2013-05-08,0.0033620328717470604
2013-05-09,-0.003846095782647847
2013-05-10,0.00048014930527827
2013-05-13,0.0006564678761256712
2013-05-14,0.0023812119946818363
2013-05-15,0.004439414548496816
2013-05-16,-0.002391512687324168
2013-05-17,0.0033365405360717792
2013-05-20,0.0014120784516785166
2013-05-21,0.002354144070196944
2013-05-22,-0.009952337110564886
2013-05-23,-0.006919735534372801
2013-05-24,-0.0023594403444560275
2013-05-28,-0.002317881137012529
2013-05-29,-0.006641936351811812
2013-05-30,-0.00033328805290379755
2013-05-31,-0.009994004676326846
2013-06-03,0.002617229943829524
2013-06-04,-0.0030079986994935664
2013-06-05,-0.0089260525541771
2013-06-06,0.006144275529656695
2013-06-07,0.005271340998896665
2013-06-10,-0.001517897455753137
2013-06-11,-0.007467065685109454
2013-06-12,-0.004582637371388743
2013-06-13,0.011316812539348697
2013-06-14,-0.0026971970046114515
2013-06-17,0.004991675023474761
2013-06-18,0.004019602797182952
2013-06-19,-0.012642708709215678
2013-06-20,-0.02060579097112335
2013-06-21,0.003976608274035464
2013-06-24,-0.006532837378336485
2013-06-25,0.007841308175521368
2013-06-26,0.005803242079937267
2013-06-27,0.007193075751743163
2013-06-28,-0.0024519635110770515
2013-07-01,0.002624983669708722
2013-07-02,0.0018656201934148806
2013-07-03,-0.001152826019922271
2013-07-05,0.002150869726312585
2013-07-08,0.0025899278642515064
2013-07-09,0.005383502916138392
2013-07-10,0.0007402170928158732
2013-07-11,0.012721136548937214
2013-07-12,-0.0024665934178362075
2013-07-15,0.0028418804853096087
2013-07-16,-0.000740969378332317
2013-07-17,0.0018449234233164644
2013-07-18,0.004117669286759524
2013-07-19,5.279505565838978e-05
2013-07-22,0.0021201108598655955
2013-07-23,-0.00021522890196536544
2013-07-24,-0.004882971567183174
2013-07-25,0.0012036141166659007
2013-07-26,-0.0008695345609240615
2013-07-29,-0.004013344703160031
2013-07-30,-0.000624361260763853
2013-07-31,-0.00265502403567012
2013-08-01,0.004255756658367158
2013-08-02,0.0009896987176929082
2013-08-05,-0.0008599291683809467
2013-08-06,-0.0021264983053303293
2013-08-07,-0.002045720051572431
2013-08-08,0.0026176021114557965
2013-08-09,0.001538670495593208
2013-08-12,-0.002201349465093925
2013-08-13,-0.0008604669960225447
2013-08-14,-0.001697511184267742
2013-08-15,-0.008130596669333568
2013-08-16,-0.005212615370475671
2013-08-19,-0.005348752581612213
2013-08-20,0.005232963305652891
2013-08-21,-0.004061304717729399
2013-08-22,0.004972496184839221
2013-08-23,0.004500456636052947
2013-08-26,-0.0027831135508767173
2013-08-27,-0.0075943377301643696
2013-08-28,-0.0007315383292338653
2013-08-29,0.00029460347694252746
2013-08-30,-0.004790934121624762
2013-09-03,0.005527510050531676
2013-09-04,0.0034482537534293043
2013-09-05,8.639513928157622e-05
2013-09-06,0.0011849035583946519
2013-09-09,0.0046568364673642846
2013-09-10,0.003747711987217379
2013-09-11,0.0013330920435912505
2013-09-12,-0.0016813581254963984
2013-09-13,0.0014085355255794162
2013-09-16,0.002739557723333148
2013-09-17,0.001020289559976809
2013-09-18,0.0076473033679008845
2013-09-19,-0.0012830812183805963
2013-09-20,-0.002847940822241809
2013-09-23,-0.0009862957985169165
2013-09-24,-0.000781738303604256
2013-09-25,-0.0003587666159875205
2013-09-26,0.0016085275821686729
2013-09-27,-0.001634247727930165
2013-09-30,-0.002491907849522106
2013-10-01,0.0026491480999560066
2013-10-02,-0.0002529310918031038
2013-10-03,-0.003158782699103259
2013-10-04,0.0019866533929530513
2013-10-07,-0.003804335121946846
2013-10-08,-0.0038787195574468253
2013-10-09,0.001001277541253081
2013-10-10,0.007877380147127648
2013-10-11,0.002350891195076591
2013-10-14,0.0014863949943374512
2013-10-15,-0.002414498074762261
2013-10-16,0.004275518345898598
2013-10-17,0.003990078395342116
2013-10-18,0.0025445325966154137
2013-10-21,0.0003153613274205508
2013-10-22,0.0031516402671112904
2013-10-23,-0.00290959095459181
2013-10-24,0.0020535875182824833
2013-10-25,0.00034321530916564704
2013-10-28,-1.1527102905915495e-05
2013-10-29,0.0014894674608683673
2013-10-30,-0.0017124166504677834
2013-10-31,-0.0016824252025489633
2013-11-01,-0.0002609710050353401
2013-11-04,0.0020581212103744193
2013-11-05,-0.005640089815491012
2013-11-06,0.0024806250438705988
2013-11-07,-0.008171661040239465
2013-11-08,0.001175472423739667
2013-11-11,0.000676013691336021
2013-11-12,-0.00197945683353336
2013-11-13,0.0035603086590580263
2013-11-14,0.003324777457114276
2013-11-15,0.0032308961154482846
2013-11-18,-0.0019335584329023521
2013-11-19,-0.002345375306385527
2013-11-20,-0.004448281684037508
2013-11-21,0.0044062261586792426
2013-11-22,0.0007972887542304557
2013-11-25,-0.0017398109839841965
2013-11-26,-0.0006412672068306719
2013-11-27,0.002685169718651396
2013-11-29,-0.001592604487788694
2013-12-02,-0.0022104930020600383
2013-12-03,-0.0022600902943382935
2013-12-04,-0.0010781908929913516
2013-12-05,-0.0020220401024198227
2013-12-06,0.004703643136163424
2013-12-09,0.0002958528363841031
2013-12-10,-0.0010522215443159563
2013-12-11,-0.004115211601499425
2013-12-12,-0.0021102294062515068
2013-12-13,-0.0001455393764088318
2013-12-16,0.0026815008434037837
2013-12-17,-0.0015017939804018552
2013-12-18,0.006552439864714088
2013-12-19,-0.00023594691736430773
2013-12-20,0.0023090551910811444
2013-12-23,0.0031307493640444386
2013-12-24,0.0008352900146835098
2013-12-26,0.0021129416126772663
2013-12-27,0.001021920645482888
2013-12-30,0.0008084408782320531
2013-12-31,0.0016960856593450815
2014-01-02,-0.005473432249536792
2014-01-03,0.0001797125089382125
2014-01-06,-0.0008187719747239482
2014-01-07,0.002346384289480698
2014-01-08,-1.5355364469877392e-05
2014-01-09,-1.7704414301432078e-05
2014-01-10,0.0023844357385515874
2014-01-13,-0.004404595997589313
2014-01-14,0.0037700561392984295
2014-01-15,0.001919652994235634
2014-01-16,-0.0003498011318840405
2014-01-17,-0.0014423680012793211
2014-01-21,0.0015459882406701504
2014-01-22,0.00013099831225066473
2014-01-23,-0.0029809928333120444
2014-01-24,-0.009780934313540044
2014-01-27,-0.0019093519047875102
2014-01-28,0.002921505318000244
2014-01-29,-0.004171204422965201
2014-01-30,0.003141954402615028
2014-01-31,-0.0045553562088818935
2014-02-03,-0.01010733536219926
2014-02-04,0.005482430384253363
2014-02-05,-0.0009827073957914304
2014-02-06,0.007269465956556639
2014-02-07,0.007142685340210084
2014-02-10,0.0016674003625882746
2014-02-11,0.005255164145197061
2014-02-12,8.18643922354032e-05
2014-02-13,0.0033597990152235556
2014-02-14,0.0025019300715804402
2014-02-18,0.0034265336837960344
2014-02-19,-0.0031728108230878174
2014-02-20,0.001225086088645194
2014-02-21,0.0009129896692182169
2014-02-24,0.0031305448980821268
2014-02-25,0.0007947858088999724
2014-02-26,0.00037479918479338935
2014-02-27,0.0014336738766987753
2014-02-28,0.0025220841784617306
2014-03-03,-0.00485315056625657
2014-03-04,0.007352721677949425
2014-03-05,-0.0016935522505563405
2014-03-06,0.0018393882116052307
2014-03-07,-0.0049391082191607705
2014-03-10,-0.003855594695636455
2014-03-11,-0.0009172925855609471
2014-03-12,0.00016760111228020236
2014-03-13,-0.006629773945781459
2014-03-14,0.0006500420925865669
2014-03-17,0.0017147796259044945
2014-03-18,0.004769660126214603
2014-03-19,-0.009208900223666938
2014-03-20,-0.0001340771848286071
2014-03-21,0.0012064453318461066
2014-03-24,-0.0016142371994894988
2014-03-25,0.006137560848796353
2014-03-26,-0.0030115254666276403
2014-03-27,0.0038267573169481484
2014-03-28,0.0030676938558922284
2014-03-31,0.004219054220957474
2014-04-01,0.0006353423730960372
2014-04-02,-0.00010978105999770449
2014-04-03,0.0005206831056998595
2014-04-04,-0.0001503273767354818
2014-04-07,-0.0024973314676025593
2014-04-08,0.004520996815015943
2014-04-09,0.004687658891162627
2014-04-10,-0.008729145908534575
2014-04-11,-0.004694612622498262
2014-04-14,0.005425670506839175
2014-04-15,0.003286801515823168
2014-04-16,0.005908717401721164
2014-04-17,-0.0005219985727180632
2014-04-21,0.0013855781912879284
2014-04-22,0.0020284416322511323
2014-04-23,-0.0013818830817723393
2014-04-24,0.002357465388972191
2014-04-25,-0.003936825391110732
2014-04-28,0.0018346472670021097
2014-04-29,0.003077864361680449
2014-04-30,0.0015796479493705995
2014-05-01,0.0004886999659863278
2014-05-02,0.0001659536262690331
2014-05-05,8.586856940251408e-05
2014-05-06,-0.0024186112143050886
2014-05-07,0.0045037139441646
2014-05-08,-0.00011742949046755768
2014-05-09,-0.0010049636886149127
2014-05-12,0.003816564438908987
2014-05-13,0.000874525452276842
2014-05-14,0.0005811638265365016
2014-05-15,-0.0032361428413326676
2014-05-16,0.0027720183183244096
2014-05-19,-0.0008760115241183142
2014-05-20,-0.002182000842460896
2014-05-21,0.001989510930580307
2014-05-22,0.0003377489906362108
2014-05-23,0.003958118478026407
2014-05-27,0.0024801876350883933
2014-05-28,-0.0008979835836325778
2014-05-29,0.0024817665523206855
2014-05-30,-0.0004143891769148311
2014-06-02,0.00010634740124970676
2014-06-03,-0.001858335844742376
2014-06-04,5.424992661606787e-05
2014-06-05,0.006889440378628597
2014-06-06,0.0019121956477206048
2014-06-09,-0.0018569547158999722
2014-06-10,-0.0027842717342667633
2014-06-11,-0.00249266357122524
2014-06-12,0.0017382847892213338
2014-06-13,0.0008743678060827431
2014-06-16,-0.00019354873948884688
2014-06-17,0.0003151411412891658
2014-06-18,0.006475293266129611
2014-06-19,0.004412159018137629
2014-06-20,0.0013639477751448137
2014-06-23,-0.0022941018516776657
2014-06-24,-0.0011963197487955268
2014-06-25,0.0009340076465627067
2014-06-26,-0.00048284319849245527
2014-06-27,0.0016678287699392058
2014-06-30,-0.0014462467001696844
2014-07-01,0.0029071009780401447
2014-07-02,-0.0011473856533325
2014-07-03,-0.0005425395988406523
2014-07-07,-0.0027731122569202293
2014-07-08,-0.002418077977814126
2014-07-09,0.0005242809192571585
2014-07-10,-0.0013447018883009365
2014-07-11,-0.0010246680325670665
2014-07-14,0.003813426625944638
2014-07-15,-0.002780065584416569
2014-07-16,0.003213530426886324
2014-07-17,-0.004231494401652824
2014-07-18,0.0038549459498347094
2014-07-21,-0.0008549932317589715
2014-07-22,0.001784878592667516
2014-07-23,0.001752608402787903
2014-07-24,-0.0008205012911539633
2014-07-25,-0.0015855759718778062
2014-07-28,0.0008773385645874932
2014-07-29,-0.0025879403095535602
2014-07-30,-0.0029536779083503273
2014-07-31,-0.01135111039095249
2014-08-01,-0.0020817653744550214
2014-08-04,0.0038867466846356047
2014-08-05,-0.006457270869702256
2014-08-06,-0.000309347123522138
2014-08-07,-0.001678840101502307
2014-08-08,0.004494969313220035
2014-08-11,0.002511665707236248
2014-08-12,-0.00103683188379465
2014-08-13,0.006037508509009286
2014-08-14,0.0022787287102264786
2014-08-15,0.00034973171350428977
2014-08-18,0.004301573010609419
2014-08-19,0.0017317656757461918
2014-08-20,0.00021800304169814914
2014-08-21,0.0015388929300791854
2014-08-22,-0.0028531075448109257
2014-08-25,0.0020168065254809564
2014-08-26,0.0005143209538157755
2014-08-27,0.0009948455582987445
2014-08-28,-0.0007567277449270628
2014-08-29,0.0015666275162665865
2014-09-02,-0.0009621783089894666
2014-09-03,0.0021088517754154355
2014-09-04,-0.0027010431751574994
2014-09-05,0.003116247151637178
2014-09-08,-0.00305924013642118
2014-09-09,-0.003533232809681939
2014-09-10,-0.001758370048871647
2014-09-11,-0.0009827595896874741
2014-09-12,-0.00835246073900959
2014-09-15,-0.0011785686550167074
2014-09-16,0.004265506417683687
2014-09-17,-0.0017119622417762304
2014-09-18,0.0007255094622057777
2014-09-19,0.00013567922463380224
2014-09-22,-0.003572420775653261
2014-09-23,-0.003841302735758588
2014-09-24,0.0014825925331475775
2014-09-25,-0.006102902354288041
2014-09-26,0.004687999322761062
2014-09-29,-0.0018578363693873645
2014-09-30,-0.001847780664004326
2014-10-01,-0.0020193934576016215
2014-10-02,-0.0008965631703614175
2014-10-03,0.0033972010678315254
2014-10-06,0.0006248223102481675
2014-10-07,-0.0034957985093631194
2014-10-08,0.008538579332961696
2014-10-09,-0.004316724185459761
2014-10-10,-0.0013098222815457006
2014-10-13,-0.002050410854770044
2014-10-14,0.003925973738127734
2014-10-15,-0.0009515715722935482
2014-10-16,-0.00034073312466228935
2014-10-17,0.002077256736588855
2014-10-20,0.005279281136638318
2014-10-21,0.005239107332826935
2014-10-22,-0.0014190983036284257
2014-10-23,0.0030172907855556172
2014-10-24,0.0015532227133795895
2014-10-27,0.0014106029026833375
2014-10-28,0.002673320708391862
2014-10-29,-0.0020950778047441323
2014-10-30,0.0027624370710319
2014-10-31,0.004493495105477743
2014-11-03,0.0017825727900574282
2014-11-04,-0.0003855060821726644
2014-11-05,0.0008974189759576598
2014-11-06,-0.001342938704123802
2014-11-07,0.0012143753211819883
2014-11-10,0.0014640960866044537
2014-11-11,-0.0005646026737460465
2014-11-12,-0.0018012644598457597
2014-11-13,0.001640701697913953
2014-11-14,-0.0011732805395615789
2014-11-17,0.0007968742516819846
2014-11-18,0.002246610884079163
2014-11-19,-0.002651259928133596
2014-11-20,0.001385306316746253
2014-11-21,0.0027366739048041897
2014-11-24,0.0014948201363381528
2014-11-25,0.0007024893818238053
2014-11-26,0.0027886650305058813
2014-11-28,0.0008507027373142283
2014-12-01,-0.0023735899175826016
2014-12-02,0.0016481991379515845
2014-12-03,0.000652024339876147
2014-12-04,0.0010006792794175865
2014-12-05,-0.0018054253179249538
2014-12-08,0.0005954329768991526
2014-12-09,0.0015541679893480073
2014-12-10,-0.002506842726076013
2014-12-11,0.0010324313381078485
2014-12-12,-0.0033529200582678343
2014-12-15,-0.004691364783003396
2014-12-16,-0.0008550208490529501
2014-12-17,0.007119012813944476
2014-12-18,0.005257123924716964
2014-12-19,0.0014958094818262244
2014-12-22,0.00425685292697987
2014-12-23,-0.0019366840373698782
2014-12-24,-0.0006618921722425043
2014-12-26,0.001617479889604414
2014-12-29,0.002051271602338007
2014-12-30,-0.0009928542331002202
2014-12-31,-0.005117106176071009
2015-01-02,0.003890974070297575
2015-01-05,-0.0013030408890210834
2015-01-06,0.0014450919506652513
2015-01-07,0.005501478020627532
2015-01-08,0.0034917112803838643
2015-01-09,-0.0005150739190564925
2015-01-12,0.0006634432961778744
2015-01-13,-0.0006764157619950353
2015-01-14,0.0014839660629923565
2015-01-15,0.00035105840911600714
2015-01-16,0.0028793056664944425
2015-01-20,-0.0006788982989972261
2015-01-21,-7.576781933513104e-05
2015-01-22,0.006028954466570619
2015-01-23,-0.00036765692233122334
2015-01-26,0.0016933797423497607
2015-01-27,-0.0023014036135896765
2015-01-28,-0.002333210091524669
2015-01-29,0.001829047034188431
2015-01-30,-0.004908404033284315
2015-02-02,0.0016874843631543388
2015-02-03,0.0029373832951314727
2015-02-04,-0.0012619268626941715
2015-02-05,0.003676515759450587
2015-02-06,-0.008604995302867197
2015-02-09,-0.002391347582949408
2015-02-10,0.002264010164695731
2015-02-11,-0.0005460979835486081
2015-02-12,0.004380723557500281
2015-02-13,-0.0011686859627090907
2015-02-17,-0.0015973797490325306
2015-02-18,0.002837139487692135
2015-02-19,-0.004936043943504794
2015-02-20,0.003025839359773168
2015-02-23,0.002493275076816386
2015-02-24,-0.002049183437272357
2015-02-25,5.918287705606744e-05
2015-02-26,-0.003598822946575069
2015-02-27,0.0015903159968227818
2015-03-02,0.0012929391666269185
2015-03-03,-0.002864750366009148
2015-03-04,-0.003401266693425696
2015-03-05,0.0013746177073134436
2015-03-06,-0.014244752471493071
2015-03-09,0.0036572073640632106
2015-03-10,-0.0069157894852521305
2015-03-11,0.0005726358060299673
2015-03-12,0.008703391143222952
2015-03-13,-0.002805119705107314
2015-03-16,0.007678189399242424
2015-03-17,-0.0007614269867748882
2015-03-18,0.013159704334535186
2015-03-19,-0.004305093881316266
2015-03-20,0.012013011300128629
2015-03-23,0.000618930867576709
2015-03-24,-0.002641661763108714
2015-03-25,-0.008185039057439298
2015-03-26,-0.0043791296609641955
2015-03-27,0.002022456880496164
2015-03-30,0.005398317113820199
2015-03-31,-0.006093638297633749
2015-04-01,0.0013959160080162657
2015-04-02,0.0034005803322016324
2015-04-06,0.005715075505824965
2015-04-07,-0.00415772696878953
2015-04-08,0.001654023748176262
2015-04-09,-0.00380903533413289
2015-04-10,0.0012758625337056428
2015-04-13,-0.0023035260435890627
2015-04-14,0.0031709020108087647
2015-04-15,0.0004159558951887709
2015-04-16,0.0011472731728731555
2015-04-17,-0.005340903458149225
2015-04-20,0.0019590605877603117
2015-04-21,0.0014697785051273203
2015-04-22,0.0006237245927721712
2015-04-23,0.0024021478215218305
2015-04-24,0.0027460588181750377
2015-04-27,-0.0004290505328113459
2015-04-28,-0.00043933778068978364
2015-04-29,-0.007346030213093467
2015-04-30,-0.007420882470047384
2015-05-01,0.00479397241509535
2015-05-04,0.000152127712667418
2015-05-05,-0.009956782062021474
2015-05-06,-0.001673460923654122
2015-05-07,0.004051533762284588
2015-05-08,0.01082119297315739
2015-05-11,-0.00767817089340401
2015-05-12,5.709295724577776e-05
2015-05-13,-0.000636062484903397
2015-05-14,0.009016394180139298
2015-05-15,0.003933639139176373
2015-05-18,-0.0019232988898883563
2015-05-19,-0.002402652678565607
2015-05-20,0.0005051504463011079
2015-05-21,0.001888479418990332
2015-05-22,-0.00246478047987315
2015-05-26,-0.006031027446331503
2015-05-27,0.00568422651276831
2015-05-28,-0.0007959180266440591
2015-05-29,-0.005365720095850933
2015-06-01,-0.000388589961216619
2015-06-02,-0.0006609559688833345
2015-06-03,-6.731473799183725e-05
2015-06-04,-0.002872387229598945
2015-06-05,-0.004157429005996998
2015-06-08,-0.0012173790948502197
2015-06-09,-0.0017789363566102126
2015-06-10,0.005819321578792817
2015-06-11,0.002767480306244454
2015-06-12,-0.0032287917894338225
2015-06-15,-0.0015697767808751275
2015-06-16,0.0017891643820770375
2015-06-17,-1.745425958394673e-05
2015-06-18,0.0037201490198518947
2015-06-19,-0.00031207164613195954
2015-06-22,0.003112321798454933
2015-06-23,6.89366284649017e-05
2015-06-24,-0.0025826554241955104
2015-06-25,-0.0011920688118675726
2015-06-26,-0.0010882935610002176
2015-06-29,-0.008064174485636028
2015-06-30,-0.0008623802480707911
2015-07-01,0.0020169555881443123
2015-07-02,6.710766647412312e-05
2015-07-06,-0.004591176174148031
2015-07-07,0.0013295533669115686
2015-07-08,-0.008053019107383291
2015-07-09,0.003657297086132759
2015-07-10,0.009028286679246059
2015-07-13,0.0029518628476832573
2015-07-14,0.002538800656968779
2015-07-15,-0.0008050964528377438
2015-07-16,0.0033306206036356764
2015-07-17,-0.0001661560485059625
2015-07-20,0.0006249832372889359
2015-07-21,-0.0013694831050669724
2015-07-22,-0.0018855184406263974
2015-07-23,-0.0016480571000058856
2015-07-24,-0.004272493825148769
2015-07-27,-0.002625452460139716
2015-07-28,0.004966676217270165
2015-07-29,0.0020935796405035815
2015-07-30,-0.0001076454107168499
2015-07-31,0.0008872622068111269
2015-08-03,-0.0006335728613092336
2015-08-04,-0.0012692779021265695
2015-08-05,0.0009398630870198048
2015-08-06,-0.0017675584750584197
2015-08-07,4.264457249664347e-05
2015-08-10,0.004127436580137259
2015-08-11,-0.0035738009162076044
2015-08-12,-0.0012357059179190842
2015-08-13,-0.0008977174855275613
2015-08-14,0.0008375232431715199
2015-08-17,0.0011076554939981821
2015-08-18,-0.0024067130050424786
2015-08-19,-0.002125580078864198
2015-08-20,-0.008490915914448078
2015-08-21,-0.009797846461580634
2015-08-24,-0.014593081069641243
2015-08-25,-0.0011065389261890675
2015-08-26,0.010894045805026011
2015-08-27,0.007280269393392049
2015-08-28,-0.0002500918656173617
2015-08-31,-0.0034514147792527755
2015-09-01,-0.009782111592393323
2015-09-02,1.1904761904761904e-06
2015-09-03,7.936507936507937e-07
2015-09-04,7.936507936507937e-07
2015-09-08,2.3809523809523808e-06
2015-09-09,1.1904761904761904e-06
2015-09-10,7.936507936507937e-07
2015-09-11,1.5873015873015873e-06
2015-09-14,2.7777777777777783e-06
2015-09-15,2.7777777777777783e-06
2015-09-16,2.3809523809523808e-06
2015-09-17,3.9682539682539683e-07
2015-09-18,-3.9682539682539683e-07
2015-09-21,3.9682539682539683e-07
2015-09-22,-3.9682539682539683e-07
2015-09-23,3.9682539682539683e-07
2015-09-24,3.9682539682539683e-07
2015-09-25,-3.9682539682539683e-07
2015-09-28,3.9682539682539683e-07
2015-09-29,3.9682539682539683e-07
2015-09-30,-3.9682539682539683e-07
2015-10-01,-0.00020452854212889857
2015-10-02,0.0009692101097003025
2015-10-05,-0.0011073777932048181
2015-10-06,0.00040925709365491336
2015-10-07,-0.0005014703581887048
2015-10-08,-0.0005201457866864477
2015-10-09,0.00011225227637510642
2015-10-12,0.0006703436988607468
2015-10-13,0.00018588811147677724
2015-10-14,0.0010926760981986305
2015-10-15,-0.0006827796200333981
2015-10-16,-0.00016613081203821896
2015-10-19,-9.184505621099549e-05
2015-10-20,-0.0006847831924194162
2015-10-21,0.0006874141624103424
2015-10-22,0.00020377856013942264
2015-10-23,-0.001129737815391514
2015-10-26,0.000521054507953664
2015-10-27,0.0005023346793154321
2015-10-28,-0.0010357745872614117
2015-10-29,-0.0012257588196653714
2015-10-30,0.00039524764225403825
2015-11-02,0.005207602554877439
2015-11-03,-0.001962216031694162
2015-11-04,-0.001702157385148662
2015-11-05,0.0004647223561508147
2015-11-06,-0.007722984300637298
2015-11-09,-0.005629730798688241
2015-11-10,0.003138110490760454
2015-11-11,-0.0006448033439038826
2015-11-12,-0.004040590243449952
2015-11-13,-0.0037609423183352975
2015-11-16,0.005625622799194573
2015-11-17,-0.00019334696927565743
2015-11-18,0.004831308106752478
2015-11-19,0.0008769874185005756
2015-11-20,0.0029677880309657134
2015-11-23,0.000467374971211839
2015-11-24,-0.00059308954233842
2015-11-25,0.0008982721193458959
2015-11-27,0.002179894926004136
2015-11-30,-0.002215795303182475
2015-12-01,0.005738705917398757
2015-12-02,-0.00668391127915171
2015-12-03,-0.008046631724700349
2015-12-04,0.00845786502777304
2015-12-07,-0.0011308626229056089
2015-12-08,-0.0013876996397843213
2015-12-09,-0.002373247223605446
2015-12-10,-0.0013402562569865206
2015-12-11,-0.002656637026652395
2015-12-14,0.00045534742434237823
2015-12-15,0.0037807454971667243
2015-12-16,0.0062951305635095345
2015-12-17,-0.003199969406082066
2015-12-18,-0.005165163867756121
2015-12-21,0.0025124469832018617
2015-12-22,0.002056737030228884
2015-12-23,0.004080790644612573
2015-12-24,3.671506062467956e-05
2015-12-28,0.0006959829496753935
2015-12-29,0.00320525466721862
2015-12-30,-0.0020340502956106782
2015-12-31,-0.003510793556157276
2016-01-04,-0.004226728391544606
2016-01-05,0.0042035662295366125
2016-01-06,-0.0030711687651276184
2016-01-07,-0.00872793982100222
2016-01-08,-0.00484782308285219
2016-01-11,0.001330515513273201
2016-01-12,0.00028703941473581297
2016-01-13,-0.007835102002082059
2016-01-14,0.0027956644949789465
2016-01-15,-0.005674933120519037
2016-01-19,0.0013581537059023485
2016-01-20,-0.007918401808991022
2016-01-21,0.002225978908583182
2016-01-22,0.009660976480568169
2016-01-25,-0.004283567946955503
2016-01-26,0.006901986741453369
2016-01-27,-0.006049551297902286
2016-01-28,-0.0004827595151140752
2016-01-29,0.008957901705815244
2016-02-01,-0.0011032229357868508
2016-02-02,-0.0004052147863095735
2016-02-03,0.0011175106160107584
2016-02-04,0.0005859314916579467
2016-02-05,-0.0035355110129333973
2016-02-08,-0.004226033257636916
2016-02-09,-0.0036072521793888575
2016-02-10,0.0019856210235927865
2016-02-11,-0.0019061718999532787
2016-02-12,0.0007715830540996044
2016-02-16,0.0030802260839717225
2016-02-17,0.0012297848253350744
2016-02-18,0.0029561445491499264
2016-02-19,0.0011543392248811583
2016-02-22,0.0017273943667656388
2016-02-23,-0.00011739230787176404
2016-02-24,-0.00021841541467612627
2016-02-25,0.004682103369447535
2016-02-26,-0.001998401072504916
2016-02-29,-0.000445052652940453
2016-03-01,0.004075013457327886
2016-03-02,0.0011007122104244602
2016-03-03,0.0013020453268837693
2016-03-04,-0.0006454047949496104
2016-03-07,0.00013499767178150288
2016-03-08,-0.000892048687624965
2016-03-09,0.0003246912654488581
2016-03-10,-0.0014218904075966607
2016-03-11,0.0038841350818483856
2016-03-14,0.0001766033701174207
2016-03-15,7.289301081718541e-05
2016-03-16,0.0034760912117549605
2016-03-17,0.0030500542334036245
2016-03-18,-0.0005038136013234845
2016-03-21,-0.0023653032973608443
2016-03-22,-0.0004092396060200327
2016-03-23,-0.00015709004702270499
2016-03-24,-0.0001154830580807636
2016-03-28,0.0021035609647704605
2016-03-29,0.00569033976813182
2016-03-30,-0.0006406191345681904
2016-03-31,0.0019576875353170767
2016-04-01,0.0021958106719549165
2016-04-04,-0.0006963020148810626
2016-04-05,-0.002511018180578679
2016-04-06,0.0022348734016240535
2016-04-07,-0.0026279794847663806
2016-04-08,0.0013434420636938163
2016-04-11,-0.0009075239243734721
2016-04-12,0.002509827475511897
2016-04-13,0.001291800849279561
2016-04-14,-0.0015630580421613668
2016-04-15,0.0018764538866976846
2016-04-18,0.0021685838119970516
2016-04-19,0.0004092374224708765
2016-04-20,-0.004209488222373476
2016-04-21,-0.004965565252621857
2016-04-22,0.0019594636542630984
2016-04-25,0.0011024889015577833
2016-04-26,0.0006620953445333267
2016-04-27,0.0013945812854336893
2016-04-28,-0.001530134034390593
2016-04-29,-0.00299311597433036
2016-05-02,0.002184155239514053
2016-05-03,-0.003304506061604606
2016-05-04,0.0022640300343437763
2016-05-05,-0.0008777361126497194
2016-05-06,0.003752077178721889
2016-05-09,-0.0016818198416121942
2016-05-10,0.007321836700533772
2016-05-11,-0.0011863168007735848
2016-05-12,0.0009584634021631188
2016-05-13,-0.0030379544468159972
2016-05-16,0.005369089743725504
2016-05-17,-0.004351379414218829
2016-05-18,-0.006183789263991625
2016-05-19,-0.0032636570503833074
2016-05-20,0.0038158761125236204
2016-05-23,-0.001188173138641187
2016-05-24,0.004736090811313635
2016-05-25,0.0036025156633574993
2016-05-26,0.0009467761586536048
2016-05-27,0.0023803207195262073
2016-05-31,-0.0013736432285999937
2016-06-01,0.0033733623551528424
2016-06-02,0.002653188830930242
2016-06-03,0.004720413634612397
2016-06-06,0.0024749647009085773
2016-06-07,0.005253343250601228
2016-06-08,0.005975841483691013
2016-06-09,-0.002343738220232705
2016-06-10,-0.010411886739222775
2016-06-13,-0.003994748982667162
2016-06-14,-0.005466028506219245
2016-06-15,0.0025038181312542207
2016-06-16,-0.0010122801885394939
2016-06-17,0.004845110295421007
2016-06-20,0.007558348905344792
2016-06-21,0.0009261730736696006
2016-06-22,-0.0015269062314638981
2016-06-23,0.009743902704068219
2016-06-24,-0.027533940203376628
2016-06-27,-0.005963618175670371
2016-06-28,0.016221287458884515
2016-06-29,0.011562503728543172
2016-06-30,0.007048543717864675
2016-07-01,0.0035662502207687474
2016-07-05,-0.0037948440971992273
2016-07-06,0.0012360293526872024
2016-07-07,-0.008070434560202224
2016-07-08,0.008610546096260014
2016-07-11,0.0001977001896081851
2016-07-12,0.003988921988132563
2016-07-13,-0.0009202928988291117
2016-07-14,-0.0007127841592761144
2016-07-15,-0.0014985701952858756
2016-07-18,8.979662949245651e-05
2016-07-19,9.447842763721211e-05
2016-07-20,-0.0008874138305135274
2016-07-21,-0.0009868456295836216
2016-07-22,0.002086478719984209
2016-07-25,-0.0032689227654718925
2016-07-26,-0.0015942295244898432
2016-07-27,-0.0028625389541067085
2016-07-28,0.0016349347030913664
2016-07-29,0.0053305206309699656
2016-08-01,-0.004637274078780229
2016-08-02,-0.006249272955345941
2016-08-03,0.0021057888309248263
2016-08-04,0.001872451158847488
2016-08-05,0.002265857649420111
2016-08-08,0.0016646202980843405
2016-08-09,0.002954335779392414
2016-08-10,-0.0018485924865820902
2016-08-11,0.002197741442482082
2016-08-12,0.002396310502308374
2016-08-15,0.003863082752961766
2016-08-16,-0.0024513668382094567
2016-08-17,0.0022428246586185807
2016-08-18,0.003617867402334607
2016-08-19,-0.004394765132423428
2016-08-22,-0.00013398865589953068
2016-08-23,0.0021734526540817534
2016-08-24,-0.004850518553188743
2016-08-25,0.00043088189303341906
2016-08-26,-0.004982623382518203
2016-08-29,0.00358631279238919
2016-08-30,-0.0028914993418720503
2016-08-31,-0.00483155311805461
2016-09-01,-0.001016750547057299
2016-09-02,0.006668640876858589
2016-09-06,0.005819675390709156
2016-09-07,0.003190103492029417
2016-09-08,-0.0009207941921037799
2016-09-09,-0.020654151110883423
2016-09-12,0.007058781156318528
2016-09-13,-0.01528239836354861
2016-09-14,-0.0007918971156395394
2016-09-15,0.005516614111592766
2016-09-16,-0.00276762373614603
2016-09-19,0.002413785193976059
2016-09-20,0.0019361118179554992
2016-09-21,0.01114256549372894
2016-09-22,0.008562291281229095
2016-09-23,-0.004365504917361762
2016-09-26,-0.001076185401623908
2016-09-27,-0.0014692756192122847
2016-09-28,0.008635490543796198
2016-09-29,-0.0056281226739396395
2016-09-30,0.0018678907794646982
2016-10-03,-0.0034963909233035606
2016-10-04,-0.005218266491101575
2016-10-05,-0.0016135146086121432
2016-10-06,-0.0008775900456426955
2016-10-07,-0.0022672548570796813
2016-10-10,0.004578445092717098
2016-10-11,-0.00851855007205915
2016-10-12,0.0006572816108412205
2016-10-13,0.0018979961109100163
2016-10-14,-0.0009131647018379985
2016-10-17,-0.00015258599001088946
2016-10-18,0.005302301266326248
2016-10-19,0.002907938962188439
2016-10-20,-0.0025161601476391127
2016-10-21,-8.924269778987082e-05
2016-10-24,0.0011305477678422715
2016-10-25,-0.0021116244474755907
2016-10-26,-0.005645309588994563
2016-10-27,-0.0055220705677586635
2016-10-28,-0.0014761503582780833
2016-10-31,0.0008803150335248144
2016-11-01,-0.002843587921043703
2016-11-02,-0.004942334376195168
2016-11-03,-0.001793465933806081
2016-11-04,-0.003487061230347198
2016-11-07,0.007999299798213032
2016-11-08,0.001201479123573604
2016-11-09,0.003273357111516933
2016-11-10,-0.001656645355373831
2016-11-11,-0.0054917648096112544
2016-11-14,-0.0013306780196630633
2016-11-15,0.00688366433170839
2016-11-16,-0.004937659852187162
2016-11-17,0.002973250945361386
2016-11-18,-0.0009923025472927643
2016-11-21,0.008796667479633955
2016-11-22,0.0006294794188341915
2016-11-23,0.0002191483545744788
2016-11-25,-0.00010792772649269346
2016-11-28,-0.0013266663650314124
2016-11-29,-0.0023283304864748365
2016-11-30,0.005360591259592443
2016-12-01,0.00277578700204762
2016-12-02,0.0015309823520806213
2016-12-05,0.0022481843698531137
2016-12-06,-0.0002469032694062055
2016-12-07,0.0010916664586821466
2016-12-08,0.0008875498468464072
2016-12-09,0.0022526981503791874
2016-12-12,0.0010783367565915878
2016-12-13,0.0018527112174252464
2016-12-14,-0.0035465327627025637
2016-12-15,0.0005931833890997984
2016-12-16,0.0005235561976773484
2016-12-19,-0.0007056496141592319
2016-12-20,0.001681499549747689
2016-12-21,-0.0016963804860342026
2016-12-22,-0.0005906170005683453
2016-12-23,0.000692066986412062
2016-12-27,0.003591135896025618
2016-12-28,-0.0015118296718753868
2016-12-29,0.0002197710651443613
2016-12-30,-0.0003384815401714158
2017-01-03,-0.0003584477104862962
2017-01-04,0.005006021322877951
2017-01-05,0.002568346720379908
2017-01-06,-0.00020763907444878453
2017-01-09,-0.003994331655206911
2017-01-10,-0.0008551513899372609
2017-01-11,0.0038042969165819483
2017-01-12,0.0027360436343471383
2017-01-13,0.0008280300425669072
2017-01-17,-0.00153754764275897
2017-01-18,-0.0018806175244835634
2017-01-19,-0.0018744842188582324
2017-01-20,0.004182469832408613
2017-01-23,8.496340370566741e-07
2017-01-24,0.002305486153303056
2017-01-25,0.002564489360752991
2017-01-26,-0.00011475848393594388
2017-01-27,-0.002273924237047711
2017-01-30,-0.0038048134377695743
2017-01-31,0.0014474011673426322
2017-02-01,0.0030490440549010246
2017-02-02,0.00024512197531660667
2017-02-03,0.0020667667483086306
2017-02-06,-0.0030294629656829365
2017-02-07,-0.0010566388309181975
2017-02-08,0.0013684030196929008
2017-02-09,0.003051299643681029
2017-02-10,0.0034003140469978806
2017-02-13,-0.0003527732893252812
2017-02-14,0.0007673917178270969
2017-02-15,0.0020706869628039047
2017-02-16,-0.0009561993061283581
2017-02-17,-0.0005756775567840268
2017-02-21,0.0016146814453149826
2017-02-22,-0.0011817481175024015
2017-02-23,0.0012166309053390089
2017-02-24,-0.0015598829705067564
2017-02-27,-5.5856377871537055e-05
2017-02-28,-6.239349205148038e-05
2017-03-01,0.005778324539749579
2017-03-02,-0.006814481419992653
2017-03-03,0.0015667685974975667
2017-03-06,-0.002363589309443159
2017-03-07,-0.003133187430736071
2017-03-08,-0.009302067649768809
2017-03-09,-0.003689931487896304
2017-03-10,-9.368296392922015e-05
2017-03-13,0.00138403478797115
2017-03-14,-0.0031439157328378275
2017-03-15,0.010393333411941607
2017-03-16,-7.25861022164885e-05
2017-03-17,0.0017634160757232888
2017-03-20,-0.000933201392588654
2017-03-21,-0.00539827136095817
2017-03-22,0.0002695015354048291
2017-03-23,0.00131603316549336
2017-03-24,0.0008627382838184027
2017-03-27,-0.0017473867379964993
2017-03-28,0.004497871772679756
2017-03-29,0.0031878417426660244
2017-03-30,0.0010988571226197717
2017-03-31,0.0008421340276194811
2017-04-03,-0.001967396810602351
2017-04-04,0.002047968009326906
2017-04-05,-0.0012334804891893517
2017-04-06,0.0011253214637546246
2017-04-07,0.00019938249471540055
2017-04-10,0.0014595670205080852
2017-04-11,0.001100451008709697
2017-04-12,-0.001025136095779973
2017-04-13,-0.0019354447808709832
2017-04-17,0.0018598102962803925
2017-04-18,-0.002258334739078443
2017-04-19,-0.004657190083602043
2017-04-20,0.002441004323516871
2017-04-21,-0.002478264831511956
2017-04-24,0.006617301117369527
2017-04-25,0.0035370185087936165
2017-04-26,-0.001746328333189287
2017-04-27,-0.000697593942498516
2017-04-28,-0.0011794950486161285
2017-05-01,0.001472511935993577
2017-05-02,0.0011244817110175813
2017-05-03,-0.0006271921692937644
2017-05-04,0.0021505976579995
2017-05-05,0.0030271591922574155
2017-05-08,-0.00151719799619059
2017-05-09,-0.0006533629602892174
2017-05-10,0.0006883959959945134
2017-05-11,-0.0008797400089966871
2017-05-12,0.0007952189345047464
2017-05-15,0.0021371078131613946
2017-05-16,0.0011211312431194625
2017-05-17,-0.005803268994165005
2017-05-18,0.0011679098816646772
2017-05-19,0.0036476784262153387
2017-05-22,0.0012803164632182284
2017-05-23,0.0004955043206798761
2017-05-24,0.0006117179330215994
2017-05-25,0.0009770504462760343
2017-05-26,-0.0005907153193211056
2017-05-30,-0.0003641726291969849
2017-05-31,0.00021994847552790525
2017-06-01,0.003202269770043591
2017-06-02,0.0037523898830105476
2017-06-05,-0.0015705106654837681
2017-06-06,-0.0005583303505237453
2017-06-07,7.446643117904128e-05
2017-06-08,-0.0005596399859029709
2017-06-09,-0.001224367704885598
2017-06-12,-0.0008177349042835332
2017-06-13,0.002609857163830054
2017-06-14,0.0006610665797771033
2017-06-15,-0.002769506655351259
2017-06-16,0.001873098486023721
2017-06-19,0.0019355289017072663
2017-06-20,-0.002445132215206711
2017-06-21,-0.00029741731590430664
2017-06-22,7.987649133938182e-05
2017-06-23,0.000801789690367241
2017-06-26,0.0006586009499426428
2017-06-27,-0.0026105350462401478
2017-06-28,0.0033579009740023393
2017-06-29,-0.00445902396461642
2017-06-30,3.749030918724246e-05
2017-07-03,0.001116989249372735
2017-07-05,-0.0021929639590858485
2017-07-06,-0.006841492195603218
2017-07-07,0.0021321945431134292
2017-07-10,-0.0008432961035730226
2017-07-11,0.0003627379510407024
2017-07-12,0.006153257507199426
2017-07-13,0.001032760724776437
2017-07-14,0.004540438720163562
2017-07-17,0.0014469342865774401
2017-07-18,0.0005996408775769688
2017-07-19,0.0034732003647944096
2017-07-20,3.8387059578280376e-05
2017-07-21,-0.0007364089969691518
2017-07-24,-0.0010927687992300812
2017-07-25,-8.77495206132657e-05
2017-07-26,0.003274097283386653
2017-07-27,-0.0007046834906923764
2017-07-28,-0.00021889152963614291
2017-07-31,0.0006323874181683462
2017-08-01,0.002963846835036945
2017-08-02,-0.0018155615380346136
2017-08-03,2.7859273803356492e-05
2017-08-04,0.0007671504447807307
2017-08-07,0.00036767273205503214
2017-08-08,-0.002673586275990592
2017-08-09,-0.0007430860966522125
2017-08-10,-0.006362798115518977
2017-08-11,-0.0010724583604359383
2017-08-14,0.00629103396625815
2017-08-15,-0.0013603981562845947
2017-08-16,0.0026682418830262745
2017-08-17,-0.005900257136935034
2017-08-18,-0.0017458714838301014
2017-08-21,0.0023745840475419
2017-08-22,0.0020928579089280197
2017-08-23,0.002052313339154737
2017-08-24,-0.0018409612895147242
2017-08-25,0.0029712322392515165
2017-08-28,-0.0013255043581649382
2017-08-29,-0.0003101408262437355
2017-08-30,0.001651316041411407
2017-08-31,0.004210832452668983
2017-09-01,0.0006640808939940523
2017-09-05,-0.0019306695787542438
2017-09-06,0.001958712156947263
2017-09-07,0.0037787607861670225
2017-09-08,-0.00017834032958803598
2017-09-11,0.004399011281951836
2017-09-12,-0.001541768392739964
2017-09-13,-0.0019106369996415152
2017-09-14,0.0019933195535624215
2017-09-15,0.001071294994879467
2017-09-18,-0.0011600581964636093
2017-09-19,-0.0003971795155401815
2017-09-20,-0.0012965787663693075
2017-09-21,-0.001579531828969596
2017-09-22,-0.0003893387111270441
2017-09-25,0.00021599633490707577
2017-09-26,-0.0001405254005404912
2017-09-27,-0.001899387371541549
2017-09-28,0.00210466039138899
2017-09-29,0.0020516988734933014
2017-10-02,0.000438325421431518
2017-10-03,0.0012242031874196702
2017-10-04,0.0010762672798207973
2017-10-05,0.0038008877478528103
2017-10-06,-0.004376718561884152
2017-10-09,0.000567194456123632
2017-10-10,0.005460487765841959
2017-10-11,0.002090530010056657
2017-10-12,0.0007444033706738296
2017-10-13,0.004425641713717399
2017-10-16,-0.000690189575787592
2017-10-17,-0.00047122079224848346
2017-10-18,-7.503440139522422e-05
2017-10-19,-0.001540187834276785
2017-10-20,-0.00016190858229714333
2017-10-23,-0.0017870857303966536
2017-10-24,0.0009127061298996875
2017-10-25,-0.0024087957274609995
2017-10-26,-0.0007882629322505386
2017-10-27,0.004654449693274776
2017-10-30,0.0007735834573110445
2017-10-31,0.001493164476455977
2017-11-01,0.0016941921682425143
2017-11-02,0.003894134564911944
2017-11-03,0.001407017453989745
2017-11-06,0.006006936930221585
2017-11-07,-0.0004053034098256969
2017-11-08,0.001387054694544032
2017-11-09,-0.0013702509645520111
2017-11-10,-0.0017754508622931375
2017-11-13,-0.00033152715849749104
2017-11-14,-0.003441388541952972
2017-11-15,-0.0035082112393036713
2017-11-16,0.003846530843154561
2017-11-17,0.0013006223789777671
2017-11-20,-0.0017443605130943451
2017-11-21,0.005703830858394321
2017-11-22,0.0016662099239255213
2017-11-24,0.0027934855634323963
2017-11-27,-0.0024691231551942083
2017-11-28,0.0015976341777492742
2017-11-29,-0.0028250594831388254
2017-11-30,0.000771071852131211
2017-12-01,0.0012998383760171818
2017-12-04,-0.004394626514775643
2017-12-05,-0.0028012822217358315
2017-12-06,-0.003906333937921743
2017-12-07,0.0022952581396150774
2017-12-08,0.004202633902377451
2017-12-11,0.001605794776390552
2017-12-12,-0.00015530690940294495
2017-12-13,0.00020776409517706863
2017-12-14,-0.0013206079735055
2017-12-15,0.002875348607845056
2017-12-18,0.005851098722935045
2017-12-19,-0.0042393875094865145
2017-12-20,-0.0016280035154922483
2017-12-21,0.0004844550892750129
2017-12-22,0.0027191769400161056
2017-12-26,0.00367392850518543
2017-12-27,0.0016305939888513214
2017-12-28,0.0025796483745259796
2017-12-29,7.546409748651235e-05
2018-01-02,0.0031327269640394075
2018-01-03,0.0028530770961176658
2018-01-04,-0.0006416601210332124
2018-01-05,0.0018347190708365674
2018-01-08,0.001236354135967729
2018-01-09,-0.0005744991345772151
2018-01-10,-0.002195257615285124
2018-01-11,0.0020543906317059884
2018-01-12,0.0030087051676371884
2018-01-16,-0.001418740191562576
2018-01-17,0.0045793108841745995
2018-01-18,-0.0031448695030864035
2018-01-19,0.00275113333586416
2018-01-22,0.004966666174370191
2018-01-23,0.005264294636463914
2018-01-24,0.0013500316177966825
2018-01-25,-0.0021822704734207506
2018-01-26,0.004901657686566322
2018-01-29,-0.006415153585093983
2018-01-30,-0.006544713454361499
2018-01-31,0.00366039152180677
2018-02-01,0.0014350629857081913
2018-02-02,-0.011654905234186863
2018-02-05,-0.018646217491243237
2018-02-06,0.0068406034908580085
2018-02-07,-0.00547406260352244
2018-02-08,-0.014748968901640886
2018-02-09,0.0008519757538384563
2018-02-12,0.007253029811897848
2018-02-13,0.00028666599794244967
2018-02-14,0.009362726347079174
2018-02-15,0.00420336281591831
2018-02-16,0.001344250322718971
2018-02-20,-0.0025040598656607405
2018-02-21,-0.0021680111427898707
2018-02-22,0.0031371980572286176
2018-02-23,0.006099107345149345
2018-02-26,0.005295965353197226
2018-02-27,-0.007454030557478536
2018-02-28,-0.006031139204378552
2018-03-01,-0.005869044330950582
2018-03-02,0.002031135742718727
2018-03-05,0.0046132064518570335
2018-03-06,0.00244381537410134
2018-03-07,-0.002233898343874422
2018-03-08,0.00022596316000242361
2018-03-09,0.00671547704704642
2018-03-12,-0.00035464822060699827
2018-03-13,-0.003185887126880364
2018-03-14,-0.0005208780391872644
2018-03-15,-0.0004252197653839061
2018-03-16,0.0008274902463958746
2018-03-19,-0.005623170954363021
2018-03-20,0.0016685956810299073
2018-03-21,0.0035514516489090968
2018-03-22,-0.01024803595953418
2018-03-23,-0.004666916125663979
2018-03-26,0.009113228612155997
2018-03-27,-0.00565531433765199
2018-03-28,-0.00023567710223812267
2018-03-29,0.006185713758190577
2018-04-02,-0.009764533514210035
2018-04-03,0.004924579631256265
2018-04-04,0.0020766501393312737
2018-04-05,0.003921881948085498
2018-04-06,-0.0071875722922930246
2018-04-09,0.005153197353009178
2018-04-10,0.00876601704548182
2018-04-11,-0.0002770176030978106
2018-04-12,0.0016274491611081414
2018-04-13,-0.0002370452597291714
2018-04-16,0.0012796780228463177
2018-04-17,0.0031888671014574043
2018-04-18,0.00491844731108866
2018-04-19,-0.002627761664307
2018-04-20,-0.0027573846472922917
2018-04-23,-0.00036991361017733773
2018-04-24,-0.004506102892769522
2018-04-25,0.0005302951724679755
2018-04-26,0.00409010346445871
2018-04-27,0.00030634046138928935
2018-04-30,-0.0012361109773954956
2018-05-01,-0.001464562229204403
2018-05-02,-0.0013987850136875227
2018-05-03,0.0014738276791243462
2018-05-04,0.004704974313351979
2018-05-07,0.00063006326689027
2018-05-08,0.0006236776298575035
2018-05-09,0.0042399793886237
2018-05-10,0.0041998744356357386
2018-05-11,-5.350618463253349e-05
2018-05-14,0.001943034882079214
2018-05-15,-0.0025664043364761213
2018-05-16,0.0022608993949927224
2018-05-17,0.0003919008368259214
2018-05-18,-0.001087796759179761
2018-05-21,0.004335809731951207
2018-05-22,-0.0005510527896487706
2018-05-23,-0.0005261203236277755
2018-05-24,-0.0023065226102952485
2018-05-25,-0.004700780748184811
2018-05-29,-0.008243385704732747
2018-05-30,0.008310624277785023
2018-05-31,-0.0030114356612943338
2018-06-01,0.0038091124541573605
2018-06-04,0.0003753685925634929
2018-06-05,3.5977488722713908e-06
2018-06-06,0.0028544340248691864
2018-06-07,0.000797787659592558
2018-06-08,0.0012369569882009468
2018-06-11,-0.00010705582569247384
2018-06-12,0.0013741619709240183
2018-06-13,-0.0037171167163779053
2018-06-14,0.00017287261347883042
2018-06-15,-0.0052149783403244
2018-06-18,0.0013996613602910233
2018-06-19,-0.003011354689408378
2018-06-20,0.002377452965232468
2018-06-21,-0.0017704255019659722
2018-06-22,0.005931810507249472
2018-06-25,-0.005514331391991462
2018-06-26,0.003087837680468125
2018-06-27,-0.0013526050023083568
2018-06-28,0.0028526431208109305
2018-06-29,0.0030919950078647485
2018-07-02,-0.004833633528394083
2018-07-03,0.0006042245814518539
2018-07-05,0.005189097315634604
2018-07-06,0.00372105918599085
2018-07-09,0.0012747649589373849
2018-07-10,0.0007107225455705574
2018-07-11,-0.009073173570083425
2018-07-12,0.0034959698429949753
2018-07-13,-6.512864456094939e-05
2018-07-16,-0.005462690031277084
2018-07-17,-0.0002293747354696893
2018-07-18,0.0013642925555848078
2018-07-19,0.0013811458624522115
2018-07-20,-0.0007130312342763795
2018-07-23,0.0006952565756284295
2018-07-24,0.0010840058044484515
2018-07-25,0.006017540479529025
2018-07-26,0.00022137879239111867
2018-07-27,-0.004265913742215947
2018-07-30,0.00027155630650335774
2018-07-31,0.0032056051772256147
2018-08-01,-0.002489963510184133
2018-08-02,0.0001854963452948001
2018-08-03,0.0038609424330900747
2018-08-06,-1.55984891931538e-05
2018-08-07,0.0033921697024993746
2018-08-08,-0.0038282692316916234
2018-08-09,-0.0015652331347300774
2018-08-10,-0.006838904744682891
2018-08-13,-0.002898761893460161
2018-08-14,0.0026025979939195707
2018-08-15,-0.0071938683341675694
2018-08-16,0.006220266051496842
2018-08-17,0.004601333040369763
2018-08-20,0.0020335623461543773
2018-08-21,0.0008587126187525616
2018-08-22,0.0023824831497963293
2018-08-23,-0.0025318690174813965
2018-08-24,0.005105542504914514
2018-08-27,0.004240585726435552
2018-08-28,0.0018248397371242516
2018-08-29,0.0044247865834362915
2018-08-30,-0.004316426600848534
2018-08-31,-0.0005524333899740288
2018-09-04,-0.006519249439017793
2018-09-05,-0.00019574248902687146
2018-09-06,-0.000760891377236416
2018-09-07,-0.002971030144676588
2018-09-10,0.0020780912279821625
2018-09-11,0.0019016486236838855
2018-09-12,0.0017789779719197746
2018-09-13,-1.832210003086242e-05
2018-09-14,-0.002856026435592414
2018-09-17,-0.0005810631108694569
2018-09-18,0.0011640768157637088
2018-09-19,-0.0011735135392055356
2018-09-20,0.0035406498457715312
2018-09-21,0.00029775770902594256
2018-09-24,-0.0015058031845942906
2018-09-25,0.00011298949683535661
2018-09-26,-0.0032215716851707573
2018-09-27,0.0024297245334057144
2018-09-28,0.004870711180873406
2018-10-01,0.0023808519464106675
2018-10-02,0.00013553497854133022
2018-10-03,-0.00013706045745367424
2018-10-04,-0.005347584938872731
2018-10-05,-0.001622850715339365
2018-10-08,0.0023793122463479518
2018-10-09,0.0014446426593883338
2018-10-10,-0.013196592168628509
2018-10-11,-0.01306591741543505
2018-10-12,0.003821288387746922
2018-10-15,0.0007053985615068824
2018-10-16,0.009395001415657493
2018-10-17,-0.0024788066332144076
2018-10-18,-0.005472771976122042
2018-10-19,0.0027920245554294556
2018-10-22,-0.003416798417812237
2018-10-23,-0.004490722841931749
2018-10-24,-0.005532911187574707
2018-10-25,0.006953257766951659
2018-10-26,-0.006774103457305161
2018-10-29,-0.0006118940853767166
2018-10-30,0.004700866638635337
2018-10-31,-0.0028430953233753446
2018-11-01,0.0026750129086259644
2018-11-02,-0.0015754769566764628
2018-11-05,0.003038927535632453
2018-11-06,0.0010848802365401502
2018-11-07,0.00245814510817738
2018-11-08,0.00022064263698516156
2018-11-09,4.828617645010445e-05
2018-11-12,0.00047048686972313823
2018-11-13,-0.0001236157766776116
2018-11-14,-0.00042131132135743714
2018-11-15,-0.0012931501126425813
2018-11-16,0.0022301878629770924
2018-11-19,0.0003501620006716375
2018-11-20,-0.0019815557308361167
2018-11-21,0.000249888941627126
2018-11-23,-0.0003242219632374627
2018-11-26,0.0004520371750538991
2018-11-27,0.0009245203790373263
2018-11-28,0.0018639020902661038
2018-11-29,0.00012213066913730044
2018-11-30,0.0019676038850200985
2018-12-03,0.0011088742328422378
2018-12-04,-0.00849506774478617
2018-12-06,0.005328018090926415
2018-12-07,-0.006666132192327976
2018-12-10,-0.0007537190855432972
2018-12-11,-0.0002934894020878041
2018-12-12,-0.0025907224262826443
2018-12-13,0.0012414994640878886
2018-12-14,-0.003927145634007828
2018-12-17,-0.01082719700376212
2018-12-18,0.0023118667829951194
2018-12-19,-0.004453572600934428
2018-12-20,-0.006466170044840392
2018-12-21,-0.006661533352085958
2018-12-24,-0.011870069963802462
2018-12-26,0.01581535960469984
2018-12-27,0.0019830611985923656
2018-12-28,0.0015481980991438064
2018-12-31,0.0030727066465881647
2019-01-02,-0.005367679357738775
2019-01-03,0.0016642210330863733
2019-01-04,-0.0015495767103892773
2019-01-07,-0.0004784596733138295
2019-01-08,-0.0004226720545694666
2019-01-09,0.00019184232065363666
2019-01-10,-1.998906982419539e-05
2019-01-11,0.0006714749216704721
2019-01-14,-3.885503388609618e-05
2019-01-15,-0.00011552022621805563
2019-01-16,-3.923002252286904e-05
2019-01-17,-0.0002903625565325082
2019-01-18,-0.0005613687977098641
2019-01-22,0.0007706663341195454
2019-01-23,-2.1415494379632444e-05
2019-01-24,0.0007105271988848152
2019-01-25,-0.00038708064278645393
2019-01-28,0.00013310934287033042
2019-01-29,0.000652656434851984
2019-01-30,0.0005362835334380093
2019-01-31,0.000994882536642801
2019-02-01,-0.002476542113345107
2019-02-04,0.001110903474150496
2019-02-05,0.0015527270712855676
2019-02-06,-0.0011038295308082838
2019-02-07,0.0023708272980988462
2019-02-08,0.00031987657018691176
2019-02-11,0.00029900747705090703
2019-02-12,-0.0014641831416341393
2019-02-13,0.000583043122755787
2019-02-14,0.001640018572424646
2019-02-15,0.0012134257984700199
2019-02-19,0.00035447953860879205
2019-02-20,-0.0012278558786388378
2019-02-21,-0.0003366444749936066
2019-02-22,0.0018340697188137293
2019-02-25,-0.001817597386819506
2019-02-26,3.446913169013064e-05
2019-02-27,-0.0016459778162184564
2019-02-28,6.457744204412406e-05
2019-03-01,-0.001251741779303629
2019-03-04,0.0008388324859183203
2019-03-05,0.0004278421186296764
2019-03-06,-0.0015389231583922106
2019-03-07,-0.0013923295867951813
2019-03-08,0.00015484814637134784
2019-03-11,0.00571309505938156
2019-03-12,0.002266748258546339
2019-03-13,0.0022671893048896285
2019-03-14,-7.290184391821507e-05
2019-03-15,0.0010272392610846792
2019-03-18,-0.0005062552201643212
2019-03-19,-0.0006495601107737694
2019-03-20,0.0014392677095626469
2019-03-21,0.005778881109567243
2019-03-22,-0.0038143851806969856
2019-03-25,0.0006532461150901035
2019-03-26,0.0029571877235592433
2019-03-27,-0.0009998522029385016
2019-03-28,0.0027500550152077274
2019-03-29,0.0007989748626230933
2019-04-01,0.0015326565110597029
2019-04-02,0.0019206205912095848
2019-04-03,0.0010337248072046052
2019-04-04,1.392599884060208e-05
2019-04-05,0.0029951104084780626
2019-04-08,-0.0011453000418462217
2019-04-09,-0.0029708317706662406
2019-04-10,0.0037703684050941363
2019-04-11,-0.001048069683604504
2019-04-12,0.002797229726260019
2019-04-15,-0.0007773058693982942
2019-04-16,-0.004905291655283763
2019-04-17,-0.0016828868911731747
2019-04-18,0.0022951278133808346
2019-04-22,-0.0026194995288972185
2019-04-23,0.005207278247291869
2019-04-24,0.0004218800493472446
2019-04-25,-0.0009175837648389822
2019-04-26,0.0038761227932288173
2019-04-29,-0.0012303135689186067
2019-04-30,0.0025428081838146806
2019-05-01,-0.002549274900194977
2019-05-02,-0.0010749756472044887
2019-05-03,0.006081514512747619
2019-05-06,-0.0031670340960717087
2019-05-07,-0.009798408201140764
2019-05-08,-0.0005991065510180376
2019-05-09,-0.00045726505761324473
2019-05-10,0.0045151660632688365
2019-05-13,-0.008930599583260982
2019-05-14,0.004372251778408106
2019-05-15,0.003910302093304804
2019-05-16,0.0038899641992670994
2019-05-17,-0.002891185581096573
2019-05-20,-0.005340795721265662
2019-05-21,0.004636273831044152
2019-05-22,-0.00020048068727492458
2019-05-23,-0.0025822816965293395
2019-05-24,0.003182406885453038
2019-05-28,-0.004886069504507248
2019-05-29,-0.005319015248397105
2019-05-30,0.002878563165519081
2019-05-31,-0.0020039371897399897
2019-06-03,0.002134519005246152
2019-06-04,-0.0015726923125874287
2019-06-05,0.004211032022448616
2019-06-06,0.00040917276492528833
2019-06-07,0.0015880996187964374
2019-06-10,-0.0015852448732629639
2019-06-11,0.0005919658106870557
2019-06-12,0.0012413424453213927
2019-06-13,0.001397985310906909
2019-06-14,0.0003088264111298026
2019-06-17,0.002152768051640228
2019-06-18,0.0002546166915379179
2019-06-19,0.0016853025725017052
2019-06-20,0.0013945633831153792
2019-06-21,-0.00359489409164752
2019-06-24,5.556004371607325e-05
2019-06-25,-0.0025995206652435305
2019-06-26,-0.004763415306785696
2019-06-27,0.0032007553624961906
2019-06-28,0.000830299301699843
2019-07-01,-0.0020608538700075093
2019-07-02,0.005302898600912882
2019-07-03,0.005740323460165761
2019-07-05,-0.003723453949165213
2019-07-08,-0.0017186553134600688
2019-07-09,-4.1618692563047716e-05
2019-07-10,0.002940957234638116
2019-07-11,-0.0031642140098939245
2019-07-12,0.0011075060227824247
2019-07-15,0.0005314463042685709
2019-07-16,-0.0023572563585149125
2019-07-17,-0.001355783312665914
2019-07-18,0.0018570862961182078
2019-07-19,-0.0052910615275414035
2019-07-22,0.0006285256734134002
2019-07-23,0.004633898133537133
2019-07-24,0.0015651732599826738
2019-07-25,-0.004494835964147328
2019-07-26,0.0026246089471757103
2019-07-29,0.0008046470394933322
2019-07-30,-0.001096338685363878
2019-07-31,-0.003767086116644918
2019-08-01,-1.665305219411003e-05
2019-08-02,-0.001878368382701352
2019-08-05,-0.013225396774473994
2019-08-06,0.006687312058294829
2019-08-07,0.0028793664166906763
2019-08-08,0.009422526691008237
2019-08-09,-0.003288028542985146
2019-08-12,-0.0032774329525201338
2019-08-13,0.004600515507863788
2019-08-14,-0.013204778770375819
2019-08-15,0.004488628946656103
2019-08-16,0.0068881437785707055
2019-08-19,0.004162989182381208
2019-08-20,-0.0027168724493387337
2019-08-21,0.0033555084974043973
2019-08-22,4.9486273667640693e-05
2019-08-23,-0.009083144604138954
2019-08-26,0.005188142160113106
2019-08-27,-0.0006244905459162161
2019-08-28,0.0021626923345833683
2019-08-29,0.005478464601799057
2019-08-30,0.0009350430608824758
2019-09-03,0.0009055970333717481
2019-09-04,0.00709715161621593
2019-09-05,0.000584145156670374
2019-09-06,0.0013944510007961868
2019-09-09,-0.001493242446998528
2019-09-10,-0.0032107676189417306
2019-09-11,0.0025730520908724677
2019-09-12,0.002495837512382974
2019-09-13,-0.002953312990073371
2019-09-16,0.00020658188703241682
2019-09-17,0.0038855975830819757
2019-09-18,-0.0007090439152970769
2019-09-19,0.0014736470488930914
2019-09-20,-0.0002360636974603541
2019-09-23,6.505144225941445e-05
2019-09-24,-0.0017549400576333913
2019-09-25,-0.00030987932829526206
2019-09-26,0.0024442646673286128
2019-09-27,-0.0025592006724308846
2019-09-30,0.0021809088507390236
2019-10-01,-0.005647612190085437
2019-10-02,-0.007758349798254718
2019-10-03,0.005963967517261748
2019-10-04,0.005883971453437021
2019-10-07,-0.0021955509587370976
2019-10-08,-0.005600466587869256
2019-10-09,0.0032350988481441903
2019-10-10,0.0018410746409185479
2019-10-11,0.004223696394318087
2019-10-14,-0.0003974735202972774
2019-10-15,0.003609414032145028
2019-10-16,0.0004064503743289222
2019-10-17,0.0023276261384362522
2019-10-18,0.0007610903895186222
2019-10-21,0.0032441557971115004
2019-10-22,-0.001240564339999422
2019-10-23,0.0021933413067597393
2019-10-24,0.00016276148965736756
2019-10-25,-0.0010896879952650245
2019-10-28,7.79341308788601e-05
2019-10-29,0.0012883809512082608
2019-10-30,0.003150490237667983
2019-10-31,-8.417834788252977e-05
2019-11-01,0.003216977559570592
2019-11-04,-0.0005655807557633574
2019-11-05,-0.0050643195346525205
2019-11-06,0.0009783413135821615
2019-11-07,-0.0022699257369959624
2019-11-08,-0.0003636859489583189
2019-11-11,2.354187165585881e-05
2019-11-12,-0.0008987974531401768
2019-11-13,0.001749154416874763
2019-11-14,0.0023078051243826977
2019-11-15,0.0036496222573637912
2019-11-18,0.0017068681472035862
2019-11-19,0.0004158612539696714
2019-11-20,-0.0013595834029037324
2019-11-21,-0.0038896597885305097
2019-11-22,0.0002412383282189832
2019-11-25,0.0038711584676380936
2019-11-26,0.0033768774630962735
2019-11-27,0.0018564700875733726
2019-11-29,-0.0032073493937745724
2019-12-02,-0.0064583535898083515
2019-12-03,0.0010204639062811082
2019-12-04,0.003135397520030765
2019-12-05,-0.0003629731609354592
2019-12-06,0.003452474999773352
2019-12-09,-0.0011165646412119978
2019-12-10,-0.0015162948075613727
2019-12-11,0.0004296089618468811
2019-12-12,-0.001214631442596862
2019-12-13,0.002742700556888664
2019-12-16,0.004022504202505193
2019-12-17,-0.002956680681922278
2019-12-18,0.0016581096901584012
2019-12-19,0.0027602684153630627
2019-12-20,0.0021354244792947106
2019-12-23,-0.0005411126653013578
2019-12-24,0.0006849290762399583
2019-12-26,0.0031081905972366584
2019-12-27,0.0012329423710503472
2019-12-30,-0.0025096487690448835
2019-12-31,0.0021306079102589703
2020-01-02,0.0024633704830261394
2020-01-03,0.0009897195598034259
2020-01-06,0.0019471491305731448
2020-01-07,-0.0037509668867362622
2020-01-08,-0.0011802807483312083
2020-01-09,0.0009975587362844873
2020-01-10,0.0006382430197986455
2020-01-13,0.003061164053240084
2020-01-14,0.0004222610904802693
2020-01-15,0.0017433403485942467
2020-01-16,0.0034237206203409087
2020-01-17,0.0018880320455654243
2020-01-21,-0.00044181598361570096
2020-01-22,-0.0035598848745480582
2020-01-23,0.0002530220200518407
2020-01-24,-0.005607977106027784
2020-01-27,-0.01063021156589572
2020-01-28,0.0050441771855656015
2020-01-29,-0.0008485674223068784
2020-01-30,-0.000919047780419513
2020-01-31,-0.01008380875817938
2020-02-03,0.0007875239968754586
2020-02-04,0.00729110239238576
2020-02-05,0.003502480464861932
2020-02-06,0.0020471473463864773
2020-02-07,-0.0020369050164910562
2020-02-10,0.004543684773803069
2020-02-11,0.0027615490688796293
2020-02-12,0.0026671686549465377
2020-02-13,-0.00022118932741291864
2020-02-14,0.002550866660515959
2020-02-18,-0.0016705998950221636
2020-02-19,-0.0010938212415704265
2020-02-20,0.000960200635319429
2020-02-21,-0.0015886583937087452
2020-02-24,-0.01576097151782547
2020-02-25,-0.014177854459261292
2020-02-26,-0.0027628739529065925
2020-02-27,-0.024633892455591472
2020-02-28,-0.00435354089827481
2020-03-02,0.0019270923625452046
2020-03-03,0.0023510568067648366
2020-03-04,-0.00041336027934318594
2020-03-05,0.0017909113038486904
2020-03-06,0.002059935340588984
2020-03-09,0.0018404652345441563
2020-03-10,-0.003657007172107146
2020-03-11,-0.0019760485229426
2020-03-12,0.00010784656143166454
2020-03-13,-0.0012894736963641588
2020-03-16,0.005264134019983505
2020-03-17,-0.005025788154572449
2020-03-18,-0.002759745340037903
2020-03-19,0.0006541887070780465
2020-03-20,0.005072114592318732
2020-03-23,0.0023690759703962256
2020-03-24,-0.0013702866437911479
2020-03-25,0.00011572136004208104
2020-03-26,0.00048318714532056363
2020-03-27,0.0014810040176894152
2020-03-30,0.0004729109759344997
2020-03-31,0.0003651427120242826
2020-04-01,0.0008199658877771683
2020-04-02,3.575658354243957e-05
2020-04-03,0.00015044319661399009
2020-04-06,-0.0008974760461420343
2020-04-07,-0.0008812341923983017
2020-04-08,-0.00024176861225306322
2020-04-09,0.000438853043779659
2020-04-13,-0.0004221577634418107
2020-04-14,0.0002711449722921664
2020-04-15,0.0017887785177023983
2020-04-16,0.00021849077251909075
2020-04-17,-0.000520622041689227
2020-04-20,0.0005286570125466806
2020-04-21,0.0005619049481790065
2020-04-22,-0.0006168813052775878
2020-04-23,0.00013476773635292787
2020-04-24,5.321902796896049e-05
2020-04-27,-0.0010624636183500446
2020-04-28,0.0008742609094650991
2020-04-29,-9.518938461012992e-05
2020-04-30,-0.0004723589027905655
2020-05-01,0.00027947484287538916
2020-05-04,3.699358246188604e-05
2020-05-05,-0.0001433043662135814
2020-05-06,-0.0007360444332387072
2020-05-07,0.0012242832967947173
2020-05-08,-0.0006547774770529968
2020-05-11,-0.0005557935835579441
2020-05-12,0.0006647153070494682
2020-05-13,0.00041596521093399945
2020-05-14,0.0003159723892136658
2020-05-15,-0.00012688678860383484
2020-05-18,-0.0012265708300928215
2020-05-19,0.0005654894365728524
2020-05-20,5.282284231778577e-05
2020-05-21,0.00013582252135769369
2020-05-22,0.0003817476961860479
2020-05-26,-0.0005210553912117513
2020-05-27,0.00016934781874306816
2020-05-28,-0.00017626330178837344
2020-05-29,0.0006461024055250661
2020-06-01,0.001195312941051552
2020-06-02,0.001331154119407977
2020-06-03,0.0014777841080433408
2020-06-04,-0.0013187592003880498
2020-06-05,0.004120214882037946
2020-06-08,0.002637469010045378
2020-06-09,-0.0007796524394171947
2020-06-10,0.00038422761758529655
2020-06-11,-0.010915568497490848
2020-06-12,0.0018641568048736246
2020-06-15,0.0018551156693502955
2020-06-16,0.003622154207469829
2020-06-17,-0.0005129805629430007
2020-06-18,0.0005392909081174469
2020-06-19,-0.0010242573156058552
2020-06-22,0.0011167666032136992
2020-06-23,0.0008800735672973637
2020-06-24,-0.004734948443740125
2020-06-25,0.0021942005147503954
2020-06-26,-0.004227339307629662
2020-06-29,0.0031173193702715768
2020-06-30,0.0022069191337492702
2020-07-01,0.0011013929776815038
2020-07-02,0.0013713010495124192
2020-07-06,0.002775133631673136
2020-07-07,-0.00142422906898921
2020-07-08,0.0012157840830001522
2020-07-09,-0.0004904848649244592
2020-07-10,0.001654526711814505
2020-07-13,-0.0014761601813988664
2020-07-14,0.0026095517438598985
2020-07-15,0.00181290264296053
2020-07-16,-0.0005023227418108992
2020-07-17,0.0005352057400876317
2020-07-20,0.0017524176291943887
2020-07-21,0.0006556540914595871
2020-07-22,0.0012100250574014952
2020-07-23,-0.0021915605092228067
2020-07-24,-0.001373319091534995
2020-07-27,0.0011488516887179685
2020-07-28,-0.0007960495842719942
2020-07-29,0.002717523740082319
2020-07-30,-0.00043821057973312714
2020-07-31,0.0016364232247281407
2020-08-03,0.003114502237702176
2020-08-04,0.002567319984183444
2020-08-05,0.001253947526036935
2020-08-06,0.001793527912875369
2020-08-07,-0.0010909181357464446
2020-08-10,0.0010476608162599112
2020-08-11,-0.0015673742676013834
2020-08-12,0.006575249558506259
2020-08-13,-0.0016587446492129852
2020-08-14,-0.0011167057856992023
2020-08-17,0.0024780160188577973
2020-08-18,0.0006597302594054413
2020-08-19,-0.001979854757698173
2020-08-20,0.0005815221728368693
2020-08-21,-0.00015947779625877877
2020-08-24,0.004406597599117993
2020-08-25,0.00035310042809406765
2020-08-26,0.0030859442961776572
2020-08-27,-0.002305509394298898
2020-08-28,0.0030291378403639814
2020-08-31,-0.002038389769199832
2020-09-01,0.00231053333137138
2020-09-02,0.0031780641846333463
2020-09-03,-0.01294803593560847
2020-09-04,-0.004301014493425148
2020-09-08,-0.012335007253715922
2020-09-09,0.009432899447069433
2020-09-10,-0.007543388620185719
2020-09-11,0.003787026665802307
2020-09-14,0.003677634913078354
2020-09-15,0.0032936320747079867
2020-09-16,0.0027847233470890704
2020-09-17,0.0008852009659678236
2020-09-18,-0.0031958254690760304
2020-09-21,-0.011824786449893033
2020-09-22,0.0010575407054888126
2020-09-23,-0.008590908159368603
2020-09-24,0.0013943100756667155
2020-09-25,0.004079556676843354
2020-09-28,0.008041275235769786
2020-09-29,-0.0034656084776269595
2020-09-30,0.002319682420612101
2020-10-01,9.930313032506649e-05
2020-10-02,-0.004937694389908611
2020-10-05,0.010489598804871558
2020-10-06,-0.003733672824411272
2020-10-07,0.005342290284111272
2020-10-08,0.0055050469094143776
2020-10-09,0.0038535430224179265
2020-10-12,0.002480362278717185
2020-10-13,-0.0026571969825273318
2020-10-14,-0.00016689454315016282
2020-10-15,-0.0021648922410294697
2020-10-16,-0.0006579733475136289
2020-10-19,-0.0039452702426493675
2020-10-20,0.0036116354503742507
2020-10-21,-0.003240873769580588
2020-10-22,0.0011552103273963373
2020-10-23,0.000767917217861302
2020-10-26,-0.009644610116633666
2020-10-27,-0.0004390612081968008
2020-10-28,-0.018163414579314797
2020-10-29,-0.000347666001407078
2020-10-30,-0.0037741266655632725
2020-11-02,0.004868962475099356
2020-11-03,0.008306340768988972
2020-11-04,0.008347705676567084
2020-11-05,0.00869836194607456
2020-11-06,-0.00029664166608787214
2020-11-09,0.007095453831841693
2020-11-10,0.0009201242541754465
2020-11-11,0.0034934931110248914
2020-11-12,-0.0037269528784225968
2020-11-13,0.0055533812363607075
2020-11-16,0.004439137018052627
2020-11-17,-0.0007594893159031088
2020-11-18,-0.0035264336893168465
2020-11-19,0.0024728376387819144
2020-11-20,-0.0004224548364532083
2020-11-23,0.0005428314398811366
2020-11-24,0.005877441291572391
2020-11-25,-0.0004922534456140135
2020-11-27,0.002533588998504618
2020-11-30,-0.005378251305917475
2020-12-01,0.005397484802735318
2020-12-02,-0.0002612025316453674
2020-12-03,0.0022459841788786323
2020-12-04,0.007330445998360678
2020-12-07,-0.0037699394135471214
2020-12-08,0.0008715737002959341
2020-12-09,-0.00261207035197967
2020-12-10,0.002332140486622522
2020-12-11,-0.0015924314727033065
2020-12-14,-0.0010695086995075724
2020-12-15,0.010359969311948899
2020-12-16,0.002438944710267442
2020-12-17,0.00681198130618573
2020-12-18,-0.005168647807448892
2020-12-21,-0.006406278732306549
2020-12-22,-0.0016518508481965914
2020-12-23,0.003534921156571989
2020-12-24,0.003150207073312859
2020-12-28,0.003303551840495001
2020-12-29,-0.00024038889955734267
2020-12-30,0.0028947779555825366
2020-12-31,0.0022375156277802274
2021-01-04,-0.00929169346016341
2021-01-05,0.009344480944594323
2021-01-06,0.004100160755814584
2021-01-07,0.0037243790485689695
2021-01-08,0.006539715560739809
2021-01-11,-0.008041049294631045
2021-01-12,0.005246786611426011
2021-01-13,0.002182535263345041
2021-01-14,0.003908950144091137
2021-01-15,-0.0051484074941361
2021-01-19,0.0031112657755804503
2021-01-20,0.00808085262876986
2021-01-21,-0.0007520170800001239
2021-01-22,-0.004580604319104489
2021-01-25,0.004185817993193884
2021-01-26,0.0017900785310132024
2021-01-27,-0.013541499167305663
2021-01-28,0.003183422881151362
2021-01-29,-0.010239024545593417
2021-02-01,0.014072572992406048
2021-02-02,0.007601858827905202
2021-02-03,0.0015512490889591877
2021-02-04,0.004879070022296576
2021-02-05,0.0037524452979686017
2021-02-08,0.007071714379608468
2021-02-09,0.002399032971713493
2021-02-10,-6.367739020101704e-05
2021-02-11,0.0017263541405466208
2021-02-12,0.00461707519150321
2021-02-16,0.0024298816944120327
2021-02-17,-0.0007671075424031849
2021-02-18,-0.0034019974815779753
2021-02-19,0.001258363724656246
2021-02-22,0.004080993296325622
2021-02-23,0.0026354965056053325
2021-02-24,0.007433060524351456
2021-02-25,-0.0136805416909286
2021-02-26,-0.01100432272444964
2021-03-01,0.007775941476843301
2021-03-02,-0.002868073551622903
2021-03-03,-0.0038182939694914545
2021-03-04,-0.0035500737935016025
2021-03-05,0.011276148039062055
2021-03-08,-0.0027341804175010035
2021-03-09,0.006858381375473737
2021-03-10,0.005379757664212818
2021-03-11,0.008435723562453794
2021-03-12,0.0031983827922511354
2021-03-15,0.003632736239545502
2021-03-16,-0.001530374385600839
2021-03-17,0.002036773121575288
2021-03-18,-0.016296964131768652
2021-03-19,0.0017811734016856772
2021-03-22,0.002840424661058397
2021-03-23,-0.010226589431329957
2021-03-24,0.0020772643748569373
2021-03-25,6.637430544180969e-05
2021-03-26,0.014857246839610363
2021-03-29,-0.0018070811706208801
2021-03-30,-0.0037677675562145054
2021-03-31,-0.00017886937787102387
2021-04-01,0.011783389350977272
2021-04-05,0.003582304253235372
2021-04-06,-0.0010298976657283165
2021-04-07,0.001394047583922411
2021-04-08,0.0024187164826063546
2021-04-09,0.0011213138872929096
2021-04-12,0.00025814328866806895
2021-04-13,0.0048866617069553
2021-04-14,0.002992021188939977
2021-04-15,0.008570854109681772
2021-04-16,0.00221361966146121
2021-04-19,-0.0007121937982242456
2021-04-20,-0.0037552415542313334
2021-04-21,0.004486598882832107
2021-04-22,-0.0019641735998165845
2021-04-23,0.0069801066370817205
2021-04-26,0.0025296716412509667
2021-04-27,0.0009776748131377865
2021-04-28,0.00035740466370556384
2021-04-29,0.00441025706432271
2021-04-30,-0.004677327560466381
2021-05-03,0.0044788462189454354
2021-05-04,-0.002411746449797645
2021-05-05,0.00020895728157770623
2021-05-06,0.005342172842236639
2021-05-07,0.00829544271233489
2021-05-10,-0.004485998936944522
2021-05-11,-0.004773123607334538
2021-05-12,-0.012727390260765368
2021-05-13,0.0008590671027601159
2021-05-14,0.010432342019075913
2021-05-17,0.0017981450796273246
2021-05-18,-0.0022125281730761095
2021-05-19,-0.0070022895468686884
2021-05-20,0.0049424822689618465
2021-05-21,0.0017830222192611554
2021-05-24,0.008504278453934358
2021-05-25,-0.0011064028015161465
2021-05-26,0.001488558989909563
2021-05-27,0.003170648624794594
2021-05-28,0.0013850753992467834
2021-06-01,0.007695454909386326
2021-06-02,0.004379378240257406
2021-06-03,-0.004138644077142881
2021-06-04,0.005848060747582753
2021-06-07,0.0031424294279584395
2021-06-08,0.003597295309672723
2021-06-09,-0.0015009214044804232
2021-06-10,0.003641958173698515
2021-06-11,-0.0006146806347645385
2021-06-14,0.00042831215434326097
2021-06-15,-0.0030994692025872873
2021-06-16,-0.004807886474857877
2021-06-17,-0.006892307066791244
2021-06-18,-0.008235130619160641
2021-06-21,0.01206553160785157
2021-06-22,0.00037743380803166175
2021-06-23,-0.0005996977829310581
2021-06-24,0.0034213670919525704
2021-06-25,0.0016530512408828033
2021-06-28,-0.001558483685997586
2021-06-29,0.0005598602523456496
2021-06-30,-0.0005309616759028804
2021-07-01,0.003248009049327044
2021-07-02,0.004680275427482899
2021-07-06,-0.0056749219802889
2021-07-07,6.349914827114533e-05
2021-07-08,-0.003080096351689903
2021-07-09,0.011149809212666534
2021-07-12,0.0036028677178619514
2021-07-13,-0.002862577153776963
2021-07-14,0.0001931257634908709
2021-07-15,-0.0033084814949913503
2021-07-16,-0.0031672842104797875
2021-07-19,-0.01822478644476016
2021-07-20,0.011977697190881214
2021-07-21,0.008631216764764032
2021-07-22,0.0005027954061947501
2021-07-23,0.0061597846604891145
2021-07-26,0.0023273571070439644
2021-07-27,-0.0017230474572482114
2021-07-28,0.0010186849269589514
2021-07-29,0.005781823040892837
2021-07-30,-0.002860417772168027
2021-08-02,-0.001438335210785846
2021-08-03,0.0024440287381046755
2021-08-04,-0.005500093127610017
2021-08-05,0.006811316762795228
2021-08-06,-0.0035945967731170203
2021-08-09,-0.004570019353709043
2021-08-10,0.002039883654286312
2021-08-11,0.00504711045950712
2021-08-12,-8.302520302083671e-05
2021-08-13,0.002668553280418262
2021-08-16,-0.0008652750028758094
2021-08-17,-0.005710390108525032
2021-08-18,-0.007223751128731082
2021-08-19,-0.003030567517209426
2021-08-20,-0.001527819458083668
2021-08-23,0.010469220905585663
2021-08-24,0.0035124728333375543
2021-08-25,0.001374472858968856
2021-08-26,-0.0037273319882491496
2021-08-27,0.008892196946715503
2021-08-30,0.003951618215780162
2021-08-31,-0.0007591096101385864
2021-09-01,0.004269532796568054
2021-09-02,0.005026659141300627
2021-09-03,0.000622894736292956
2021-09-07,-0.005881407153590645
2021-09-08,0.0012063031790929823
2021-09-09,-0.00616285228202329
2021-09-10,-0.0029616138506618483
2021-09-13,0.005222398228342362
2021-09-14,-0.0016132904597759845
2021-09-15,0.005841844727717982
2021-09-16,-0.002510133273212034
2021-09-17,-0.008570129004890847
2021-09-20,-0.009580181717662617
2021-09-21,0.0019814077688997678
2021-09-22,0.007369281248137849
2021-09-23,0.005455033390541875
2021-09-24,-0.0033813724882598706
2021-09-27,-0.001203275761921585
2021-09-28,-0.012071299228462284
2021-09-29,0.001791484394492171
2021-09-30,-0.004962387064037843
2021-10-01,0.008733477022826102
2021-10-04,-0.0014250864117301323
2021-10-05,0.004572811779633405
2021-10-06,-0.001933271442398983
2021-10-07,0.006364171086764408
2021-10-08,-0.0016040205987017332
2021-10-11,-0.0002447750195848033
2021-10-12,0.0022299583437735146
2021-10-13,0.005285930664438004
2021-10-14,0.009854032068774615
2021-10-15,0.004719878989069287
2021-10-18,-0.000925991333695613
2021-10-19,0.003326613876100176
2021-10-20,0.006859295235208512
2021-10-21,-0.0031891890927913938
2021-10-22,0.0028585066507289822
2021-10-25,0.0023366320031757157
2021-10-26,0.0014101411188512112
2021-10-27,-0.007058066186240579
2021-10-28,0.0077012855949125944
2021-10-29,-0.00402935742929727
2021-11-01,0.004771509391040601
2021-11-02,0.001899436920145775
2021-11-03,-0.0016251668371553508
2021-11-04,-0.0022801772243893526
2021-11-05,0.004777829401735606
2021-11-08,0.0012096967893775743
2021-11-09,0.0008407618814390937
2021-11-10,-0.007472189632175269
2021-11-11,0.0025175391378676245
2021-11-12,0.0021703134599707127
2021-11-15,0.0012086850842563722
2021-11-16,-0.001252891671755624
2021-11-17,-0.0018904250075530372
2021-11-18,0.0015734899305282545
2021-11-19,-0.0064576664725001735
2021-11-22,-0.0012791401677128501
2021-11-23,0.00529821033856684
2021-11-24,0.0008964038378485315
2021-11-26,-0.027403331043975382
2021-11-29,0.004936535615565092
2021-11-30,-0.014900732570898906
2021-12-01,-0.0034190059558344135
2021-12-02,0.010366588644683377
2021-12-03,-0.000974527863238788
2021-12-06,0.008336733017376724
2021-12-07,0.009296117529260989
2021-12-08,0.004005378293050029
2021-12-09,-0.006799854761131179
2021-12-10,0.004914795236058895
2021-12-13,7.793677064144555e-05
2021-12-14,-0.0060414152820044646
2021-12-15,0.006625687827169797
2021-12-16,-4.882304733482856e-05
2021-12-17,-0.004290787241013
2021-12-20,-0.005231279940295267
2021-12-21,0.009227838327574785
2021-12-22,0.006605549490210825
2021-12-23,0.0016931883533090805
2021-12-27,0.008811974775939674
2021-12-28,0.0001597056531832683
2021-12-29,0.0015384370135156976
2021-12-30,2.178537781467016e-05
2021-12-31,-0.0011329786221046792
2022-01-03,-0.0013696380480616721
2022-01-04,0.003126202824075719
2022-01-05,-0.013023127936658607
2022-01-06,0.00019697425459419549
2022-01-07,-0.0018074196048213365
2022-01-10,-0.004152658367626572
2022-01-11,0.008649682728408825
2022-01-12,0.004346061335119833
2022-01-13,-0.00608680190379407
2022-01-14,-0.00070524017262108
2022-01-18,-0.008544254025444897
2022-01-19,-0.0033687933194408437
2022-01-20,-0.006049387389767902
2022-01-21,-0.005795813101761693
2022-01-24,-0.0013155758236141901
2022-01-25,-0.002939489544885765
2022-01-26,-0.005345074442468234
2022-01-27,-0.003387917265814888
2022-01-28,0.012753493618450129
2022-01-31,0.009678928956353916
2022-02-01,0.0027670218499540747
2022-02-02,0.005295301017405316
2022-02-03,-0.00639488096105214
2022-02-04,0.0005691349130748248
2022-02-07,-0.0004807171271982449
2022-02-08,-0.0010388024983964607
2022-02-09,0.009471309726391465
2022-02-10,-0.009393651444757657
2022-02-11,-0.0027822139808899014
2022-02-14,-0.001432244888017313
2022-02-15,0.0016908349250406504
2022-02-16,0.0014307596093223018
2022-02-17,-0.004766260534633192
2022-02-18,-0.0017182251869097085
2022-02-22,4.0015737264126216e-05
2022-02-23,-0.0049404844330324
2022-02-24,0.00815288831667225
2022-02-25,0.006348055016824987
2022-02-28,-0.00013588054947383127
2022-03-01,0.007754954650370441
2022-03-02,0.006540059597728705
2022-03-03,0.00219778437753926
2022-03-04,0.008394269524931238
2022-03-07,0.004382857881537012
2022-03-08,0.003453840384066285
2022-03-09,-0.016130091582649123
2022-03-10,-0.0024008990472756
2022-03-11,0.003410644401782148
2022-03-14,-0.005896337591363018
2022-03-15,-0.004866244486427743
2022-03-16,-0.0016401759676791749
2022-03-17,0.009416286953219447
2022-03-18,0.000951987577092514
2022-03-21,0.0074631148670605395
2022-03-22,-0.0004363574417850781
2022-03-23,0.004965466114099417
2022-03-24,-0.0019655115641568164
2022-03-25,0.001510547484071138
2022-03-28,-0.008787334720991103
2022-03-29,0.0009470588479424337
2022-03-30,0.0036920734323096075
2022-03-31,-0.0036877337901279053
2022-04-01,0.004095065115105245
2022-04-04,0.004569599995073568
2022-04-05,-0.005129187353946046
2022-04-06,-0.0011571049376902691
2022-04-07,-0.0003125735071665685
2022-04-08,0.0023020112061289317
2022-04-11,-0.007219328225511224
2022-04-12,0.0049252510073875015
2022-04-13,0.00812687250661908
2022-04-14,-0.0018180664994663978
2022-04-18,0.0016011927195425518
2022-04-19,0.0024017834573347024
2022-04-20,0.0034154586115096447
2022-04-21,-0.0046216802981381006
2022-04-22,-0.0128223505602348
2022-04-25,-0.0006995561649690855
2022-04-26,-0.006347602020198216
2022-04-27,0.000636370879048262
2022-04-28,0.010386307034084047
2022-04-29,-0.018140218306294444
2022-05-02,0.003016031743369336
2022-05-03,-0.002801523183843029
2022-05-04,0.006214675764908837
2022-05-05,-0.0009989379797869596
2022-05-06,0.00023663109557930123
2022-05-09,-0.009098520091397428
2022-05-10,-0.0011704018889979052
2022-05-11,0.004893196921054771
2022-05-12,0.0009846807319759563
2022-05-13,0.0027866069934708504
2022-05-16,0.0033127781691619463
2022-05-17,-0.002142553146783258
2022-05-18,-0.004290773065448393
2022-05-19,0.002623939404911368
2022-05-20,0.00032441551714764474
2022-05-23,0.0015338497224341673
2022-05-24,-0.00010920257427149047
2022-05-25,0.0014539310686230193
2022-05-26,0.0022218517783968296
2022-05-27,0.00240651476908181
2022-05-31,-0.001258678443075063
2022-06-01,0.000982254352741341
2022-06-02,0.004570473961507642
2022-06-03,0.0019296588408586161
2022-06-06,0.0009108824491831508
2022-06-07,0.0013758374867589532
2022-06-08,0.001827902599804121
2022-06-09,0.00036997302625736857
2022-06-10,-0.0019348530551349277
2022-06-13,-0.0021949829857568558
2022-06-14,-0.0021478331987972734
2022-06-15,0.0001862162152536863
2022-06-16,0.0009288439955114209
2022-06-17,-0.007137056942776835
2022-06-21,-0.00045296836871709087
2022-06-22,-0.0034103816746933603
2022-06-23,-0.004432005008954209
2022-06-24,0.001923586797247487
2022-06-27,-0.0003791612880594018
2022-06-28,0.00244002317550315
2022-06-29,-0.0033479497915310744
2022-06-30,-0.006129728705646966
2022-07-01,0.0010001310518864743
2022-07-05,-0.01352998648315918
2022-07-06,-0.0028890176552358476
2022-07-07,0.008241392413891374
2022-07-08,0.0035814586501836817
2022-07-11,-0.0003146203095138376
2022-07-12,-0.009073238458163647
2022-07-13,0.0011907954717517543
2022-07-14,-0.0017393101091524755
2022-07-15,0.0026701525975425518
2022-07-18,0.0038664984055137375
2022-07-19,0.00089851368424812
2022-07-20,-8.424495917851747e-05
2022-07-21,-0.003272364494748412
2022-07-22,-0.0023114076370394023
2022-07-25,0.0036676452065367063
2022-07-26,0.0005205256531819386
2022-07-27,0.0046038340537131964
2022-07-28,0.00025338144485787266
2022-07-29,0.0010026609630735747
2022-08-01,-0.003923423523168776
2022-08-02,-0.0009355537652003892
2022-08-03,-0.0016386945244923265
2022-08-04,-0.0020538351981526028
2022-08-05,-0.0006125773642443682
2022-08-08,0.0024956301020246344
2022-08-09,0.0017770465875566533
2022-08-10,0.002835774480636725
2022-08-11,0.003975926622403012
2022-08-12,-0.0009935189919583068
2022-08-15,-0.002291053405236887
2022-08-16,-0.002151978526921747
2022-08-17,0.0008639411066714451
2022-08-18,0.00312684097256897
2022-08-19,4.924027347124086e-06
2022-08-22,0.0018693247106540106
2022-08-23,0.003379194994855307
2022-08-24,0.0021905978571144943
2022-08-25,-0.002725541936211098
2022-08-26,0.0009191174195278904
2022-08-29,0.0030187071671792577
2022-08-30,-0.005526352021834884
2022-08-31,-0.004087554426687998
2022-09-01,-0.0041875387287812526
2022-09-02,0.001442065119285346
2022-09-06,-0.0010887703795299053
2022-09-07,-0.004672904619030711
2022-09-08,0.0008994422292890611
2022-09-09,0.005731394549325124
2022-09-12,0.002872159401306481
2022-09-13,-0.0009111968223137253
2022-09-14,0.0009570124096946198
2022-09-15,-0.005766104767239867
2022-09-16,-0.0006228776816373896
2022-09-19,0.0008109135559244237
2022-09-20,-0.00014508674962550907
2022-09-21,-0.0010815410667432824
2022-09-22,0.0006631724640435103
2022-09-23,-0.006612765715423731
2022-09-26,-0.004570857695234501
2022-09-27,0.00219966359662497
2022-09-28,0.005644491106406173
2022-09-29,-0.0011297545918954241
2022-09-30,-0.0023745881358222566
2022-10-03,0.004632904009574172
2022-10-04,0.00013174603174603174
2022-10-05,0.00013214285714285715
2022-10-06,0.00013174603174603174
2022-10-07,0.00013134920634920634
2022-10-10,0.00013134920634920634
2022-10-11,0.00014007936507936508
2022-10-12,0.00014126984126984127
2022-10-13,0.00014444444444444446
2022-10-14,0.00014484126984126984
2022-10-17,0.00015158730158730158
2022-10-18,0.00015436507936507937
2022-10-19,0.00015515873015873016
2022-10-20,0.00015515873015873016
2022-10-21,0.00015476190476190475
2022-10-24,0.00015873015873015873
2022-10-25,0.00015753968253968254
2022-10-26,0.00015634920634920635
2022-10-27,0.00015674603174603175
2022-10-28,0.00015833333333333335
2022-10-31,0.0001611111111111111
2022-11-01,0.0001611111111111111
2022-11-02,0.0001603174603174603
2022-11-03,0.0001611111111111111
2022-11-04,0.0001595238095238095
2022-11-07,0.0001634920634920635
2022-11-08,0.00016269841269841268
2022-11-09,0.00016309523809523812
2022-11-10,0.0001623015873015873
2022-11-11,0.0001623015873015873
2022-11-14,0.00016507936507936506
2022-11-15,0.00016428571428571428
2022-11-16,0.00016428571428571428
2022-11-17,0.00016388888888888887
2022-11-18,0.00016468253968253969
2022-11-21,0.00016785714285714288
2022-11-22,0.00016706349206349207
2022-11-23,0.00016706349206349207
2022-11-25,0.00016746031746031745
2022-11-28,0.0001706349206349206
2022-11-29,0.00016944444444444442
2022-11-30,0.00016944444444444442
2022-12-01,-0.0008743040928799898
2022-12-02,-0.00024320162251752412
2022-12-05,-0.006152149347497637
2022-12-06,-0.0036807506370889476
2022-12-07,-0.00023570197071020048
2022-12-08,0.002687651956538496
2022-12-09,-0.0012753424123688217
2022-12-12,0.003578286441820817
2022-12-13,0.004612898674853802
2022-12-14,-0.001354843668482099
2022-12-15,-0.009926346523253042
2022-12-16,-0.004000266950043396
2022-12-19,-0.002080862854471829
2022-12-20,0.0011737019419739419
2022-12-21,0.005161131324763741
2022-12-22,-0.0044021935484908495
2022-12-23,0.0019588604901116784
2022-12-27,-0.0003819834515507124
2022-12-28,-0.004499857551276239
2022-12-29,0.006814688279630932
2022-12-30,-0.0024854733311378678
2023-01-03,0.0029209134724098476
2023-01-04,0.00279218629553865
2023-01-05,-0.001852967132176739
2023-01-06,0.005242052817166179
2023-01-09,0.0010234744839356354
2023-01-10,0.0007313053812220309
2023-01-11,0.0016617975692016123
2023-01-12,0.003088550725426718
2023-01-13,0.0012009619006823206
2023-01-17,0.0007747015547921248
2023-01-18,-0.0005367917346686248
2023-01-19,-0.00015946895229340934
2023-01-20,0.0019071984874058539
2023-01-23,0.0009616501493765464
2023-01-24,-0.00011109438360843953
2023-01-25,0.0014677137290899716
2023-01-26,0.0003131739704246824
2023-01-27,-0.0002410914930238535
2023-01-30,-0.0011432886996626446
2023-01-31,0.001303213481472553
2023-02-01,0.007930048590598444
2023-02-02,0.007128435979707743
2023-02-03,-0.009871943287738518
2023-02-06,-0.006401174914857842
2023-02-07,0.0034243760746527027
2023-02-08,-0.00360565542860417
2023-02-09,-0.004405806455742261
2023-02-10,-0.0006285833312212136
2023-02-13,0.006647975000736005
2023-02-14,-0.002185254967182317
2023-02-15,-3.218102464433465e-06
2023-02-16,-0.006328992401360365
2023-02-17,-0.0001729080972041038
2023-02-21,-0.012378985801231986
2023-02-22,-0.002802401001095942
2023-02-23,0.0044040342923604954
2023-02-24,-0.010147159944109758
2023-02-27,0.004009811403732616
2023-02-28,-0.0021290120570091127
2023-03-01,-0.0018799699727355484
2023-03-02,0.002088766865966491
2023-03-03,0.006241707171515848
2023-03-06,-0.00025478065058933547
2023-03-07,-0.006290683070960176
2023-03-08,0.0015286407101771078
2023-03-09,-0.005025204026153615
2023-03-10,-0.004901726154189355
2023-03-13,-0.001495315000327342
2023-03-14,0.006098960887859625
2023-03-15,-0.007313218412503306
2023-03-16,0.006744969185951562
2023-03-17,-0.004654271939252146
2023-03-20,0.0051489310725228886
2023-03-21,0.005766042889113921
2023-03-22,-0.0039934574930365185
2023-03-23,0.0006722871114279566
2023-03-24,0.0008293341008387262
2023-03-27,0.002386635782774225
2023-03-28,-0.0002510973812480925
2023-03-29,0.005427788753111314
2023-03-30,0.003623146731364527
2023-03-31,0.00393791260576529
2023-04-03,0.0036026549892399463
2023-04-04,0.0002906766397490993
2023-04-05,-0.0009870246421179879
2023-04-06,0.0018672309614947659
2023-04-10,-0.0018261894541227077
2023-04-11,0.0007209143152739895
2023-04-12,0.001127109149181699
2023-04-13,0.004626062036886592
2023-04-14,-0.002210082264360617
2023-04-17,-0.0008312572151580747
2023-04-18,0.0016350898161971194
2023-04-19,-0.001002174283050936
2023-04-20,0.0001440893199823706
2023-04-21,0.0007598632709980584
2023-04-24,0.0017757747729193784
2023-04-25,-0.003930032382914967
2023-04-26,-0.001690047614116219
2023-04-27,0.005230749517221229
2023-04-28,0.0031944905726042925
2023-05-01,-0.00277646219985186
2023-05-02,-0.001592254763815642
2023-05-03,0.0005369219152245169
2023-05-04,-0.0017857774038671176
2023-05-05,0.0056155024634700675
2023-05-08,-0.0010258499733023629
2023-05-09,-0.0018422761489360559
2023-05-10,0.002101227208763596
2023-05-11,-2.3780759703352167e-06
2023-05-12,-0.0017333491628196468
2023-05-15,0.0018573076913741679
2023-05-16,-0.003805959035016289
2023-05-17,0.0027847043927520013
2023-05-18,0.00047079701619184524
2023-05-19,0.00021568473911266848
2023-05-22,-0.00015016522164816156
2023-05-23,-0.004777769897825396
2023-05-24,-0.004790651530617151
2023-05-25,0.00027848354903452563
2023-05-26,0.0050015006118436026
2023-05-30,-0.0002943632838818444
2023-05-31,-0.002328336717729085
2023-06-01,0.005507245261816969
2023-06-02,0.003990390153452399
2023-06-05,-0.0015088650209545988
2023-06-06,0.0023003672300815512
2023-06-07,-0.003831807721149404
2023-06-08,0.0047461785737448895
2023-06-09,-0.0006152955958123914
2023-06-12,0.0030910738971465204
2023-06-13,0.0018709310090273782
2023-06-14,0.0013339976664039405
2023-06-15,0.006236086601097039
2023-06-16,-0.0018707255216868363
2023-06-20,-0.0029913463731622877
2023-06-21,-0.00045346221761167864
2023-06-22,-0.0015713208605967598
2023-06-23,-0.003710518964881294
2023-06-26,1.1486867913597468e-05
2023-06-27,0.003316080492359604
2023-06-28,0.0011220842259581807
2023-06-29,-0.0014662986629927503
2023-06-30,0.005338243443250038
2023-07-03,0.0014595036674952214
2023-07-05,-0.0030028966285601585
2023-07-06,-0.00815660964878194
2023-07-07,0.0003300268617516991
2023-07-10,0.003008061339719819
2023-07-11,0.006389860132783369
2023-07-12,0.008520978279154415
2023-07-13,0.007793941681881281
2023-07-14,-0.0025974397741203533
2023-07-17,-0.00047536339955098195
2023-07-18,0.0019611181741522924
2023-07-19,0.003305262274096471
2023-07-20,-0.004548056735049849
2023-07-21,0.0015465379329871977
2023-07-24,0.0016190467063746572
2023-07-25,-0.0009984384976298533
2023-07-26,0.0022099224703734013
2023-07-27,-0.008231068469432704
2023-07-28,0.0038990040356180113
2023-07-31,0.0020200428856412458
2023-08-01,-0.004073944951189516
2023-08-02,-0.01062660241536651
2023-08-03,-0.0013732336630997198
2023-08-04,-0.0015972273349657373
2023-08-07,0.0060601773262479045
2023-08-08,-0.003549322818364832
2023-08-09,2.746069494981796e-05
2023-08-10,-0.0008536864134567701
2023-08-11,-0.0014326249844132477
2023-08-14,-0.002033217853147209
2023-08-15,-0.009400967766346982
2023-08-16,-0.006358449542052293
2023-08-17,-0.004007977923507668
2023-08-18,0.0022014169409084374
2023-08-21,-0.0002498594640961594
2023-08-22,-0.00020740403975260231
2023-08-23,0.008002617355229901
2023-08-24,-0.006049224479634319
2023-08-25,0.0049315196402440675
2023-08-28,0.004962829526558791
2023-08-29,0.00857682906476578
2023-08-30,0.0017258345506835924
2023-08-31,-0.0016883524383929918
2023-09-01,0.003967451586627055
2023-09-05,-0.0015438778731058347
2023-09-06,-0.0012033349978892052
2023-09-07,-0.001571601985518292
2023-09-08,0.0005016874320248996
2023-09-11,0.00467180830778491
2023-09-12,-0.0011178397365539919
2023-09-13,0.0003272535435367538
2023-09-14,0.006092120377618259
2023-09-15,-0.0032414936878936134
2023-09-18,-0.0005701668261399065
2023-09-19,-5.856015443384249e-06
2023-09-20,-0.0038660636099238713
2023-09-21,-0.007171366108398476
2023-09-22,-3.671519778947008e-05
2023-09-25,-0.000901265220502015
2023-09-26,-0.00569442925996379
2023-09-27,0.0009039255981744105
2023-09-28,0.0026408010921160647
2023-09-29,-0.0030905471768215547
2023-10-02,-0.002770072426115387
2023-10-03,-0.003444252966900772
2023-10-04,-0.004049221391908355
2023-10-05,-0.001089730292608417
2023-10-06,0.0032850672035132965
2023-10-09,0.005557278520759494
2023-10-10,0.0006765740049806438
2023-10-11,-0.00020271845513955187
2023-10-12,-0.0011724046266231678
2023-10-13,0.004382734304155357
2023-10-16,0.001569272119037988
2023-10-17,0.0006860992939463531
2023-10-18,-0.0007781822046869743
2023-10-19,0.00045426000209576925
2023-10-20,-0.0038374376299511017
2023-10-23,-0.001486172958427731
2023-10-24,-0.0005294730385482897
2023-10-25,-0.0013028073429824343
2023-10-26,-0.003961036820445738
2023-10-27,0.0018895110673898291
2023-10-30,-0.0007238744717767249
2023-10-31,0.0006512320230708973
2023-11-01,0.0009790717877947936
2023-11-02,0.00228574670964806
2023-11-03,-0.0008891461114739661
2023-11-06,0.0009829826515143658
2023-11-07,-0.004116061427780129
2023-11-08,-0.002059514083045979
2023-11-09,-0.00033340084553347784
2023-11-10,0.001167820407849685
2023-11-13,0.003081314577555081
2023-11-14,-0.00015479076935220838
2023-11-15,-0.001143938558352819
2023-11-16,-0.004651136324030229
2023-11-17,0.0030308083503989463
2023-11-20,0.002680877600642822
2023-11-21,0.0013214438270422462
2023-11-22,-0.0015211480238849393
2023-11-24,-0.0011640784602960164
2023-11-27,-0.001164410239421967
2023-11-28,0.002589755414130073
2023-11-29,0.0015767946015914542
2023-11-30,-0.0031927357855523293
2023-12-01,0.007886664079652009
2023-12-04,-0.0024556928400153166
2023-12-05,-0.0038218903296259273
2023-12-06,-0.005613255144522429
2023-12-07,0.0034499811182577647
2023-12-08,0.002043963899250193
2023-12-11,0.0011707992726079086
2023-12-12,-0.0018718010670819296
2023-12-13,0.01567122962027388
2023-12-14,0.011299900903745122
2023-12-15,-0.004709020041596365
2023-12-18,0.0026451472832699496
2023-12-19,0.005996781497223283
2023-12-20,-0.009488450646615762
2023-12-21,0.007303142362459926
2023-12-22,0.0010552153087133123
2023-12-26,0.005260635073873037
2023-12-27,0.0015555646517581936
2023-12-28,-0.0006921112316334254
2023-12-29,-0.0037908245978708352
2024-01-02,-0.0005007210589024855
2024-01-03,-0.007408310806318116
2024-01-04,-0.0017211548213088754
2024-01-05,-0.0007849983761733146
2024-01-08,0.008561399419508125
2024-01-09,-0.0034931207712396626
2024-01-10,0.00237963526726094
2024-01-11,-0.0008599514600679956
2024-01-12,0.0027476732808926945
2024-01-16,-0.007143669719156319
2024-01-17,-0.007269677143418659
2024-01-18,0.0020697997403210005
2024-01-19,0.0054019023736696
2024-01-22,0.002895142770505778
2024-01-23,-0.0018071475526753363
2024-01-24,-0.0016382166734863254
2024-01-25,0.00509272884234554
2024-01-26,-0.0002494975638670846
2024-01-29,0.005318385273103178
2024-01-30,-0.0019841901916681
2024-01-31,-0.004479474142817528
2024-02-01,0.009503764849752284
2024-02-02,-0.0045553232450629005
2024-02-05,-0.007900487440806802
2024-02-06,0.005616602670975426
2024-02-07,0.000960429511233776
2024-02-08,0.0007641316138835699
2024-02-09,0.0018386632454410004
2024-02-12,0.0005372298833355018
2024-02-13,-0.012103427610515022
2024-02-14,0.006410187244091606
2024-02-15,0.008886289323110766
2024-02-16,-0.003582948572130725
2024-02-20,-0.0002488798298368087
2024-02-21,0.0008625021269745661
2024-02-22,0.006827157599095861
2024-02-23,0.0012680934432479918
2024-02-26,-0.003468254810658017
2024-02-27,0.0007449319367562369
2024-02-28,0.0013720010493662818
2024-02-29,0.0033952860657774967
2024-03-01,0.007158558953703334
2024-03-04,0.0007393326214655085
2024-03-05,-0.0035326402116610954
2024-03-06,0.004899034275155126
2024-03-07,0.004680560995664143
2024-03-08,0.0006276593804341681
2024-03-11,-0.0024678737239590873
2024-03-12,0.0025325824071804107
2024-03-13,-0.0016986855283212486
2024-03-14,-0.006297964003938168
2024-03-15,-0.00202126242922634
2024-03-18,0.0010398576773670888
2024-03-19,0.0020170691059462156
2024-03-20,0.005812237154500391
2024-03-21,0.0020753035271987067
2024-03-22,-0.0023055257562803098
2024-03-25,-0.0026977150890673406
2024-03-26,-0.0006085522328180368
2024-03-27,0.00882256729699642
2024-03-28,0.000787977479788551
2024-04-01,-0.006177642730224475
2024-04-02,-0.0037906529501099406
2024-04-03,0.0041926299870922445
2024-04-04,-0.0042117946269081274
2024-04-05,0.0034469719597225446
2024-04-08,0.002713327543375277
2024-04-09,0.0025710430028060838
2024-04-10,-0.014672221519995476
2024-04-11,0.0020951431493567707
2024-04-12,-0.007291658984050486
2024-04-15,-0.007477644937128214
2024-04-16,-0.0062798596007499485
2024-04-17,-0.004375029333660296
2024-04-18,-0.0017223675493529544
2024-04-19,0.0005037639899343471
2024-04-22,0.005968312365583817
2024-04-23,0.007506241865401719
2024-04-24,-0.0009651734841085169
2024-04-25,-0.002474258833525589
2024-04-26,0.0043188656250632285
2024-04-29,0.004162224611571785
2024-04-30,-0.012552825698037617
2024-05-01,-0.003605796897379887
2024-05-02,0.005345390255708025
2024-05-03,0.00482279855246016
2024-05-06,0.005761975919133753
2024-05-07,0.0006619735784602157
2024-05-08,-0.0011487945221795213
2024-05-09,0.003543867881567473
2024-05-10,0.0003776364679156099
2024-05-13,0.0013985287307795116
2024-05-14,0.001632639861213388
2024-05-15,0.005368237654188267
2024-05-16,-0.0008935949763993942
2024-05-17,0.003101952193363409
2024-05-20,0.00223197915569052
2024-05-21,-0.0005831813425231
2024-05-22,-0.005242642918081399
2024-05-23,-0.003397306566851721
2024-05-24,0.004402523985104934
2024-05-28,0.0037178638928854757
2024-05-29,-0.006562584011121808
2024-05-30,-0.002190231317199476
2024-05-31,0.00288228835032601
2024-06-03,-0.002596660328388012
2024-06-04,0.0006285239603751602
2024-06-05,0.0049653635222581816
2024-06-06,0.0036133664091841933
2024-06-07,-0.009264841665343138
2024-06-10,0.003603118624293744
2024-06-11,-0.001724188237686719
2024-06-12,0.007602199095926521
2024-06-13,-0.00015761227749300222
2024-06-14,-0.0024252486115245997
2024-06-17,0.0013578108285556834
2024-06-18,0.004602596456649177
2024-06-20,-0.0010543988135087723
2024-06-21,-0.0027499836888270623
2024-06-24,0.004299226691189206
2024-06-25,-0.0029288581974772354
2024-06-26,-0.002706855287580079
2024-06-27,0.0038959793971491408
2024-06-28,-0.000876672359755637
2024-07-01,-3.3105587732396025e-05
2024-07-02,0.003796635075131949
2024-07-03,0.005424324058756147
2024-07-05,0.004915046690612268
2024-07-08,-0.0027510871672739023
2024-07-09,-0.002295302773693386
2024-07-10,0.006472417994556112
2024-07-11,0.006515143839125104
2024-07-12,0.004573012933215992
2024-07-15,-0.0019615856826386002
2024-07-16,0.004988925632702701
2024-07-17,-0.0023308076771383357
2024-07-18,-0.007320382321049257
2024-07-19,-0.006253174817670959
2024-07-22,0.006597965562853858
2024-07-23,-0.0033028513711300667
2024-07-24,-0.010552200874595297
2024-07-25,-0.0020651446852899547
2024-07-26,0.007152207174600855
2024-07-29,-0.0003019088224162081
2024-07-30,0.0008040965749989137
2024-07-31,0.011438271467498318
2024-08-01,-0.005438880697094937
2024-08-02,-0.0038029055079229104
2024-08-05,-0.015475193840270386
2024-08-06,0.004389576250842374
2024-08-07,-0.002354048935376142
2024-08-08,0.009318174654170196
2024-08-09,0.0034408761461690793
2024-08-12,-0.0009455752431470045
2024-08-13,0.009393842687507876
2024-08-14,0.0022050241225955746
2024-08-15,0.004486602643600367
2024-08-16,0.0018728419210698986
2024-08-19,0.006325979384072318
2024-08-20,-0.00033951341957698226
2024-08-21,0.004050635578901198
2024-08-22,-0.0030292942147035883
2024-08-23,0.011132222842114516
2024-08-26,-0.0016530194630686853
2024-08-27,0.0014621644919633895
2024-08-28,-0.0027048127606762494
2024-08-29,-0.00015428684707614803
2024-08-30,0.0034879216786322534
2024-09-03,-0.006049309036091613
2024-09-04,0.0005103056288984179
2024-09-05,-0.0005713950329300728
2024-09-06,-0.007002209020356105
2024-09-09,0.006771206945183294
2024-09-10,0.003663761763579871
2024-09-11,0.00274234082156477
2024-09-12,0.0038819763284635607
2024-09-13,0.004020370535627114
2024-09-16,0.0031472451662080195
2024-09-17,-0.0027566028663367145
2024-09-18,-0.0023074697062940336
2024-09-19,0.0072708276788160525
2024-09-20,-0.0031364946954128194
2024-09-23,0.0031502749462105017
2024-09-24,0.002304076200514573
2024-09-25,-0.003633017866903617
2024-09-26,0.0032520770888992212
2024-09-27,-0.0004221647076487399
2024-09-30,0.001175187553573125
2024-10-01,-0.0038067082113987993
2024-10-02,-0.0015541538373378236
2024-10-03,-0.005034790433573588
2024-10-04,0.00013599892560050563
2024-10-07,-0.005380268982134521
2024-10-08,0.0021735073261104853
2024-10-09,0.0009362264258650121
2024-10-10,-0.0023608411778035343
2024-10-11,0.004578035569388567
2024-10-14,0.003105011097344784
2024-10-15,-0.0014183560070089318
2024-10-16,0.003931551913665458
2024-10-17,-0.002535375105900499
2024-10-18,0.0038706650388656227
2024-10-21,-0.008131463760190246
2024-10-22,-0.0010947525842035476
2024-10-23,-0.0028078314747970465
2024-10-24,0.0024738656532094306
2024-10-25,-0.003019818412854065
2024-10-28,0.0024095541202184393
2024-10-29,-0.0017124821093448693
2024-10-30,-0.0012732460786133225
2024-10-31,-0.008622709709792835
2024-11-01,-0.002112625804597486
2024-11-04,0.0030091479857422623
2024-11-05,0.0072031324886211836
2024-11-06,-0.004158122600705909
2024-11-07,0.008620675432294984
2024-11-08,0.0015323131956827389
2024-11-11,-0.0012779716020745065
2024-11-12,-0.008329845438642418
2024-11-13,-7.399227041235689e-05
2024-11-14,-0.002655954532939105
2024-11-15,-0.0030562586417218836
2024-11-18,0.0038448874642426794
2024-11-19,0.001918902377071145
2024-11-20,-0.0009903772011321927
2024-11-21,0.002530684735659578
2024-11-22,0.0030705848846354473
2024-11-25,0.006690223282709256
2024-11-26,0.0002965010375455518
2024-11-27,0.002601492682898135
2024-11-29,0.0038948559094636476
2024-12-02,-0.002219576097730312
2024-12-03,-0.0014196863150919533
2024-12-04,0.0015357181495027465
2024-12-05,-0.0007574175873352812
2024-12-06,0.0007902082912682659
2024-12-09,-0.0010916288314134206
2024-12-10,-0.003813103791468837
2024-12-11,0.0005542213735088654
2024-12-12,-0.0020430068752962023
2024-12-13,-0.001481992728203338
2024-12-16,0.00027937595034512454
2024-12-17,-0.0017188027892947508
2024-12-18,-0.015704047100520962
2024-12-19,-0.004021054925984999
2024-12-20,0.0065991616553322885
2024-12-23,0.0011579824785601092
2024-12-24,0.003729692059006131
2024-12-26,0.0007674617384056662
2024-12-27,-0.004576152635057768
2024-12-30,-0.002027622215767208
2024-12-31,0.0007136634851572592
2025-01-02,-0.00173399238575807
2025-01-03,0.0052139188926732085
2025-01-06,-0.0013191409696586577
2025-01-07,-0.004056916756005366
2025-01-08,0.0009183752986404979
2025-01-10,-0.007863802208551056
2025-01-13,0.0028853955940061887
2025-01-14,0.002212838688681091
2025-01-15,0.004973158942617986
2025-01-16,0.003848849776057953
2025-01-17,0.001969491693061942
2025-01-21,0.005666980615294732
2025-01-22,-0.002273053915407846
2025-01-23,0.0026580863150418694
2025-01-24,0.00020445778379754343
2025-01-27,-2.966670197112062e-05
2025-01-28,-0.0006086782677728775
2025-01-29,-0.0034411206867599356
2025-01-30,0.0036916640119154485
2025-01-31,-0.0013969410932385018
2025-02-03,-3.633912500883827e-05
2025-02-04,0.00442383099727744
2025-02-05,0.004315230310667878
2025-02-06,0.0022757935260035392
2025-02-07,-0.004251608195388959
2025-02-10,0.005547099151164488
2025-02-11,0.003543026159468572
2025-02-12,-0.003920650814861574
2025-02-13,0.007561626934194649
2025-02-14,-0.0004984794328381556
2025-02-18,0.00589455849565947
2025-02-19,0.00019470574122675856
2025-02-20,0.0013447363256950664
2025-02-21,-0.009380625616408983
2025-02-24,-0.0009168490220320043
2025-02-25,0.0010882854039522632
2025-02-26,-0.00212502730401953
2025-02-27,-0.00434281044689477
2025-02-28,0.0037292870954288605
2025-03-03,-0.00019884519896828934
2025-03-04,-0.004677729106992934
2025-03-05,0.007528274094765974
2025-03-06,-0.01189817802479165
2025-03-07,0.005915918721158153
2025-03-10,-0.011910076732529196
2025-03-11,-0.004301738873681238
2025-03-12,0.0012921694892626956
2025-03-13,-0.007861060698986844
2025-03-14,0.012158546899040834
2025-03-17,0.008743277742743194
2025-03-18,-0.003453914712412409
2025-03-19,0.0048824397752922355
2025-03-20,-0.0017149799170755875
2025-03-21,-0.004720658107407516
2025-03-24,0.006198690223374603
2025-03-25,-6.265635135926928e-05
2025-03-26,-0.004945866597811599
2025-03-27,-0.00022621465217842474
2025-03-28,-0.0051119771794365665
2025-03-31,0.004865095083111948
2025-04-01,0.0010002834493381203
2025-04-02,0.0016065620859523882
2025-04-03,-0.010172167678687886
2025-04-04,-0.0198886840823256
2025-04-07,-0.010127664827534376
2025-04-08,-0.005797664232670513
2025-04-09,0.022074147851231823
2025-04-10,-0.007832019797943023
2025-04-11,0.0068439636022095485
2025-04-14,0.003933498164715988
2025-04-15,0.001994864065594338
2025-04-16,0.0026467399255178364
2025-04-17,0.003737518407913401
2025-04-21,-0.0037757943023438816
2025-04-22,0.005268105186586481
2025-04-23,-0.00040559384606354506
2025-04-24,0.005596553093958288
2025-04-25,0.001969495269812103
2025-04-28,0.0010687501274460128
2025-04-29,-0.0013874264743038915
2025-04-30,-0.003579605820302804
2025-05-01,-0.001401105563261773
2025-05-02,0.0025766924198032232
2025-05-05,9.145181941032162e-05
2025-05-06,0.0003534300803622999
2025-05-07,-4.494701663833515e-05
2025-05-08,-0.0021550519355523785
2025-05-09,0.00122688948946696
2025-05-12,-0.00014739088349119232
2025-05-13,0.00020765648043033583
2025-05-14,-0.0016102427655133303
2025-05-15,0.003578454449319368
2025-05-16,0.0006286131461885328
2025-05-19,0.0019050246416289084
2025-05-20,0.0008008571092953245
2025-05-21,-0.002459822764457818
2025-05-22,0.0007442658639300318
2025-05-23,0.000965961471223255
2025-05-27,0.003861969235199171
2025-05-28,-0.002760483977983162
2025-05-29,0.001814011778449725
2025-05-30,0.0009881083204197054
2025-06-02,0.003207196804713504
2025-06-03,-0.0005076989040949949
2025-06-04,0.0023794819787669357
2025-06-05,-0.001622829957228382
2025-06-06,0.001230988350580682
2025-06-09,0.0005890514973853247
2025-06-10,0.0018136504820008372
2025-06-11,-4.514709678595666e-06
2025-06-12,0.003275529719460657
2025-06-13,-0.005483762409561657
2025-06-16,0.002148178212506762
2025-06-17,-0.003127021473410116
2025-06-18,0.0005068658863785296
2025-06-20,-0.0020623536304739693
2025-06-23,0.004269808542311254
2025-06-24,0.005425406264010296
2025-06-25,-0.0008289258633449707
2025-06-26,0.0045792618640615994
2025-06-27,0.0023453408114513315
2025-06-30,0.0019341307409945488
2025-07-01,8.583843170938092e-05
2025-07-02,0.004382499189934927
2025-07-03,0.0008736654007517654
2025-07-07,-0.004434303831401055
2025-07-08,0.0017224770407369462
2025-07-09,0.003414594549389337
2025-07-10,-0.00026904603116666636
2025-07-11,-0.000916483644520507
2025-07-14,-0.0013508624877650265
2025-07-15,-0.004046840118776365
2025-07-16,0.002342400988265422
2025-07-17,0.0033283397533850757
2025-07-18,0.0002518720732443826
2025-07-21,0.001734819030397058
2025-07-22,0.001379748447026471
2025-07-23,0.0054336031870981325
2025-07-24,-0.001509113473710457
2025-07-25,-0.0009457910164935489
2025-07-28,-0.001643071483078754
2025-07-29,0.0030073355732637
2025-07-30,-0.0027977039102124366
2025-07-31,-0.004363134157772355
2025-08-01,-0.004670128802840421
2025-08-04,0.005295113745164803
2025-08-05,-0.0028746279808482328
2025-08-06,0.0022830371621489235
2025-08-07,0.0021642850075835633
2025-08-08,0.002352405146057032
2025-08-11,-0.0008670972266242044
2025-08-12,0.0037286717191875344
2025-08-13,0.002365005648193269
2025-08-14,0.0002519035406609978
2025-08-15,-0.00028810666750962927
2025-08-18,-0.00023032222536581155
2025-08-19,-0.0020936177304548714
2025-08-20,0.0027246737941127148
2025-08-21,-0.0014233381617994284
2025-08-22,0.008029571999291878
2025-08-25,-0.002901197589359146
2025-08-26,-0.0003609163292327481
2025-08-27,0.0005694181457289191
2025-08-28,0.003213402471259066
2025-08-29,-0.0022273249548127715
2025-09-02,-0.002326618659930557
2025-09-03,0.0004193602386042272
2025-09-04,0.004099654147405873
2025-09-05,0.0019231568833990575
2025-09-08,0.0032973098973876347
2025-09-09,-0.0005963225376546255
2025-09-10,0.0020961941124064687
2025-09-11,0.006196226844377595
2025-09-12,-0.0011907698369882924
2025-09-15,0.004192543477389066
2025-09-16,0.00027140583733498147
2025-09-17,-0.003804770496225851
2025-09-18,0.0005967636205423954
2025-09-19,-0.0027671769136338176
2025-09-22,0.0013065496984421276
2025-09-23,0.0022382567381331597
2025-09-24,-0.002964070341875069
2025-09-25,-0.001970095024024232
2025-09-26,0.0046404764070064886
2025-09-29,0.0003212421510314645
2025-09-30,0.0015070286752196793
2025-10-01,0.0029689552537675024
2025-10-02,-0.0016252651386352568
2025-10-03,0.0026483227506350904
2025-10-06,0.0007646320533447604
2025-10-07,-0.0019214819312244336
2025-10-08,0.0010499879259617817
2025-10-09,-0.005301386880615322
2025-10-10,-0.014641352589161105
2025-10-13,0.008550032144645447
2025-10-14,0.0009854712416828004
2025-10-15,0.0052569276171816615
2025-10-16,-0.0004523826211410009
2025-10-17,0.0022908793846430076
2025-10-20,0.00800941886404849
2025-10-21,-0.0037360247767355137
2025-10-22,0.0027081542964477734
2025-10-23,0.004735357388379047
2025-10-24,0.002811459510385861
2025-10-27,0.003872477215141057
2025-10-28,-0.00513561036028698
2025-10-29,-0.006415334374366255
2025-10-30,-0.0023475735709044265
2025-10-31,0.0022212736868645333
2025-11-03,0.0015606970556165667
2025-11-04,-0.005208004253135834
2025-11-05,0.0005897645954924258
2025-11-06,-0.002281451620835484
2025-11-07,0.004576817929347277
2025-11-10,0.0070062340385668165
2025-11-11,0.006081434437826827
2025-11-12,-0.0023933475085905487
2025-11-13,-0.009526613547923501
2025-11-14,-2.7898503234036198e-05
2025-11-17,-0.006162005207213328
2025-11-18,-0.001474785528967959
2025-11-19,-0.0035447596391160463
2025-11-20,-0.008041964662474865
2025-11-21,0.007643784016666766
2025-11-24,0.0049393277077671716
2025-11-25,0.005561226877999426
2025-11-26,0.006757196121433884
2025-11-28,0.004713929381245041
2025-12-01,-0.004752817413279931
2025-12-02,-0.00036260088446060657
2025-12-03,0.003652677649107261
2025-12-04,0.00010908707042944776
2025-12-05,0.0009529777443002541
2025-12-08,-0.005666046715844586
2025-12-09,-0.0019303762667285396
2025-12-10,0.006131535607822647
2025-12-11,0.0023771957970069035
2025-12-12,-0.005627807633180826
2025-12-15,0.0007545179121917212
2025-12-16,-0.0044009575422584435
2025-12-17,-0.0007395768271943881
2025-12-18,0.0009732414168790449
2025-12-19,0.003357532431922383
2025-12-22,0.005152887622206226
2025-12-23,0.00416217210671066
2025-12-24,0.0027016883939758873
2025-12-26,0.0013395681610937071
2025-12-29,-0.0024663527206978397
2025-12-30,0.0016191227536845876
2025-12-31,-0.007103083349354278
2026-01-02,0.0026457291941264227
2026-01-05,0.008420626241187223
2026-01-06,0.002749516110731154
2026-01-07,-0.004786128654304278
2026-01-08,0.003755129866365392
2026-01-09,0.003908439955163878
2026-01-12,0.004071830020239142
2026-01-13,0.0013716453315941735
2026-01-14,0.002278919600273044
2026-01-15,-0.000162771784709137
2026-01-16,0.0017142315762757043
2026-01-20,-0.008874034400853104
2026-01-21,0.007994012090940306
2026-01-22,-0.00023336181510136278
2026-01-23,0.005625338614696718
2026-01-26,0.0029595421272015088
2026-01-27,0.006441328879402519
2026-01-28,-0.0017626496676739212
2026-01-29,0.006941415293019615
2026-01-30,-0.009264053081514012
2026-02-02,-0.00739442369085308
2026-02-03,0.003297769725333355
2026-02-04,0.0028538723678173117
2026-02-05,-0.008016039418578536
2026-02-06,0.013619938348768068
2026-02-09,0.006540432574867694
2026-02-10,0.002595218149865852
2026-02-11,0.0015229123224684837
2026-02-12,-0.008297114689453378
2026-02-13,0.004644697873912085
2026-02-17,-0.00025497703962840124
2026-02-18,0.0036833267470013364
2026-02-19,0.000503761229238453
2026-02-20,0.005983906179811926
2026-02-23,-0.0009096098386701668
2026-02-24,0.002040206645731235
2026-02-25,0.0031296606816346717
2026-02-26,0.0007101994940554857
2026-02-27,0.0026199727643918536
2026-03-02,0.0011861652156577307
2026-03-03,-0.008343932999507864
2026-03-04,0.005590078458083569
2026-03-05,-0.005252502438739648
2026-03-06,0.0008133620255417195
2026-03-09,0.002000076067528056
2026-03-10,0.0024705618412819152
2026-03-11,0.00017026342979153952
2026-03-12,-0.002967564883505802
2026-03-13,-0.0044103964160181475
2026-03-16,0.005488488294934646
2026-03-17,0.005472686442842267
2026-03-18,-0.006559696538174897
2026-03-19,-0.004566702028347414
2026-03-20,-0.01626524114761274
2026-03-23,0.0006234807542251364
2026-03-24,-0.0003590892219532682
2026-03-25,0.004515534713599001
2026-03-26,-0.007664710631271721
2026-03-27,-0.0022298210507391003
2026-03-30,0.003183100620380852
2026-03-31,0.013625867010883086
2026-04-01,0.0022272734003994468
2026-04-02,0.003897553178285921
2026-04-06,0.0015541588028918463
2026-04-07,-0.0004519869760663262
2026-04-08,0.003126606767530441
2026-04-09,0.0006381728194740826
2026-04-10,-0.0012760879289794953
2026-04-13,0.005026844244866185
2026-04-14,0.0015018370357937352
2026-04-15,-0.0006738744180068421
2026-04-16,0.0006440289539359769
2026-04-17,-0.0019272892613029966
2026-04-20,0.0017789092842363798
2026-04-21,-0.0014717642769963664
2026-04-22,0.002983296848791163
2026-04-23,0.0008853949951695876
2026-04-24,0.0012904409787454123
2026-04-27,0.00036968706455719076
2026-04-28,0.0007039179781748077
2026-04-29,0.0019311958151998392
2026-04-30,0.005316137043518797
2026-05-01,-0.003437017837042089
2026-05-04,-0.002106118624033315
2026-05-05,0.004324464364104719
2026-05-06,0.005597167536670389
2026-05-07,-0.005977980392148807
2026-05-08,0.005025657934511596
2026-05-11,0.00450549178883386
2026-05-12,0.0019333583502101348
2026-05-13,-0.0012255155310872956
2026-05-14,-0.0018267572539389931
2026-05-15,-0.010062964664752094
2026-05-18,0.005184149430703666
2026-05-19,-0.0015016163667725957
2026-05-20,0.004621035667933704
2026-05-21,0.0008349767190372059
2026-05-22,-0.0002620362379252006
2026-05-26,0.001975532153279058
2026-05-27,-0.004827489140107999
2026-05-28,0.0022239766005909267
2026-05-29,-0.0024298703693423906
2026-06-01,-0.0009079089385846577
2026-06-02,0.0031902518920410945
2026-06-03,-0.0021969488782569895
2026-06-04,0.0032372099620686197
2026-06-05,-0.013200048073814965
2026-06-08,0.0005565965523939292
2026-06-09,0.0013550014317234343
2026-06-10,-0.00498829034591527
2026-06-11,0.007264820249663305
2026-06-12,0.001443081281538315
2026-06-15,0.0012084537379715482
2026-06-16,-0.0025090121205249786
2026-06-17,-0.009850130329053448
2026-06-18,0.002631947623441036
2026-06-22,0.0002724674519397122
2026-06-23,-0.006415996556452913
2026-06-24,-0.005378285676423005
2026-06-25,0.006071874229969337
2026-06-26,-0.0022711194550389473
2026-06-29,0.0039481601314736315
2026-06-30,-0.0003391592914522966
2026-07-01,-0.0026759398798121546
2026-07-02,0.005780762239434038
2026-07-06,0.0054945193552350825
2026-07-07,0.001560749136514348
2026-07-08,-0.0020381461785491735
2026-07-09,0.0018121052512956974
2026-07-10,0.0017279498024665176
2026-07-13,0.0032906147537695505
2026-07-14,0.00374051933564304
2026-07-15,0.0038601774630638358
2026-07-16,-0.00045967208284419217
2026-07-17,0.0006806943528616952
2026-07-20,-0.0017332335025752952
2026-07-21,0.007626976497121006
2026-07-22,0.0011242815739579528
2026-07-23,-0.0026808611733487187
2026-07-24,0.004120030469985254
2026-07-27,-0.006777357739699111
2026-07-28,-0.001522827940213798
2026-07-29,0.0010236844879614796
2026-07-30,0.005862900360483408
2026-07-31,2.2018583945664726e-05
2026-08-03,6.804813145978592e-05
2026-08-04,0.0018683145609138963
2026-08-05,0.0010427414046726858
2026-08-06,0.0004800628806058017
2026-08-07,0.004616126446506549
2026-08-10,0.0032821099968122647
2026-08-11,-0.0017008057395345288
2026-08-12,0.004146240868013292
2026-08-13,0.0021731975695591667
2026-08-14,0.0015254003746203739
2026-08-17,0.000735307078935762
2026-08-18,-0.004745922187341349
2026-08-19,0.005034547176396649
2026-08-20,2.8075271853141013e-05
2026-08-21,0.0032683325470597127
2026-08-24,-0.0017823235372470578
2026-08-25,-0.0008582116372743684
2026-08-26,-0.001744541584614284
2026-08-27,0.0012921212549580167
2026-08-28,-0.002270173504880192
2026-08-31,0.0005847125533966745
2026-09-01,0.0005925287550634628
2026-09-02,0.0008967163739732864
2026-09-03,0.00629270379567094
2026-09-04,-0.00217961354317203
2026-09-08,0.000795797820294558
2026-09-09,-0.002414798109089027
2026-09-10,8.47759909243691e-05
2026-09-11,0.0023626897880924163
2026-09-14,-0.0034717264072540487
2026-09-15,0.0009476698281688192
2026-09-16,-0.0059834648966320255
2026-09-17,0.004306700450453417
2026-09-18,-0.004352894070846144
2026-09-21,0.0051602705066022
2026-09-22,-0.0005566081965152013
2026-09-23,-0.00485065816517031
2026-09-24,0.0005239911390024241
2026-09-25,-0.0006521714487051614
2026-09-28,-0.0041198402984616925
2026-09-29,-0.0044263335003256405
2026-09-30,-0.0016068107125383234
2026-10-01,0.0003944560906532148
2026-10-02,0.0024572450203305877
