date,ret
2005-01-03,9.087301587301587e-05
2005-01-04,9.126984126984126e-05
2005-01-05,9.087301587301587e-05
2005-01-06,9.007936507936508e-05
2005-01-07,9.047619047619046e-05
2005-01-10,9.246031746031747e-05
2005-01-11,9.166666666666667e-05
2005-01-12,9.126984126984126e-05
2005-01-13,9.166666666666667e-05
2005-01-14,9.206349206349206e-05
2005-01-18,9.365079365079364e-05
2005-01-19,9.246031746031747e-05
2005-01-20,9.166666666666667e-05
2005-01-21,9.166666666666667e-05
2005-01-24,9.285714285714285e-05
2005-01-25,9.365079365079364e-05
2005-01-26,9.404761904761906e-05
2005-01-27,9.523809523809524e-05
2005-01-28,9.563492063492063e-05
2005-01-31,9.841269841269841e-05
2005-02-01,9.801587301587303e-05
2005-02-02,9.801587301587303e-05
2005-02-03,9.682539682539682e-05
2005-02-04,9.642857142857143e-05
2005-02-07,9.841269841269841e-05
2005-02-08,9.841269841269841e-05
2005-02-09,9.801587301587303e-05
2005-02-10,9.801587301587303e-05
2005-02-11,9.92063492063492e-05
2005-02-14,0.00010119047619047618
2005-02-15,0.00010119047619047618
2005-02-16,0.0001003968253968254
2005-02-17,0.0001003968253968254
2005-02-18,0.00010158730158730159
2005-02-22,0.00010436507936507936
2005-02-23,0.00010436507936507936
2005-02-24,0.00010476190476190476
2005-02-25,0.00010674603174603174
2005-02-28,0.00010793650793650795
2005-03-01,0.00010714285714285715
2005-03-02,0.00010634920634920635
2005-03-03,0.00010714285714285715
2005-03-04,0.00010714285714285715
2005-03-07,0.00010753968253968253
2005-03-08,0.00010714285714285715
2005-03-09,0.00010714285714285715
2005-03-10,0.00010674603174603174
2005-03-11,0.00010714285714285715
2005-03-14,0.00010912698412698413
2005-03-15,0.00010912698412698413
2005-03-16,0.00010873015873015873
2005-03-17,0.00010833333333333334
2005-03-18,0.00010912698412698413
2005-03-21,0.0001111111111111111
2005-03-22,0.00011230158730158731
2005-03-23,0.00010992063492063491
2005-03-24,0.0001103174603174603
2005-03-28,0.00011071428571428572
2005-03-29,0.0001103174603174603
2005-03-30,0.00010992063492063491
2005-03-31,0.00010833333333333334
2005-04-01,0.00010873015873015873
2005-04-04,0.00010912698412698413
2005-04-05,0.00010873015873015873
2005-04-06,0.00010753968253968253
2005-04-07,0.00010753968253968253
2005-04-08,0.00010833333333333334
2005-04-11,0.00010753968253968253
2005-04-12,0.00010753968253968253
2005-04-13,0.00010793650793650795
2005-04-14,0.00010793650793650795
2005-04-15,0.00010833333333333334
2005-04-18,0.0001130952380952381
2005-04-19,0.0001130952380952381
2005-04-20,0.00011150793650793651
2005-04-21,0.0001119047619047619
2005-04-22,0.00011388888888888889
2005-04-25,0.00011428571428571428
2005-04-26,0.0001134920634920635
2005-04-27,0.00011230158730158731
2005-04-28,0.0001119047619047619
2005-04-29,0.00011269841269841269
2005-05-02,0.00011428571428571428
2005-05-03,0.0001130952380952381
2005-05-04,0.00011150793650793651
2005-05-05,0.00010912698412698413
2005-05-06,0.0001111111111111111
2005-05-09,0.0001134920634920635
2005-05-10,0.00011269841269841269
2005-05-11,0.00011150793650793651
2005-05-12,0.0001119047619047619
2005-05-13,0.00010952380952380952
2005-05-16,0.00011269841269841269
2005-05-17,0.0001119047619047619
2005-05-18,0.0001111111111111111
2005-05-19,0.00011150793650793651
2005-05-20,0.00011230158730158731
2005-05-23,0.00011547619047619047
2005-05-24,0.00011428571428571428
2005-05-25,0.00011468253968253969
2005-05-26,0.00011428571428571428
2005-05-27,0.00011507936507936507
2005-05-31,0.00011626984126984129
2005-06-01,0.00011547619047619047
2005-06-02,0.00011547619047619047
2005-06-03,0.00011666666666666667
2005-06-06,0.00011746031746031746
2005-06-07,0.00011746031746031746
2005-06-08,0.00011746031746031746
2005-06-09,0.00011626984126984129
2005-06-10,0.00011666666666666667
2005-06-13,0.00011785714285714286
2005-06-14,0.00011706349206349207
2005-06-15,0.00011666666666666667
2005-06-16,0.00011547619047619047
2005-06-17,0.00011587301587301588
2005-06-20,0.00011746031746031746
2005-06-21,0.00011746031746031746
2005-06-22,0.00011785714285714286
2005-06-23,0.00011904761904761905
2005-06-24,0.00011984126984126985
2005-06-27,0.0001226190476190476
2005-06-28,0.00012222222222222221
2005-06-29,0.00012142857142857144
2005-06-30,0.00012142857142857144
2005-07-01,0.00012301587301587303
2005-07-05,0.000125
2005-07-06,0.0001238095238095238
2005-07-07,0.00012222222222222221
2005-07-08,0.00012301587301587303
2005-07-11,0.00012420634920634922
2005-07-12,0.00012460317460317462
2005-07-13,0.000125
2005-07-14,0.0001253968253968254
2005-07-15,0.0001261904761904762
2005-07-18,0.0001281746031746032
2005-07-19,0.0001285714285714286
2005-07-20,0.0001281746031746032
2005-07-21,0.00012976190476190477
2005-07-22,0.00013095238095238096
2005-07-25,0.00013373015873015875
2005-07-26,0.0001333333333333333
2005-07-27,0.00013214285714285715
2005-07-28,0.00013214285714285715
2005-07-29,0.00013253968253968253
2005-08-01,0.00013531746031746032
2005-08-02,0.00013531746031746032
2005-08-03,0.00013412698412698412
2005-08-04,0.00013452380952380953
2005-08-05,0.0001365079365079365
2005-08-08,0.0001376984126984127
2005-08-09,0.0001365079365079365
2005-08-10,0.00013611111111111113
2005-08-11,0.00013611111111111113
2005-08-12,0.0001365079365079365
2005-08-15,0.0001376984126984127
2005-08-16,0.0001373015873015873
2005-08-17,0.0001365079365079365
2005-08-18,0.00013571428571428572
2005-08-19,0.0001365079365079365
2005-08-22,0.0001373015873015873
2005-08-23,0.0001373015873015873
2005-08-24,0.0001369047619047619
2005-08-25,0.0001373015873015873
2005-08-26,0.0001376984126984127
2005-08-29,0.0001376984126984127
2005-08-30,0.0001373015873015873
2005-08-31,0.0001365079365079365
2005-09-01,0.00013492063492063494
2005-09-02,0.00013412698412698412
2005-09-06,0.0001369047619047619
2005-09-07,0.00013531746031746032
2005-09-08,0.00013492063492063494
2005-09-09,0.00013531746031746032
2005-09-12,0.0001365079365079365
2005-09-13,0.00013492063492063494
2005-09-14,0.00013293650793650793
2005-09-15,0.00013373015873015875
2005-09-16,0.00013571428571428572
2005-09-19,0.0001392857142857143
2005-09-20,0.00014047619047619049
2005-09-21,0.00013253968253968253
2005-09-22,0.00013452380952380953
2005-09-23,0.00013492063492063494
2005-09-26,0.0001373015873015873
2005-09-27,0.00013571428571428572
2005-09-28,0.00013452380952380953
2005-09-29,0.0001373015873015873
2005-09-30,0.0001376984126984127
2005-10-03,0.00014047619047619049
2005-10-04,0.00014087301587301586
2005-10-05,0.0001388888888888889
2005-10-06,0.0001396825396825397
2005-10-07,0.00014047619047619049
2005-10-10,0.00014047619047619049
2005-10-11,0.00014484126984126984
2005-10-12,0.00014365079365079365
2005-10-13,0.00014523809523809525
2005-10-14,0.00014642857142857144
2005-10-17,0.00015000000000000001
2005-10-18,0.00014960317460317458
2005-10-19,0.00014960317460317458
2005-10-20,0.00014920634920634917
2005-10-21,0.00014960317460317458
2005-10-24,0.00015238095238095237
2005-10-25,0.00015238095238095237
2005-10-26,0.0001511904761904762
2005-10-27,0.00015039682539682542
2005-10-28,0.000151984126984127
2005-10-31,0.00015436507936507937
2005-11-01,-0.0046955057983736545
2005-11-02,0.006311339999122893
2005-11-03,-0.0005073046916188244
2005-11-04,-0.003316579488513135
2005-11-07,0.002695239422662388
2005-11-08,-1.7808254533500318e-05
2005-11-09,0.0013448396798592418
2005-11-10,0.00723391296188853
2005-11-11,0.002812364786686941
2005-11-14,-0.002319097969724646
2005-11-15,-0.0012042071209099846
2005-11-16,-3.9695172198572674e-05
2005-11-17,0.008999818651205017
2005-11-18,0.002455201618361524
2005-11-21,0.0026891233126697493
2005-11-22,0.004827952596368545
2005-11-23,0.0024999661993982286
2005-11-25,-0.0004543101014043878
2005-11-28,-0.002795292624984266
2005-11-29,-0.0014651152929822915
2005-11-30,-0.0038959722673227483
2005-12-01,0.008273788781469713
2005-12-02,0.00020229988795831378
2005-12-05,-0.0008552777032072279
2005-12-06,0.001325730200651248
2005-12-07,-0.0036161328351839396
2005-12-08,0.002250924521675333
2005-12-09,0.0021866939908196754
2005-12-12,0.00241206287844842
2005-12-13,0.0038126319976220266
2005-12-14,0.0023564436963908987
2005-12-15,-0.004175369285467597
2005-12-16,0.002029890629733144
2005-12-19,-0.003858972153619557
2005-12-20,0.0001864124176967291
2005-12-21,0.0022605099217219466
2005-12-22,0.004169756797842021
2005-12-23,0.0012007566742726094
2005-12-27,-0.003789914434982227
2005-12-28,0.0010863757279604236
2005-12-29,-0.0015815937594238125
2005-12-30,-0.0024549883246676586
2006-01-03,0.014215813005439216
2006-01-04,0.004479601904909063
2006-01-05,0.0007378478596311427
2006-01-06,0.006002344940954457
2006-01-09,0.0024393321946527815
2006-01-10,-0.0011455279505538365
2006-01-11,0.002200556281630619
2006-01-12,-0.002241289974371118
2006-01-13,-0.0009639509868204015
2006-01-17,-0.0035735763496154726
2006-01-18,-0.003426858883161527
2006-01-19,0.005087909306913051
2006-01-20,-0.008257198324556831
2006-01-23,0.0043841058709389044
2006-01-24,0.0024227950867342775
2006-01-25,-0.00022078394779989136
2006-01-26,0.003737635986977206
2006-01-27,0.005335612789442594
2006-01-30,-0.0005463360214304318
2006-01-31,-0.0004142144220134419
2006-02-01,0.0023529816822896806
2006-02-02,-0.005942133190683794
2006-02-03,-0.0026176331232486633
2006-02-06,0.0007387983605800557
2006-02-07,-0.005031287021884358
2006-02-08,0.001556452617047193
2006-02-09,0.0012422473992093226
2006-02-10,-0.00043632242301748964
2006-02-13,-0.0014307982974087923
2006-02-14,0.0051872124056980716
2006-02-15,0.0010621673809393171
2006-02-16,0.004693647139349959
2006-02-17,0.001729614727507147
2006-02-21,-0.0009135310814373365
2006-02-22,0.005753182546923244
2006-02-23,-0.0005592145504877848
2006-02-24,-8.727057954860816e-05
2006-02-27,0.00045896058588849664
2006-02-28,-0.0036452500715335834
2006-03-01,0.004651741657319721
2006-03-02,-0.0013997532210196723
2006-03-03,-0.0032981286150234575
2006-03-06,0.001330594334407006
2006-03-07,-0.0050178214159862285
2006-03-08,0.0022757337139961416
2006-03-09,0.00030569142068841685
2006-03-10,0.006382878007748715
2006-03-13,0.0005844057433757021
2006-03-14,0.006845130542612914
2006-03-15,0.005057948088558738
2006-03-16,0.004448870647729414
2006-03-17,0.0025456917021932975
2006-03-20,-0.0028485419955579503
2006-03-21,-0.006434287746565508
2006-03-22,0.003814762528947277
2006-03-23,-0.002765095465548384
2006-03-24,0.002382441656231408
2006-03-27,-0.0033432689489902257
2006-03-28,-0.0018795490928026687
2006-03-29,0.007448101523899979
2006-03-30,-0.0013702501139611874
2006-03-31,-0.0007654312311699658
2006-04-03,-0.0015905776899318368
2006-04-04,0.0015484784736638907
2006-04-05,0.002952761397783942
2006-04-06,-0.001372087480782137
2006-04-07,-0.008202627334077157
2006-04-10,-0.0009388020453300883
2006-04-11,-0.0031182959557840965
2006-04-12,-0.001039520842291622
2006-04-13,-0.0034032409318863624
2006-04-17,0.0010849850020197315
2006-04-18,0.012809314294918281
2006-04-19,0.003684570188646405
2006-04-20,-0.0005403633478867307
2006-04-21,0.0018632546546713037
2006-04-24,-0.0009007288077496141
2006-04-25,-0.0036889765098960187
2006-04-26,0.0006163065044000587
2006-04-27,0.003233200070966717
2006-04-28,0.0018227357396487908
2006-05-01,-0.005150596715526454
2006-05-02,0.002879667726292944
2006-05-03,-0.0017975647646813998
2006-05-04,0.005003182006789342
2006-05-05,0.007915422840018596
2006-05-08,0.0006036287537793635
2006-05-09,0.0014617467682181615
2006-05-10,-0.001315061879850882
2006-05-11,-0.008443034719672553
2006-05-12,-0.008441512442316714
2006-05-15,0.0018961089042092917
2006-05-16,-0.0005679875821781618
2006-05-17,-0.014480243540582315
2006-05-18,-0.0016767978785981181
2006-05-19,0.0028067388616857037
2006-05-22,-0.006130221240927264
2006-05-23,-0.0036667350379273483
2006-05-24,0.0021288564994045842
2006-05-25,0.008622778026369808
2006-05-26,0.005245491968293874
2006-05-30,-0.008377744334694398
2006-05-31,0.0034769854252335052
2006-06-01,0.007246722247024149
2006-06-02,0.0062557582315052335
2006-06-05,-0.006639661065876895
2006-06-06,-0.00508936810842615
2006-06-07,-0.0030706357589249163
2006-06-08,-0.004710401121448301
2006-06-09,0.0010015905815348506
2006-06-12,-0.006317511936800085
2006-06-13,-0.010351607298943443
2006-06-14,0.001441841103738168
2006-06-15,0.01488053598665671
2006-06-16,-0.003543701838783547
2006-06-19,-0.004122127716692304
2006-06-20,0.0007204319247577872
2006-06-21,0.006406680702941306
2006-06-22,-0.003953501721464704
2006-06-23,-0.0022505800317781854
2006-06-26,0.004500705571604227
2006-06-27,-0.005082456252092497
2006-06-28,0.0036051017091728254
2006-06-29,0.01670806448793025
2006-06-30,0.0047800315516093855
2006-07-03,0.005501253371848811
2006-07-05,-0.005968243567344799
2006-07-06,0.0038298791333675293
2006-07-07,-0.002385479385801384
2006-07-10,0.003808357095991569
2006-07-11,0.002027506644374447
2006-07-12,-0.005154620889847744
2006-07-13,-0.008993418998321345
2006-07-14,-0.0050372292054657875
2006-07-17,-0.0032223848599674137
2006-07-18,0.0029751487565969526
2006-07-19,0.01216170785663205
2006-07-20,-0.00360639891268392
2006-07-21,-0.004774017488767576
2006-07-24,0.010599735912383735
2006-07-25,0.0015266932079907693
2006-07-26,0.002915164544143111
2006-07-27,0.00043777804580903435
2006-07-28,0.009495183853320469
2006-07-31,-0.001204774578899374
2006-08-01,-0.003341245097027313
2006-08-02,0.0033790289468462725
2006-08-03,0.0022012595954984194
2006-08-04,0.003990180544498787
2006-08-07,-0.003899698195565447
2006-08-08,-0.004366841280147196
2006-08-09,-0.0009586896494884143
2006-08-10,0.0013096706983807365
2006-08-11,-0.0041230479804053085
2006-08-14,0.002449735585485571
2006-08-15,0.010001201698307895
2006-08-16,0.004732974777760935
2006-08-17,-0.0005281682028280342
2006-08-18,0.003322003473765038
2006-08-21,-4.2613717534945116e-05
2006-08-22,0.0009364594399951496
2006-08-23,-0.0029526096439927456
2006-08-24,0.0002776057832810819
2006-08-25,0.0002622271113095872
2006-08-28,0.004179449594189309
2006-08-29,0.002079002804967296
2006-08-30,0.0015937766126916757
2006-08-31,0.0004486081011235839
2006-09-01,0.0018622895116226952
2006-09-05,0.002847483010351006
2006-09-06,-0.006186359253058921
2006-09-07,-0.004766317441968876
2006-09-08,0.0027595218537314384
2006-09-11,-0.0006821510355475124
2006-09-12,0.007426996469731134
2006-09-13,0.0017803548838809244
2006-09-14,-0.0011359226000702471
2006-09-15,0.0015700650108353737
2006-09-18,-0.0005626030000623565
2006-09-19,0.00037006197229014134
2006-09-20,0.0026688385593662944
2006-09-21,-0.0012379213504938307
2006-09-22,-0.0004197617373023246
2006-09-25,0.0033870251789955767
2006-09-26,0.0012031510786566656
2006-09-27,0.0032696395461596366
2006-09-28,-8.119162328715575e-05
2006-09-29,-0.0009785328774732365
2006-10-02,-0.00018501191502757604
2006-10-03,0.0025636667121712703
2006-10-04,0.0075249478925362105
2006-10-05,0.0012670679426305368
2006-10-06,-0.0043142973962730915
2006-10-09,0.0016902136131817687
2006-10-10,-0.0006431870645483943
2006-10-11,-0.0013421031482942136
2006-10-12,0.005851090972157079
2006-10-13,0.0028467781850380837
2006-10-16,0.0018680210065284734
2006-10-17,-0.002275148805177319
2006-10-18,0.0017643561718918468
2006-10-19,0.0012191585340316452
2006-10-20,0.000400874739870665
2006-10-23,0.0017756767465842323
2006-10-24,-9.408251705340427e-05
2006-10-25,0.0038668106969048047
2006-10-26,0.004859701752836015
2006-10-27,-0.0032837131144023203
2006-10-30,0.0007015569102957323
2006-10-31,0.0013665370186355073
2006-11-01,-0.002491548817558436
2006-11-02,-0.0036946276804236742
2006-11-03,-0.004792447510098128
2006-11-06,0.007297400984911755
2006-11-07,-0.00047502137275582843
2006-11-08,0.0016502940876803045
2006-11-09,-0.001745946296335579
2006-11-10,0.002164600511226253
2006-11-13,-0.0003441228592550354
2006-11-14,0.006685485301329523
2006-11-15,0.00024918040627981176
2006-11-16,0.000983546811048044
2006-11-17,-0.0005195726593495266
2006-11-20,0.005625542340523773
2006-11-21,0.004745101746567015
2006-11-22,0.0035748502023843273
2006-11-24,-0.0007579876858723913
2006-11-27,-0.009561026338013942
2006-11-28,0.0035880674216271103
2006-11-29,0.006970240714186958
2006-11-30,0.004131292625324374
2006-12-01,-0.0012185789326180055
2006-12-04,0.004210750516881345
2006-12-05,0.0008230124742154706
2006-12-06,-0.004676824977107042
2006-12-07,-0.0021892147221691544
2006-12-08,-0.0019510587203891523
2006-12-11,0.002798189390267067
2006-12-12,-0.00019660598662861808
2006-12-13,-0.0009900335368566704
2006-12-14,0.004724890431071863
2006-12-15,-0.0012904987887744986
2006-12-18,-0.0055354083722891235
2006-12-19,0.0019021290347621448
2006-12-20,0.001996372778125791
2006-12-21,-0.0037673885771571398
2006-12-22,-0.00282008917068611
2006-12-26,-0.0003861328764738238
2006-12-27,0.004492868315281495
2006-12-28,0.001284769322530968
2006-12-29,0.0006126997105987771
2007-01-03,-0.005055355849007877
2007-01-04,-0.004400014503806996
2007-01-05,-0.009633795525888701
2007-01-08,0.0027063951397294623
2007-01-09,0.0008527237511190304
2007-01-10,-0.0015837848460170815
2007-01-11,0.003949158385550122
2007-01-12,0.008689729309580129
2007-01-16,-0.002019844024558925
2007-01-17,0.0015045041894576482
2007-01-18,-0.003428292790994803
2007-01-19,0.007532578632577274
2007-01-22,-0.0027620488297960986
2007-01-23,0.009053466979359005
2007-01-24,0.0038396835652789512
2007-01-25,-0.0069490814795209405
2007-01-26,0.0033182819392619392
2007-01-29,-0.0034745904714054187
2007-01-30,0.009138794048611863
2007-01-31,0.006534795105240371
2007-02-01,0.002766778157075556
2007-02-02,0.0030039750382185875
2007-02-05,-0.0010123314035736042
2007-02-06,0.004123131912452819
2007-02-07,0.0032058053858568265
2007-02-08,0.0020900562942913264
2007-02-09,-0.004026238373186853
2007-02-12,-0.009118374054089714
2007-02-13,0.011655455689051174
2007-02-14,0.001030015221993889
2007-02-15,0.002293701141507916
2007-02-16,0.0030165622171393065
2007-02-20,0.000295393375881357
2007-02-21,0.002503381943886325
2007-02-22,0.0019044231934297316
2007-02-23,-0.001576571195300627
2007-02-26,0.00010793308924013541
2007-02-27,-0.024235456101838235
2007-02-28,0.00730831261759033
2007-03-01,-0.005876911437028422
2007-03-02,-0.009687328883161062
2007-03-05,-0.016687185957037887
2007-03-06,0.018564696778504593
2007-03-07,0.00014730100938166132
2007-03-08,0.007554205403276087
2007-03-09,-0.000733054710567066
2007-03-12,0.0012760925784071442
2007-03-13,-0.01405604753522836
2007-03-14,0.0026909238404169244
2007-03-15,0.0015362395948102848
2007-03-16,-0.0020700863066166557
2007-03-19,0.008220287742838582
2007-03-20,0.004133199094501593
2007-03-21,0.010583588836195491
2007-03-22,0.001887266156498332
2007-03-23,0.0006574396718325045
2007-03-26,-0.0023357870392723004
2007-03-27,-0.002940613483199396
2007-03-28,-0.002640091392765731
2007-03-29,0.005887663909300741
2007-03-30,3.2304930957142573e-05
2007-04-02,0.00027109233951566223
2007-04-03,0.004607614437932665
2007-04-04,0.0026146901452652484
2007-04-05,0.0009550548820147929
2007-04-09,-0.0024506031078431667
2007-04-10,0.005755479154842593
2007-04-11,-0.005323083826295689
2007-04-12,0.002240386008410504
2007-04-13,0.004599259182673927
2007-04-16,0.002915698053008827
2007-04-17,0.001980785809996099
2007-04-18,-0.0005270951470624694
2007-04-19,-0.002721853461281185
2007-04-20,0.008250875011126889
2007-04-23,0.0012891079178808042
2007-04-24,-0.0037322556823654904
2007-04-25,0.007398076614773272
2007-04-26,-0.0025423417574655417
2007-04-27,-5.7905282425168344e-05
2007-04-30,-0.006526554868568254
2007-05-01,-0.0010258383465222445
2007-05-02,0.0024742346568236056
2007-05-03,0.0026177488886082413
2007-05-04,0.001007848837248566
2007-05-07,0.00012676541637980112
2007-05-08,-0.004472229908229375
2007-05-09,0.0021331420446459755
2007-05-10,-0.009021402001337282
2007-05-11,0.010345809064601953
2007-05-14,-0.0033138563849511595
2007-05-15,-0.0006562986307843519
2007-05-16,-0.002895828141417284
2007-05-17,-0.0037725367877425014
2007-05-18,0.00034867794815700466
2007-05-21,0.0020107646002734915
2007-05-22,-0.0004706059969195476
2007-05-23,8.313214942708928e-05
2007-05-24,-0.007903993403520701
2007-05-25,0.005476532880137315
2007-05-29,0.0032469993871423624
2007-05-30,0.009978014357580714
2007-05-31,0.0017240066108659246
2007-06-01,0.0032131732661975147
2007-06-04,0.0034865943343714506
2007-06-05,-0.006401592774857145
2007-06-06,-0.006367696636326699
2007-06-07,-0.014298086415245784
2007-06-08,0.003978908831387529
2007-06-11,0.0013227740028685126
2007-06-12,-0.011158301330438053
2007-06-13,0.013234785965601974
2007-06-14,0.00256402422102339
2007-06-15,0.007063871058826004
2007-06-18,-0.002311162448801722
2007-06-19,9.876005485982332e-05
2007-06-20,-0.011551093315215075
2007-06-21,0.0028830989920563925
2007-06-22,-0.005252000017570887
2007-06-25,-0.004385023901028588
2007-06-26,-0.006063407599682979
2007-06-27,0.009101231563798478
2007-06-28,-0.0016542532223814733
2007-06-29,0.0016627533270641985
2007-07-02,0.01089957513876166
2007-07-03,0.0007663170673717714
2007-07-05,0.002526946912007109
2007-07-06,0.003454883025142049
2007-07-09,0.0007752099913739806
2007-07-10,-0.007572155569045091
2007-07-11,0.0026730077850648216
2007-07-12,0.00848125003718439
2007-07-13,0.00312290478565699
2007-07-16,-0.004894826842283244
2007-07-17,-0.003131021256211077
2007-07-18,0.0015157435260090026
2007-07-19,0.0033292203049420676
2007-07-20,-0.006678386344597925
2007-07-23,-0.0026148844597902333
2007-07-24,-0.011521180604780691
2007-07-25,-0.0002459714147393052
2007-07-26,-0.015629773861348194
2007-07-27,-0.011031616630680106
2007-07-30,0.007728273224889797
2007-07-31,-0.0008357974550049904
2007-08-01,0.0030903398250084653
2007-08-02,0.005955433415694917
2007-08-03,-0.017430181159495427
2007-08-06,0.00887355398937938
2007-08-07,0.005021690685860925
2007-08-08,0.012197840631674213
2007-08-09,-0.014278740948134206
2007-08-10,-0.009986991400740962
2007-08-13,-0.0009166963692618128
2007-08-14,-0.00931590310907151
2007-08-15,-0.008981640815281603
2007-08-16,0.00612559092649226
2007-08-17,0.01037357479031165
2007-08-20,0.0052318351361420115
2007-08-21,0.0017538767390744532
2007-08-22,0.009356210747401403
2007-08-23,-0.0020138781500018254
2007-08-24,0.009476403040200868
2007-08-27,-0.00751486729160168
2007-08-28,-0.01563636116408807
2007-08-29,0.016931780591432126
2007-08-30,0.0008014508321064111
2007-08-31,0.0089292249018535
2007-09-04,0.00839247249282748
2007-09-05,-0.00783443195305505
2007-09-06,0.0017804777820880557
2007-09-07,-0.006610005817201897
2007-09-10,-0.001426550119539852
2007-09-11,0.009957457374873762
2007-09-12,0.0011771542621722016
2007-09-13,0.004043161885015446
2007-09-14,0.0005625935797943212
2007-09-17,-0.002898224942038461
2007-09-18,0.019995223619334656
2007-09-19,0.007750394912514995
2007-09-20,-0.005963618763508542
2007-09-21,0.0052409922579987455
2007-09-24,0.0037720206604302587
2007-09-25,-0.006543996487845627
2007-09-26,0.005320678017109838
2007-09-27,0.01126402616662301
2007-09-28,-0.0030529671688600147
2007-10-01,0.008084291202914992
2007-10-02,-0.0007676907400656431
2007-10-03,-0.0021725530399184074
2007-10-04,0.006207768509983404
2007-10-05,0.007910376031680167
2007-10-08,-0.009871478326748085
2007-10-09,0.007120561687884925
2007-10-10,0.0004279640231439905
2007-10-11,0.0015454262121098218
2007-10-12,0.0003609069760407618
2007-10-15,-0.0034798239650819774
2007-10-16,-0.006340902070857306
2007-10-17,0.002611935733762145
2007-10-18,0.00414618572255505
2007-10-19,-0.01702384496122109
2007-10-22,0.005219585687421568
2007-10-23,0.005123312981393942
2007-10-24,-0.002446207394341986
2007-10-25,0.006323775005683548
2007-10-26,0.01155487552221442
2007-10-29,0.0022912695013327933
2007-10-30,-0.004530741538891483
2007-10-31,0.01337126938443752
2007-11-01,-0.019231956789774487
2007-11-02,0.0033603384819695416
2007-11-05,-0.009032169346888315
2007-11-06,0.01318531820257213
2007-11-07,-0.015036533289005229
2007-11-08,-8.000847996987755e-05
2007-11-09,-0.0070838551975301
2007-11-12,-0.006995830904553399
2007-11-13,0.013219930473421897
2007-11-14,-0.00019125482557279683
2007-11-15,-0.007397758875269967
2007-11-16,-0.002055001742273274
2007-11-19,-0.009489299066120473
2007-11-20,0.006283326976282235
2007-11-21,-0.00816353829866519
2007-11-23,0.013669832609116948
2007-11-26,-0.01678461873938148
2007-11-27,0.006224327212863695
2007-11-28,0.01761669882112299
2007-11-29,-0.0031781756371954996
2007-11-30,0.006378887978544505
2007-12-03,-0.0019703435794709494
2007-12-04,-0.007319624889559859
2007-12-05,0.010099979006595422
2007-12-06,0.013688778318472124
2007-12-07,-0.003390477345109514
2007-12-10,0.007315705026415082
2007-12-11,-0.01675348966477759
2007-12-12,0.009303223397980412
2007-12-13,-0.010339196377439958
2007-12-14,-0.014955557318695592
2007-12-17,-0.012980003216095364
2007-12-18,0.0062554323573468535
2007-12-19,0.003893416874407148
2007-12-20,0.0007016085478146732
2007-12-21,0.010562524023173203
2007-12-24,0.009830799371359129
2007-12-26,-0.0009271922300910931
2007-12-27,-0.005676314864138085
2007-12-28,-0.00134008894364329
2007-12-31,9.32743963531369e-05
2008-01-02,0.0038329622228534333
2008-01-03,-0.00394368881742966
2008-01-04,-0.018197337833338732
2008-01-07,-0.0013759893127692868
2008-01-08,-0.009031431589905261
2008-01-09,0.004777967550255686
2008-01-10,0.0027119162007310854
2008-01-11,-0.0024683118231053174
2008-01-14,0.00656405130429983
2008-01-15,-0.01615773080218626
2008-01-16,-0.005687596500516854
2008-01-17,-0.011844872262239722
2008-01-18,-0.003042680766113054
2008-01-22,-0.0008509249236276738
2008-01-23,0.018343462454341233
2008-01-24,0.007066767478034473
2008-01-25,-0.0005769991316432171
2008-01-28,0.012504075965877465
2008-01-29,0.001247017175256518
2008-01-30,-0.009527037911919648
2008-01-31,0.011906941875622995
2008-02-01,0.01204328790838019
2008-02-04,-0.004259829470278956
2008-02-05,-0.02193222455680509
2008-02-06,-0.006308911102367211
2008-02-07,0.005244601223616992
2008-02-08,-0.002111891166592837
2008-02-11,-0.00021500305697301427
2008-02-12,0.007340990903531639
2008-02-13,0.005836082888449675
2008-02-14,-0.0034837978282205445
2008-02-15,0.001819994975158308
2008-02-19,0.007165819546399712
2008-02-20,0.001696964606752895
2008-02-21,-0.006454136196317723
2008-02-22,0.011609434656192383
2008-02-25,0.012379327648139562
2008-02-26,0.009207103155675533
2008-02-27,-0.0002466354192834138
2008-02-28,-0.003745269690219667
2008-02-29,-0.013504897631631037
2008-03-03,0.003970884520470503
2008-03-04,-0.007101739456506871
2008-03-05,0.0099533481842657
2008-03-06,-0.01299895035099675
2008-03-07,-0.0024765890349718535
2008-03-10,-0.0012207364867518064
2008-03-11,0.027318283103027093
2008-03-12,-0.0016084833166298536
2008-03-13,0.0023448535662115386
2008-03-14,-0.01010591231751086
2008-03-17,-0.010885017833268966
2008-03-18,0.026239574202421997
2008-03-19,-0.020663279969939892
2008-03-20,0.005681232047251718
2008-03-24,0.012269514667495818
2008-03-25,0.006348224328149041
2008-03-26,-0.00020703300140323812
2008-03-27,-0.00031535280780566576
2008-03-28,-0.00827319585028893
2008-03-31,-0.0021035109097508227
2008-04-01,0.02173425804761743
2008-04-02,0.004992011049495863
2008-04-03,0.006755091390703721
2008-04-04,0.00026184046053272323
2008-04-07,0.00036967608937813444
2008-04-08,-0.0017265854398090792
2008-04-09,-0.003581249712204466
2008-04-10,-3.2800053865718456e-05
2008-04-11,-0.008957250374163932
2008-04-14,-0.0005352049805793322
2008-04-15,0.005392872434798907
2008-04-16,0.020343624857163616
2008-04-17,-0.0025651248761047706
2008-04-18,0.002327733025657212
2008-04-21,0.000470103003305005
2008-04-22,-0.0020570869211268927
2008-04-23,0.0011224964325126645
2008-04-24,-0.001397620965330421
2008-04-25,0.008060964147077965
2008-04-28,0.0017726833219199787
2008-04-29,-0.009198725655489137
2008-04-30,-0.0025967228511219326
2008-05-01,0.004962075469089301
2008-05-02,0.004432959244787869
2008-05-05,0.003270856743520345
2008-05-06,0.006632456365065539
2008-05-07,-0.011345672418862012
2008-05-08,0.004572034785467581
2008-05-09,0.0002929761983411661
2008-05-12,0.005299841366928821
2008-05-13,-0.000410607343248611
2008-05-14,-0.0016481802643113271
2008-05-15,0.011735619536985705
2008-05-16,0.0038506705318891166
2008-05-19,0.0008024706370568477
2008-05-20,-0.002813219472253144
2008-05-21,-0.005152684805422907
2008-05-22,-0.003542873636651839
2008-05-23,-0.00463481586525526
2008-05-27,-0.0003552717071092105
2008-05-28,0.0010601714582826132
2008-05-29,-0.0037144352097164208
2008-05-30,0.002720121156532098
2008-06-02,-0.003625246380565945
2008-06-03,-0.003954729892693847
2008-06-04,-0.00394032367346033
2008-06-05,0.018435192146888112
2008-06-06,-0.013743637268848868
2008-06-09,-0.0031023590867191742
2008-06-10,-0.006149048766691478
2008-06-11,-0.0009983230454554165
2008-06-12,0.00032546239783713357
2008-06-13,0.005950164338249554
2008-06-16,0.003678697734252726
2008-06-17,-0.0033310213355056163
2008-06-18,-0.002735234419828115
2008-06-19,-0.001303609479357756
2008-06-20,-0.009839333269446022
2008-06-23,-0.0038151290759680487
2008-06-24,-6.575384822811794e-05
2008-06-25,0.005557875784321374
2008-06-26,-0.009463860792686327
2008-06-27,-0.0006133897823547697
2008-06-30,-0.0012080075829438877
2008-07-01,0.0013954218314260868
2008-07-02,-0.004708919017930779
2008-07-03,-0.0005697016862879064
2008-07-07,-0.009986347976720947
2008-07-08,0.012583970139260044
2008-07-09,-0.018977444563205985
2008-07-10,0.011913201101531162
2008-07-11,-0.005411797081138045
2008-07-14,-0.008004242008162056
2008-07-15,-0.013597513860526302
2008-07-16,0.01823835531250128
2008-07-17,0.001766047229758308
2008-07-18,-0.0012320726108309204
2008-07-21,0.0056644029010109
2008-07-22,0.0033324172042995147
2008-07-23,0.002655702747034393
2008-07-24,-0.019110513714279943
2008-07-25,-3.559536363874783e-05
2008-07-28,-0.007405559551611066
2008-07-29,0.012774693065297781
2008-07-30,0.009370464576609791
2008-07-31,-0.007159603688190488
2008-08-01,-0.005931510491201482
2008-08-04,-0.01341134590205251
2008-08-05,0.016970803128826373
2008-08-06,-0.0020806716764191196
2008-08-07,-0.009325460630805303
2008-08-08,0.004627505656901153
2008-08-11,0.0071308594606045205
2008-08-12,-0.008324111091649213
2008-08-13,-0.0010436987796235125
2008-08-14,0.0028308012639929616
2008-08-15,-0.0026031308659124745
2008-08-18,-0.004871496967850534
2008-08-19,-0.0065812305140816214
2008-08-20,0.004585567814062829
2008-08-21,0.005660099843217358
2008-08-22,0.0031862645682292226
2008-08-25,-0.013089095080337409
2008-08-26,0.00418605502019961
2008-08-27,0.008039471328126439
2008-08-28,0.005872495724500154
2008-08-29,-0.005097448192025752
2008-09-02,-0.006939829476199599
2008-09-03,0.0015157201291116423
2008-09-04,-0.022097392799443095
2008-09-05,-0.0024967938798602135
2008-09-08,0.016857025166126936
2008-09-09,-0.026289617932356568
2008-09-10,0.0029200688096890897
2008-09-11,0.003546433851870116
2008-09-12,0.004580702280403975
2008-09-15,-0.033619691197453436
2008-09-16,0.007364632505490843
2008-09-17,-0.0205922931503633
2008-09-18,0.03020077328817932
2008-09-19,0.03202314714014281
2008-09-22,-0.022008679401217965
2008-09-23,-0.007975337115672419
2008-09-24,-0.0012344298852268835
2008-09-25,0.013133483656584354
2008-09-26,0.0017919285519181725
2008-09-29,-0.06288984386380018
2008-09-30,0.03757181327896694
2008-10-01,-0.009462327701967152
2008-10-02,-0.0389243287799141
2008-10-03,-0.015875701368218365
2008-10-06,-0.03443600393571407
2008-10-07,-0.033172970842136926
2008-10-08,-0.011786138194236392
2008-10-09,-0.05273353093156527
2008-10-10,-0.004075942753782424
2008-10-13,0.08269163759864814
2008-10-14,-0.02499727453642633
2008-10-15,-0.07454530714260893
2008-10-16,0.0277960163780542
2008-10-17,-0.0038372784135093548
2008-10-20,0.03040137112505218
2008-10-21,-0.029228342859524737
2008-10-22,-0.047750252789943076
2008-10-23,0.0025439009774516717
2008-10-24,-0.04246776823431489
2008-10-27,-0.030582745494271167
2008-10-28,0.0857158899232815
2008-10-29,0.003853165545096769
2008-10-30,0.014702986252276153
2008-10-31,0.01708700946426305
2008-11-03,-0.0070529295280072155
2008-11-04,0.04311896275738218
2008-11-05,-0.04320512327950235
2008-11-06,-0.0427687966381293
2008-11-07,0.030024289394130155
2008-11-10,-0.021983102337842286
2008-11-11,-0.018653554932784207
2008-11-12,-0.038614813961066696
2008-11-13,0.05346597935071093
2008-11-14,-0.04331252645549648
2008-11-17,-0.017261732857158568
2008-11-18,0.0008092835038775435
2008-11-19,-0.05344902529345289
2008-11-20,-0.04806851846079807
2008-11-21,0.041193694264379466
2008-11-24,0.0712619645416269
2008-11-25,0.0050437800326966625
2008-11-26,0.028462250345321523
2008-11-28,-0.008878465112931392
2008-12-01,-0.07717852369915909
2008-12-02,0.04608865653771073
2008-12-03,0.01717444795378644
2008-12-04,-0.025551793777288764
2008-12-05,0.023042889569315314
2008-12-08,0.043573106339138475
2008-12-09,-0.025280414027622756
2008-12-10,0.029581630724014506
2008-12-11,-0.027206179825350053
2008-12-12,0.030562888443438095
2008-12-15,-0.014440910632014144
2008-12-16,0.05193123264214301
2008-12-17,-0.0003206937554856414
2008-12-18,-0.028081425061583395
2008-12-19,0.008189297715194978
2008-12-22,-0.0176843904686036
2008-12-23,-0.003956436050574825
2008-12-24,0.002856016464975051
2008-12-26,0.009261765501774493
2008-12-29,-0.009481392778922001
2008-12-30,0.020159761566461463
2008-12-31,0.022421383556854666
2009-01-02,0.006376071638887362
2009-01-05,-0.005365934547414167
2009-01-06,0.01853989606628925
2009-01-07,-0.02634340266457036
2009-01-08,0.0035859463877014747
2009-01-09,-0.02282907742816235
2009-01-12,-0.029203021836002763
2009-01-13,0.006212142888901367
2009-01-14,-0.026686226755211026
2009-01-15,0.008096777679579122
2009-01-16,0.009485047955995975
2009-01-20,-0.05415067995060603
2009-01-21,0.03808382038067315
2009-01-22,-0.022625947807228364
2009-01-23,0.015031791310027316
2009-01-26,0.004015290032335447
2009-01-27,0.004613818965845423
2009-01-28,0.03325090278103784
2009-01-29,-0.03700819979565485
2009-01-30,-0.015418369425275892
2009-02-02,0.00015778812388688064
2009-02-03,0.002452026468816742
2009-02-04,-0.006752838447918365
2009-02-05,0.0064963405956167605
2009-02-06,0.024418006993430587
2009-02-09,0.0018025215684305783
2009-02-10,-0.03689200243753811
2009-02-11,0.007514476623719294
2009-02-12,-0.0035361657612886597
2009-02-13,-0.021775952876240588
2009-02-17,-0.041392018892807435
2009-02-18,-0.0004412885203450489
2009-02-19,-0.0070198428867351455
2009-02-20,0.006315504092822763
2009-02-23,-0.031480268756699153
2009-02-24,0.03574541297548775
2009-02-25,-0.01042496615319797
2009-02-26,-0.011343039935486606
2009-02-27,-0.009608487514701577
2009-03-02,-0.04112750526766329
2009-03-03,-0.0003555048307546504
2009-03-04,0.022798311311808407
2009-03-05,-0.02806885185894252
2009-03-06,0.0011296595279423555
2009-03-09,-0.004046943954176827
2009-03-10,0.0508587803071125
2009-03-11,-0.005711391383816605
2009-03-12,0.038631957770125194
2009-03-13,-0.0031700682244608586
2009-03-16,-0.010884037406494004
2009-03-17,0.03043983083059516
2009-03-18,0.030554519213993037
2009-03-19,-0.011350968900257042
2009-03-20,-0.021635547808917438
2009-03-23,0.06400810856382491
2009-03-24,-0.0293247063646707
2009-03-25,0.004243600871694455
2009-03-26,0.015232523902051522
2009-03-27,-0.022787421916243385
2009-03-30,-0.03191904568853157
2009-03-31,0.022130146538875545
2009-04-01,0.008039039019019324
2009-04-02,0.035666885138455555
2009-04-03,0.021145264489424827
2009-04-06,-0.010895312601247016
2009-04-07,-0.026977403725197642
2009-04-08,0.00959293319873816
2009-04-09,0.04144339853710882
2009-04-13,0.00479761235536039
2009-04-14,-0.02507459271761741
2009-04-15,0.021036870188153135
2009-04-16,0.00923233204735496
2009-04-17,0.0011743659149234622
2009-04-20,-0.04354692155952261
2009-04-21,0.026507012603388187
2009-04-22,-0.009997392058527134
2009-04-23,0.0185887725786959
2009-04-24,0.017823560870441443
2009-04-27,-0.020340238954699087
2009-04-28,-0.002232801286818244
2009-04-29,0.021589533207152817
2009-04-30,0.0008833488205152338
2009-05-01,0.0021766962541271075
2009-05-04,0.03553793164037286
2009-05-05,-0.013067691445184066
2009-05-06,0.021321735266139407
2009-05-07,-0.018791909822092792
2009-05-08,0.031857695043540746
2009-05-11,-0.016253095812098127
2009-05-12,0.0029079675615403793
2009-05-13,-0.026457657693106013
2009-05-14,0.00981091029027828
2009-05-15,-0.015739812362033128
2009-05-18,0.03345249261148883
2009-05-19,-0.0025167224816364307
2009-05-20,0.002326714532761667
2009-05-21,-0.007558528329282563
2009-05-22,-0.002410842468025284
2009-05-26,0.020183998642878943
2009-05-27,-0.016085477092253827
2009-05-28,0.012317463546214723
2009-05-29,0.020266341077465277
2009-06-01,0.022170384991429332
2009-06-02,-0.0007621647691668561
2009-06-03,-0.014332108884439058
2009-06-04,0.014485623112818168
2009-06-05,-0.005959897368900309
2009-06-08,-0.006340355193344482
2009-06-09,0.006284949854128717
2009-06-10,-0.005529662477023527
2009-06-11,0.0034035027528466085
2009-06-12,0.004990255498362215
2009-06-15,-0.0242789600459989
2009-06-16,-0.008330756260752987
2009-06-17,-0.003370465132252734
2009-06-18,0.0002923892237799693
2009-06-19,0.005108597486775061
2009-06-22,-0.028575982869264556
2009-06-23,0.0083967388909036
2009-06-24,0.005439482581785029
2009-06-25,0.015512007047513572
2009-06-26,-0.0005969873998476892
2009-06-29,0.005787729080061658
2009-06-30,-0.006874529247452246
2009-07-01,0.006721728051317126
2009-07-02,-0.025598162800353333
2009-07-06,-0.0006437193682162275
2009-07-07,-0.01886928266390035
2009-07-08,-0.003013039732902431
2009-07-09,-0.000840031651890975
2009-07-10,-0.003372407631674882
2009-07-13,0.016248375726979795
2009-07-14,0.0033068276076665465
2009-07-15,0.022695655968750943
2009-07-16,0.005448665446345217
2009-07-17,-0.0022698530226037527
2009-07-20,0.017099662181851247
2009-07-21,0.003165819387526345
2009-07-22,0.0006464901378860181
2009-07-23,0.017943357316124342
2009-07-24,0.004067541701559879
2009-07-27,0.003552367148640513
2009-07-28,-0.0037616108148489326
2009-07-29,-0.009657328287860594
2009-07-30,0.020154893127998473
2009-07-31,0.009183434610191093
2009-08-03,0.015042734006065839
2009-08-04,0.010665722481571075
2009-08-05,0.0072336523737955155
2009-08-06,-0.008372009066861495
2009-08-07,0.01121169071394861
2009-08-10,-0.0047253413436001875
2009-08-11,-0.011095120393857006
2009-08-12,0.006374620115872105
2009-08-13,0.009901802605446675
2009-08-14,-0.009942034454866662
2009-08-17,-0.02371772659692038
2009-08-18,0.010286616303291562
2009-08-19,0.004098824765761979
2009-08-20,0.0103229289382392
2009-08-21,0.012959562903366716
2009-08-24,0.000904646144750965
2009-08-25,0.002248041523039775
2009-08-26,-0.0004557077313158695
2009-08-27,0.005047902771732422
2009-08-28,0.0018820465271223346
2009-08-31,-0.011285560733399364
2009-09-01,-0.02265919596860771
2009-09-02,-0.003491596755751132
2009-09-03,0.005497159490622598
2009-09-04,0.006133084631204546
2009-09-08,0.01589474460578465
2009-09-09,0.008912693045944718
2009-09-10,0.009380224537475524
2009-09-11,-0.0026509271341432572
2009-09-14,0.0050867611776065115
2009-09-15,0.008307811948924125
2009-09-16,0.017532628451057623
2009-09-17,-0.0013817368949658585
2009-09-18,-0.0018915214709684307
2009-09-21,-0.010240954926800388
2009-09-22,0.014076167048994557
2009-09-23,-0.014637165854789995
2009-09-24,-0.014423582579584418
2009-09-25,-0.002041303062638537
2009-09-28,0.016679741779950307
2009-09-29,-0.0058633123919292355
2009-09-30,0.0031413151472667075
2009-10-01,-0.018894463956694307
2009-10-02,-0.006597368364963299
2009-10-05,0.017806682121963898
2009-10-06,0.0026217817013960637
2009-10-07,0.0027850688294673706
2009-10-08,0.011500890533930445
2009-10-09,0.0013023602723168115
2009-10-12,0.006328701120686689
2009-10-13,-0.000963735847989887
2009-10-14,0.01569224549294314
2009-10-15,0.0013162983280447993
2009-10-16,-0.008367730282377039
2009-10-19,0.012324002391394497
2009-10-20,-0.006595579768155236
2009-10-21,-0.0012442906945157877
2009-10-22,0.010266910062130976
2009-10-23,-0.0095056969471333
2009-10-26,-0.010435074103635483
2009-10-27,-0.005082227546697476
2009-10-28,-0.021547389500355278
2009-10-29,0.02453048563173147
2009-10-30,-0.019524924229323462
2009-11-02,0.006326313809741135
2009-11-03,0.005218599852093752
2009-11-04,-0.0024207769459629064
2009-11-05,0.009744263508214134
2009-11-06,-0.005143265740062604
2009-11-09,0.023353399545683586
2009-11-10,-0.003335960313255266
2009-11-11,0.007268685954581268
2009-11-12,-0.009902839247977982
2009-11-13,0.006566016933459957
2009-11-16,0.017799321843220285
2009-11-17,-0.0031653554792037625
2009-11-18,0.0025588600347004964
2009-11-19,-0.01358344496963802
2009-11-20,-0.003506481511303933
2009-11-23,0.00930381418384977
2009-11-24,-0.004764293758495207
2009-11-25,0.009673344337611581
2009-11-27,-0.016113754295663876
2009-11-30,0.011323754599316073
2009-12-01,0.01123564228905073
2009-12-02,0.0017348522457294579
2009-12-03,-0.005346406279148884
2009-12-04,0.0032281346535406137
2009-12-07,-0.00684400084429891
2009-12-08,-0.008130889560663587
2009-12-09,-0.0028116292056711532
2009-12-10,-0.0008153090461747144
2009-12-11,0.004021572335849008
2009-12-14,0.008040730420835711
2009-12-15,-0.006685320514436695
2009-12-16,0.007562461222335537
2009-12-17,-0.009657192291701932
2009-12-18,0.002785638955583009
2009-12-21,0.0013512479197132137
2009-12-22,0.004632503503244578
2009-12-23,0.008045472419866539
2009-12-24,0.0050661053568137404
2009-12-28,0.0052392883129212245
2009-12-29,-0.0028240913663689316
2009-12-30,-0.0004625077820908374
2009-12-31,-0.008259015614560066
2010-01-04,0.01331120801235015
2010-01-05,0.0015980766187293236
2010-01-06,0.003371587465959815
2010-01-07,-0.00026073305436704426
2010-01-08,0.000870480605175793
2010-01-11,0.0025965202987810842
2010-01-12,-0.010415271724488575
2010-01-13,0.006605536280792645
2010-01-14,0.001788499445311981
2010-01-15,-0.008287088896964383
2010-01-19,0.009502301822514558
2010-01-20,-0.01245295864496701
2010-01-21,-0.015612690131641502
2010-01-22,-0.015320486893369333
2010-01-25,0.005409476530802927
2010-01-26,-0.005631428675238706
2010-01-27,-0.0008620511235744382
2010-01-28,-0.008122107993455936
2010-01-29,-0.0076716803784464705
2010-02-01,0.014563189728529616
2010-02-02,0.013125297245978752
2010-02-03,-0.009744487810571047
2010-02-04,-0.026800260343555517
2010-02-05,0.001808794526214938
2010-02-08,-0.009850554464991654
2010-02-09,0.010657660151659969
2010-02-10,-0.0010195959467425141
2010-02-11,0.007965620705044493
2010-02-12,-0.00015215115746105082
2010-02-16,0.01976471432024323
2010-02-17,0.0009397426888578234
2010-02-18,0.006375221425332391
2010-02-19,0.0006081389163990697
2010-02-22,-0.00032936633205047283
2010-02-23,-0.008558227839035986
2010-02-24,0.006876515276484536
2010-02-25,-0.0033502622005207715
2010-02-26,0.005101097629689317
2010-03-01,0.0035162105172138343
2010-03-02,0.004401906005942684
2010-03-03,0.0037850061253223597
2010-03-04,-7.519552125781942e-05
2010-03-05,0.013603387820517957
2010-03-08,0.0012816618586397432
2010-03-09,-0.001333240531857986
2010-03-10,0.0037744937089350524
2010-03-11,0.002097009365389971
2010-03-12,0.002080672623620833
2010-03-15,-0.004190374170944379
2010-03-16,0.012408286966433646
2010-03-17,0.007253741285590516
2010-03-18,-0.0033099077460889354
2010-03-19,-0.007939961442571232
2010-03-22,0.004871589027254052
2010-03-23,0.0009702084780742352
2010-03-24,-0.007397997620832602
2010-03-25,-0.0018004435955916538
2010-03-26,0.00161945179264665
2010-03-29,0.007795115721076273
2010-03-30,0.00048250241083000163
2010-03-31,-0.0026463143140101008
2010-04-01,0.009413059716183152
2010-04-05,0.0075914062600887355
2010-04-06,0.004929930499075691
2010-04-07,-0.006454450866309629
2010-04-08,0.00017829522653964227
2010-04-09,0.007400777369604429
2010-04-12,7.075374361255934e-05
2010-04-13,0.006002762344795374
2010-04-14,0.006995725699237454
2010-04-15,-0.004383435646551437
2010-04-16,-0.014641790584938742
2010-04-19,-0.0019216918475824206
2010-04-20,0.008088098905361243
2010-04-21,0.003471599331650589
2010-04-22,0.0019204234733348454
2010-04-23,0.006216774988693208
2010-04-26,0.00020005266220308538
2010-04-27,-0.020379846993599328
2010-04-28,0.001844826864394104
2010-04-29,0.016481753031553706
2010-04-30,-0.009360730645026055
2010-05-03,0.011108342240027005
2010-05-04,-0.021244944949166858
2010-05-05,-0.011438643541284084
2010-05-06,-0.025554490276362012
2010-05-07,-0.008327286615853136
2010-05-10,0.03727845421712977
2010-05-11,-0.0027046770559330784
2010-05-12,0.009408692822597226
2010-05-13,-0.009505518678032896
2010-05-14,-0.019482431698236637
2010-05-17,-0.005472920452374434
2010-05-18,-0.01083236205961597
2010-05-19,-0.0038687352575979906
2010-05-20,-0.027044331033121857
2010-05-21,0.016866003040746355
2010-05-24,-0.011829097330760036
2010-05-25,0.000319882804362754
2010-05-26,-0.0027980081603481664
2010-05-27,0.032876188813649024
2010-05-28,-0.009737883521453113
2010-06-01,-0.012998475986719252
2010-06-02,0.015732268624274053
2010-06-03,0.0003462919747841736
2010-06-04,-0.030437441316014745
2010-06-07,-0.00486679963443151
2010-06-08,0.009897815609768731
2010-06-09,0.0003637745094792304
2010-06-10,0.024352008417902825
2010-06-11,0.0052259411491028095
2010-06-14,0.003836691523744903
2010-06-15,0.0180646870650897
2010-06-16,-0.0018181871079457046
2010-06-17,0.0024212414724088622
2010-06-18,-0.0015172344036910527
2010-06-21,-0.0030561414106474016
2010-06-22,-0.011019700123010345
2010-06-23,-0.0013435620903752051
2010-06-24,-0.010762747970766786
2010-06-25,0.010992325278002774
2010-06-28,-0.0051941232942823235
2010-06-29,-0.024274462718203167
2010-06-30,-0.004357808411311378
2010-07-01,-0.0018235998750080538
2010-07-02,-0.0060783434573476805
2010-07-06,0.0019720409309152056
2010-07-07,0.02615112087924103
2010-07-08,0.007770439022715429
2010-07-09,0.004079660932651887
2010-07-12,-0.0019383462384176876
2010-07-13,0.013840635492839684
2010-07-14,0.00014607165958909754
2010-07-15,0.0033166815858205884
2010-07-16,-0.019799656027510448
2010-07-19,0.004235819207929771
2010-07-20,0.00925557435223309
2010-07-21,-0.00964082277383224
2010-07-22,0.02153574352014842
2010-07-23,0.005378731742909877
2010-07-26,0.008240950342840982
2010-07-27,-0.002301857662079092
2010-07-28,-0.0010484533140324435
2010-07-29,0.001572908255103059
2010-07-30,0.004384330662403477
2010-08-02,0.02116840218150188
2010-08-03,-0.001569871366011393
2010-08-04,0.003815676215775646
2010-08-05,-0.0028413456672085015
2010-08-06,-0.0016125818501461974
2010-08-09,0.004220378883195094
2010-08-10,-0.005748759252575673
2010-08-11,-0.023001113241797357
2010-08-12,-0.005955092030643093
2010-08-13,-0.00061441582657473
2010-08-16,0.0021938111706295838
2010-08-17,0.01110916255774343
2010-08-18,-0.0005000248920201055
2010-08-19,-0.012944050728070535
2010-08-20,-0.005277298686142469
2010-08-23,-0.003289794299958736
2010-08-24,-0.007209706598535141
2010-08-25,0.004300137130371716
2010-08-26,0.0005730543979808132
2010-08-27,0.011430939399052415
2010-08-30,-0.006181456403923656
2010-08-31,0.0003608607101387672
2010-09-01,0.02211081686906314
2010-09-02,0.006100949273677464
2010-09-03,0.007278098810713517
2010-09-07,-0.0054986965146158195
2010-09-08,0.0032512489174717244
2010-09-09,-0.0021983786761195665
2010-09-10,0.004204520971299758
2010-09-13,0.011564467626467647
2010-09-14,0.0020717621473617365
2010-09-15,0.001542708166215186
2010-09-16,-0.003775980144179757
2010-09-17,0.0008523126229227429
2010-09-20,0.013642086151061814
2010-09-21,-0.003627667421966084
2010-09-22,-0.0024900617613137243
2010-09-23,-0.008265977868795422
2010-09-24,0.017397943212680067
2010-09-27,-0.0042280052256136475
2010-09-28,0.0033333978415159547
2010-09-29,-8.986660090426132e-05
2010-09-30,-0.0005640289769449844
2010-10-01,0.004372672005037385
2010-10-04,-0.0025138223958499294
2010-10-05,0.016970641544774626
2010-10-06,0.0019422297629589083
2010-10-07,-0.0021663886737375336
2010-10-08,0.009699843977278473
2010-10-11,-0.0008502161119199207
2010-10-12,0.001996487508720226
2010-10-13,0.006845111089225323
2010-10-14,-0.001359325717412202
2010-10-15,-0.00359434492506611
2010-10-18,0.006971831432314489
2010-10-19,-0.014713176848076952
2010-10-20,0.014696239098400381
2010-10-21,-0.0044356267042436025
2010-10-22,0.0027655923790667726
2010-10-25,0.0027036261492311992
2010-10-26,-0.0029853501450968893
2010-10-27,-0.005697017519541851
2010-10-28,0.0025503342844701883
2010-10-29,0.0005376757527092658
2010-11-01,0.0020073722225383726
2010-11-02,0.00876358346760369
2010-11-03,0.003779019660195209
2010-11-04,0.019380470805806783
2010-11-05,0.002019030135968257
2010-11-08,-0.002078987595944614
2010-11-09,-0.014600559896568704
2010-11-10,0.0067596361575874885
2010-11-11,-0.0059183154279439255
2010-11-12,-0.015927314638876734
2010-11-15,-0.004589012846467439
2010-11-16,-0.019170099236090858
2010-11-17,0.0006190310648625697
2010-11-18,0.014680688698285769
2010-11-19,-0.0008620104110713899
2010-11-22,-7.025115096628929e-05
2010-11-23,-0.010579172837565895
2010-11-24,0.011546584818285263
2010-11-26,-0.00425954684696218
2010-11-29,-0.00044456586991721125
2010-11-30,-0.005796737721745367
2010-12-01,0.014315255528473575
2010-12-02,0.010650242403968824
2010-12-03,0.0050078070761333015
2010-12-06,0.0003126381887253605
2010-12-07,-0.004003892355786007
2010-12-08,-0.001799193379303011
2010-12-09,-0.0005780495589717259
2010-12-10,0.0009136357161349563
2010-12-13,0.005245067154208236
2010-12-14,-0.004116469069266842
2010-12-15,-0.006804519669888358
2010-12-16,0.003120348073878058
2010-12-17,0.00400254154690745
2010-12-20,0.00511780354150755
2010-12-21,0.006747475797891454
2010-12-22,0.0030272993982645067
2010-12-23,-0.0012575795162706135
2010-12-27,0.0025472376366340722
2010-12-28,0.0012928518806394006
2010-12-29,0.004597678234654799
2010-12-30,-0.0035594632648922103
2010-12-31,0.00563092076810315
2011-01-03,0.0076976788993279276
2011-01-04,-0.006759514065272298
2011-01-05,0.0008889640429666813
2011-01-06,-0.006214125785169866
2011-01-07,-0.0005188322013005983
2011-01-10,0.002408124331049746
2011-01-11,0.0031017596833546614
2011-01-12,0.007763161971477054
2011-01-13,0.001938090338547229
2011-01-14,0.0043926929548083055
2011-01-18,0.002672978138250244
2011-01-19,-0.005665503129307225
2011-01-20,-0.005501775636705914
2011-01-21,0.004380473837872514
2011-01-24,0.002577515686569701
2011-01-25,0.0005124953153240576
2011-01-26,0.005595943674517079
2011-01-27,0.003134513177344276
2011-01-28,-0.007821501973970371
2011-01-31,0.008238008941210812
2011-02-01,0.008958839638805997
2011-02-02,0.0009283009506527922
2011-02-03,-0.0014075046015660554
2011-02-04,-0.0032979931048862272
2011-02-07,0.003193271432780854
2011-02-08,0.0030465639943344997
2011-02-09,0.001211256743153668
2011-02-10,-0.002220677564224168
2011-02-11,0.0028394924842581066
2011-02-14,0.0019548027072557378
2011-02-15,-0.004086651652379707
2011-02-16,0.0053039496852718545
2011-02-17,0.002860989641525409
2011-02-18,0.0016379630232032844
2011-02-22,-0.009797184923802202
2011-02-23,0.0013115213629391815
2011-02-24,-0.002749312372170001
2011-02-25,0.013484163794776013
2011-02-28,0.008249164548390798
2011-03-01,-0.008820587267481118
2011-03-02,-0.000602544376472509
2011-03-03,0.0074443110567551166
2011-03-04,-0.0028162969746209033
2011-03-07,-0.006347226237277844
2011-03-08,0.0029967628606665502
2011-03-09,0.001544020087578096
2011-03-10,-0.013303805816963232
2011-03-11,0.0018049881773198311
2011-03-14,-0.005769997735226499
2011-03-15,-0.013893094802887276
2011-03-16,-0.010010640746616607
2011-03-17,0.016434000778307263
2011-03-18,0.006550715833767661
2011-03-21,0.01009271747786152
2011-03-22,-0.0009613375039892835
2011-03-23,-0.0012304708588738106
2011-03-24,0.0050616734009703455
2011-03-25,-3.800078556806985e-05
2011-03-28,-0.0034730282060780487
2011-03-29,0.003754841180324938
2011-03-30,0.007080544174912188
2011-03-31,0.0030079373153552172
2011-04-01,0.004863257020643963
2011-04-04,0.0025654173618398462
2011-04-05,-0.0011270847069761271
2011-04-06,0.0021015993238308337
2011-04-07,-0.0032999919003619325
2011-04-08,0.003659032988164618
2011-04-11,-0.004300900306097164
2011-04-12,-0.0066710147575609145
2011-04-13,0.0026241754528726845
2011-04-14,0.0037953912122070345
2011-04-15,0.005509086002167899
2011-04-18,-0.008857424039111049
2011-04-19,0.004519578474861518
2011-04-20,0.012519843580676421
2011-04-21,0.005277470275182781
2011-04-25,0.0012691024557020363
2011-04-26,0.005809892088097351
2011-04-27,0.005899960229477416
2011-04-28,0.0039953936315036765
2011-04-29,0.0008648932132792743
2011-05-02,-0.0007894888239688763
2011-05-03,-0.0056186065582436145
2011-05-04,-0.006866457937372585
2011-05-05,-0.018436251133383406
2011-05-06,-0.0012787063292913512
2011-05-09,0.010825018092450272
2011-05-10,0.007620297441890477
2011-05-11,-0.01396012304974452
2011-05-12,0.0017124711890126481
2011-05-13,-0.005666219570387179
2011-05-16,-0.003467503936625778
2011-05-17,0.0014129898611478626
2011-05-18,0.0078347876302302
2011-05-19,0.001119508457571468
2011-05-20,-0.004540465915722551
2011-05-23,-0.011892422331331375
2011-05-24,0.004500417149038084
2011-05-25,0.00651540129051746
2011-05-26,0.007319120091320722
2011-05-27,0.0044811984134253986
2011-05-31,0.010842948823978743
2011-06-01,-0.01586382491568502
2011-06-02,-9.513801204167087e-05
2011-06-03,0.0005161563349337876
2011-06-06,-0.010079358921042423
2011-06-07,0.006067448262901377
2011-06-08,-0.0018922768962773924
2011-06-09,0.00175086031834741
2011-06-10,-0.013906864014334386
2011-06-13,-0.0004672469831054006
2011-06-14,0.008859335281918578
2011-06-15,-0.016567795355647202
2011-06-16,0.0010719245665108278
2011-06-17,0.0034559595787756157
2011-06-20,0.0018166521385404762
2011-06-21,0.008497736766402177
2011-06-22,-0.0029315389519562994
2011-06-23,-0.009521691478131755
2011-06-24,-0.005742221799123541
2011-06-27,0.003440893167264731
2011-06-28,0.008352544521556838
2011-06-29,0.009707898985911873
2011-06-30,0.002532879692314266
2011-07-01,0.008352536453906389
2011-07-05,0.004126991681944424
2011-07-06,0.0007647091633371378
2011-07-07,0.009758977681183976
2011-07-08,-0.0022128471110558754
2011-07-11,-0.01317702467110593
2011-07-12,0.000511349090662853
2011-07-13,0.004741380688813764
2011-07-14,-0.007236048205346419
2011-07-15,0.00667069039577931
2011-07-18,-0.007234893082567229
2011-07-19,0.011611870466993177
2011-07-20,0.0033734307362639176
2011-07-21,0.006513812426345382
2011-07-22,0.003721089116659166
2011-07-25,-0.0058551625192991485
2011-07-26,0.003316835270658952
2011-07-27,-0.016266641247968765
2011-07-28,-0.0011241130634916717
2011-07-29,-4.29351821838982e-05
2011-08-01,-0.005607938883174006
2011-08-02,-0.014979288276983237
2011-08-03,-0.0022182690222477815
2011-08-04,-0.03816389741612625
2011-08-05,-0.0032203303240573664
2011-08-08,-0.04989234104000556
2011-08-09,0.04402184459506099
2011-08-10,-0.022074665489690136
2011-08-11,0.030222804296680165
2011-08-12,0.0047310841972176745
2011-08-15,0.01785492606487799
2011-08-16,-0.004308759156188129
2011-08-17,0.004990203740984274
2011-08-18,-0.0311966028376939
2011-08-19,-0.006772099612930657
2011-08-22,0.0018043241560976551
2011-08-23,0.019215793922480632
2011-08-24,0.0013527476801806714
2011-08-25,-0.009487737168485902
2011-08-26,0.011405230206615716
2011-08-29,0.01666805142812869
2011-08-30,0.003996068206790118
2011-08-31,0.006392720908504685
2011-09-01,-0.00724760454401388
2011-09-02,-0.013555358677320929
2011-09-06,-0.009170023780150511
2011-09-07,0.01982753221458772
2011-09-08,-0.007941049610280231
2011-09-09,-0.020657104041993064
2011-09-12,4.967805871056857e-05
2011-09-13,0.0032427246194707453
2011-09-14,0.006226840073982979
2011-09-15,0.010415248742756407
2011-09-16,0.002704883277021179
2011-09-19,-0.013586524248616325
2011-09-20,0.00038781082429005694
2011-09-21,-0.02450045346813057
2011-09-22,-0.023038698502651722
2011-09-23,-0.0002494847968093428
2011-09-26,0.01148778092252933
2011-09-27,0.011237333131442253
2011-09-28,-0.01791017532056715
2011-09-29,0.010985967028080326
2011-09-30,-0.022790587822896034
2011-10-03,-0.019563221425638537
2011-10-04,0.014332747655304002
2011-10-05,0.0070694591023279935
2011-10-06,0.017239620687365703
2011-10-07,-0.010203309902368469
2011-10-10,0.026590650369580898
2011-10-11,-0.001943674094716812
2011-10-12,0.0076242552109735216
2011-10-13,-0.00037544651739833575
2011-10-14,0.013920343869937873
2011-10-17,-0.014324818910008284
2011-10-18,0.01471302093260819
2011-10-19,-0.011879014322553859
2011-10-20,0.001821372348323651
2011-10-21,0.0158853127706362
2011-10-24,0.013482599625433883
2011-10-25,-0.008242715952361791
2011-10-26,0.0036074252234804243
2011-10-27,0.030302481872482072
2011-10-28,-0.00042548387407514206
2011-10-31,-0.017931966124032264
2011-11-01,-0.018238913862153157
2011-11-02,0.009567858898893928
2011-11-03,0.012952629092721494
2011-11-04,-0.004115388189353794
2011-11-07,0.005284358271585871
2011-11-08,0.007662256146413002
2011-11-09,-0.02951061473144619
2011-11-10,0.0030382457928771938
2011-11-11,0.015119978280082231
2011-11-14,-0.01004224454352454
2011-11-15,0.003111127016831379
2011-11-16,-0.008687390304049523
2011-11-17,-0.01326383789659104
2011-11-18,0.0007193296072775571
2011-11-21,-0.014849647471708114
2011-11-22,-0.0003572182863450003
2011-11-23,-0.01828556875808676
2011-11-25,-0.003434672331984096
2011-11-28,0.021334103548378117
2011-11-29,0.003798939444132357
2011-11-30,0.028848288075660977
2011-12-01,-0.004175163786330737
2011-12-02,0.002265774235108383
2011-12-05,0.00499262524560727
2011-12-06,-0.0006266002722044484
2011-12-07,0.0035274422176156672
2011-12-08,-0.017048915617772328
2011-12-09,0.012090131701590262
2011-12-12,-0.014198516037456794
2011-12-13,-0.0051553020002490105
2011-12-14,-0.009640123311831129
2011-12-15,0.00390775325767851
2011-12-16,0.004279996092328519
2011-12-19,-0.0059570622678084325
2011-12-20,0.021914053678814265
2011-12-21,3.834469543118383e-05
2011-12-22,0.006924515912076101
2011-12-23,0.004189062729938188
2011-12-27,0.0011656494263389485
2011-12-28,-0.009733336376314948
2011-12-29,0.00835007061605351
2011-12-30,-0.00045804562314328835
2012-01-03,0.015010038457585593
2012-01-04,-0.003404285182194211
2012-01-05,-0.0032496483274138056
2012-01-06,-0.0022497850456853477
2012-01-09,0.0008253263076162677
2012-01-10,0.00804865615669843
2012-01-11,0.0014666318541811736
2012-01-12,-0.0033828780153994566
2012-01-13,-0.002285417294253329
2012-01-17,0.006388067686602541
2012-01-18,0.006395451539774897
2012-01-19,0.003970260923799171
2012-01-20,0.0008933683605850677
2012-01-23,0.003113341135737586
2012-01-24,0.0007849850131385946
2012-01-25,0.008947548688870866
2012-01-26,0.0020978607894221084
2012-01-27,0.0016403716472543559
2012-01-30,-0.005894963296121064
2012-01-31,0.0022077643524553723
2012-02-01,0.0068200274113684786
2012-02-02,0.0019679866238360173
2012-02-03,0.009478008413752678
2012-02-06,-0.0001878464262044361
2012-02-07,-0.00020298558008135137
2012-02-08,0.00265779125494381
2012-02-09,-9.780667556521681e-05
2012-02-10,-0.007879496126634066
2012-02-13,0.006171799933285276
2012-02-14,-0.003430737992697463
2012-02-15,-0.0010410098095127796
2012-02-16,0.007086590892115108
2012-02-17,0.0010194157830267826
2012-02-21,-0.000586990122202665
2012-02-22,-0.0002923272891417305
2012-02-23,0.005933361440097513
2012-02-24,0.003278334626194871
2012-02-27,-0.0019332839577102814
2012-02-28,0.0013028462682284313
2012-02-29,-0.005743524007981044
2012-03-01,0.00700105798093895
2012-03-02,-0.003965339753536674
2012-03-05,-0.0012038005249251952
2012-03-06,-0.014418267218231706
2012-03-07,0.005459019423328174
2012-03-08,0.006302251594516228
2012-03-09,0.0014916648516551014
2012-03-12,0.0006431860357306481
2012-03-13,0.010327824098927196
2012-03-14,-0.006186094583524845
2012-03-15,0.0028531663213048047
2012-03-16,0.0052101467384470836
2012-03-19,0.0016572629295357143
2012-03-20,-0.005569776556379158
2012-03-21,-0.0013796501462578598
2012-03-22,-0.00689023405467101
2012-03-23,0.005971617340677905
2012-03-26,0.008359323494052131
2012-03-27,-0.0015652916394531598
2012-03-28,-0.004951472555131328
2012-03-29,-0.0034508555350488347
2012-03-30,0.005534021846300167
2012-04-02,0.008287846858979023
2012-04-03,-0.007457781937097146
2012-04-04,-0.01074194277204602
2012-04-05,-0.00039425132626259895
2012-04-09,-0.0040926181222247626
2012-04-10,-0.01367634891565354
2012-04-11,0.006697232696467871
2012-04-12,0.011247428580616219
2012-04-13,-0.007870369947155714
2012-04-16,0.0020085006785351663
2012-04-17,0.008570780215022712
2012-04-18,-0.004587944206788045
2012-04-19,-0.002187176526464052
2012-04-20,0.0055054753571695085
2012-04-23,-0.007703226877793207
2012-04-24,0.004851904596529694
2012-04-25,0.008660918467234602
2012-04-26,0.004184587314303637
2012-04-27,0.003372944687714185
2012-04-30,-0.0014578240145919695
2012-05-01,0.003868661976257309
2012-05-02,-0.004672183607354458
2012-05-03,-0.0062048500380138686
2012-05-04,-0.010796662158042755
2012-05-07,0.002517296605021364
2012-05-08,-0.004531432465083928
2012-05-09,-0.005500688235372508
2012-05-10,0.00130376683896549
2012-05-11,-0.002239057498181169
2012-05-14,-0.010322652357301957
2012-05-15,-0.004276436622886375
2012-05-16,-0.005007871458870685
2012-05-17,-0.010960612393626612
2012-05-18,-0.005849334447112092
2012-05-21,0.014328658535395592
2012-05-22,-0.00328993292242906
2012-05-23,-0.0029199903372545896
2012-05-24,-0.00038246349896271445
2012-05-25,-0.0008746710436601755
2012-05-29,0.006781118433267828
2012-05-30,-0.014198605090134023
2012-05-31,0.0009612482523000751
2012-06-01,-0.01743722104860433
2012-06-04,0.00018547862578961825
2012-06-05,0.005711372627192617
2012-06-06,0.016890670977798616
2012-06-07,-0.0018477297445033507
2012-06-08,0.004583628595519133
2012-06-11,-0.012049538089204294
2012-06-12,0.007421379113337316
2012-06-13,-0.004372803659727913
2012-06-14,0.008336558422863904
2012-06-15,0.006702935967450019
2012-06-18,0.0015963042043847112
2012-06-19,0.00706327904510999
2012-06-20,-0.00294595619840822
2012-06-21,-0.016850750048067697
2012-06-22,0.0043962761982728514
2012-06-25,-0.0055679036435840636
2012-06-26,0.00391970998781895
2012-06-27,0.005894047737590042
2012-06-28,0.0005224766777009952
2012-06-29,0.025023019504991563
2012-07-02,0.004662193400715057
2012-07-03,0.009422882591447267
2012-07-05,-0.0041546849647330015
2012-07-06,-0.007210198744372172
2012-07-09,0.003609289017336514
2012-07-10,-0.007696312975623021
2012-07-11,0.0028968740681455446
2012-07-12,-0.001432890338022223
2012-07-13,0.01090822483117281
2012-07-16,0.0027864730779611577
2012-07-17,0.003561831493329827
2012-07-18,0.003854025900474987
2012-07-19,0.0023970359282914563
2012-07-20,-0.006799383631560124
2012-07-23,-0.011434533802216026
2012-07-24,-0.005345149249105953
2012-07-25,0.002603475549412246
2012-07-26,0.010907482847189181
2012-07-27,0.01041479262250227
2012-07-30,0.0025064341956143343
2012-07-31,-0.004976405982461145
2012-08-01,-0.0015185095408689203
2012-08-02,-0.004819460903150074
2012-08-03,0.014660400476636994
2012-08-06,0.0028909074713082783
2012-08-07,0.0007867930174040262
2012-08-08,-0.0009314495594310711
2012-08-09,0.0011445957193385579
2012-08-10,0.0004737836027282642
2012-08-13,-0.0029146982175107155
2012-08-14,-0.0006973741213439377
2012-08-15,0.0012763796766996165
2012-08-16,0.005769203819640886
2012-08-17,0.0011251350442190301
2012-08-20,0.0002446997231159815
2012-08-21,0.0029697274870642398
2012-08-22,0.0023402965220540514
2012-08-23,-0.003997547388270123
2012-08-24,0.0005854516015416874
2012-08-27,0.00036783822440030335
2012-08-28,0.0005198367892185901
2012-08-29,-0.000296504202974827
2012-08-30,-0.004284091473440709
2012-08-31,0.006756625614926292
2012-09-04,-0.0001611218479824069
2012-09-05,-0.0021185292434027
2012-09-06,0.009348847121811936
2012-09-07,0.006459280769012305
2012-09-10,-0.003912581066735374
2012-09-11,0.003465267062964011
2012-09-12,0.0024422384014382635
2012-09-13,0.010513515441461455
2012-09-14,0.004200260581554059
2012-09-17,-0.007435198622333587
2012-09-18,-0.0038406238200026466
2012-09-19,-0.0026368959258975086
2012-09-20,-0.0029696393451188715
2012-09-21,0.0018280504613005456
2012-09-24,-0.00338849905007504
2012-09-25,-0.005520985011525268
2012-09-26,-0.0037373775869994344
2012-09-27,0.0072010896842648045
2012-09-28,-0.004016563888186332
2012-10-01,0.0013229416013376166
2012-10-02,0.001346956975786287
2012-10-03,-0.0028451600197750048
2012-10-04,0.007340820771226923
2012-10-05,-0.001425156957873893
2012-10-08,-0.0022060406317474723
2012-10-09,-0.0045556939770132025
2012-10-10,-0.0009046208442876451
2012-10-11,0.0037444532275180916
2012-10-12,-0.0043366890810618425
2012-10-15,0.004021165457785518
2012-10-16,0.005753739524020852
2012-10-17,0.0010288492960646984
2012-10-18,0.0003448428513853257
2012-10-19,-0.009879865877726362
2012-10-22,-0.001173764286735825
2012-10-23,-0.010583722925595004
2012-10-24,-0.0016113867741046118
2012-10-25,0.0010169519658954594
2012-10-26,-0.0004444304094932198
2012-10-31,0.0024709651021488036
2012-11-01,0.005369314843561181
2012-11-02,-0.005602321266344871
2012-11-05,0.0007838916316800014
2012-11-06,0.006996214355934142
2012-11-07,-0.010500895398789921
2012-11-08,-0.005410028115915469
2012-11-09,0.0013448415386004744
2012-11-12,-0.0012756184169203813
2012-11-13,-0.0019570203512928163
2012-11-14,-0.007884440947609168
2012-11-15,-0.001500641240133065
2012-11-16,0.0031008668493252814
2012-11-19,0.014215999414410142
2012-11-20,-0.0003116109810398747
2012-11-21,0.0009316582935681058
2012-11-23,0.00911024106955369
2012-11-26,-0.00044372652296533876
2012-11-27,-0.0029561598163586147
2012-11-28,0.0024338972947709897
2012-11-29,0.005322196801384868
2012-11-30,0.0008083163828974919
2012-12-03,0.0005085361077975573
2012-12-04,-0.000890509160744742
2012-12-05,-2.537426229684179e-05
2012-12-06,0.0012512753013094614
2012-12-07,0.0006317645238238348
2012-12-10,-3.830212304373003e-05
2012-12-11,0.002253655597342196
2012-12-12,0.00028801893337325815
2012-12-13,-0.005565292391468758
2012-12-14,0.0016260704884380947
2012-12-17,0.003019477624729464
2012-12-18,0.006091875380996452
2012-12-19,-4.2110019911512694e-05
2012-12-20,0.004312936738500138
2012-12-21,-0.003181473925036526
2012-12-24,-0.0017401268062295183
2012-12-26,0.0006275878592862084
2012-12-27,0.001800552818915003
2012-12-28,-0.0057116814056779805
2012-12-31,0.008585138766392117
2013-01-02,0.010517280527012143
2013-01-03,-0.005100008186834512
2013-01-04,0.0020490992407454847
2013-01-07,-0.0004900959272234858
2013-01-08,-0.0010879537185746993
2013-01-09,0.0019176366401709008
2013-01-10,0.004493303263648137
2013-01-11,5.5760082985744654e-05
2013-01-14,0.0018998614443410757
2013-01-15,0.0004072201256268891
2013-01-16,-0.000748838495357238
2013-01-17,0.003492984904452742
2013-01-18,0.002950847272146569
2013-01-22,0.0029525969465988597
2013-01-23,0.00036504008714523413
2013-01-24,0.0009489602606430104
2013-01-25,0.002659337712025145
2013-01-28,-0.0011831671200387148
2013-01-29,0.0035688449837912
2013-01-30,-0.00010667870602646431
2013-01-31,-0.002329082248672434
2013-02-01,0.004914131089097789
2013-02-04,-0.005874110760435958
2013-02-05,0.002533513190284359
2013-02-06,0.0011435749445390824
2013-02-07,-0.0034247987535620666
2013-02-08,0.0051573435442802875
2013-02-11,-0.0008593122673194482
2013-02-12,0.0029708627924139
2013-02-13,-9.299068394224598e-05
2013-02-14,-0.0011613747429080556
2013-02-15,-0.0016859266935676993
2013-02-19,0.004348461911828137
2013-02-20,-0.007574647989326008
2013-02-21,-0.007616765436205779
2013-02-22,0.007075846029600239
2013-02-25,-0.011754219438681825
2013-02-26,0.0036228008565934557
2013-02-27,0.005185256013880026
2013-02-28,-0.001404344575991167
2013-03-01,1.2642011872540486e-05
2013-03-04,0.002218835298505439
2013-03-05,0.007009412273728841
2013-03-06,-0.001555489435919289
2013-03-07,0.0005663965020359703
2013-03-08,0.0012155185007459229
2013-03-11,0.0017802726337296498
2013-03-12,-0.0012081351831003395
2013-03-13,-0.0010119597418735058
2013-03-14,0.0058136572969107615
2013-03-15,0.0017326576476987439
2013-03-18,-0.0049187717551765105
2013-03-19,-0.002893780784026819
2013-03-20,0.003884867635089473
2013-03-21,-0.004484600422101874
2013-03-22,0.0048336601239108165
2013-03-25,-0.0030003545805518325
2013-03-26,0.0066325433057967875
2013-03-27,0.001275813786097747
2013-03-28,-1.2633930394410453e-05
2013-04-01,-0.0023485305712205415
2013-04-02,0.0023955770065119345
2013-04-03,-0.00626862858160888
2013-04-04,0.0064129239466745504
2013-04-05,-0.00022147592471150578
2013-04-08,0.0036968514430725198
2013-04-09,0.002780639301260648
2013-04-10,0.005369207773949506
2013-04-11,0.0027943378297072045
2013-04-12,-0.001858345450464764
2013-04-15,-0.018268836561659906
2013-04-16,0.01063460236947102
2013-04-17,-0.011783546914172584
2013-04-18,5.8117734673170714e-05
2013-04-19,0.005842216619013465
2013-04-22,0.002197061328750004
2013-04-23,0.004625919393232256
2013-04-24,0.004557509239516612
2013-04-25,0.003591650477587719
2013-04-26,-0.001262750852392341
2013-04-29,0.008206129915126294
2013-04-30,0.0015253890644399508
2013-05-01,-0.0074543171454304995
2013-05-02,0.0063412089325220085
2013-05-03,0.00588760017167687
2013-05-06,0.0012555213970545918
2013-05-07,0.0014800211817451187
2013-05-08,0.004275782242344097
2013-05-09,-0.00391651918530737
2013-05-10,-0.0004168605107626761
2013-05-13,-0.0002570507876985149
2013-05-14,0.0016929114617529805
2013-05-15,0.003987321020127518
2013-05-16,-0.002615255970758133
2013-05-17,0.0043411473884904595
2013-05-20,0.0027139342825723604
2013-05-21,0.0012159618643736024
2013-05-22,-0.01086830256468078
2013-05-23,-0.006025394583680422
2013-05-24,-0.003099298545065451
2013-05-28,-0.0005057894499629189
2013-05-29,-0.007939326953973801
2013-05-30,-0.0003335022926908483
2013-05-31,-0.012351683719330242
2013-06-03,0.005764254696762986
2013-06-04,-0.0027470434178741934
2013-06-05,-0.00887455274297656
2013-06-06,0.007152385981909321
2013-06-07,0.004166531312140721
2013-06-10,-0.002775190960978866
2013-06-11,-0.008743681186971022
2013-06-12,-0.0052538195998235995
2013-06-13,0.014130120115477929
2013-06-14,-0.0015938365860195698
2013-06-17,0.0049787262508614
2013-06-18,0.004286106763260669
2013-06-19,-0.015084098486888319
2013-06-20,-0.02803708965670277
2013-06-21,0.0006349137088602751
2013-06-24,-0.007918770855915889
2013-06-25,0.007744678369155654
2013-06-26,0.006047481313000981
2013-06-27,0.008191006933712407
2013-06-28,-0.003703417025708212
2013-07-01,0.003977270100086215
2013-07-02,0.002739921206831178
2013-07-03,0.0002671100744237767
2013-07-05,-0.0017020628985320355
2013-07-08,0.0047808768760444174
2013-07-09,0.006965665457989656
2013-07-10,0.0006512349400435596
2013-07-11,0.01572840053266539
2013-07-12,-0.001855600001679736
2013-07-15,0.0029374144173127366
2013-07-16,-0.00041264614667699387
2013-07-17,0.002568431841465938
2013-07-18,0.004025587927315236
2013-07-19,0.001303254176811875
2013-07-22,0.0019468639702668023
2013-07-23,-0.00014431708026935923
2013-07-24,-0.007817589842839801
2013-07-25,0.0012624484635085768
2013-07-26,-0.0019117368066020562
2013-07-29,-0.00449887502394046
2013-07-30,-0.001379675841596457
2013-07-31,-0.001105041506429771
2013-08-01,0.002933735576555457
2013-08-02,0.0019252223934555467
2013-08-05,-0.0024905156828905865
2013-08-06,-0.0036997106034495804
2013-08-07,-0.002653061948660468
2013-08-08,0.003937985884269346
2013-08-09,0.0030845807255506473
2013-08-12,-0.00018854307967382895
2013-08-13,-0.002747676041507667
2013-08-14,9.316754775765112e-05
2013-08-15,-0.007345342511778953
2013-08-16,-0.005919376605285711
2013-08-19,-0.006429820481159666
2013-08-20,0.00594741164227687
2013-08-21,-0.00552420064895323
2013-08-22,0.0049725060166551215
2013-08-23,0.007219910384772314
2013-08-26,-0.0012576733692776587
2013-08-27,-0.004527238823034556
2013-08-28,-0.0012557862075738154
2013-08-29,-0.001579334843768911
2013-08-30,-0.005770685565337389
2013-09-03,0.002936146002889604
2013-09-04,0.0027823017370082314
2013-09-05,-0.0039956588356911595
2013-09-06,0.006628866014769152
2013-09-09,0.00795341056694631
2013-09-10,0.0008474226202097654
2013-09-11,0.004254894134443831
2013-09-12,-0.0019538133647331174
2013-09-13,0.0016394529098411083
2013-09-16,0.002644599405105463
2013-09-17,-0.0007750385890859194
2013-09-18,0.021255187042779237
2013-09-19,-0.0029128062061243316
2013-09-20,-0.0077502714749320125
2013-09-23,-0.0030706024600066105
2013-09-24,-0.0016506784746843177
2013-09-25,0.0011670693580615999
2013-09-26,0.003955663884337109
2013-09-27,-0.003191060218387643
2013-09-30,-0.005134041581971826
2013-10-01,0.0037788002714036176
2013-10-02,0.002336887253574595
2013-10-03,-0.006672716682687384
2013-10-04,0.001668365974933807
2013-10-07,-0.001316444044668645
2013-10-08,-0.005467663808030541
2013-10-09,-0.000771895611892834
2013-10-10,0.01508968393729076
2013-10-11,0.00357971754478983
2013-10-14,0.0008636977619107611
2013-10-15,-0.0037953759845830953
2013-10-16,0.010543119088821957
2013-10-17,0.00709181521256037
2013-10-18,0.0035081985864879772
2013-10-21,-0.0014814395829137535
2013-10-22,0.006159224192148977
2013-10-23,-0.005247852795603834
2013-10-24,0.0016713330590701285
2013-10-25,0.0037605493711293765
2013-10-28,-0.0008677580603765198
2013-10-29,5.6206281167963746e-05
2013-10-30,-0.003306588372907382
2013-10-31,-0.004790201727218744
2013-11-01,-0.0030543339179379386
2013-11-04,0.0015837017371166883
2013-11-05,-0.007085917979366335
2013-11-06,0.0032414263512036984
2013-11-07,-0.009066596324675194
2013-11-08,1.828160319855294e-05
2013-11-11,0.001447003208557878
2013-11-12,-0.003495200263814735
2013-11-13,0.005272943592322582
2013-11-14,0.005159012893229613
2013-11-15,0.002753727056842368
2013-11-18,-0.0025740926736496188
2013-11-19,-0.0034102636753375786
2013-11-20,-0.005389047673356785
2013-11-21,0.0071325144887804896
2013-11-22,0.0019959826521908286
2013-11-25,-0.0018145227629165974
2013-11-26,-0.00028682197988615685
2013-11-27,0.0022307824918298544
2013-11-29,-0.0017710371502092123
2013-12-02,-0.004251804592293577
2013-12-03,-0.0011320551150894708
2013-12-04,-0.0008646712315125669
2013-12-05,-0.002044414931300817
2013-12-06,0.007028441498384263
2013-12-09,0.0008054578394837542
2013-12-10,-0.00010724952364910706
2013-12-11,-0.009481734779502704
2013-12-12,-0.005672476823639722
2013-12-13,-0.00013504935547101844
2013-12-16,0.0038958034046303446
2013-12-17,-0.00088253484003133
2013-12-18,0.00974411208411114
2013-12-19,-0.003351661735796884
2013-12-20,0.0057296017726779225
2013-12-23,0.0028829618428624147
2013-12-24,0.0008572458057014242
2013-12-26,0.0024836265823671
2013-12-27,0.0019927873564781645
2013-12-30,0.0002715280995063034
2013-12-31,-0.0005954800396126481
2014-01-02,-0.007541498785111467
2014-01-03,-8.99706003394274e-05
2014-01-06,0.0009966455490645417
2014-01-07,0.003401655431178298
2014-01-08,-0.003884359155127159
2014-01-09,-0.00110526900969391
2014-01-10,0.008092963151500227
2014-01-13,-0.005237283641799271
2014-01-14,0.004481732881529385
2014-01-15,0.0038122405174092584
2014-01-16,0.00025061286705777865
2014-01-17,-0.0018922220435144059
2014-01-21,0.0036186134741113445
2014-01-22,0.0014020241258872173
2014-01-23,-0.0022658266381464583
2014-01-24,-0.011403080947536613
2014-01-27,-0.005411926786545906
2014-01-28,0.005859492236609235
2014-01-29,-0.004464389182489401
2014-01-30,0.005177879026654266
2014-01-31,-0.0029345614654774227
2014-02-03,-0.010681591806052881
2014-02-04,0.007048268053835287
2014-02-05,-0.0005754634985635039
2014-02-06,0.0080679251474321
2014-02-07,0.009434593359965958
2014-02-10,0.0005708768825689998
2014-02-11,0.0062854353575684885
2014-02-12,0.0004703122434723656
2014-02-13,0.004453604259133969
2014-02-14,0.00320425375467244
2014-02-18,0.00629029986024314
2014-02-19,-0.0026385634028614977
2014-02-20,0.0016058601614767183
2014-02-21,0.0003750482849826419
2014-02-24,0.003972727573045739
2014-02-25,-0.00011741146064582459
2014-02-26,-0.00016222197838233244
2014-02-27,0.0008184858901703165
2014-02-28,0.003213382320990597
2014-03-03,-0.0017875032747820027
2014-03-04,0.007361782805222589
2014-03-05,-0.00169710181342792
2014-03-06,0.0018384294386878523
2014-03-07,-0.004940395893438421
2014-03-10,-0.0038542858890718316
2014-03-11,-0.0009157321344159861
2014-03-12,0.00015848774422738427
2014-03-13,-0.006633066094902553
2014-03-14,0.0006250355026361135
2014-03-17,0.0017121697656420428
2014-03-18,0.004765921955707585
2014-03-19,-0.0092069050754006
2014-03-20,-0.00013520115304619046
2014-03-21,0.0012011441596856494
2014-03-24,-0.001605682047704532
2014-03-25,0.006148779279065528
2014-03-26,-0.0030142355831477203
2014-03-27,0.0038212940409397345
2014-03-28,0.003069429465152679
2014-03-31,0.004210808384803229
2014-04-01,0.0006382595956239223
2014-04-02,-0.0001125370966785765
2014-04-03,0.0005212233896308404
2014-04-04,-0.00015122754124841618
2014-04-07,-0.0025054429494975284
2014-04-08,0.004517398837134766
2014-04-09,0.004686965097483545
2014-04-10,-0.00872436055174228
2014-04-11,-0.004715914856328295
2014-04-14,0.0054285009522629536
2014-04-15,0.0032884170892472663
2014-04-16,0.005911633710693662
2014-04-17,-0.000523969647288368
2014-04-21,0.0013896353589439394
2014-04-22,0.002026267513726828
2014-04-23,-0.0013818131649011613
2014-04-24,0.0023593127927247614
2014-04-25,-0.00393935703002358
2014-04-28,0.00183750300113089
2014-04-29,0.0030770572934385406
2014-04-30,0.0015794544845365538
2014-05-01,0.00048631376954818444
2014-05-02,0.0001678395287954197
2014-05-05,8.264026733884348e-05
2014-05-06,-0.0024146608931105906
2014-05-07,0.004506513526021964
2014-05-08,-0.0001168231337847791
2014-05-09,-0.0010056857345259007
2014-05-12,0.003818232603279453
2014-05-13,0.0008765945094903787
2014-05-14,0.0005796714488386396
2014-05-15,-0.003238009346838115
2014-05-16,0.002773815382498037
2014-05-19,-0.0008743648339646122
2014-05-20,-0.002178102184000939
2014-05-21,0.001996196018868501
2014-05-22,0.0003381246085701543
2014-05-23,0.0039584561658126075
2014-05-27,0.0024739748334885302
2014-05-28,-0.0008966095467850795
2014-05-29,0.0024820044149500326
2014-05-30,-0.00041627237219894883
2014-06-02,0.00010165803669530589
2014-06-03,-0.0018586785266696416
2014-06-04,5.590740428563113e-05
2014-06-05,0.00688578643822118
2014-06-06,0.00190581672114757
2014-06-09,-0.0018556101255562808
2014-06-10,-0.0027806301888375308
2014-06-11,-0.002492634776499661
2014-06-12,0.0017438044852218254
2014-06-13,0.0008791627309784897
2014-06-16,-0.0001928539251563931
2014-06-17,0.00031679825720890443
2014-06-18,0.006477010770296307
2014-06-19,0.004411672726872802
2014-06-20,0.001362909131124504
2014-06-23,-0.0022955323074133637
2014-06-24,-0.001194898524581802
2014-06-25,0.0009304923645617753
2014-06-26,-0.0004795586025607482
2014-06-27,0.0016688213474513663
2014-06-30,-0.0014478125723032427
2014-07-01,0.002901449332112939
2014-07-02,-0.0011495306620506825
2014-07-03,-0.0005459253997395638
2014-07-07,-0.002772339046295332
2014-07-08,-0.00241530735343943
2014-07-09,0.0005219678921477005
2014-07-10,-0.0013293149376397036
2014-07-11,-0.0010241303791434161
2014-07-14,0.0038062922515892422
2014-07-15,-0.002775672307833254
2014-07-16,0.0032163240066974018
2014-07-17,-0.004231414111955514
2014-07-18,0.0038622032823636787
2014-07-21,-0.0008447385844885453
2014-07-22,0.0017827778845483035
2014-07-23,0.0017519874453874795
2014-07-24,-0.0008216561384277055
2014-07-25,-0.0015851074761982118
2014-07-28,0.0008822622327750377
2014-07-29,-0.002589058736111913
2014-07-30,-0.002949319539779981
2014-07-31,-0.011347991641315627
2014-08-01,-0.0028812539524804585
2014-08-04,0.005402017037614863
2014-08-05,-0.007401091389513477
2014-08-06,0.0009460905350708914
2014-08-07,-0.0012898155692852072
2014-08-08,0.00354599604780032
2014-08-11,0.0028208038038314647
2014-08-12,-0.002302065501137047
2014-08-13,0.005876879726219697
2014-08-14,-0.0001165360588439643
2014-08-15,0.0011548186097660122
2014-08-18,0.002620527516777017
2014-08-19,0.0021350202339710514
2014-08-20,0.0007868219880077429
2014-08-21,0.0020220452641585935
2014-08-22,-0.003173642493487058
2014-08-25,0.002342257859804605
2014-08-26,0.0005947317426685922
2014-08-27,0.0013160673236842335
2014-08-28,-0.0005979351188620008
2014-08-29,0.0019670182273307225
2014-09-02,-0.003844877736980647
2014-09-03,0.0029189403942252922
2014-09-04,-0.00350627886941489
2014-09-05,0.0027908720087787375
2014-09-08,-0.004022009720179895
2014-09-09,-0.005165916157190208
2014-09-10,-0.003157703968454599
2014-09-11,-0.001966687178552244
2014-09-12,-0.009932138714377156
2014-09-15,-0.0009256971483041292
2014-09-16,0.0061086391579520906
2014-09-17,-0.002542270702655537
2014-09-18,-0.0011969410524633652
2014-09-19,-0.0004577700046077926
2014-09-22,-0.005263053317939738
2014-09-23,-0.003844954034784638
2014-09-24,0.002335835872265046
2014-09-25,-0.006518556962544526
2014-09-26,0.004354831761082367
2014-09-29,-0.0006588864409368851
2014-09-30,-0.0053238849146991715
2014-10-01,-0.003930684030889169
2014-10-02,-0.0038166300954997393
2014-10-03,0.0014788626267088574
2014-10-06,0.004437296642008643
2014-10-07,-0.007674550545730434
2014-10-08,0.010911292164386988
2014-10-09,-0.012045293943704318
2014-10-10,-0.00502629839481936
2014-10-13,-0.0022983880147079403
2014-10-14,0.0014181834476477118
2014-10-15,-0.004668040787239966
2014-10-16,-0.00017943008168784524
2014-10-17,0.006466186148733335
2014-10-20,0.005089626153837236
2014-10-21,0.009246220636570315
2014-10-22,-0.005118111588515201
2014-10-23,0.0073157408343720665
2014-10-24,0.0013925079821174692
2014-10-27,-0.0002500452447259452
2014-10-28,0.0073433545864814405
2014-10-29,-0.0012957233908489334
2014-10-30,0.002513045475061886
2014-10-31,0.007921565392907741
2014-11-03,-0.0017372530110360096
2014-11-04,-0.0044196050572214325
2014-11-05,0.001846848432012342
2014-11-06,-0.002233101517779828
2014-11-07,0.002226746355748356
2014-11-10,0.00045209205499686196
2014-11-11,0.0016517158599344307
2014-11-12,-0.004132148290584535
2014-11-13,-0.0010877642822406499
2014-11-14,0.001263866673011847
2014-11-17,-0.0008235668757207949
2014-11-18,0.003407847504651124
2014-11-19,-0.004261633178703518
2014-11-20,0.0018784489272877338
2014-11-21,0.006601232899928796
2014-11-24,0.0009045508267283215
2014-11-25,0.00012555620782159758
2014-11-26,0.0030986701217985005
2014-11-28,-0.009997425832973063
2014-12-01,0.001563893020519563
2014-12-02,-0.0020362369352226934
2014-12-03,-0.0007765615779286615
2014-12-04,-0.00024716300983884795
2014-12-05,-0.0018574438125668075
2014-12-08,-0.004640576084233258
2014-12-09,0.0018785340533152067
2014-12-10,-0.008144776950003145
2014-12-11,-0.001046145641008209
2014-12-12,-0.008854785923925754
2014-12-15,-0.011205541016791073
2014-12-16,-0.0005848802535132131
2014-12-17,0.010676904619821069
2014-12-18,0.008156475206295193
2014-12-19,0.004737664232442172
2014-12-22,0.0015681819501417622
2014-12-23,-0.0005746017014624991
2014-12-24,-0.0023847240263640108
2014-12-26,0.0019242966085767916
2014-12-29,-0.001292574746154477
2014-12-30,-0.0030542728781384433
2014-12-31,-0.007841305874251967
2015-01-02,0.0006765688192603587
2015-01-05,-0.008898671774788392
2015-01-06,-0.002720936536678448
2015-01-07,0.006498524390756126
2015-01-08,0.006978519970844759
2015-01-09,-0.001822469166031953
2015-01-12,-0.004225412219611757
2015-01-13,-0.0004595921422466949
2015-01-14,0.0030974097524420173
2015-01-15,-0.0011134073963534165
2015-01-16,0.009303066107104033
2015-01-20,-0.002723408163669842
2015-01-21,0.0027718246522588186
2015-01-22,0.006556479538982183
2015-01-23,-0.002757686166832471
2015-01-26,0.003731149330859564
2015-01-27,-0.0009586129298435741
2015-01-28,-0.008213988747965672
2015-01-29,0.0036382652575881486
2015-01-30,-0.0032192879881465524
2015-02-02,0.006864029693310592
2015-02-03,0.011662857304851868
2015-02-04,-0.007329430566639233
2015-02-05,0.009143128709030432
2015-02-06,-0.010543387795989661
2015-02-09,-0.0013562392927752586
2015-02-10,0.0015593117509830655
2015-02-11,-0.003184297176468289
2015-02-12,0.010516639297908094
2015-02-13,0.002354988599536139
2015-02-17,-0.001015091069830836
2015-02-18,0.0016163471148349204
2015-02-19,-0.0053220968258136285
2015-02-20,0.004126440152359138
2015-02-23,0.00045006185680378295
2015-02-24,-0.0006964289223911858
2015-02-25,0.003234126788964962
2015-02-26,-0.005804585268166749
2015-02-27,0.003911094576266956
2015-03-02,-0.001641560711074155
2015-03-03,-0.0016363312774388687
2015-03-04,-0.005178435363585216
2015-03-05,0.000592033655708565
2015-03-06,-0.01670582695204236
2015-03-09,0.003095117440719064
2015-03-10,-0.009532242042983998
2015-03-11,0.001614886280725118
2015-03-12,0.007787599065229835
2015-03-13,-0.006859375549043221
2015-03-16,0.00744099117813739
2015-03-17,-0.0021733695431664342
2015-03-18,0.018643444143440636
2015-03-19,-0.0076411558927670375
2015-03-20,0.014729348199250362
2015-03-23,0.0029403547020925556
2015-03-24,-0.004251649577920103
2015-03-25,-0.007609859599434926
2015-03-26,-0.0019615670415800437
2015-03-27,-0.001987074025467234
2015-03-30,0.006446628812894483
2015-03-31,-0.008408720663165217
2015-04-01,0.0050212427043730395
2015-04-02,0.0023651442565258097
2015-04-06,0.008266144800421168
2015-04-07,-0.003131754698102325
2015-04-08,-0.00222088378791279
2015-04-09,-0.003808458868536581
2015-04-10,0.0033743178632272366
2015-04-13,-0.0032136720936153888
2015-04-14,0.004090877855793317
2015-04-15,0.004418427001848847
2015-04-16,0.0032770280455119583
2015-04-17,-0.005782114961875193
2015-04-20,0.0010762506131536305
2015-04-21,8.960278683500886e-06
2015-04-22,0.001301605382185609
2015-04-23,0.004873994867744728
2015-04-24,0.0026308864690012005
2015-04-27,-0.0004297909556726376
2015-04-28,-0.00010480021570677585
2015-04-29,-0.006021467608767319
2015-04-30,-0.005886156451038808
2015-05-01,0.004585413487738598
2015-05-04,4.3782126267716194e-05
2015-05-05,-0.008327630231041858
2015-05-06,-0.0016672236089258867
2015-05-07,0.0008990955869353794
2015-05-08,0.011930537448476705
2015-05-11,-0.008550066422443652
2015-05-12,0.002136664169334665
2015-05-13,-0.00042691891073980137
2015-05-14,0.01022496044126616
2015-05-15,0.003824872481283174
2015-05-18,-0.002461895669976784
2015-05-19,-0.006657734058819104
2015-05-20,6.0361863120488696e-05
2015-05-21,0.00433286220758957
2015-05-22,-0.004666299838610801
2015-05-26,-0.00992706983752542
2015-05-27,0.002955834691771571
2015-05-28,0.00024275778290650798
2015-05-29,-0.002849274389089931
2015-06-01,0.0009812857108129447
2015-06-02,-0.0001426149272822896
2015-06-03,-0.005527561707334097
2015-06-04,-0.0050640824332402815
2015-06-05,-0.005472757122722405
2015-06-08,-0.0014650877835577292
2015-06-09,-5.332856074782887e-05
2015-06-10,0.008033159052511877
2015-06-11,0.0021950951480645005
2015-06-12,-0.0054382688343137826
2015-06-15,-0.0035612660784690342
2015-06-16,0.003974873646184757
2015-06-17,0.002269281830924694
2015-06-18,0.006484059247920233
2015-06-19,-0.0036545428465619726
2015-06-22,0.0017546405214801
2015-06-23,0.0007958881907374684
2015-06-24,-0.005020974029069225
2015-06-25,-0.0029845429709204605
2015-06-26,0.0012630645299846978
2015-06-29,-0.012072806321001422
2015-06-30,0.0034105083706787056
2015-07-01,0.0027234795949622657
2015-07-02,0.0009411542553710429
2015-07-06,-0.00849655206596998
2015-07-07,0.0038222185422442847
2015-07-08,-0.008945745125393038
2015-07-09,0.003673495129791559
2015-07-10,0.010272468047221256
2015-07-13,0.002815780021961199
2015-07-14,0.002890929834642601
2015-07-15,-0.002034683770511258
2015-07-16,0.003932293146803495
2015-07-17,-0.001921920683068376
2015-07-20,-0.0027589531161763105
2015-07-21,-0.0005320913697800644
2015-07-22,-0.0036654362062252884
2015-07-23,-0.005024644779322704
2015-07-24,-0.004834916227777121
2015-07-27,-0.00546826775827969
2015-07-28,0.0061759724560898
2015-07-29,0.003738381674028178
2015-07-30,-0.001618190823955818
2015-07-31,0.0008668924166011852
2015-08-03,-0.0026664859931694374
2015-08-04,-0.0015642268205107472
2015-08-05,-0.001153678668409039
2015-08-06,-0.001611670483843422
2015-08-07,1.6647619856366598e-06
2015-08-10,0.0077719614278540915
2015-08-11,-0.004896202204873133
2015-08-12,-0.00124042049166183
2015-08-13,-0.0015754545438029415
2015-08-14,0.0006218454252096173
2015-08-17,0.0020382960505240947
2015-08-18,-0.0029041107180956104
2015-08-19,-0.005544304729678111
2015-08-20,-0.009431784719500288
2015-08-21,-0.016844028096736588
2015-08-24,-0.029250591546598582
2015-08-25,-0.006042339577913326
2015-08-26,0.015285791410745169
2015-08-27,0.018329857976872886
2015-08-28,0.004674875756001276
2015-08-31,-0.0031168459055317165
2015-09-01,-0.02222987120142552
2015-09-02,0.010001332667121924
2015-09-03,0.002962604757785225
2015-09-04,-0.013176449043876458
2015-09-08,0.014463701487472887
2015-09-09,-0.008257623656919887
2015-09-10,0.004118454842041103
2015-09-11,0.00496799821928637
2015-09-14,-0.004454638660483621
2015-09-15,0.004912246752079236
2015-09-16,0.010191368403252191
2015-09-17,0.002281008835910375
2015-09-18,-0.010714357217599878
2015-09-21,0.0037598597488864936
2015-09-22,-0.010065960750215439
2015-09-23,-0.0018108480644094985
2015-09-24,-0.0016418780961275385
2015-09-25,0.003196042436158065
2015-09-28,-0.013704054420929403
2015-09-29,0.003989496573804596
2015-09-30,0.01071534810631433
2015-10-01,0.0009912338903041188
2015-10-02,0.010221111907734509
2015-10-05,0.012420260967485424
2015-10-06,0.0033912684895552473
2015-10-07,0.005568978486705011
2015-10-08,0.005463091812415661
2015-10-09,0.0011579926197653298
2015-10-12,-0.0012868279717391112
2015-10-13,-0.006446655675029346
2015-10-14,-0.0004445340498069766
2015-10-15,0.008004880933211191
2015-10-16,0.002221567773213982
2015-10-19,-0.0015320961403291209
2015-10-20,-0.0014384584037913568
2015-10-21,-0.0030979186183794655
2015-10-22,0.008244010954074113
2015-10-23,-9.253728932409958e-05
2015-10-26,-0.0012957793117884208
2015-10-27,-0.0026431678581424448
2015-10-28,0.006068628586925871
2015-10-29,-0.004256440964343931
2015-10-30,-0.0007386285166894953
2015-11-02,0.006879052112073434
2015-11-03,0.0015397537947539144
2015-11-04,-0.006189059130122815
2015-11-05,-0.0014810552070750444
2015-11-06,-0.009822518730896915
2015-11-09,-0.009446585287877791
2015-11-10,0.0025924293499365878
2015-11-11,-0.001645490652105906
2015-11-12,-0.00952660287163071
2015-11-13,-0.006964858050309719
2015-11-16,0.00912369940991097
2015-11-17,-0.0027380071083118016
2015-11-18,0.00751442422106119
2015-11-19,0.001899266710883429
2015-11-20,0.0022246505371466647
2015-11-23,0.0007678954159591593
2015-11-24,0.0026611206416827
2015-11-25,0.0010905508648437843
2015-11-27,-0.0008354072455361344
2015-11-30,-0.003650338089095446
2015-12-01,0.010115087586781172
2015-12-02,-0.012979368123914698
2015-12-03,-0.00673672061329752
2015-12-04,0.009793207283379558
2015-12-07,-0.00821500655725694
2015-12-08,-0.005361404652953032
2015-12-09,-0.0031304144515542035
2015-12-10,-0.0020366897831741605
2015-12-11,-0.008514808836490426
2015-12-14,-0.0005584398172885439
2015-12-15,0.004318046270171072
2015-12-16,0.009414898471981655
2015-12-17,-0.007850800081034896
2015-12-18,-0.006381730828146527
2015-12-21,0.0025622474226608205
2015-12-22,0.002657501626209667
2015-12-23,0.011066798581030287
2015-12-24,-0.000292816890215272
2015-12-28,-0.00262670350065761
2015-12-29,0.008524862739238782
2015-12-30,-0.005174814759377355
2015-12-31,-0.0051453968335482495
2016-01-04,-0.008883635399117178
2016-01-05,0.0018619523563374123
2016-01-06,-0.008351320501112716
2016-01-07,-0.013364625450771868
2016-01-08,-0.007680262047047415
2016-01-11,-0.003945385810449905
2016-01-12,0.000841853080687697
2016-01-13,-0.011286749663956788
2016-01-14,0.0054455930309881394
2016-01-15,-0.016182886558550966
2016-01-19,0.0012662343417865589
2016-01-20,-0.012998144467184548
2016-01-21,0.005946371039745905
2016-01-22,0.02109769033936587
2016-01-25,-0.010662322956102002
2016-01-26,0.014584825664247826
2016-01-27,-0.004759482391963517
2016-01-28,0.002610042661567738
2016-01-29,0.015467035615416349
2016-02-01,-0.004172902300739344
2016-02-02,-0.01217772182597235
2016-02-03,0.008992773909254697
2016-02-04,0.0008601557263548409
2016-02-05,-0.01169376738273902
2016-02-08,-0.01159486475023603
2016-02-09,-0.011036384319195375
2016-02-10,0.001919424952190616
2016-02-11,-0.004979963819866037
2016-02-12,0.011303208433714546
2016-02-16,0.008250963855045335
2016-02-17,0.01213322392350786
2016-02-18,2.383797035356884e-06
2016-02-19,-0.0009221120259869471
2016-02-22,0.009916262242798075
2016-02-23,-0.008615860346989778
2016-02-24,0.0025789960669597217
2016-02-25,0.009334223128938099
2016-02-26,-0.003270592660808242
2016-02-29,-0.0006766939271194955
2016-03-01,0.014132044886392268
2016-03-02,0.004476215067369642
2016-03-03,0.005120129338781739
2016-03-04,0.005333378582157215
2016-03-07,0.003679055627212747
2016-03-08,-0.007722251102508766
2016-03-09,0.005087663576334578
2016-03-10,-0.001875689791669531
2016-03-11,0.01309183352233278
2016-03-14,-0.0022896257448651496
2016-03-15,-0.003799998241325185
2016-03-16,0.009871021540566675
2016-03-17,0.00808323047478516
2016-03-18,-0.00022266727345994952
2016-03-21,-0.0018131193956969936
2016-03-22,0.0006000482511627223
2016-03-23,-0.007746061085288825
2016-03-24,-0.0027253332584154526
2016-03-28,0.004027321194897361
2016-03-29,0.009237491875881706
2016-03-30,0.0009801166330336494
2016-03-31,-0.0008142250416047277
2016-04-01,-0.004540338988789845
2016-04-04,-0.0038845860760668856
2016-04-05,-0.006920522200364419
2016-04-06,0.00765907453376618
2016-04-07,-0.006155546303084265
2016-04-08,0.009951204507528321
2016-04-11,0.0007085181114541987
2016-04-12,0.009813787862969388
2016-04-13,0.00547768542452407
2016-04-14,-0.002518824270984539
2016-04-15,0.0007001593251843934
2016-04-18,0.004782537660823826
2016-04-19,0.008113233240977727
2016-04-20,-0.00014341126497972282
2016-04-21,-0.007014681581282833
2016-04-22,0.001210092406942891
2016-04-25,-4.6881611855772564e-05
2016-04-26,0.003919763225927166
2016-04-27,0.003353604162187768
2016-04-28,-0.0031507434659512838
2016-04-29,-0.0019077594005764214
2016-05-02,0.0032426655821370773
2016-05-03,-0.006606002464127401
2016-05-04,-4.3995705665317644e-05
2016-05-05,-0.0012810388782871635
2016-05-06,0.0043026683930674405
2016-05-09,-0.0020929578874231258
2016-05-10,0.010198669794003256
2016-05-11,-0.0029199535494567556
2016-05-12,0.0008933820130715081
2016-05-13,-0.0050916728099257
2016-05-16,0.007746442860085408
2016-05-17,-0.005806480546356157
2016-05-18,-0.006112270954229396
2016-05-19,-0.004699692348807424
2016-05-20,0.0054658885952322015
2016-05-23,-0.0018612163677128924
2016-05-24,0.0076460257741475385
2016-05-25,0.005700228196053704
2016-05-26,0.001482087805084547
2016-05-27,0.0021691539972207583
2016-05-31,-0.002328026246008007
2016-06-01,0.002397610189834607
2016-06-02,0.0026643193330350267
2016-06-03,0.004719183124347432
2016-06-06,0.0024760912606566887
2016-06-07,0.005255384071935709
2016-06-08,0.005962422927248148
2016-06-09,-0.002347903829408136
2016-06-10,-0.010410236526284132
2016-06-13,-0.004009000551656018
2016-06-14,-0.005466809604264915
2016-06-15,0.002510907437503038
2016-06-16,-0.0010207801772736556
2016-06-17,0.004884613741506413
2016-06-20,0.007533218297838735
2016-06-21,0.0009485650807514399
2016-06-22,-0.0015279214005850866
2016-06-23,0.00975436929517966
2016-06-24,-0.027461128201900095
2016-06-27,-0.005972325682700079
2016-06-28,0.016241664464114333
2016-06-29,0.011561422912346069
2016-06-30,0.007051332308931358
2016-07-01,0.003496920274702566
2016-07-05,-0.007669734000831499
2016-07-06,0.000822105737133808
2016-07-07,-0.008897194540937854
2016-07-08,0.011686465466860599
2016-07-11,0.0031185484691784475
2016-07-12,0.006727428129890449
2016-07-13,-0.0011350706423712497
2016-07-14,0.001033233955074615
2016-07-15,-0.002512966087880056
2016-07-18,0.0005759844723527332
2016-07-19,-0.0014820625024028846
2016-07-20,0.000895762185401305
2016-07-21,-0.0017978504955403927
2016-07-22,0.0024710012367451847
2016-07-25,-0.0035201040445876795
2016-07-26,-0.0007568185800210009
2016-07-27,-0.0021350508075832857
2016-07-28,0.0014269006685493012
2016-07-29,0.007696756097626399
2016-08-01,-0.005248453187774001
2016-08-02,-0.0062297728161388715
2016-08-03,0.0021081729555092713
2016-08-04,0.0018895931984417476
2016-08-05,0.0022657377802506456
2016-08-08,0.0016592992153177666
2016-08-09,0.002954165251684132
2016-08-10,-0.0018462895663970765
2016-08-11,0.0022114745704066813
2016-08-12,0.002399913566462212
2016-08-15,0.0038591534998249433
2016-08-16,-0.0024575957974929626
2016-08-17,0.002243322731821061
2016-08-18,0.0036169736327272407
2016-08-19,-0.004387894305422584
2016-08-22,-0.00012753966297376364
2016-08-23,0.0021668797556783827
2016-08-24,-0.004839689768487306
2016-08-25,0.0004347723846397724
2016-08-26,-0.0049818400533125865
2016-08-29,0.00358969602716721
2016-08-30,-0.0028944448641116506
2016-08-31,-0.00483881511499229
2016-09-01,-0.0010293375689752523
2016-09-02,0.006678168293673229
2016-09-06,0.005817700115519013
2016-09-07,0.003183895129675319
2016-09-08,-0.0009180701867921592
2016-09-09,-0.02065643993603216
2016-09-12,0.00706432999997803
2016-09-13,-0.015263139660587302
2016-09-14,-0.0007841151686900371
2016-09-15,0.005518264664142576
2016-09-16,-0.0027611130057123715
2016-09-19,0.0024178654339409725
2016-09-20,0.00193592302556582
2016-09-21,0.011136670024031927
2016-09-22,0.008555838731681437
2016-09-23,-0.004368718319034191
2016-09-26,-0.001060950526955414
2016-09-27,-0.0014733322667420598
2016-09-28,0.008638191881044463
2016-09-29,-0.005636482161061738
2016-09-30,0.0018720838303331706
2016-10-03,-0.003507504964313338
2016-10-04,-0.005225490455847149
2016-10-05,-0.001614652341154284
2016-10-06,-0.000887776838220541
2016-10-07,-0.0022732283291620418
2016-10-10,0.00458158813812096
2016-10-11,-0.008518114654472372
2016-10-12,0.0006613411788437375
2016-10-13,0.0018965847080410101
2016-10-14,-0.0009131224951363635
2016-10-17,-0.00015374340854846754
2016-10-18,0.005307091640335319
2016-10-19,0.002910429198004714
2016-10-20,-0.002511076114099084
2016-10-21,-8.602527661790782e-05
2016-10-24,0.0011321477640467055
2016-10-25,-0.002112717612015164
2016-10-26,-0.005648199127067122
2016-10-27,-0.00553037326463909
2016-10-28,-0.0014621257216417215
2016-10-31,0.0008783061439062928
2016-11-01,-0.005723574246192371
2016-11-02,-0.007281629538502677
2016-11-03,-0.0034711003999512656
2016-11-04,-0.0012999346405664512
2016-11-07,0.01066225879252274
2016-11-08,0.001531865445429602
2016-11-09,-0.002796846792626079
2016-11-10,-0.006233440486611513
2016-11-11,-0.004708227257401567
2016-11-14,0.002233495910759976
2016-11-15,0.005219275215038502
2016-11-16,-0.005320139535329643
2016-11-17,4.926831977418011e-05
2016-11-18,-0.0012880370649397542
2016-11-21,0.008346088624710658
2016-11-22,0.004309137102349347
2016-11-23,-0.0013645142644362852
2016-11-25,0.0008683742047867276
2016-11-28,0.000503190611236823
2016-11-29,-0.00022476225996068003
2016-11-30,0.001736867796821954
2016-12-01,-0.0015453394469016023
2016-12-02,0.004906328225226197
2016-12-05,0.005609893148115248
2016-12-06,0.0024655814521746216
2016-12-07,0.00871876398454009
2016-12-08,0.0013295221738867627
2016-12-09,0.00185022314547566
2016-12-12,0.0015535994490067924
2016-12-13,0.004018054139331199
2016-12-14,-0.012534419579884505
2016-12-15,-0.0016012800965389332
2016-12-16,0.0038939613133920593
2016-12-19,0.0020493745978754667
2016-12-20,0.0023948109208427534
2016-12-21,-0.0043610618063738065
2016-12-22,-0.0014748689825808397
2016-12-23,0.0019152760695073782
2016-12-27,0.0034653967113995746
2016-12-28,-0.0027644460131698387
2016-12-29,0.0037923043318584095
2016-12-30,0.0034725627513476063
2017-01-03,0.0009611351418473365
2017-01-04,0.00814648809074547
2017-01-05,0.004500057260206691
2017-01-06,-0.001097668274651588
2017-01-09,-0.005038529865031974
2017-01-10,-0.002652530595188622
2017-01-11,0.0028036688857576058
2017-01-12,0.003861500519837996
2017-01-13,9.801691653094926e-05
2017-01-17,0.0010020781396294857
2017-01-18,-0.002978188476043972
2017-01-19,-0.004681155828707349
2017-01-20,0.0057389704617851756
2017-01-23,0.0027206772025885296
2017-01-24,0.0015814714916553198
2017-01-25,0.0002391369861301523
2017-01-26,-0.00023575757536566902
2017-01-27,-0.003978500121153947
2017-01-30,-0.005232044948740074
2017-01-31,0.003571338119510333
2017-02-01,0.00025121096658802953
2017-02-02,0.002696785938984524
2017-02-03,0.003306236309533221
2017-02-06,-0.0024204527382457467
2017-02-07,-0.0014116197509520033
2017-02-08,0.0037519854275054124
2017-02-09,0.002331371088743568
2017-02-10,0.004683348389160855
2017-02-13,-0.0005933893192270308
2017-02-14,-0.0010128908757304385
2017-02-15,0.0010049580490477817
2017-02-16,0.0010166962643979461
2017-02-17,0.0003324989502597698
2017-02-21,0.004067848736109677
2017-02-22,-0.001522974148743758
2017-02-23,0.002781344211490697
2017-02-24,0.0003013950030108835
2017-02-27,0.0002755972246836515
2017-02-28,-0.001537717456163517
2017-03-01,0.0037663653610362563
2017-03-02,-0.0073948633444910605
2017-03-03,0.001752399331590785
2017-03-06,-0.0024097825818634525
2017-03-07,-0.003421852310783249
2017-03-08,-0.009974395196519706
2017-03-09,-0.0042651597352528145
2017-03-10,0.00032844241014349726
2017-03-13,0.0008769236621532484
2017-03-14,-0.0029387645559918775
2017-03-15,0.012142889056437943
2017-03-16,-0.0006301532016556382
2017-03-17,0.002295794552972968
2017-03-20,-0.0004622305664921733
2017-03-21,-0.004731679327261808
2017-03-22,0.00064083548326726
2017-03-23,0.0011032600622010635
2017-03-24,0.0009705571936837932
2017-03-27,-0.0012577326097821847
2017-03-28,0.0038133189479269964
2017-03-29,0.0037550520827487784
2017-03-30,0.0005254173901837803
2017-03-31,0.0012334587291825615
2017-04-03,0.0001459427567433366
2017-04-04,0.0017586695920661687
2017-04-05,-0.0005802630176844929
2017-04-06,0.002050809558704843
2017-04-07,-0.00012611317433311908
2017-04-10,0.003053766991152739
2017-04-11,0.003395124969908637
2017-04-12,-0.000772141927296107
2017-04-13,-0.001798890156789169
2017-04-17,0.003951370574954738
2017-04-18,-0.0005939480116791706
2017-04-19,-0.005468702498700653
2017-04-20,0.002008701974310491
2017-04-21,-0.003121808376064331
2017-04-24,0.003966689660243242
2017-04-25,0.0033186321210732085
2017-04-26,-0.002718600712217199
2017-04-27,-0.001103053933306889
2017-04-28,-0.003067462113315257
2017-05-01,0.0024748563321455837
2017-05-02,-0.0009771868660598702
2017-05-03,-0.004545637708496024
2017-05-04,-0.004111818032546494
2017-05-05,0.007733088241513289
2017-05-08,-0.004246904510916857
2017-05-09,-0.002946864872199349
2017-05-10,0.005369647650316415
2017-05-11,-0.0009233231048113291
2017-05-12,0.0009880473325601929
2017-05-15,0.0036913295194147544
2017-05-16,0.00028297368983452734
2017-05-17,-0.0020615266971586955
2017-05-18,0.0016568913300446264
2017-05-19,0.008564211705864739
2017-05-22,0.003138700071634327
2017-05-23,-0.000541270620408532
2017-05-24,0.0022243267570104088
2017-05-25,-0.00329384638030777
2017-05-26,-0.0004348664763937002
2017-05-30,-0.0027502518710480236
2017-05-31,-0.00175886473712039
2017-06-01,0.0024643975093828277
2017-06-02,0.004825072734810228
2017-06-05,-0.003554886233254172
2017-06-06,-0.00013901225404330808
2017-06-07,-0.0013143797700307862
2017-06-08,-0.0010558597479339172
2017-06-09,0.0012780886997931984
2017-06-12,-0.000852535806404676
2017-06-13,0.0038930398619841963
2017-06-14,-0.0025963925729996728
2017-06-15,-0.0009370856770162337
2017-06-16,0.002190897932186072
2017-06-19,0.000664742705074349
2017-06-20,-0.004922258345686644
2017-06-21,-0.0028664189946937275
2017-06-22,0.0005471319166457013
2017-06-23,0.0023524545816348903
2017-06-26,0.00250250940923434
2017-06-27,-0.002116738950665602
2017-06-28,0.005109681767453449
2017-06-29,-0.005908479108768697
2017-06-30,0.0041145829833670764
2017-07-03,0.003976800535300997
2017-07-05,-0.0052173566799267245
2017-07-06,-0.006716537880446755
2017-07-07,0.00018202427827497428
2017-07-10,-7.374937155502358e-06
2017-07-11,0.0023164386061747164
2017-07-12,0.005177941457909713
2017-07-13,0.0008848918668048068
2017-07-14,0.006759737798670361
2017-07-17,0.0007516280253062331
2017-07-18,0.0014269162572847095
2017-07-19,0.005252434623604129
2017-07-20,-0.00024117634523388278
2017-07-21,-0.00347080763949493
2017-07-24,-0.0006860528312321665
2017-07-25,0.00210766083971225
2017-07-26,0.005180038435813875
2017-07-27,0.0005075347516366654
2017-07-28,0.0008439459789136507
2017-07-31,0.0018307363772214278
2017-08-01,0.0006864992859025547
2017-08-02,-0.0014199808024554267
2017-08-03,-0.0014571017826406872
2017-08-04,0.0011655566857993716
2017-08-07,0.0007644885465172854
2017-08-08,-0.0025461569030241563
2017-08-09,0.0005898370014375469
2017-08-10,-0.00942056723359586
2017-08-11,-0.0003986853138910992
2017-08-14,0.004520594786168585
2017-08-15,-0.0023213281427224
2017-08-16,0.0021163990538557156
2017-08-17,-0.005353483791525695
2017-08-18,0.001800473891271053
2017-08-21,-6.776197033696069e-05
2017-08-22,0.0026322470531306005
2017-08-23,0.0038189276380088564
2017-08-24,-0.0019854913344119216
2017-08-25,0.002560838828244188
2017-08-28,-0.0011975088858545764
2017-08-29,-0.000323002983267573
2017-08-30,0.00015460777895434457
2017-08-31,0.00977138141704253
2017-09-01,0.0009220032506778864
2017-09-05,-0.0015424032048685183
2017-09-06,0.003936253789537903
2017-09-07,0.0036390159056671053
2017-09-08,-0.0024120335282486896
2017-09-11,0.004789815733636808
2017-09-12,-0.0010197504199135681
2017-09-13,-0.0009957531241297074
2017-09-14,0.002131315706560893
2017-09-15,0.0019801352711762065
2017-09-18,-0.0014284609844729518
2017-09-19,-0.0007973366549028811
2017-09-20,0.0003952146389875322
2017-09-21,-0.0023636663386041637
2017-09-22,0.00038243320743021553
2017-09-25,0.0035754211810374646
2017-09-26,-0.001936556308994876
2017-09-27,-0.0026786159030627835
2017-09-28,0.0020986460243161975
2017-09-29,0.0010098474934563575
2017-10-02,-0.0015084746787690925
2017-10-03,0.0012240319231618447
2017-10-04,0.0010777529373678556
2017-10-05,0.0038007627355425614
2017-10-06,-0.004373522683569023
2017-10-09,0.0005663883835983841
2017-10-10,0.005459797129845255
2017-10-11,0.0020908790449181165
2017-10-12,0.0007437481862061274
2017-10-13,0.004423308976020817
2017-10-16,-0.0006907787337961529
2017-10-17,-0.00047123583200888884
2017-10-18,-7.456431984925857e-05
2017-10-19,-0.0015394899527278404
2017-10-20,-0.00016579500858549803
2017-10-23,-0.0017853848461786472
2017-10-24,0.0009135008053485638
2017-10-25,-0.0024143169997661797
2017-10-26,-0.0007856212685133845
2017-10-27,0.004663273789002191
2017-10-30,0.0007713260013265182
2017-10-31,0.0014929153783959743
2017-11-01,0.0016909885203682854
2017-11-02,0.003888872908655052
2017-11-03,0.0014090162560621905
2017-11-06,0.006004361550380987
2017-11-07,-0.00039544511346646
2017-11-08,0.001388145584918113
2017-11-09,-0.001366941214900381
2017-11-10,-0.0017744388923891866
2017-11-13,-0.00033193226290455886
2017-11-14,-0.003439533282738968
2017-11-15,-0.0035028202046453157
2017-11-16,0.003836684632680154
2017-11-17,0.0013086599780976387
2017-11-20,-0.0017207579108798237
2017-11-21,0.005704784370950657
2017-11-22,0.0016692200165150978
2017-11-24,0.0027965804624274374
2017-11-27,-0.002469306526936198
2017-11-28,0.0015974691177367613
2017-11-29,-0.002830239225668176
2017-11-30,0.0007711487312640525
2017-12-01,0.0017290308324848054
2017-12-04,-0.0044906039159770955
2017-12-05,-0.002664987405763814
2017-12-06,-0.003502277303391005
2017-12-07,0.0019271248197777228
2017-12-08,0.004041098719031791
2017-12-11,0.001462879410004812
2017-12-12,-0.00033483776615447595
2017-12-13,0.0010085563963096187
2017-12-14,-0.001407934552304303
2017-12-15,0.0028250069719756177
2017-12-18,0.005388562516449981
2017-12-19,-0.005153578238527588
2017-12-20,-0.0022255746037680765
2017-12-21,0.0006271833833713476
2017-12-22,0.0027844550946006567
2017-12-26,0.0037380659377100204
2017-12-27,0.0024720094707365355
2017-12-28,0.0023198335261657658
2017-12-29,0.0003884908022820533
2018-01-02,0.002458630171353557
2018-01-03,0.003051564557242101
2018-01-04,-0.0007507000401205323
2018-01-05,0.0015789941192614473
2018-01-08,0.0011314990419700828
2018-01-09,-0.0015385165117981971
2018-01-10,-0.002276058491234091
2018-01-11,0.002178630906564185
2018-01-12,0.002857184848460792
2018-01-16,-0.0013335124071688835
2018-01-17,0.004131223851427598
2018-01-18,-0.003787306763155647
2018-01-19,0.002219610871054498
2018-01-22,0.004878694230370424
2018-01-23,0.0058315910325520606
2018-01-24,0.0009582709662925537
2018-01-25,-0.0017491041660594106
2018-01-26,0.004299887198283652
2018-01-29,-0.0069238921107060425
2018-01-30,-0.007023632925549007
2018-01-31,0.003708556615910215
2018-02-01,-0.0030190662269121774
2018-02-02,-0.01408993361210198
2018-02-05,-0.022985177430262457
2018-02-06,0.005905150655995646
2018-02-07,-0.0069042922401762906
2018-02-08,-0.020335514937257753
2018-02-09,0.00554646659585209
2018-02-12,0.007253873628854877
2018-02-13,0.002002334685070962
2018-02-14,0.006662316531777392
2018-02-15,0.0061631182920017374
2018-02-16,0.0028907350284232886
2018-02-20,-0.005108287257865996
2018-02-21,-0.006737298892329181
2018-02-22,0.005668532595853287
2018-02-23,0.010047369948082807
2018-02-26,0.006063234316170365
2018-02-27,-0.012748329189879563
2018-02-28,-0.00571990018309867
2018-03-01,-0.0048576815334387315
2018-03-02,0.0011711594006446266
2018-03-05,0.006608954757021921
2018-03-06,0.003326168600027052
2018-03-07,-0.001025022155726437
2018-03-08,0.0009734009937407331
2018-03-09,0.007349153793082347
2018-03-12,0.0009611318609063391
2018-03-13,-0.0026976675245895297
2018-03-14,4.290343584362373e-05
2018-03-15,-0.0005815763362740509
2018-03-16,0.0019609655263090283
2018-03-19,-0.007565701442082326
2018-03-20,0.0005656836971672339
2018-03-21,0.0021786347405058862
2018-03-22,-0.010620414272866141
2018-03-23,-0.007987387610743881
2018-03-26,0.010886570172571417
2018-03-27,-0.0037946228357409
2018-03-28,0.004718256431971225
2018-03-29,0.006332265384688409
2018-04-02,-0.012284084791642322
2018-04-03,0.005967031403523681
2018-04-04,0.004044173363955127
2018-04-05,0.0032743844566230597
2018-04-06,-0.00783991708361901
2018-04-09,0.004538531900277893
2018-04-10,0.008173187377463057
2018-04-11,0.0003168996796474547
2018-04-12,-0.0013454818965095274
2018-04-13,0.0009643734950275483
2018-04-16,0.0023974360981738998
2018-04-17,0.005616218437129447
2018-04-18,0.003682529172025127
2018-04-19,-0.006109734075167119
2018-04-20,-0.005300978914359246
2018-04-23,-0.0007473557490553181
2018-04-24,-0.00400847597686984
2018-04-25,-0.0003114049665845684
2018-04-26,0.007252659681531402
2018-04-27,0.0040457713402757296
2018-04-30,-0.0018314174205909962
2018-05-01,7.866392161291324e-06
2018-05-02,-0.002114530703425102
2018-05-03,0.0018266529070412965
2018-05-04,0.006891194496045989
2018-05-07,0.0018414986318321138
2018-05-08,-0.000737218309531332
2018-05-09,0.0051061171069822315
2018-05-10,0.006149446239146032
2018-05-11,-0.0007522444272673876
2018-05-14,-0.00023565424195286927
2018-05-15,-0.006956520660061578
2018-05-16,0.00121382468002628
2018-05-17,-0.0007582151677366945
2018-05-18,-7.63724376840887e-05
2018-05-21,0.006822230599909841
2018-05-22,-0.00037683409088179335
2018-05-23,0.00235126435406281
2018-05-24,-0.002233759180432345
2018-05-25,-0.003254714338069891
2018-05-29,-0.005174036851504454
2018-05-30,0.010153417437265552
2018-05-31,-0.0038177279787499014
2018-06-01,0.0025086254902849186
2018-06-04,0.00023501481615397033
2018-06-05,0.0001624891861941232
2018-06-06,0.003812692595438899
2018-06-07,0.0004840736423374343
2018-06-08,0.0011582772127797921
2018-06-11,0.0009395737934790625
2018-06-12,-4.234314602339978e-05
2018-06-13,-0.0037000062017285905
2018-06-14,0.0003637270625337928
2018-06-15,-0.006119692339373067
2018-06-18,5.2595244136640924e-05
2018-06-19,-0.004332344550028143
2018-06-20,0.0018472790158528317
2018-06-21,-0.002705698628042036
2018-06-22,0.008071861563560568
2018-06-25,-0.008037576703413795
2018-06-26,0.0035174561861184557
2018-06-27,-0.0025126836040980844
2018-06-28,0.0033797843450574985
2018-06-29,0.004027398026852329
2018-07-02,-0.006806973799646059
2018-07-03,0.0016951498725521438
2018-07-05,0.007169413531985948
2018-07-06,0.004935537142079222
2018-07-09,0.002652685529446077
2018-07-10,0.00043575005851947724
2018-07-11,-0.012037041946975656
2018-07-12,0.0049579420541155435
2018-07-13,0.0008579173968624437
2018-07-16,-0.005910483806705108
2018-07-17,-2.4078011300562776e-05
2018-07-18,0.0012028729301649034
2018-07-19,0.0014881971018059917
2018-07-20,-0.0004963485722857166
2018-07-23,-0.00031796478135987904
2018-07-24,0.0023648021970677675
2018-07-25,0.00733880991753488
2018-07-26,-0.0009212505138385648
2018-07-27,-0.0036094389392453416
2018-07-30,-4.422864791655298e-05
2018-07-31,0.003715599494900442
2018-08-01,-0.003298111842361065
2018-08-02,0.0003962804460024621
2018-08-03,0.0043560344532748985
2018-08-06,6.861173827685648e-05
2018-08-07,0.002962045474387674
2018-08-08,-0.0036676463585023668
2018-08-09,-0.0010269045294823984
2018-08-10,-0.005998406187932138
2018-08-13,-0.002973052999062102
2018-08-14,0.0023916236628534347
2018-08-15,-0.00673659582095004
2018-08-16,0.006153649578574941
2018-08-17,0.0046648932897824825
2018-08-20,0.0026370310845477527
2018-08-21,0.0005673772508336067
2018-08-22,0.002737863927068806
2018-08-23,-0.0025630417303095345
2018-08-24,0.005142897641694576
2018-08-27,0.003775175610056418
2018-08-28,0.0013585143794540985
2018-08-29,0.004357112822228899
2018-08-30,-0.00395890702274704
2018-08-31,-0.0005253466347725273
2018-09-04,-0.006008554797573361
2018-09-05,-0.0020413024108819696
2018-09-06,-0.001382872636181918
2018-09-07,-0.0045954734586802146
2018-09-10,0.003283153691500745
2018-09-11,0.0020666143341419403
2018-09-12,0.0026106484378047735
2018-09-13,0.0014497275540882872
2018-09-14,-0.0025779194278389844
2018-09-17,-0.0004158829203901105
2018-09-18,0.0032514735932746975
2018-09-19,-0.0004802438820081178
2018-09-20,0.005999935898865468
2018-09-21,0.0003739898126083478
2018-09-24,-0.0024240374438737246
2018-09-25,0.0010901324340078595
2018-09-26,-0.0031509122252972145
2018-09-27,0.0020140777729845856
2018-09-28,0.0032136745737094147
2018-10-01,0.0023459023438654053
2018-10-02,-0.000419416170603878
2018-10-03,-0.002015172685774674
2018-10-04,-0.008244868667028383
2018-10-05,-0.0033347019475142353
2018-10-08,0.001459007362685181
2018-10-09,0.0012862836150689385
2018-10-10,-0.01736788033752147
2018-10-11,-0.015094769421752871
2018-10-12,0.004323346298135137
2018-10-15,0.00031782712029747935
2018-10-16,0.012779448928914068
2018-10-17,-0.004233062947794953
2018-10-18,-0.008385830659364848
2018-10-19,0.0036542944277926127
2018-10-22,-0.0042926938615273245
2018-10-23,-0.00588198301704425
2018-10-24,-0.010174597320094406
2018-10-25,0.008998946429923639
2018-10-26,-0.007251697276063885
2018-10-29,-0.001171091178697405
2018-10-30,0.006628275977950636
2018-10-31,-0.0019148707072295483
2018-11-01,0.004393047688077351
2018-11-02,-0.004133557535998889
2018-11-05,0.0040813361849465005
2018-11-06,0.002046572279174305
2018-11-07,0.008852810933856214
2018-11-08,-0.003647984268099335
2018-11-09,-0.004687352216571994
2018-11-12,-0.0065200879655217606
2018-11-13,-0.0050680990684858875
2018-11-14,0.00048825769163867577
2018-11-15,0.001163623605431178
2018-11-16,0.0047879847702653085
2018-11-19,-0.0045579675365405095
2018-11-20,-0.015346682694470858
2018-11-21,0.005284963225946184
2018-11-23,-0.008778259612844577
2018-11-26,0.007363607142803898
2018-11-27,0.00017342376543661624
2018-11-28,0.008558568363752666
2018-11-29,0.00042506973607439624
2018-11-30,0.0017400216445407012
2018-12-03,0.011399483080664219
2018-12-04,-0.013611594892351241
2018-12-06,0.0016350525326409675
2018-12-07,-0.006395863701679893
2018-12-10,-0.00553359825164304
2018-12-11,0.0014539395306791634
2018-12-12,-0.0003287742213248755
2018-12-13,0.003441469528108475
2018-12-14,-0.009605652522357821
2018-12-17,-0.014787354166064425
2018-12-18,-0.0017087736610383068
2018-12-19,-0.005610403829754197
2018-12-20,-0.009198633423821349
2018-12-21,-0.011911841738527523
2018-12-24,-0.01647027313692663
2018-12-26,0.0249102386147924
2018-12-27,0.0007374212871769838
2018-12-28,0.0009014836036168915
2018-12-31,0.003909006084346816
2019-01-02,-0.0035515422761202677
2019-01-03,-0.0019642580211597918
2019-01-04,0.01623174117514957
2019-01-07,0.005236060564890762
2019-01-08,0.008812167736167286
2019-01-09,0.006968714453877738
2019-01-10,0.0036031757798317293
2019-01-11,-0.0007742103029594323
2019-01-14,-0.004613485073713477
2019-01-15,0.006646411844424375
2019-01-16,0.0033771063065854835
2019-01-17,0.0029713583320091644
2019-01-18,0.006799207979971848
2019-01-22,-0.00712569432573968
2019-01-23,0.0010096728264609041
2019-01-24,0.002175425434264362
2019-01-25,0.00703587207721397
2019-01-28,-0.0033044114307028273
2019-01-29,0.004303586212198977
2019-01-30,0.00885195909927741
2019-01-31,0.0038456982264901797
2019-02-01,-0.0005071566449863399
2019-02-04,0.0033271689301631034
2019-02-05,0.002999148524763613
2019-02-06,-0.002172146328239234
2019-02-07,-0.00419037099476989
2019-02-08,0.00013702061137312255
2019-02-11,-0.0010000856236534019
2019-02-12,0.004533980456202727
2019-02-13,0.0023727406601876397
2019-02-14,0.0017199162787228635
2019-02-15,0.009943505538132011
2019-02-19,0.0019050298644942682
2019-02-20,0.0003102910578189216
2019-02-21,-0.0008903835381289212
2019-02-22,0.004174934564227244
2019-02-25,-0.004003865533868696
2019-02-26,0.001681920463925054
2019-02-27,-0.001591767011530812
2019-02-28,-0.001144921174964573
2019-03-01,-0.001200420756707809
2019-03-04,0.0006905938416107054
2019-03-05,0.0015879352629559595
2019-03-06,-0.003203923567552611
2019-03-07,-0.004493912344987906
2019-03-08,1.649087612070818e-05
2019-03-11,0.0076635991800600165
2019-03-12,0.003365734311176671
2019-03-13,0.005206371932136055
2019-03-14,-0.0010173596716325068
2019-03-15,0.0031634198361696377
2019-03-18,0.0011645182844655518
2019-03-19,0.00020830312005571967
2019-03-20,0.002987694661638257
2019-03-21,0.004617723466999896
2019-03-22,-0.009423508290030483
2019-03-25,0.0016467600036639007
2019-03-26,0.00429371750778572
2019-03-27,-0.002070718573269923
2019-03-28,0.0016028482918361022
2019-03-29,0.0017262883564031016
2019-04-01,0.005313595537556594
2019-04-02,0.0024028421228402975
2019-04-03,0.001264221924430793
2019-04-04,0.0001212935457748631
2019-04-05,0.003596309687773605
2019-04-08,-0.00042255623978399066
2019-04-09,-0.0033552008308660028
2019-04-10,0.0054821379747579035
2019-04-11,-0.0020475653383704136
2019-04-12,0.0033953516353588346
2019-04-15,-0.0011639081094263338
2019-04-16,-0.005650605161182966
2019-04-17,-0.0024376366454010893
2019-04-18,0.002899845546634602
2019-04-22,-0.0016524462901889873
2019-04-23,0.005441220117583079
2019-04-24,-0.00033427691764127606
2019-04-25,-0.0013037299201529484
2019-04-26,0.0015048729269070804
2019-04-29,-0.0011248173928892404
2019-04-30,0.003152898131270338
2019-05-01,-0.0031884623262325744
2019-05-02,-0.0033415356090507366
2019-05-03,0.006190869467746739
2019-05-06,-0.0025460855915178876
2019-05-07,-0.012292466768218354
2019-05-08,-0.00036310623525032305
2019-05-09,-0.001488186597214793
2019-05-10,0.0048812917343841345
2019-05-13,-0.009900285992772831
2019-05-14,0.007051029063990656
2019-05-15,0.005666080335835984
2019-05-16,0.004993709933832382
2019-05-17,-0.004767734236197883
2019-05-20,-0.004476484845999653
2019-05-21,0.004742646467615303
2019-05-22,-0.0031044973124050514
2019-05-23,-0.006804696434944201
2019-05-24,0.005891105155537981
2019-05-28,-0.0032505739083255572
2019-05-29,-0.0061113378377311706
2019-05-30,0.0008221236748219234
2019-05-31,-0.007322088539839675
2019-06-03,0.0014550426097114102
2019-06-04,0.006178539662148065
2019-06-05,0.001724504449563342
2019-06-06,0.005955118718155088
2019-06-07,0.006741328306836308
2019-06-10,-0.0007002736892965751
2019-06-11,0.0028273854729464554
2019-06-12,-0.0034146803182497675
2019-06-13,0.0049046145952086765
2019-06-14,-0.0006374860822112078
2019-06-17,0.0014031957280448662
2019-06-18,0.0073161867680632715
2019-06-19,0.0029291469928425387
2019-06-20,0.009034272101274155
2019-06-21,-0.00427656854599702
2019-06-24,0.001085697338723801
2019-06-25,-0.005172557158071138
2019-06-26,-0.0037635606472925806
2019-06-27,0.004372208995410719
2019-06-28,0.0008072226132639782
2019-07-01,0.00229588863472351
2019-07-02,0.00196873529691828
2019-07-03,0.007667882184873121
2019-07-05,-0.00335436269745098
2019-07-08,-0.0019863337826169537
2019-07-09,0.0005794276754606032
2019-07-10,0.007246502042884201
2019-07-11,-0.0030559583101741608
2019-07-12,0.001590639493131504
2019-07-15,-0.0016036340834342268
2019-07-16,-0.004512477120238325
2019-07-17,-0.0031528104603939706
2019-07-18,0.00042627240128654317
2019-07-19,-0.004145325514134352
2019-07-22,-2.8476607035715466e-05
2019-07-23,0.0059121140417062725
2019-07-24,0.0006539203776497464
2019-07-25,-0.005278897605744731
2019-07-26,0.0028692804155788214
2019-07-29,0.0015635141404781493
2019-07-30,3.857605990819019e-05
2019-07-31,-0.005062585278057604
2019-08-01,-0.005588385579490944
2019-08-02,-0.0016266597329668005
2019-08-05,-0.01496527913682466
2019-08-06,0.005628789072171975
2019-08-07,0.0003115528575342247
2019-08-08,0.010473839332184555
2019-08-09,-0.0015455935617861476
2019-08-12,-0.004764992424095421
2019-08-13,0.009292132283977109
2019-08-14,-0.01616896374530143
2019-08-15,0.0028706945352761732
2019-08-16,0.0067455489994875046
2019-08-19,0.005074256100389599
2019-08-20,-0.002197355334154198
2019-08-21,0.004020628707019064
2019-08-22,-0.0008998828451651032
2019-08-23,-0.010559055227705194
2019-08-26,0.0050788562994953336
2019-08-27,0.0007098983376272669
2019-08-28,0.0038898812542722365
2019-08-29,0.005983972033408566
2019-08-30,-0.0022798637215233697
2019-09-03,-0.00019607981909730218
2019-09-04,0.011817878830103507
2019-09-05,0.0003007529838331517
2019-09-06,0.0019248804486706134
2019-09-09,0.00033891896088090014
2019-09-10,-0.002965885579188984
2019-09-11,0.0011151206818904478
2019-09-12,0.0017174932201191994
2019-09-13,-0.0029789092096892183
2019-09-16,0.009038325361946247
2019-09-17,5.945654597420464e-05
2019-09-18,-0.00201940182295069
2019-09-19,0.0025000935107909452
2019-09-20,7.359608628774734e-06
2019-09-23,0.00055966941476257
2019-09-24,-0.0040964067329654725
2019-09-25,-0.001493695203152526
2019-09-26,0.0024321711418193647
2019-09-27,-0.003345490365199105
2019-09-30,0.0001892593300846199
2019-10-01,-0.005794504159971645
2019-10-02,-0.009516018477650835
2019-10-03,0.005677049430048563
2019-10-04,0.007485520115839415
2019-10-07,-0.0024726350145429826
2019-10-08,-0.005743261176737818
2019-10-09,0.003767133520982505
2019-10-10,0.003163723229161048
2019-10-11,0.006566095789792712
2019-10-14,-0.001319082495194481
2019-10-15,0.003068920774473201
2019-10-16,0.0006616802649015369
2019-10-17,0.003105755147298848
2019-10-18,0.0006189871393753188
2019-10-21,0.0029735887614255156
2019-10-22,-0.000992915529173901
2019-10-23,0.004676680236271871
2019-10-24,0.0011818051960152732
2019-10-25,5.476260097801917e-05
2019-10-28,-0.0007119565027455717
2019-10-29,0.0008978170581835302
2019-10-30,0.0018507649042837314
2019-10-31,-0.0012647857898141655
2019-11-01,0.00685598677052018
2019-11-04,0.000695312110558813
2019-11-05,-0.00457053332355527
2019-11-06,-0.0011946953434528165
2019-11-07,-0.002408010976684052
2019-11-08,0.00014952937318639132
2019-11-11,-0.001263375809996818
2019-11-12,-0.000782738094713577
2019-11-13,0.002127662552415279
2019-11-14,0.001658360432230546
2019-11-15,0.00467035515914263
2019-11-18,-0.00036489926320449186
2019-11-19,-0.001417389063208993
2019-11-20,0.001232529474864162
2019-11-21,-0.002098550622578106
2019-11-22,0.00010109588565372727
2019-11-25,0.003861595909140786
2019-11-26,0.004519079730283948
2019-11-27,0.0008231019935822018
2019-11-29,-0.007198420669586932
2019-12-02,-0.006730371298465011
2019-12-03,0.001122792992452251
2019-12-04,0.0062588074690944975
2019-12-05,8.333162653013037e-06
2019-12-06,0.004736420408525172
2019-12-09,-0.0013830371864128332
2019-12-10,-0.0006350534636164414
2019-12-11,-0.0004738858227632094
2019-12-12,0.0005627923672268417
2019-12-13,0.0037412757278748785
2019-12-16,0.005398086349931173
2019-12-17,-0.0020960016807464424
2019-12-18,0.0017731059981947375
2019-12-19,0.0036197033256266616
2019-12-20,0.0018717939717311622
2019-12-23,-0.0005019689777702552
2019-12-24,0.0015596755971013
2019-12-26,0.004602977247092967
2019-12-27,0.0015933215046415768
2019-12-30,-0.0028883104756678305
2019-12-31,0.0008711934974009856
2020-01-02,0.0027105178322396704
2020-01-03,0.0009933252433204165
2020-01-06,0.0019603089218062607
2020-01-07,-0.003750430431889428
2020-01-08,-0.001179666791379251
2020-01-09,0.000973895752330589
2020-01-10,0.0006384109458565825
2020-01-13,0.003063499297488475
2020-01-14,0.00043118908555314856
2020-01-15,0.0017449701160605776
2020-01-16,0.003421749884867235
2020-01-17,0.001886719811746233
2020-01-21,-0.0004420068384005458
2020-01-22,-0.003560696218585543
2020-01-23,0.0002460495824924305
2020-01-24,-0.005609009543262609
2020-01-27,-0.01067064501773874
2020-01-28,0.005043990527480538
2020-01-29,-0.0008501999632105303
2020-01-30,-0.0009288305747892937
2020-01-31,-0.01007845959572145
2020-02-03,-0.0012717378754586546
2020-02-04,0.007570401176499653
2020-02-05,0.006554612663748188
2020-02-06,0.0028622693521752115
2020-02-07,-0.0031433578707509634
2020-02-10,0.0027321290841342324
2020-02-11,0.0034379687540461033
2020-02-12,0.005427091406220481
2020-02-13,-9.68286010483415e-05
2020-02-14,0.002401317543563905
2020-02-18,-0.00018925164613599918
2020-02-19,0.0007860287550745032
2020-02-20,0.00014728662640886602
2020-02-21,-0.0024134439351063204
2020-02-24,-0.01959279215606588
2020-02-25,-0.01791946202076929
2020-02-26,-0.004706548997722848
2020-02-27,-0.028036129451190356
2020-02-28,-0.008036668980177
2020-03-02,0.024184215588238647
2020-03-03,-0.005039994706493603
2020-03-04,0.021569124115764664
2020-03-05,-0.016638834962862732
2020-03-06,-0.01416022999838398
2020-03-09,-0.06018791506551706
2020-03-10,0.02872409733458529
2020-03-11,-0.03764479717679111
2020-03-12,-0.06957323535326503
2020-03-13,0.04728145387784259
2020-03-16,-0.0851130407782541
2020-03-17,0.023654091764494227
2020-03-18,-0.049938088804498355
2020-03-19,0.009172149478973046
2020-03-20,-0.018131053083265864
2020-03-23,-0.011956311279651613
2020-03-24,0.05580569977216972
2020-03-25,0.023729943896878172
2020-03-26,0.03441221314656026
2020-03-27,-0.010602820446160798
2020-03-30,0.014831448228107209
2020-03-31,-0.011601152598691546
2020-04-01,-0.03595356742372828
2020-04-02,0.013122276655345592
2020-04-03,-0.005239443774355974
2020-04-06,0.038774003877050586
2020-04-07,0.0039108020058146176
2020-04-08,0.02109006225882406
2020-04-09,0.019674834073735117
2020-04-13,-0.00917646500705962
2020-04-14,0.013582965498126843
2020-04-15,-0.020796906687127012
2020-04-16,-0.001517380868602129
2020-04-17,0.017365990540733126
2020-04-20,-0.0167622353644414
2020-04-21,-0.0224891012661014
2020-04-22,0.013049836137580144
2020-04-23,-0.0027074593561471514
2020-04-24,0.0034051615801790566
2020-04-27,0.007500404242121591
2020-04-28,0.0033345123785926342
2020-04-29,0.01676012955852341
2020-04-30,-0.005094089325062473
2020-05-01,-0.01871313564880142
2020-05-04,0.0019525849460391743
2020-05-05,0.008179328792445187
2020-05-06,-0.010901071398192921
2020-05-07,0.010812620803767875
2020-05-08,0.014959984660197649
2020-05-11,-0.006260004931697699
2020-05-12,-0.0165448982781616
2020-05-13,-0.01151595310830479
2020-05-14,0.005013489171445111
2020-05-15,0.00220026619504991
2020-05-18,0.030391451319407303
2020-05-19,-0.007463407330901156
2020-05-20,0.012877790883890742
2020-05-21,-0.0042528932610521415
2020-05-22,0.001345885046474711
2020-05-26,0.01721422198383322
2020-05-27,0.006967153293860529
2020-05-28,0.0033470897564462283
2020-05-29,0.002287315845502739
2020-06-01,0.010993219324647578
2020-06-02,0.0070042692331957045
2020-06-03,0.012621512780661318
2020-06-04,-0.0025025815163107513
2020-06-05,0.019115389541459193
2020-06-08,0.008871453710732616
2020-06-09,-0.006033460103763542
2020-06-10,-0.003855930683916498
2020-06-11,-0.04096581514787032
2020-06-12,0.013422837750728358
2020-06-15,0.007353357423535888
2020-06-16,0.011563891525130467
2020-06-17,-0.0036378989932339687
2020-06-18,-0.0015882021848003351
2020-06-19,-0.003274748567858865
2020-06-22,0.005400828227615591
2020-06-23,0.00018213679436388398
2020-06-24,-0.020557986048933646
2020-06-25,0.009407363187776362
2020-06-26,-0.013416555687215979
2020-06-29,0.0119279826396307
2020-06-30,0.0051916229714420534
2020-07-01,0.008073776214814091
2020-07-02,0.003812755244450525
2020-07-06,0.007598071813423835
2020-07-07,-0.008181922902782381
2020-07-08,0.0051605247378816435
2020-07-09,-0.0063779587687392576
2020-07-10,0.005678784559317893
2020-07-13,-0.0072181356157074985
2020-07-14,0.008166076417319727
2020-07-15,0.00839840208798376
2020-07-16,-0.005762982694705094
2020-07-17,0.0046176772459682325
2020-07-20,0.00017737903159568893
2020-07-21,0.004381616872966447
2020-07-22,0.006050813875440887
2020-07-23,-0.005082187153245034
2020-07-24,-0.0036486544843457136
2020-07-27,0.007528428866231531
2020-07-28,0.0008195051065872688
2020-07-29,0.009775908019889097
2020-07-30,-0.006962960427496344
2020-07-31,-0.0019321768939150963
2020-08-03,0.004526555001578525
2020-08-04,0.006629383091122354
2020-08-05,0.0019323165022906005
2020-08-06,0.003632138761487522
2020-08-07,-0.0009334588603002719
2020-08-10,0.0024261876155678578
2020-08-11,-0.007641314860414711
2020-08-12,0.010791350528981773
2020-08-13,-0.00306017585459634
2020-08-14,-0.0010956613525752593
2020-08-17,0.007423822242551552
2020-08-18,0.00014805733032760083
2020-08-19,-0.006084420000931803
2020-08-20,0.0021661426028663925
2020-08-21,-0.001770477921224783
2020-08-24,0.006731758206014513
2020-08-25,0.0025130166187872587
2020-08-26,0.0016869019941700568
2020-08-27,-0.00010926612960054883
2020-08-28,0.00569146809787731
2020-08-31,-0.004220816289043325
2020-09-01,0.0031997361434548946
2020-09-02,0.006892654502374708
2020-09-03,-0.015347097130506006
2020-09-04,-0.0053195578965441965
2020-09-08,-0.014790667321371116
2020-09-09,0.01143005825936444
2020-09-10,-0.010001554416175295
2020-09-11,0.0027003312544220327
2020-09-14,0.008568636833515365
2020-09-15,0.005703188432632635
2020-09-16,0.0038387876669454543
2020-09-17,-0.003045080663918534
2020-09-18,-0.007708443231451196
2020-09-21,-0.01785654942109239
2020-09-22,0.0034441472659359207
2020-09-23,-0.0146255647177909
2020-09-24,0.0024497724260223266
2020-09-25,0.008198161548027078
2020-09-28,0.012087381117152008
2020-09-29,-0.0048981171480872365
2020-09-30,0.0029365943275023254
2020-10-01,0.004099002594725659
2020-10-02,-0.0015026646673949526
2020-10-05,0.011620858961860905
2020-10-06,-0.0050557410728204145
2020-10-07,0.005665753257796065
2020-10-08,0.008843199451162815
2020-10-09,0.003065286799318275
2020-10-12,0.0034158493080601706
2020-10-13,-0.006082468645352539
2020-10-14,-0.002612348286090771
2020-10-15,-0.0011582571209698272
2020-10-16,-0.0020714171054532025
2020-10-19,-0.007071902903463569
2020-10-20,0.005060479978949194
2020-10-21,-0.003837447002704753
2020-10-22,0.0011300808528940214
2020-10-23,0.001963980768373928
2020-10-26,-0.012506107652859848
2020-10-27,-0.0036451165824093173
2020-10-28,-0.022935180250424427
2020-10-29,0.0023327166410264015
2020-10-30,-0.005092977400837011
2020-11-02,0.01362760740839585
2020-11-03,0.013400328467020373
2020-11-04,0.010854092303534414
2020-11-05,0.010526606695370425
2020-11-06,-0.002421697553763396
2020-11-09,0.016570504560280058
2020-11-10,0.007765007774573703
2020-11-11,0.0041137170424848084
2020-11-12,-0.007957400765392324
2020-11-13,0.009997807489992468
2020-11-16,0.008494657165712346
2020-11-17,2.7398352341465558e-05
2020-11-18,-0.007123164313002524
2020-11-19,0.003245816883834321
2020-11-20,-0.00047118863709765094
2020-11-23,0.0015130699619534701
2020-11-24,0.011202892794408139
2020-11-25,0.0013499620114466758
2020-11-27,0.001218193459670804
2020-11-30,-0.00861261999827075
2020-12-01,0.007801025753661853
2020-12-02,-0.0005936068534532174
2020-12-03,0.002785359660083731
2020-12-04,0.006540968448038389
2020-12-07,-0.0031521772948975655
2020-12-08,0.0010688734724775349
2020-12-09,-0.002896921363669925
2020-12-10,0.0027727008563563325
2020-12-11,-0.0011888002775131716
2020-12-14,-0.0011850774350205028
2020-12-15,0.01017068239536348
2020-12-16,0.0022679080594814023
2020-12-17,0.006661015262224131
2020-12-18,-0.005338783808116753
2020-12-21,-0.006275445934297292
2020-12-22,-0.0013142371897403439
2020-12-23,0.003118961160889862
2020-12-24,0.003445157206338624
2020-12-28,0.003323546414579927
2020-12-29,-0.0002714789902966627
2020-12-30,0.0030344957611118436
2020-12-31,0.0023721129576786118
2021-01-04,-0.009206061815445695
2021-01-05,0.008866924430156372
2021-01-06,0.0029257362377437344
2021-01-07,0.0030132072154460694
2021-01-08,0.005961690796659065
2021-01-11,-0.00842779578135839
2021-01-12,0.005205259789191024
2021-01-13,0.002879298090270802
2021-01-14,0.003446295282295387
2021-01-15,-0.00459579293319558
2021-01-19,0.003231484971334615
2021-01-20,0.00816104082594164
2021-01-21,-0.00102908328609646
2021-01-22,-0.004281573173739121
2021-01-25,0.004998257601761043
2021-01-26,0.0017198761792599389
2021-01-27,-0.01330804989744502
2021-01-28,0.0026596445509190357
2021-01-29,-0.010535732733462732
2021-02-01,0.014343213612772267
2021-02-02,0.00708721184089244
2021-02-03,0.001059742712734953
2021-02-04,0.004812433433309278
2021-02-05,0.003322244250010124
2021-02-08,0.0071574167955205225
2021-02-09,0.002554040141103512
2021-02-10,0.000444239405262233
2021-02-11,0.001577634284022434
2021-02-12,0.003956756000961825
2021-02-16,0.0009725053298928962
2021-02-17,-0.0006274097996359917
2021-02-18,-0.0034252618648999457
2021-02-19,0.0004569564774604515
2021-02-22,0.00375908327222379
2021-02-23,0.002782605408978171
2021-02-24,0.007148922186204219
2021-02-25,-0.016331709889101185
2021-02-26,-0.00919803120059214
2021-03-01,0.0075729876905652966
2021-03-02,-0.0024915881524099535
2021-03-03,-0.004889737941609568
2021-03-04,-0.00454484422978649
2021-03-05,0.010985947270017659
2021-03-08,-0.003522034192781411
2021-03-09,0.007810565815485488
2021-03-10,0.005796179611224075
2021-03-11,0.008360852610139724
2021-03-12,0.0017465313397622912
2021-03-15,0.003868990179555021
2021-03-16,-0.0015677633407943279
2021-03-17,0.0016996526006914474
2021-03-18,-0.017526704224929
2021-03-19,0.001689262598409398
2021-03-22,0.0034940668825285005
2021-03-23,-0.009264651938750906
2021-03-24,0.002357173761145764
2021-03-25,-0.00017034439961352912
2021-03-26,0.014224097182841521
2021-03-29,-0.0024871439240511115
2021-03-30,-0.0039341323876989085
2021-03-31,-0.0004604128160533729
2021-04-01,0.01266423980443936
2021-04-05,0.0030041800047085915
2021-04-06,-2.189713230125415e-05
2021-04-07,0.0012704963941194548
2021-04-08,0.00310539867159632
2021-04-09,0.0005977298325998634
2021-04-12,0.00014265022813917262
2021-04-13,0.005722396880497039
2021-04-14,0.0027439580320671297
2021-04-15,0.00986197413755301
2021-04-16,0.001669204119082004
2021-04-19,-0.0009210507678234305
2021-04-20,-0.003165215413541373
2021-04-21,0.004573475922829574
2021-04-22,-0.0018088062068749688
2021-04-23,0.006723221093840364
2021-04-26,0.002322390027576168
2021-04-27,0.00018105820624998405
2021-04-28,0.0006233584787255473
2021-04-29,0.0040659268373221666
2021-04-30,-0.00451073810109498
2021-05-03,0.004821236918569309
2021-05-04,-0.002154300817764871
2021-05-05,0.0004594229371871184
2021-05-06,0.005427606588998332
2021-05-07,0.00836733169442987
2021-05-10,-0.004896205600407004
2021-05-11,-0.005116728343941895
2021-05-12,-0.013688091846701268
2021-05-13,0.0015700567920752437
2021-05-14,0.010882484364636593
2021-05-17,0.0016211781094595669
2021-05-18,-0.0022158900575042348
2021-05-19,-0.007609962933734787
2021-05-20,0.005764261574060381
2021-05-21,0.001867128894566747
2021-05-24,0.008700507685278363
2021-05-25,-0.0003707559578422731
2021-05-26,0.0012619480848174258
2021-05-27,0.0028194248818054777
2021-05-28,0.0013763682753047356
2021-06-01,0.007668347277408918
2021-06-02,0.004602663321250618
2021-06-03,-0.004646830280116171
2021-06-04,0.0069617205666251515
2021-06-07,0.0029866199786419026
2021-06-08,0.004170578905058442
2021-06-09,-0.0008760082885622253
2021-06-10,0.00435901258232412
2021-06-11,-0.0009113338643001484
2021-06-14,-0.00019287968977731878
2021-06-15,-0.003064272622354468
2021-06-16,-0.00617477510250367
2021-06-17,-0.006182030790435468
2021-06-18,-0.00707170333760708
2021-06-21,0.011435607397519688
2021-06-22,0.0007396248178567549
2021-06-23,-0.0009970045285481776
2021-06-24,0.0033876584566898452
2021-06-25,0.0012322563840528639
2021-06-28,-0.0009352297258552043
2021-06-29,0.0006655665263654853
2021-06-30,-0.0002189200763488006
2021-07-01,0.0030753032649700847
2021-07-02,0.005410527733371547
2021-07-06,-0.004618986489885826
2021-07-07,0.0006556885874603456
2021-07-08,-0.0025419112549960876
2021-07-09,0.01013091637001631
2021-07-12,0.003501643130216306
2021-07-13,-0.003481047380567962
2021-07-14,0.0010487389267399704
2021-07-15,-0.002475866811053013
2021-07-16,-0.0031966711133424902
2021-07-19,-0.016546723558475876
2021-07-20,0.011746313081496266
2021-07-21,0.007465107369408907
2021-07-22,0.0009526898889381725
2021-07-23,0.005856216113314178
2021-07-26,0.0021930100230360466
2021-07-27,-0.0008711846883009315
2021-07-28,0.0011942939970626093
2021-07-29,0.005164498464633032
2021-07-30,-0.0022934044499720533
2021-08-02,-0.0011244506848062789
2021-08-03,0.002432893092292405
2021-08-04,-0.005483442527321119
2021-08-05,0.006811648561871251
2021-08-06,-0.0036050083551755494
2021-08-09,-0.004591687039030651
2021-08-10,0.0020382587291976452
2021-08-11,0.005068506002840055
2021-08-12,-7.101840130203994e-05
2021-08-13,0.0026689162048611926
2021-08-16,-0.000876978293428708
2021-08-17,-0.00570556095087306
2021-08-18,-0.007219479281843983
2021-08-19,-0.003054581225448174
2021-08-20,-0.0015322854909664975
2021-08-23,0.010525063158895027
2021-08-24,0.0035014739224317856
2021-08-25,0.001369778303137879
2021-08-26,-0.0037195968613218445
2021-08-27,0.008892084343197324
2021-08-30,0.003951430018028865
2021-08-31,-0.0007556666710375705
2021-09-01,0.004271750899400054
2021-09-02,0.005026131794760759
2021-09-03,0.0006251929902670953
2021-09-07,-0.00588722707299529
2021-09-08,0.001205903128960822
2021-09-09,-0.006162529142072666
2021-09-10,-0.0029693088774288513
2021-09-13,0.005234167251684717
2021-09-14,-0.0016123922603935607
2021-09-15,0.005839631102572259
2021-09-16,-0.0025122224333921726
2021-09-17,-0.008568787787744933
2021-09-20,-0.009600284658681428
2021-09-21,0.001976295709566285
2021-09-22,0.007367229414986798
2021-09-23,0.005454811965709079
2021-09-24,-0.0033770776739804596
2021-09-27,-0.0012163058075525305
2021-09-28,-0.01207550246940859
2021-09-29,0.0017852203067730173
2021-09-30,-0.004960610370054236
2021-10-01,0.009181156922122033
2021-10-04,-0.0016750789817378978
2021-10-05,0.003943999266692554
2021-10-06,-0.0018625196410277066
2021-10-07,0.0055396902580716455
2021-10-08,-0.0020492636175597156
2021-10-11,-0.0007383937434527308
2021-10-12,0.0031418308887220547
2021-10-13,0.005676327798366913
2021-10-14,0.010321067309080322
2021-10-15,0.00372498027499145
2021-10-18,-0.001204474453818222
2021-10-19,0.0025912458073271936
2021-10-20,0.006774751761499787
2021-10-21,-0.0037019595086375326
2021-10-22,0.003372503286381425
2021-10-25,0.0025839074454996605
2021-10-26,0.001653319027180826
2021-10-27,-0.005939867046210777
2021-10-28,0.007176015948097685
2021-10-29,-0.003940284419041894
2021-11-01,0.00475707266031173
2021-11-02,0.0023882473042396942
2021-11-03,-0.002238417801357022
2021-11-04,-0.001146854860577676
2021-11-05,0.005888830431703294
2021-11-08,0.0003477321928712534
2021-11-09,0.001762416700553209
2021-11-10,-0.009183942354246796
2021-11-11,0.0018803188567687544
2021-11-12,0.0025931818675549653
2021-11-15,0.0004246065829158377
2021-11-16,-0.001428409153544752
2021-11-17,-0.0011756460121325203
2021-11-18,0.0016994041487347349
2021-11-19,-0.005917733249626114
2021-11-22,-0.0027425356159429953
2021-11-23,0.004462018660554028
2021-11-24,0.00150208235172184
2021-11-26,-0.024868611815658963
2021-11-29,0.004562924728122592
2021-11-30,-0.013753876234083147
2021-12-01,-0.007962854278246626
2021-12-02,0.012871699933123596
2021-12-03,-0.0018201106199230562
2021-12-06,0.010280446312045246
2021-12-07,0.013481473092417122
2021-12-08,0.004379867405820868
2021-12-09,-0.008441340080372988
2021-12-10,0.005353848151705816
2021-12-13,-0.0017992261446716147
2021-12-14,-0.007118993329626233
2021-12-15,0.009346518974740255
2021-12-16,-3.291831806610107e-05
2021-12-17,-0.006829706396657219
2021-12-20,-0.005687777193063948
2021-12-21,0.011442387644307054
2021-12-22,0.008470259997975106
2021-12-23,0.002867092737280341
2021-12-27,0.010364596331025263
2021-12-28,0.00023539046164835272
2021-12-29,0.0014580082266702867
2021-12-30,-0.0005010539792759948
2021-12-31,-0.001311406842679241
2022-01-03,-0.0002051186332072037
2022-01-04,0.0031160111986365743
2022-01-05,-0.013029366107325845
2022-01-06,0.0001951318829926462
2022-01-07,-0.0018074446900453733
2022-01-10,-0.004150873018628619
2022-01-11,0.008655841425409807
2022-01-12,0.004337755736201511
2022-01-13,-0.006086681051435243
2022-01-14,-0.0007087485465340445
2022-01-18,-0.008546016390719755
2022-01-19,-0.0033734670392700037
2022-01-20,-0.0060482500879884896
2022-01-21,-0.005811010111715587
2022-01-24,-0.0013506602794003363
2022-01-25,-0.0028953843380038567
2022-01-26,-0.0053535408742952685
2022-01-27,-0.0033862734971305767
2022-01-28,0.01276088128421386
2022-01-31,0.009706715468237
2022-02-01,0.003067885784707435
2022-02-02,0.007192577839777968
2022-02-03,-0.010409095536001403
2022-02-04,-0.0005191993823756042
2022-02-07,-9.172308405684654e-05
2022-02-08,-0.0006653788649028879
2022-02-09,0.012983080467144916
2022-02-10,-0.013741158734225632
2022-02-11,-0.0037415845126588616
2022-02-14,-0.004102968310464139
2022-02-15,0.004800680164451988
2022-02-16,0.002615881195703434
2022-02-17,-0.006922367079130155
2022-02-18,-0.00191344701064966
2022-02-22,-0.0023652095087644816
2022-02-23,-0.007621564187654516
2022-02-24,0.005777792998637704
2022-02-25,0.011099137146898815
2022-02-28,-0.0015996028819230373
2022-03-01,0.001406052685082859
2022-03-02,0.013406740543576498
2022-03-03,-0.0002730907507968181
2022-03-04,0.003818336947429668
2022-03-07,-0.012731812658431992
2022-03-08,0.0013484220692718592
2022-03-09,-0.000736875412203312
2022-03-10,-0.0059531421629279505
2022-03-11,-0.0028865633028167786
2022-03-14,-0.009561165124625817
2022-03-15,0.0026330078101813943
2022-03-16,0.011994882639121138
2022-03-17,0.016507969417455682
2022-03-18,0.005685396345876825
2022-03-21,0.0022729191957668194
2022-03-22,0.003182193117220219
2022-03-23,-0.0011390526764874463
2022-03-24,0.0030357881964835185
2022-03-25,0.003004784547716614
2022-03-28,-0.00543140368989284
2022-03-29,0.014660384253572694
2022-03-30,0.0008775018245928412
2022-03-31,-0.012154016263881549
2022-04-01,0.006332596303933768
2022-04-04,0.005236645392009426
2022-04-05,-0.01022555030030848
2022-04-06,-0.004229146040203026
2022-04-07,-0.00035527031564892126
2022-04-08,0.0013619445864004064
2022-04-11,-0.010281999362179673
2022-04-12,0.0043572448384755925
2022-04-13,0.010698584282806773
2022-04-14,-0.004537545340439066
2022-04-18,-0.0001979348506945738
2022-04-19,0.002016533688964434
2022-04-20,0.0062924718756557085
2022-04-21,-0.007887124684595327
2022-04-22,-0.0159919805178292
2022-04-25,-0.00041155599182685944
2022-04-26,-0.010658710410877584
2022-04-27,0.00044310142779823114
2022-04-28,0.01293489928019639
2022-04-29,-0.021502569903317035
2022-05-02,-0.0025202532239684858
2022-05-03,0.0023246597641030714
2022-05-04,0.01944675225623374
2022-05-05,-0.0219552411927881
2022-05-06,-0.006442622601923158
2022-05-09,-0.028866302178006675
2022-05-10,-0.0021832037106745503
2022-05-11,0.001340246061107327
2022-05-12,0.002477401409901731
2022-05-13,0.01728496238604809
2022-05-16,0.0022193422024660943
2022-05-17,0.006845264834845072
2022-05-18,-0.02156749775211229
2022-05-19,0.003095360706419676
2022-05-20,0.003962253592635532
2022-05-23,0.009727730519951627
2022-05-24,0.0014299801126583015
2022-05-25,0.005358980526158181
2022-05-26,0.008544186144167248
2022-05-27,0.0153429059571848
2022-05-31,-0.008170341748261327
2022-06-01,-0.0055416222406804334
2022-06-02,0.015578421512494004
2022-06-03,-0.007323717457612569
2022-06-06,0.00016610841200750178
2022-06-07,0.007436707910526032
2022-06-08,-0.008553525597647146
2022-06-09,-0.013543702438579757
2022-06-10,-0.019002555368919954
2022-06-13,-0.030043946378091484
2022-06-14,-0.007817533496245728
2022-06-15,0.014251876889330054
2022-06-16,-0.014148371290768194
2022-06-17,-0.005983719789918423
2022-06-21,0.009303054154125035
2022-06-22,-0.00015513032670238548
2022-06-23,0.0021631179879929847
2022-06-24,0.017740306327016113
2022-06-27,-0.003465597719955536
2022-06-28,-0.005199340012280019
2022-06-29,-0.003967860762232272
2022-06-30,-0.0077133517985569855
2022-07-01,0.009395873196367905
2022-07-05,-0.017236684138241032
2022-07-06,-0.004188140601067035
2022-07-07,0.01358281155479775
2022-07-08,0.0012859093899792104
2022-07-11,-0.0047782181830038385
2022-07-12,-0.011255862216025384
2022-07-13,-0.00010892505915776826
2022-07-14,-0.00802953651096367
2022-07-15,0.013659936475089281
2022-07-18,0.0009237076352811048
2022-07-19,0.015890720372713284
2022-07-20,-0.0008704532186555633
2022-07-21,0.004598081401388664
2022-07-22,-0.0014266177203378664
2022-07-25,0.005027611883849873
2022-07-26,-0.0044497934005987595
2022-07-27,0.016077885860219392
2022-07-28,0.012156130517313408
2022-07-29,0.007797780597113162
2022-08-01,-0.00481360885405745
2022-08-02,-0.010854670874848824
2022-08-03,0.004059072811421867
2022-08-04,-0.0005642383619763227
2022-08-05,-0.004805631956263823
2022-08-08,0.005628197268099119
2022-08-09,0.0003052901256729156
2022-08-10,0.014629755836591072
2022-08-11,0.002001983292164269
2022-08-12,0.008078788205930217
2022-08-15,-0.0013162510645842156
2022-08-16,-0.00265764388918669
2022-08-17,-0.004778276146279613
2022-08-18,0.0020143292889294555
2022-08-19,-0.009343278751741273
2022-08-22,-0.011047391108097633
2022-08-23,-0.00017901787762341552
2022-08-24,0.0034687218473927386
2022-08-25,0.00645722263526281
2022-08-26,-0.01644857281824696
2022-08-29,-0.001791009564950464
2022-08-30,-0.011994514252689487
2022-08-31,-0.00881937185003258
2022-09-01,-0.007581195181255166
2022-09-02,-0.0037332067287236675
2022-09-06,-0.002858242321970344
2022-09-07,0.0057655610070408035
2022-09-08,0.0020936869693113473
2022-09-09,0.01604646006542172
2022-09-12,0.009150187293147701
2022-09-13,-0.02550062382234522
2022-09-14,9.24077252450001e-05
2022-09-15,-0.014244638662348858
2022-09-16,-0.0032703398934041403
2022-09-19,0.0020587474315283006
2022-09-20,-0.012041256469858572
2022-09-21,-0.009656686663561908
2022-09-22,-0.007228772340800322
2022-09-23,-0.018919715980653087
2022-09-26,-0.0185298274306538
2022-09-27,-0.003767823873037866
2022-09-28,0.023009915086314513
2022-09-29,-0.014567681894478993
2022-09-30,-0.004566727025431049
2022-10-03,0.01971783616745401
2022-10-04,0.02403697100113199
2022-10-05,-0.004835940219736342
2022-10-06,-0.010981650701202881
2022-10-07,-0.012499459263837373
2022-10-10,-0.007938569364327986
2022-10-11,-0.0038135696625287174
2022-10-12,-0.0027376211794476165
2022-10-13,0.01503878817444675
2022-10-14,-0.01757348252386967
2022-10-17,0.017294033363785655
2022-10-18,0.004336140762184471
2022-10-19,-0.01103802835499025
2022-10-20,-0.004335697326630292
2022-10-21,0.010765187585182944
2022-10-24,0.002772689247911059
2022-10-25,0.019096587585328555
2022-10-26,0.005010109615927516
2022-10-27,-0.0009185111517304076
2022-10-28,0.007749669763801356
2022-10-31,-0.005857937959398765
2022-11-01,0.0036210647127931823
2022-11-02,-0.01197585076887946
2022-11-03,-0.005057022042330202
2022-11-04,0.019928087938617764
2022-11-07,9.683340004264327e-05
2022-11-08,0.0028485631176285472
2022-11-09,-0.01290417713194246
2022-11-10,0.04303224879227156
2022-11-11,0.009311056531891359
2022-11-14,-0.012149084726621188
2022-11-15,0.009058964611460977
2022-11-16,-0.004555739087111746
2022-11-17,-0.006755800365929068
2022-11-18,0.0017619275639547828
2022-11-21,-0.0019811774176624304
2022-11-22,0.009788929599568863
2022-11-23,0.001916614396846341
2022-11-25,0.0004425457057238153
2022-11-28,-0.012241741852055506
2022-11-29,0.005299394792067234
2022-11-30,0.020768252507897905
2022-12-01,0.002536677382343265
2022-12-02,-0.0026806218008849367
2022-12-05,-0.017039061474358737
2022-12-06,-0.007634761974092935
2022-12-07,0.0008120733321535573
2022-12-08,0.002535817455737541
2022-12-09,-0.002977762132245068
2022-12-12,0.006910961802110846
2022-12-13,0.013197584822988107
2022-12-14,-0.0007286144461628909
2022-12-15,-0.014726982422233078
2022-12-16,-0.012326371468836323
2022-12-19,-0.00672460022078067
2022-12-20,2.9267933140221698e-05
2022-12-21,0.009599072916415277
2022-12-22,-0.007925956323723279
2022-12-23,0.00636968263808735
2022-12-27,-0.00034043438551827065
2022-12-28,-0.010740579353102662
2022-12-29,0.011867029035029049
2022-12-30,-0.0030518681446401194
2023-01-03,-0.0021286313656124897
2023-01-04,0.006665271579159404
2023-01-05,-0.010964818856546809
2023-01-06,0.018771065497368997
2023-01-09,0.0036966635705046754
2023-01-10,0.001181138722989727
2023-01-11,0.016082790718631012
2023-01-12,0.009640226531795932
2023-01-13,0.0014832195835339382
2023-01-17,0.0015680274027414644
2023-01-18,-0.0062520079852463354
2023-01-19,-0.0012321975486872276
2023-01-20,0.007733286714319211
2023-01-23,0.003961022453647881
2023-01-24,7.893764368281306e-05
2023-01-25,0.0011624623226237862
2023-01-26,0.004759481563993421
2023-01-27,-0.00021193758331165087
2023-01-30,-0.00955410187228228
2023-01-31,0.012740750133391116
2023-02-01,0.002789274358408955
2023-02-02,0.0056088435514975
2023-02-03,-0.014916782285080605
2023-02-06,-0.00585250317371178
2023-02-07,0.007179388575331508
2023-02-08,-0.0032186253638732593
2023-02-09,-0.005997956939855226
2023-02-10,0.002149812344897412
2023-02-13,0.006195844105334955
2023-02-14,-0.0015546411421422423
2023-02-15,-0.002175778865874117
2023-02-16,-0.006922788155600594
2023-02-17,-0.001698172983806305
2023-02-21,-0.012158543477795887
2023-02-22,-0.0054363909465109375
2023-02-23,0.00590244037537949
2023-02-24,-0.010861002702531918
2023-02-27,0.004139581473582869
2023-02-28,-0.0015699580542664821
2023-03-01,-0.00038822856194776925
2023-03-02,0.002742691227854279
2023-03-03,0.01394510298843224
2023-03-06,-0.002458446161699647
2023-03-07,-0.015163987425467892
2023-03-08,0.002563353654791816
2023-03-09,-0.01093417033143994
2023-03-10,-0.005878269578597112
2023-03-13,0.0021806204962524405
2023-03-14,0.0034481752231793755
2023-03-15,-0.009302233664620522
2023-03-16,0.005054878192240989
2023-03-17,-0.007530567694373779
2023-03-20,0.007316182660635203
2023-03-21,0.0037190743809833223
2023-03-22,-0.008442169499451193
2023-03-23,-3.9844241002455656e-05
2023-03-24,0.006885835860639787
2023-03-27,0.003312921457503307
2023-03-28,-2.3280805042599512e-05
2023-03-29,0.008115858927794033
2023-03-30,0.007882194632964436
2023-03-31,0.011072480387924438
2023-04-03,0.005004091891944708
2023-04-04,-0.00029645258451672186
2023-04-05,-0.00139724318365585
2023-04-06,0.002579093540069644
2023-04-10,-0.0009841625521676885
2023-04-11,0.0025655098335648475
2023-04-12,0.0016552057753298688
2023-04-13,0.003946172889730698
2023-04-14,-0.005144538081767368
2023-04-17,0.00242369307712381
2023-04-18,0.001503754792884803
2023-04-19,-0.002691035153099327
2023-04-20,-0.0036487034123696797
2023-04-21,0.0002864322023428481
2023-04-24,0.0025452828193706692
2023-04-25,-0.00881309755444447
2023-04-26,-0.006729635206480049
2023-04-27,0.009936768731034246
2023-04-28,0.007470109226116736
2023-05-01,-0.006039880652121757
2023-05-02,-0.009602216443077117
2023-05-03,-0.0028687976680348143
2023-05-04,0.0005822465321403312
2023-05-05,0.013382780126436915
2023-05-08,-0.0013147691215253986
2023-05-09,-0.002173838702517442
2023-05-10,0.0033455399611489497
2023-05-11,-0.005733509888465016
2023-05-12,-0.0034171783692941602
2023-05-15,0.0037264041108750314
2023-05-16,-0.011063688507548372
2023-05-17,0.00779153400347157
2023-05-18,-0.0024109905428608327
2023-05-19,-0.0004490644718132047
2023-05-22,0.0011625649577054042
2023-05-23,-0.00594545551702587
2023-05-24,-0.009095291863517586
2023-05-25,-0.002984593539571996
2023-05-26,0.010426508489105915
2023-05-30,-0.004288010686844172
2023-05-31,-0.00366937927801763
2023-06-01,0.00871177297701353
2023-06-02,0.011338289846656985
2023-06-05,-0.0035118102037099167
2023-06-06,0.0044015389926377905
2023-06-07,0.0005426254375206124
2023-06-08,0.003773324094438071
2023-06-09,-0.00307759240012423
2023-06-12,0.00031351508419038394
2023-06-13,0.005765980672362178
2023-06-14,0.0024421281289842504
2023-06-15,0.011436545154574968
2023-06-16,0.0003840349299297824
2023-06-20,-0.007231535449778634
2023-06-21,0.0011765551990917953
2023-06-22,-0.008228242290456086
2023-06-23,-0.008672598910195893
2023-06-26,0.004811246148173269
2023-06-27,0.0024519828117299837
2023-06-28,0.0007144470008711634
2023-06-29,0.0007715523810604571
2023-06-30,0.008050145551703473
2023-07-03,0.0011121675342909106
2023-07-05,-0.0018044573410867532
2023-07-06,-0.008634200132379706
2023-07-07,0.0019583152711099465
2023-07-10,0.0034035917914404194
2023-07-11,0.00869279661987853
2023-07-12,0.009921995679835174
2023-07-13,0.010552612824950056
2023-07-14,-0.003978828327993135
2023-07-17,-0.0021279716796678595
2023-07-18,0.0045657795689458425
2023-07-19,0.004369657172884435
2023-07-20,-0.003998969209263605
2023-07-21,0.00259317176427605
2023-07-24,0.005139376890951073
2023-07-25,-0.00030593614579419327
2023-07-26,0.0011902097687738217
2023-07-27,-0.008771675996614152
2023-07-28,0.005130424747250706
2023-07-31,0.0027968513081431797
2023-08-01,-0.005623447543456416
2023-08-02,-0.011070519431452173
2023-08-03,-0.0028870000308508417
2023-08-04,0.0004780912562300033
2023-08-07,0.005535863152891972
2023-08-08,-0.002575840036472957
2023-08-09,0.00010222748172160887
2023-08-10,-0.0024235110797491935
2023-08-11,-0.0025377270733787454
2023-08-14,-0.0023980615201061434
2023-08-15,-0.009826692104095765
2023-08-16,-0.007168914944171147
2023-08-17,-0.004304959656769322
2023-08-18,0.002749525118744121
2023-08-21,-0.0015286212174030309
2023-08-22,-0.00016122849972459875
2023-08-23,0.010138015951908597
2023-08-24,-0.006837207695864095
2023-08-25,0.004825619398834308
2023-08-28,0.005476727333250116
2023-08-29,0.009960302469306234
2023-08-30,0.00166576956688476
2023-08-31,-0.0013270671878128845
2023-09-01,0.0017325054350431999
2023-09-05,-0.005179951710004427
2023-09-06,-0.002216887755255825
2023-09-07,0.0002797294520343065
2023-09-08,-0.00032012864560056496
2023-09-11,0.004268102713985536
2023-09-12,-0.0010187729662945871
2023-09-13,-0.0017030820025337142
2023-09-14,0.009177965558414054
2023-09-15,-0.004699280039660616
2023-09-18,-0.002248655164253383
2023-09-19,-0.0017317405821750914
2023-09-20,-0.003930670770976469
2023-09-21,-0.015565213002755821
2023-09-22,-0.0008485203032030071
2023-09-25,-0.0026482640247155924
2023-09-26,-0.009480388499174505
2023-09-27,-0.0014232437824558998
2023-09-28,0.005022758913938251
2023-09-29,-0.002575814731039596
2023-10-02,-0.0098304315000453
2023-10-03,-0.011629934542917563
2023-10-04,-0.00011727703893759609
2023-10-05,0.0020041528293454993
2023-10-06,0.004735334773655266
2023-10-09,0.009926040624745933
2023-10-10,0.003860301719281065
2023-10-11,0.005064285601222599
2023-10-12,-0.007811269735221906
2023-10-13,0.0031777519916723557
2023-10-16,0.004111172263394278
2023-10-17,-0.0015780249030183675
2023-10-18,-0.009582865185975922
2023-10-19,-0.007181965396746173
2023-10-20,-0.005926121012727328
2023-10-23,-0.0024921638297995263
2023-10-24,0.003394623774184968
2023-10-25,-0.008918311973687356
2023-10-26,-0.0001985724703654143
2023-10-27,-0.0017256038990953885
2023-10-30,0.002317439086174243
2023-10-31,0.00421276510806618
2023-11-01,0.007897697025604593
2023-11-02,0.01784176952047281
2023-11-03,0.009202816844529251
2023-11-06,-0.0037818803313223208
2023-11-07,-0.005441392776947874
2023-11-08,-0.0008807531699587709
2023-11-09,-0.007217108816721248
2023-11-10,0.007114858448614668
2023-11-13,0.0014556035850558854
2023-11-14,0.02268441189522392
2023-11-15,-0.002176784245142399
2023-11-16,-0.0036420903771500904
2023-11-17,0.0058197276224351896
2023-11-20,0.006547016033696926
2023-11-21,-0.0012074610480856782
2023-11-22,0.0005140181091236166
2023-11-24,-0.0001340567278315687
2023-11-27,-0.00014327896407326918
2023-11-28,0.004888916097356495
2023-11-29,0.004122446851720651
2023-11-30,-0.0022632769619946986
2023-12-01,0.009175211909664865
2023-12-04,-0.003328083475853554
2023-12-05,-0.0024512067403402804
2023-12-06,-0.004851063071302897
2023-12-07,0.00312082811697864
2023-12-08,0.0007162814764307944
2023-12-11,0.0011450219952857882
2023-12-12,-0.0014905538560566276
2023-12-13,0.018609050179022438
2023-12-14,0.012859183057347899
2023-12-15,-0.004914479140316492
2023-12-18,0.002162184227451385
2023-12-19,0.006333887514359248
2023-12-20,-0.008558686835637394
2023-12-21,0.0069558339507807924
2023-12-22,0.0008237880003577509
2023-12-26,0.005342197480486465
2023-12-27,0.003068226929903043
2023-12-28,-0.0014995580979845836
2023-12-29,-0.004317664835991166
2024-01-02,-0.003988490953289338
2024-01-03,-0.004899053814380126
2024-01-04,-0.0028415842849597228
2024-01-05,0.00017549224633776265
2024-01-08,0.0056141756673927755
2024-01-09,-0.0020468718098658216
2024-01-10,0.000979283554586491
2024-01-11,0.0005656299281706898
2024-01-12,0.0034542322663885586
2024-01-16,-0.008890436470073006
2024-01-17,-0.0075920052879877185
2024-01-18,0.0033100842346465605
2024-01-19,0.005006145818442444
2024-01-22,0.0036761569249945405
2024-01-23,-0.0007617816520021482
2024-01-24,3.093123051860387e-05
2024-01-25,0.0066072397255991944
2024-01-26,0.000607386903947207
2024-01-29,0.0035880112425169526
2024-01-30,-0.000685273548005469
2024-01-31,-0.0066478063901423195
2024-02-01,0.007034971027421641
2024-02-02,-0.006847373653868618
2024-02-05,-0.007126134904887011
2024-02-06,0.006309665121098799
2024-02-07,0.0018288842392888626
2024-02-08,0.0018055723334507057
2024-02-09,0.0023380078883276263
2024-02-12,0.0005867987721309166
2024-02-13,-0.01331103567611094
2024-02-14,0.004468569644400605
2024-02-15,0.009299690497202966
2024-02-16,-0.0031575283125988246
2024-02-20,-0.0013836126731781085
2024-02-21,0.0016398147331896222
2024-02-22,0.00732854146552781
2024-02-23,-0.0016862328400770229
2024-02-26,-0.001675708024783063
2024-02-27,0.0022572801336416828
2024-02-28,0.0005171153961886993
2024-02-29,0.0030710835948415324
2024-03-01,0.008123182244978945
2024-03-04,0.0013437922192199294
2024-03-05,-0.005097552888133265
2024-03-06,0.006500531771753511
2024-03-07,0.005184323881129814
2024-03-08,-3.658830889458238e-05
2024-03-11,-0.0008040058535538647
2024-03-12,0.0019494812426853016
2024-03-13,0.0010282330639483895
2024-03-14,-0.005722857540305413
2024-03-15,-0.001367986648580199
2024-03-18,0.0028408208191639315
2024-03-19,0.0018874119779518134
2024-03-20,0.005240491722923529
2024-03-21,0.001765026235335844
2024-03-22,-0.003746709540504323
2024-03-25,-0.001066672557824048
2024-03-26,-0.002225552401732849
2024-03-27,0.008617891606308032
2024-03-28,0.003115130875875677
2024-04-01,-0.005400516221533859
2024-04-02,-0.003811312503724571
2024-04-03,0.004189533744684511
2024-04-04,-0.004211226283476812
2024-04-05,0.0034465689629302456
2024-04-08,0.0027079892428348625
2024-04-09,0.0025700903567383274
2024-04-10,-0.014621210684628936
2024-04-11,0.0021076387676302196
2024-04-12,-0.007285992607146255
2024-04-15,-0.007467822622370546
2024-04-16,-0.0062739020426208205
2024-04-17,-0.004375218209525843
2024-04-18,-0.0017168785614532175
2024-04-19,0.0005026376009024125
2024-04-22,0.005977245841204899
2024-04-23,0.007510583774924908
2024-04-24,-0.0009653672051988969
2024-04-25,-0.002479052452690444
2024-04-26,0.00431522119548228
2024-04-29,0.004163346205315553
2024-04-30,-0.012554093244287969
2024-05-01,-0.0031438511631880686
2024-05-02,0.0090176629837216
2024-05-03,0.007194640821331783
2024-05-06,0.006033009988359771
2024-05-07,0.0029933766583571737
2024-05-08,-0.003471192572411859
2024-05-09,0.008157016851089877
2024-05-10,-0.0009108327432515958
2024-05-13,0.0022058447793176124
2024-05-14,0.0036805453293236503
2024-05-15,0.009572186563172045
2024-05-16,-0.0015022387628510453
2024-05-17,0.002372203893402403
2024-05-20,0.0006660208137066077
2024-05-21,-0.00021732531878674243
2024-05-22,-0.00738218484269128
2024-05-23,-0.00851273057794916
2024-05-24,0.004742154389366915
2024-05-28,0.001183810354967838
2024-05-29,-0.009563718561336297
2024-05-30,0.0016446306511312854
2024-05-31,0.007472320772519917
2024-06-03,-0.0012559416269197921
2024-06-04,0.0006055417263601537
2024-06-05,0.00496735000021276
2024-06-06,0.0036086347630605448
2024-06-07,-0.009254462803507328
2024-06-10,0.003611351440230247
2024-06-11,-0.0017182548133507782
2024-06-12,0.007608318863336949
2024-06-13,-0.00015516818256697457
2024-06-14,-0.0024344045584523038
2024-06-17,0.0013610148502288767
2024-06-18,0.004605386809580225
2024-06-20,-0.0010602223244863534
2024-06-21,-0.0027484429777297524
2024-06-24,0.004297946532347529
2024-06-25,-0.002922463480991327
2024-06-26,-0.0027023810128656263
2024-06-27,0.0039003200939968074
2024-06-28,-0.0008786158969565586
2024-07-01,-3.327251481312441e-05
2024-07-02,0.0037940094117164544
2024-07-03,0.005424633446981765
2024-07-05,0.004913661391149068
2024-07-08,-0.0027547437703799795
2024-07-09,-0.0022955913312323268
2024-07-10,0.006468159370966084
2024-07-11,0.006518369282862637
2024-07-12,0.004564437267515857
2024-07-15,-0.001963814041371038
2024-07-16,0.004974971968067546
2024-07-17,-0.0023324103497701955
2024-07-18,-0.007309014459626132
2024-07-19,-0.006254784115070586
2024-07-22,0.006591889754201389
2024-07-23,-0.0032980761316010925
2024-07-24,-0.010552139841931407
2024-07-25,-0.0020556969158407636
2024-07-26,0.007172293317682058
2024-07-29,-0.000298973904957563
2024-07-30,0.000793324559495218
2024-07-31,0.011449329994741178
2024-08-01,-0.007687349235450073
2024-08-02,-0.0075917652019009295
2024-08-05,-0.01595633889694817
2024-08-06,0.0027038264022354523
2024-08-07,-0.000592842661872821
2024-08-08,0.011146818122396042
2024-08-09,0.004587912827932552
2024-08-12,0.0017934528058078864
2024-08-13,0.007479291202963168
2024-08-14,0.0009059307231771059
2024-08-15,0.006070476898779787
2024-08-16,0.0005796867532468651
2024-08-19,0.005201700607000278
2024-08-20,-0.001190073249559987
2024-08-21,0.0030137832443009526
2024-08-22,-0.0032523372464878545
2024-08-23,0.014678414270550073
2024-08-26,0.00036576407052272024
2024-08-27,0.000439161724534298
2024-08-28,-0.005154910419315869
2024-08-29,0.002065088429341246
2024-08-30,0.0012069503009141907
2024-09-03,-0.010052855872675865
2024-09-04,-0.0010309977513271618
2024-09-05,-0.0001459506834636643
2024-09-06,-0.009725320432178608
2024-09-09,0.0073302700853468674
2024-09-10,0.000709477255823245
2024-09-11,0.004534019959889133
2024-09-12,0.007699624152006297
2024-09-13,0.004356288991273556
2024-09-16,0.004587412051644058
2024-09-17,-0.0014148447211880084
2024-09-18,-0.0036166391863075623
2024-09-19,0.010814487270284466
2024-09-20,-0.0031773541934385506
2024-09-23,0.00320372457501395
2024-09-24,0.0056073025890566765
2024-09-25,-0.005350008662696133
2024-09-26,0.001441329591297177
2024-09-27,0.0005529329831495098
2024-09-30,0.000689401994523864
2024-10-01,-0.0003171103077448912
2024-10-02,9.491557825397389e-05
2024-10-03,-0.0021951571122212857
2024-10-04,0.0006082780639321805
2024-10-07,-0.002676215230431762
2024-10-08,-0.0025507960071856307
2024-10-09,-0.0008339688304864444
2024-10-10,0.0015326675424555312
2024-10-11,0.004717275398557146
2024-10-14,-3.9563969105519195e-05
2024-10-15,-0.005276987633922852
2024-10-16,0.0033599039802421106
2024-10-17,-0.0022948205689818485
2024-10-18,0.0027652277261926393
2024-10-21,-0.00753893900648608
2024-10-22,0.0023337206228744864
2024-10-23,-0.003985051687254482
2024-10-24,0.002356968102890488
2024-10-25,-0.0016467603754689118
2024-10-28,-0.002948881694692467
2024-10-29,-0.0021090723633023205
2024-10-30,0.0012075199645077558
2024-10-31,-0.007322452094406108
2024-11-01,-0.004270341890002286
2024-11-04,0.006375111533502901
2024-11-05,0.00841979139414856
2024-11-06,-0.006356638693847253
2024-11-07,0.010626151657934207
2024-11-08,-0.0015817704983658103
2024-11-11,-0.004513761092274452
2024-11-12,-0.009443625237903283
2024-11-13,-0.0007399334612568443
2024-11-14,-0.0028718208973864765
2024-11-15,-0.004093262379507213
2024-11-18,0.00838408331476889
2024-11-19,0.002518861877289819
2024-11-20,-0.0011095552038855234
2024-11-21,0.003930672083910109
2024-11-22,0.0032144560166405644
2024-11-25,0.0037998843306294673
2024-11-26,0.0002712943365387723
2024-11-27,0.0014853090969432848
2024-11-29,0.004042771798896929
2024-12-02,-0.0034682205188594985
2024-12-03,0.0019155404125905436
2024-12-04,0.0005380833961668876
2024-12-05,-0.00011915470838276136
2024-12-06,-0.0008444348772868365
2024-12-09,0.0006349152013728908
2024-12-10,-0.005228611227531887
2024-12-11,0.004268034226417377
2024-12-12,-0.004663760040937456
2024-12-13,-0.00219236595495134
2024-12-16,-0.0015189493134436056
2024-12-17,-0.0034520964213964355
2024-12-18,-0.022487956909326347
2024-12-19,-0.004688453150669873
2024-12-20,0.007247402564329498
2024-12-23,0.0025532767977842086
2024-12-24,0.005525786439051941
2024-12-26,0.0010840073494919607
2024-12-27,-0.003971685623532225
2024-12-30,-0.0016029880372688036
2024-12-31,0.0016844089607831758
2025-01-02,-0.0008866257590318428
2025-01-03,0.0046520337166423495
2025-01-06,0.0006515744755603682
2025-01-07,-0.004297370330791093
2025-01-08,0.00048765020841344303
2025-01-10,-0.007081306258553565
2025-01-13,0.0033103203597777487
2025-01-14,0.002801262952059704
2025-01-15,0.012746107274342678
2025-01-16,0.004371623973820279
2025-01-17,0.0019538041638934014
2025-01-21,0.009297529546782556
2025-01-22,-0.003523425436963932
2025-01-23,0.002962723553830292
2025-01-24,0.0017261996308234454
2025-01-27,-0.0019111625895776216
2025-01-28,-0.0007518186187035005
2025-01-29,-0.0034350908670450608
2025-01-30,0.006428120202472989
2025-01-31,-0.004055983587213286
2025-02-03,-0.002398025822918209
2025-02-04,0.004880217310379369
2025-02-05,0.005460276950799922
2025-02-06,0.0020037933456290703
2025-02-07,-0.004944196573462064
2025-02-10,0.005475809309189753
2025-02-11,0.0029826444866757626
2025-02-12,-0.005319000891931607
2025-02-13,0.009021027954933059
2025-02-14,0.0003010606556271378
2025-02-18,0.004786304544000836
2025-02-19,0.0004708640433714558
2025-02-20,0.0017234826333222407
2025-02-21,-0.008239224621789052
2025-02-24,-0.0005183630084004258
2025-02-25,0.002632546812589485
2025-02-26,-0.0016199085390666234
2025-02-27,-0.004602085513956151
2025-02-28,0.00479142196506071
2025-03-03,-0.0008776592832645241
2025-03-04,-0.004705595779485025
2025-03-05,0.007502173811005202
2025-03-06,-0.011871008080384007
2025-03-07,0.005906327313369958
2025-03-10,-0.01186738003447662
2025-03-11,-0.004299985169271425
2025-03-12,0.0012941381389300435
2025-03-13,-0.007857112341671437
2025-03-14,0.012189690425349405
2025-03-17,0.008749526541397601
2025-03-18,-0.0034454318988953237
2025-03-19,0.004890967826602174
2025-03-20,-0.0017054669250350062
2025-03-21,-0.004710785408106346
2025-03-24,0.0061849861476768455
2025-03-25,-5.8987705486413574e-05
2025-03-26,-0.004939546227218259
2025-03-27,-0.00023217998320448625
2025-03-28,-0.005104709105895846
2025-03-31,0.00483024987662511
2025-04-01,0.0017449757702964477
2025-04-02,0.004033634154313597
2025-04-03,-0.02685962943059892
2025-04-04,-0.0402954697586647
2025-04-07,-0.015825226582829404
2025-04-08,-0.014404265301099072
2025-04-09,0.05497900377993123
2025-04-10,-0.021034290971808017
2025-04-11,0.012791584971979507
2025-04-14,0.009950061260721062
2025-04-15,0.0019687260061385476
2025-04-16,-0.002029435041504545
2025-04-17,0.006958584888794283
2025-04-21,-0.012783547474846935
2025-04-22,0.01429618864790437
2025-04-23,0.0029922446372436552
2025-04-24,0.010489962621254238
2025-04-25,0.003006348854277222
2025-04-28,0.002321524239034036
2025-04-29,0.0008738535516498547
2025-04-30,-0.0028501725096219755
2025-05-01,0.0015426954881086197
2025-05-02,0.008782474625710607
2025-05-05,-0.0027557170984752483
2025-05-06,4.825435208472879e-05
2025-05-07,-0.0015679078985096394
2025-05-08,0.0009498459571726458
2025-05-09,0.0037413455416897717
2025-05-12,0.00868336220588055
2025-05-13,0.001974999189084296
2025-05-14,-0.004446539171923086
2025-05-15,0.006156036054805044
2025-05-16,0.00352944787832419
2025-05-19,0.0017867099431585678
2025-05-20,0.0013952112147334887
2025-05-21,-0.011548977197674587
2025-05-22,-0.0012226031811042892
2025-05-23,0.0008352230608460673
2025-05-27,0.009593735694263738
2025-05-28,-0.004870424185502049
2025-05-29,0.0032783296288754274
2025-05-30,-0.000858459078719373
2025-06-02,0.007107752588121902
2025-06-03,0.0003447522236891907
2025-06-04,0.0021291271510375273
2025-06-05,-0.0009131835626965713
2025-06-06,0.0037195336316019137
2025-06-09,0.0009736591694158189
2025-06-10,0.0029947148972164373
2025-06-11,0.00207538376202961
2025-06-12,0.0041827583379785965
2025-06-13,-0.001337155458059701
2025-06-16,0.0017961706575757538
2025-06-17,0.00031720480799865124
2025-06-18,0.0016541802409213862
2025-06-20,-0.001226734135056023
2025-06-23,-0.0002008981912822519
2025-06-24,0.0010237364183826076
2025-06-25,-0.005991205280475236
2025-06-26,0.0050618595516404566
2025-06-27,0.0017681218296140928
2025-06-30,0.0032464569835034297
2025-07-01,0.0017892075175056973
2025-07-02,0.004812060626278295
2025-07-03,0.001057412004500964
2025-07-07,-0.006174283541544397
2025-07-08,0.0013986675695396645
2025-07-09,0.003539603324363259
2025-07-10,0.0009513128828436306
2025-07-11,-0.0009244777533241283
2025-07-14,-9.562717965358014e-05
2025-07-15,-0.0070322277408518975
2025-07-16,0.004199645002038389
2025-07-17,0.0030736340192150224
2025-07-18,0.0006295183452742067
2025-07-21,0.0025237553331400636
2025-07-22,0.004772375858568499
2025-07-23,0.005787865241698883
2025-07-24,-0.002232904295325066
2025-07-25,-0.0009595379757341232
2025-07-28,-0.004859348412201888
2025-07-29,0.006181334343941055
2025-07-30,-0.005651501919810752
2025-07-31,-0.007204084347663008
2025-08-01,-0.0052040593322137734
2025-08-04,0.007288551837538524
2025-08-05,-0.0019977313792484547
2025-08-06,0.0007023050667419452
2025-08-07,0.002708983048048555
2025-08-08,0.0006734225153231127
2025-08-11,-0.0022252053508101683
2025-08-12,0.004830142916169464
2025-08-13,0.004195063511735905
2025-08-14,-0.0012054851320973331
2025-08-15,0.0008197243983207798
2025-08-18,-0.0019517936250306974
2025-08-19,0.0013079562504484934
2025-08-20,0.003269448902221311
2025-08-21,-0.002052232102260278
2025-08-22,0.01187044404752315
2025-08-25,-0.004076942545229196
2025-08-26,-0.0009152065463291986
2025-08-27,0.0017833380199105402
2025-08-28,0.0026572807853500343
2025-08-29,-0.0011748920375601343
2025-09-02,-0.004134209900983566
2025-09-03,0.0004181389456294662
2025-09-04,0.004085861429518065
2025-09-05,0.0019187608009953792
2025-09-08,0.0033178499090429593
2025-09-09,-0.0005907753141921368
2025-09-10,0.0020947490570777214
2025-09-11,0.0062101147747622015
2025-09-12,-0.0011857561280704297
2025-09-15,0.004192626756562305
2025-09-16,0.0002687752562612894
2025-09-17,-0.0037996946811725513
2025-09-18,0.0005953099326424683
2025-09-19,-0.0027696730334121674
2025-09-22,0.0013072879132289613
2025-09-23,0.0022388200079703196
2025-09-24,-0.002969161918846697
2025-09-25,-0.001970638832100335
2025-09-26,0.004645616785238801
2025-09-29,0.00031856640556692846
2025-09-30,0.0015047897907542287
2025-10-01,0.0029692267143994547
2025-10-02,-0.0016269825765644393
2025-10-03,0.0026507333317638162
2025-10-06,0.00076388585323747
2025-10-07,-0.0019184611276297945
2025-10-08,0.0010481649016796423
2025-10-09,-0.005301576725820446
2025-10-10,-0.014658811285004424
2025-10-13,0.008584440299591127
2025-10-14,0.0009858543883071802
2025-10-15,0.005253058679199482
2025-10-16,-0.00045213119945831676
2025-10-17,0.0022910155963572877
2025-10-20,0.008003706205868
2025-10-21,-0.003730502725127818
2025-10-22,0.002710029087177143
2025-10-23,0.004713138635853533
2025-10-24,0.0028106000842827985
2025-10-27,0.0038693628589791594
2025-10-28,-0.005141629005632097
2025-10-29,-0.0064387890863717035
2025-10-30,-0.002339207928330496
2025-10-31,0.0022340471038144964
2025-11-03,0.001580314438124408
2025-11-04,-0.0052244725342237034
2025-11-05,0.0005904038509869849
2025-11-06,-0.00227899435441896
2025-11-07,0.00457077247199731
2025-11-10,0.00701437160348776
2025-11-11,0.006084229922329784
2025-11-12,-0.002389698022841281
2025-11-13,-0.009526268801696056
2025-11-14,-4.4207621166839853e-05
2025-11-17,-0.006151539870750576
2025-11-18,-0.0014845646007964094
2025-11-19,-0.003534354952742327
2025-11-20,-0.008050327573236269
2025-11-21,0.007652944202864395
2025-11-24,0.004935719456337712
2025-11-25,0.005570812461768818
2025-11-26,0.00675320640900632
2025-11-28,0.0047099782289410155
2025-12-01,-0.004754133293800551
2025-12-02,-0.0003615409205911758
2025-12-03,0.0036513826136657414
2025-12-04,0.0001054583868717072
2025-12-05,0.000951092145195755
2025-12-08,-0.0056639747442479155
2025-12-09,-0.0019295781688975185
2025-12-10,0.006134258975162175
2025-12-11,0.0023818405785696055
2025-12-12,-0.005628862446209403
2025-12-15,0.0007545003321034654
2025-12-16,-0.004402101979488558
2025-12-17,-0.0007380013142802538
2025-12-18,0.0009967786234798418
2025-12-19,0.003352252414330785
2025-12-22,0.0051439262454943515
2025-12-23,0.004161536235148322
2025-12-24,0.0027012710800452147
2025-12-26,0.0013432036939049253
2025-12-29,-0.002468526720866008
2025-12-30,0.0016256218575066033
2025-12-31,-0.007105564181636254
2026-01-02,0.0026419702288116974
2026-01-05,0.008422995652168131
2026-01-06,0.0027439455751892125
2026-01-07,-0.004802968852262423
2026-01-08,0.0037515110652255575
2026-01-09,0.003906694388260961
2026-01-12,0.004080157620160057
2026-01-13,0.0013686865817699322
2026-01-14,0.0022780741120442933
2026-01-15,-0.00018374647399637908
2026-01-16,0.0017169405801571317
2026-01-20,-0.00885990587086748
2026-01-21,0.007996474209146787
2026-01-22,-0.00024437880243246527
2026-01-23,0.005616066826670558
2026-01-26,0.0029548287164832448
2026-01-27,0.00643880270401824
2026-01-28,-0.0017690666960916877
2026-01-29,0.00690264975563861
2026-01-30,-0.009309127795733604
2026-02-02,-0.0074632140534397345
2026-02-03,0.0033107544479489275
2026-02-04,0.0028507185072905684
2026-02-05,-0.008031672937971692
2026-02-06,0.013624335349859282
2026-02-09,0.006539575039325782
2026-02-10,0.00259876529549874
2026-02-11,0.001537916528783953
2026-02-12,-0.008285987709688573
2026-02-13,0.004642265073844254
2026-02-17,-0.0002651946822084736
2026-02-18,0.0037007471383462107
2026-02-19,0.0004955040418560975
2026-02-20,0.005984296582207407
2026-02-23,-0.000905736055806589
2026-02-24,0.0020403706128575396
2026-02-25,0.003124974681702851
2026-02-26,0.000709937481946572
2026-02-27,0.0025928756546924865
2026-03-02,0.001190033325858098
2026-03-03,-0.008268446714543732
2026-03-04,0.005598631973731492
2026-03-05,-0.005246774470885318
2026-03-06,0.0007490446760627417
2026-03-09,0.0019768355019645413
2026-03-10,0.0025937041775525712
2026-03-11,0.00016681861980320355
2026-03-12,-0.0030442844470689205
2026-03-13,-0.0043940435868728926
2026-03-16,0.00553069613922961
2026-03-17,0.005488241846855407
2026-03-18,-0.006569229597676526
2026-03-19,-0.004577418719895053
2026-03-20,-0.016248712307206047
2026-03-23,0.000795063385770798
2026-03-24,-0.00030947530406274246
2026-03-25,0.004499136986808558
2026-03-26,-0.007706131437125814
2026-03-27,-0.002248666817276385
2026-03-30,0.003186046688304893
2026-03-31,0.013641363061526333
2026-04-01,0.0032311685542939107
2026-04-02,0.006776050225552696
2026-04-06,0.00273046062812107
2026-04-07,-0.00012913850510940482
2026-04-08,0.011651825581866539
2026-04-09,0.003131475995075753
2026-04-10,-0.0010465616010025796
2026-04-13,0.007702302166335533
2026-04-14,0.005785943096229069
2026-04-15,0.0009959351315411966
2026-04-16,0.0029214072490684573
2026-04-17,0.003645445324920043
2026-04-20,0.0020325037480528703
2026-04-21,-0.006380009479292381
2026-04-22,0.0032966448977434313
2026-04-23,0.002097478069430648
2026-04-24,0.0023960421318403
2026-04-27,-0.0004362899177274246
2026-04-28,0.001498211543530672
2026-04-29,0.0002583541088201181
2026-04-30,0.010305726448164102
2026-05-01,-0.002148962737248067
2026-05-04,-0.002107194017268692
2026-05-05,0.004355442814753807
2026-05-06,0.005580892548736998
2026-05-07,-0.0060009530960345135
2026-05-08,0.005071779751598929
2026-05-11,0.004496132953942135
2026-05-12,0.001905402006900219
2026-05-13,-0.0012241573377187516
2026-05-14,-0.001841328196689967
2026-05-15,-0.010058781538101146
2026-05-18,0.005183357801948743
2026-05-19,-0.0015124856789704134
2026-05-20,0.004622178965893326
2026-05-21,0.0009126171733363736
2026-05-22,-0.000282683966249574
2026-05-26,0.0019750796937194597
2026-05-27,-0.004837037367867433
2026-05-28,0.002217103195976873
2026-05-29,-0.0024366684925971344
2026-06-01,-0.0003889422697487124
2026-06-02,0.0033128726331753057
2026-06-03,-0.002733823750710431
2026-06-04,0.003462186139114639
2026-06-05,-0.01428494204088962
2026-06-08,0.00035487337102267126
2026-06-09,0.0018973187609163556
2026-06-10,-0.005234684268307347
2026-06-11,0.008638335887401967
2026-06-12,0.0010510609978164175
2026-06-15,0.0013757749537646636
2026-06-16,-0.0020100315742190714
2026-06-17,-0.010938933558863922
2026-06-18,0.0033494776962509154
2026-06-22,-0.0005112992626461082
2026-06-23,-0.00621037768138436
2026-06-24,-0.0041260888013084475
2026-06-25,0.006168001525671526
2026-06-26,-0.0017722585956902255
2026-06-29,0.003990896686460464
2026-06-30,-0.0014029152998171887
2026-07-01,-0.003181701645689557
2026-07-02,0.0059403017440472295
2026-07-06,0.00559518987726928
2026-07-07,0.0005209537513424127
2026-07-08,-0.002519877678908958
2026-07-09,0.0022148055935186173
2026-07-10,0.0015220830923725393
2026-07-13,0.002537789792196587
2026-07-14,0.004251073699845845
2026-07-15,0.0043242196266098905
2026-07-16,-0.0006125182020171854
2026-07-17,0.000910690800430125
2026-07-20,-0.00240496594170665
2026-07-21,0.007102297705336088
2026-07-22,0.0006394326096132077
2026-07-23,-0.0032522020463843677
2026-07-24,0.004477935764873286
2026-07-27,-0.006269391258862801
2026-07-28,-0.0009651549578213626
2026-07-29,0.0002027718924558653
2026-07-30,0.0059481978324482316
2026-07-31,-0.0005602329554071383
2026-08-03,0.0004405210360176824
2026-08-04,0.002706832111628126
2026-08-05,0.0011407661583897485
2026-08-06,-0.0003256112492053768
2026-08-07,0.005062111162533608
2026-08-10,0.0023701985672909985
2026-08-11,-0.0014741433861355045
2026-08-12,0.004322562405804573
2026-08-13,0.0028825098325008193
2026-08-14,0.000938779680776399
2026-08-17,0.0002712783983668933
2026-08-18,-0.004583095210989619
2026-08-19,0.0059795325896625055
2026-08-20,-0.0008229756625823533
2026-08-21,0.0028488353121454597
2026-08-24,-0.0014010316502079487
2026-08-25,0.00016123742917253144
2026-08-26,-0.0021799384429794077
2026-08-27,0.0010569053972271777
2026-08-28,-0.003113805810181628
2026-08-31,0.00031785890845316975
2026-09-01,-0.00011628370386519737
2026-09-02,0.0010539780283368222
2026-09-03,0.006489313457501367
2026-09-04,-0.0022729899922677207
2026-09-08,0.0005579830185251945
2026-09-09,-0.0030234100188921927
2026-09-10,-0.001526125910769833
2026-09-11,0.00201954905256679
2026-09-14,-0.003686416540207973
2026-09-15,0.000686811957209938
2026-09-16,-0.006210569224602103
2026-09-17,0.005412567456244883
2026-09-18,-0.005381596225205919
2026-09-21,0.00588266444552985
2026-09-22,-0.0005725849656600071
2026-09-23,-0.007013638197401849
2026-09-24,-0.0006253909952366566
2026-09-25,2.601585574342093e-05
2026-09-28,-0.005180891899899958
2026-09-29,-0.004647609926075388
2026-09-30,-0.0019536561946573473
2026-10-01,0.0005888726634200978
2026-10-02,0.0026242597521613713
