date,ret
2005-01-03,9.087301587301587e-05
2005-01-04,9.126984126984126e-05
2005-01-05,9.087301587301587e-05
2005-01-06,9.007936507936508e-05
2005-01-07,9.047619047619046e-05
2005-01-10,9.246031746031747e-05
2005-01-11,9.166666666666667e-05
2005-01-12,9.126984126984126e-05
2005-01-13,9.166666666666667e-05
2005-01-14,9.206349206349206e-05
2005-01-18,9.365079365079364e-05
2005-01-19,9.246031746031747e-05
2005-01-20,9.166666666666667e-05
2005-01-21,9.166666666666667e-05
2005-01-24,9.285714285714285e-05
2005-01-25,9.365079365079364e-05
2005-01-26,9.404761904761906e-05
2005-01-27,9.523809523809524e-05
2005-01-28,9.563492063492063e-05
2005-01-31,9.841269841269841e-05
2005-02-01,9.801587301587303e-05
2005-02-02,9.801587301587303e-05
2005-02-03,9.682539682539682e-05
2005-02-04,9.642857142857143e-05
2005-02-07,9.841269841269841e-05
2005-02-08,9.841269841269841e-05
2005-02-09,9.801587301587303e-05
2005-02-10,9.801587301587303e-05
2005-02-11,9.92063492063492e-05
2005-02-14,0.00010119047619047618
2005-02-15,0.00010119047619047618
2005-02-16,0.0001003968253968254
2005-02-17,0.0001003968253968254
2005-02-18,0.00010158730158730159
2005-02-22,0.00010436507936507936
2005-02-23,0.00010436507936507936
2005-02-24,0.00010476190476190476
2005-02-25,0.00010674603174603174
2005-02-28,0.00010793650793650795
2005-03-01,0.00010714285714285715
2005-03-02,0.00010634920634920635
2005-03-03,0.00010714285714285715
2005-03-04,0.00010714285714285715
2005-03-07,0.00010753968253968253
2005-03-08,0.00010714285714285715
2005-03-09,0.00010714285714285715
2005-03-10,0.00010674603174603174
2005-03-11,0.00010714285714285715
2005-03-14,0.00010912698412698413
2005-03-15,0.00010912698412698413
2005-03-16,0.00010873015873015873
2005-03-17,0.00010833333333333334
2005-03-18,0.00010912698412698413
2005-03-21,0.0001111111111111111
2005-03-22,0.00011230158730158731
2005-03-23,0.00010992063492063491
2005-03-24,0.0001103174603174603
2005-03-28,0.00011071428571428572
2005-03-29,0.0001103174603174603
2005-03-30,0.00010992063492063491
2005-03-31,0.00010833333333333334
2005-04-01,0.00010873015873015873
2005-04-04,0.00010912698412698413
2005-04-05,0.00010873015873015873
2005-04-06,0.00010753968253968253
2005-04-07,0.00010753968253968253
2005-04-08,0.00010833333333333334
2005-04-11,0.00010753968253968253
2005-04-12,0.00010753968253968253
2005-04-13,0.00010793650793650795
2005-04-14,0.00010793650793650795
2005-04-15,0.00010833333333333334
2005-04-18,0.0001130952380952381
2005-04-19,0.0001130952380952381
2005-04-20,0.00011150793650793651
2005-04-21,0.0001119047619047619
2005-04-22,0.00011388888888888889
2005-04-25,0.00011428571428571428
2005-04-26,0.0001134920634920635
2005-04-27,0.00011230158730158731
2005-04-28,0.0001119047619047619
2005-04-29,0.00011269841269841269
2005-05-02,0.00011428571428571428
2005-05-03,0.0001130952380952381
2005-05-04,0.00011150793650793651
2005-05-05,0.00010912698412698413
2005-05-06,0.0001111111111111111
2005-05-09,0.0001134920634920635
2005-05-10,0.00011269841269841269
2005-05-11,0.00011150793650793651
2005-05-12,0.0001119047619047619
2005-05-13,0.00010952380952380952
2005-05-16,0.00011269841269841269
2005-05-17,0.0001119047619047619
2005-05-18,0.0001111111111111111
2005-05-19,0.00011150793650793651
2005-05-20,0.00011230158730158731
2005-05-23,0.00011547619047619047
2005-05-24,0.00011428571428571428
2005-05-25,0.00011468253968253969
2005-05-26,0.00011428571428571428
2005-05-27,0.00011507936507936507
2005-05-31,0.00011626984126984129
2005-06-01,0.00011547619047619047
2005-06-02,0.00011547619047619047
2005-06-03,0.00011666666666666667
2005-06-06,0.00011746031746031746
2005-06-07,0.00011746031746031746
2005-06-08,0.00011746031746031746
2005-06-09,0.00011626984126984129
2005-06-10,0.00011666666666666667
2005-06-13,0.00011785714285714286
2005-06-14,0.00011706349206349207
2005-06-15,0.00011666666666666667
2005-06-16,0.00011547619047619047
2005-06-17,0.00011587301587301588
2005-06-20,0.00011746031746031746
2005-06-21,0.00011746031746031746
2005-06-22,0.00011785714285714286
2005-06-23,0.00011904761904761905
2005-06-24,0.00011984126984126985
2005-06-27,0.0001226190476190476
2005-06-28,0.00012222222222222221
2005-06-29,0.00012142857142857144
2005-06-30,0.00012142857142857144
2005-07-01,0.00012301587301587303
2005-07-05,0.000125
2005-07-06,0.0001238095238095238
2005-07-07,0.00012222222222222221
2005-07-08,0.00012301587301587303
2005-07-11,0.00012420634920634922
2005-07-12,0.00012460317460317462
2005-07-13,0.000125
2005-07-14,0.0001253968253968254
2005-07-15,0.0001261904761904762
2005-07-18,0.0001281746031746032
2005-07-19,0.0001285714285714286
2005-07-20,0.0001281746031746032
2005-07-21,0.00012976190476190477
2005-07-22,0.00013095238095238096
2005-07-25,0.00013373015873015875
2005-07-26,0.0001333333333333333
2005-07-27,0.00013214285714285715
2005-07-28,0.00013214285714285715
2005-07-29,0.00013253968253968253
2005-08-01,0.00013531746031746032
2005-08-02,0.00013531746031746032
2005-08-03,0.00013412698412698412
2005-08-04,0.00013452380952380953
2005-08-05,0.0001365079365079365
2005-08-08,0.0001376984126984127
2005-08-09,0.0001365079365079365
2005-08-10,0.00013611111111111113
2005-08-11,0.00013611111111111113
2005-08-12,0.0001365079365079365
2005-08-15,0.0001376984126984127
2005-08-16,0.0001373015873015873
2005-08-17,0.0001365079365079365
2005-08-18,0.00013571428571428572
2005-08-19,0.0001365079365079365
2005-08-22,0.0001373015873015873
2005-08-23,0.0001373015873015873
2005-08-24,0.0001369047619047619
2005-08-25,0.0001373015873015873
2005-08-26,0.0001376984126984127
2005-08-29,0.0001376984126984127
2005-08-30,0.0001373015873015873
2005-08-31,0.0001365079365079365
2005-09-01,0.00013492063492063494
2005-09-02,0.00013412698412698412
2005-09-06,0.0001369047619047619
2005-09-07,0.00013531746031746032
2005-09-08,0.00013492063492063494
2005-09-09,0.00013531746031746032
2005-09-12,0.0001365079365079365
2005-09-13,0.00013492063492063494
2005-09-14,0.00013293650793650793
2005-09-15,0.00013373015873015875
2005-09-16,0.00013571428571428572
2005-09-19,0.0001392857142857143
2005-09-20,0.00014047619047619049
2005-09-21,0.00013253968253968253
2005-09-22,0.00013452380952380953
2005-09-23,0.00013492063492063494
2005-09-26,0.0001373015873015873
2005-09-27,0.00013571428571428572
2005-09-28,0.00013452380952380953
2005-09-29,0.0001373015873015873
2005-09-30,0.0001376984126984127
2005-10-03,0.00014047619047619049
2005-10-04,0.00014087301587301586
2005-10-05,0.0001388888888888889
2005-10-06,0.0001396825396825397
2005-10-07,0.00014047619047619049
2005-10-10,0.00014047619047619049
2005-10-11,0.00014484126984126984
2005-10-12,0.00014365079365079365
2005-10-13,0.00014523809523809525
2005-10-14,0.00014642857142857144
2005-10-17,0.00015000000000000001
2005-10-18,0.00014960317460317458
2005-10-19,0.00014960317460317458
2005-10-20,0.00014920634920634917
2005-10-21,0.00014960317460317458
2005-10-24,0.00015238095238095237
2005-10-25,0.00015238095238095237
2005-10-26,0.0001511904761904762
2005-10-27,0.00015039682539682542
2005-10-28,0.000151984126984127
2005-10-31,0.00015436507936507937
2005-11-01,-0.004975505798373623
2005-11-02,0.0062940663612818465
2005-11-03,-0.0005045132690833845
2005-11-04,-0.003316907520004761
2005-11-07,0.0026911927329249094
2005-11-08,-2.0182594805671518e-05
2005-11-09,0.0013426235908692013
2005-11-10,0.007226282695418954
2005-11-11,0.0028112608878575833
2005-11-14,-0.002318869582922059
2005-11-15,-0.0012078193238249475
2005-11-16,-4.0988901212684666e-05
2005-11-17,0.008999620524839732
2005-11-18,0.002462825319203882
2005-11-21,0.002688858402320188
2005-11-22,0.004824363682621345
2005-11-23,0.00249312845259907
2005-11-25,-0.0004604326605708413
2005-11-28,-0.0027995888463544466
2005-11-29,-0.0014677493624523047
2005-11-30,-0.0038952833533431146
2005-12-01,0.008266701501727184
2005-12-02,0.00019976524413819972
2005-12-05,-0.0008558012078712881
2005-12-06,0.0013186902607173249
2005-12-07,-0.003619401163863769
2005-12-08,0.002251772387725803
2005-12-09,0.0021816201893270154
2005-12-12,0.00241778262074219
2005-12-13,0.0038106982440978296
2005-12-14,0.0023515866917599836
2005-12-15,-0.004175601517880713
2005-12-16,0.0020206271343146663
2005-12-19,-0.003860888532592806
2005-12-20,0.0001866333899919554
2005-12-21,0.002257317522232099
2005-12-22,0.004163777973547171
2005-12-23,0.001202252134972686
2005-12-27,-0.0037901798651338863
2005-12-28,0.0010669230388988388
2005-12-29,-0.0015862977665550377
2005-12-30,-0.0024554138571339775
2006-01-03,0.014219663530092387
2006-01-04,0.004490405130456091
2006-01-05,0.0007344516903867656
2006-01-06,0.006003562867226182
2006-01-09,0.0024399710018569746
2006-01-10,-0.0011475005344729534
2006-01-11,0.002200289677820825
2006-01-12,-0.0022538898966860173
2006-01-13,-0.0009628797704840195
2006-01-17,-0.0035983859610223866
2006-01-18,-0.003435003825723972
2006-01-19,0.005086763506910794
2006-01-20,-0.008256848663654328
2006-01-23,0.004354948175301322
2006-01-24,0.0024215321777928543
2006-01-25,-0.00021932389577244434
2006-01-26,0.00373926235738686
2006-01-27,0.00533632646787496
2006-01-30,-0.0005457473694667974
2006-01-31,-0.0004123681782889248
2006-02-01,0.0023505587107805035
2006-02-02,-0.005945867653358906
2006-02-03,-0.0026137834618821135
2006-02-06,0.000738614657710946
2006-02-07,-0.005031261991439271
2006-02-08,0.001556048797811263
2006-02-09,0.0012452078163043207
2006-02-10,-0.0004387977440103836
2006-02-13,-0.0014249985764039049
2006-02-14,0.005186476594497644
2006-02-15,0.0010495679546779282
2006-02-16,0.004692247433288117
2006-02-17,0.001719013231056649
2006-02-21,-0.0009128008207202629
2006-02-22,0.005751735882304541
2006-02-23,-0.0005582966750934501
2006-02-24,-8.791142336066354e-05
2006-02-27,0.00045578883319963634
2006-02-28,-0.003647120676243284
2006-03-01,0.00464566065793477
2006-03-02,-0.0014008835922099871
2006-03-03,-0.003303862978441061
2006-03-06,0.0013271894327985935
2006-03-07,-0.005002638057911167
2006-03-08,0.002271788313822153
2006-03-09,0.00030831792011664104
2006-03-10,0.006375989784413485
2006-03-13,0.0005926305271243627
2006-03-14,0.006839544741164205
2006-03-15,0.005058230206104745
2006-03-16,0.004449809972435861
2006-03-17,0.0025474214323902558
2006-03-20,-0.002845827842786878
2006-03-21,-0.0064340895931190535
2006-03-22,0.0038125253549274084
2006-03-23,-0.0027682706247466196
2006-03-24,0.002390979911434794
2006-03-27,-0.003346106134331169
2006-03-28,-0.0018819578175887698
2006-03-29,0.0074556865887675
2006-03-30,-0.0013641025001192774
2006-03-31,-0.0007879745082529932
2006-04-03,-0.0015928645161906875
2006-04-04,0.0015441836786313588
2006-04-05,0.002934386930563789
2006-04-06,-0.001369944110305379
2006-04-07,-0.008202587155151621
2006-04-10,-0.0009433551001488685
2006-04-11,-0.0031145598425941228
2006-04-12,-0.001039393132202249
2006-04-13,-0.0034032768382682437
2006-04-17,0.0010928736702320448
2006-04-18,0.012807750296659717
2006-04-19,0.0036887976722648347
2006-04-20,-0.0005444164786356646
2006-04-21,0.0018634162981069954
2006-04-24,-0.0009005804776963382
2006-04-25,-0.0036893416958728295
2006-04-26,0.0006135419025672811
2006-04-27,0.0032046835792203993
2006-04-28,0.0018044554517185857
2006-05-01,-0.005152216130515029
2006-05-02,0.002866457725241723
2006-05-03,-0.0018104293832438818
2006-05-04,0.005002733865746799
2006-05-05,0.007928865696030964
2006-05-08,0.0006046285425158683
2006-05-09,0.0014605929187365442
2006-05-10,-0.0013172298672510495
2006-05-11,-0.00844213292461554
2006-05-12,-0.008432657465697553
2006-05-15,0.0019089874695937094
2006-05-16,-0.0005648192311194819
2006-05-17,-0.014474742459260035
2006-05-18,-0.001692429936264259
2006-05-19,0.0028063765568392975
2006-05-22,-0.006150626778844345
2006-05-23,-0.0036653531266233126
2006-05-24,0.0021234682534869167
2006-05-25,0.0086242755758445
2006-05-26,0.005262416424720465
2006-05-30,-0.008379107883207622
2006-05-31,0.0034655818242362137
2006-06-01,0.0072388783633873495
2006-06-02,0.006271541127877956
2006-06-05,-0.006639176067909576
2006-06-06,-0.005067784665467828
2006-06-07,-0.0030787778560863064
2006-06-08,-0.004683250028359859
2006-06-09,0.0010009554154790724
2006-06-12,-0.006329461781834098
2006-06-13,-0.010317853334045947
2006-06-14,0.0014038118078953366
2006-06-15,0.01487748474998584
2006-06-16,-0.0035627535867109802
2006-06-19,-0.004123704554289862
2006-06-20,0.0007103490664950984
2006-06-21,0.006405806847438955
2006-06-22,-0.003956025619880854
2006-06-23,-0.0022524188392957834
2006-06-26,0.004496000322988737
2006-06-27,-0.005082955416231036
2006-06-28,0.003581010003189476
2006-06-29,0.016711085127227885
2006-06-30,0.0048127245138314765
2006-07-03,0.005502486991179496
2006-07-05,-0.005969474908043971
2006-07-06,0.003824268062377076
2006-07-07,-0.0023841771144006434
2006-07-10,0.003797043772673851
2006-07-11,0.0020288713454664903
2006-07-12,-0.005167996156016393
2006-07-13,-0.008983540960218792
2006-07-14,-0.005033422404628026
2006-07-17,-0.003227971043362878
2006-07-18,0.0029713350452658994
2006-07-19,0.012143670387053149
2006-07-20,-0.00360315945091047
2006-07-21,-0.004775569726528044
2006-07-24,0.010590590150696818
2006-07-25,0.0015265378860856772
2006-07-26,0.0029149909040363945
2006-07-27,0.0004501769403945835
2006-07-28,0.009487414021515822
2006-07-31,-0.001211723992251482
2006-08-01,-0.0033412498176755745
2006-08-02,0.003377819181011618
2006-08-03,0.0021921465187379344
2006-08-04,0.003999455144058524
2006-08-07,-0.0038908056000256275
2006-08-08,-0.00436878534720068
2006-08-09,-0.0009737859841605863
2006-08-10,0.0013092305016370182
2006-08-11,-0.00412772520327181
2006-08-14,0.002443967366925547
2006-08-15,0.009991151854033173
2006-08-16,0.00473525653398516
2006-08-17,-0.000529325438469401
2006-08-18,0.0033201518222198603
2006-08-21,-4.4628844822216294e-05
2006-08-22,0.0009383282158745478
2006-08-23,-0.002950983789435484
2006-08-24,0.0002749929355836359
2006-08-25,0.00026231254677326697
2006-08-28,0.0041781472661326004
2006-08-29,0.0020803715780584645
2006-08-30,0.0015935121026292715
2006-08-31,0.00044727941921419984
2006-09-01,0.0018586950136882936
2006-09-05,0.002842462106619712
2006-09-06,-0.006186688279980763
2006-09-07,-0.004760835428435923
2006-09-08,0.0027591562906113653
2006-09-11,-0.0006865185591012548
2006-09-12,0.0074290036682435265
2006-09-13,0.001778798304118301
2006-09-14,-0.0011373364722874172
2006-09-15,0.0015710631689273822
2006-09-18,-0.000561837562580211
2006-09-19,0.0003699312795961727
2006-09-20,0.0026604646403561106
2006-09-21,-0.0012340898462288696
2006-09-22,-0.0004179995459026465
2006-09-25,0.0033866525856804685
2006-09-26,0.0012015136108951298
2006-09-27,0.0032687144236198417
2006-09-28,-7.721570976992207e-05
2006-09-29,-0.000980396178267231
2006-10-02,-0.00018573694463066884
2006-10-03,0.00256512405857947
2006-10-04,0.007524259097947029
2006-10-05,0.0012676253540611436
2006-10-06,-0.004312838240211111
2006-10-09,0.001687118554828174
2006-10-10,-0.0006426923500861186
2006-10-11,-0.001345433932407381
2006-10-12,0.00585189497983483
2006-10-13,0.0028465561974350267
2006-10-16,0.0018669941927471582
2006-10-17,-0.0022770656963287993
2006-10-18,0.0017616583479687046
2006-10-19,0.0012184267129713069
2006-10-20,0.00040332721447477603
2006-10-23,0.0017752195520229876
2006-10-24,-9.823146821465997e-05
2006-10-25,0.0038627742114886276
2006-10-26,0.00486183322225665
2006-10-27,-0.0032855378193628734
2006-10-30,0.0007035187602608319
2006-10-31,0.0013736419526342585
2006-11-01,-0.0024917125983071006
2006-11-02,-0.00369475706699079
2006-11-03,-0.0048035377884739815
2006-11-06,0.007287213194365534
2006-11-07,-0.0004748814454060554
2006-11-08,0.0016453681105181497
2006-11-09,-0.001747514545496935
2006-11-10,0.002164867554487823
2006-11-13,-0.000343007526534049
2006-11-14,0.006682963702791862
2006-11-15,0.00025116055971329963
2006-11-16,0.0009789146204699465
2006-11-17,-0.0005229756068300159
2006-11-20,0.005597714236072832
2006-11-21,0.00474410139204468
2006-11-22,0.0035762766656139006
2006-11-24,-0.0007597410909009988
2006-11-27,-0.009559729632968902
2006-11-28,0.003582920845076322
2006-11-29,0.006975641033644943
2006-11-30,0.00413053659174808
2006-12-01,-0.0013178868315372183
2006-12-04,0.004210533711429987
2006-12-05,0.00082051584861631
2006-12-06,-0.0046867815944126034
2006-12-07,-0.0021899681288571893
2006-12-08,-0.00195257210008426
2006-12-11,0.0027972795420676544
2006-12-12,-0.0001977906239073457
2006-12-13,-0.0010022960908787626
2006-12-14,0.004741209414188985
2006-12-15,-0.0012944715771988635
2006-12-18,-0.00555224676563959
2006-12-19,0.0019040733930881792
2006-12-20,0.00199666977616908
2006-12-21,-0.0037765477885196574
2006-12-22,-0.002828080173362668
2006-12-26,-0.00038444251557001596
2006-12-27,0.004477323734237926
2006-12-28,0.001275390773544327
2006-12-29,0.0006114066673086338
2007-01-03,-0.005076008621475947
2007-01-04,-0.004374518587079157
2007-01-05,-0.009631285450755311
2007-01-08,0.0027202925095821673
2007-01-09,0.000895398530308622
2007-01-10,-0.0015867135235563268
2007-01-11,0.003960810477946275
2007-01-12,0.008692837328406755
2007-01-16,-0.0020502755696566455
2007-01-17,0.0015135753304991173
2007-01-18,-0.0034234679405907853
2007-01-19,0.00750314524336293
2007-01-22,-0.002765632323024847
2007-01-23,0.009047151799516095
2007-01-24,0.0038163290417505547
2007-01-25,-0.006946942889013763
2007-01-26,0.003310258536751931
2007-01-29,-0.0034819583405711896
2007-01-30,0.009141553026692284
2007-01-31,0.0065285743195335755
2007-02-01,0.002770905824982073
2007-02-02,0.0030066118724345614
2007-02-05,-0.0009958686560302965
2007-02-06,0.0041196264771670155
2007-02-07,0.0032097820768053342
2007-02-08,0.002082814028546931
2007-02-09,-0.004011015161560438
2007-02-12,-0.009130849288781162
2007-02-13,0.011661233521813363
2007-02-14,0.0010249744358856727
2007-02-15,0.0022858255058855192
2007-02-16,0.003013400127318988
2007-02-20,0.0002584426446643473
2007-02-21,0.0025035113268021547
2007-02-22,0.0019127376890619718
2007-02-23,-0.0015629409185855536
2007-02-26,0.00011173435155042988
2007-02-27,-0.0242211096349203
2007-02-28,0.007274338761294574
2007-03-01,-0.005890127330431705
2007-03-02,-0.00969397324600585
2007-03-05,-0.01667965400335303
2007-03-06,0.018540703524464686
2007-03-07,0.00011980366647379448
2007-03-08,0.007558041036490382
2007-03-09,-0.0007111179964907066
2007-03-12,0.001285799881937555
2007-03-13,-0.014071864264697642
2007-03-14,0.002698940308197839
2007-03-15,0.0015376747485005282
2007-03-16,-0.0020725424064446107
2007-03-19,0.008203857079990717
2007-03-20,0.004129363611765635
2007-03-21,0.010588039639481739
2007-03-22,0.0018862973786661907
2007-03-23,0.0006523504271711555
2007-03-26,-0.0023354677902699406
2007-03-27,-0.0029335767378493305
2007-03-28,-0.00261697720708165
2007-03-29,0.005886811476091047
2007-03-30,2.559265655288634e-05
2007-04-02,0.00030101040396912637
2007-04-03,0.0046097565654450445
2007-04-04,0.0026158630238599656
2007-04-05,0.0009618355751137564
2007-04-09,-0.0024512827635958523
2007-04-10,0.005729686220867114
2007-04-11,-0.0053249910856609795
2007-04-12,0.002245307927333018
2007-04-13,0.0046030237569349985
2007-04-16,0.0029143887146638736
2007-04-17,0.0019768419303196616
2007-04-18,-0.0005262711914904017
2007-04-19,-0.002720612435369474
2007-04-20,0.008256805583803484
2007-04-23,0.0012761880006337822
2007-04-24,-0.00373760085374808
2007-04-25,0.007395464107659233
2007-04-26,-0.002561298754114927
2007-04-27,-6.037398547786843e-05
2007-04-30,-0.006540620949834097
2007-05-01,-0.0010320039491397148
2007-05-02,0.0024827371257305497
2007-05-03,0.0026244599901033006
2007-05-04,0.0010070725905040323
2007-05-07,0.00012958385873074185
2007-05-08,-0.004477216220555635
2007-05-09,0.0021278940020823534
2007-05-10,-0.009030838161019905
2007-05-11,0.010339494984044961
2007-05-14,-0.0033141576417416996
2007-05-15,-0.0006565630087429497
2007-05-16,-0.002905924232298629
2007-05-17,-0.0037672238319950146
2007-05-18,0.00035306166723159116
2007-05-21,0.0020101701184029874
2007-05-22,-0.0004817972904216372
2007-05-23,7.188563122428882e-05
2007-05-24,-0.007902174416512642
2007-05-25,0.0054664271565367795
2007-05-29,0.0032272330189251353
2007-05-30,0.009965043101383353
2007-05-31,0.00173022031078518
2007-06-01,0.0032024368278362747
2007-06-04,0.0034905483228400147
2007-06-05,-0.006406039827074328
2007-06-06,-0.006361883205244001
2007-06-07,-0.014286482977932113
2007-06-08,0.003939524848563636
2007-06-11,0.0012916882148126252
2007-06-12,-0.011176181725698897
2007-06-13,0.013204353471833574
2007-06-14,0.0025739311929742215
2007-06-15,0.007053501780516669
2007-06-18,-0.0023173464229513385
2007-06-19,0.00010873552702928002
2007-06-20,-0.011546781624464875
2007-06-21,0.002871519852096771
2007-06-22,-0.005257390152401786
2007-06-25,-0.004389227037790877
2007-06-26,-0.006084270902034006
2007-06-27,0.009105125619993881
2007-06-28,-0.0016657657360538147
2007-06-29,0.0016647475700226622
2007-07-02,0.010895644915097202
2007-07-03,0.0007501926012929427
2007-07-05,0.0025187307839056317
2007-07-06,0.003458180924078569
2007-07-09,0.0007740956653536912
2007-07-10,-0.0075688730806812154
2007-07-11,0.0026592643250868964
2007-07-12,0.00848283394274274
2007-07-13,0.003107262412895606
2007-07-16,-0.004895419894540121
2007-07-17,-0.0031424013605796386
2007-07-18,0.0015140818120069621
2007-07-19,0.0033205507287321634
2007-07-20,-0.006678099747565058
2007-07-23,-0.0026372821294978754
2007-07-24,-0.011512464574634729
2007-07-25,-0.00026073443746543745
2007-07-26,-0.015630919173292512
2007-07-27,-0.011030033508589887
2007-07-30,0.007630686049852731
2007-07-31,-0.0008317228039648183
2007-08-01,0.0030946374141986865
2007-08-02,0.005969733642966046
2007-08-03,-0.017437027212951928
2007-08-06,0.008807458206785634
2007-08-07,0.004995268809264486
2007-08-08,0.012212896770893211
2007-08-09,-0.01436639490681002
2007-08-10,-0.010012486133586185
2007-08-13,-0.0008939564482597362
2007-08-14,-0.009359334767892302
2007-08-15,-0.008965344222955918
2007-08-16,0.006135870481049466
2007-08-17,0.010618378880152601
2007-08-20,0.005173987833659854
2007-08-21,0.0017309986985420966
2007-08-22,0.009363340078564653
2007-08-23,-0.002008327429029899
2007-08-24,0.009468137975893631
2007-08-27,-0.007528612079420127
2007-08-28,-0.01563062866702214
2007-08-29,0.016897110819598993
2007-08-30,0.00068411866212581
2007-08-31,0.008914728116910409
2007-09-04,0.008384103886597272
2007-09-05,-0.007860294277996283
2007-09-06,0.001759889867533726
2007-09-07,-0.006625297496577809
2007-09-10,-0.0014396732377267574
2007-09-11,0.009912976943543761
2007-09-12,0.0011713231550953829
2007-09-13,0.004034721921737372
2007-09-14,0.0005322741258462216
2007-09-17,-0.0029138175794157783
2007-09-18,0.019971794519154873
2007-09-19,0.007773613630042142
2007-09-20,-0.005978641553125774
2007-09-21,0.0052211650933178255
2007-09-24,0.003764235117646564
2007-09-25,-0.006561100310386592
2007-09-26,0.005311210151110357
2007-09-27,0.011246548092089137
2007-09-28,-0.0030547643371980904
2007-10-01,0.008063385877029372
2007-10-02,-0.0006838168838240177
2007-10-03,-0.0022147771550709017
2007-10-04,0.00621100189906576
2007-10-05,0.007893134169131732
2007-10-08,-0.009910743008767708
2007-10-09,0.00715277656943325
2007-10-10,0.0004285701289030719
2007-10-11,0.0015666739326600787
2007-10-12,0.00034144020565962663
2007-10-15,-0.003480530874817256
2007-10-16,-0.006343531453608664
2007-10-17,0.0025923358219246406
2007-10-18,0.004156786814969449
2007-10-19,-0.01702826128971857
2007-10-22,0.005204316928487662
2007-10-23,0.0051440187216105215
2007-10-24,-0.002446647340693331
2007-10-25,0.006307759097006427
2007-10-26,0.011551613284985773
2007-10-29,0.0022936866924618826
2007-10-30,-0.004579932823780664
2007-10-31,0.013363099589739358
2007-11-01,-0.019276403654042817
2007-11-02,0.0033343839275667975
2007-11-05,-0.008941613633849266
2007-11-06,0.013077482201195423
2007-11-07,-0.01521393069515753
2007-11-08,-0.00018161724983523087
2007-11-09,-0.007045128571618764
2007-11-12,-0.007036917436165524
2007-11-13,0.013186158858766284
2007-11-14,-0.00010472611256928666
2007-11-15,-0.007423254244998012
2007-11-16,-0.002068489392311079
2007-11-19,-0.009490873530591415
2007-11-20,0.006237600953445943
2007-11-21,-0.00820800220612894
2007-11-23,0.013657613718987438
2007-11-26,-0.0167931718727119
2007-11-27,0.006094422609166372
2007-11-28,0.01766666634087044
2007-11-29,-0.0032529158436493955
2007-11-30,0.00634818225479572
2007-12-03,-0.001958109903223204
2007-12-04,-0.007325055268579406
2007-12-05,0.01003142840445137
2007-12-06,0.013707024604126428
2007-12-07,-0.0033378323617222483
2007-12-10,0.0073075788681469245
2007-12-11,-0.016753805547668033
2007-12-12,0.008932226015156752
2007-12-13,-0.010314076937018357
2007-12-14,-0.01496762918715544
2007-12-17,-0.012972929220228857
2007-12-18,0.006239358388306471
2007-12-19,0.003895659096510906
2007-12-20,0.0006976250675383433
2007-12-21,0.010564705008133002
2007-12-24,0.009810869328401584
2007-12-26,-0.0009583833961240851
2007-12-27,-0.0056876099594458385
2007-12-28,-0.0013479905384188307
2007-12-31,8.330518903210127e-05
2008-01-02,0.00381982834987582
2008-01-03,-0.003934573752996995
2008-01-04,-0.018235125082065706
2008-01-07,-0.0014181286834775708
2008-01-08,-0.009061741560540293
2008-01-09,0.00476645478365012
2008-01-10,0.0027083988133240755
2008-01-11,-0.002464712446912598
2008-01-14,0.006543979555912349
2008-01-15,-0.016139571994851942
2008-01-16,-0.005677352682477599
2008-01-17,-0.011872075700203433
2008-01-18,-0.003121862118709573
2008-01-22,-0.0007823908534243529
2008-01-23,0.018022532579523798
2008-01-24,0.007107581504886662
2008-01-25,-0.0005371130636878663
2008-01-28,0.012449322951397779
2008-01-29,0.0012428659948031662
2008-01-30,-0.009530446704540618
2008-01-31,0.011890220811189955
2008-02-01,0.01205431816339897
2008-02-04,-0.0042925626362726454
2008-02-05,-0.021892344304256017
2008-02-06,-0.006344817229316901
2008-02-07,0.0052523402184110335
2008-02-08,-0.0021359716249860217
2008-02-11,-0.0002340177129956933
2008-02-12,0.007308050059188886
2008-02-13,0.005910958905118502
2008-02-14,-0.003455778852880842
2008-02-15,0.0018352649631623308
2008-02-19,0.007184012860309785
2008-02-20,0.0017541932969959984
2008-02-21,-0.006444344214329267
2008-02-22,0.011528256549050209
2008-02-25,0.012393328252452651
2008-02-26,0.00919830702933866
2008-02-27,-0.00030768477904263847
2008-02-28,-0.003758837031621165
2008-02-29,-0.013506866367862247
2008-03-03,0.003948668617403284
2008-03-04,-0.0071446415844121924
2008-03-05,0.009953178434462862
2008-03-06,-0.012999428892556453
2008-03-07,-0.002450398148747479
2008-03-10,-0.0012009182267617158
2008-03-11,0.027120308407186267
2008-03-12,-0.0016480040677786523
2008-03-13,0.002387330839883628
2008-03-14,-0.010089650496473257
2008-03-17,-0.010855090861786931
2008-03-18,0.026285023843945376
2008-03-19,-0.02066186644685153
2008-03-20,0.005768984365541074
2008-03-24,0.012361438869336938
2008-03-25,0.006359669907341825
2008-03-26,-0.0002110929667072936
2008-03-27,-0.00037743304540294176
2008-03-28,-0.00847172392568929
2008-03-31,-0.0021620218390010493
2008-04-01,0.02188806839591395
2008-04-02,0.005033264118230907
2008-04-03,0.006709577319383264
2008-04-04,0.0002627335788563112
2008-04-07,0.0003329040393755811
2008-04-08,-0.001769363970893778
2008-04-09,-0.003580401513693099
2008-04-10,1.104745824087594e-05
2008-04-11,-0.008987128437748404
2008-04-14,-0.0005407977408484754
2008-04-15,0.005402733884778854
2008-04-16,0.020347332706867505
2008-04-17,-0.002612749204275011
2008-04-18,0.0023739676658762754
2008-04-21,0.0004622825246152207
2008-04-22,-0.002066730323374566
2008-04-23,0.0011065111178556464
2008-04-24,-0.0013933723005005172
2008-04-25,0.008101042212258935
2008-04-28,0.001759002270069976
2008-04-29,-0.009193320153538131
2008-04-30,-0.002591488500345185
2008-05-01,0.0049383459060252655
2008-05-02,0.004496716646964938
2008-05-05,0.0032708113526165317
2008-05-06,0.006636868952516917
2008-05-07,-0.011354335734371612
2008-05-08,0.004547210256799827
2008-05-09,0.00034268099885470527
2008-05-12,0.0053010698570490344
2008-05-13,-0.00040765040957035925
2008-05-14,-0.0016489238935748496
2008-05-15,0.011706866958993034
2008-05-16,0.0038326574612075337
2008-05-19,0.000801406459499221
2008-05-20,-0.002816502750427552
2008-05-21,-0.005146795329471376
2008-05-22,-0.0035390992086697937
2008-05-23,-0.004667278377535333
2008-05-27,-0.0003582255954858171
2008-05-28,0.0011147407818226096
2008-05-29,-0.0037643071344601875
2008-05-30,0.0027390614198874452
2008-06-02,-0.0036467538601604454
2008-06-03,-0.00401456213022755
2008-06-04,-0.003927502993457566
2008-06-05,0.018451346831769078
2008-06-06,-0.013624783582115496
2008-06-09,-0.0031089566388743384
2008-06-10,-0.006184695371821425
2008-06-11,-0.0010429813147160294
2008-06-12,0.0002515885933607187
2008-06-13,0.005937484006517391
2008-06-16,0.0036627158743995913
2008-06-17,-0.003326018416047294
2008-06-18,-0.002704099890304734
2008-06-19,-0.001306556014612048
2008-06-20,-0.009959488841745578
2008-06-23,-0.00382639160245668
2008-06-24,-6.134663748003089e-05
2008-06-25,0.0055571218303442915
2008-06-26,-0.009453352438786311
2008-06-27,-0.0006167730422023121
2008-06-30,-0.0012106443037048775
2008-07-01,0.0012836906790614222
2008-07-02,-0.004706770540673144
2008-07-03,-0.0006064679607677981
2008-07-07,-0.009997565883881454
2008-07-08,0.012521197979638021
2008-07-09,-0.01875585555064896
2008-07-10,0.011998087907362454
2008-07-11,-0.005426232993959723
2008-07-14,-0.008004027747330889
2008-07-15,-0.013576050556000419
2008-07-16,0.01826535270269458
2008-07-17,0.0017870675759781296
2008-07-18,-0.0012227089361376287
2008-07-21,0.005669354993791842
2008-07-22,0.0033400722382825876
2008-07-23,0.0027023324217532174
2008-07-24,-0.01907795169579707
2008-07-25,-0.00017996216752247385
2008-07-28,-0.0074059503384114045
2008-07-29,0.012792452097954099
2008-07-30,0.009674651750980034
2008-07-31,-0.007087025492175991
2008-08-01,-0.005884264358160252
2008-08-04,-0.01341590397375858
2008-08-05,0.017010854710164613
2008-08-06,-0.00211220419387248
2008-08-07,-0.009344375420212936
2008-08-08,0.004618072421732622
2008-08-11,0.00714746387388443
2008-08-12,-0.008324664157303041
2008-08-13,-0.0010286254260342131
2008-08-14,0.0028308011959072843
2008-08-15,-0.002564910850539781
2008-08-18,-0.004873685807019634
2008-08-19,-0.006546883388813818
2008-08-20,0.0045968317449298635
2008-08-21,0.005660535449056869
2008-08-22,0.0031570747992444304
2008-08-25,-0.013110116231038194
2008-08-26,0.00423467035523184
2008-08-27,0.008033708111513826
2008-08-28,0.005870157990769176
2008-08-29,-0.005176002034723237
2008-09-02,-0.006888173326649594
2008-09-03,0.0014635156221267653
2008-09-04,-0.02210629882778503
2008-09-05,-0.002470545684048586
2008-09-08,0.016939041772725982
2008-09-09,-0.026275871591991184
2008-09-10,0.0028486531113061098
2008-09-11,0.0035570810770173544
2008-09-12,0.0045071963161940065
2008-09-15,-0.033781409929374506
2008-09-16,0.007452486992964413
2008-09-17,-0.020946026652825633
2008-09-18,0.030248820746194616
2008-09-19,0.03326493102633532
2008-09-22,-0.02147093720597637
2008-09-23,-0.008081352067335068
2008-09-24,-0.0012493093355541163
2008-09-25,0.013101625408116657
2008-09-26,0.0017667186091046005
2008-09-29,-0.06306692707458095
2008-09-30,0.037253465390669094
2008-10-01,-0.009538368371387329
2008-10-02,-0.038919659909488535
2008-10-03,-0.015961635450748246
2008-10-06,-0.034431769170318205
2008-10-07,-0.03333743957080315
2008-10-08,-0.011313320149147432
2008-10-09,-0.052767287895984394
2008-10-10,-0.0034450876175902145
2008-10-13,0.08323574814350332
2008-10-14,-0.024808444773531946
2008-10-15,-0.0742617893916443
2008-10-16,0.027239752017535368
2008-10-17,-0.0041685401668069
2008-10-20,0.030513517883266505
2008-10-21,-0.0293796317547661
2008-10-22,-0.04764751846662452
2008-10-23,0.0025490653156621246
2008-10-24,-0.04243890524891181
2008-10-27,-0.030681733052092097
2008-10-28,0.08566053948807628
2008-10-29,0.00333644125716992
2008-10-30,0.014440240338801313
2008-10-31,0.017116241500752638
2008-11-03,-0.007090200441631889
2008-11-04,0.043080016581582115
2008-11-05,-0.043254484970692175
2008-11-06,-0.042748636172925014
2008-11-07,0.029800315220687823
2008-11-10,-0.02207445784608464
2008-11-11,-0.018580287494933123
2008-11-12,-0.03858652655123873
2008-11-13,0.05318422911094012
2008-11-14,-0.04370699558400226
2008-11-17,-0.017192161829263752
2008-11-18,0.0008004599039295179
2008-11-19,-0.05351978657808709
2008-11-20,-0.04777139248668605
2008-11-21,0.04071907915263706
2008-11-24,0.07142365906027459
2008-11-25,0.005138725111564879
2008-11-26,0.02850490786617277
2008-11-28,-0.008854403187411597
2008-12-01,-0.07728271004939014
2008-12-02,0.04564365270150361
2008-12-03,0.016707748543799195
2008-12-04,-0.02573952119908618
2008-12-05,0.02299688176799486
2008-12-08,0.043608252508635426
2008-12-09,-0.025391305072831383
2008-12-10,0.02942347422615832
2008-12-11,-0.027413002640695683
2008-12-12,0.030668112276547088
2008-12-15,-0.014418691731138855
2008-12-16,0.05144996043536265
2008-12-17,-0.0005049258223438491
2008-12-18,-0.028007490748412245
2008-12-19,0.008094003797316729
2008-12-22,-0.017820942554267694
2008-12-23,-0.003979918064737742
2008-12-24,0.002829001965392486
2008-12-26,0.009318869953010234
2008-12-29,-0.00942504272726541
2008-12-30,0.020079481379418063
2008-12-31,0.022455129654820993
2009-01-02,0.0064727587280799526
2009-01-05,-0.005444218206043017
2009-01-06,0.018538705290743085
2009-01-07,-0.02632358724526751
2009-01-08,0.003612265894260114
2009-01-09,-0.02284012019076842
2009-01-12,-0.029222859523712952
2009-01-13,0.006240487929316085
2009-01-14,-0.026728004030137198
2009-01-15,0.008097879710880385
2009-01-16,0.009509886850496807
2009-01-20,-0.05411626525368474
2009-01-21,0.0376459745047506
2009-01-22,-0.02294284311167538
2009-01-23,0.015000724756462525
2009-01-26,0.004040289659835272
2009-01-27,0.004626893017721345
2009-01-28,0.03330615681639282
2009-01-29,-0.03706297519720658
2009-01-30,-0.015461034712448307
2009-02-02,0.00027802783119956764
2009-02-03,0.002499113762057137
2009-02-04,-0.006744870907503753
2009-02-05,0.006562156525148577
2009-02-06,0.024415138333885755
2009-02-09,0.0018338946398064326
2009-02-10,-0.03698341378396042
2009-02-11,0.007406737644495287
2009-02-12,-0.0035598041667139757
2009-02-13,-0.021804402478628693
2009-02-17,-0.04123638800337559
2009-02-18,-0.0004987480357304674
2009-02-19,-0.007007154985431252
2009-02-20,0.0064494541218518275
2009-02-23,-0.03143807189246173
2009-02-24,0.0354431137517528
2009-02-25,-0.010534305745469763
2009-02-26,-0.011338002641827272
2009-02-27,-0.009363007144319258
2009-03-02,-0.04115774162604258
2009-03-03,-0.00047060729039960503
2009-03-04,0.022722915238865493
2009-03-05,-0.028092194727198372
2009-03-06,0.001102099758726105
2009-03-09,-0.003874106849561021
2009-03-10,0.051010408310012245
2009-03-11,-0.005632768108570385
2009-03-12,0.03858214561646345
2009-03-13,-0.0029880102532255925
2009-03-16,-0.01089030640582378
2009-03-17,0.030403206735519328
2009-03-18,0.030415623993199636
2009-03-19,-0.011371791699127054
2009-03-20,-0.021591526983277487
2009-03-23,0.06345233512189452
2009-03-24,-0.029594150542178732
2009-03-25,0.004045912306519517
2009-03-26,0.015230761005174065
2009-03-27,-0.022802841502978066
2009-03-30,-0.031877953137858905
2009-03-31,0.022093124931679142
2009-04-01,0.007950083048981593
2009-04-02,0.03575479018388017
2009-04-03,0.02114396112818806
2009-04-06,-0.011074962549554868
2009-04-07,-0.027012636872210227
2009-04-08,0.009566036909749442
2009-04-09,0.041468192445785146
2009-04-13,0.004593822361807609
2009-04-14,-0.025128196530256774
2009-04-15,0.02102532473526164
2009-04-16,0.009221573288950902
2009-04-17,0.001187730130417286
2009-04-20,-0.043580959662828156
2009-04-21,0.026721664825495095
2009-04-22,-0.010293472774154933
2009-04-23,0.018596501775372865
2009-04-24,0.01784139500177262
2009-04-27,-0.020376826424921224
2009-04-28,-0.0022592919238365594
2009-04-29,0.02162689793421424
2009-04-30,0.0009197497589437109
2009-05-01,0.002199621693931064
2009-05-04,0.035441407322437835
2009-05-05,-0.013114096263587616
2009-05-06,0.02126689219614697
2009-05-07,-0.01877394000930277
2009-05-08,0.031778890285161454
2009-05-11,-0.016446439436330285
2009-05-12,0.002901277770231081
2009-05-13,-0.026414414701746436
2009-05-14,0.009860672729816722
2009-05-15,-0.015763796768239025
2009-05-18,0.03343043769120424
2009-05-19,-0.0024787586099069836
2009-05-20,0.0022503361132808486
2009-05-21,-0.007504308510068225
2009-05-22,-0.002350285075455205
2009-05-26,0.02012597208286704
2009-05-27,-0.01610351094974294
2009-05-28,0.012273970660016342
2009-05-29,0.020280130162259713
2009-06-01,0.02216925121432456
2009-06-02,-0.0008198997721250434
2009-06-03,-0.014367085023551107
2009-06-04,0.014419808276018298
2009-06-05,-0.005910504903323899
2009-06-08,-0.006349719276860455
2009-06-09,0.006253743357438779
2009-06-10,-0.005533416035151784
2009-06-11,0.003406055304714828
2009-06-12,0.004968166498417359
2009-06-15,-0.0243131559528722
2009-06-16,-0.00833725333481028
2009-06-17,-0.003368594852813933
2009-06-18,0.00027371461121861174
2009-06-19,0.005122007455030664
2009-06-22,-0.028539605460822015
2009-06-23,0.008353833237691122
2009-06-24,0.00539722460453107
2009-06-25,0.015515391562305192
2009-06-26,-0.0006100002824749318
2009-06-29,0.005774012392770311
2009-06-30,-0.006878324397746272
2009-07-01,0.006689168936353518
2009-07-02,-0.025572620738524288
2009-07-06,-0.0006821514235850756
2009-07-07,-0.018880578656800928
2009-07-08,-0.0030367452760345914
2009-07-09,-0.0008806583728816486
2009-07-10,-0.0033713133022175157
2009-07-13,0.016250090113178572
2009-07-14,0.003335483162127506
2009-07-15,0.02270173876994286
2009-07-16,0.005412976164631544
2009-07-17,-0.0022779645777355473
2009-07-20,0.017096521105281592
2009-07-21,0.0031656220020412906
2009-07-22,0.0006782642090656932
2009-07-23,0.0179438634400666
2009-07-24,0.004035500841072404
2009-07-27,0.0035415505421516613
2009-07-28,-0.0037670024572045158
2009-07-29,-0.009659399032333704
2009-07-30,0.02013654734469439
2009-07-31,0.009168254144214849
2009-08-03,0.015062721407981705
2009-08-04,0.010650478441530664
2009-08-05,0.007226669020241161
2009-08-06,-0.008296845799349861
2009-08-07,0.011143742324955852
2009-08-10,-0.004746615938515997
2009-08-11,-0.011068675014186513
2009-08-12,0.006379306960335063
2009-08-13,0.009913159121990978
2009-08-14,-0.009934455682443999
2009-08-17,-0.023691175881800697
2009-08-18,0.010270826207835926
2009-08-19,0.004033875099725082
2009-08-20,0.010306177769964231
2009-08-21,0.01299347779873572
2009-08-24,0.000926602470472826
2009-08-25,0.002228055321179312
2009-08-26,-0.0004347201730957595
2009-08-27,0.005043593788576883
2009-08-28,0.0018826167152685702
2009-08-31,-0.011276292000159782
2009-09-01,-0.02267589887738608
2009-09-02,-0.0034479654708786667
2009-09-03,0.005475757751588484
2009-09-04,0.006143303925350008
2009-09-08,0.015931757500664556
2009-09-09,0.008896506402789273
2009-09-10,0.009384227384483745
2009-09-11,-0.002649236511237052
2009-09-14,0.005094627375607175
2009-09-15,0.008352519833660255
2009-09-16,0.017528728007786487
2009-09-17,-0.0013858915888311785
2009-09-18,-0.0018984696474899643
2009-09-21,-0.010235492957278658
2009-09-22,0.014066323645279155
2009-09-23,-0.014636074600856919
2009-09-24,-0.014445748439504524
2009-09-25,-0.0020142549086915595
2009-09-28,0.016687016165888968
2009-09-29,-0.005849127384107811
2009-09-30,0.003122733147794543
2009-10-01,-0.018823810034731547
2009-10-02,-0.006465932829858967
2009-10-05,0.017827073106556846
2009-10-06,0.0025882364598202035
2009-10-07,0.0027821347096339544
2009-10-08,0.011508198406536385
2009-10-09,0.001323333026790996
2009-10-12,0.00632670052448292
2009-10-13,-0.0009494273765726646
2009-10-14,0.01566890205080651
2009-10-15,0.0013039356633750554
2009-10-16,-0.008370643194841487
2009-10-19,0.012310407834615011
2009-10-20,-0.0066011308297296845
2009-10-21,-0.0012402006776770502
2009-10-22,0.010273715336613254
2009-10-23,-0.009497588480396058
2009-10-26,-0.010441115955833524
2009-10-27,-0.00508950241743189
2009-10-28,-0.021529507186164976
2009-10-29,0.02445622455241403
2009-10-30,-0.019559929533304765
2009-11-02,0.006295767447491274
2009-11-03,0.005211171981035934
2009-11-04,-0.002370786235222244
2009-11-05,0.009690611418158968
2009-11-06,-0.005152642119958806
2009-11-09,0.02335669004668417
2009-11-10,-0.003378454963653854
2009-11-11,0.0072611209392727805
2009-11-12,-0.009899357943327747
2009-11-13,0.0065593015364477925
2009-11-16,0.017799029398498423
2009-11-17,-0.0031656870691645356
2009-11-18,0.002562868449554667
2009-11-19,-0.013598731207758008
2009-11-20,-0.0035023262864393168
2009-11-23,0.009317239292836899
2009-11-24,-0.0047592281855447505
2009-11-25,0.00965945684629732
2009-11-27,-0.016143244044103056
2009-11-30,0.01130106172168932
2009-12-01,0.01124130170072446
2009-12-02,0.0017291992292711722
2009-12-03,-0.00533323192201296
2009-12-04,0.00316386188311224
2009-12-07,-0.006823282311796186
2009-12-08,-0.008115588624442949
2009-12-09,-0.0028079694558950097
2009-12-10,-0.0007964825966014777
2009-12-11,0.004017350652549823
2009-12-14,0.008037147374773568
2009-12-15,-0.0066914225567702434
2009-12-16,0.007560429767592636
2009-12-17,-0.009671462400799413
2009-12-18,0.002771419655591023
2009-12-21,0.0013498995386831414
2009-12-22,0.004628877562821154
2009-12-23,0.00804030280884982
2009-12-24,0.005070131131690969
2009-12-28,0.005246445918565934
2009-12-29,-0.0028242167934319218
2009-12-30,-0.0004597055113474413
2009-12-31,-0.008260575017033478
2010-01-04,0.01328777724079977
2010-01-05,0.0016007873386301164
2010-01-06,0.003370177091644555
2010-01-07,-0.00027373688076781644
2010-01-08,0.0008669096529700937
2010-01-11,0.002599639460909131
2010-01-12,-0.010406216417864544
2010-01-13,0.00661086788470544
2010-01-14,0.0017785799595564367
2010-01-15,-0.008294695517106376
2010-01-19,0.009503437976658535
2010-01-20,-0.012482954743362695
2010-01-21,-0.015615299822565598
2010-01-22,-0.015311496890563214
2010-01-25,0.0053489577366507834
2010-01-26,-0.005640007705650318
2010-01-27,-0.0008685444324966207
2010-01-28,-0.008115219631952608
2010-01-29,-0.00768760929301926
2010-02-01,0.014528130554466445
2010-02-02,0.013125359451211516
2010-02-03,-0.009747408736217822
2010-02-04,-0.02679534025850805
2010-02-05,0.001799840138036135
2010-02-08,-0.009847215966978351
2010-02-09,0.010615106312598321
2010-02-10,-0.0010176387340770088
2010-02-11,0.007960904010805514
2010-02-12,-0.0001865410483300467
2010-02-16,0.019782959142788048
2010-02-17,0.0009450671773081343
2010-02-18,0.006367187572269284
2010-02-19,0.0005947168401245762
2010-02-22,-0.0003289685034457701
2010-02-23,-0.008553709053511938
2010-02-24,0.006870918832899475
2010-02-25,-0.003369245506858576
2010-02-26,0.0050958308454689405
2010-03-01,0.003511815482238223
2010-03-02,0.004402874062334083
2010-03-03,0.0037818809262937236
2010-03-04,-8.166921210595035e-05
2010-03-05,0.013592726992204929
2010-03-08,0.0012820624544067627
2010-03-09,-0.0013247504282802858
2010-03-10,0.0037755866479975975
2010-03-11,0.0020963906837005997
2010-03-12,0.002088028994456259
2010-03-15,-0.004186113403735647
2010-03-16,0.012400069521992352
2010-03-17,0.007253520440461347
2010-03-18,-0.0033133355999699354
2010-03-19,-0.007940822278937776
2010-03-22,0.004869737858345324
2010-03-23,0.0009669073106712833
2010-03-24,-0.007408624817995313
2010-03-25,-0.001792144584216171
2010-03-26,0.0016113772141388427
2010-03-29,0.007781917462256649
2010-03-30,0.00048144756853085724
2010-03-31,-0.0026429659181569365
2010-04-01,0.009407640315469035
2010-04-05,0.0075939452459476975
2010-04-06,0.0049269061281085325
2010-04-07,-0.006462199868797036
2010-04-08,0.00018327265065498644
2010-04-09,0.0074050860821439635
2010-04-12,6.659038586853683e-05
2010-04-13,0.005999677211283139
2010-04-14,0.007004256921719687
2010-04-15,-0.004382366613747912
2010-04-16,-0.014654117642328934
2010-04-19,-0.0019053539423463661
2010-04-20,0.008094410601899416
2010-04-21,0.003469856772422286
2010-04-22,0.001923656972802501
2010-04-23,0.006228265298050317
2010-04-26,0.0001993733548404375
2010-04-27,-0.02038211507514176
2010-04-28,0.0017819526149758236
2010-04-29,0.016468343760958737
2010-04-30,-0.009387860509529222
2010-05-03,0.011059595613065909
2010-05-04,-0.021278217761367513
2010-05-05,-0.01138283575991006
2010-05-06,-0.025561517507744824
2010-05-07,-0.008413257598809731
2010-05-10,0.03708206173786355
2010-05-11,-0.002706265820652698
2010-05-12,0.009414806103518414
2010-05-13,-0.009506060179863995
2010-05-14,-0.019466268635993433
2010-05-17,-0.0054804747017083155
2010-05-18,-0.010860741963553577
2010-05-19,-0.003836081624577492
2010-05-20,-0.02705799176646495
2010-05-21,0.016944186838677266
2010-05-24,-0.01187109218415583
2010-05-25,0.0003756336121625292
2010-05-26,-0.0027320030750571656
2010-05-27,0.032765397343491154
2010-05-28,-0.009757436534875819
2010-06-01,-0.01297356731449939
2010-06-02,0.0157270993385088
2010-06-03,0.0003700803608563952
2010-06-04,-0.03040414009433856
2010-06-07,-0.0048971043772801925
2010-06-08,0.009879348607860328
2010-06-09,0.00037778176824732057
2010-06-10,0.024302722698987367
2010-06-11,0.005177198466782329
2010-06-14,0.00387089918607475
2010-06-15,0.018044154773917853
2010-06-16,-0.001851955795014626
2010-06-17,0.0024225746280519544
2010-06-18,-0.001516994530646576
2010-06-21,-0.0030585265969984565
2010-06-22,-0.011028643052544918
2010-06-23,-0.0013497311426939884
2010-06-24,-0.010779219525604455
2010-06-25,0.01099332060955005
2010-06-28,-0.005193388255282927
2010-06-29,-0.024245530866047305
2010-06-30,-0.004357519585567737
2010-07-01,-0.0018415266142393083
2010-07-02,-0.006080580348311049
2010-07-06,0.0019299170088922235
2010-07-07,0.02615042397189904
2010-07-08,0.007853582061350561
2010-07-09,0.004072593348054321
2010-07-12,-0.0019472555365751543
2010-07-13,0.013841031535543502
2010-07-14,0.00013366314934781798
2010-07-15,0.003312815278548653
2010-07-16,-0.01980032931364273
2010-07-19,0.004209801982804295
2010-07-20,0.009232630209636161
2010-07-21,-0.009639253892280597
2010-07-22,0.021463315668973637
2010-07-23,0.005371886311875462
2010-07-26,0.008236564801613389
2010-07-27,-0.002275505450473281
2010-07-28,-0.001053550254070612
2010-07-29,0.0015645243359179162
2010-07-30,0.004421578724369546
2010-08-02,0.021204437799985376
2010-08-03,-0.0015877651337320442
2010-08-04,0.0038087586782082905
2010-08-05,-0.0028504395038642105
2010-08-06,-0.001611014690939605
2010-08-09,0.004221566457233816
2010-08-10,-0.005745388376729332
2010-08-11,-0.023012977959129377
2010-08-12,-0.005935796694826689
2010-08-13,-0.0006240095212430852
2010-08-16,0.0021938702730606163
2010-08-17,0.011112399712440713
2010-08-18,-0.0005026674718726643
2010-08-19,-0.012945486057967193
2010-08-20,-0.005257404675757749
2010-08-23,-0.0032884844693704673
2010-08-24,-0.007185315903658451
2010-08-25,0.004294757600334931
2010-08-26,0.0005907061577912209
2010-08-27,0.01140530069883905
2010-08-30,-0.006196211671414931
2010-08-31,0.0003733207204854594
2010-09-01,0.022111415278877944
2010-09-02,0.00611090407773518
2010-09-03,0.007304889368320078
2010-09-07,-0.005498423514190276
2010-09-08,0.0032403581681967886
2010-09-09,-0.002195134155862366
2010-09-10,0.004193200365866456
2010-09-13,0.011566339032903494
2010-09-14,0.0020716679109931135
2010-09-15,0.0015383931563783815
2010-09-16,-0.0037828395499636125
2010-09-17,0.0008458607623575976
2010-09-20,0.013640203411594998
2010-09-21,-0.003627735629119
2010-09-22,-0.0024796038096716044
2010-09-23,-0.008260198656978024
2010-09-24,0.01738439241483558
2010-09-27,-0.004231302404569703
2010-09-28,0.003325978580442479
2010-09-29,-8.903312790353723e-05
2010-09-30,-0.0005736527887818532
2010-10-01,0.004358028423559812
2010-10-04,-0.0025137044337816272
2010-10-05,0.01694773149196327
2010-10-06,0.0019291821499602957
2010-10-07,-0.0021650668479943347
2010-10-08,0.00967362680602779
2010-10-11,-0.0008600719985187855
2010-10-12,0.0019966001451610094
2010-10-13,0.006854651276942736
2010-10-14,-0.001363794255941131
2010-10-15,-0.0035928857302136574
2010-10-18,0.006970439880432444
2010-10-19,-0.014727134631113747
2010-10-20,0.014681431705082737
2010-10-21,-0.004426809409045829
2010-10-22,0.0027576532749336025
2010-10-25,0.002701968091963991
2010-10-26,-0.0029841658772108426
2010-10-27,-0.005707354068249959
2010-10-28,0.0025513907435059657
2010-10-29,0.0005402020883960024
2010-11-01,0.002005135077880027
2010-11-02,0.008756365317092785
2010-11-03,0.0037784637539453048
2010-11-04,0.019389106405285794
2010-11-05,0.002025848601872937
2010-11-08,-0.0020835636944690483
2010-11-09,-0.014593918893887503
2010-11-10,0.006741400614978854
2010-11-11,-0.005920475607332332
2010-11-12,-0.01591465568067474
2010-11-15,-0.004611405724111228
2010-11-16,-0.01917135185723029
2010-11-17,0.0006084239971133609
2010-11-18,0.014677435743853273
2010-11-19,-0.0008699639752912658
2010-11-22,-8.342453499454727e-05
2010-11-23,-0.010578928267169885
2010-11-24,0.011537734490680851
2010-11-26,-0.0042846335091573096
2010-11-29,-0.00044337169708097424
2010-11-30,-0.005807276675597772
2010-12-01,0.014341684681893785
2010-12-02,0.010638782455496543
2010-12-03,0.004988826999447138
2010-12-06,0.00029116393760220127
2010-12-07,-0.004003488078526796
2010-12-08,-0.0018111106776962371
2010-12-09,-0.0005833208738349471
2010-12-10,0.0009076551516529197
2010-12-13,0.005248924463767013
2010-12-14,-0.004122439055550875
2010-12-15,-0.006813794663960482
2010-12-16,0.0031188710619962645
2010-12-17,0.00399407293832188
2010-12-20,0.005116349167720191
2010-12-21,0.006742841825648993
2010-12-22,0.003025022720104076
2010-12-23,-0.0012560528848359898
2010-12-27,0.0025409840240828707
2010-12-28,0.001286487879165632
2010-12-29,0.004591999294534244
2010-12-30,-0.0035602056444128394
2010-12-31,0.005624158867810758
2011-01-03,0.007702593079401243
2011-01-04,-0.006760920518134594
2011-01-05,0.0008813225742541064
2011-01-06,-0.006222825490582062
2011-01-07,-0.0005204306109909407
2011-01-10,0.0024186176500902157
2011-01-11,0.0031035400301402394
2011-01-12,0.0077674413863944025
2011-01-13,0.0019460824275820965
2011-01-14,0.004396981732047722
2011-01-18,0.0026773385469827105
2011-01-19,-0.005667834044965181
2011-01-20,-0.00550260892680321
2011-01-21,0.004382941998354983
2011-01-24,0.002574218831216113
2011-01-25,0.0005151359044748283
2011-01-26,0.005594181544292587
2011-01-27,0.0031243314119433485
2011-01-28,-0.007830730838404576
2011-01-31,0.008206854951176235
2011-02-01,0.008961282632532708
2011-02-02,0.0009181856665496646
2011-02-03,-0.0014052544178475568
2011-02-04,-0.0033036483783241977
2011-02-07,0.0031893834014831146
2011-02-08,0.0030499868622062554
2011-02-09,0.001202855245121759
2011-02-10,-0.0022207847735536967
2011-02-11,0.0028239514170367297
2011-02-14,0.0019469055875260821
2011-02-15,-0.004086231918811412
2011-02-16,0.005295047773851147
2011-02-17,0.002854675614065938
2011-02-18,0.0016405868534219437
2011-02-22,-0.009786004798825965
2011-02-23,0.0012961146896151021
2011-02-24,-0.002736693444442162
2011-02-25,0.013472729770944492
2011-02-28,0.008248693135089802
2011-03-01,-0.008826729779423226
2011-03-02,-0.000603782382655349
2011-03-03,0.007440885907081807
2011-03-04,-0.002822550221978415
2011-03-07,-0.0063585386850874
2011-03-08,0.0029960579200372095
2011-03-09,0.0015272525464817832
2011-03-10,-0.013297958193416948
2011-03-11,0.0018173277574993207
2011-03-14,-0.005792919514079675
2011-03-15,-0.0139528881006723
2011-03-16,-0.010083812677820103
2011-03-17,0.01632961221683571
2011-03-18,0.0065298918438936315
2011-03-21,0.010074012044199998
2011-03-22,-0.0009605543171641306
2011-03-23,-0.0012173319192793075
2011-03-24,0.005064570070995034
2011-03-25,-5.2498772913023295e-05
2011-03-28,-0.003475717770590858
2011-03-29,0.003753892522968316
2011-03-30,0.007085654399096475
2011-03-31,0.0029908671768936745
2011-04-01,0.004870041901851252
2011-04-04,0.0025646962607646095
2011-04-05,-0.0011254283967042644
2011-04-06,0.0021048904938376634
2011-04-07,-0.0033051092996694287
2011-04-08,0.0036578118805450366
2011-04-11,-0.004324202764909857
2011-04-12,-0.006664797345878659
2011-04-13,0.0026003697933112413
2011-04-14,0.0038024768989715074
2011-04-15,0.005498389113819613
2011-04-18,-0.008853716019604718
2011-04-19,0.004524739807145295
2011-04-20,0.012518621209971936
2011-04-21,0.005282505110721036
2011-04-25,0.0012667417102447676
2011-04-26,0.005811919412126443
2011-04-27,0.005900463205275486
2011-04-28,0.003991812139299888
2011-04-29,0.0008618975760001923
2011-05-02,-0.0008160600417349562
2011-05-03,-0.0056168989244193
2011-05-04,-0.0068631998445572995
2011-05-05,-0.018400545715884786
2011-05-06,-0.0012952548461868663
2011-05-09,0.010818936519911837
2011-05-10,0.007609424277195576
2011-05-11,-0.01396958703233342
2011-05-12,0.0017391203222965057
2011-05-13,-0.0056689708016373075
2011-05-16,-0.003462140313279627
2011-05-17,0.0014135453246149066
2011-05-18,0.007835864897255185
2011-05-19,0.0011320980663116487
2011-05-20,-0.004545059456303346
2011-05-23,-0.011902787188763142
2011-05-24,0.004519350858143145
2011-05-25,0.006516455240109131
2011-05-26,0.007318668426233188
2011-05-27,0.004480198242200251
2011-05-31,0.010842511177933556
2011-06-01,-0.015866621199397413
2011-06-02,-0.00011609854611371873
2011-06-03,0.0005142899827430547
2011-06-06,-0.010082853977488093
2011-06-07,0.006047959742794928
2011-06-08,-0.0018871486443133856
2011-06-09,0.0017493962603194468
2011-06-10,-0.013921628544993903
2011-06-13,-0.0004858941876069167
2011-06-14,0.008856350934798751
2011-06-15,-0.01658220036453284
2011-06-16,0.001085586632141533
2011-06-17,0.003463842110486448
2011-06-20,0.0018186957574934937
2011-06-21,0.00850938724395478
2011-06-22,-0.002946774228499538
2011-06-23,-0.00953372420572629
2011-06-24,-0.005748625486973524
2011-06-27,0.0034444565561346785
2011-06-28,0.0083627357588123
2011-06-29,0.009726639152773053
2011-06-30,0.002529659453879951
2011-07-01,0.008357191375936823
2011-07-05,0.004109805683328638
2011-07-06,0.0007674176591225823
2011-07-07,0.009764416020095812
2011-07-08,-0.002223165940064331
2011-07-11,-0.01317610191154972
2011-07-12,0.0005162995689285133
2011-07-13,0.004734073869934852
2011-07-14,-0.007240125439159084
2011-07-15,0.006661119767108925
2011-07-18,-0.007225526969427021
2011-07-19,0.011610980606292731
2011-07-20,0.0033710487926721378
2011-07-21,0.006518364564436663
2011-07-22,0.003715299905896252
2011-07-25,-0.005856609361637455
2011-07-26,0.0033140383908429882
2011-07-27,-0.01626418967959553
2011-07-28,-0.0011171294431200351
2011-07-29,-4.25350479578146e-05
2011-08-01,-0.0056146412553012
2011-08-02,-0.01493497308723013
2011-08-03,-0.0022515324192867725
2011-08-04,-0.0381787901821401
2011-08-05,-0.0033884480347592394
2011-08-08,-0.04981085572233779
2011-08-09,0.04382362289091457
2011-08-10,-0.02229416225178793
2011-08-11,0.03017200764975092
2011-08-12,0.004792771082866132
2011-08-15,0.017845452082350333
2011-08-16,-0.004343550540160002
2011-08-17,0.004989839273087826
2011-08-18,-0.031151264088081554
2011-08-19,-0.006756435628499258
2011-08-22,0.0017359391087583553
2011-08-23,0.019166847561427725
2011-08-24,0.0013442410346022893
2011-08-25,-0.00948820733776179
2011-08-26,0.011436246511028036
2011-08-29,0.016728364812119922
2011-08-30,0.003964697453910926
2011-08-31,0.006387757264345595
2011-09-01,-0.007255979888762698
2011-09-02,-0.013496849258085919
2011-09-06,-0.009121697390963246
2011-09-07,0.01989068843626418
2011-09-08,-0.007979187614457706
2011-09-09,-0.020642199478066336
2011-09-12,9.969672188137046e-05
2011-09-13,0.003258328501786645
2011-09-14,0.00623384833016738
2011-09-15,0.010433010246365004
2011-09-16,0.0027021447989936664
2011-09-19,-0.013580722938816292
2011-09-20,0.0003932730571551968
2011-09-21,-0.024503342202279232
2011-09-22,-0.022863207388515217
2011-09-23,-0.00024444643723220416
2011-09-26,0.011543208714052788
2011-09-27,0.011299854207229343
2011-09-28,-0.017912863476571284
2011-09-29,0.010903172373462278
2011-09-30,-0.022766094389452873
2011-10-03,-0.01954086572264291
2011-10-04,0.014419622468521354
2011-10-05,0.007086148871776388
2011-10-06,0.017243245708582933
2011-10-07,-0.010164400565350729
2011-10-10,0.026508226726726036
2011-10-11,-0.001980189433425039
2011-10-12,0.00762449413860522
2011-10-13,-0.0003771920134693074
2011-10-14,0.013930562336885277
2011-10-17,-0.014330849228697984
2011-10-18,0.014704721209667815
2011-10-19,-0.011881255192570217
2011-10-20,0.0018192275768678101
2011-10-21,0.015887477743662393
2011-10-24,0.013465293468760242
2011-10-25,-0.008268001441837702
2011-10-26,0.0035541700799686105
2011-10-27,0.030315066451546135
2011-10-28,-0.0004582903750988132
2011-10-31,-0.01794865526951417
2011-11-01,-0.018102094948826752
2011-11-02,0.009562405858499767
2011-11-03,0.012942856494958743
2011-11-04,-0.004129776733657886
2011-11-07,0.005283928345836575
2011-11-08,0.007662903781024966
2011-11-09,-0.029568778397104034
2011-11-10,0.0029901182256493186
2011-11-11,0.015101891311595006
2011-11-14,-0.010061549399419945
2011-11-15,0.0031181410330469728
2011-11-16,-0.00870555276986329
2011-11-17,-0.013275954912877364
2011-11-18,0.0006932828258641166
2011-11-21,-0.014841497859908181
2011-11-22,-0.00035167660786550314
2011-11-23,-0.018283561185724495
2011-11-25,-0.00344481272867736
2011-11-28,0.021342516064860595
2011-11-29,0.0037868338295103943
2011-11-30,0.028831527718000682
2011-12-01,-0.00417386999593794
2011-12-02,0.0022578589196549093
2011-12-05,0.004928859326288171
2011-12-06,-0.0006285009961555232
2011-12-07,0.0035262550918016
2011-12-08,-0.01707226710840326
2011-12-09,0.012056996555241284
2011-12-12,-0.014251930172523242
2011-12-13,-0.005165313564690965
2011-12-14,-0.009661097583156919
2011-12-15,0.0038899457605736654
2011-12-16,0.00427382330075865
2011-12-19,-0.005968229762582378
2011-12-20,0.021857786236456622
2011-12-21,2.7977614148300134e-05
2011-12-22,0.0069218988160753
2011-12-23,0.0041973750442587665
2011-12-27,0.0011614833770232647
2011-12-28,-0.00973356026964134
2011-12-29,0.008338699632901792
2011-12-30,-0.00045872880648811787
2012-01-03,0.014998824992869642
2012-01-04,-0.0034003838664531383
2012-01-05,-0.003266758019943916
2012-01-06,-0.0022564873061794444
2012-01-09,0.0008148159586587322
2012-01-10,0.008038736257421464
2012-01-11,0.0014682128410123951
2012-01-12,-0.003381754633975609
2012-01-13,-0.002291042385968778
2012-01-17,0.0063905335536609265
2012-01-18,0.0063956559726767725
2012-01-19,0.003982279923646859
2012-01-20,0.0008918625496150412
2012-01-23,0.0031136717824877813
2012-01-24,0.0007792053971513724
2012-01-25,0.008945088158904602
2012-01-26,0.0021030913238102578
2012-01-27,0.0016464258701009982
2012-01-30,-0.005903803156485088
2012-01-31,0.0022101587038341197
2012-02-01,0.0068037321819980345
2012-02-02,0.0019683911902999007
2012-02-03,0.009476045151459278
2012-02-06,-0.00019765472172295073
2012-02-07,-0.00020355403791316729
2012-02-08,0.0026570990716903164
2012-02-09,-9.921558439240918e-05
2012-02-10,-0.007880279644611465
2012-02-13,0.006168939905875748
2012-02-14,-0.0034303932836121653
2012-02-15,-0.0010450356103856029
2012-02-16,0.007077645357357998
2012-02-17,0.0010342960434637227
2012-02-21,-0.0005925066786809374
2012-02-22,-0.00029204931290649494
2012-02-23,0.0059321673641841155
2012-02-24,0.0032804549175611264
2012-02-27,-0.0019358034059954177
2012-02-28,0.0012973467194852262
2012-02-29,-0.0057467221171733085
2012-03-01,0.006990063457668283
2012-03-02,-0.003976858702436359
2012-03-05,-0.00120285638086981
2012-03-06,-0.01441832441466162
2012-03-07,0.005451555770596972
2012-03-08,0.00631135204989719
2012-03-09,0.0014810880230355927
2012-03-12,0.0006366487714537516
2012-03-13,0.010328384990972994
2012-03-14,-0.00617493433787597
2012-03-15,0.002852570124702636
2012-03-16,0.00521400438693842
2012-03-19,0.0016576772713063903
2012-03-20,-0.0055881086170948
2012-03-21,-0.0013809551892611793
2012-03-22,-0.0068825029741922394
2012-03-23,0.005969867463705869
2012-03-26,0.00836323043483267
2012-03-27,-0.001566244876252787
2012-03-28,-0.00495312937233594
2012-03-29,-0.0034426417663488973
2012-03-30,0.005526187562751916
2012-04-02,0.00827886833998126
2012-04-03,-0.007468200086459653
2012-04-04,-0.010737003914372378
2012-04-05,-0.0003902848685332083
2012-04-09,-0.00410223952822153
2012-04-10,-0.013680132985662175
2012-04-11,0.006639911912773355
2012-04-12,0.011244441618281087
2012-04-13,-0.007891645961480509
2012-04-16,0.0019969879999388596
2012-04-17,0.008569434693734612
2012-04-18,-0.004594186469932704
2012-04-19,-0.0021910315916984224
2012-04-20,0.005498826767512011
2012-04-23,-0.007703150649179702
2012-04-24,0.0048527283326254
2012-04-25,0.00866771311606862
2012-04-26,0.004181413898732833
2012-04-27,0.0033755022842960614
2012-04-30,-0.0014580609721126514
2012-05-01,0.0038645987763776812
2012-05-02,-0.004687114825260186
2012-05-03,-0.006199296925358033
2012-05-04,-0.010787686712233957
2012-05-07,0.0025212502425389083
2012-05-08,-0.004544028849690629
2012-05-09,-0.005495471630956428
2012-05-10,0.001314586364215442
2012-05-11,-0.0022308906292236586
2012-05-14,-0.010336100761523359
2012-05-15,-0.004277280277724005
2012-05-16,-0.005013986293538331
2012-05-17,-0.010960285471250941
2012-05-18,-0.005873026204916587
2012-05-21,0.01431524239667703
2012-05-22,-0.0032764517627997813
2012-05-23,-0.0029127830181308045
2012-05-24,-0.0003840211101838742
2012-05-25,-0.0008739673270377057
2012-05-29,0.006779403525828176
2012-05-30,-0.014196676945161135
2012-05-31,0.0009578764635238546
2012-06-01,-0.017430934381393204
2012-06-04,0.00017253035172215547
2012-06-05,0.0057109865452582564
2012-06-06,0.01689500656845322
2012-06-07,-0.0018123661692522886
2012-06-08,0.004610399227900963
2012-06-11,-0.01202850169598535
2012-06-12,0.007381367970823671
2012-06-13,-0.004379171656407221
2012-06-14,0.008333799265112907
2012-06-15,0.006698471242540416
2012-06-18,0.001593646188467357
2012-06-19,0.007067900081556999
2012-06-20,-0.0029408133011188387
2012-06-21,-0.016845947374778847
2012-06-22,0.004354793830863013
2012-06-25,-0.0055622559071215605
2012-06-26,0.0039122289595097115
2012-06-27,0.005895420596885748
2012-06-28,0.0005147390276607489
2012-06-29,0.02503882760634002
2012-07-02,0.004648891168652858
2012-07-03,0.009418140523051344
2012-07-05,-0.004171760499037558
2012-07-06,-0.0072158599481572105
2012-07-09,0.00358965327693217
2012-07-10,-0.007703204583896284
2012-07-11,0.002892330788302866
2012-07-12,-0.001435102019345491
2012-07-13,0.010913355410817172
2012-07-16,0.0027711197013808864
2012-07-17,0.003563564538154207
2012-07-18,0.0038513846398700036
2012-07-19,0.0024108022054531997
2012-07-20,-0.006810295636898611
2012-07-23,-0.011424736432418148
2012-07-24,-0.005344646770153116
2012-07-25,0.0025930282685842077
2012-07-26,0.010889289072655073
2012-07-27,0.010415802176968247
2012-07-30,0.00249490841584743
2012-07-31,-0.0049767059481591325
2012-08-01,-0.0015251397989342053
2012-08-02,-0.004819797759523459
2012-08-03,0.01465288334833037
2012-08-06,0.0028906157135510924
2012-08-07,0.000788854211307477
2012-08-08,-0.0009313637412379228
2012-08-09,0.0011403625714703214
2012-08-10,0.0004636349352216129
2012-08-13,-0.0029195328709037405
2012-08-14,-0.0006979812011249642
2012-08-15,0.0012748762039844763
2012-08-16,0.005767743041243278
2012-08-17,0.0011254938221896271
2012-08-20,0.0002451975929749217
2012-08-21,0.002971787549069127
2012-08-22,0.0023440574098227973
2012-08-23,-0.003999410208184284
2012-08-24,0.0005795192407558325
2012-08-27,0.0003743739747268382
2012-08-28,0.0005202188862392099
2012-08-29,-0.0002965296746058055
2012-08-30,-0.004283291683108703
2012-08-31,0.0067436131397053956
2012-09-04,-0.00015516499721823784
2012-09-05,-0.002117362479371998
2012-09-06,0.009344227093711632
2012-09-07,0.006461749040825859
2012-09-10,-0.003915664344232628
2012-09-11,0.0034654260565405437
2012-09-12,0.0024506149155332224
2012-09-13,0.010515109343371076
2012-09-14,0.004212698437140006
2012-09-17,-0.007437893941416696
2012-09-18,-0.003847685407975532
2012-09-19,-0.002632347677366975
2012-09-20,-0.0029824839278591586
2012-09-21,0.0018377153678286184
2012-09-24,-0.0033864987431794225
2012-09-25,-0.00552269531207783
2012-09-26,-0.0037343874850359615
2012-09-27,0.007195775936830184
2012-09-28,-0.004022690311164534
2012-10-01,0.0013119148249476353
2012-10-02,0.0013432639902495325
2012-10-03,-0.0028415027070092247
2012-10-04,0.0073262606543205155
2012-10-05,-0.001423132327919352
2012-10-08,-0.0022040874889109885
2012-10-09,-0.004555257557863457
2012-10-10,-0.0009076494543038827
2012-10-11,0.003730377793220274
2012-10-12,-0.0043478670828205335
2012-10-15,0.004021889756008923
2012-10-16,0.005757251027659338
2012-10-17,0.0010340741886394333
2012-10-18,0.0003416146465644587
2012-10-19,-0.009880509120140157
2012-10-22,-0.0011853868761516617
2012-10-23,-0.01058811064644094
2012-10-24,-0.001615954355682625
2012-10-25,0.0010052499845683016
2012-10-26,-0.0004410403301322585
2012-10-31,0.0024672125002915823
2012-11-01,0.005362797630716676
2012-11-02,-0.005596156669561925
2012-11-05,0.000788636605073334
2012-11-06,0.006998953312538525
2012-11-07,-0.010531143423527234
2012-11-08,-0.005413202080327806
2012-11-09,0.001346965965902669
2012-11-12,-0.0012788930368370366
2012-11-13,-0.0019560540329274234
2012-11-14,-0.007882177035739568
2012-11-15,-0.0015056636406988178
2012-11-16,0.0030972916979912224
2012-11-19,0.014216532737431287
2012-11-20,-0.0003168647533715596
2012-11-21,0.0009313284399645738
2012-11-23,0.00910691113678741
2012-11-26,-0.0004521924428838586
2012-11-27,-0.0029611342654154438
2012-11-28,0.002437107228153712
2012-11-29,0.005329372866051063
2012-11-30,0.0008079019137647858
2012-12-03,0.0005086544622561195
2012-12-04,-0.0008880110807062414
2012-12-05,-2.5941189902400907e-05
2012-12-06,0.0012501919924587934
2012-12-07,0.0006348299941087987
2012-12-10,-3.9751332681192686e-05
2012-12-11,0.0022550540669254993
2012-12-12,0.00028635052441883246
2012-12-13,-0.005567045990852337
2012-12-14,0.0016272063776110457
2012-12-17,0.0030154468049661265
2012-12-18,0.006094672595329476
2012-12-19,-4.051305975616426e-05
2012-12-20,0.004304521134133932
2012-12-21,-0.003198148758694397
2012-12-24,-0.001739922454123577
2012-12-26,0.0006277140806745241
2012-12-27,0.0017962862989080453
2012-12-28,-0.005708010218446691
2012-12-31,0.008583914416425475
2013-01-02,0.01057300566123609
2013-01-03,-0.005099165406329709
2013-01-04,0.0020507171090358156
2013-01-07,-0.00049636647980289
2013-01-08,-0.001088506478283291
2013-01-09,0.001915738978410353
2013-01-10,0.004493303107829361
2013-01-11,5.751742505766266e-05
2013-01-14,0.001898330636156409
2013-01-15,0.0004043320530819905
2013-01-16,-0.0007560067930768577
2013-01-17,0.0034947449608195846
2013-01-18,0.0029495219943913575
2013-01-22,0.0029539696294709206
2013-01-23,0.0003648224829460034
2013-01-24,0.0009469652852536203
2013-01-25,0.002662540867123253
2013-01-28,-0.0011824022494641984
2013-01-29,0.0035682874568438994
2013-01-30,-0.00010601277082866734
2013-01-31,-0.0023320132080877354
2013-02-01,0.004910983791376333
2013-02-04,-0.005889318420337464
2013-02-05,0.002525677832200701
2013-02-06,0.001140145145882343
2013-02-07,-0.0034256422145694243
2013-02-08,0.005153910305969678
2013-02-11,-0.0008561280427762386
2013-02-12,0.002971150272742973
2013-02-13,-9.055016567471874e-05
2013-02-14,-0.0011605704009894913
2013-02-15,-0.001686541558884258
2013-02-19,0.0043383450341232255
2013-02-20,-0.007574908029112648
2013-02-21,-0.007598168791991156
2013-02-22,0.007071088470177012
2013-02-25,-0.011752770797717527
2013-02-26,0.0035649236769770276
2013-02-27,0.005185557608715641
2013-02-28,-0.0014071545564877663
2013-03-01,1.4703910217850336e-05
2013-03-04,0.0022173360356774197
2013-03-05,0.007013946091669387
2013-03-06,-0.0015550654993242707
2013-03-07,0.0005633272327805194
2013-03-08,0.0012057110908896274
2013-03-11,0.001777272280489628
2013-03-12,-0.0012106066714449026
2013-03-13,-0.0010141476359528667
2013-03-14,0.005811458133211822
2013-03-15,0.0017330924009524296
2013-03-18,-0.004913539694433533
2013-03-19,-0.0028947366979079625
2013-03-20,0.003874960398048577
2013-03-21,-0.004486199668603197
2013-03-22,0.004832904248107894
2013-03-25,-0.0030003324462493097
2013-03-26,0.006622844251582327
2013-03-27,0.0012754161246175677
2013-03-28,-1.3889462367466798e-05
2013-04-01,-0.0023483609559274976
2013-04-02,0.002376106691451385
2013-04-03,-0.0062692023398012164
2013-04-04,0.006421471073918772
2013-04-05,-0.00023233487728913094
2013-04-08,0.003693645436104065
2013-04-09,0.0027814888753499023
2013-04-10,0.005369462316808349
2013-04-11,0.002797415424188099
2013-04-12,-0.00185680653452025
2013-04-15,-0.018262210348367502
2013-04-16,0.01060371600167942
2013-04-17,-0.01178675767688031
2013-04-18,5.5363998328505915e-05
2013-04-19,0.005829230293068477
2013-04-22,0.0021991134681957902
2013-04-23,0.0046246588652498755
2013-04-24,0.004557498284240236
2013-04-25,0.003592263827586928
2013-04-26,-0.001269707308527268
2013-04-29,0.008203100705364008
2013-04-30,0.0015217274818064563
2013-05-01,-0.0074278582438044305
2013-05-02,0.006340879951692413
2013-05-03,0.005899014634592303
2013-05-06,0.0012508898026546422
2013-05-07,0.0014805835967977021
2013-05-08,0.004271239815908601
2013-05-09,-0.003918872916011784
2013-05-10,-0.00042891585176940694
2013-05-13,-0.0002597427726014345
2013-05-14,0.0016932309511425991
2013-05-15,0.003981313752326576
2013-05-16,-0.0026208078708189753
2013-05-17,0.004338476153765702
2013-05-20,0.002711143191403975
2013-05-21,0.0012096816819144873
2013-05-22,-0.01086960691820349
2013-05-23,-0.0060275037113698415
2013-05-24,-0.003128292448111636
2013-05-28,-0.0005000376411780083
2013-05-29,-0.007933343739496723
2013-05-30,-0.00033035774532685913
2013-05-31,-0.012360302107284338
2013-06-03,0.005762468513880625
2013-06-04,-0.002746866071952958
2013-06-05,-0.008867436828273068
2013-06-06,0.007150067225022205
2013-06-07,0.004177713816190032
2013-06-10,-0.002774172692784682
2013-06-11,-0.008742800377767312
2013-06-12,-0.005263671452818475
2013-06-13,0.014137661879853436
2013-06-14,-0.0016018310867605967
2013-06-17,0.004970718883295033
2013-06-18,0.00428419545852754
2013-06-19,-0.015086143543975417
2013-06-20,-0.02805973285699237
2013-06-21,0.0005999471460684802
2013-06-24,-0.007930080992614608
2013-06-25,0.007746880578041626
2013-06-26,0.006056936188233442
2013-06-27,0.008192402153161193
2013-06-28,-0.0037121197971656805
2013-07-01,0.0039667626459138905
2013-07-02,0.0027349813392145705
2013-07-03,0.00026307125469315906
2013-07-05,-0.0016813144330569685
2013-07-08,0.004780808944697235
2013-07-09,0.0069639580056437556
2013-07-10,0.0006491492593301285
2013-07-11,0.01573664445688694
2013-07-12,-0.0018632257706310273
2013-07-15,0.002933150382876226
2013-07-16,-0.0004133148475404802
2013-07-17,0.002569242112350878
2013-07-18,0.0040246903939493706
2013-07-19,0.0012976352208708963
2013-07-22,0.0019460410645393278
2013-07-23,-0.000143318335278253
2013-07-24,-0.00782528573123431
2013-07-25,0.0012517111272665193
2013-07-26,-0.0019195724944881531
2013-07-29,-0.004502205673886928
2013-07-30,-0.0013827392665731741
2013-07-31,-0.001108597799934996
2013-08-01,0.0029257491240959332
2013-08-02,0.0019160726815439233
2013-08-05,-0.0024906611301795945
2013-08-06,-0.0037002303064447295
2013-08-07,-0.002650579260497943
2013-08-08,0.003937117582087923
2013-08-09,0.003085977311861221
2013-08-12,-0.0001866616343084715
2013-08-13,-0.0027411832320948237
2013-08-14,9.347624798938803e-05
2013-08-15,-0.007331756607416695
2013-08-16,-0.005915995649952155
2013-08-19,-0.0064356616818584955
2013-08-20,0.005937812900580486
2013-08-21,-0.005539525297623693
2013-08-22,0.004969083816332764
2013-08-23,0.007220071660334781
2013-08-26,-0.0012576455858700486
2013-08-27,-0.0045167077630436925
2013-08-28,-0.001252252082190486
2013-08-29,-0.0015800865987256607
2013-08-30,-0.005769043682650299
2013-09-03,0.0029235320732832193
2013-09-04,0.0027715216184027724
2013-09-05,-0.003996546727622952
2013-09-06,0.006618186884467692
2013-09-09,0.007951157444201717
2013-09-10,0.0008799291618519778
2013-09-11,0.00425059356893942
2013-09-12,-0.001958142563204701
2013-09-13,0.0016287710751061724
2013-09-16,0.0026410982128399763
2013-09-17,-0.0007761612746187696
2013-09-18,0.02124674327937126
2013-09-19,-0.0029152923363011674
2013-09-20,-0.007749584446227864
2013-09-23,-0.003071160218034996
2013-09-24,-0.0016504033894868542
2013-09-25,0.0011662362057240916
2013-09-26,0.003950252490712902
2013-09-27,-0.003192952437032104
2013-09-30,-0.005136934436422602
2013-10-01,0.0037819639354168544
2013-10-02,0.0023196412997297244
2013-10-03,-0.006672750685692619
2013-10-04,0.0016608601619729768
2013-10-07,-0.001332334405551694
2013-10-08,-0.005465249173326803
2013-10-09,-0.0007814181605062531
2013-10-10,0.015090624770675909
2013-10-11,0.0035729576243996863
2013-10-14,0.0008538878617032619
2013-10-15,-0.0038042028923314097
2013-10-16,0.01054093533975009
2013-10-17,0.007082686690887963
2013-10-18,0.0035096577043147725
2013-10-21,-0.0014826259258183816
2013-10-22,0.0061616679833333965
2013-10-23,-0.005243167945428784
2013-10-24,0.0016764785242131541
2013-10-25,0.003755986839856451
2013-10-28,-0.0008657311759410202
2013-10-29,6.14466252586432e-05
2013-10-30,-0.003306605137388896
2013-10-31,-0.0047932678743265456
2013-11-01,-0.003057391251722108
2013-11-04,0.0015887673382717349
2013-11-05,-0.007090559022643439
2013-11-06,0.003248588315009071
2013-11-07,-0.00906590050113354
2013-11-08,4.694723827247671e-06
2013-11-11,0.0014458033996529451
2013-11-12,-0.0034955685664519454
2013-11-13,0.005263525224078247
2013-11-14,0.005155623173545898
2013-11-15,0.0027541327291651374
2013-11-18,-0.0025731046143808722
2013-11-19,-0.0034122633232216426
2013-11-20,-0.005389115458823146
2013-11-21,0.007133419577306288
2013-11-22,0.0019972087026065566
2013-11-25,-0.0018154528141477444
2013-11-26,-0.0002897778451523836
2013-11-27,0.002231042217075707
2013-11-29,-0.0017781596000338018
2013-12-02,-0.004255062540800214
2013-12-03,-0.0011297241344805364
2013-12-04,-0.000858992702004846
2013-12-05,-0.0020457156141657773
2013-12-06,0.007025954342213092
2013-12-09,0.0008024249243545611
2013-12-10,-0.00011392495556961091
2013-12-11,-0.00948195545642705
2013-12-12,-0.005678786821686099
2013-12-13,-0.00013439032999662537
2013-12-16,0.003895188044604536
2013-12-17,-0.000883043990516974
2013-12-18,0.009736426852894109
2013-12-19,-0.0033558736465446604
2013-12-20,0.005735207201196024
2013-12-23,0.0028833489222983566
2013-12-24,0.0008553020715293957
2013-12-26,0.002483327599474894
2013-12-27,0.0018971956068709606
2013-12-30,0.0002003173580322759
2013-12-31,-0.0006041532160904195
2014-01-02,-0.0075489521484114475
2014-01-03,-9.441875151861012e-05
2014-01-06,0.0009960214069029139
2014-01-07,0.0033962328310606082
2014-01-08,-0.0038852561876325797
2014-01-09,-0.001103282203302025
2014-01-10,0.008092850852112088
2014-01-13,-0.005237896474541648
2014-01-14,0.004472658026808851
2014-01-15,0.0038151673306403566
2014-01-16,0.00024733067488336147
2014-01-17,-0.0018949394025181698
2014-01-21,0.0036114779545697306
2014-01-22,0.0013986519645370343
2014-01-23,-0.0022681231239618516
2014-01-24,-0.011394961824734318
2014-01-27,-0.00541973703135612
2014-01-28,0.00585858783710802
2014-01-29,-0.00447441889599598
2014-01-30,0.0051741146849222375
2014-01-31,-0.002947037212752579
2014-02-03,-0.010684778682997886
2014-02-04,0.0070140693269411525
2014-02-05,-0.0005827700396052737
2014-02-06,0.008068876109323053
2014-02-07,0.009437095453460609
2014-02-10,0.0005667878127981751
2014-02-11,0.006277997015872616
2014-02-12,0.00047012789289313517
2014-02-13,0.004449342062158079
2014-02-14,0.0032029852722554875
2014-02-18,0.006291430744643112
2014-02-19,-0.0026381272787221466
2014-02-20,0.0016042368802298146
2014-02-21,0.00037676829785504573
2014-02-24,0.00397134516848463
2014-02-25,-0.00012152649631336221
2014-02-26,-0.000161151784557112
2014-02-27,0.0008191127225718464
2014-02-28,0.0032137725568999187
2014-03-03,-0.0017790179307323184
2014-03-04,0.007349140381475161
2014-03-05,-0.0016951868752923538
2014-03-06,0.0018375444212239689
2014-03-07,-0.004941651323468799
2014-03-10,-0.0038564782129894004
2014-03-11,-0.0009179988352793211
2014-03-12,0.00016515426862118154
2014-03-13,-0.006630941824331549
2014-03-14,0.0006464489152244735
2014-03-17,0.0017127822472722265
2014-03-18,0.004767600142963735
2014-03-19,-0.009209676879606388
2014-03-20,-0.0001375237978995525
2014-03-21,0.001204767109576954
2014-03-24,-0.0016157504745886175
2014-03-25,0.006136806993313426
2014-03-26,-0.0030129434585485226
2014-03-27,0.00382354935684881
2014-03-28,0.0030666124689766594
2014-03-31,0.004216701010226753
2014-04-01,0.0006343807059012718
2014-04-02,-0.0001116908577286635
2014-04-03,0.0005201681867890162
2014-04-04,-0.00015167705516760943
2014-04-07,-0.0024997384591964877
2014-04-08,0.00451900971602659
2014-04-09,0.004686609717337253
2014-04-10,-0.008730308117320229
2014-04-11,-0.004698033871443741
2014-04-14,0.0054248628412283395
2014-04-15,0.003286159838243208
2014-04-16,0.005907070430045236
2014-04-17,-0.0005231317146293657
2014-04-21,0.001384367599078562
2014-04-22,0.002027148368303866
2014-04-23,-0.0013823189798251034
2014-04-24,0.0023564478849862347
2014-04-25,-0.003937951613393054
2014-04-28,0.0018344031458581433
2014-04-29,0.0030764650770129798
2014-04-30,0.0015786769011816304
2014-05-01,0.00048724689528323317
2014-05-02,0.0001654291827930532
2014-05-05,8.459943860628094e-05
2014-05-06,-0.0024195824052241077
2014-05-07,0.004503015299490265
2014-05-08,-0.00011863865325367762
2014-05-09,-0.0010056653236484303
2014-05-12,0.00381550977490952
2014-05-13,0.0008739893178726366
2014-05-14,0.0005797071176580904
2014-05-15,-0.003237046133134358
2014-05-16,0.002771337983366484
2014-05-19,-0.0008771945736879561
2014-05-20,-0.0021829374846162874
2014-05-21,0.0019890459618170375
2014-05-22,0.0003357584945919978
2014-05-23,0.003957354751265019
2014-05-27,0.00247768160224604
2014-05-28,-0.000898805744230402
2014-05-29,0.0024811193031772927
2014-05-30,-0.0004155300159268682
2014-06-02,0.00010452381361791829
2014-06-03,-0.001858935619271862
2014-06-04,5.380666013166113e-05
2014-06-05,0.006887892973634235
2014-06-06,0.0019099846851544644
2014-06-09,-0.0018588371997815267
2014-06-10,-0.0027861224253389327
2014-06-11,-0.002493968956797654
2014-06-12,0.001737593178996244
2014-06-13,0.0008731595141397985
2014-06-16,-0.000193981927711806
2014-06-17,0.00031434519176309905
2014-06-18,0.006474724621877037
2014-06-19,0.004411465150400362
2014-06-20,0.0013625004397121998
2014-06-23,-0.002295033289357651
2014-06-24,-0.0011970857625329678
2014-06-25,0.0009325543521301327
2014-06-26,-0.00048362424926295944
2014-06-27,0.001667311417262507
2014-06-30,-0.0014479219918532849
2014-07-01,0.002905408592551506
2014-07-02,-0.0011485849814250049
2014-07-03,-0.0005438356555783619
2014-07-07,-0.002774171606419351
2014-07-08,-0.002419277321662805
2014-07-09,0.0005223971486438828
2014-07-10,-0.0013462000998620827
2014-07-11,-0.0010262650647493432
2014-07-14,0.0038115299491585652
2014-07-15,-0.002780738239598346
2014-07-16,0.0032131418327854266
2014-07-17,-0.004232505310913903
2014-07-18,0.003854339041947208
2014-07-21,-0.000856452642539085
2014-07-22,0.0017837364396873223
2014-07-23,0.0017513656932945931
2014-07-24,-0.0008214224909437462
2014-07-25,-0.0015862506425931011
2014-07-28,0.0008761206291518775
2014-07-29,-0.002589033246838457
2014-07-30,-0.002954521965841672
2014-07-31,-0.011351963740459325
2014-08-01,-0.0028754478545676143
2014-08-04,0.005398829766485758
2014-08-05,-0.007402586236869846
2014-08-06,0.0009566401837741711
2014-08-07,-0.0012880858164987519
2014-08-08,0.003544496802336816
2014-08-11,0.002825800631162334
2014-08-12,-0.0023025656675516037
2014-08-13,0.0058785224523425494
2014-08-14,-0.00011431710530718231
2014-08-15,0.0011570964599165734
2014-08-18,0.0026032928618224815
2014-08-19,0.0021332852366826582
2014-08-20,0.0007827881839719275
2014-08-21,0.0020227464533151274
2014-08-22,-0.0031745799818525544
2014-08-25,0.0023381646847513426
2014-08-26,0.0005945630257229162
2014-08-27,0.0013148365546613583
2014-08-28,-0.0005960871430074066
2014-08-29,0.0019660326930055483
2014-09-02,-0.0038451008013907773
2014-09-03,0.0029165578432912564
2014-09-04,-0.0035086019678918223
2014-09-05,0.0027909853728325107
2014-09-08,-0.004023499060198055
2014-09-09,-0.005169453603881102
2014-09-10,-0.0031591025540176343
2014-09-11,-0.001978577165335449
2014-09-12,-0.009932209252904611
2014-09-15,-0.0009285144767450237
2014-09-16,0.006110164732438195
2014-09-17,-0.0025452712811971923
2014-09-18,-0.0011966594322646573
2014-09-19,-0.0004539284853127823
2014-09-22,-0.005262422650565091
2014-09-23,-0.003844049826376872
2014-09-24,0.00233407917906181
2014-09-25,-0.006526281650233057
2014-09-26,0.00434501941600951
2014-09-29,-0.000672946191078827
2014-09-30,-0.005323758053280558
2014-10-01,-0.00393507088243783
2014-10-02,-0.003814641675617403
2014-10-03,0.00147497753909831
2014-10-06,0.004436334384386065
2014-10-07,-0.007675519047003365
2014-10-08,0.01090349764280174
2014-10-09,-0.012050953646593254
2014-10-10,-0.005015683010607286
2014-10-13,-0.002310015674865995
2014-10-14,0.0013894650126944352
2014-10-15,-0.004655870996382205
2014-10-16,-0.00022721455386454092
2014-10-17,0.006507373524586635
2014-10-20,0.005084433486875595
2014-10-21,0.009253329691534695
2014-10-22,-0.005117704789082245
2014-10-23,0.0072991287356101164
2014-10-24,0.0013892057298958704
2014-10-27,-0.0002497580952758316
2014-10-28,0.007339231173902894
2014-10-29,-0.0012975179087069133
2014-10-30,0.0025088933577621653
2014-10-31,0.0079595977181397
2014-11-03,-0.001741800930291082
2014-11-04,-0.00440614505535919
2014-11-05,0.0018503332580233067
2014-11-06,-0.002241089470509605
2014-11-07,0.0022269383839970125
2014-11-10,0.0004545716437132086
2014-11-11,0.00165433435360951
2014-11-12,-0.004138805159371262
2014-11-13,-0.0010893500755493335
2014-11-14,0.0012554743134234325
2014-11-17,-0.0008416737018904774
2014-11-18,0.0034078447302769987
2014-11-19,-0.004267554066083035
2014-11-20,0.0018648231963129813
2014-11-21,0.006609711294082832
2014-11-24,0.0008955931245617776
2014-11-25,0.00012124288982495735
2014-11-26,0.00310281570775639
2014-11-28,-0.009982581999922968
2014-12-01,0.0015701951719768736
2014-12-02,-0.0020890749952403587
2014-12-03,-0.0007675456531857083
2014-12-04,-0.0002476341036879992
2014-12-05,-0.001861747231328148
2014-12-08,-0.004645202399120363
2014-12-09,0.0018753765834267355
2014-12-10,-0.008152097738003405
2014-12-11,-0.0010590536907508774
2014-12-12,-0.008856773003101615
2014-12-15,-0.011221168175475471
2014-12-16,-0.0005639795139885662
2014-12-17,0.01067541159337626
2014-12-18,0.008195753661362826
2014-12-19,0.0047258005124148905
2014-12-22,0.0015512302965294822
2014-12-23,-0.0005661843604335415
2014-12-24,-0.00240808894590383
2014-12-26,0.001920204777729806
2014-12-29,-0.0012981864733624393
2014-12-30,-0.00305526631396158
2014-12-31,-0.0078485188752635
2015-01-02,0.0006268936167352912
2015-01-05,-0.008878607993613619
2015-01-06,-0.00271598857790456
2015-01-07,0.006480167566224049
2015-01-08,0.006991003305701016
2015-01-09,-0.0018228893650824585
2015-01-12,-0.004235718336483618
2015-01-13,-0.0004633252330312754
2015-01-14,0.003116015768265701
2015-01-15,-0.0011090932703793355
2015-01-16,0.009272547296377942
2015-01-20,-0.0027304977469954084
2015-01-21,0.002772853029161304
2015-01-22,0.006548931919043932
2015-01-23,-0.0027591526458959903
2015-01-26,0.0037261173457177055
2015-01-27,-0.0009702269346596459
2015-01-28,-0.008224724000791994
2015-01-29,0.003614002685278228
2015-01-30,-0.003237484232516352
2015-02-02,0.006901255581380106
2015-02-03,0.011669133960582334
2015-02-04,-0.007334755930379133
2015-02-05,0.00913796965115865
2015-02-06,-0.010534907141076633
2015-02-09,-0.0013543902905731597
2015-02-10,0.0015609434318206716
2015-02-11,-0.003177487270945134
2015-02-12,0.01051785440225217
2015-02-13,0.0023572658490991216
2015-02-17,-0.0010193185874798338
2015-02-18,0.0016125573888023936
2015-02-19,-0.005298117140120517
2015-02-20,0.004125776511274992
2015-02-23,0.00044467672698367267
2015-02-24,-0.0007027211296937175
2015-02-25,0.0032200027653652707
2015-02-26,-0.005809423593978735
2015-02-27,0.0039049747370383248
2015-03-02,-0.0016441749667109873
2015-03-03,-0.001649923033639089
2015-03-04,-0.005180493338638459
2015-03-05,0.0005903588308397989
2015-03-06,-0.016711426003797603
2015-03-09,0.003090585831162951
2015-03-10,-0.00952871813006928
2015-03-11,0.0016124616889545695
2015-03-12,0.007788308118681808
2015-03-13,-0.00685274325507268
2015-03-16,0.007459621985672404
2015-03-17,-0.0021785019264506378
2015-03-18,0.01864248918568756
2015-03-19,-0.007680589791930648
2015-03-20,0.01473096593915213
2015-03-23,0.002935159322397407
2015-03-24,-0.004256639934533624
2015-03-25,-0.00761392366616831
2015-03-26,-0.0019385954252365556
2015-03-27,-0.0019905149182718462
2015-03-30,0.00644518021682039
2015-03-31,-0.008407050102223534
2015-04-01,0.005024243103991077
2015-04-02,0.0023410463463151565
2015-04-06,0.008260246572440177
2015-04-07,-0.003131301467364511
2015-04-08,-0.002236176362022557
2015-04-09,-0.0038158355240096586
2015-04-10,0.003360043512668609
2015-04-13,-0.003217653805409282
2015-04-14,0.004091855452292625
2015-04-15,0.004418425760734257
2015-04-16,0.0032837665111853376
2015-04-17,-0.005778746475607388
2015-04-20,0.0010716392382510431
2015-04-21,6.099648575785821e-06
2015-04-22,0.001299640625662013
2015-04-23,0.004869568916466838
2015-04-24,0.002630360443414359
2015-04-27,-0.00043051928144766105
2015-04-28,-0.00010663317320547261
2015-04-29,-0.0060232642617289445
2015-04-30,-0.005881908334816499
2015-05-01,0.004562397941625607
2015-05-04,4.3230186828502326e-05
2015-05-05,-0.008323516326295799
2015-05-06,-0.0016758947293149529
2015-05-07,0.00089865139583023
2015-05-08,0.011958816487797952
2015-05-11,-0.008551637181452798
2015-05-12,0.0021414751184380965
2015-05-13,-0.00042701274964263014
2015-05-14,0.01022448091900685
2015-05-15,0.0038363766604683214
2015-05-18,-0.002464423289493145
2015-05-19,-0.0066548563025705665
2015-05-20,5.966870706508587e-05
2015-05-21,0.0043301411329108586
2015-05-22,-0.004670130804565464
2015-05-26,-0.009923014356903015
2015-05-27,0.0029517199417634643
2015-05-28,0.0002363941014471571
2015-05-29,-0.0028515256032815017
2015-06-01,0.0009643478173300135
2015-06-02,-0.00015204083189146456
2015-06-03,-0.005526753847521881
2015-06-04,-0.005072096767850476
2015-06-05,-0.005474998723143165
2015-06-08,-0.0014701891399980793
2015-06-09,-4.8457263858159294e-05
2015-06-10,0.00803936866799293
2015-06-11,0.0022065826015560397
2015-06-12,-0.005437092333647198
2015-06-15,-0.0035593614108534455
2015-06-16,0.003965808663736414
2015-06-17,0.0022656325735055383
2015-06-18,0.006478121170580664
2015-06-19,-0.0036442029747004723
2015-06-22,0.0017467860993627404
2015-06-23,0.0007999692489311094
2015-06-24,-0.0050298420062969695
2015-06-25,-0.0029895085896604057
2015-06-26,0.0012638773461486341
2015-06-29,-0.012067934004961756
2015-06-30,0.003375063157014857
2015-07-01,0.002652124067734851
2015-07-02,0.0009551729303776124
2015-07-06,-0.008494955662849635
2015-07-07,0.003841318079267131
2015-07-08,-0.008966336414088283
2015-07-09,0.00363553854589882
2015-07-10,0.010248356874261066
2015-07-13,0.0028154173316847775
2015-07-14,0.002887729063780098
2015-07-15,-0.002035403841318173
2015-07-16,0.003922302091703411
2015-07-17,-0.0019218578862435498
2015-07-20,-0.0027553422106242342
2015-07-21,-0.0005352286230756453
2015-07-22,-0.0036691472199679165
2015-07-23,-0.005029850211609399
2015-07-24,-0.004831410143774861
2015-07-27,-0.005461978792154598
2015-07-28,0.00616492788053935
2015-07-29,0.003738941549942032
2015-07-30,-0.0016202299644928475
2015-07-31,0.0008656981451617973
2015-08-03,-0.0026354099617738047
2015-08-04,-0.0015698874399084906
2015-08-05,-0.0011512492809007124
2015-08-06,-0.0016115657478563694
2015-08-07,-8.765908232621911e-07
2015-08-10,0.007767580649098438
2015-08-11,-0.004941384831797291
2015-08-12,-0.0012395947045391598
2015-08-13,-0.0015726658542950522
2015-08-14,0.0006206849307461848
2015-08-17,0.0020280756461801275
2015-08-18,-0.002899747959865473
2015-08-19,-0.005542978482241057
2015-08-20,-0.009450036767672865
2015-08-21,-0.016832298421212366
2015-08-24,-0.029089414506139333
2015-08-25,-0.005941410175625772
2015-08-26,0.015106191465088514
2015-08-27,0.018342629992962323
2015-08-28,0.004679129090556344
2015-08-31,-0.0031563852577387586
2015-09-01,-0.02225459589365475
2015-09-02,0.009974372815848787
2015-09-03,0.0029632752965389475
2015-09-04,-0.01317100936162463
2015-09-08,0.01446118822777298
2015-09-09,-0.008248966135842473
2015-09-10,0.004115440549931071
2015-09-11,0.004956198537576784
2015-09-14,-0.004454341925830718
2015-09-15,0.004908143570336421
2015-09-16,0.010195137809981603
2015-09-17,0.002279583889428727
2015-09-18,-0.010704138909795824
2015-09-21,0.0037491253762875765
2015-09-22,-0.010064735980096384
2015-09-23,-0.0018081870962556312
2015-09-24,-0.0016360943025813812
2015-09-25,0.003207674842093944
2015-09-28,-0.013703428846082333
2015-09-29,0.003985169335044114
2015-09-30,0.010707494948873908
2015-10-01,0.0009923856539346687
2015-10-02,0.010239402544816478
2015-10-05,0.0124634781858588
2015-10-06,0.00338769294257224
2015-10-07,0.005573411117608007
2015-10-08,0.00546330035599607
2015-10-09,0.0011596118304204595
2015-10-12,-0.0012879019589298046
2015-10-13,-0.006438515908942732
2015-10-14,-0.0004446110823361771
2015-10-15,0.00799777258897727
2015-10-16,0.002218497830419386
2015-10-19,-0.001527347695026382
2015-10-20,-0.0014394611227135368
2015-10-21,-0.003104631014220427
2015-10-22,0.008238823292977093
2015-10-23,-6.896635378939031e-05
2015-10-26,-0.0012990150693352742
2015-10-27,-0.0026408336759746742
2015-10-28,0.006067474390192951
2015-10-29,-0.0042583284480081085
2015-10-30,-0.0007403761098490058
2015-11-02,0.0068580396031654445
2015-11-03,0.0015282814561823344
2015-11-04,-0.006192804647414563
2015-11-05,-0.0014717154368258933
2015-11-06,-0.009832570364614157
2015-11-09,-0.009442584286108113
2015-11-10,0.0025932889425714922
2015-11-11,-0.0016497550668114203
2015-11-12,-0.009509674418107017
2015-11-13,-0.006961864459794631
2015-11-16,0.00912891416580841
2015-11-17,-0.0027312135678659866
2015-11-18,0.007505486309386633
2015-11-19,0.0018965250392819488
2015-11-20,0.0022250634130087654
2015-11-23,0.0007700784122757209
2015-11-24,0.002689472959226613
2015-11-25,0.0010920056933785283
2015-11-27,-0.0008473732808526035
2015-11-30,-0.0036498669492422975
2015-12-01,0.010111678041881067
2015-12-02,-0.012976070166181852
2015-12-03,-0.006740946988032959
2015-12-04,0.009778846396089946
2015-12-07,-0.008205088680260708
2015-12-08,-0.0053531855445188015
2015-12-09,-0.003132104271143188
2015-12-10,-0.0020383069571693335
2015-12-11,-0.008523083257336528
2015-12-14,-0.0005591090242091923
2015-12-15,0.004324030799060186
2015-12-16,0.009418325773223879
2015-12-17,-0.007847107769452188
2015-12-18,-0.006366879945520432
2015-12-21,0.002536643241568326
2015-12-22,0.0026551301242283554
2015-12-23,0.011067187329895756
2015-12-24,-0.00029340959898194185
2015-12-28,-0.00262086588139665
2015-12-29,0.008510353249938207
2015-12-30,-0.005176780055028085
2015-12-31,-0.005143611030890449
2016-01-04,-0.00883882839527228
2016-01-05,0.0018662948480396846
2016-01-06,-0.008346010549436955
2016-01-07,-0.013373332784937686
2016-01-08,-0.007693600440063064
2016-01-11,-0.003986992352986274
2016-01-12,0.0008332063054901084
2016-01-13,-0.011295088779009643
2016-01-14,0.005418772705056751
2016-01-15,-0.016245558210985167
2016-01-19,0.0012658505735112513
2016-01-20,-0.012975322559806046
2016-01-21,0.005928392868775223
2016-01-22,0.02116521103789859
2016-01-25,-0.010667265985734531
2016-01-26,0.014571324820360276
2016-01-27,-0.004762245574705837
2016-01-28,0.002625815923720909
2016-01-29,0.015461610111201507
2016-02-01,-0.004178884336529465
2016-02-02,-0.012172067433066203
2016-02-03,0.008990020115880126
2016-02-04,0.0008733439389903008
2016-02-05,-0.01169863212383171
2016-02-08,-0.011553300696919067
2016-02-09,-0.011024148094847086
2016-02-10,0.0019306027792798108
2016-02-11,-0.004954977234799762
2016-02-12,0.011309791131382863
2016-02-16,0.008281668509795947
2016-02-17,0.012130413888745029
2016-02-18,1.2626219496825186e-05
2016-02-19,-0.0009099252921064283
2016-02-22,0.009916218282384648
2016-02-23,-0.008618531155466735
2016-02-24,0.0026095638561798307
2016-02-25,0.00931708032227574
2016-02-26,-0.0032758331730696755
2016-02-29,-0.000686897351684923
2016-03-01,0.014111426796775017
2016-03-02,0.004468579660931393
2016-03-03,0.005119130439631414
2016-03-04,0.005338392004014869
2016-03-07,0.003695803176178236
2016-03-08,-0.007732830020667603
2016-03-09,0.005074413219998686
2016-03-10,-0.0018889683155687287
2016-03-11,0.013076009322475546
2016-03-14,-0.0022873293728469246
2016-03-15,-0.003801173274006975
2016-03-16,0.009865044560174896
2016-03-17,0.008084982227196003
2016-03-18,-0.00022400924048193716
2016-03-21,-0.0018146862623785731
2016-03-22,0.0005960123247261695
2016-03-23,-0.0077644798758674805
2016-03-24,-0.00270792123181518
2016-03-28,0.0040280160531569464
2016-03-29,0.00923870505761637
2016-03-30,0.0009854438105898478
2016-03-31,-0.0008157588700852259
2016-04-01,-0.004519145228962129
2016-04-04,-0.003882408912840085
2016-04-05,-0.006917393942729166
2016-04-06,0.007657951085273451
2016-04-07,-0.0061742477274739915
2016-04-08,0.009934726734236676
2016-04-11,0.000704781747440153
2016-04-12,0.009814191330644872
2016-04-13,0.005483575394368501
2016-04-14,-0.002519167845608239
2016-04-15,0.0007055594170704005
2016-04-18,0.004774068098165607
2016-04-19,0.008133612551339153
2016-04-20,-0.000152072834814998
2016-04-21,-0.0069900429776570405
2016-04-22,0.001206078086245066
2016-04-25,-5.695845080666562e-05
2016-04-26,0.003919718804167971
2016-04-27,0.0033609154443960954
2016-04-28,-0.0031527572857891206
2016-04-29,-0.0019017494013914282
2016-05-02,0.0032354683698379016
2016-05-03,-0.006602024550747321
2016-05-04,-5.381554379180198e-05
2016-05-05,-0.0012983013131202537
2016-05-06,0.004302037853585183
2016-05-09,-0.0020989059354518114
2016-05-10,0.010182148824956272
2016-05-11,-0.002914912147219284
2016-05-12,0.0008916288792975013
2016-05-13,-0.0050854844968221125
2016-05-16,0.007752502670628658
2016-05-17,-0.00581048972589937
2016-05-18,-0.006122783168327484
2016-05-19,-0.004704915718332536
2016-05-20,0.005465246456623829
2016-05-23,-0.0018558644708711602
2016-05-24,0.007636531613939956
2016-05-25,0.0057048872568821185
2016-05-26,0.0014885145324485816
2016-05-27,0.0021715310498098273
2016-05-31,-0.0023278665279146127
2016-06-01,0.0024078385319026285
2016-06-02,0.0026514786633404785
2016-06-03,0.0047186307863125165
2016-06-06,0.002473229149856593
2016-06-07,0.005252008679643927
2016-06-08,0.00597324265554855
2016-06-09,-0.0023458429028395678
2016-06-10,-0.010414126251451883
2016-06-13,-0.003996813996344661
2016-06-14,-0.0054676876163928245
2016-06-15,0.0025033710643649343
2016-06-16,-0.001014818100056547
2016-06-17,0.004842766276553556
2016-06-20,0.007554626860313274
2016-06-21,0.0009255656169080417
2016-06-22,-0.0015276024677295386
2016-06-23,0.00974143455738341
2016-06-24,-0.027541059690734948
2016-06-27,-0.005966937238406134
2016-06-28,0.01621912202474629
2016-06-29,0.01156009332704766
2016-06-30,0.007047013449567707
2016-07-01,0.003490586398718465
2016-07-05,-0.0076690324503444485
2016-07-06,0.0008663424587396218
2016-07-07,-0.008884215061708
2016-07-08,0.01167601905080562
2016-07-11,0.0031140948910295396
2016-07-12,0.006705718787666015
2016-07-13,-0.0011362980014282265
2016-07-14,0.0010077249505877628
2016-07-15,-0.0025159284675209115
2016-07-18,0.000576253007003924
2016-07-19,-0.0014867850732602772
2016-07-20,0.0009051473971155577
2016-07-21,-0.001796049012389056
2016-07-22,0.002469674471985206
2016-07-25,-0.003518671970996201
2016-07-26,-0.0007563154322601795
2016-07-27,-0.002133338817491892
2016-07-28,0.001421612331614197
2016-07-29,0.00769680869776046
2016-08-01,-0.00525427124774458
2016-08-02,-0.00625029403723365
2016-08-03,0.0021037546734457013
2016-08-04,0.0018712624515813125
2016-08-05,0.0022638868122852873
2016-08-08,0.0016625744381302265
2016-08-09,0.0029537396544379035
2016-08-10,-0.001849928918585042
2016-08-11,0.0021960855356930598
2016-08-12,0.002394053734530388
2016-08-15,0.0038616866828284913
2016-08-16,-0.0024534346490555636
2016-08-17,0.0022410915746882143
2016-08-18,0.003616945124372606
2016-08-19,-0.004395819222383857
2016-08-22,-0.00013506776435456835
2016-08-23,0.0021714725759831577
2016-08-24,-0.0048513643867845735
2016-08-25,0.0004303669247414099
2016-08-26,-0.004982957914299924
2016-08-29,0.003585350323987546
2016-08-30,-0.0028929051974725395
2016-08-31,-0.004833282392081029
2016-09-01,-0.0010193614848755805
2016-09-02,0.006667724370600148
2016-09-06,0.005818518757153557
2016-09-07,0.0031883840615687387
2016-09-08,-0.0009222928754188953
2016-09-09,-0.02065660118443191
2016-09-12,0.007056091046667268
2016-09-13,-0.015283657078936419
2016-09-14,-0.0007935015097966236
2016-09-15,0.005516367052140536
2016-09-16,-0.002769024427175526
2016-09-19,0.0024125916603943143
2016-09-20,0.0019340080673262428
2016-09-21,0.01113987402415062
2016-09-22,0.008560444572730752
2016-09-23,-0.004367352402027902
2016-09-26,-0.0010780270457521057
2016-09-27,-0.0014717703094504486
2016-09-28,0.008632761908355935
2016-09-29,-0.005630642475502157
2016-09-30,0.0018656604487461426
2016-10-03,-0.0034990448523681827
2016-10-04,-0.005220880183120502
2016-10-05,-0.0016150771432151823
2016-10-06,-0.0008810093868193425
2016-10-07,-0.002268887914708695
2016-10-10,0.0045773261043160485
2016-10-11,-0.008520196577492034
2016-10-12,0.0006563085723116924
2016-10-13,0.0018959728049472435
2016-10-14,-0.0009144494203718878
2016-10-17,-0.00015354698583269766
2016-10-18,0.005301368932425055
2016-10-19,0.0029076201353321895
2016-10-20,-0.0025170441359753104
2016-10-21,-9.020472103216104e-05
2016-10-24,0.0011299566746441059
2016-10-25,-0.0021124897776976237
2016-10-26,-0.005646720582559217
2016-10-27,-0.00552458255940147
2016-10-28,-0.0014787620252981748
2016-10-31,0.0008789165672618005
2016-11-01,-0.00576160517643054
2016-11-02,-0.0072749613712177474
2016-11-03,-0.0034757842441878184
2016-11-04,-0.0013037016698519421
2016-11-07,0.01065725252625338
2016-11-08,0.001533809608678327
2016-11-09,-0.002805275921107908
2016-11-10,-0.00621357826893576
2016-11-11,-0.00471527051837084
2016-11-14,0.0022332972099083914
2016-11-15,0.005218928006656132
2016-11-16,-0.005342551935752171
2016-11-17,3.645166131427402e-05
2016-11-18,-0.0013054677676301862
2016-11-21,0.008353919823865352
2016-11-22,0.004300754369487736
2016-11-23,-0.0013735669661633088
2016-11-25,0.0008660644682556562
2016-11-28,0.0004968812365622188
2016-11-29,-0.00022237040780970219
2016-11-30,0.0016948985522395876
2016-12-01,-0.0015094869834020308
2016-12-02,0.004902648343760196
2016-12-05,0.005609725372831997
2016-12-06,0.0024701054018172464
2016-12-07,0.00872029639307259
2016-12-08,0.0013203072345857603
2016-12-09,0.0018486178313654733
2016-12-12,0.0015482367341295156
2016-12-13,0.0040114125294108405
2016-12-14,-0.012536098031306397
2016-12-15,-0.0016074701609796183
2016-12-16,0.0038927722610675453
2016-12-19,0.0020512673953125837
2016-12-20,0.002387652738301327
2016-12-21,-0.004361563933556023
2016-12-22,-0.0014760794472652439
2016-12-23,0.0019149986013513587
2016-12-27,0.003466675287194354
2016-12-28,-0.0027658684277921397
2016-12-29,0.0037904233717120928
2016-12-30,0.0034689225399955337
2017-01-03,0.0009560126945391545
2017-01-04,0.008148162919171087
2017-01-05,0.004492763264259736
2017-01-06,-0.0011030806975106389
2017-01-09,-0.005037783299976728
2017-01-10,-0.002659259713493567
2017-01-11,0.0027925001734403487
2017-01-12,0.0038613429002103405
2017-01-13,9.47991154724992e-05
2017-01-17,0.0009989809679806783
2017-01-18,-0.002972488472929191
2017-01-19,-0.0046833152476359885
2017-01-20,0.0057334469182102055
2017-01-23,0.0027242042336883543
2017-01-24,0.001581206818583647
2017-01-25,0.0002511725118115038
2017-01-26,-0.000239486633962116
2017-01-27,-0.003979193624343291
2017-01-30,-0.005234178031893855
2017-01-31,0.003571749234067001
2017-02-01,0.00024365819175953263
2017-02-02,0.0026993586804637815
2017-02-03,0.0033189565074229765
2017-02-06,-0.002427650697543693
2017-02-07,-0.0014072803084637098
2017-02-08,0.003748655160766834
2017-02-09,0.0023303278527104787
2017-02-10,0.004681837276234058
2017-02-13,-0.0005928196294348043
2017-02-14,-0.0010165604783719528
2017-02-15,0.0010050537273134097
2017-02-16,0.001015369929925125
2017-02-17,0.00034112500385985456
2017-02-21,0.004070654840328869
2017-02-22,-0.0015161549534460361
2017-02-23,0.0027791619694725878
2017-02-24,0.0002999033016279906
2017-02-27,0.0002725151983804519
2017-02-28,-0.0015391070645234262
2017-03-01,0.0037752938233084343
2017-03-02,-0.007391392046616985
2017-03-03,0.0017521612338293746
2017-03-06,-0.0024089851897366454
2017-03-07,-0.0034265453652381206
2017-03-08,-0.009974031513736659
2017-03-09,-0.004257587082265757
2017-03-10,0.00032309803248598
2017-03-13,0.0008740314715125486
2017-03-14,-0.002940479915208294
2017-03-15,0.01214393980528028
2017-03-16,-0.0006351399477110276
2017-03-17,0.0022940541960903005
2017-03-20,-0.0004625722547848543
2017-03-21,-0.004735845883200085
2017-03-22,0.0006463110718730736
2017-03-23,0.0011017097931675934
2017-03-24,0.0009701588808521677
2017-03-27,-0.0012565043416069566
2017-03-28,0.00380902128495908
2017-03-29,0.003747862069908292
2017-03-30,0.0005244244657129915
2017-03-31,0.0012323989750127051
2017-04-03,0.00014349295823934405
2017-04-04,0.001749172698537249
2017-04-05,-0.0005765798648338372
2017-04-06,0.002042764915696438
2017-04-07,-0.0001272196434135564
2017-04-10,0.003051867315977841
2017-04-11,0.0033932772933880084
2017-04-12,-0.0007722696215117786
2017-04-13,-0.0017989931936739367
2017-04-17,0.003949139156017134
2017-04-18,-0.0005942389729627351
2017-04-19,-0.0054705461729540605
2017-04-20,0.001999654694961439
2017-04-21,-0.0031250221464110828
2017-04-24,0.003981689861332072
2017-04-25,0.0033190680659322958
2017-04-26,-0.0027227664531253026
2017-04-27,-0.0011059121317578136
2017-04-28,-0.0030660129296592453
2017-05-01,0.002468932334034335
2017-05-02,-0.0009772692276761585
2017-05-03,-0.004552073341624552
2017-05-04,-0.004097998244532608
2017-05-05,0.007723534050849246
2017-05-08,-0.004256320395489732
2017-05-09,-0.002947411414469303
2017-05-10,0.00536487124418028
2017-05-11,-0.0009189554463105987
2017-05-12,0.0009883704151982808
2017-05-15,0.0036835718742973533
2017-05-16,0.00027787678799517934
2017-05-17,-0.0020633289333272797
2017-05-18,0.0016504154755516698
2017-05-19,0.008564623270748362
2017-05-22,0.0031412501586767227
2017-05-23,-0.0005416724336850809
2017-05-24,0.0022247814071667538
2017-05-25,-0.0032933659683110905
2017-05-26,-0.0004502642871426765
2017-05-30,-0.0027607739371059425
2017-05-31,-0.0017624534411858628
2017-06-01,0.002460799685056525
2017-06-02,0.004836095192883194
2017-06-05,-0.0035553208870191533
2017-06-06,-0.00014009911677226317
2017-06-07,-0.0013197536753306593
2017-06-08,-0.001055962017276424
2017-06-09,0.0012754869710962513
2017-06-12,-0.0008527778227178651
2017-06-13,0.003887244014494362
2017-06-14,-0.00259917840054813
2017-06-15,-0.0009427689128255201
2017-06-16,0.0021913899948053928
2017-06-19,0.0006659814312195422
2017-06-20,-0.004916967221143986
2017-06-21,-0.002867033921399975
2017-06-22,0.0005387888573347155
2017-06-23,0.002351865894566041
2017-06-26,0.0025012309610508154
2017-06-27,-0.0021210453385269723
2017-06-28,0.005103105688111231
2017-06-29,-0.005903938176556545
2017-06-30,0.00411033648205672
2017-07-03,0.003980359640447517
2017-07-05,-0.005217321545206266
2017-07-06,-0.006729059982657382
2017-07-07,0.00016869094485372216
2017-07-10,-7.042823783387497e-06
2017-07-11,0.0023096322029667604
2017-07-12,0.005176367818856553
2017-07-13,0.0008841906836838387
2017-07-14,0.006757730938985906
2017-07-17,0.0007493552847110951
2017-07-18,0.0014190728974441402
2017-07-19,0.005249184862938572
2017-07-20,-0.00024186261900471795
2017-07-21,-0.003475978960671311
2017-07-24,-0.0006943055334265313
2017-07-25,0.0021084599374490143
2017-07-26,0.005178489510746287
2017-07-27,0.0005064750538144036
2017-07-28,0.0008464601922504311
2017-07-31,0.0018290402085359148
2017-08-01,0.0006748815594144197
2017-08-02,-0.001424026740478701
2017-08-03,-0.0014558216658767664
2017-08-04,0.0011617518133058002
2017-08-07,0.0007642295801095766
2017-08-08,-0.002546845686710042
2017-08-09,0.0005941757741372289
2017-08-10,-0.009425536697778347
2017-08-11,-0.00039922125143165843
2017-08-14,0.004511326294227125
2017-08-15,-0.0023120195239771935
2017-08-16,0.002116084069232249
2017-08-17,-0.005352027256661951
2017-08-18,0.001807124791791681
2017-08-21,-8.755377966174205e-05
2017-08-22,0.0026275285776786728
2017-08-23,0.0038102358519109814
2017-08-24,-0.0019858316707760393
2017-08-25,0.0025573179816198444
2017-08-28,-0.0012002245579019188
2017-08-29,-0.00032103307504449674
2017-08-30,0.00015531889136721766
2017-08-31,0.009764068169937357
2017-09-01,0.00091008218441746
2017-09-05,-0.0015430694135240008
2017-09-06,0.003930149989485043
2017-09-07,0.003634721759324222
2017-09-08,-0.0024143238531013633
2017-09-11,0.004789639053365491
2017-09-12,-0.0010212399721103438
2017-09-13,-0.0010012016464195916
2017-09-14,0.00213571907137311
2017-09-15,0.001973333688134682
2017-09-18,-0.0014295201650262879
2017-09-19,-0.0007980654451270608
2017-09-20,0.00039178445466081513
2017-09-21,-0.002370605040352136
2017-09-22,0.0003827382640386734
2017-09-25,0.003573054649820717
2017-09-26,-0.001954956899369309
2017-09-27,-0.002680386932732093
2017-09-28,0.0020989138368772142
2017-09-29,0.0010091386527584234
2017-10-02,-0.0015046322198466466
2017-10-03,0.0012233448703242722
2017-10-04,0.0010759389162771082
2017-10-05,0.0037996404081022117
2017-10-06,-0.004377729040835887
2017-10-09,0.0005664550106505573
2017-10-10,0.005459281471569488
2017-10-11,0.00208996957188079
2017-10-12,0.0007434653803859437
2017-10-13,0.00442421110495439
2017-10-16,-0.0006910380056871501
2017-10-17,-0.0004718193400040649
2017-10-18,-7.56807911407309e-05
2017-10-19,-0.0015411608916854336
2017-10-20,-0.00016317043769997763
2017-10-23,-0.001788235239423397
2017-10-24,0.0009116698962288172
2017-10-25,-0.002410783833004526
2017-10-26,-0.0007890888381609784
2017-10-27,0.004652778864020712
2017-10-30,0.0007718741858095957
2017-10-31,0.0014924280316586103
2017-11-01,0.0016928950070982385
2017-11-02,0.0038922972138157874
2017-11-03,0.001405897172838344
2017-11-06,0.006005889129752751
2017-11-07,-0.00040662782173517265
2017-11-08,0.0013859114596672661
2017-11-09,-0.0013711281632564631
2017-11-10,-0.001775845835250034
2017-11-13,-0.00033295509624775566
2017-11-14,-0.0034425604218299988
2017-11-15,-0.0035099581578320604
2017-11-16,0.0038442398306433034
2017-11-17,0.0012996217635499185
2017-11-20,-0.0017448669475085277
2017-11-21,0.00570297532943842
2017-11-22,0.0016656683355571467
2017-11-24,0.0027922596838025893
2017-11-27,-0.002469472233986192
2017-11-28,0.0015961920537743701
2017-11-29,-0.0028267187700038443
2017-11-30,0.0007697591083564159
2017-12-01,0.0017243812228011635
2017-12-04,-0.004497403156902835
2017-12-05,-0.0026632920234329616
2017-12-06,-0.003501814952399762
2017-12-07,0.0019247313110499764
2017-12-08,0.004041862215747871
2017-12-11,0.0014625779030412733
2017-12-12,-0.00033515800614225544
2017-12-13,0.0010095296448728863
2017-12-14,-0.0014076140055157005
2017-12-15,0.0028251236128604695
2017-12-18,0.005383642650646836
2017-12-19,-0.005155281420490043
2017-12-20,-0.002229825328595947
2017-12-21,0.0006140613075666934
2017-12-22,0.002783378111584911
2017-12-26,0.0037374761154342906
2017-12-27,0.002473072545737365
2017-12-28,0.0023195697218434397
2017-12-29,0.00038623368832291227
2018-01-02,0.0024548291928214727
2018-01-03,0.0030502673081964637
2018-01-04,-0.0007460125135386741
2018-01-05,0.0015737672051130414
2018-01-08,0.0011295902610506392
2018-01-09,-0.0015380667697976191
2018-01-10,-0.002264570396339316
2018-01-11,0.002175243524525916
2018-01-12,0.0028612993497583172
2018-01-16,-0.0013379953549017554
2018-01-17,0.004126297301569881
2018-01-18,-0.003787112234530765
2018-01-19,0.0022186851971661703
2018-01-22,0.004878087346983362
2018-01-23,0.005829450088272958
2018-01-24,0.0009544111167776315
2018-01-25,-0.0017499519248507234
2018-01-26,0.004289201832749612
2018-01-29,-0.006926517941874821
2018-01-30,-0.007020903598126682
2018-01-31,0.003707911249143825
2018-02-01,-0.0030290911552208755
2018-02-02,-0.01410081593139767
2018-02-05,-0.022971891467433836
2018-02-06,0.005962161343633587
2018-02-07,-0.00693843564260932
2018-02-08,-0.020340051698425343
2018-02-09,0.00546163189704596
2018-02-12,0.007252696384310031
2018-02-13,0.0019910170357271273
2018-02-14,0.006656582163863778
2018-02-15,0.006173972283671114
2018-02-16,0.002887495634026127
2018-02-20,-0.0051092472120070065
2018-02-21,-0.006738031886888263
2018-02-22,0.005660448163208098
2018-02-23,0.010042242257535694
2018-02-26,0.0060649444576397205
2018-02-27,-0.012754108970019051
2018-02-28,-0.005727289925964385
2018-03-01,-0.0048490260795414075
2018-03-02,0.0011722197353454256
2018-03-05,0.006593488410050696
2018-03-06,0.003334350836037947
2018-03-07,-0.0010250917592036224
2018-03-08,0.0009829738776456765
2018-03-09,0.007348077234096362
2018-03-12,0.0009604473027742255
2018-03-13,-0.0027003405148313675
2018-03-14,2.9809509371592213e-05
2018-03-15,-0.0005844111263473284
2018-03-16,0.0019593998061098183
2018-03-19,-0.007565177665081579
2018-03-20,0.0005613149684602359
2018-03-21,0.0021779723634192116
2018-03-22,-0.010627767524649667
2018-03-23,-0.007990492803776728
2018-03-26,0.010821166244157743
2018-03-27,-0.0037933076971884416
2018-03-28,0.004717196869213236
2018-03-29,0.006327739930016785
2018-04-02,-0.012286516492066135
2018-04-03,0.005950498918270597
2018-04-04,0.004029557441420417
2018-04-05,0.003303231833928555
2018-04-06,-0.007844112151939031
2018-04-09,0.004526179465349056
2018-04-10,0.00817012075752177
2018-04-11,0.00031705830225137177
2018-04-12,-0.0013522722629583095
2018-04-13,0.0009713218882230201
2018-04-16,0.0023852038628084937
2018-04-17,0.005618912141757804
2018-04-18,0.0036795248324428265
2018-04-19,-0.00610548382510645
2018-04-20,-0.005301928436058367
2018-04-23,-0.0007613908315036166
2018-04-24,-0.004014850482862098
2018-04-25,-0.000318806276351391
2018-04-26,0.007253217751086227
2018-04-27,0.004047049490116583
2018-04-30,-0.001835073310943347
2018-05-01,1.6257845447675834e-06
2018-05-02,-0.002123152147320506
2018-05-03,0.001827117569746406
2018-05-04,0.006890841305816187
2018-05-07,0.001844568463539975
2018-05-08,-0.0007438869881126742
2018-05-09,0.005103936819188526
2018-05-10,0.006149651032128167
2018-05-11,-0.0007529896008454662
2018-05-14,-0.000235717428796689
2018-05-15,-0.006952072998250514
2018-05-16,0.0012076679682357927
2018-05-17,-0.000757465563193116
2018-05-18,-7.93342852033474e-05
2018-05-21,0.006819418300743507
2018-05-22,-0.0003787039874679765
2018-05-23,0.002354271384731099
2018-05-24,-0.0022360138881724057
2018-05-25,-0.003250982793363444
2018-05-29,-0.0051775369635540525
2018-05-30,0.01012764884889239
2018-05-31,-0.0038230379277248705
2018-06-01,0.0025011764462630204
2018-06-04,0.0002359904878685981
2018-06-05,0.0001688633878647039
2018-06-06,0.0038103770451474173
2018-06-07,0.00048460650908865865
2018-06-08,0.0011577453130433568
2018-06-11,0.0009420421202572804
2018-06-12,-4.601283742178275e-05
2018-06-13,-0.0037057519472871725
2018-06-14,0.0003464268340340748
2018-06-15,-0.006109500819802438
2018-06-18,3.169391418200718e-05
2018-06-19,-0.004347239426164884
2018-06-20,0.0018486009894447264
2018-06-21,-0.0026956739639981686
2018-06-22,0.008060267463560145
2018-06-25,-0.008041601888379435
2018-06-26,0.0035142632519924444
2018-06-27,-0.0025095372691839035
2018-06-28,0.0033809992488065266
2018-06-29,0.004019685231972492
2018-07-02,-0.006802576650115744
2018-07-03,0.0016934314922132376
2018-07-05,0.007160145284591968
2018-07-06,0.004935176746654779
2018-07-09,0.002655848386783344
2018-07-10,0.0004337023519498384
2018-07-11,-0.012036829612971367
2018-07-12,0.004938507203968934
2018-07-13,0.0008566364120339287
2018-07-16,-0.005912614140379691
2018-07-17,-2.4592792440047972e-05
2018-07-18,0.0012038043350148797
2018-07-19,0.0014819614028989125
2018-07-20,-0.0005031298552116148
2018-07-23,-0.0003167783460540363
2018-07-24,0.0023682734991923304
2018-07-25,0.007340739548244102
2018-07-26,-0.0009273621442147384
2018-07-27,-0.003611123943053296
2018-07-30,-4.4329368488416065e-05
2018-07-31,0.003713100634889388
2018-08-01,-0.003300906311001106
2018-08-02,0.00040421806033030805
2018-08-03,0.004355498085542697
2018-08-06,6.530794578907262e-05
2018-08-07,0.002960716015391718
2018-08-08,-0.0036680906024451065
2018-08-09,-0.0010315673211457321
2018-08-10,-0.005994665584310721
2018-08-13,-0.0029747012491810887
2018-08-14,0.0023895058186194085
2018-08-15,-0.006726637448582151
2018-08-16,0.006143481457102862
2018-08-17,0.004662041228916669
2018-08-20,0.0026384065950422197
2018-08-21,0.000568159139210378
2018-08-22,0.0027356817206638517
2018-08-23,-0.002568603501261313
2018-08-24,0.005147296580115368
2018-08-27,0.0037730223686782693
2018-08-28,0.001359254606185134
2018-08-29,0.00434799922553708
2018-08-30,-0.003965034717962723
2018-08-31,-0.0005288235310941802
2018-09-04,-0.0060089491585222365
2018-09-05,-0.002052051456382875
2018-09-06,-0.0013825660633166592
2018-09-07,-0.004596087047959552
2018-09-10,0.003283287095914078
2018-09-11,0.0020663080988863047
2018-09-12,0.0026101065208896657
2018-09-13,0.0014472524306350376
2018-09-14,-0.0025751748189938306
2018-09-17,-0.0004175272457442869
2018-09-18,0.003236705244227034
2018-09-19,-0.0004805961554334992
2018-09-20,0.0060081227961754635
2018-09-21,0.0003670737287004844
2018-09-24,-0.002428675745592246
2018-09-25,0.0010890460716459494
2018-09-26,-0.0031515324169937298
2018-09-27,0.002002036567701815
2018-09-28,0.0032134292321792657
2018-10-01,0.0023410387643649777
2018-10-02,-0.0004065208279532273
2018-10-03,-0.002015850829989674
2018-10-04,-0.008237392848623681
2018-10-05,-0.00333751496555057
2018-10-08,0.0014606743705471992
2018-10-09,0.0012827159442370117
2018-10-10,-0.017370011528234697
2018-10-11,-0.015072612269280694
2018-10-12,0.004275327498866721
2018-10-15,0.00031789204901788715
2018-10-16,0.012770509803432306
2018-10-17,-0.0042331988000583465
2018-10-18,-0.008382298708176084
2018-10-19,0.0036463375623358996
2018-10-22,-0.004294553912592369
2018-10-23,-0.005889148860434901
2018-10-24,-0.0101940407468325
2018-10-25,0.008945786398815159
2018-10-26,-0.007265717995249887
2018-10-29,-0.0012045505758950803
2018-10-30,0.006624405887246221
2018-10-31,-0.00189200040240034
2018-11-01,0.004393044910073529
2018-11-02,-0.0041248486707406995
2018-11-05,0.0040826872821755344
2018-11-06,0.002042405811570891
2018-11-07,0.008857917639971014
2018-11-08,-0.0036579712996003266
2018-11-09,-0.004681394772510061
2018-11-12,-0.006518198878045944
2018-11-13,-0.0050738680305056905
2018-11-14,0.0004541101670980652
2018-11-15,0.001178542413849737
2018-11-16,0.004740258514395634
2018-11-19,-0.0045489831770514355
2018-11-20,-0.01532647124837827
2018-11-21,0.005271917107079416
2018-11-23,-0.008782412636742842
2018-11-26,0.007367214681088807
2018-11-27,0.0001689443586934125
2018-11-28,0.00856150367397146
2018-11-29,0.00039841063410261945
2018-11-30,0.0017352489842517027
2018-12-03,0.011405948236752783
2018-12-04,-0.01360958220784736
2018-12-06,0.0017007082714419752
2018-12-07,-0.006436444063412261
2018-12-10,-0.00553702166584491
2018-12-11,0.0014505624128908767
2018-12-12,-0.00035023970059200327
2018-12-13,0.003439716664839887
2018-12-14,-0.00960486886829437
2018-12-17,-0.014786113057076888
2018-12-18,-0.0017549509864429602
2018-12-19,-0.00562244641667442
2018-12-20,-0.009192689349479033
2018-12-21,-0.011922163454723078
2018-12-24,-0.016451867950309174
2018-12-26,0.024892502497282365
2018-12-27,0.0006449178656282584
2018-12-28,0.0009248766353830984
2018-12-31,0.0039007308525298434
2019-01-02,-0.003543197912077245
2019-01-03,-0.0019671091906753313
2019-01-04,0.016168844675046534
2019-01-07,0.005227161439826711
2019-01-08,0.008822182388153132
2019-01-09,0.006961224010501699
2019-01-10,0.0035980824574153303
2019-01-11,-0.0007853611016224171
2019-01-14,-0.004618021144690676
2019-01-15,0.00664149253057067
2019-01-16,0.003377654013242859
2019-01-17,0.002970856062475047
2019-01-18,0.006812863613887554
2019-01-22,-0.00713474962449967
2019-01-23,0.001001188198650027
2019-01-24,0.002176748333816647
2019-01-25,0.007032161313698548
2019-01-28,-0.003306228579552095
2019-01-29,0.0042936919202039014
2019-01-30,0.008842556583375627
2019-01-31,0.00383961453506787
2019-02-01,-0.0005120841710815061
2019-02-04,0.003313696630306451
2019-02-05,0.002992538339152029
2019-02-06,-0.0021746651111229642
2019-02-07,-0.004190392842930435
2019-02-08,0.00013039445656182203
2019-02-11,-0.000993318279641553
2019-02-12,0.004532925560754908
2019-02-13,0.002375196045056649
2019-02-14,0.0017191785282746341
2019-02-15,0.009945732880907165
2019-02-19,0.0019023759633129966
2019-02-20,0.00031034011371855463
2019-02-21,-0.0008833472311647883
2019-02-22,0.004172690049826899
2019-02-25,-0.003999817092560587
2019-02-26,0.0016802956690984416
2019-02-27,-0.0015903534402690322
2019-02-28,-0.0011462248236443484
2019-03-01,-0.0012016844162467955
2019-03-04,0.0006830534530906096
2019-03-05,0.0015845638866276435
2019-03-06,-0.003204899812054074
2019-03-07,-0.0044917938664451595
2019-03-08,2.294840219008165e-05
2019-03-11,0.007663930095357818
2019-03-12,0.003361362275341895
2019-03-13,0.005204866168655231
2019-03-14,-0.0010176517549204123
2019-03-15,0.0031688238896154797
2019-03-18,0.00116650196307444
2019-03-19,0.00021168098334012342
2019-03-20,0.0029890513739105895
2019-03-21,0.004617626584245915
2019-03-22,-0.009427703281802091
2019-03-25,0.0016458046843588203
2019-03-26,0.00429139687774116
2019-03-27,-0.0020709936741829527
2019-03-28,0.001600564046395192
2019-03-29,0.0017271474230426964
2019-04-01,0.00530814063509899
2019-04-02,0.0023996492094691124
2019-04-03,0.0012612511097425116
2019-04-04,0.00011904233801018904
2019-04-05,0.003595782601905073
2019-04-08,-0.0004236093022995657
2019-04-09,-0.003359692598475683
2019-04-10,0.0054808246905808655
2019-04-11,-0.0020485442476015914
2019-04-12,0.0033931390990098453
2019-04-15,-0.0011641648398241777
2019-04-16,-0.005653801629461275
2019-04-17,-0.0024469531841092573
2019-04-18,0.0028960026229312152
2019-04-22,-0.0016512330721991653
2019-04-23,0.005433198494907199
2019-04-24,-0.0003346961501438095
2019-04-25,-0.0013067091851972634
2019-04-26,0.0015070435489339395
2019-04-29,-0.0011293857002948604
2019-04-30,0.0031491499767606346
2019-05-01,-0.0031896171364391712
2019-05-02,-0.003346018555612895
2019-05-03,0.006190389387487949
2019-05-06,-0.0025677545819794423
2019-05-07,-0.01231748535439603
2019-05-08,-0.00036573355625857396
2019-05-09,-0.0014956175013118855
2019-05-10,0.004877813155984123
2019-05-13,-0.009940390276600763
2019-05-14,0.0070309492406772645
2019-05-15,0.005660278088056581
2019-05-16,0.004999325049262815
2019-05-17,-0.004776732710846887
2019-05-20,-0.004490846471499332
2019-05-21,0.004742628758408252
2019-05-22,-0.003103781158176111
2019-05-23,-0.006795467785661091
2019-05-24,0.005884529746957856
2019-05-28,-0.0032382408330956514
2019-05-29,-0.006101736896740317
2019-05-30,0.000821472905915055
2019-05-31,-0.007307598993632092
2019-06-03,0.0014386789476934503
2019-06-04,0.006174926007261217
2019-06-05,0.0017219827501955276
2019-06-06,0.005953350432116089
2019-06-07,0.006713638361101282
2019-06-10,-0.0006986487388094265
2019-06-11,0.0028285971618216
2019-06-12,-0.003418695262745519
2019-06-13,0.004882391386737295
2019-06-14,-0.0006430615513864923
2019-06-17,0.0014030249377010584
2019-06-18,0.007319328742441122
2019-06-19,0.0029245072777182024
2019-06-20,0.009029232466891024
2019-06-21,-0.004272252696237988
2019-06-24,0.0010813698610647737
2019-06-25,-0.005170214221528746
2019-06-26,-0.003765758502309202
2019-06-27,0.004357242656454874
2019-06-28,0.0008035138287265653
2019-07-01,0.0022861203904698257
2019-07-02,0.001970676590231202
2019-07-03,0.007649216905910361
2019-07-05,-0.0033566239513352913
2019-07-08,-0.0019890000708069344
2019-07-09,0.0005765877689782872
2019-07-10,0.007249298575670027
2019-07-11,-0.003058104334501155
2019-07-12,0.001588689555555467
2019-07-15,-0.001604325879623003
2019-07-16,-0.004514924695593003
2019-07-17,-0.003155180325080331
2019-07-18,0.0004249647258367517
2019-07-19,-0.004146372919867636
2019-07-22,-4.0824654481075306e-05
2019-07-23,0.005911166708126192
2019-07-24,0.0006561808760379151
2019-07-25,-0.005287056365796516
2019-07-26,0.002867567021423101
2019-07-29,0.0015608717566284458
2019-07-30,3.9316752855400594e-05
2019-07-31,-0.005061760583502051
2019-08-01,-0.005585250160906496
2019-08-02,-0.0016553892910160517
2019-08-05,-0.014940785806487722
2019-08-06,0.005607233415878099
2019-08-07,0.00031712500127212273
2019-08-08,0.010491528318312904
2019-08-09,-0.0015579606556467285
2019-08-12,-0.004763939090210667
2019-08-13,0.009290374595625428
2019-08-14,-0.016236714187225054
2019-08-15,0.0028580739968684377
2019-08-16,0.006737886595042042
2019-08-19,0.00508508482142056
2019-08-20,-0.0021965370850658417
2019-08-21,0.004018958861259581
2019-08-22,-0.0009010731776996073
2019-08-23,-0.010553184196073317
2019-08-26,0.005056820871751411
2019-08-27,0.0007127839008946868
2019-08-28,0.0039055550381146276
2019-08-29,0.005994819200477286
2019-08-30,-0.0022817911166467253
2019-09-03,-0.00017981277696488274
2019-09-04,0.011817882839136873
2019-09-05,0.00030103907684675413
2019-09-06,0.0019252904316950925
2019-09-09,0.00034353142906784484
2019-09-10,-0.0029620097419295055
2019-09-11,0.0011194168806245575
2019-09-12,0.0017466668989736256
2019-09-13,-0.0029693528967734695
2019-09-16,0.009035545905243803
2019-09-17,6.316799321859357e-05
2019-09-18,-0.0020060385974661754
2019-09-19,0.002498691933756181
2019-09-20,7.180217931779254e-06
2019-09-23,0.0005642402249681489
2019-09-24,-0.004096997329272822
2019-09-25,-0.0014915812394977745
2019-09-26,0.002427343578256913
2019-09-27,-0.0033490675920105906
2019-09-30,0.000174538299737792
2019-10-01,-0.00579806820653217
2019-10-02,-0.009500506644793072
2019-10-03,0.005681815556774827
2019-10-04,0.007484492261739639
2019-10-07,-0.0024758279785903614
2019-10-08,-0.005743435299043864
2019-10-09,0.0037645115253419625
2019-10-10,0.0031563833811598663
2019-10-11,0.006590125321824569
2019-10-14,-0.0013334219472996844
2019-10-15,0.003067682806024097
2019-10-16,0.0006583135821049968
2019-10-17,0.003104012746368623
2019-10-18,0.0006206939089130614
2019-10-21,0.0029741895881270075
2019-10-22,-0.0009927422831826904
2019-10-23,0.004677016417726998
2019-10-24,0.0011837530508536087
2019-10-25,5.531617005027911e-05
2019-10-28,-0.0007053391565362555
2019-10-29,0.0008961652549270838
2019-10-30,0.0018489067021167926
2019-10-31,-0.0012619488748325525
2019-11-01,0.006851329190025179
2019-11-04,0.0007099961088361528
2019-11-05,-0.004570579034467448
2019-11-06,-0.0012004503191258564
2019-11-07,-0.002415929930327798
2019-11-08,0.00014886006375824934
2019-11-11,-0.001281854534526894
2019-11-12,-0.0007828078949077
2019-11-13,0.002121919871215683
2019-11-14,0.0016554903869256954
2019-11-15,0.004673588016752106
2019-11-18,-0.0003695648871624435
2019-11-19,-0.001411771971526976
2019-11-20,0.0012326646253906226
2019-11-21,-0.0020952075040432394
2019-11-22,9.908976259631608e-05
2019-11-25,0.0038611467351890028
2019-11-26,0.0045174237179017585
2019-11-27,0.0008219515456331372
2019-11-29,-0.007193390542995504
2019-12-02,-0.006741735235226254
2019-12-03,0.0011318035247003255
2019-12-04,0.0062516620259891464
2019-12-05,1.0783271206848966e-05
2019-12-06,0.004729866028220675
2019-12-09,-0.0013861504653083223
2019-12-10,-0.0006349578247443199
2019-12-11,-0.00047708675280855317
2019-12-12,0.0005585106766381465
2019-12-13,0.0037396003161178637
2019-12-16,0.005395708034937385
2019-12-17,-0.0020952969444717473
2019-12-18,0.0017730481755164895
2019-12-19,0.003616970326222768
2019-12-20,0.0018731104056521897
2019-12-23,-0.0005014931304809789
2019-12-24,0.0015542048170471556
2019-12-26,0.00460242763094465
2019-12-27,0.0015925848065463377
2019-12-30,-0.002889758881016502
2019-12-31,0.0008705552244883119
2020-01-02,0.0027113318408498177
2020-01-03,0.0009848621433012905
2020-01-06,0.0019458285446656287
2020-01-07,-0.003752735364721982
2020-01-08,-0.0011815280094020775
2020-01-09,0.0009939683821134082
2020-01-10,0.0006377855949011302
2020-01-13,0.003059918139846074
2020-01-14,0.00042108974950760825
2020-01-15,0.0017426852152759853
2020-01-16,0.0034222493207898275
2020-01-17,0.0018866269897683807
2020-01-21,-0.0004429412161349733
2020-01-22,-0.0035617336505910924
2020-01-23,0.000251008054997115
2020-01-24,-0.005610027483276991
2020-01-27,-0.01063451514284508
2020-01-28,0.005043478700874404
2020-01-29,-0.0008493964877583915
2020-01-30,-0.0009210283097764727
2020-01-31,-0.01008540736491459
2020-02-03,-0.0012993046881037973
2020-02-04,0.007556468024837004
2020-02-05,0.006537159906239154
2020-02-06,0.002861651245457786
2020-02-07,-0.0031473556507291
2020-02-10,0.0027294607597776466
2020-02-11,0.00343755928786571
2020-02-12,0.005418055501417163
2020-02-13,-9.76086224966366e-05
2020-02-14,0.002400788392522557
2020-02-18,-0.00018624527344135444
2020-02-19,0.0007882343104155254
2020-02-20,0.00014319139015439575
2020-02-21,-0.0024059721101816756
2020-02-24,-0.019565975363157517
2020-02-25,-0.01792224312521229
2020-02-26,-0.004742674270199143
2020-02-27,-0.02800246277332985
2020-02-28,-0.007921567379203576
2020-03-02,0.02417589587809088
2020-03-03,-0.005054182273690144
2020-03-04,0.021479279383736616
2020-03-05,-0.016772948403594556
2020-03-06,-0.014114012385271879
2020-03-09,-0.06026204758357023
2020-03-10,0.028764298830107782
2020-03-11,-0.03775535328782609
2020-03-12,-0.06942847579869649
2020-03-13,0.0470034708729985
2020-03-16,-0.08546495220817452
2020-03-17,0.0234626195675105
2020-03-18,-0.05052349149648039
2020-03-19,0.009239668977245374
2020-03-20,-0.018103475207645325
2020-03-23,-0.011908153340421834
2020-03-24,0.055339519861849595
2020-03-25,0.023736141116907028
2020-03-26,0.03443480263893761
2020-03-27,-0.010923447694036525
2020-03-30,0.014835231427974271
2020-03-31,-0.011648029691059936
2020-04-01,-0.03591464219845675
2020-04-02,0.013131217306759035
2020-04-03,-0.005302844522528938
2020-04-06,0.03868123213274921
2020-04-07,0.004113374361253586
2020-04-08,0.021007996208927127
2020-04-09,0.01976838345076848
2020-04-13,-0.009220414099129104
2020-04-14,0.013479986783009101
2020-04-15,-0.020833607719433322
2020-04-16,-0.0015181121719102242
2020-04-17,0.017334890845261963
2020-04-20,-0.01677925414454584
2020-04-21,-0.02246600401611365
2020-04-22,0.013024273918818441
2020-04-23,-0.0027103845453305686
2020-04-24,0.0034002939142094846
2020-04-27,0.007540947548586585
2020-04-28,0.0033887470842108858
2020-04-29,0.0167128286240108
2020-04-30,-0.005098817408044298
2020-05-01,-0.018720698597795016
2020-05-04,0.00196009713160894
2020-05-05,0.008199867278118944
2020-05-06,-0.010930708902539887
2020-05-07,0.010779913951876052
2020-05-08,0.014948872579436223
2020-05-11,-0.00626996765520349
2020-05-12,-0.01653865851530989
2020-05-13,-0.011470380920746037
2020-05-14,0.005054299112564609
2020-05-15,0.002180948799641591
2020-05-18,0.030414096230314547
2020-05-19,-0.007484066319552007
2020-05-20,0.012851578077280656
2020-05-21,-0.004250217154353919
2020-05-22,0.0013564646594523833
2020-05-26,0.017237611666069297
2020-05-27,0.0069760770421321006
2020-05-28,0.00334310166962859
2020-05-29,0.0022911180633347072
2020-06-01,0.010968448703675193
2020-06-02,0.0070213003489769665
2020-06-03,0.012621724070119411
2020-06-04,-0.0025185857654249633
2020-06-05,0.019105858584806068
2020-06-08,0.0088676699821022
2020-06-09,-0.00606788641893119
2020-06-10,-0.0038570303162950292
2020-06-11,-0.04084562872385744
2020-06-12,0.013283726114834637
2020-06-15,0.00735748567242811
2020-06-16,0.011755121049259687
2020-06-17,-0.003650490725853661
2020-06-18,-0.001560548540019302
2020-06-19,-0.003266906580025375
2020-06-22,0.005409365774720953
2020-06-23,0.00018817305062679424
2020-06-24,-0.02054424501244745
2020-06-25,0.009417125613736976
2020-06-26,-0.013429329864194317
2020-06-29,0.011911312695741527
2020-06-30,0.005194056498587729
2020-07-01,0.008083235345476947
2020-07-02,0.003840379042080455
2020-07-06,0.0075534884226065024
2020-07-07,-0.008162693635891838
2020-07-08,0.005162475024006685
2020-07-09,-0.006377189141291151
2020-07-10,0.005670958862146858
2020-07-13,-0.007206200381220551
2020-07-14,0.008173998607424293
2020-07-15,0.008423130345617702
2020-07-16,-0.005762713922075613
2020-07-17,0.004616693876973166
2020-07-20,0.0001751715175994928
2020-07-21,0.004378557096653912
2020-07-22,0.006053300919232063
2020-07-23,-0.005089125927302374
2020-07-24,-0.003642658656092479
2020-07-27,0.007532740023555418
2020-07-28,0.0008167937028378258
2020-07-29,0.0097808158445567
2020-07-30,-0.00697818395066474
2020-07-31,-0.0019395773684892648
2020-08-03,0.004505307905623868
2020-08-04,0.006618918820112896
2020-08-05,0.001943276857979015
2020-08-06,0.003617594360945775
2020-08-07,-0.0009367083786813168
2020-08-10,0.002416698988895849
2020-08-11,-0.007633731968860968
2020-08-12,0.010759952709687992
2020-08-13,-0.003063122023928888
2020-08-14,-0.0010929751847633673
2020-08-17,0.007421213468601584
2020-08-18,0.00014496477416381381
2020-08-19,-0.006088647703445638
2020-08-20,0.0021692065481115907
2020-08-21,-0.0017733418381946642
2020-08-24,0.006740759958053788
2020-08-25,0.002508577207436913
2020-08-26,0.001686158418912287
2020-08-27,-0.00011110333546904272
2020-08-28,0.005679441095396642
2020-08-31,-0.004222080455856592
2020-09-01,0.003201402726998648
2020-09-02,0.006894632949638213
2020-09-03,-0.01533764933081383
2020-09-04,-0.005347348966234011
2020-09-08,-0.014784640372396685
2020-09-09,0.011418395651699775
2020-09-10,-0.009999709937344337
2020-09-11,0.0026760781785688526
2020-09-14,0.008552327477797883
2020-09-15,0.005697279492535401
2020-09-16,0.0038424887567272137
2020-09-17,-0.0030345435808339927
2020-09-18,-0.007711669365250029
2020-09-21,-0.017847384316917236
2020-09-22,0.003440709781049156
2020-09-23,-0.014623365290862944
2020-09-24,0.002449902001108839
2020-09-25,0.008197517085148487
2020-09-28,0.012132447228865528
2020-09-29,-0.004901712758267673
2020-09-30,0.002928746438532137
2020-10-01,0.004089129662399715
2020-10-02,-0.001498385652754397
2020-10-05,0.011614689332096306
2020-10-06,-0.0050532427703309235
2020-10-07,0.00564287137841224
2020-10-08,0.008843876491498648
2020-10-09,0.0030699010764230206
2020-10-12,0.0034195327040547063
2020-10-13,-0.006093717095341233
2020-10-14,-0.0026087795771025934
2020-10-15,-0.001157455445404354
2020-10-16,-0.0020845926011785476
2020-10-19,-0.007071133281476238
2020-10-20,0.005041412859211558
2020-10-21,-0.003840299113887391
2020-10-22,0.0011286226794280374
2020-10-23,0.0019655111262983915
2020-10-26,-0.0125061734626436
2020-10-27,-0.0036476249191829124
2020-10-28,-0.022925378515113448
2020-10-29,0.0023110039622242784
2020-10-30,-0.005100004416499937
2020-11-02,0.013624544230098845
2020-11-03,0.0134027464489761
2020-11-04,0.010854273366718514
2020-11-05,0.010548323170582963
2020-11-06,-0.0024231655126916163
2020-11-09,0.016517296896278788
2020-11-10,0.007758334066322314
2020-11-11,0.004113841057663548
2020-11-12,-0.007969382055532326
2020-11-13,0.009991791354941437
2020-11-16,0.008526733772271422
2020-11-17,2.9354055682606628e-05
2020-11-18,-0.007121792846850439
2020-11-19,0.0032448578434907116
2020-11-20,-0.00047301551081402327
2020-11-23,0.0015057455183626889
2020-11-24,0.011197171016104068
2020-11-25,0.001348928257033588
2020-11-27,0.0012160934046112626
2020-11-30,-0.008614964767955757
2020-12-01,0.007763952441485866
2020-12-02,-0.0005982065947988113
2020-12-03,0.00277909505978835
2020-12-04,0.006539818133896036
2020-12-07,-0.0031560651809511286
2020-12-08,0.0010718501256767876
2020-12-09,-0.0028935500493187938
2020-12-10,0.002780853282592144
2020-12-11,-0.0011930214230465586
2020-12-14,-0.0011820005063273298
2020-12-15,0.010153574917673547
2020-12-16,0.0022730405101947238
2020-12-17,0.006661681458792534
2020-12-18,-0.005338530011044451
2020-12-21,-0.006274753699647584
2020-12-22,-0.0013223359372609433
2020-12-23,0.003115057516603237
2020-12-24,0.003433029863014303
2020-12-28,0.0033203456419785837
2020-12-29,-0.00027555863960671
2020-12-30,0.0030257510657567543
2020-12-31,0.0023691667579237574
2021-01-04,-0.009232429758657679
2021-01-05,0.00886389394237952
2021-01-06,0.002929316109879343
2021-01-07,0.0030187959960976674
2021-01-08,0.005962524988174289
2021-01-11,-0.008431945130675245
2021-01-12,0.005210507145043897
2021-01-13,0.0028758879648980162
2021-01-14,0.003449023292270148
2021-01-15,-0.004614085650690769
2021-01-19,0.003228804619478831
2021-01-20,0.008161104914783834
2021-01-21,-0.0010398059344106647
2021-01-22,-0.00427908106337016
2021-01-25,0.0049934225782322095
2021-01-26,0.0017209422814115083
2021-01-27,-0.01330940317678897
2021-01-28,0.0026577610892186687
2021-01-29,-0.010589475514447555
2021-02-01,0.014320964486626009
2021-02-02,0.007094520009751859
2021-02-03,0.0010597614197023209
2021-02-04,0.004809101653916459
2021-02-05,0.0033253909045229957
2021-02-08,0.0071574027520091565
2021-02-09,0.002550842988041424
2021-02-10,0.000443419323738814
2021-02-11,0.0015720529554188456
2021-02-12,0.0039529663183586194
2021-02-16,0.0009876116025395731
2021-02-17,-0.0006342831339105626
2021-02-18,-0.0034206854055460756
2021-02-19,0.0004511608958654989
2021-02-22,0.0037518944490906314
2021-02-23,0.002786841474540669
2021-02-24,0.007152902552313378
2021-02-25,-0.016331276983162057
2021-02-26,-0.009217632206690918
2021-03-01,0.007535731297976245
2021-03-02,-0.002506249251407966
2021-03-03,-0.0048944070877576795
2021-03-04,-0.004542840153390015
2021-03-05,0.011001817486332666
2021-03-08,-0.0035212452351517376
2021-03-09,0.007806945104874341
2021-03-10,0.005798219860606135
2021-03-11,0.008361955944500732
2021-03-12,0.0017461730771695105
2021-03-15,0.0038748962699077794
2021-03-16,-0.0015683439962043133
2021-03-17,0.0016990222918908948
2021-03-18,-0.01752343768904907
2021-03-19,0.0016492847218350093
2021-03-22,0.0034929877753109295
2021-03-23,-0.009248915479665887
2021-03-24,0.0023381140212486162
2021-03-25,-0.00019327831544646568
2021-03-26,0.014187837143548432
2021-03-29,-0.002494396964494383
2021-03-30,-0.003947536840547605
2021-03-31,-0.0004628493786229537
2021-04-01,0.012671834234078583
2021-04-05,0.00301701841564439
2021-04-06,-5.964767641331026e-05
2021-04-07,0.0012691682078673772
2021-04-08,0.003104940321959182
2021-04-09,0.0005927744278275693
2021-04-12,0.00013389733555646544
2021-04-13,0.005714867691005487
2021-04-14,0.0027435032175622265
2021-04-15,0.009853877912887832
2021-04-16,0.001670693534611356
2021-04-19,-0.0009225260605265628
2021-04-20,-0.0031629465107850807
2021-04-21,0.0045886360927938075
2021-04-22,-0.0018086508746075758
2021-04-23,0.006716380056176252
2021-04-26,0.0023192077721010396
2021-04-27,0.00018849667537823578
2021-04-28,0.0006202190978761291
2021-04-29,0.004062451655431509
2021-04-30,-0.004501040346758578
2021-05-03,0.004817886598437404
2021-05-04,-0.0021511512301090052
2021-05-05,0.00045548356095559406
2021-05-06,0.005425490562160462
2021-05-07,0.008366126893379011
2021-05-10,-0.0048916298710781625
2021-05-11,-0.005114410070970132
2021-05-12,-0.013684782942442908
2021-05-13,0.0015267362575570598
2021-05-14,0.010867504694019425
2021-05-17,0.0016045379674907156
2021-05-18,-0.0022140001848254265
2021-05-19,-0.007596424848012373
2021-05-20,0.005767363821900906
2021-05-21,0.0018482028841910747
2021-05-24,0.008697809811850865
2021-05-25,-0.00037402487215376645
2021-05-26,0.0012599706232321317
2021-05-27,0.002821370267085399
2021-05-28,0.0013662299155872137
2021-06-01,0.007657629163881019
2021-06-02,0.004604563295820929
2021-06-03,-0.004645735587388344
2021-06-04,0.006955118892482348
2021-06-07,0.0029827218873772487
2021-06-08,0.004171890719264715
2021-06-09,-0.0008802171152388905
2021-06-10,0.0043551881203174325
2021-06-11,-0.0009101917938890702
2021-06-14,-0.00019612948155767196
2021-06-15,-0.003065813365736969
2021-06-16,-0.006179735198411418
2021-06-17,-0.0061850704374932786
2021-06-18,-0.007109353128059603
2021-06-21,0.011412913926112767
2021-06-22,0.0007419797270367123
2021-06-23,-0.0010019082309975502
2021-06-24,0.0033851146004093557
2021-06-25,0.0012332711367217808
2021-06-28,-0.0009359447819828892
2021-06-29,0.0006630796215705281
2021-06-30,-0.0002182476561961577
2021-07-01,0.003099514766272904
2021-07-02,0.005407648850383362
2021-07-06,-0.004624775627976696
2021-07-07,0.0006458732355854035
2021-07-08,-0.0025659429396740485
2021-07-09,0.010135133645330141
2021-07-12,0.0034977596998353455
2021-07-13,-0.003483298314206129
2021-07-14,0.0010522124545513378
2021-07-15,-0.002469505646856107
2021-07-16,-0.0031989823606723977
2021-07-19,-0.016518905639603565
2021-07-20,0.011738382349822496
2021-07-21,0.007484039451131963
2021-07-22,0.0009609302859716617
2021-07-23,0.005849433616704092
2021-07-26,0.002192126627924118
2021-07-27,-0.0008764606874862579
2021-07-28,0.0011886095724131795
2021-07-29,0.005163464184148481
2021-07-30,-0.0023007950427735846
2021-08-02,-0.0011251435364786344
2021-08-03,0.0024413547597417207
2021-08-04,-0.005501088408923938
2021-08-05,0.006810579997619692
2021-08-06,-0.003596976318633871
2021-08-09,-0.004573042990739573
2021-08-10,0.002038785558906797
2021-08-11,0.005045210169282166
2021-08-12,-8.447065555095001e-05
2021-08-13,0.0026681403419679395
2021-08-16,-0.0008678081032755802
2021-08-17,-0.005711288977287898
2021-08-18,-0.007224187665550441
2021-08-19,-0.0030336628022045176
2021-08-20,-0.0015301754735074224
2021-08-23,0.010467752289842647
2021-08-24,0.00350986531102615
2021-08-25,0.001372140059003435
2021-08-26,-0.003727926669479631
2021-08-27,0.008891159919394154
2021-08-30,0.003951075480183697
2021-08-31,-0.0007601215579478016
2021-09-01,0.004267311119935613
2021-09-02,0.005023985303180156
2021-09-03,0.000622232133648204
2021-09-07,-0.005883092012981761
2021-09-08,0.0012037456723483775
2021-09-09,-0.006164781122392382
2021-09-10,-0.00296481278304217
2021-09-13,0.005220739608456926
2021-09-14,-0.0016138542995138838
2021-09-15,0.005839194119189983
2021-09-16,-0.00251135172695649
2021-09-17,-0.008570586829215299
2021-09-20,-0.009582633641147309
2021-09-21,0.001979236047033206
2021-09-22,0.007367746411262255
2021-09-23,0.005453961733413948
2021-09-24,-0.003383899485454478
2021-09-27,-0.0012065617340411006
2021-09-28,-0.012074838827754064
2021-09-29,0.0017887361580164463
2021-09-30,-0.004963834703980652
2021-10-01,0.00916395986468288
2021-10-04,-0.001667917702983357
2021-10-05,0.003943860449022951
2021-10-06,-0.001885220649668784
2021-10-07,0.00556033806793188
2021-10-08,-0.0020422392661874067
2021-10-11,-0.0007363583581574407
2021-10-12,0.0031409223908533956
2021-10-13,0.005667716836992298
2021-10-14,0.01032184496931543
2021-10-15,0.0037262364850276786
2021-10-18,-0.0012087591764973205
2021-10-19,0.0026039229561667376
2021-10-20,0.006770241098969176
2021-10-21,-0.0037161335434166
2021-10-22,0.0033683698520081684
2021-10-25,0.002580773755842536
2021-10-26,0.0016538366982812303
2021-10-27,-0.005944332543657005
2021-10-28,0.007172210316108707
2021-10-29,-0.003943677848914806
2021-11-01,0.004752635545326234
2021-11-02,0.0023874915338846225
2021-11-03,-0.00225099697501141
2021-11-04,-0.0011977618414655833
2021-11-05,0.005871987322262129
2021-11-08,0.00034102286166959317
2021-11-09,0.0017581977696465856
2021-11-10,-0.009181515596981882
2021-11-11,0.0018740139844428683
2021-11-12,0.0025896281889148387
2021-11-15,0.00042135925570452315
2021-11-16,-0.0014305878490434853
2021-11-17,-0.0011744806820280784
2021-11-18,0.0016930649292772326
2021-11-19,-0.005918212305906723
2021-11-22,-0.0027468693100785035
2021-11-23,0.0044688797981764505
2021-11-24,0.001505168376945587
2021-11-26,-0.024860990472212685
2021-11-29,0.004476857287789127
2021-11-30,-0.013704105325042959
2021-12-01,-0.00799097106302149
2021-12-02,0.012856856029289876
2021-12-03,-0.0018181170205471275
2021-12-06,0.010263595902489264
2021-12-07,0.013499701673267417
2021-12-08,0.0043813017037557245
2021-12-09,-0.008452008209838269
2021-12-10,0.005347297429794118
2021-12-13,-0.0018000672684779229
2021-12-14,-0.0071092940452293085
2021-12-15,0.009339076457341333
2021-12-16,-3.003027458414742e-05
2021-12-17,-0.006819372448704453
2021-12-20,-0.00568466167701398
2021-12-21,0.01145159160545095
2021-12-22,0.008467955256480808
2021-12-23,0.0028691871248514023
2021-12-27,0.01036474660798481
2021-12-28,0.00023128985932019397
2021-12-29,0.0014601974470236367
2021-12-30,-0.000504111291238396
2021-12-31,-0.001312354412842942
2022-01-03,-0.00020268747183938007
2022-01-04,0.00312319496752278
2022-01-05,-0.01302516276703225
2022-01-06,0.00019345517488922326
2022-01-07,-0.0018078735785388433
2022-01-10,-0.004154193557449504
2022-01-11,0.008649018384587537
2022-01-12,0.004343692450232695
2022-01-13,-0.0060875144781492585
2022-01-14,-0.0007075406368116655
2022-01-18,-0.008546976380220617
2022-01-19,-0.0033703413837455898
2022-01-20,-0.006052092460819947
2022-01-21,-0.005798603129779978
2022-01-24,-0.0013193714404594603
2022-01-25,-0.0029404766016349893
2022-01-26,-0.005347052174929923
2022-01-27,-0.003390454596115311
2022-01-28,0.012749988673713908
2022-01-31,0.009674910174428897
2022-02-01,0.0030781632489980115
2022-02-02,0.007194672045785611
2022-02-03,-0.01041016961737884
2022-02-04,-0.0005018781624132052
2022-02-07,-9.06939131161133e-05
2022-02-08,-0.0006702579967520217
2022-02-09,0.012990327048866268
2022-02-10,-0.01374761027700766
2022-02-11,-0.0037490339332413303
2022-02-14,-0.004132402776956701
2022-02-15,0.004742303444418949
2022-02-16,0.00260079906874755
2022-02-17,-0.006944569179249127
2022-02-18,-0.0019223395693322987
2022-02-22,-0.00231868940898472
2022-02-23,-0.007630050392136378
2022-02-24,0.006091274081765352
2022-02-25,0.011288810431186791
2022-02-28,-0.0017127088506513344
2022-03-01,0.001381244068262566
2022-03-02,0.013431301366110482
2022-03-03,-0.00026565982706061586
2022-03-04,0.003956216293314219
2022-03-07,-0.012709976569440173
2022-03-08,0.0013850960114267785
2022-03-09,-0.0007865060907831234
2022-03-10,-0.006131908603837277
2022-03-11,-0.002896049579108828
2022-03-14,-0.009703105938346779
2022-03-15,0.0026140106688434805
2022-03-16,0.012012210004688217
2022-03-17,0.01630476403075032
2022-03-18,0.005671266015288223
2022-03-21,0.0022579487868861214
2022-03-22,0.003170795015940975
2022-03-23,-0.0011638295393633369
2022-03-24,0.0030225388012186105
2022-03-25,0.003015842043779804
2022-03-28,-0.005468171223408591
2022-03-29,0.014782616891178213
2022-03-30,0.0009338208442319917
2022-03-31,-0.012155655331777093
2022-04-01,0.006303054093667493
2022-04-04,0.005233451868602357
2022-04-05,-0.010237604358703356
2022-04-06,-0.0042625437849134196
2022-04-07,-0.00038364519913414163
2022-04-08,0.0013584747548087694
2022-04-11,-0.010293188122751817
2022-04-12,0.004377433429280542
2022-04-13,0.010718346192419403
2022-04-14,-0.004541181081516021
2022-04-18,-0.00015933680346202905
2022-04-19,0.0020094963573635827
2022-04-20,0.006292927467650644
2022-04-21,-0.00789662908660349
2022-04-22,-0.016007891453547307
2022-04-25,-0.0003832455883450159
2022-04-26,-0.010655777763023955
2022-04-27,0.0004037751467342865
2022-04-28,0.012923254789521277
2022-04-29,-0.0215058142981166
2022-05-02,-0.0025565760063824827
2022-05-03,0.0022627743840852865
2022-05-04,0.019418967285114386
2022-05-05,-0.02198580907054748
2022-05-06,-0.006436378659858244
2022-05-09,-0.028870136203338115
2022-05-10,-0.0022050398303934404
2022-05-11,0.0013296780351572668
2022-05-12,0.002500946382051339
2022-05-13,0.01729319821785391
2022-05-16,0.002197964195869595
2022-05-17,0.006827306831824975
2022-05-18,-0.02159238792190854
2022-05-19,0.0031770984213250753
2022-05-20,0.003963202558289414
2022-05-23,0.009707216460597579
2022-05-24,0.0014072906718454181
2022-05-25,0.0053538369258254725
2022-05-26,0.008548340232931162
2022-05-27,0.015341761165196255
2022-05-31,-0.008170364441736355
2022-06-01,-0.005558859009526795
2022-06-02,0.01558168682961858
2022-06-03,-0.007342145356658669
2022-06-06,0.00013909228692932096
2022-06-07,0.007440790798200592
2022-06-08,-0.008567349361879417
2022-06-09,-0.013551860197522414
2022-06-10,-0.018953800479087346
2022-06-13,-0.030029786789989688
2022-06-14,-0.007826780404389333
2022-06-15,0.014255631885540243
2022-06-16,-0.014184356174970825
2022-06-17,-0.0059930288139881105
2022-06-21,0.00930864683650423
2022-06-22,-0.00012594528442610997
2022-06-23,0.002161234004636192
2022-06-24,0.017746243792052585
2022-06-27,-0.0034461381989431272
2022-06-28,-0.0052035610394945975
2022-06-29,-0.003943822873305858
2022-06-30,-0.007683542439694824
2022-07-01,0.009304064691868952
2022-07-05,-0.017244602643639584
2022-07-06,-0.004166267012733815
2022-07-07,0.013559501194147838
2022-07-08,0.0013019755411172174
2022-07-11,-0.004789200679216621
2022-07-12,-0.01124963126196954
2022-07-13,-0.00014957210821964217
2022-07-14,-0.008026248527172375
2022-07-15,0.013669757484122913
2022-07-18,0.0009269519595187514
2022-07-19,0.015852107417335892
2022-07-20,-0.0008884011442187312
2022-07-21,0.004580152810344629
2022-07-22,-0.0014271854304980236
2022-07-25,0.0050035631116540635
2022-07-26,-0.0044352081555096845
2022-07-27,0.016065543175116215
2022-07-28,0.01213603640978933
2022-07-29,0.007760815924031661
2022-08-01,-0.004762800599298012
2022-08-02,-0.010855926485164757
2022-08-03,0.004064512265662179
2022-08-04,-0.0005492054196752916
2022-08-05,-0.0048096048595666074
2022-08-08,0.005624333017897776
2022-08-09,0.00033103041560988977
2022-08-10,0.014618874360678547
2022-08-11,0.0020159205587126916
2022-08-12,0.008052929268188791
2022-08-15,-0.0013062164436156154
2022-08-16,-0.0026461757713283074
2022-08-17,-0.004808022149693114
2022-08-18,0.0020135303549539962
2022-08-19,-0.00933993908989239
2022-08-22,-0.011040866324925513
2022-08-23,-0.0001474472369001889
2022-08-24,0.0034668781527018577
2022-08-25,0.006458258260636063
2022-08-26,-0.01644990720126005
2022-08-29,-0.0017560466791094465
2022-08-30,-0.012039603722782566
2022-08-31,-0.008838430046777312
2022-09-01,-0.00758694102550439
2022-09-02,-0.0037407151931200255
2022-09-06,-0.002888257111857806
2022-09-07,0.005778484877846379
2022-09-08,0.0020323608442456287
2022-09-09,0.01605458547500538
2022-09-12,0.009157706272265642
2022-09-13,-0.025519242822010013
2022-09-14,8.822225985483101e-05
2022-09-15,-0.014255539343960844
2022-09-16,-0.0032750856909409265
2022-09-19,0.0020648725284420077
2022-09-20,-0.012041082235297762
2022-09-21,-0.009663695419225515
2022-09-22,-0.007256421131052182
2022-09-23,-0.018901082225435406
2022-09-26,-0.01852692434823111
2022-09-27,-0.0037847556199357424
2022-09-28,0.02301077262339346
2022-09-29,-0.014575475484027045
2022-09-30,-0.0045827095101002024
2022-10-03,0.019721010348135337
2022-10-04,0.02404846493693391
2022-10-05,-0.004858228148428179
2022-10-06,-0.010989566482615176
2022-10-07,-0.012472286477657746
2022-10-10,-0.007940175282838191
2022-10-11,-0.0038045805130711985
2022-10-12,-0.0027371255907294723
2022-10-13,0.01505249717723367
2022-10-14,-0.017542883775735207
2022-10-17,0.017247816293527007
2022-10-18,0.004411608936649936
2022-10-19,-0.011040644644178199
2022-10-20,-0.004323711187997348
2022-10-21,0.01076157135642064
2022-10-24,0.0027555046529263993
2022-10-25,0.019087149517151625
2022-10-26,0.00498392069746223
2022-10-27,-0.0009300927788480351
2022-10-28,0.007736179610349669
2022-10-31,-0.005867990735242912
2022-11-01,0.003619241856738231
2022-11-02,-0.011976277188520124
2022-11-03,-0.0050561521805536636
2022-11-04,0.019929398272472643
2022-11-07,9.755585807513789e-05
2022-11-08,0.002851765921665139
2022-11-09,-0.01288857597845805
2022-11-10,0.042997951376982924
2022-11-11,0.009266893906591855
2022-11-14,-0.012155361201946824
2022-11-15,0.009056647930531181
2022-11-16,-0.004582055544293251
2022-11-17,-0.006751003814705836
2022-11-18,0.0018100298207197607
2022-11-21,-0.0020135286154138177
2022-11-22,0.009795050096183644
2022-11-23,0.0019227380994797372
2022-11-25,0.00043685103868074115
2022-11-28,-0.012220355790131254
2022-11-29,0.005322018644794202
2022-11-30,0.020747017419422864
2022-12-01,0.0025187634300529727
2022-12-02,-0.0026786763843188455
2022-12-05,-0.01706799176600382
2022-12-06,-0.0076268408398774135
2022-12-07,0.0008207624078317988
2022-12-08,0.0025232314449235016
2022-12-09,-0.002982545591017849
2022-12-12,0.006909160517487578
2022-12-13,0.013214091965727315
2022-12-14,-0.0007252999371409885
2022-12-15,-0.014708596868266421
2022-12-16,-0.012327215752778842
2022-12-19,-0.006730940700260479
2022-12-20,2.601480578845461e-05
2022-12-21,0.009600757158491957
2022-12-22,-0.007934535719499536
2022-12-23,0.0063582796729189095
2022-12-27,-0.0003606344078721513
2022-12-28,-0.01079765420085499
2022-12-29,0.011831546910102242
2022-12-30,-0.003058501140188241
2023-01-03,-0.0021858816011588456
2023-01-04,0.00668839783931463
2023-01-05,-0.01097325144058281
2023-01-06,0.018761568053100364
2023-01-09,0.0036641813624849195
2023-01-10,0.0011763801087691927
2023-01-11,0.016077064806161667
2023-01-12,0.009630982221799922
2023-01-13,0.0014780427347116376
2023-01-17,0.0015763368695040914
2023-01-18,-0.006254450177060722
2023-01-19,-0.0012320722060787936
2023-01-20,0.007733070522825347
2023-01-23,0.00396496881684727
2023-01-24,6.795975893703066e-05
2023-01-25,0.0011563240551435428
2023-01-26,0.004760343145996382
2023-01-27,-0.00021496662094411256
2023-01-30,-0.009558501091704752
2023-01-31,0.012741463342226922
2023-02-01,0.002767469264465028
2023-02-02,0.005605451415830354
2023-02-03,-0.014941923341032393
2023-02-06,-0.005877977735681772
2023-02-07,0.007176965495773846
2023-02-08,-0.0032228562886853496
2023-02-09,-0.006015426681593827
2023-02-10,0.002163628485219782
2023-02-13,0.006188405819360199
2023-02-14,-0.0015559583903470564
2023-02-15,-0.002190802757627952
2023-02-16,-0.0069461599300486565
2023-02-17,-0.0016974275326517851
2023-02-21,-0.01214972358864519
2023-02-22,-0.0054421273855268515
2023-02-23,0.005894624994596365
2023-02-24,-0.010858711377214725
2023-02-27,0.004131029709160794
2023-02-28,-0.0015737374568349782
2023-03-01,-0.0004023391337373283
2023-03-02,0.002753379868044803
2023-03-03,0.013963285801253944
2023-03-06,-0.00248582331064906
2023-03-07,-0.015175910624206757
2023-03-08,0.0025712237780612934
2023-03-09,-0.010936753475109029
2023-03-10,-0.005832016735857648
2023-03-13,0.0022064405161013045
2023-03-14,0.0034855703294502938
2023-03-15,-0.009343012803163298
2023-03-16,0.00503493898632712
2023-03-17,-0.0075944599343545915
2023-03-20,0.007305485002301104
2023-03-21,0.003743077619716262
2023-03-22,-0.008432593355449658
2023-03-23,-7.47052624594513e-05
2023-03-24,0.006908442583208441
2023-03-27,0.003354069911293278
2023-03-28,-1.7949599017019757e-05
2023-03-29,0.008111586237845803
2023-03-30,0.007886402991717834
2023-03-31,0.011072616888836206
2023-04-03,0.004998543441105063
2023-04-04,-0.0003044598616496197
2023-04-05,-0.0013874853913488083
2023-04-06,0.002575136383474952
2023-04-10,-0.0009859031815664387
2023-04-11,0.002565989215044917
2023-04-12,0.001654070740217728
2023-04-13,0.003950135543148381
2023-04-14,-0.005146527007055535
2023-04-17,0.0024157377080498144
2023-04-18,0.0014995714049546027
2023-04-19,-0.0026947814821820515
2023-04-20,-0.0036566830052398025
2023-04-21,0.0002861838183889631
2023-04-24,0.002543807803957021
2023-04-25,-0.008820502518201101
2023-04-26,-0.006738418551490266
2023-04-27,0.009934648156120662
2023-04-28,0.007459389354563584
2023-05-01,-0.006040966895730637
2023-05-02,-0.00961227191436731
2023-05-03,-0.002849874575788003
2023-05-04,0.0005789003216190025
2023-05-05,0.01337764679508413
2023-05-08,-0.0013039483811796426
2023-05-09,-0.002173634305075778
2023-05-10,0.0033331436650521074
2023-05-11,-0.005730952229998421
2023-05-12,-0.0034174139701232953
2023-05-15,0.0037232482431019953
2023-05-16,-0.011065799813201993
2023-05-17,0.007774413409383563
2023-05-18,-0.002410846560612634
2023-05-19,-0.0004485790529438205
2023-05-22,0.0011629276996920623
2023-05-23,-0.005945171758662826
2023-05-24,-0.009079813805158876
2023-05-25,-0.00299870502896582
2023-05-26,0.0104252536772933
2023-05-30,-0.004277181098173322
2023-05-31,-0.003656605420980563
2023-06-01,0.008702876271783122
2023-06-02,0.01134956326852965
2023-06-05,-0.0035075253791799765
2023-06-06,0.004400937102708502
2023-06-07,0.0005420161315483618
2023-06-08,0.003752333645886008
2023-06-09,-0.00307912428512902
2023-06-12,0.0003199369591841972
2023-06-13,0.005755769632341146
2023-06-14,0.0024394509752709848
2023-06-15,0.011430692261610309
2023-06-16,0.0003979007894314712
2023-06-20,-0.007235039711481872
2023-06-21,0.0011793438795284494
2023-06-22,-0.008264578273953216
2023-06-23,-0.008689033196713214
2023-06-26,0.004805803318716384
2023-06-27,0.0024599321174019195
2023-06-28,0.0007193158438891789
2023-06-29,0.0007712545290257111
2023-06-30,0.008059025990993174
2023-07-03,0.001113622782412449
2023-07-05,-0.0018195609426350234
2023-07-06,-0.008640630727813292
2023-07-07,0.0019523098633209557
2023-07-10,0.0034012813119830287
2023-07-11,0.008690915725145132
2023-07-12,0.009927666830206405
2023-07-13,0.010568310268934678
2023-07-14,-0.003979167034249165
2023-07-17,-0.002126509987144365
2023-07-18,0.004563654623384927
2023-07-19,0.004370005891308315
2023-07-20,-0.004008113206082631
2023-07-21,0.002592437859824548
2023-07-24,0.005142124548173976
2023-07-25,-0.0003077612649989847
2023-07-26,0.0011857745697032573
2023-07-27,-0.00876435936197928
2023-07-28,0.005092979918081886
2023-07-31,0.0027906702651874227
2023-08-01,-0.005621828857239053
2023-08-02,-0.01106875149890929
2023-08-03,-0.0029045826313727208
2023-08-04,0.0004786327700962989
2023-08-07,0.005524812107326804
2023-08-08,-0.0025829055150372593
2023-08-09,0.00010920241277889708
2023-08-10,-0.002433487740870488
2023-08-11,-0.002537321391492542
2023-08-14,-0.002396248734442663
2023-08-15,-0.00982567624221986
2023-08-16,-0.0071691799702225945
2023-08-17,-0.0043063993496056385
2023-08-18,0.002759599299038573
2023-08-21,-0.001528111432610002
2023-08-22,-0.00016295820521239346
2023-08-23,0.010139566464044458
2023-08-24,-0.006832178603395023
2023-08-25,0.004822396483860958
2023-08-28,0.005474725100598432
2023-08-29,0.009958829478021736
2023-08-30,0.0016587277167252612
2023-08-31,-0.0013302981349386789
2023-09-01,0.0017281016602352928
2023-09-05,-0.0051709694096978565
2023-09-06,-0.0022176472488103505
2023-09-07,0.00027841874144929335
2023-09-08,-0.0003206445056485041
2023-09-11,0.004272996578652322
2023-09-12,-0.0010223471243991922
2023-09-13,-0.001704403557074019
2023-09-14,0.009172920435145615
2023-09-15,-0.004704308802686796
2023-09-18,-0.0022462549012107758
2023-09-19,-0.0017335553111181845
2023-09-20,-0.003933166406169808
2023-09-21,-0.01556025404696415
2023-09-22,-0.0008433412620812986
2023-09-25,-0.0026522381710640808
2023-09-26,-0.009489130775807597
2023-09-27,-0.0014208926919121456
2023-09-28,0.0050187461619386475
2023-09-29,-0.0025701618145699268
2023-10-02,-0.00983451767648813
2023-10-03,-0.011629127763166158
2023-10-04,-0.00013579159382171024
2023-10-05,0.002024829113610238
2023-10-06,0.0047323648321500045
2023-10-09,0.00986433769965478
2023-10-10,0.003860313536557358
2023-10-11,0.005068803009739664
2023-10-12,-0.007820561060338904
2023-10-13,0.0031865306875100696
2023-10-16,0.004088915168928953
2023-10-17,-0.0015834251425800305
2023-10-18,-0.009592705092542397
2023-10-19,-0.0071799263992369244
2023-10-20,-0.005936512661084747
2023-10-23,-0.0024908990390868357
2023-10-24,0.0033975946598536755
2023-10-25,-0.00893767429837189
2023-10-26,-0.0002194619378139695
2023-10-27,-0.0017373606367024896
2023-10-30,0.0022588095319466817
2023-10-31,0.004212672137317464
2023-11-01,0.007885994194176016
2023-11-02,0.017864500705742747
2023-11-03,0.009197235701841944
2023-11-06,-0.003784110403831864
2023-11-07,-0.005442738670700664
2023-11-08,-0.0008805592022278486
2023-11-09,-0.007219696192071634
2023-11-10,0.007109622283395511
2023-11-13,0.0014533397323559516
2023-11-14,0.022635740229485668
2023-11-15,-0.0021659449204762815
2023-11-16,-0.003645199282575673
2023-11-17,0.005812806035010221
2023-11-20,0.006560998638404758
2023-11-21,-0.0012118550632395086
2023-11-22,0.00048261630434609515
2023-11-24,-0.00013831983695899996
2023-11-27,-0.00014419718352143285
2023-11-28,0.0048827961862552005
2023-11-29,0.004123495491036744
2023-11-30,-0.0022654658970976405
2023-12-01,0.009163039694258135
2023-12-04,-0.0033221616332880233
2023-12-05,-0.002462761391801349
2023-12-06,-0.004833958109474401
2023-12-07,0.0031067367076496044
2023-12-08,0.0007086643466880371
2023-12-11,0.0011478387635976972
2023-12-12,-0.0014894648496338592
2023-12-13,0.018607512818608507
2023-12-14,0.012897279443465193
2023-12-15,-0.004916123901339553
2023-12-18,0.0021612733136526785
2023-12-19,0.006331965403824524
2023-12-20,-0.00855886026818109
2023-12-21,0.006950187747470915
2023-12-22,0.0008241442730894111
2023-12-26,0.0053424099248209345
2023-12-27,0.003066125059632663
2023-12-28,-0.001498887089772749
2023-12-29,-0.004327055179421224
2024-01-02,-0.004002016407781084
2024-01-03,-0.004934790538918654
2024-01-04,-0.0028496794488083177
2024-01-05,0.00016861177588434195
2024-01-08,0.005617909956308731
2024-01-09,-0.002067605407994999
2024-01-10,0.00097676757277676
2024-01-11,0.0005455979052273463
2024-01-12,0.0034424499187324376
2024-01-16,-0.008905210010049402
2024-01-17,-0.007598177563941322
2024-01-18,0.0033094375932960496
2024-01-19,0.005004721125928091
2024-01-22,0.003684146324187232
2024-01-23,-0.0007607158176218265
2024-01-24,2.4674396524648756e-05
2024-01-25,0.006580684863643826
2024-01-26,0.0006047206170181063
2024-01-29,0.0035779840939704766
2024-01-30,-0.0006907977401999776
2024-01-31,-0.006656595853696601
2024-02-01,0.007039404649235026
2024-02-02,-0.0068531759022071315
2024-02-05,-0.0071236251218853575
2024-02-06,0.006308188069342524
2024-02-07,0.0018287434453738705
2024-02-08,0.001808068481106817
2024-02-09,0.0023373436295941463
2024-02-12,0.0005861304088354835
2024-02-13,-0.013306333994783981
2024-02-14,0.004467880448411732
2024-02-15,0.009306326627919415
2024-02-16,-0.0031706319121922455
2024-02-20,-0.0013820424129991071
2024-02-21,0.0016386085937256656
2024-02-22,0.007337916497504704
2024-02-23,-0.0016927202460982338
2024-02-26,-0.0016787093455253865
2024-02-27,0.002254497786174703
2024-02-28,0.0005167461236794679
2024-02-29,0.0030878008402486223
2024-03-01,0.00812110245096842
2024-03-04,0.0013334260662103414
2024-03-05,-0.0051074328445431805
2024-03-06,0.006495633073198448
2024-03-07,0.00518302204101917
2024-03-08,-4.7514245047119985e-05
2024-03-11,-0.0008008511214623315
2024-03-12,0.001945928536715602
2024-03-13,0.0010256612919035124
2024-03-14,-0.005721237913735466
2024-03-15,-0.0013625130497249005
2024-03-18,0.0028399275429482618
2024-03-19,0.0018866919209274968
2024-03-20,0.005243043164540051
2024-03-21,0.0017667718114349196
2024-03-22,-0.003748364399343007
2024-03-25,-0.0010741875457809247
2024-03-26,-0.0022282979271160963
2024-03-27,0.008614838323026008
2024-03-28,0.003117624905542238
2024-04-01,-0.0053965311295171015
2024-04-02,-0.0037942992738304593
2024-04-03,0.004190734037937904
2024-04-04,-0.004213148210161499
2024-04-05,0.0034430891368564254
2024-04-08,0.0027114317354215434
2024-04-09,0.0025697096928112284
2024-04-10,-0.01467431984228762
2024-04-11,0.002093660371429218
2024-04-12,-0.007294435488008566
2024-04-15,-0.007479834488550718
2024-04-16,-0.006284011290721092
2024-04-17,-0.004377112649241455
2024-04-18,-0.0017237830013510091
2024-04-19,0.0005030025269705529
2024-04-22,0.005966275087131878
2024-04-23,0.007504702718496237
2024-04-24,-0.0009666385438455993
2024-04-25,-0.002476584009042715
2024-04-26,0.004317367928779792
2024-04-29,0.004161275280797128
2024-04-30,-0.012554296950079924
2024-05-01,-0.0031422238743648023
2024-05-02,0.0090217932027008
2024-05-03,0.007194246213546807
2024-05-06,0.006026872179862419
2024-05-07,0.0029752869652477365
2024-05-08,-0.003476549183724753
2024-05-09,0.008149355229545074
2024-05-10,-0.0009099253929958362
2024-05-13,0.0022048975353303746
2024-05-14,0.0036719794086570445
2024-05-15,0.009568298303147094
2024-05-16,-0.0015049277656689064
2024-05-17,0.002373220125115205
2024-05-20,0.0006680471713731428
2024-05-21,-0.00022164805793734033
2024-05-22,-0.0073816477647364875
2024-05-23,-0.008516686674902463
2024-05-24,0.004730416118149394
2024-05-28,0.0011834252234237397
2024-05-29,-0.009561285047869905
2024-05-30,0.0016462096258014203
2024-05-31,0.00747462440511093
2024-06-03,-0.0012444388834502718
2024-06-04,0.0006253173064776352
2024-06-05,0.004963908258326377
2024-06-06,0.0036115381811310243
2024-06-07,-0.009266015516051884
2024-06-10,0.0036016966622480773
2024-06-11,-0.0017252848881926797
2024-06-12,0.007600826854988307
2024-06-13,-0.00015944988698846085
2024-06-14,-0.0024273013659140696
2024-06-17,0.001356702302689916
2024-06-18,0.004601867980350338
2024-06-20,-0.0010562736582364618
2024-06-21,-0.0027512982328955493
2024-06-24,0.0042979690133106985
2024-06-25,-0.0029297065407744016
2024-06-26,-0.0027088147164651133
2024-06-27,0.0038952830383243153
2024-06-28,-0.0008781759725196014
2024-07-01,-3.489149954905013e-05
2024-07-02,0.00379430910947387
2024-07-03,0.0054225806313179525
2024-07-05,0.004913781006856022
2024-07-08,-0.002752821628057789
2024-07-09,-0.0022964272288399368
2024-07-10,0.006470674219676953
2024-07-11,0.00651325905560074
2024-07-12,0.004569750882421841
2024-07-15,-0.0019627359097653674
2024-07-16,0.004985889668534194
2024-07-17,-0.0023323222722430037
2024-07-18,-0.007320967670386147
2024-07-19,-0.006254928532275383
2024-07-22,0.00659595630404497
2024-07-23,-0.0033039160538298473
2024-07-24,-0.010553306994303902
2024-07-25,-0.0020666584929485143
2024-07-26,0.007151283198558289
2024-07-29,-0.00030374045634307123
2024-07-30,0.0008016709513565257
2024-07-31,0.011436303807875525
2024-08-01,-0.007699649494141481
2024-08-02,-0.007533241364568899
2024-08-05,-0.015910901713060754
2024-08-06,0.0026709707458592025
2024-08-07,-0.0005709301869357697
2024-08-08,0.011111789927384264
2024-08-09,0.0045791788055988825
2024-08-12,0.0017900722895665133
2024-08-13,0.007463687556471532
2024-08-14,0.0009071493491201732
2024-08-15,0.006064551197703771
2024-08-16,0.000576313797512551
2024-08-19,0.005203704499398665
2024-08-20,-0.0011987172330207851
2024-08-21,0.003011496764883992
2024-08-22,-0.0032501280312545733
2024-08-23,0.01467406252082748
2024-08-26,0.00036324945896892835
2024-08-27,0.0004411134568791386
2024-08-28,-0.005145624423276818
2024-08-29,0.0020627241927391182
2024-08-30,0.0011923175000558839
2024-09-03,-0.010054106215238945
2024-09-04,-0.0010142984175212089
2024-09-05,-0.00015141803925278197
2024-09-06,-0.009729686779560542
2024-09-09,0.007306665054953143
2024-09-10,0.0007123340298140768
2024-09-11,0.004488146184274511
2024-09-12,0.0076929192763564025
2024-09-13,0.004352206587314944
2024-09-16,0.004583568523140347
2024-09-17,-0.001416185935601555
2024-09-18,-0.003625867047595821
2024-09-19,0.010806468524663604
2024-09-20,-0.0031747228738010502
2024-09-23,0.0032033989203397173
2024-09-24,0.0055955804231926365
2024-09-25,-0.00534871453277197
2024-09-26,0.0014310385988249852
2024-09-27,0.0005374806296580825
2024-09-30,0.0006844180763232455
2024-10-01,-0.00031905281010446984
2024-10-02,0.00015748047320118808
2024-10-03,-0.0021984973617009684
2024-10-04,0.0006235791772302157
2024-10-07,-0.0026786996147833975
2024-10-08,-0.002591700558651211
2024-10-09,-0.0008166916572970306
2024-10-10,0.0015335525275355089
2024-10-11,0.0047073922493250375
2024-10-14,-3.4046731004599984e-05
2024-10-15,-0.0052571188358307985
2024-10-16,0.003355253890225507
2024-10-17,-0.0022963444978628678
2024-10-18,0.002753824302715868
2024-10-21,-0.007546999261388243
2024-10-22,0.0023364546217716775
2024-10-23,-0.003985504857026423
2024-10-24,0.002349207336860948
2024-10-25,-0.0016466047678203033
2024-10-28,-0.003018820957675583
2024-10-29,-0.002110056290803519
2024-10-30,0.001208066078221659
2024-10-31,-0.007321344088168424
2024-11-01,-0.0042781936545850385
2024-11-04,0.006360415909227868
2024-11-05,0.008410995626288775
2024-11-06,-0.006298209077718497
2024-11-07,0.010616777248838583
2024-11-08,-0.0015839551092606818
2024-11-11,-0.00450207052412388
2024-11-12,-0.009445935534709626
2024-11-13,-0.0007398473637032499
2024-11-14,-0.0028708182474341815
2024-11-15,-0.0040951220720639725
2024-11-18,0.00836663772777202
2024-11-19,0.0025215638624624948
2024-11-20,-0.0011140871395740604
2024-11-21,0.003922988745549194
2024-11-22,0.003218773663090202
2024-11-25,0.0037874636397203787
2024-11-26,0.0002598068846886292
2024-11-27,0.0014899051410510733
2024-11-29,0.004042618564699563
2024-12-02,-0.0034578748709276352
2024-12-03,0.0019126802867179826
2024-12-04,0.0005397186965123701
2024-12-05,-0.00012266651404480022
2024-12-06,-0.0008420770186924331
2024-12-09,0.0006315507092817807
2024-12-10,-0.00522954705325307
2024-12-11,0.0042725374159360285
2024-12-12,-0.004670243649966266
2024-12-13,-0.00219583469667739
2024-12-16,-0.0015198965750485849
2024-12-17,-0.003450399246398339
2024-12-18,-0.02248785467936254
2024-12-19,-0.004710257976852761
2024-12-20,0.007248188231120611
2024-12-23,0.0025484510575033426
2024-12-24,0.005525594662982414
2024-12-26,0.0010787708386632566
2024-12-27,-0.003985434500234364
2024-12-30,-0.0016033981566008215
2024-12-31,0.0016840941922611208
2025-01-02,-0.0008851861559258101
2025-01-03,0.004643316275233511
2025-01-06,0.000646198774468365
2025-01-07,-0.0042997011269215735
2025-01-08,0.0004878316633962765
2025-01-10,-0.007127711939594938
2025-01-13,0.003317802682602178
2025-01-14,0.002809916326164563
2025-01-15,0.012749799805481743
2025-01-16,0.004349924824967211
2025-01-17,0.0019472975770655765
2025-01-21,0.009287871945309556
2025-01-22,-0.003529802289096051
2025-01-23,0.002954619909151246
2025-01-24,0.0017225118754660151
2025-01-27,-0.0018905842251789595
2025-01-28,-0.0007597256291979049
2025-01-29,-0.003438341841327519
2025-01-30,0.0064093471064072816
2025-01-31,-0.004056012230421069
2025-02-03,-0.002369139155847688
2025-02-04,0.004881366380903973
2025-02-05,0.005439474622353835
2025-02-06,0.002005272926796975
2025-02-07,-0.004946028971256289
2025-02-10,0.005470203443489474
2025-02-11,0.0029906686596929966
2025-02-12,-0.005333847487142385
2025-02-13,0.009022531748139162
2025-02-14,0.00029717831712794407
2025-02-18,0.004782103350102762
2025-02-19,0.00048068644154830587
2025-02-20,0.0017197294542075081
2025-02-21,-0.008238366012838227
2025-02-24,-0.0005274279161310291
2025-02-25,0.0026300522768509804
2025-02-26,-0.001611645108606341
2025-02-27,-0.004607915806918328
2025-02-28,0.00479528245736649
2025-03-03,-0.0008831050797198925
2025-03-04,-0.004681669162530544
2025-03-05,0.007524662719444963
2025-03-06,-0.011899829263077533
2025-03-07,0.005912980827404324
2025-03-10,-0.01191200794597469
2025-03-11,-0.004303470614913207
2025-03-12,0.0012904122136525586
2025-03-13,-0.007861552857035381
2025-03-14,0.012156354518681356
2025-03-17,0.008742284115243804
2025-03-18,-0.0034558590955134916
2025-03-19,0.004881705552276072
2025-03-20,-0.001716055932113103
2025-03-21,-0.004721590586250768
2025-03-24,0.006196424052075988
2025-03-25,-6.383333731130314e-05
2025-03-26,-0.0049473539094821994
2025-03-27,-0.00022807867215812738
2025-03-28,-0.005113151444295361
2025-03-31,0.004860694669052368
2025-04-01,0.0017333038682392221
2025-04-02,0.004024708884765582
2025-04-03,-0.026968488046620664
2025-04-04,-0.040303522189663155
2025-04-07,-0.01567809907248352
2025-04-08,-0.01424197514507708
2025-04-09,0.05499741797499724
2025-04-10,-0.02133292272961851
2025-04-11,0.01280113198302435
2025-04-14,0.009968612958587197
2025-04-15,0.0019768281379393127
2025-04-16,-0.0020222338762846404
2025-04-17,0.006952422174314243
2025-04-21,-0.012795226395647452
2025-04-22,0.014277436145395672
2025-04-23,0.003028942798029677
2025-04-24,0.010491704906290034
2025-04-25,0.0030042599500745837
2025-04-28,0.0023218160599578486
2025-04-29,0.000880752383994432
2025-04-30,-0.002857407422281022
2025-05-01,0.0015631658957775407
2025-05-02,0.008781818071153857
2025-05-05,-0.0027597126996292687
2025-05-06,2.9399491371151498e-05
2025-05-07,-0.0015678658821792757
2025-05-08,0.0009446728470687837
2025-05-09,0.0037428382035604724
2025-05-12,0.008679929605932113
2025-05-13,0.0019657732423070673
2025-05-14,-0.004443668002147461
2025-05-15,0.006139530639394319
2025-05-16,0.003529401985010505
2025-05-19,0.0017746844874630963
2025-05-20,0.001383520855178677
2025-05-21,-0.011538754915284888
2025-05-22,-0.0012304551890445214
2025-05-23,0.0008336917115920883
2025-05-27,0.009601469560777565
2025-05-28,-0.004869856945126427
2025-05-29,0.0032770439446609956
2025-05-30,-0.0008623879671215695
2025-06-02,0.007075564724050576
2025-06-03,0.00032906285069023156
2025-06-04,0.002125895681148071
2025-06-05,-0.0009221957544041093
2025-06-06,0.0037121488528204516
2025-06-09,0.0009719333075821623
2025-06-10,0.0029946384170076445
2025-06-11,0.002070263326327204
2025-06-12,0.004178903297856307
2025-06-13,-0.0013543144906221771
2025-06-16,0.0017865869344426688
2025-06-17,0.0003159758744037955
2025-06-18,0.0016559775211271166
2025-06-20,-0.0012274420593694213
2025-06-23,-0.0001944493129724112
2025-06-24,0.001216506029380282
2025-06-25,-0.005990653638622723
2025-06-26,0.005061878605807868
2025-06-27,0.0017693641998457466
2025-06-30,0.0032463625054168777
2025-07-01,0.0017869015608193983
2025-07-02,0.0048122426994425815
2025-07-03,0.00106041284358116
2025-07-07,-0.006174442098416555
2025-07-08,0.0013987979802931871
2025-07-09,0.003537605798704213
2025-07-10,0.0009486950327628474
2025-07-11,-0.0009279206477887936
2025-07-14,-9.404134188750746e-05
2025-07-15,-0.0070311947446115575
2025-07-16,0.004186958547316877
2025-07-17,0.003071398864808783
2025-07-18,0.000636048460051386
2025-07-21,0.002529033633740463
2025-07-22,0.004769794909406544
2025-07-23,0.005785716609894687
2025-07-24,-0.00223824725681121
2025-07-25,-0.0009586282017111092
2025-07-28,-0.004885381056594418
2025-07-29,0.006170493558915302
2025-07-30,-0.005660524159588731
2025-07-31,-0.0072015331766842605
2025-08-01,-0.005193613797875196
2025-08-04,0.007310115959941799
2025-08-05,-0.0019962750728079737
2025-08-06,0.0006918907648441053
2025-08-07,0.0027080903583855953
2025-08-08,0.0006711531387819658
2025-08-11,-0.002221950683085505
2025-08-12,0.00482612246287939
2025-08-13,0.004196058939960112
2025-08-14,-0.0012143139418522297
2025-08-15,0.0008216493278951909
2025-08-18,-0.0019544375430172733
2025-08-19,0.0012932645614469607
2025-08-20,0.003267145882594802
2025-08-21,-0.002051733068789474
2025-08-22,0.011866434922690239
2025-08-25,-0.004082303428999179
2025-08-26,-0.0009187481391828012
2025-08-27,0.001779002559433751
2025-08-28,0.002657567105157188
2025-08-29,-0.001174905596396436
2025-09-02,-0.004136877894475699
2025-09-03,0.0004174427872578601
2025-09-04,0.004097138276701218
2025-09-05,0.0019213267893809505
2025-09-08,0.003295878858607937
2025-09-09,-0.000597025952297936
2025-09-10,0.002095184615362955
2025-09-11,0.006195445476256722
2025-09-12,-0.0011927373817770537
2025-09-15,0.0041917364199965945
2025-09-16,0.0002698628356827548
2025-09-17,-0.0038054205726788526
2025-09-18,0.0005956946974077226
2025-09-19,-0.002768589655352538
2025-09-22,0.0013051157187693452
2025-09-23,0.0022370951624934854
2025-09-24,-0.002966096820156028
2025-09-25,-0.001971942283978234
2025-09-26,0.004639772440697687
2025-09-29,0.00031950077815179334
2025-09-30,0.0015059657072817867
2025-10-01,0.0029672601375700935
2025-10-02,-0.0016266510235475318
2025-10-03,0.002647511289796789
2025-10-06,0.0007636446813541475
2025-10-07,-0.0019231179305329027
2025-10-08,0.001048032397161336
2025-10-09,-0.0053021959648335
2025-10-10,-0.014644288012261142
2025-10-13,0.008547486733264442
2025-10-14,0.0009835433506559799
2025-10-15,0.005255052230243029
2025-10-16,-0.00045430472402274713
2025-10-17,0.002289763363392927
2025-10-20,0.00800750992998478
2025-10-21,-0.0037368462002089764
2025-10-22,0.002707440136934247
2025-10-23,0.004732166369288082
2025-10-24,0.002810471098066314
2025-10-27,0.0038708720891678094
2025-10-28,-0.005137098600236034
2025-10-29,-0.0064190308788172334
2025-10-30,-0.002349472699128219
2025-10-31,0.0022201997109851934
2025-11-03,0.0015596073841950275
2025-11-04,-0.005211126586177506
2025-11-05,0.0005891064285836745
2025-11-06,-0.0022825353566213735
2025-11-07,0.004574868622722272
2025-11-10,0.007004445038790719
2025-11-11,0.006080789319168334
2025-11-12,-0.002394673777920575
2025-11-13,-0.009527821919079305
2025-11-14,-3.0537541229391785e-05
2025-11-17,-0.006163034470462736
2025-11-18,-0.0014775749938640281
2025-11-19,-0.0035455240484212336
2025-11-20,-0.008043954475321913
2025-11-21,0.007640200675718578
2025-11-24,0.004937258209207984
2025-11-25,0.005560238583764976
2025-11-26,0.0067555916185912945
2025-11-28,0.004712363838904388
2025-12-01,-0.004754600118892949
2025-12-02,-0.0003632554771946239
2025-12-03,0.003651257469509117
2025-12-04,0.0001075989787320264
2025-12-05,0.0009517501590816657
2025-12-08,-0.005667060833795867
2025-12-09,-0.0019311565167906553
2025-12-10,0.006131135901844331
2025-12-11,0.0023758635790638305
2025-12-12,-0.0056290697417881175
2025-12-15,0.0007529905146939075
2025-12-16,-0.004402303779135974
2025-12-17,-0.0007411996320755287
2025-12-18,0.0009720590289126196
2025-12-19,0.0033557382227158428
2025-12-22,0.00515014730308283
2025-12-23,0.0041608545920217566
2025-12-24,0.0027004222179296544
2025-12-26,0.0013390567141879917
2025-12-29,-0.0024678944629850097
2025-12-30,0.0016180051225755943
2025-12-31,-0.007104303333183903
2026-01-02,0.0026439941026175084
2026-01-05,0.008419193790333512
2026-01-06,0.002747402846798197
2026-01-07,-0.004789284995014853
2026-01-08,0.003753045124913701
2026-01-09,0.0039062072287574523
2026-01-12,0.0040710934501255736
2026-01-13,0.0013699146994265998
2026-01-14,0.002277102032554934
2026-01-15,-0.00016616240104105895
2026-01-16,0.0017137087654921501
2026-01-20,-0.00887827417946463
2026-01-21,0.007992176208290847
2026-01-22,-0.00023597686424525754
2026-01-23,0.005622348867911686
2026-01-26,0.002958022323298115
2026-01-27,0.006439494739676865
2026-01-28,-0.0017651431110672355
2026-01-29,0.006936177179537539
2026-01-30,-0.009268830016144758
2026-02-02,-0.007400797190440289
2026-02-03,0.003294419090464018
2026-02-04,0.002851754640857518
2026-02-05,-0.008019650367479203
2026-02-06,0.013618365816928213
2026-02-09,0.006538965296569721
2026-02-10,0.0025942860052441397
2026-02-11,0.0015208948715952353
2026-02-12,-0.008298621885696078
2026-02-13,0.0046421987614202465
2026-02-17,-0.00025773816951923934
2026-02-18,0.003681593802242089
2026-02-19,0.000500930695480406
2026-02-20,0.0059829524279346735
2026-02-23,-0.0009108955504214533
2026-02-24,0.002039039301581891
2026-02-25,0.003128116739457898
2026-02-26,0.0007089406471398885
2026-02-27,0.0026165827517805607
2026-03-02,0.0011809169626639804
2026-03-03,-0.008348840296746651
2026-03-04,0.0055866882091824
2026-03-05,-0.005255184855640804
2026-03-06,0.0008068940406928959
2026-03-09,0.001993679047012309
2026-03-10,0.0024646044480414186
2026-03-11,0.00016873400035311015
2026-03-12,-0.002974034189583974
2026-03-13,-0.0044125933424572494
2026-03-16,0.005487901406961759
2026-03-17,0.0054717495555167694
2026-03-18,-0.006561989071635188
2026-03-19,-0.004570169227507526
2026-03-20,-0.01626685744066192
2026-03-23,0.000619359797788821
2026-03-24,-0.00036120213054313677
2026-03-25,0.004511746537404937
2026-03-26,-0.007669112597905148
2026-03-27,-0.0022332370283870695
2026-03-30,0.0031808188308832808
2026-03-31,0.013624163175226522
2026-04-01,0.00329802059492712
2026-04-02,0.006754669502537114
2026-04-06,0.0027233953653595933
2026-04-07,-0.00013328251463373686
2026-04-08,0.011794256632028599
2026-04-09,0.0031695934278650473
2026-04-10,-0.0010390815039461598
2026-04-13,0.0076890126153141836
2026-04-14,0.005788073664575899
2026-04-15,0.000992123363730446
2026-04-16,0.0029203250814247017
2026-04-17,0.0036137339235062793
2026-04-20,0.0020385698430449573
2026-04-21,-0.006380072468294529
2026-04-22,0.003287486088177749
2026-04-23,0.002087845812097422
2026-04-24,0.002379404110764982
2026-04-27,-0.00043398152002105395
2026-04-28,0.0014986750607115518
2026-04-29,0.000264126770812112
2026-04-30,0.010276783023374536
2026-05-01,-0.0021511203078109498
2026-05-04,-0.002107620988813008
2026-05-05,0.004323175676642643
2026-05-06,0.005592111527702004
2026-05-07,-0.005981444011074255
2026-05-08,0.005023506963687696
2026-05-11,0.004502915287057929
2026-05-12,0.0019296226437517383
2026-05-13,-0.0012265127787300933
2026-05-14,-0.0018295936314567385
2026-05-15,-0.01006494355899512
2026-05-18,0.0051818986894938135
2026-05-19,-0.0015047602061242227
2026-05-20,0.004619660352366495
2026-05-21,0.0008337505852429317
2026-05-22,-0.0002663312140166463
2026-05-26,0.0019728401180927335
2026-05-27,-0.0048306073086678
2026-05-28,0.002222223552855951
2026-05-29,-0.0024320271687104933
2026-06-01,-0.000386813659046803
2026-06-02,0.003310503736253967
2026-06-03,-0.002733416372354136
2026-06-04,0.003462800880115635
2026-06-05,-0.014283744843211266
2026-06-08,0.00031107457237622427
2026-06-09,0.001882552137648874
2026-06-10,-0.005212758788749938
2026-06-11,0.008627655380707866
2026-06-12,0.0010702220574385635
2026-06-15,0.0013865817840912342
2026-06-16,-0.0020308171788546714
2026-06-17,-0.010941021613415036
2026-06-18,0.0033329225302778376
2026-06-22,-0.0005214363546490741
2026-06-23,-0.0061949241225491836
2026-06-24,-0.004122611310763191
2026-06-25,0.006166407171332322
2026-06-26,-0.00179865357768072
2026-06-29,0.003979810982257526
2026-06-30,-0.0014025266457258212
2026-07-01,-0.003192544770747152
2026-07-02,0.005941271623719047
2026-07-06,0.005591025151168827
2026-07-07,0.0005084599290627878
2026-07-08,-0.002477850067170939
2026-07-09,0.002208680166377208
2026-07-10,0.0015253677228204143
2026-07-13,0.002531822573324183
2026-07-14,0.004263491075596537
2026-07-15,0.004323121442237898
2026-07-16,-0.0006181130981961491
2026-07-17,0.0009063297081863819
2026-07-20,-0.0024036368103657058
2026-07-21,0.0071035646302477495
2026-07-22,0.0006419115841678202
2026-07-23,-0.003253093416567099
2026-07-24,0.004476260126195397
2026-07-27,-0.006277795379553974
2026-07-28,-0.0009552013345358601
2026-07-29,0.00015450138114148082
2026-07-30,0.005920371992674145
2026-07-31,-0.0005672417375377492
2026-08-03,0.0004429217107744243
2026-08-04,0.002762081316523002
2026-08-05,0.0011402869563670315
2026-08-06,-0.0003260861629965639
2026-08-07,0.00506004345564981
2026-08-10,0.0023682343702531305
2026-08-11,-0.0014967778850865088
2026-08-12,0.00431044837618666
2026-08-13,0.0028732512280102984
2026-08-14,0.0009369345876901747
2026-08-17,0.00027450864144151765
2026-08-18,-0.004584183506476158
2026-08-19,0.0059766484834622435
2026-08-20,-0.0008171959993327205
2026-08-21,0.002849115284022874
2026-08-24,-0.0014036553465639479
2026-08-25,0.0001833816476053407
2026-08-26,-0.002180561637103229
2026-08-27,0.001067202772483622
2026-08-28,-0.00311743311594348
2026-08-31,0.0003167449545979917
2026-09-01,-0.00010778432552160933
2026-09-02,0.001039145352394577
2026-09-03,0.006479465766829895
2026-09-04,-0.002276702310715084
2026-09-08,0.0005673181724408227
2026-09-09,-0.0030118685680387003
2026-09-10,-0.0015188856235397452
2026-09-11,0.001956244305349353
2026-09-14,-0.003681636502503638
2026-09-15,0.0006729091795332209
2026-09-16,-0.006217766577100381
2026-09-17,0.0054256963990615414
2026-09-18,-0.005373086694892337
2026-09-21,0.005899658146257369
2026-09-22,-0.0005687190446632684
2026-09-23,-0.007010674872315548
2026-09-24,-0.000619688977774091
2026-09-25,2.4099013653522405e-06
2026-09-28,-0.005195866915858605
2026-09-29,-0.0046396475311333285
2026-09-30,-0.0019578729902035574
2026-10-01,0.0005917118055267512
2026-10-02,0.0025746625293057157
