date,F_ES,F_NQ,F_RTY,F_YM,F_ZT,F_ZF,F_ZN,F_ZB,F_UB,F_CL,F_HO,F_RB,F_NG,F_GC,F_SI,F_PL,F_HG,F_ZC,F_ZS,F_ZW,F_ZL,F_ZM,F_LE,F_HE,F_6E,F_6J,F_6B,F_6A,F_6C,F_6S
2010-06-30,0.0,0.0,0.0,0.0,0.0,0.0,0.0,0.0,0.0,0.0,0.0,0.0,0.0,0.0,0.0,0.0,0.0,0.0,0.0,0.0,0.0,0.0,0.0,0.0,0.0,0.0,0.0,0.0,0.0,0.0
2010-07-30,0.0,0.0,0.0,0.0,0.0,0.0,0.0,0.0,0.0,0.0,0.0,0.0,0.0,0.0,0.0,0.0,0.0,0.0,0.0,0.0,0.0,0.0,0.0,0.0,0.0,0.0,0.0,0.0,0.0,0.0
2010-08-31,0.0,0.0,0.0,0.0,0.0,0.0,0.0,0.0,0.0,0.0,0.0,0.0,0.0,0.0,0.0,0.0,0.0,0.0,0.0,0.0,0.0,0.0,0.0,0.0,0.0,0.0,0.0,0.0,0.0,0.0
2010-09-30,0.0,0.0,0.0,0.0,0.0,0.0,0.0,0.0,0.0,0.0,0.0,0.0,0.0,0.0,0.0,0.0,0.0,0.0,0.0,0.0,0.0,0.0,0.0,0.0,0.0,0.0,0.0,0.0,0.0,0.0
2010-10-29,0.0,0.0,0.0,0.0,0.0,0.0,0.0,0.0,0.0,0.0,0.0,0.0,0.0,0.0,0.0,0.0,0.0,0.0,0.0,0.0,0.0,0.0,0.0,0.0,0.0,0.0,0.0,0.0,0.0,0.0
2010-11-30,0.0,0.0,0.0,0.0,0.0,0.0,0.0,0.0,0.0,0.0,0.0,0.0,0.0,0.0,0.0,0.0,0.0,0.0,0.0,0.0,0.0,0.0,0.0,0.0,0.0,0.0,0.0,0.0,0.0,0.0
2010-12-31,0.0,0.0,0.0,0.0,0.0,0.0,0.0,0.0,0.0,0.0,0.0,0.0,0.0,0.0,0.0,0.0,0.0,0.0,0.0,0.0,0.0,0.0,0.0,0.0,0.0,0.0,0.0,0.0,0.0,0.0
2011-01-31,0.0,0.0,0.0,0.0,0.0,0.0,0.0,0.0,0.0,0.0,0.0,0.0,0.0,0.0,0.0,0.0,0.0,0.0,0.0,0.0,0.0,0.0,0.0,0.0,0.0,0.0,0.0,0.0,0.0,0.0
2011-02-28,0.0,0.0,0.0,0.0,0.0,0.0,0.0,0.0,0.0,0.0,0.0,0.0,0.0,0.0,0.0,0.0,0.0,0.0,0.0,0.0,0.0,0.0,0.0,0.0,0.0,0.0,0.0,0.0,0.0,0.0
2011-03-31,0.0,0.0,0.0,0.0,0.0,0.0,0.0,0.0,0.0,0.0,0.0,0.0,0.0,0.0,0.0,0.0,0.0,0.0,0.0,0.0,0.0,0.0,0.0,0.0,0.0,0.0,0.0,0.0,0.0,0.0
2011-04-29,0.0,0.0,0.0,0.0,0.0,0.0,0.0,0.0,0.0,0.0,0.0,0.0,0.0,0.0,0.0,0.0,0.0,0.0,0.0,0.0,0.0,0.0,0.0,0.0,0.0,0.0,0.0,0.0,0.0,0.0
2011-05-31,0.0,0.0,0.0,0.0,0.0,0.0,0.0,0.0,0.0,0.0,0.0,0.0,0.0,0.0,0.0,0.0,0.0,0.0,0.0,0.0,0.0,0.0,0.0,0.0,0.0,0.0,0.0,0.0,0.0,0.0
2011-06-30,0.0,0.0,0.0,0.0,0.0,0.0,0.0,0.0,0.0,0.0,0.0,0.0,0.0,0.0,0.0,0.0,0.0,0.0,0.0,0.0,0.0,0.0,0.0,0.0,0.0,0.0,0.0,0.0,0.0,0.0
2011-07-29,0.0,0.0,0.0,0.0,0.0,0.0,0.0,0.0,0.0,0.0,0.0,0.0,0.0,0.0,0.0,0.0,0.0,0.0,0.0,0.0,0.0,0.0,0.0,0.0,0.0,0.0,0.0,0.0,0.0,0.0
2011-08-31,0.29739821184892895,-0.013410244528601489,0.0,-0.016069720888177087,1.30357609525481,0.2872821361617223,0.16829696439645175,0.08720481641119468,0.0603575750170209,-0.01090531585047965,-0.014628586074323335,0.01253340376017582,-0.038610276955736746,0.051236572354232304,0.027876655178840613,0.06927190082793673,0.01607902303476203,0.03206894120480419,0.0606541090160066,-0.009308880743434165,0.021170273578331674,0.05740057817464492,-0.02395981898945238,-0.019562392221386955,0.03293686829170373,0.12852499021217847,-0.0464462435325205,0.027307500150952648,-0.043926275414176326,0.021995629927012608
2011-09-30,0.42620002428604814,-0.01784368357595559,0.0,-0.019766359899966127,0.6201287461464431,0.40764788170904215,0.2286221620165525,0.10977334346090202,0.07074035132290349,-0.03968969319664164,-0.01921721161451255,-0.016354691658128116,-0.05022299368250983,0.01894766972015192,-0.009217503871733118,-0.06690847473811201,-0.04401229225467849,-0.013451811151771097,-0.02304887006598553,-0.03557113807541811,-0.025310099138155243,-0.021981717275448422,0.09060411482661174,0.06805424318257207,-0.1211697111201635,0.06129600675665271,-0.17183975100874457,-0.03268617604775945,-0.14665566892973322,-0.023037609266703903
2011-10-31,0.34629165525834266,0.045195712141866115,0.0,0.04903742137567796,1.6498271744551276,0.32866060562515487,0.05944595788828198,0.027954618882953985,0.017987097125058495,0.01137533899758754,0.016479094031664344,0.013839850236650257,-0.013218893191747325,0.049833040618162086,0.008182080416888178,-0.017432066955668745,-0.010263827028214524,0.011963071251365125,-0.018919347327169593,-0.010190108333500885,-0.02021213393524504,-0.01854455368842272,-0.026883224523332264,-0.020597771964771874,-0.031584359912635446,-0.0432264431067508,0.048971758694450696,0.025207950915412,0.03813579175624999,0.02053905036164699
2011-11-30,0.37049908406920784,0.017657442234086246,0.0,0.056868445397192054,0.7432971693133248,0.444298164326899,0.23121224435970222,0.10610335722423808,0.06998287675767478,0.04460688689189634,-0.020970792473304068,-0.017328455989653754,-0.04618606914973693,0.02084021028210146,-0.010396396643775426,-0.06555511835656447,-0.03805673289065244,-0.01570738762202117,-0.06988090024691127,-0.03932698700694061,-0.07043426820431126,-0.0698842901662709,0.09864446744855615,0.0822870465712447,-0.03794032990143639,0.05877288981121021,-0.05591519457441121,-0.02844777689246217,-0.042055339992146015,-0.026843675202067565
2011-12-30,0.36166092725482346,0.01123058407471163,0.0,0.035988307333108954,1.3861964556843633,0.2768878562945651,0.14282589321994105,0.0648740110423581,0.04255903827303018,-0.008975638290304656,0.012559812937283027,0.03028362731142857,-0.026745915066579813,-0.012202783702245945,-0.018848401880949536,-0.03700019253719539,-0.00784997288218716,0.02959142437065589,0.0139796798505389,0.008126526092092013,0.014181868560035334,-0.012985308795438941,-0.05597888331138472,-0.048299196707581135,-0.07077345649266642,0.11210210576864729,-0.09625642229621496,0.01806222490426453,-0.025710003082480722,-0.01726348198292354
2012-01-31,0.40084930494726534,0.03665074197579117,0.0,0.039586989647940385,1.477064109722733,0.28283392719375977,0.14525953215955728,0.06720519228901237,0.04457618828568091,-0.009260590912114614,0.012290241940607604,0.030195715804181726,-0.01598821372910503,0.01258832955073593,0.0063311387366346,-0.011776774260094849,0.008185225349037912,0.009197012499110339,-0.012428661006730426,0.007833153441011506,-0.03926111143126042,-0.01138251718352817,0.0557412104414768,-0.01612190151652363,-0.023263331155608993,0.03744940730913416,-0.03279550843089193,0.019024722349854868,0.02688029435268835,0.01791146371064195
2012-02-29,0.26039593068597683,0.02539997836821079,0.0,0.028143143204792262,-0.34028447742347706,0.06327859405144946,0.032533640774038815,-0.015219300062686762,-0.010138826780746794,0.018875814545036212,0.024768370986935538,0.02070519203990484,-0.010066975154189702,-0.007765985750593365,0.004097213924559124,0.007495909035291448,0.005457023489479092,0.00639481121915414,0.008602371543829788,0.005217366822516205,0.00919272487568789,0.007525450873147444,0.03791199756002319,-0.011052132274941501,-0.015330286364963325,-0.020379962676486788,0.0213575164583692,0.039238581620499965,0.018680055408533677,0.03696046919929823
2012-03-30,0.2933920953423658,0.043443864169688165,0.0,0.04806547607253633,-0.4754093765190169,-0.09130646089427581,-0.04904571096300754,-0.023936618192946766,-0.016103458934440516,-0.010414073992913152,-0.013413222106746595,0.035076119376873674,-0.01666513783166229,0.012954717243489094,-0.00690010621133304,-0.012032711629192807,-0.009119287009413748,-0.009310913321906068,0.013710787443867245,-0.007699364366700162,0.014468149079362204,0.03586262691825037,-0.0561948329751675,-0.050509990250926895,0.02493259443283796,-0.02942029732209438,-0.03343790270525393,0.021261226885187334,-0.03091844611571057,0.062002269134963824
2012-04-30,0.3986242489762915,0.018487185506110546,0.0,0.06273448365475703,0.6105078434886375,0.3467052695517875,0.18291361930599087,0.03072581773766407,0.02062474648939205,0.013919902955788833,-0.017230179896883586,-0.014679464518154677,-0.006923223220700905,0.01766999457674737,-0.027871564548028138,-0.0481706239026762,0.011788211452760324,0.01174241782026229,0.05183958793849732,0.010195638771746935,0.018853907023981917,0.04376096593595688,-0.06529302424372505,-0.059135745807779756,-0.033281146191806145,0.03393799285498387,0.043473085523072684,-0.027617584779407185,0.037871794349638804,-0.028237190843778945
2012-05-31,0.6950314066867732,-0.01383732707191945,0.0,-0.01682691485372267,0.5347017166319674,0.2957099357102943,0.15054655401098818,0.07362662402345306,0.048030331606632226,-0.03151343773599273,-0.03963737352481153,-0.03481590677313963,-0.015777717570616967,-0.013923186973499826,-0.023069248924665074,-0.038979081293350384,-0.028935171957550236,-0.025707014562728257,-0.012284912857941418,-0.007441101586577077,-0.04208066349704943,0.01006070115338522,0.016204767682217413,0.014632055904565719,-0.07974960311750032,0.08277438839427566,-0.10299470862478283,-0.06539207869972691,-0.09195249906055908,-0.07002605806708666
2012-06-29,0.4879287310864908,0.02415452992479435,0.0,0.02992227738919749,1.115629835685897,0.19636660467401068,0.09824811038646242,0.04693776078841246,0.03129636422645217,-0.04710237064745456,-0.06560275366688638,-0.02024190138657871,0.008337340889416026,0.02523112334365012,-0.0446505472454259,-0.022733729463449932,-0.018929407038642092,0.04378234602791902,0.06668143692679308,0.04031588613372496,-0.023914055007630917,0.058896667310628516,0.032563382847075495,0.07780966335700804,-0.05077488816774771,-0.05613520826493836,-0.06767251846964344,-0.04172547236343815,-0.05657990764303624,-0.0441785163537696
2012-07-31,0.49775538685039006,0.010658461215983956,0.0,0.013421766647291456,1.4508751989545559,0.2790889481831842,0.13894240789225584,0.0645834544855661,0.04296645032267561,-0.006833013222338845,-0.00943627251393795,0.008682232365533293,0.0038046876556809455,-0.01211721832642974,-0.007279373679068512,-0.03220843541716108,-0.02633628098901107,0.018277213701607654,0.02244197029332452,0.016439885753915962,-0.010253376430536882,0.019153580350465375,-0.01423765179051257,-0.01121305191458866,-0.065824087257378,0.027600536377779795,-0.08454769106039017,0.01885137043924993,-0.026558813297859713,-0.05961118261132577
2012-08-31,0.3438419234023275,0.03161378563164563,0.0,0.03905049468079394,0.41958790771549026,0.24216144207101734,0.12079958589299386,-0.019407363620038382,-0.012997937421176314,0.01955647992031486,0.026563021008195395,0.023346255465094962,-0.0035314819733234647,0.011523213256937358,0.006589050224904743,0.009197731490605222,0.008486575278207021,0.017547192738584943,0.020080315148216146,0.015413245152502541,0.009000694954458028,0.0174635417201517,0.04101368227094169,-0.028637095247044924,-0.020020015095084297,-0.07750231019635694,0.026048600019963546,-0.018201022854716878,0.025778275776169004,0.018402723708375188
2012-09-28,0.3950273393017398,0.02175806010957245,0.0,0.027527201131967875,0.8777173644499603,0.16750374936514656,0.07976453072513305,0.012653255918974163,-0.008447210974951535,0.004489447825803721,0.017619705986448846,0.015196382043944745,0.0023921467094465006,0.023782177264991912,0.013441504595552699,0.017333094154679166,0.01705330756922172,0.0037627954743012933,0.0043422858500894975,0.0033354433098631273,-0.016963374368502333,0.0038119601199546158,-0.027562881122683333,-0.00663700740945159,0.01310454348430643,0.016389606760273755,0.05614082697671409,0.03700118839453958,0.05269534570606444,0.013041963591690523
2012-10-31,0.6000809328706935,0.026578192970976862,0.0,0.033801160680488454,-1.0534058282991277,-0.20273795094508607,-0.09748271585590586,-0.045900491878287264,-0.031002675803581813,-0.049477378698421046,-0.021472345487780084,0.018005549750656717,-0.009347937890095201,-0.03130860856916316,-0.01754818390465048,-0.021478303977525745,-0.022253301424702145,-0.014466779369157863,-0.016845491202257132,-0.01353716941171975,-0.06301435361510628,-0.015008462547771453,-0.03667574237278458,-0.025319866206818274,0.05039004954846844,-0.18642459444537182,-0.07080143528724603,-0.04803563228712302,-0.0652726454363534,0.05041002669904881
2012-11-30,0.6130633582238741,0.010712486738708131,0.0,0.04004294937556305,1.3922017344090787,0.27026156110854055,0.1304363981004693,0.060769313715040234,0.04149342492128623,-0.006806508590603688,-0.008384989934333927,0.007483494545260682,-0.003977869485813211,-0.013124013410778257,0.02154028293470052,0.028512380053682656,0.02893176901160384,-0.00670870383868723,-0.007274884746086673,-0.006078355293425922,-0.02667384213192583,-0.006568175756633833,-0.016438738039474203,0.01094386645297257,0.021940511437118736,-0.07308523724880257,0.03165041724541769,0.06331126705174744,0.029432386394267516,0.022151079804102945
2012-12-31,0.5089058669804432,-0.01825228841517102,0.0,0.02322922659143876,-0.838920767080304,-0.16708196780357937,-0.08010500669614863,-0.03659948031329734,-0.024999583581965305,-0.013045600450003417,-0.01563011287302421,0.013607927556728409,-0.02214782309206793,-0.02452998065324569,-0.012941686726014956,-0.01764633620939245,0.017922599439474315,-0.012883471993800006,-0.013783385353829494,-0.01173222129483811,-0.04870226858106365,-0.012410990573389985,0.029967579411880083,0.020246423445037735,0.12270370211420585,-0.11792279491897635,0.1703292401340033,0.04095518375861149,0.05524111955181482,0.12699300530287597
2013-01-31,0.4462665149557119,0.03722690584849488,0.0,0.047455267105250616,0.5238455398681691,-0.10377547997812206,-0.050977654090819544,-0.023713830486968825,-0.01653490252603235,0.009413129289788564,0.03229832454981593,0.027174103372892458,-0.014295371892068465,-0.048513619970251054,-0.008262174863763717,0.032846426262789004,0.011886527663240939,0.00885831462520737,0.009106941101874877,0.00813885237086446,0.03089215901716515,0.007850479189218058,-0.055545960067890386,0.04259072218368681,0.07246524460127482,-0.056381198593827314,-0.0978985282514974,0.08021152464184299,0.03478899829033364,0.07275344193743911
2013-02-28,0.6444903336648712,0.010880808052837263,0.0,0.0421206996342604,1.4340828305616098,0.09112028649429169,0.044516734058191086,0.02096405225763679,0.014712149802201346,-0.008424933858391187,-0.028723260520701604,0.007711230612620866,-0.00423253393910046,-0.03920413961318139,-0.021989967303222616,-0.02745893179009466,-0.031122485812348,-0.008317520274814865,0.024074153547217206,-0.007380082172708739,-0.027429042785176095,0.01980242946326601,-0.04865620060551549,-0.036907990312101346,-0.019603241817549903,-0.045602738131065176,-0.06969241116121577,-0.06759491195811665,-0.08828362142247537,-0.06490027837321732
2013-03-28,0.7103923442985267,0.0494917934963604,0.0,0.06327495142301563,0.711109696025319,0.37641231744696224,0.1815223358162358,0.02860066739257302,-0.020048498626679564,0.012353527853461799,-0.039932764752299815,0.031669310358389414,0.018615704305671936,-0.06009587150249592,-0.0339092643830789,-0.013880042565010466,-0.0435654112799881,0.03202200588897968,0.011328405886847952,-0.026593101723097222,0.013724483651629501,-0.009240417477027361,-0.06358541826836797,-0.048476732823056354,-0.07798243191649912,-0.06327563515928035,-0.03227192787283577,0.09903997095852837,-0.0424136216469417,-0.08517134520083974
2013-04-30,0.6744084825905033,0.028853370683710456,0.0,0.03896117574716084,1.4319389519006875,0.24842276490622506,0.11749942236806711,0.05294622363422103,0.035709338636682846,-0.01874752212171678,-0.021880277886365682,-0.005873141039186288,0.011273760357352433,-0.017140369076605724,-0.011586877159627728,-0.017771234006049404,-0.01961148294237064,0.004827987049636409,0.021431645345997046,0.004990475902283421,-0.0248705919083618,0.01725858337026873,-0.038094858308267594,0.00959525018192416,-0.016339450641748913,-0.030415605408392336,-0.01893848043656865,-0.018922010467045093,-0.024986275665063604,-0.01670439025790937
2013-05-31,0.6152264812325038,0.055513314896529796,0.0,0.07066227881110879,-0.7169647563873053,-0.11403264800939364,-0.054897741881556106,-0.07557379034781143,-0.05386789711915685,0.01103111797030701,-0.038001537316949746,0.010389577424513179,0.00657904467992598,-0.03114516747248627,-0.022146091720316285,-0.010988386318326314,-0.010300684058693919,0.00860676151229964,0.038293003128378085,-0.027062074865297586,-0.046095199919124696,0.029290306144427843,-0.06588447101815577,0.05098195918398683,-0.028697440534223507,-0.05408911614253645,-0.03191829229553444,-0.027730000367919557,-0.10853661933702219,-0.07030743282055431
2013-06-28,0.6332337646116342,0.023485649663616305,0.0,0.027189420911852908,-0.6382075151510647,-0.31135404493693875,-0.1762296980938632,-0.0973067346471099,-0.070655293154382,0.01584510906182417,0.017428206826345726,-0.01496325437337379,-0.02784277486383768,-0.038526698354183944,-0.02664834010118453,-0.038426469261370486,-0.04260879807840611,0.012692911148814146,0.01824114621738282,-0.0394801393218426,-0.06595487643236643,0.04263519672620304,-0.030010558168283918,0.06984102773740414,0.04122800992130454,-0.02286993082369765,-0.12658351928699718,-0.08940335630998827,-0.14243869131797343,0.09866886449675392
2013-07-31,0.5525152791168779,0.05845483216235743,0.0,0.06999022728585497,0.4671065293780826,-0.0746091091019366,-0.12706900879789287,-0.07230628753953676,-0.05186666226267815,0.03458298073219205,0.04128925571899633,0.03381502911940885,-0.02175063155223047,-0.01025408563267455,-0.007053086345982159,0.010532504056289803,-0.010434413226410403,-0.02886632399344973,-0.012708664912711222,-0.011192021450619734,-0.05144550970138797,-0.009209825226783711,-0.07652268669120293,-0.017712678341898373,0.08110737942201257,-0.01743298632495875,-0.0788088501968935,-0.05957666960740601,-0.03593011901760678,0.06729565864535779
2013-08-30,0.6960056077512371,0.01747656936706777,0.0,-0.02138341325952323,-1.328267845299596,-0.19792424860383018,-0.11063924091129783,-0.021702439938991264,-0.015535230704246799,0.03108051017012556,0.01266122986063746,0.010448969543533082,0.006733579036412676,-0.00992770465497004,0.006342435572494239,0.009887522497553421,-0.010277417693730136,-0.0068257085364527405,0.009477777162252458,-0.031209705775096255,-0.012496266890087898,0.02204858016619118,0.025784419065460622,0.04395288156148637,0.07934612181344557,0.016301371852004785,0.025596772603420637,-0.05739602615951374,-0.09920213451153649,0.06406826903780449
2013-09-30,0.6720656480739223,0.05872578028752141,0.0,0.06828232019233524,1.0567527312582206,0.06375017974380093,0.038310904248863326,-0.02440801425636855,-0.017662617900469187,0.011048891946852187,-0.012959981992432246,-0.010417071129441676,-0.02280538760896579,-0.010002584880849116,-0.006333609421098395,-0.010681953893433214,0.011354315016912265,-0.023738572022297656,-0.00999034939266412,0.011538151001024866,-0.04250051988470777,0.007605809139334842,-0.029696784536691168,0.04577218497949956,0.0893787623373655,-0.018495558537734172,0.08287006734138969,0.020073340104996132,0.036867299739257314,0.07159487690392331
2013-10-31,0.7810572657874209,0.06466164892027958,0.0,0.02561814061851409,1.345224707284922,0.08172752709700963,0.047979312733132336,0.030399138682074174,0.022161657097407285,-0.013360851172715581,-0.045913260113051864,-0.012098041869568433,-0.008754466267013667,0.012015781152264484,0.00791341106371686,-0.013334676884614505,-0.014098735151746837,-0.03058045569478828,-0.012764279219722719,-0.042056350793561126,-0.014961662638385465,0.009587790102315977,0.03522964212906461,0.05185625514131723,0.03495657894222388,-0.023602862316214175,-0.03220732284934375,0.025758181014099404,-0.1315141322822222,0.02860586498128936
2013-11-29,0.8011927206896132,0.054505224377320284,0.0,0.06790338595011225,1.2095359981367482,0.07069988734276395,-0.03961309668187925,-0.023720993265994875,-0.05123115044317568,-0.011537733229901455,-0.012644258895333856,0.009987979008792957,0.007454793707498979,-0.03180539475461203,-0.020992367903557706,-0.03465629090031357,-0.03746226933308468,-0.027031130310945523,0.010690447052173667,-0.012710938867193199,-0.036643929227611845,0.022543230337977394,0.027888520386596317,0.015215459749936749,0.029184862552928896,-0.0619892349601415,0.0818697940627513,-0.020849755896326507,-0.11326446847054507,0.024539844511412393
2013-12-31,0.7003147513829544,0.057946383138425116,0.0,0.06652886779256438,-0.4349257351448274,-0.2342425656346515,-0.13191500189722252,-0.07808633528018742,-0.0565015852416359,0.012268526244631126,0.013681499030072512,0.03244950394242661,0.021321015723763354,-0.033382001205588555,-0.02177849025286172,-0.012325680486674071,0.013942823152614234,-0.030100292808350488,0.011887400993905535,-0.040789437224690805,-0.04177303001852798,0.008285648308382163,0.030143688714464007,-0.049695699316027304,0.09736111451221409,-0.0638737612512263,0.09248204416329962,-0.06603931002239365,-0.03710144651318977,0.07914731443819566
2014-01-31,0.7119635955451956,0.018230131517590422,0.0,0.021679023145379697,1.2573950664285096,-0.07708615224200575,-0.04517117728666911,0.02848826273794366,0.021000125370260653,-0.012957326934794332,-0.014301341869917862,-0.011752587161678032,0.014597097249591712,-0.012629236964457577,-0.025000180585567237,-0.013516034145058654,-0.048030605067814335,-0.010905417914258092,0.013550409782388365,-0.039257951925042604,-0.046467217330527305,0.027552895453656894,0.08527620615061149,0.01866635434933642,-0.10369017484574561,-0.022828211138735795,0.033880593253497494,-0.07109193630446453,-0.11182879997098011,-0.08120588732832043
2014-02-28,0.702038417421125,0.048218809236698114,0.0,0.05649278419557386,1.1821497904806482,-0.07363046281153696,0.04313501804556649,0.026931448218043663,0.01964057735976419,0.03584486037698744,0.03810269707088942,0.010843062947449241,0.010866529559681764,0.012237446649447668,0.007530454554865767,0.012900574658298485,-0.015521223718824948,0.010613620171633269,0.03633495226697764,-0.010139843588151157,0.012746119246308817,0.025390254404107845,0.06600779576810346,0.0403287909431797,0.0964619544602503,-0.02240045382092358,0.09247367523200553,-0.021465618414591367,-0.032919649392558946,0.07847535163683546
2014-03-31,0.7574548403431007,0.029552205366348745,0.0,0.105023953158865,0.6242099591047796,-0.1288529799804814,-0.08044729877712467,-0.05014880447009781,0.0366620504313157,0.06604272835983997,-0.02418959552651863,-0.06276856022154455,0.007568831264241418,-0.023355937486457676,-0.04571107507163235,-0.026676844774835923,-0.06896759676287681,0.01829468757195591,0.06540848081563715,0.01439605825258874,-0.0222804785122312,0.04847184857136139,0.04058155251820778,0.05546817947338025,-0.062453828642904795,-0.044018586242098284,0.06434088286823024,0.04039103357358021,-0.05690836434791765,0.156396335867462
2014-04-30,0.7185958529068704,0.014827372248418177,0.0,0.06223950826543096,1.1419345098930207,0.0798658788716217,0.049769323875957824,0.03152941119209585,0.02277141764622635,0.013600378899796565,0.04428524321512516,0.039780245596118785,0.015042156538166396,0.015123111320324767,-0.030280063948066947,0.01633477610287075,-0.04295182671824754,0.011318997501289153,0.03923284533733233,0.008495617862974559,0.012387935586723796,0.031080239082991082,0.025214599151302693,0.010609893479704485,0.12199372626970081,0.02838010388296291,0.12367839500426696,0.025862673145527027,0.036612509199111014,0.10151114958154035
2014-05-30,0.7594697360455989,0.040065506510484045,0.0,0.056327037078101376,1.0770695126382202,0.22215509625811408,0.13565157609351822,0.08172936662033947,0.057715350263804956,0.03827345800397237,-0.013827423920602414,0.0362882214396891,-0.004708458038280093,-0.040425932396553975,-0.02736846546516014,0.014375844106134251,-0.01309370214609291,-0.028395905389646897,0.01043039228163035,-0.007690605207835457,-0.03182869167732183,0.02671599669869164,-0.020005217129556562,-0.00990826807875755,-0.03758344825804839,0.027366099975759065,0.036696462566727796,0.02341002062549643,0.033382753804262734,-0.03184142836830194
2014-06-30,0.6846615459400034,0.05320118875624581,0.0,0.07320662389704703,0.4099987897278347,0.08932447667862682,0.054459573958878904,0.03197390596205521,0.022673459389159944,0.04571510940059452,0.047325939749992545,0.04317290141543357,0.005917646564082785,0.048672949681015105,0.03292989968562813,0.049593176436430395,0.046710501233610174,-0.029149833294622354,-0.010110347204117114,-0.027199203883947108,-0.011369867519825742,-0.00837324494724811,0.05682257766888315,0.011264236953029359,0.04665992805007104,0.035748058068206315,0.12806002098446737,0.08739787877226757,0.04128485026130417,0.03968034896203497
2014-07-31,0.7524846025003967,0.07084501265162056,0.0,0.032182176517027455,0.5342274814539497,0.12098651672111807,0.07372905773340284,0.12452635319375854,0.08884667946375538,-0.018375795033557647,-0.06554512377512088,-0.0590658305040562,-0.008554629932582615,-0.06586910601198805,0.014805280526997613,0.023357995380857508,0.0659870233745332,-0.039997368892415314,-0.014241502736098094,-0.03431695228183004,-0.04727339679353367,-0.012022105904226622,0.06482252041463728,-0.014543177001904474,-0.06837087108036476,-0.15524257578007994,0.06478334727420552,0.040555647649032016,-0.05445202958369595,-0.05874211308270092
2014-08-29,0.868066543490884,0.043370060296480904,0.0,0.05638232100841359,0.8825113122693633,0.20844085434124265,0.12808072540384607,0.07112435677601724,0.04977028374773323,-0.03122385317008266,-0.0353633182516864,-0.030997553017621058,0.004998729908218138,0.013409833142341262,-0.009086766699889623,-0.04365259824977571,-0.03453279495755751,-0.0231074991661357,-0.025136413061476723,-0.006357396760086257,-0.025596187556844174,0.006880523789278933,0.010987185329690003,-0.00744731992028442,-0.11545469809308306,-0.09310615305490111,-0.0368889953621547,0.07380750297668633,0.030509359491447927,-0.03370886070677775
2014-09-30,0.8210964573117899,0.024461513833434843,0.0,0.02951845764769103,0.4331678000807557,-0.10867867865184842,0.06711317405444081,0.0361570825911877,0.02486331128834888,-0.04141651912288283,-0.05572506532228009,-0.04564037977264077,-0.00802565737981865,-0.06554811061260084,-0.04056542225031056,-0.06754982521195865,-0.05108413895535987,-0.03476398164748471,-0.04003917586662696,-0.030632233312973843,-0.012054803395588932,-0.032204681243623745,0.048605509853361754,0.011607733164549128,-0.12569456202122434,-0.12516920046999525,-0.041803394392975576,-0.09875241633451048,-0.12571967594803637,-0.11800783556112779
2014-10-31,0.6977525729775326,0.043102659769787395,0.0,0.05318666835078938,0.8713171081071481,0.22493296518913455,0.1482117117936382,0.08655200882511664,0.060469392173154335,-0.02960235250827099,-0.039712420024996475,-0.030591014227709698,-0.0070164875425000085,-0.049615606369427565,-0.031569244469268065,-0.04770971831862604,-0.014480212277013177,0.008216739641854893,-0.009146340920778756,-0.008790798956300175,-0.009394047564921773,0.018682550327056877,0.01375886862857652,-0.026281714159407134,-0.08380194707706858,-0.08857208488772088,-0.09310218951562933,-0.024157924002056755,-0.09736177474063576,-0.08291087665387935
2014-11-28,0.7699370145871772,0.04567819775549896,0.0,0.05735687855038568,0.8572426431239605,0.22351823685089098,0.14479886629001737,0.0823608227616101,0.05864549740392075,-0.018819680816505948,-0.026568709640951114,-0.020849603520300776,0.005111059821753087,-0.03709521493393686,-0.02275988565263169,-0.03868773325004171,-0.036416350523991246,0.007875702730288842,-0.0238859260127586,0.008064258135498964,-0.0087223687689221,0.0054950069606992955,0.04242481269486998,-0.008996443052999662,-0.07578905875189769,-0.05776470417863806,-0.08592685423622086,-0.06302556790038713,-0.08891474251264533,-0.07726815858060013
2014-12-31,0.6959915191644743,0.024415084956819863,0.0,0.0864510569182822,0.3769460395300992,0.11141679070184919,0.07315641412566684,0.1283559978371708,0.09009343167008763,-0.02901578702491019,-0.041061973267691045,-0.03220320859462883,-0.022267674231258697,-0.05840837150267195,-0.03398451942071282,-0.063528479953064,-0.06316268654731363,0.014104069805649228,-0.014522423158910879,-0.01179961175431303,-0.045324745754225675,0.010378601319533843,-0.022647513301849633,-0.01602890808468599,-0.1273053805054889,-0.09133564117532501,-0.14669731520037793,-0.1116369283250398,-0.15188763733501726,-0.12784307011372653
2015-01-30,0.597080530800611,0.018510398489708507,0.0,0.021858884295070748,0.9178670793832425,0.2517664630523056,0.16205671229266772,0.09696884286364854,0.06660299972383843,-0.02052674900261692,-0.03152115990043925,-0.022346075241874274,-0.017132011243251206,0.050871519789892676,0.009515490757108351,-0.018540967891472856,-0.04208819261791065,-0.03797691890263443,-0.039209082625855075,-0.033672905253928014,-0.0386744236860713,-0.009662258547891623,-0.01967258990235902,-0.03543629269315004,-0.09015702183914802,-0.026654030599446963,-0.12132789551626838,-0.09083086964642632,-0.1037563357883796,0.007715297652782189
2015-02-27,0.5950524648633481,0.0917986893641101,0.0,0.1058860299723492,0.4254011261625383,0.11848196457947203,0.07794494007442018,0.04908684402092532,0.03261602362666798,-0.00975063900962832,-0.013804852569952375,-0.01082344473654817,-0.02685960798869701,-0.02746604909153441,-0.045578833276677486,-0.08702341139727061,-0.021895686267164195,-0.01975054434092821,-0.020912904987875115,-0.016894764116415936,-0.019871740360654724,-0.015381306931173335,0.026623916450209565,-0.047515939754243654,-0.13281928175143973,-0.13165136906720198,-0.06148301161374268,-0.14587137665606012,-0.04874777154596612,-0.013646985541376711
2015-03-31,0.5870028694845537,0.023089432465739485,0.0,-0.02557418415193774,0.8928294216801972,0.2642553130343599,0.1756874801602647,0.09825544658522713,0.0732001702777876,-0.022403351112343386,-0.010007038599034455,-0.008577655386676687,-0.021968104649915842,-0.021842126096996248,0.012373204192843872,-0.06172778668513421,-0.014949123604088831,-0.04341541876132275,-0.051881320014809926,-0.011210362890798645,-0.048649700190267986,-0.03867434793731551,0.020517622885043323,-0.03480485813945444,-0.08122029073601146,0.03615916808693369,-0.11629699005764148,-0.0881504543020631,-0.10344276058688343,-0.011833997244354124
2015-04-30,0.6500433734187642,0.0741383265495821,0.0,0.08595581608400653,1.0289474251763493,0.10036944229679579,-0.06573232210417303,-0.03296563798167491,-0.025811417293071865,0.008074158983213705,0.010526009172522876,0.009055602920708544,-0.007874985069594373,-0.022533095725004417,-0.03873151727207479,-0.020645460376850142,0.015692110238944335,-0.04890212501300593,0.019286359925827452,-0.03484041085035013,0.018047764529740877,-0.04295639303167479,0.020905153349738432,-0.012418534619990684,-0.028587452415876072,-0.041693854964356014,0.039921361860118416,0.029722931086501203,0.036013562516005765,-0.013862577043697942
2015-05-29,0.7027266694849733,0.06524356429992523,0.0,0.026121316222776053,0.9330619953709293,0.08879992923517567,0.05661788540166161,-0.025419140678437285,-0.02074749661605979,0.00739240623146201,-0.02809709832197333,0.008250039370623359,-0.0071714801729116946,-0.06222346437166014,0.011428476002123713,-0.054507250004348855,-0.01453192309248213,-0.04401346003223485,-0.05383410335690878,-0.028292065901648508,0.014143140835535372,-0.04049527598094893,0.058160046245412746,-0.011989867866176611,-0.07419686965581662,-0.11127107464897307,-0.09812990952110064,-0.07604977898630827,-0.031943859260918465,-0.013369442931877935
2015-06-30,0.7049366710532509,0.02940904624313752,0.0,-0.03434477890021915,1.2283643468983358,-0.113530572309434,-0.0681396095680793,-0.030164692406266756,-0.025788220462095935,-0.010929921901672246,-0.012935765500251243,0.011614267213450899,0.009689973433031867,-0.0920478902995457,-0.051771965991096715,-0.07918934439571025,-0.06253497590366418,0.01557003641581745,0.019824009035342406,0.03279548596087039,-0.019158501181820213,0.046963185832092295,-0.027775950212504504,-0.016644223101527734,0.03289017337704581,-0.05036993080831646,0.04572596940600331,0.03572865253082134,0.04569371184155904,0.02038918916031567
2015-07-31,0.7217651973255025,0.0569653348892678,0.0,-0.0233534682255451,0.7484314373754936,0.22048881038023696,0.1329369347823913,0.05803418434571022,0.01677069185654537,-0.021056668792101267,-0.02546888636934829,-0.023147078504516843,-0.020298613094136744,-0.05869868066554347,-0.03447494607578656,-0.049141403055949565,-0.036524394837561196,-0.009583846488582282,-0.012464342898481626,-0.007461187525538526,-0.03446139677673538,0.010489325555297217,-0.0562654237852826,-0.010448328719784725,-0.0672831649909416,-0.09932185366280731,0.03137350720598636,-0.06851925786822853,-0.08810152633575308,-0.045288520456987356
2015-08-31,0.5202625965449214,-0.023920818285568576,0.0,-0.0907507352279696,0.5452476619206559,0.1630890999117217,0.0985885220853225,0.04261712307901351,0.03683125043005995,-0.012937183052544689,-0.01572753752282224,-0.041586039247607134,-0.047517283456388934,-0.04110758897234103,-0.06508889906612494,-0.028397671588006917,-0.0754435638443584,-0.02051354685085942,-0.06918961157267797,-0.052499883263867286,-0.0668837141553587,0.020724408237845025,-0.1228096413725627,0.02014159923960104,0.04624417740778827,0.05850092419595437,-0.07051808276301846,-0.14138258893505357,-0.18887235022503854,-0.03481314651967798
2015-09-30,0.45522205707033964,-0.014372805279300054,0.0,-0.054056956719433405,0.9431209501794791,0.2971586092523104,0.1814447857311829,0.07782177650626056,0.06741062490821775,-0.022692598148922223,-0.02809402776739918,-0.024852048250949364,-0.030235322156789587,-0.07442756176717637,-0.039073514395346426,-0.04826378850307919,-0.012810340909663043,0.012952292933330443,-0.015057126389000364,0.010970972048248486,-0.04022260252959966,-0.013781456164856725,-0.06104287432173004,0.012717674673425139,-0.02934146614595374,0.03712595401187681,-0.12134505516416345,-0.08390741961218656,-0.11959747090802048,-0.07087986755175937
2015-10-30,0.406558166008164,0.06962933101416983,0.0,0.08826276616541455,0.47459196618041416,0.15496491376131188,0.09827018872322206,0.04303554797224424,-0.037612475160381464,-0.011998701468763383,-0.0438002771495663,-0.03896469759459295,-0.0439678252171667,0.03820443800940759,0.020137074288266534,0.02529017995997909,-0.021325515281930923,-0.021779410225046463,-0.02501093142726161,0.01753147671074527,-0.021219316497242822,-0.06923972321968389,-0.02848531470832541,-0.05619544531993482,-0.04470434309182933,-0.06230459962872072,-0.06353055984486343,-0.042153103340916376,0.059000659135325303,-0.11841033848593131
2015-11-30,0.45355060786608886,0.03679053745152578,0.0,0.046242986165044984,-0.25291102970229024,-0.08189554884736032,0.05258435531031697,0.023138847971680476,0.02025823005188755,-0.018648325412838094,-0.02234133033988629,-0.01903596383782267,-0.02049468258171614,-0.05653353206472555,-0.0329379790475386,-0.036856177798103185,-0.03262437185455842,-0.0344364500047038,-0.013366635423759245,-0.02643834137536601,0.0108341221073489,-0.03772855169159068,-0.039595470890165414,-0.0238934173730558,-0.06987092831782392,-0.09770445118980262,-0.0943452828044044,0.021153620443997764,-0.09320989509399916,-0.06402112848916243
2015-12-31,0.4380194699453242,0.01662182045461656,0.0,-0.020106229609712558,-0.3304645745883431,-0.10641467857693693,-0.06745149274747217,-0.08790472360384682,-0.07717645156262659,-0.024701657522076943,-0.028182228080693355,-0.02469773236790838,-0.007219577022768225,-0.07260553405363586,-0.04187040748135802,-0.014953225256675662,-0.014392367441066919,-0.04922635966080472,-0.05650752496574492,-0.038970994361123855,0.013925636563319424,-0.05200273884571278,0.01619584142622241,-0.011044847667331386,-0.029911730226807515,-0.04441842428516546,-0.12342795076156725,-0.029420796486952658,-0.12753955382363932,-0.028130126278084883
2016-01-29,0.41841353579508,-0.013892036952901674,0.0,-0.05155401723774311,0.9980437675803046,0.31514426208066487,0.19954403461518558,0.08694827987913115,0.02546620291162925,-0.019526029628825693,-0.020627881690229992,-0.022050921435452422,-0.006850561023373705,-0.022774418761777545,-0.013695938306213875,-0.04128729525041978,-0.0425140233511837,-0.016630422652324863,0.019209111754463007,-0.013029872760763951,0.04377060971502856,-0.01666352450243607,-0.04674706099124957,0.011134849601592708,-0.09130256045741714,-0.11189031049514997,-0.11529738439351214,-0.026081049915808677,-0.10279141528811918,-0.08711862097201706
2016-02-29,0.4535387954813624,-0.01508813438750572,0.0,-0.019062348037444495,0.9883673198563353,0.33546843415009964,0.20982970812813587,0.0921174993794391,0.08024660391651987,-0.01804530216450758,-0.006821201158398374,-0.02003395798862789,-0.021736547297791214,0.05909615904489118,0.014193358593206291,0.014483047956724455,0.015676572004602655,-0.05902621148805873,-0.06862624184060516,-0.04595668039907826,-0.016514943037079097,-0.058738353501614805,0.01790597404110387,0.03869531313173134,-0.03302184842941043,0.09866623199218238,-0.1070707269678698,-0.02712289631181255,-0.033991844005317164,0.030857745308544262
2016-03-31,0.5275594116436324,0.017462902565337547,0.0,0.06767335759007262,0.905974336946805,0.32552149719028756,0.21639405699210662,0.10095651731964707,0.08685549469608968,-0.006746138003341189,0.007849485895069473,-0.007691453187426564,-0.007819818671578029,0.020674009468174007,0.014943478635329738,0.014839617240901737,0.017082707410615593,-0.059583731749901656,0.02634353796820891,-0.016677709069841753,0.05381628847042294,-0.0217250169963379,-0.06048861099575556,0.014354469445432517,0.1068462534523132,0.1076027448884021,-0.035514332893229424,0.0835510902296634,0.032643748541349014,0.03480818184272693
2016-04-29,0.5154975367526897,-0.024060494815132543,0.0,0.0950031406991219,-0.42845552380658736,0.14908576945936436,0.09875529047489172,0.045780791555061456,0.03933477658386159,0.0089833487973436,0.009866319154588812,0.0106686531228029,-0.0094047134898991,0.07938415836505934,0.055762856848515084,0.01857853630422581,0.021154299252190832,0.021273314256518922,0.07769958465963027,-0.01730521616436876,-0.023672527292981596,0.05451387631391163,-0.07104689628547595,0.01970413714871488,0.1495902747702688,0.10771694040428262,0.04717188869032415,-0.03598084829275783,0.04415074266809343,0.04777640751619517
2016-05-31,0.4684788839766174,0.060824709177053106,0.0,0.07986144606059573,-0.3461087954410293,-0.12290012548177177,-0.08207306641707325,0.11621814068167767,0.10011792374656184,0.00793806313035249,0.008544346234670638,-0.008995663880701924,-0.007818466501034932,-0.022126771441732203,-0.015262645897325209,-0.015255305165822585,-0.05283459644349638,0.04661733593492234,0.0506923345818126,-0.013611556119021545,-0.017774841814845017,0.036408050045933005,-0.01880282334984051,-0.0165182874259277,0.04187601306980904,0.030678380413671203,-0.0384816835861844,-0.028703759597107133,-0.03592455969438871,-0.12209684888141142
2016-06-30,0.5509812045887433,-0.01795475350052351,0.0,0.06882553555240518,0.8826794103287504,0.3240726957393745,0.21094380381020378,0.10175801125488257,0.08390838952937621,-0.008046922748591517,-0.008553552243502852,-0.008843531509518499,0.008002276429796952,0.05809838204207348,0.04211428366579395,0.014889661016764805,0.016042107554053206,-0.012858072512291454,0.042875985474434615,-0.03889109743176082,-0.05113169035839776,0.034699377015369605,-0.051949409222141314,0.015987909799596564,-0.10516591780908263,0.07973626145109598,-0.058492066758294645,-0.027444412154269605,0.03548594080027376,-0.03956733769863681
2016-07-29,0.5392006721551607,0.05502379894378245,0.0,0.07116849873042624,0.28995818012981833,0.31544779682791785,0.2012422246561867,0.0949815497869696,0.07675366079153091,-0.02265957856824751,-0.02425434850305043,-0.0246852372834425,0.007257537948608632,0.05479298076269593,0.03529625932852198,0.04085706666929236,-0.015259749679804199,-0.03384139933061038,-0.010742479148145218,-0.03595639637318483,-0.04482825496485233,0.009680701209665124,-0.0148161407573269,-0.041825702852472585,0.03498191248447023,0.06495095720090441,-0.05486341738550268,0.07935544549920183,-0.03427112855783673,-0.037953486139796516
2016-08-31,0.5755667935383013,0.07869952065411807,0.0,0.09994097524529419,0.36774948849818173,0.1292073835001962,0.08220823991321326,0.03953457797550783,0.09519696182081169,-0.009454436846769217,-0.010313799390456839,-0.010433006883589663,0.009208952757147686,0.02513869140709568,0.015420025044628511,0.01749152405681995,-0.02003477462936139,-0.04586722172727411,-0.014084159336113256,-0.04379741203957704,0.018594650086078985,-0.03825783508860913,-0.05684159181186791,-0.014218677327580052,-0.1392711094747561,0.029055924421044203,-0.07559700774604625,0.0355211973475186,-0.04393689170407602,-0.045621206038153575
2016-09-30,0.5957124125619434,0.09916995384679647,0.0,0.040527387425549406,0.5052141629240583,0.1759043672219041,0.11154905326880148,-0.05104979290989409,-0.04018566609251866,-0.012357775329321906,-0.013495014444820938,0.013235645108318357,-0.03755055662514401,0.034964307613054975,0.01976356186640977,-0.022798873737927775,-0.027623970115101697,-0.020196443258569386,0.019736477244895315,-0.020418786612114957,0.06865652097564914,-0.05502864313192422,-0.0661000834015173,-0.04525895412546556,0.06584652730442452,0.1173137818541101,-0.1048611188153135,0.13607560770567845,-0.054332381884519644,-0.061734610894466864
2016-10-31,0.5382833596038669,0.028878498766642908,0.0,-0.03593896809174943,-0.4431618439615709,-0.15227679288483525,-0.09576431284652227,-0.04260780966140692,-0.0333624214208137,-0.010480354149816209,0.012005214278272754,0.010392943535368897,-0.028845097000482624,-0.02795693070265852,-0.015716928222563323,-0.05658722873807047,-0.06716297318905798,0.0160723941925824,0.05118805743518986,-0.014770440966200173,0.053861728150834544,0.014794988584004406,-0.01670377926399715,-0.01130007958811859,-0.15915275129857143,-0.03330616792965345,-0.08534666910042593,0.03783125116645804,-0.13679223991256473,-0.15771464923787415
2016-11-30,0.5028854299439893,0.04476742320000152,0.0,0.05833686967921673,-0.23558937454243947,-0.21240528167416772,-0.1267712789486129,-0.01925598001181855,-0.04404575369107519,0.005051561851356901,0.005708362621362381,-0.005011230335356812,0.004709222214611259,-0.014097998883690732,-0.007908818985121304,-0.009880414603407895,0.02863791010195998,-0.00880924111607015,0.029170123222900475,-0.02599567804845315,0.025735033879167226,0.008233440425380684,0.00950164408510305,-0.006185096512372288,-0.08121586393058947,-0.016374849759454288,-0.016549476849068396,-0.0196143192242208,-0.07657110536189375,-0.08021254107507562
2016-12-30,0.5318074219920783,0.04285001006322329,0.0,0.0584286069270139,-0.20666907559804645,-0.06331602198935568,-0.03978803128792854,-0.019030282254884647,-0.0438292417043165,0.01545004103842317,0.017333788725306276,0.015469253373733047,0.012181790340289309,-0.013824559624292904,-0.007425346322188213,-0.008975671998243282,0.009137460437150146,0.008512916121206611,0.009380675975198396,-0.00813230587603142,0.008407126977069704,0.007986270009889022,0.009433532790084114,0.017200142506934735,-0.06605666754351178,-0.016004298084548788,-0.04938659705460216,-0.01920197966725619,-0.024433287490345942,-0.07414416185701025
2017-01-31,0.5913672911870824,0.05381101380475437,0.0,0.0729480145245285,-0.2346995359507077,-0.07052933778038005,-0.044483493639788124,-0.021953439664003177,-0.016964833954403968,0.006412580240351071,0.007095910739535811,0.006326318573974805,-0.013129582730175358,0.01615977299820451,0.00899224895422006,0.031063350078115257,0.02858888046555224,-0.010655455024044597,0.03221810700005379,-0.00944615885744803,-0.010482441395119106,0.025578955391054387,-0.011281235517446338,0.006836594942575075,-0.024990044939655422,0.01669359097226594,0.01847153066209563,0.0679111397645983,0.07980718696274139,0.028197599203939366
2017-02-28,0.7278311799292563,0.0561597824925617,0.0,0.07276460133227441,-0.6193769836538106,-0.19426111974100563,0.04218985751248392,0.0216687707952627,-0.01681118991734996,0.019748820244873126,0.0071994930222772065,0.005976123897940383,-0.00407020355186575,0.016254141083644678,0.028323255137363605,0.031673261667053594,0.0253641760440294,0.010537953555613828,-0.01063215869094053,0.008776993455991812,-0.009317728831398808,0.008752889008235409,0.010959729172625091,-0.006701224426176093,-0.07570306243094889,-0.01683620336197097,-0.05625451537759889,0.06725118582407243,0.026093957983499325,-0.08237815316561431
2017-03-31,0.7663624488487012,0.11014442867933709,0.0,0.04612121988538783,0.4006733259409177,0.12262500640489198,0.07965700582784514,0.041094970056818815,0.03253918691613893,-0.012820314952154934,-0.014235507283267846,0.012124191244385045,0.008439207442617516,0.09453626608805521,0.053759580417226505,-0.0199527598657967,0.016979380549090307,-0.020611557764121848,-0.06405236386884541,-0.016633460968704418,-0.053215655850222254,-0.018006218981860802,0.06485702682524325,-0.039671625859231376,0.045575254340688424,0.034192345587841816,0.03644990798276793,0.12219786685562138,0.05193065587250365,0.05221217742867137
2017-04-28,0.8855822035317625,0.08219221079147247,0.0,0.09753825745192705,0.3019012766345086,0.091619921072567,0.05952501349812291,0.03124866649593179,0.024558112095533925,-0.029977734944694523,-0.03352902298096751,-0.028664351698761942,-0.006608334066199973,0.02376039687782037,-0.041302240648013556,-0.04565100820624418,-0.012708552139050342,-0.01534949579394089,-0.05160997596124492,-0.03752025230071472,-0.04037244804644022,-0.04182632898963743,0.045118919758703795,-0.009629993219064365,0.03364229823252681,-0.026013254029429923,0.02603261496132612,-0.09425448679626237,-0.11703394246224468,-0.12330531150299402
2017-05-31,1.0305993847787147,0.07839590920644912,0.0,0.0330602716894863,0.9247850586349766,0.09458058317659626,0.06124457474866894,0.032000529298248793,0.02523605829444906,-0.02647612788352069,-0.010025818559359304,-0.009186375007696318,-0.006528760028608358,0.06639087343481684,0.013455451628105056,-0.013946164394874574,-0.012415516102523609,-0.04035923383729274,-0.0473912847095412,-0.03214662170941148,-0.039213480648256464,-0.041663006423799484,0.0395159607797888,0.030035227089515004,0.03159025833549155,0.025736309282250208,-0.027278934306236353,-0.031099263992942907,-0.0386062310522884,0.1032565609163793
2017-06-30,0.973111008435709,0.019066023209365346,0.0,0.09971236917297936,-0.9297851935107115,-0.09566694858677269,-0.06055431128615579,0.0310811745932495,0.024248449671124092,-0.025348408368612213,-0.02930965936647248,-0.026687599089818125,-0.01980776160062813,-0.06609268266754689,-0.04078812784086799,-0.04075140595227049,0.03757327824509648,-0.03578356031082089,-0.015341509693492473,0.00845314046413732,0.012558749083255591,-0.01365837059910958,0.01206880623228569,0.027991184232059464,0.09194413171303822,-0.07641230838263688,0.025945549124458296,0.09266086148433902,0.034381700307736296,0.03321572677525047
2017-07-31,0.8833512877060404,0.06263578363471264,0.0,0.112761835293209,-0.35282239763046697,0.10938850884132024,-0.06716468841576981,-0.03419162007784499,-0.026466541744872805,0.026576420305004997,0.029961130307073588,0.02874112226686052,-0.02183476188214378,0.02400842068391569,-0.01438970965059572,0.01515678381064357,0.041214827704201415,-0.011304242909647847,0.013380079776757809,-0.008378501199049648,0.04107687875097206,-0.012293359259689727,-0.012654040798669858,0.010390312220276155,0.09868353536514973,0.02876630372602163,0.029324573979332007,0.09030767206164043,0.10354183056426797,-0.03434700501803348
2017-08-31,0.9458703097063442,0.06834487273032133,0.0,0.12926750536521023,0.45703091926948863,0.1404784817852973,0.08471674960568508,0.04286097238073308,0.033361508586280376,-0.032103345062569906,0.032998812028515394,0.029031215389900823,-0.009452340031212387,0.02749859549426291,-0.01618960450450165,0.019267214656818913,0.05129626915046106,-0.04074015894128776,-0.01611287912932617,-0.031936435897847025,0.04972507018018539,-0.045281281536527294,-0.014615566045244964,-0.011973542750361285,0.12074691056211245,-0.034280253366220814,-0.11541491700511193,0.037040153548330464,0.11837838131558427,0.039316744261381265
2017-09-29,0.4156757769068667,-0.05348376438020264,0.0,-0.04768752652974967,-0.17087839380333708,0.04661497599672691,0.19422539677846656,0.18745460549917856,-0.11546143847243474,0.029251537491282367,0.08216835801768464,0.08884822258102754,-0.08954711477142317,0.04554416715693341,-0.03707380002877842,-0.043024814946850586,0.03892259601831884,0.1048176824569079,0.03840080332382543,-0.03129030183541471,-0.037754716584458205,0.11555740239171032,0.039239490876492686,-0.033253782242513276,0.16450402092374553,0.05553377558243359,0.15180506179819328,-0.17822712108847033,0.1559868786936602,-0.1576763847433637
2017-10-31,0.30139163715424483,-0.043872803093261685,0.0,0.04351159225175451,-0.13509517090368606,-0.15274588506068035,0.18467076953788777,0.14110008651987307,-0.14069552290107817,-0.10986687795102842,0.10722448458698834,-0.03585034049311094,-0.038830308184124425,0.1518200829402729,-0.13204273186174478,0.043937688518240564,0.05111948790051096,0.13362392350058488,0.13026828673286892,0.03683703854219505,-0.13255366755597484,0.0,-0.042511519012305016,-0.03847336544939628,0.13429813103810673,0.14034511061587332,0.14329766687153328,0.05926897850164597,0.1442091102625382,-0.050537732058490124
2017-11-30,0.26744390222958453,-0.03875758774053959,0.0,-0.10813607900179427,0.10736659495618747,-0.11126335931011616,0.04122732628628723,0.12058078873605063,-0.1273797569062767,-0.10593519096841361,0.10339210508030827,0.03486590523597875,-0.10466143560319158,-0.043642691147703964,-0.0390242292154565,-0.042081895077310534,-0.038691261359251584,0.12795668304379085,-0.03600203869218885,0.03413100939806594,-0.11744072711272623,0.11526648055068146,-0.11591700262854808,0.03637536866721598,0.03640465685186556,0.12629849200456472,0.04013219162119648,0.11333083984280959,0.04176315442791185,0.10927588636844515
2017-12-29,0.24513424638404294,0.08699850808393034,0.0,-0.0872884842829567,0.08303604160685815,-0.09173671969516248,0.09821048116216427,0.03359918404748548,-0.03518231311133096,-0.08824825957853516,-0.08379484088834277,-0.031165037209310954,0.027881010337413067,-0.03482091017468546,-0.028840283870174923,-0.10645054781890208,-0.08834987571442114,-0.03316588128149574,0.07804045101775343,0.08587714290517186,0.09524129931295777,-0.03278084039287846,-0.09209495918054422,0.09123577935676924,0.028519034088188823,0.02980265241035223,0.09889848004354782,0.02952361515103408,-0.03326625125362467,0.08838370338035016
2018-01-31,0.27023161436569976,0.022382362203806214,0.0,-0.022559374446584853,0.06951487487654048,-0.07263211196242479,0.06875394855516961,0.07340542737749839,-0.09555013404655859,-0.07259149595206585,-0.0727406722876959,0.08543356803097346,0.024439393928796495,-0.08039663045415327,-0.02618265029575877,0.0,-0.07343173126266982,-0.027432654822673565,0.06664812411665384,0.0234332542725449,0.07561541369147827,-0.08716042652444247,-0.07807990770065748,0.07641338446678735,0.02277776095803827,-0.07774485353538708,-0.025733095226180953,0.06547662660128914,-0.029114553439773108,-0.02450496586267481
2018-02-28,0.2645740497137994,0.060759231782712884,0.0,0.021194548405877676,0.06582742126037211,-0.023016347762953596,0.02142646108747423,0.06694014638514281,0.02860372638290859,-0.0670725086231153,0.02122247462573533,0.08066908674719764,0.07254314128813816,0.07383050430799226,0.022172082135240332,-0.07191936144841252,-0.0671386737817518,0.0253293839579641,0.06763187266948063,0.06645302323487783,0.06930003220080264,-0.025885928009259006,0.024939743421168236,0.07249093674611314,0.06334787007573031,0.024783033406993553,0.07336120790424591,-0.06482506471617333,0.06691159169176088,0.023115026499034793
2018-03-29,0.2508237043637734,-0.05555253366612414,0.0,0.019770069128680224,-0.018247671288479636,0.062130212797932134,0.019321953148379544,0.020445426353124255,-0.06945833696265588,-0.01969741363119219,0.059667770231967954,0.06644418927134906,0.022498387745116352,0.017799322814428316,-0.061839878262313755,0.05554260278544075,-0.018650230643429622,0.06428459949745814,0.058632321226217046,0.05788686860577552,0.022614629480706066,0.06670455505614718,0.01903047241655998,0.06790280258636125,0.059974986429549015,0.02092812615886151,-0.021083370306901415,-0.061371880124377484,-0.020787094610428214,-0.06291369549844579
2018-04-30,0.24309469550289553,0.020064646496182715,0.0,0.0628784674364108,0.01987829771602638,0.02188398948358818,0.02073513961119898,-0.020355360617095603,-0.07148752239003714,-0.02060724032149177,0.056086868265668714,0.021428027611931293,-0.02220816997819408,0.0550186672450455,0.06489507029061503,0.01978793757968361,-0.05773892142680038,0.06363675420748968,0.059222149464412926,0.02131088794484721,0.06953883200909178,-0.07015802914126235,0.021072557435394487,0.022851690365876826,0.05979477896887108,0.06566134577664537,0.06444598253527617,-0.06032822153190281,-0.021423074476054526,-0.06563405226076122
2018-05-31,0.2728794279217267,0.018604639217220005,0.0,0.05351060913017524,0.017265894005704448,0.05883331998582652,0.01848034911742614,-0.050173922441046986,-0.06408766035164988,0.01753120384563985,0.016387787391019648,0.05737026698799866,-0.05989368151255376,0.017428285922896348,-0.018726022770224816,0.05462887118920996,-0.04765381660414328,0.051919603679071155,0.01793262670323922,0.018918713314226662,-0.01970022257964917,-0.06153934181104447,-0.017877199528079195,0.053134279165340616,0.018325242745995653,0.05141006787979838,0.05911966361131302,-0.05737734130850434,0.020106229181445088,-0.05516410640118979
2018-06-29,0.22371549010829617,0.020302391330438662,0.0,0.05395278284316405,0.018302305126309634,-0.05737940890652809,-0.05280690813478846,-0.05412742231842773,-0.06685636678790173,0.017852593253485368,-0.01677057231096802,0.05231458878263922,-0.06268322616867511,0.055368524024377704,-0.05687552991000132,0.054781611999423156,-0.017589672866885207,0.0553703466664536,0.0574092826274486,0.060771959321776425,0.0574843439774767,-0.06440231835381621,-0.017257230901684368,-0.018953985547881427,0.05421542230472571,-0.016511028537183187,0.058163597153216305,-0.06064221511782142,0.02002994928916117,-0.01865900658809468
2018-07-31,0.2548296805815894,0.045447309105667945,0.0,0.015139680826722984,0.04330307427353578,0.044650946908424936,0.015110997245418367,-0.014819581009876102,-0.05271732345010795,-0.04282498284978502,0.041666006181168294,0.04161169936763352,-0.04916481885900358,0.04618431583133246,-0.015759760004048093,0.0461606417230232,0.014745890022623626,0.014433111459670779,-0.015213627285802576,0.05035497216852243,-0.04934529322624891,-0.04650941584415664,-0.042056143067002845,0.04341626712062188,-0.014308178234235918,0.0423257810900301,0.04443887445652042,-0.015828271921067956,0.04506254475588037,-0.01504901634426795
2018-08-31,0.2597860814479024,0.04959494699648409,0.0,0.04795662441144784,0.047899428515096626,0.015899143128307546,-0.01550211552774201,0.01581125021176384,-0.05156932682282932,-0.015272839787994848,0.04542487906131846,0.04653282859784164,-0.016341292932227656,0.016091520694339004,0.05109241375844936,0.016196887799706183,0.014913833556556462,0.04583073598634341,-0.015219044216184129,0.05287035221224375,0.016769627065026268,0.04203822688943268,0.015757753072623254,0.04534390927562242,0.04499620166745019,-0.04583796916972729,0.01586741645595215,-0.05068706199248417,-0.04641632212171135,0.01626046903352144
2018-09-28,0.2566931059479312,0.01486004277284722,-0.012943745565139227,0.03985683467746556,0.041751493565757525,0.013268832320805684,-0.013532508946609815,-0.014943861849418115,-0.04484575046047412,-0.012843756343890022,0.03970807475791475,0.041071870275372714,0.03838022484597947,0.04115852736127062,0.043595028102137535,0.041379853513015485,0.012995722524093967,-0.013335985207472771,0.01244296093527285,0.041952990452016184,0.014096139008526985,0.038004416896588775,-0.040099716718926266,0.013004323128731904,0.03998016274096355,-0.0413486642555523,0.04402141609833087,-0.039989887872402693,-0.03860076178933016,0.040798151602106286
2018-10-31,0.25712078883571793,-0.017903883727478184,-0.051346984745141835,0.05216451775985469,-0.01781052151309573,-0.01765472433925927,0.01728177708286195,-0.01907372053883187,-0.05329273766352431,-0.05152596795990959,0.05173340267899638,0.05191040793612621,0.05202119592383542,-0.016025633370533796,0.018724605402237998,0.051966199736577186,0.01656674122314452,0.016690220008640077,-0.01696803083696756,0.01659786405135459,-0.017275378958257575,-0.015816816928524345,-0.052636803946836334,-0.01751385652224645,0.01791213331357581,-0.016198863396014503,-0.01669358068237712,-0.05210329445943454,-0.01614337934787424,0.018775423877995436
2018-11-30,0.22018986321612177,-0.019906091909626413,-0.020810078932109243,0.05892248135564609,0.0,0.020361078631055327,0.06200164897117926,-0.02134090937486066,-0.06339920308005703,-0.060914719483790986,0.057882575018113065,0.06291859117589825,0.05716763413660385,-0.019358582808973637,0.05925560129965972,0.021912372441647718,0.019912892855503767,-0.020097846811209952,0.05928336549583254,0.020901641271259198,0.06337842967956572,0.01782799797737571,0.01990291319402431,-0.0187237142014623,-0.02075408170459371,0.018817369539604143,0.019630267583459596,-0.019618343752689463,-0.0590322493471484,0.021858763883383123
2018-12-31,0.23531171775872345,0.021853552146346947,-0.062460941256180194,0.020775394061259507,0.021556715169535987,0.06116953043830454,-0.021013561729959863,-0.018971859274694147,-0.02054942796566758,-0.02023183756257312,0.05638125425313386,0.06390987470755903,0.05587133266778414,-0.019591236290161514,0.06320919459768103,0.0591211353462,-0.020621975920774666,0.0220036511095746,0.05684769896686502,-0.020606843025341857,-0.06734180074671495,0.05790799865773795,0.020160739311678087,-0.01824744873747227,0.022577788618552346,-0.02031296333070395,0.05859431741188891,0.020567162821203598,-0.0217695016079545,-0.06842275901582144
2019-01-31,0.2276861897375914,-0.02203043798908141,0.060502846745843226,0.020958000618135682,0.06154673346951225,-0.01996197943603302,-0.06592920224091178,-0.05777424154038205,0.020695580490333425,-0.020878696394095512,0.054423506768996564,0.061326105499231356,0.01839611341745046,0.02055623169698216,0.05780311584964067,0.06107216353600993,0.05833541542704182,-0.020652875154738966,0.01940121971753492,0.049589492190988765,0.06522013234087737,0.05282226222215688,-0.020827778300783056,-0.05799126748952807,-0.02042168728247129,-0.05919375332738351,0.059121065441719085,-0.020037134436429554,-0.021284391290690728,-0.021751863906147816
2019-02-28,0.21463993012213764,-0.08011516062345049,-0.02328060374047185,-0.024178494628918544,0.02486161481646411,-0.021205586339969478,-0.07362978653455741,-0.02327199274128328,0.025546636732683634,0.024958290708793712,0.0640990663758462,0.06930297595541972,-0.06608456538455808,-0.02455736760962565,0.02235433585666986,0.06960876930832524,-0.022306770476721784,-0.022474545671802928,0.06729372403188189,0.02004720307274445,0.024673372982360466,0.06623547852215671,0.071494503577506,-0.06754340462692958,-0.07298178454952298,-0.021791494298803407,0.02311720600217514,-0.02346168483582139,-0.02573235175301242,-0.02503064398976396
2019-03-29,0.2339219346623687,-0.053569563003397894,-0.050753460712531485,-0.018380376786469917,0.020029604567464897,-0.016611151496730085,-0.017990024880665194,-0.055018532944447744,0.01907694440543369,0.05552011330839722,0.015522581339996235,0.018636495472655817,0.05198397338504599,-0.01980856964012307,0.0506162142533435,0.055461660902210726,-0.05135490338466086,-0.05469406471251653,0.05175348979825062,0.04874213236982519,-0.01972018066532283,0.017655946990272075,-0.01842955061121244,-0.05038052324656038,0.017228799837427287,0.0175099660121468,-0.017882876306804733,-0.051669685947219414,0.020606230569269777,-0.05281382935180937
2019-04-30,0.23798538570757927,-0.055721819853104024,0.02050550687765488,-0.020196140691383313,0.06201843917085286,-0.05508206537420021,-0.058373778873902805,-0.06166600871135241,0.019182536704013757,-0.06027917924808659,-0.017970453779215433,-0.020643713759761817,0.055075552764160915,-0.06262089883544013,0.05907847028383005,0.06277452215017242,-0.058821910221333325,-0.019709140470408785,0.018237813437827727,-0.018576586900166843,-0.06447911545977164,0.06294357551062894,0.020626035247072093,-0.0566387509553434,-0.060204856639077445,0.019700477141238664,0.019754858621358555,-0.055561734355952866,-0.062145955394962885,0.01992042563659671
2019-05-31,0.2251688464671071,-0.05703461810539412,0.05726930399785484,-0.05749150638306658,0.017791970960048885,0.01869894265899809,-0.019263878468702745,-0.058326112041367145,0.018877718803863644,-0.05768751905490969,-0.01858642954371386,0.019617130905093087,0.05729757516158578,-0.02008994140946255,0.01990629879975161,0.05928843396263913,-0.05929908889460107,0.06002615764806989,-0.01897832400570612,0.020010220877873575,-0.06037184244564978,0.06298488043085018,0.02074836546874008,-0.054656970936391255,-0.018216901929722733,0.019394024717873333,0.01954175445555869,0.019682089135824032,0.019790232342829134,-0.057966962736254936
2019-06-28,0.22121246744079767,-0.05466422101441472,-0.05556891379547668,-0.018710274258291536,0.05614972393276889,0.05619205123709329,-0.056077002663893864,-0.019210797196397785,0.018794221137059995,-0.05582566159942915,0.01879361258348439,-0.01878092276316011,0.019318967322322644,-0.060478790092460474,-0.018358553249343636,0.0558666564754783,-0.017886267823985547,0.05749143989310038,0.017273467002995847,-0.019753903208182037,-0.020022427138785895,0.01942258953016184,0.060899427782511624,-0.0532332604330571,-0.05497708957005525,-0.05308547611426817,0.0566345295328883,0.05746203384973778,0.018836547603852685,0.01896728581947692
2019-07-31,0.2275254446080818,0.019718376125592393,-0.06583366261182626,-0.06359374860706737,0.0233258589105449,0.02121458459105625,-0.021499764794553015,-0.06699917021075456,-0.06445237438872072,-0.05858574538045088,0.021215790308260225,0.062388387327701425,-0.02355797721180158,0.02124526738836255,-0.02139783544732121,0.060521790326503316,-0.061755385454113625,0.021329370274330232,0.060388749994937006,-0.06716559489925322,-0.02352323900851494,-0.020791728708335046,0.022896886054732727,-0.019623032442437946,-0.06479135408420769,-0.06085262338110573,-0.06337421258063802,0.05268427306925546,-0.06613246749399833,-0.06976899053360118
2019-08-30,0.2063891659702118,-0.028583911562456963,-0.09204671378778859,0.028832324025034498,0.0851254168524476,0.03013560562038788,-0.03044076200649565,-0.0860375909620286,0.03045778371946668,-0.08051214467227548,-0.03011608982811439,0.08844909981736322,0.032756291222032025,0.030212931447400535,-0.08391864333276998,-0.030778718900848445,-0.08660351734413005,-0.08807464078564956,0.027396112668708256,-0.0914188288387858,0.031355607607459965,0.02549737927186766,-0.030255581298277857,-0.09163728847351368,0.02931219126661593,-0.02734035844431743,0.029702528571888025,-0.02688756996413458,-0.0982698714631187,0.02936377748319762
2019-09-30,0.23834473834396638,0.01732463922862,-0.018464299409922277,0.018118863608109034,-0.01689633400143781,-0.05558590512009981,-0.05807895869256842,0.017662863875180335,0.01806756498647234,-0.05602935445749157,-0.053639085979784625,-0.01817912156187493,0.06142660501718734,0.020922694802501234,-0.05130656286875587,0.05606493231358066,-0.01921867569366738,-0.0545599137015908,-0.018262116239083245,0.01913388377407469,0.0584650520075208,0.016850251456414993,-0.05530476831152547,-0.06079010594338861,0.017792760287677917,-0.018535193501257364,-0.06066581752724289,-0.052024337935091654,-0.05989033154602954,-0.018602285614546826
2019-10-31,0.19627226937439296,0.06468503272097284,0.022985018295841136,-0.023259143486568983,-0.021314883143179475,0.021957596476727688,-0.06610384674619946,0.02204090774293273,-0.021773756473054184,-0.06953071602771095,-0.021729236870306534,-0.06782586314001923,0.07005783514236272,-0.07748341625032133,-0.02221995962285616,-0.022009333004379367,-0.06867972111773077,-0.06917396046275058,0.062155223567327375,-0.06945279795596805,0.06561566861087396,-0.019603457958667605,0.025098576014308604,-0.07493630532428525,-0.022527429089138476,0.022445113913822805,-0.024379353407819403,-0.06899857630362355,-0.023656649874427463,-0.07278372188066742
2019-11-29,0.22589390035286924,0.04567565735847036,-0.017267884251305887,-0.050932336550486616,0.01551538706008863,-0.04513901896857534,-0.01679330591540727,-0.015181765080349484,-0.016766022551877098,0.01613029617413244,-0.04849980438386094,0.017138907576687686,-0.0161430255094154,-0.01934803594714159,0.016735146993925552,0.050681490127897695,-0.04785905965451121,-0.05095216344808683,0.0466056338364485,0.01704694504231224,0.04775741271767029,0.04348829907666262,-0.018991650806017606,-0.018701402666760344,0.049869118074128825,0.016705199771188048,-0.05632556998790961,-0.05054196361937809,0.01751047063675999,-0.05583345214469183
2019-12-31,0.19001432747405794,0.06162707839345642,0.020562019389486874,-0.06509494642162733,0.06162621796228394,-0.056197664121108284,-0.02233459859589285,-0.06005151771445223,0.021758014623234158,-0.02011817476006745,0.020158113918319877,-0.021846008903108817,0.06350027797070534,0.020964652755812368,0.01949718935600991,0.01964661899987896,-0.06101383300956096,-0.06144063633303203,0.02060911521767275,0.0640316340238623,0.019966813396193887,-0.01937980054179593,-0.07265598626516567,-0.02267148240910405,0.021447408173867043,-0.020276618351048208,-0.021800708317422663,-0.021000572405990767,0.06202479288182867,-0.0685603107441437
2020-01-31,0.21409953017061675,0.01789142359021418,-0.0460466177428259,-0.052105758817122594,0.0491719169477038,-0.014471610655344221,0.01789732694700212,-0.048429993810682866,-0.015910441205971192,-0.04969109628202793,0.016569585744601795,-0.05412892305320313,0.015707102848104032,-0.015428515043415147,-0.015499298002376297,-0.01535127495231929,-0.01724202933654597,-0.048284926895997796,0.017039809876615384,0.015806015065395213,0.0507663502044287,-0.015703243907756646,-0.06269217633953186,-0.04832575049580305,0.051790443691287824,0.04369704916296165,-0.04915340429867168,-0.04870569574692026,0.01630620266010305,-0.018999720859121536
2020-02-28,0.19787541809523546,0.024102172194604615,-0.06158303605794512,-0.0689922402506135,-0.06636488701196733,-0.05713684235716102,-0.02317859018486654,-0.0209512200583277,-0.05828225856390679,-0.06209468187201588,0.056701861324937985,-0.0215886048324271,-0.019357493287759868,0.02035756781134616,0.019743961537202342,-0.020509409768939554,-0.021730913134276723,0.020573466940925118,0.022199962885660937,-0.019624019844773074,0.022257656920847458,-0.05951607743287569,-0.022230443535843893,-0.05944176120148303,0.0217757843932116,0.05574104229966632,0.021066470139796015,-0.06142507347884723,-0.0639287211046992,-0.02562645998734386
2020-03-31,0.1982620395048449,-0.02289842626103677,-0.07121832189496308,-0.02170345532288012,-0.020210917795125082,0.019579904706274024,0.02265905959234691,-0.060470216177909986,-0.06317740966292068,-0.020984260582335462,0.060274038874145126,-0.06826779760470042,-0.05903134929322833,-0.06829916058464881,-0.06343298115437096,-0.022536119147054452,-0.024393046584363556,0.021964423127736506,0.023229649645531206,-0.058904738018746634,-0.024084173856573517,-0.021638889288647715,-0.06850904167652776,-0.020029011273959698,0.021666566252161762,0.020646749402263714,0.022664566337633512,-0.06953001728769864,0.06651625057437308,0.025855267380595584
2020-04-30,0.21686484211606388,0.017651465932208506,-0.017530654808244624,-0.048702332322142376,-0.051578783690592336,-0.044258559588685534,-0.01708328088789085,-0.01569041108141322,-0.05251659597076237,0.01676924254936539,0.05109909047531651,-0.017079422246092,-0.04995158351514783,-0.05402792666441215,-0.01620760463787434,-0.054071576317309446,-0.056261694880676706,0.016769365547383442,0.0562253929186411,-0.014628920981552445,-0.016999106306991963,-0.05067499888607499,0.020027144166960272,0.015724462192303855,-0.016602127665505523,0.016245808017680573,0.05398513413169408,0.01760499940849455,0.04938440972957188,-0.05117956190466868
2020-05-29,0.23024977227690457,-0.01691823429761718,-0.04490547226289442,-0.014500089601607447,0.04425930231321709,-0.04415096496027764,0.01507829436301891,-0.04108716833683082,0.014580275050185613,-0.016486099014840556,0.04796418426937119,-0.01492487711901204,-0.014914014342110603,-0.05195262270898694,-0.016068111294390036,-0.04565147287290678,0.01649862257179446,-0.015586216557607422,0.05069299590089683,0.043889847051391186,-0.017147451299422783,-0.0472287328747264,0.017175175994829917,0.014739076825719483,-0.01655072280350259,0.0434142605001014,0.05142548146488212,-0.016771465722871005,0.04397202247080083,-0.04686935520910126
2020-06-30,0.21744839015003103,0.015823677186539254,-0.04857824910910096,-0.015267128878673293,0.04553928013208504,-0.015596455499962124,0.04726528012628999,-0.01465645337288896,0.04389096139247431,-0.05032479183529577,0.04597767721938193,0.04363004740750143,0.045634869318035176,-0.056283790911640576,0.04735216229092135,-0.046389393173287864,-0.04577472812498011,0.01676296188751949,0.04966966857793701,0.015767539404079812,-0.01750839027976336,-0.050615744708667317,-0.01752017247160071,0.015958585160159165,0.01610489217228424,0.01568858625649739,0.049485258798075506,-0.016881501962739433,0.014327381630604569,-0.046350368422373264
2020-07-31,0.23144198988662867,-0.015425427053843782,-0.016595981351831827,0.015862396062896817,0.01535238283595456,-0.013940368472133218,-0.015365018457008571,-0.0420341486007411,0.043640977261353575,-0.05269474254118325,0.045094974089495934,-0.013426799059476125,0.04506111486284175,-0.053015949318412,-0.014549363427509513,-0.01549048320542299,0.014320151168134537,-0.0483590051718687,0.015133826439658573,0.013794803387630417,-0.04704121635458263,-0.04446801162739143,0.014805500234539406,-0.04278925265233988,-0.015165884278547483,0.04212295343314328,-0.015953412286272582,-0.015561249065387434,-0.01449816442887896,-0.01441022820508674
2020-08-31,0.24135686178091886,-0.01760027567978367,0.01753433723943043,-0.05088344993023123,-0.047127621530216796,-0.014791892032607968,-0.04829172948205986,-0.014495853400131185,0.014825618578181633,-0.054556727290317464,0.04491869406135268,0.014073633272341051,0.015521722315564554,-0.01668614121077742,-0.04342815695307414,0.017732792255614985,0.015997515700999772,-0.04647076002265217,-0.015994593649162975,0.015661282918136333,-0.04863048006856582,-0.0459331562805548,0.03991025723183148,0.015554671974447236,-0.016755458145185014,0.04538370703936155,-0.049023822793424675,0.014825089630827511,0.015712910744952863,-0.015208729546154992
2020-09-30,0.2245133113499731,-0.06267261703481398,0.020750213111283666,-0.02131946118343964,-0.019232440053474485,0.018879082646183855,-0.0552035891837512,-0.01881947891625238,-0.019585301417718026,-0.022889021395637026,0.050964121598763,-0.017281208141790787,0.018938314518154767,0.0577251559901711,0.019357484643684586,-0.02217064551681171,-0.018383554545462824,-0.05799945092099601,0.05672928156066254,-0.019685601208476965,-0.06276621476034312,0.017063436217919305,0.05025910115025918,-0.05767787560849406,-0.01686581009848179,0.01915614610089928,-0.06073124124021287,0.018399377686416866,0.020291557307300704,0.018140632094244612
2020-10-30,0.20973677060539409,-0.048815401968522625,0.017072951158030314,-0.05457231236372688,-0.051076803160568715,-0.04690228324441655,0.04790163096179028,-0.016951283422364415,-0.016950849571657947,-0.05396813799790506,0.04869699113752022,-0.04557163108642243,-0.01654051440361562,0.04671571943680008,-0.05006965588358796,0.018289133874877576,0.015186294857425122,-0.04794958399941262,0.04838633480564006,-0.01771480812018663,-0.053563413374058046,-0.01423489674630694,0.0150023362317917,-0.04548065855465507,0.01532543771090835,0.015821537167156258,-0.05108423075498657,-0.015680682893458957,0.05439109626131559,-0.0485949747718821
2020-11-30,0.2052883735200217,-0.016372069293485243,0.015265839132722454,-0.047856799843515395,-0.05163912526075473,-0.04479254966909527,0.01511540793777212,-0.04656074407338979,-0.0480094586555828,-0.0485440816884779,0.015215034137666575,0.0429372550824939,0.04649043277166017,0.045703526202976553,-0.05113290496742246,0.016608995846179895,0.04315738117224731,-0.04536079068989789,0.043950155779418555,-0.05053531283385052,-0.05165260898813856,-0.04204468495919145,0.014635697604216577,-0.044164556515476544,-0.044375516875776795,0.04708775732572274,-0.016618747581260022,-0.047358225240539245,0.04942250069301307,-0.04517506952841725
2020-12-31,0.21803996064400097,-0.019157505189579045,0.018431959282981514,0.01963157182730734,-0.021894819356600752,-0.019190962880168812,0.052150007406688854,-0.06049448265434957,-0.06587862042425387,-0.02003099483215375,0.058286862024432756,0.01859610847755407,0.02065148520305278,-0.05897599548172922,-0.06086755349194844,0.019540340983071246,0.05792085017459839,-0.05508095877705352,0.018662170648180647,-0.05647192009710875,-0.06070581068965257,-0.018533164362937768,-0.018972190967194814,-0.01857669909771236,-0.0191803076348215,0.05937206166810639,-0.021990840524265066,-0.05914901205396346,0.01985708138460571,-0.05920262144172622
2021-01-29,0.2223099562033012,-0.01631472884889621,-0.015601700175662023,0.017068792119413877,0.01908986374587826,-0.045606424089235265,0.042841230091967164,0.01674773501229599,-0.01740304546533507,-0.016150433672334073,0.04508185173937863,0.04595071044875417,0.04535162855896916,0.04926929034465914,-0.05041968887202291,-0.015719991031959826,0.016404936368067183,-0.0143898994784704,-0.015432848069583175,-0.046290424128236494,-0.04954117654759416,-0.042950866532178784,0.04669697422328555,-0.04579872066502928,0.01631292015539955,0.04694024798735826,-0.016452818838068758,-0.04821274834944117,0.050896051498838774,-0.04880375428152111
2021-02-26,0.2586573993747397,0.015422363939459336,-0.0403337046473753,0.0164138462926126,0.05452084556346006,-0.04367165729664886,0.013471736402831527,-0.015250817837623968,0.047669370761009,0.016010273525695302,0.04515530308120364,0.014891176604263208,-0.014470832889184156,-0.016521064911192256,-0.044892974202939556,0.04351450776356926,0.04301650827752694,0.01381897739930568,-0.01553470605946782,-0.045590627878034265,-0.0462601753395523,-0.042055166951141455,-0.015334909060086506,-0.014354204472540363,0.04993688443152047,0.048025257095484546,0.016764036195353514,-0.04611390801601935,0.04930450953359557,0.013992848383046156
2021-03-31,0.24546944708188104,-0.01590540225015353,-0.04295800405455159,-0.0490376909348707,0.01651904303782436,-0.014946869443009738,0.04093511216154777,0.0146715558172653,0.047877135601279215,0.04328302037114089,0.046404789385415784,0.04477309288710388,0.044691436771748666,-0.044510936871406975,0.014099516663643511,0.04407668350873828,-0.014458002958224137,0.013713065911200787,-0.015773943685384074,-0.04375875629771274,-0.04618850196545943,-0.04187703440101374,0.016067112385930414,-0.04551607153960642,0.04741809018169516,0.041016970002007935,-0.015606682304774966,-0.014604598991828307,0.046497127782154986,-0.04095824974342513
2021-04-30,0.24420190922159088,-0.0500527938681064,-0.04576812502606369,-0.04762011555818733,0.04889450170623475,-0.045814322713753054,0.013651409294047916,0.013114608392179332,0.014879282629072172,0.014921344604060952,0.05083796611460215,0.04240123546323041,0.04536955300107518,0.014571572553301835,-0.014769975022593853,0.014399449222950346,0.013990787454681401,0.01501040713253459,-0.04587643801843452,-0.014923614107107014,-0.05136663099819711,-0.042040528780554115,0.016116187025018616,-0.01408508580408324,0.05008446527288722,-0.01519791237159812,-0.046169689905893325,0.014939333782020394,0.04535724650928233,0.014906067094164373
2021-05-28,0.2312458914426605,-0.020324323326677968,-0.057345794743124644,-0.019245164299237855,-0.057520044581478275,-0.017820752523695894,0.048269452331074374,0.04917293539899622,0.019731265843580148,-0.017860374106498426,0.020739897037071117,0.05545159327503826,0.05338090401620545,-0.017824174585686206,-0.01846306817363392,0.05440439499590462,-0.018292030631542007,-0.018252177684224206,-0.06066090492678831,-0.019683326345815533,-0.06788962845724036,-0.05515398350370529,0.05655487325404141,-0.05676474226930072,0.06449337355042586,-0.018520216922737576,-0.019360644637440524,0.01948907718648668,0.017952682547128434,0.018348465053555967
2021-06-30,0.26643283714087634,0.020071680737317736,0.019990518164819185,-0.06265384930467062,-0.05967210966410437,-0.06144141012181761,0.0535783817331463,0.054384063256085406,0.02280511702513621,0.019188502592619745,0.06247482883965257,-0.02021099400522542,0.019516167054049273,-0.058578261576193856,-0.02092197273280115,-0.020736561878536074,-0.020644217744337025,0.018857139715491276,-0.019670001275193548,-0.05646045469336531,-0.021931078644153286,-0.019564024882815664,0.018792468287225247,0.019344936481047778,0.06496751291447689,0.018116203575143312,-0.0223182726838419,-0.02024358427261543,-0.01870028472924741,0.05451349506317694
2021-07-30,0.1872625423094491,0.022487965062635052,0.06188377015529432,-0.0690312419653779,-0.06235931364234202,-0.06471893304728903,0.019984864530429112,0.06321916459016368,0.06445708287205254,0.06227495601300355,-0.021971142160331053,-0.02170952316100045,-0.021823820638576272,0.022145525834880588,0.02188379668304601,0.06339674503101762,-0.024424593385985766,0.020140746389056406,-0.021314464277787087,-0.020946283238129866,-0.07518491195305488,-0.0684674464900558,-0.06303192098741031,0.020289981807342938,0.022923854487558702,-0.05843002097941793,0.02329388008075934,0.06289782455969113,0.021173713740652543,0.02056358101481541
2021-08-31,0.23179218903885931,-0.019958453828674137,0.053979635224868434,-0.017870970305732127,-0.05392339434041534,0.017367804819579124,0.053068903713508885,0.01798355441415504,0.058658252554158956,0.05433110064157345,0.018002750323210626,-0.05317705252131931,0.01741320082829045,-0.05107572249250373,0.05593189852251244,0.020113706949592358,-0.06449873140287633,0.017973510447424138,0.017749549458852962,-0.055724015415486106,0.02308129409796915,-0.056059862255221624,-0.05190988140937711,0.01742967791222691,-0.01827225823150037,-0.016686532173605415,-0.01900513867529299,-0.016141922003990637,0.01826385706368965,-0.05642799370467328
2021-09-30,0.24816037811972236,-0.05550372324523897,0.0504743998087426,0.018872105430579458,-0.05276805459693194,0.018178467044303603,0.04952799446354957,-0.01770137497483233,0.017618639281364982,0.05433427451571825,-0.017116226609535,-0.018445827371178183,-0.018481001204023805,-0.052802981479621855,0.05324080921695673,0.02073537259497309,-0.05952775549645983,-0.01719727329964434,-0.017543454529005128,-0.017877899907022494,-0.02182350287762967,-0.017135289644400954,-0.016784857060179244,-0.019119697539180237,0.019078435378283354,0.016069729553909964,0.05762979281109425,0.04831965762575086,-0.052005730599978324,-0.019853510981944007
2021-10-29,0.2354450310082434,0.01616089755801824,0.01524483176956269,-0.01544964854413071,-0.04649793523357736,-0.014501472193724699,0.046603957695923015,-0.0150577998712966,-0.015978425592931653,0.04780066507524152,0.044425435070491306,-0.045725996984370826,-0.04436082287565583,-0.0151271987042964,0.04556106434131778,0.05568706896747809,-0.05244672655599455,-0.015835650370609515,0.01567217973819132,-0.04639924285194482,-0.05233218686895101,-0.04420134848716473,-0.01429988149146477,-0.051102629439592796,0.050545210181649355,0.014234010509308656,0.04934502579191465,0.042783479380553546,-0.045144231162599135,-0.04744286796492718
2021-11-30,0.26029378392751773,-0.048260517289067086,0.04494538515919801,-0.044968321789270696,0.015119541576805747,0.014724518363474604,0.015213526082723167,-0.015980345777338253,0.01668391687938832,0.04921554409251173,-0.01545705921991117,-0.047845495075429664,-0.04346301716991068,-0.04976389971429501,-0.01619266093880585,0.052771727043793126,-0.05158980558051035,0.049821175147768876,-0.015759574026220365,-0.05019042687932176,-0.05494442138163089,-0.013824873286912117,0.015403302479224017,-0.0513719415710849,0.01618722781513128,0.014108787397185551,0.01576727152596404,0.014629609469097471,-0.014675751101296371,0.048077167009540706
2021-12-31,0.268737308942164,-0.04294299685345099,0.014033037173748904,-0.013705805132085655,-0.03750508130544253,0.012811737169455975,0.04189923365466307,-0.013639889975167765,-0.014230553626335858,0.04366064688658595,0.04114205675772732,-0.04243580237339503,-0.04050630056901309,0.014680838603658665,-0.014912207940527259,0.04302196197952566,-0.015460334540357468,0.042930729009264895,-0.0423285219203406,-0.040293985052463704,-0.04366310592488422,-0.03801327960745622,-0.014081984782461148,-0.04454531330559028,0.043171381640232535,-0.03714476501927009,-0.0435976574833727,0.013672675305861888,0.013659258643899427,0.03858020645201829
2022-01-31,0.2586668736460975,-0.016746906605375946,0.05262840547445316,-0.017349110032478545,0.016235859754450594,-0.05025265968344541,0.05326183944609705,-0.04574491920096352,-0.01753619992819217,0.016784965268157533,-0.01580335237638275,-0.016043123283234716,-0.04857924124142199,-0.01788972816990788,0.016904278334338732,-0.015923839277231698,0.018083434890980906,0.053927325804665936,-0.050702076009159776,-0.04953791846719722,-0.054884467541079965,-0.04621877198523173,-0.018678785322987723,-0.017813014640724514,0.04715236695512933,-0.015626222120825095,0.017319604699550073,0.01660476770337821,0.017215648572590194,0.05036348784284348
2022-02-28,0.24985784094399624,-0.04501043160884966,0.04401575363108916,-0.014945437245823975,-0.01388519409889036,0.013846363966026076,0.015374683501644424,-0.04202955059438533,0.044689850786391504,-0.014751852211259278,-0.04382690982203508,-0.01274310436237904,-0.042398562527262436,-0.04549716274997494,0.04069577829601994,0.04343628070038142,0.015456292712842276,0.04602693153596821,-0.04242006151284004,-0.03951853533732713,-0.016004033243056145,0.013101311607465894,-0.0164367122744557,0.012646428015911291,0.04136147770608282,-0.04029971877221975,-0.014026785131573122,0.013573380389548596,-0.0451819313917522,0.013917264381078445
2022-03-31,0.23326110283910986,-0.017580561308569956,0.016050440933074766,-0.05612524536609504,-0.017257881087716722,-0.048865211116885084,0.05476518317710425,-0.05078627033292873,0.049851298948105804,0.017466408566673065,-0.052324010445102834,0.016256180852974412,-0.016792690608675272,-0.017039207312094178,0.05047676634289687,0.05735473501708668,-0.019409724806911628,0.05837010791488517,-0.016979939358405773,-0.04777504691265085,-0.017040318800100474,-0.05057585551045756,-0.016868043560642747,0.01610017279895579,0.016710880137836445,0.01739331594171169,0.017510884102853744,0.05561797903635189,-0.05237529471509969,0.05008543228005272
2022-04-29,0.25265524422850366,0.05265511744443543,-0.01575058977292389,-0.019589356076599406,-0.05210927271394793,-0.04423331357263932,0.018651685964385774,0.016344758403235852,0.016549725512823597,0.05209732047427134,-0.05216386969586266,0.015791243706959383,-0.0181765982493444,-0.050805902380954546,0.04912969854354403,0.019059186850015345,0.018413068563099315,0.05189894298492069,0.016852119638531705,-0.016112387577225756,0.0168563321172778,-0.017082668861081916,-0.05032919730638519,0.01616442347032335,-0.01708068743062017,0.015053334342534438,0.04817742072892931,0.05233036637083902,-0.04994388227642649,0.048951532327406504
2022-05-31,0.2545179263307613,0.04946560747880308,0.015919367104770904,-0.05377523122753607,-0.05114283888194694,-0.014812833005458813,0.05468912454769944,0.016663972238302897,0.05073339556185447,0.04657369786047311,-0.04865596672721883,-0.015539471574206416,-0.05431398958091767,0.046146457793464456,0.016458226278389887,-0.017600716714822263,-0.017861025674234476,-0.016760900945218295,0.016821045801217453,-0.04845651451057759,0.014688937204479679,-0.016773209927907113,-0.014855728306521388,0.046072334367540775,0.016823866771547274,0.014488359137864358,0.044688633273118325,-0.01537822902523122,-0.01487614278794806,0.05104672621445997
2022-06-30,0.24224658618724604,0.02439169128449194,-0.0227066019589954,-0.026340116008067748,-0.023555428953802696,-0.06245929003608364,0.025828102771801725,0.02327922203642992,-0.02333589630679445,-0.022291443105066984,-0.06961544911416805,-0.0729327153152559,-0.024355842582558233,-0.0668912347238463,-0.023099679927882606,-0.02564574281830044,0.0772673353622616,0.023689719706114692,0.024352647402735315,-0.06953699283468288,-0.023023622661485974,0.024978091308409202,0.021235002005458862,-0.022214672095675937,-0.07742007947746954,0.021124709044122905,0.022717887079724334,-0.021132644704876094,-0.023165636250892633,0.024643469347670192
2022-07-29,0.227999746476245,-0.020585064657158095,0.0617416379247723,-0.06790164662788194,0.01884704110580357,-0.05553523202783735,0.022180470351456545,0.01971387521080322,-0.019885975200652273,-0.019634778409660044,-0.01794836129276906,-0.0606477310723969,-0.05792717580553285,-0.05280377268707894,0.019736785198833887,-0.02038645373417857,-0.060032803127419314,-0.020752162913474155,-0.05703918849284824,-0.019397260309399006,-0.0593564943374045,0.0576134032312921,-0.01770493453632621,0.019461011750108406,0.021782313542103283,0.055473708002086466,0.05815792796094443,-0.05749776631335842,0.01803241111345879,0.021587760044475626
2022-08-31,0.24971583617014168,-0.052052625357609565,-0.01734971160643986,-0.02163884431724504,0.049800246390605755,-0.05088394496936766,-0.020827462027024315,-0.050563072174025565,-0.051657682242149186,0.053373314544890596,-0.04875404753347702,-0.05369397218182695,-0.05264140454509617,-0.05053315259286346,0.052756449293637826,-0.05795159380480025,0.017829346349748983,-0.017813717698306104,-0.04970570813763186,-0.05278139879048474,-0.01923306849477902,0.017314968052272266,0.017213207253445266,0.04651757185144547,-0.02051556323915967,0.017674923634690327,-0.016310287816968524,-0.05133025328176145,-0.016341271331805855,-0.020061393102052783
2022-09-30,0.23627284092799333,0.01756413539647492,0.016964583802266755,-0.06673313321570785,0.05360261286398505,-0.05146374369855764,0.0213463362874024,-0.05665669884872038,-0.049529226866846965,0.051743954287465484,-0.05309502306527176,-0.018740143840831995,-0.05518007359336162,0.050860103847972106,0.05357506442360919,-0.060336479824189715,-0.017853657792383907,0.018380706308774104,-0.05409850075259463,-0.05567453531987447,-0.0556911463298763,0.050703304176716216,0.05518879771883354,0.01758834365072311,0.05655410279169208,0.0529881245397882,-0.017164890575467173,-0.016920530034006863,0.016001162583086218,-0.02127273782790482
2022-10-31,0.25735926781187723,-0.049031294051998096,-0.04865642118764515,-0.05720622990111873,-0.04702685716925,-0.045355386466999395,-0.019582604924322466,-0.0504335743458354,-0.04477802091609511,0.014861290651845974,-0.016796801990208443,0.01773864484240144,-0.053177791792649115,0.0484862319284513,0.017094201413137233,-0.051378964599783396,-0.018221673481974676,-0.017201629837992786,-0.017977316095253857,0.018088041299466437,0.01568477045769569,0.04782505547077316,0.017591311027928287,0.01743232472753824,0.05043459437563058,0.04576691718846765,-0.046429386122539135,-0.04308382407079654,0.04936210332169267,0.018074774198229508
2022-11-30,0.24336531290788457,-0.013948059978728142,-0.04200752333268106,-0.05427476272202794,-0.04318085200163585,-0.04108421586607532,-0.016776583174329156,-0.04279567309897545,-0.04227317008898825,-0.04328477260684979,-0.014493096932156828,-0.01586156902186965,-0.017091244954115972,0.015156197277741243,0.04504742136145238,-0.042212006358146315,-0.049826603319097953,-0.04587352123167253,0.017062129319237642,-0.04881218966690595,-0.04214180214009321,0.01509797094924984,0.01614730785464904,-0.015352079451783634,-0.016206054570204804,0.04377946515481146,-0.043028280985523984,-0.041654689679685566,0.04487668925032636,0.04847401705021265
2022-12-30,0.23341962029469326,0.04769060328696437,-0.01797956273352812,0.021839611872892413,-0.050538474092001365,-0.049498647704809204,-0.019353503435675858,-0.056623639436830214,0.017532989552050286,-0.017546631185682855,-0.017603269502615048,0.017876276512199255,-0.019814623859081244,0.048676716441084567,-0.018243648546194837,-0.017048039071959793,-0.05360464169176587,-0.018805425596014384,-0.020513187825625695,0.017611985734078937,0.016875560178353833,0.01704715588682575,0.019058750442362087,-0.018133632356703785,0.0565871049544355,0.017098337141918947,-0.05289218970429198,-0.0480160809014521,0.05432898385040456,0.01852958763315989
2023-01-31,0.21145522061437796,-0.04524674197608462,-0.047465558939549686,0.021823062229158696,-0.053457600256286264,-0.016716134448294204,0.01788534110478966,-0.05278430478338282,0.054084756663481524,-0.05490748111781579,0.017314102322359772,0.01703525270806311,0.019662449312691732,0.04413786234403438,0.01805323383457766,-0.0520281567787105,-0.01675841004659824,-0.017043901892811585,-0.05617563632258626,-0.04890167366260427,0.01615838442212332,0.046984326482832746,0.051068014467144596,-0.05363193051099689,0.01748031717252997,-0.016739394859072033,-0.05146986156548728,-0.0163692089694256,0.0161239281067255,0.053334514931130936
2023-02-28,0.2278618181381081,0.04516654346054032,0.0163155514893088,-0.018969261942085175,-0.01783843885776104,-0.051619976295610805,-0.017515712383926116,-0.017148827977463876,0.056364889620447126,-0.05530885174937356,0.01637848355085488,0.017846474301794403,0.018339726514556558,0.04574088424653123,0.01767734599310247,0.01724100528143287,-0.016213348525608403,0.016969392345782944,0.01808987626289078,0.01717032237567033,0.047277144820174456,0.01651773100326295,0.04855497124446714,-0.01701592532765816,0.046010737813959784,-0.015635584171936754,-0.051341989551511404,-0.04846453689111895,0.048446046096346305,-0.018153210939451946
2023-03-31,0.21001562546179067,-0.01807820768775441,0.019082141822721596,-0.06803472808357207,-0.06547628771475987,-0.058742898895394635,-0.02119585480370473,-0.018759332266155733,0.061266494127204744,-0.06490944121203104,-0.02028083947703656,-0.02116255251925808,0.02031420682027657,-0.018602934560837663,0.0644472103775533,-0.06094682926463187,0.01896801830797733,0.020834208572371248,-0.059117236676492074,-0.056966068878118156,0.058587804220327416,0.019397029230904368,0.018699236609565087,-0.06364789655424716,0.01716482202528108,-0.017729880843576278,-0.01841727928238497,0.018681387794028503,-0.019931509780248092,-0.05784810688045192
2023-04-28,0.24249339230409708,-0.015946839875084495,-0.01659546524093802,-0.019661231994452327,-0.06189170509988593,-0.052304250222624867,-0.055674211795060796,-0.016068302463543172,0.05484700131753398,-0.01958471965135359,0.01782162710547629,-0.05638024642497521,0.017137337876711324,-0.016426697163988455,0.01802144702915493,0.017378198768593877,-0.047627640029845396,0.01895994237763546,0.018255477224998425,-0.04336525289300531,-0.01762503172959707,-0.016378897053561985,0.04964067878722464,0.01774233989783215,0.04838117387213058,-0.04961490852135763,0.05060144967619671,-0.04919763442693506,-0.050185063620187965,-0.017478108498895136
2023-05-31,0.19871535970353035,-0.06000929102687544,-0.06218871870726831,0.06093038504830754,-0.022156944324570913,-0.05838069320131074,-0.02054358752924483,0.019134806949846084,0.05947389252913815,-0.06798640130140277,-0.01953998177389225,0.0213847850918088,0.02017411357960085,-0.01968395180070519,0.060557213000950225,-0.0634734623126794,-0.05706583636521732,-0.061114774419316516,0.01815031903549986,-0.05243751091639426,0.020707225765529733,0.05793092471109303,-0.01800216024243374,0.020465865361219054,0.018444538956223396,-0.05973441777341826,0.018218677810988796,0.01927264923150886,-0.05659857223489819,-0.06232529062735142
2023-06-30,0.2133567295434205,-0.02062216018176642,-0.060918169803442744,0.06157066889157194,0.0228312725328359,-0.057903047072050066,-0.058111127561483455,0.02028219456315034,-0.06073139628793334,0.022686308334403753,0.0554934298814412,0.06306568737051446,0.021469636122444492,-0.02030501082215844,0.06231279521309859,-0.020709264573099326,-0.05875896532959605,-0.021953723896195845,-0.01904125467318394,-0.05091060119845592,-0.06092778439556434,0.06364218066757797,0.05384967416726516,0.061858311586309285,0.05564545034897163,-0.061812718026877975,-0.019882813095062936,0.02018439062759263,-0.054093585103842726,-0.020770312514797155
2023-07-31,0.2166676608305971,-0.06552373025722616,-0.06074706588223627,0.020437639152768448,-0.020698651741490156,-0.05942529112162463,0.018297445601724648,-0.019492948932487108,0.01953817065148835,-0.07007470454989304,0.05940568797715417,0.01922589050623974,-0.06374186277375964,0.06038309663124964,0.06456171169425279,0.021249012137585534,-0.019685550710447804,-0.0652711627471579,0.020294187565205617,-0.018208196065383236,0.020254787472188722,-0.020819170389192634,0.019110383084441292,-0.020841062331765994,0.05551658668569841,-0.056697531875804376,0.06213945196050319,-0.020426804310662187,-0.05826711392400819,-0.02118048889769588
2023-08-31,0.18707597501850087,-0.021473688801654806,-0.061221834899122286,-0.06556477064807396,0.021272739684124724,-0.05998839982636348,0.01899992508650478,0.021124354745281876,-0.020302106353965187,-0.06767354228699236,0.06144023545678163,0.05694872917670282,0.05979331538710971,-0.021115918599500308,0.05919045929912187,0.023219991771926577,-0.06031567853226759,-0.02183455424665121,0.02058764415849202,-0.020531435758524685,-0.06135057232521154,0.019327577491268528,0.019991983703437622,-0.06075952520848639,-0.018922625633362705,-0.054432095024794604,0.06275066267543139,-0.02220401175355475,0.01994795692301478,-0.06541438499272895
2023-09-29,0.17356442972133132,-0.07247052661351902,-0.02422910507049099,0.022169083186005096,0.023756568011126262,0.023511826186389365,-0.023320927052126246,-0.02312876089551621,0.022058965569934513,0.023348308601638883,0.06753084179387232,0.06444079878143992,0.06676676804348089,0.0664997133912664,0.06462438018907883,0.027507917622582628,-0.06541845451761658,-0.06826594666844593,-0.02401861299404926,-0.0665186761231871,-0.0245616746489357,-0.022206276886442413,-0.02174743861018055,-0.021808698386739343,-0.061782197223112414,-0.01973746244150408,0.022776781237668763,0.024545432560776452,0.02174025598733034,0.024307252186156602
2023-10-31,0.18532572396038746,-0.06922875716343989,0.023683861045093912,0.06268379205389589,0.02250414790463733,-0.021613758853337477,0.062371902834052285,-0.023556793732693322,-0.020977159886332766,-0.024568459861455887,0.06324316760792344,0.06751505803212599,0.02168641401487506,0.06444495307617289,0.06487908350479528,-0.08043003918485228,-0.022778406897218023,0.022387105986176825,-0.025169858718197737,0.023086734722319854,-0.07767500411074449,-0.06235049865236895,-0.021933239069872476,-0.061353667280855256,-0.02215857468263875,0.0208147372030152,-0.06049216441633355,0.022195408689131578,-0.021441395376222444,0.024396737262688265
2023-11-30,0.2042236511585243,-0.05899940845239958,0.020388835971344575,0.019114927577459122,0.05740677699913555,0.01685449136260797,0.0191600138524585,-0.06632800060020501,0.019257019328072725,-0.021198838787100098,0.057820161085114036,0.019915218899827915,-0.018877164948619244,0.060630108908664215,0.05398260371727933,0.0671469192023323,-0.019166244634938497,0.05793585059935077,0.02052975241668348,-0.02063540647086462,-0.06896821115314525,-0.018835727467854224,-0.019041041359532402,-0.052286254723481945,0.06210494936424509,0.020159058718549915,0.017748111078229947,-0.020037420009334325,-0.055721822340785425,-0.06413065499422531
2023-12-29,0.20517032031969923,-0.017332103942051723,-0.021080290652400045,-0.058786462202185794,0.05966682195773707,0.018241704830346022,0.062497244284398165,-0.06629755627789047,0.020574626724760813,-0.06662044403147163,0.06108768566890818,0.06619678311831412,0.020042384629571468,-0.06434171954298645,0.05862441178416861,-0.0221318985738964,-0.021289714957405018,0.019756618690166473,0.022575772686556285,0.02315686853238274,-0.023225000924389363,-0.021407792478875715,-0.02045950014214434,-0.05597459326084146,0.05598675167907756,-0.022156486147846235,-0.05836735220159022,-0.020249049866025593,-0.06213275319255905,-0.06594481177173793
2024-01-31,0.2136911461922752,-0.040292902452635705,-0.04632398114347503,-0.04482939934530718,0.013951130613235017,0.013834141273255477,0.015271468297764997,-0.04675847698657712,-0.04337897895010295,0.0458262279512325,0.045743287891176675,-0.01578898038527421,0.04344374045734865,0.01507512026279723,0.045371134399945424,-0.04950398948456801,-0.04393184215004722,-0.04093825102541688,0.04300083734545505,-0.04925029885457324,0.052202245960649304,-0.04393312140843276,-0.046321663160978084,-0.041837754188660495,0.04249508210418945,-0.04739253721295248,-0.04133261855971125,-0.04566084876225021,-0.046244190838194504,-0.014524012971572454
2024-02-29,0.1984848629899409,0.02010954523832791,-0.06928928331300539,0.022365738968457675,0.06427772032432783,0.062135886975951383,0.060361891599306265,-0.020547902651010128,-0.020442581960440992,0.020342430228020975,0.06745348161631322,0.06601264631439938,0.066644375802505,-0.062427141323910036,0.022559143162656007,-0.0723118979733855,-0.02083384440469714,0.06121881950279548,0.07035998124161807,-0.02351076997048546,-0.02299669419587724,-0.062173758793417654,-0.02362819143177285,-0.02155468763463555,-0.021327042254326394,-0.06780318655982714,0.021360249439137013,-0.07086132112687774,-0.02362538023281554,0.02114015651881421
2024-03-28,0.25098470464332306,0.018275830488957,-0.06215728039091414,-0.019355873477675683,-0.02046706114760196,0.05274207123724674,0.05402421609534402,-0.05649025937305044,-0.056747603955233226,0.05418083723581748,0.019537258998540488,-0.01975792245781074,0.019788472292425408,-0.01910171805259192,0.05932923662116986,-0.020914998429434558,-0.018698948440770836,-0.019283773884330384,0.020986959654590177,-0.06253682260846277,0.019567766448894703,0.01904114324708618,-0.06404198284426589,0.019195777283748217,-0.0182944535290454,-0.05740528496238662,0.05815636679621307,-0.06219001742455718,0.02244243266502367,-0.019499797004152986
2024-04-30,0.2511872294165247,0.015948256571620207,0.01809710658201986,-0.017218593972640892,-0.015405831847597591,0.04777306553964584,-0.015418079287914771,-0.049658558168811276,-0.016562542355635645,-0.015613136764859621,-0.01687676704811329,0.0547028615319128,-0.015969309831087387,-0.048323320674688544,0.05436494062955987,-0.017376773954282353,-0.05105649079492444,-0.01794198448795058,0.05568229757221651,0.050320815887308794,-0.01743056988916035,0.015959072054086792,-0.05361475889142962,0.05131112529842811,0.01611318207909424,-0.016758299344772805,0.05214941333748511,-0.057868660233531835,-0.01904627933428689,-0.053144647842597426
2024-05-31,0.2375095815238617,0.041868025866867886,0.015577281983515209,-0.047720461315404396,-0.01381888541012466,0.04005646168039291,-0.04289367159083906,-0.013603602814726038,-0.04457400015862492,-0.04195393024865657,-0.01451335678803347,-0.015317560904087486,-0.04305404545946945,0.013778830149948499,0.044388187763754174,0.016009931626126322,0.015445208236807551,0.01429691207425845,-0.046318035816131385,0.04498710498709616,-0.046970882868233366,-0.015033698994510332,-0.04575137155531208,-0.014080205396816604,0.04352195786666877,-0.043333914148313356,0.04351586831090884,-0.04804083192729436,-0.053273648220403064,-0.04099811612828054
2024-06-28,0.2135962822018306,0.05482401527902233,-0.060478218399877284,-0.021154336495751765,-0.05147068683318522,0.051028869445957394,-0.054015042098924576,-0.019597967664623756,0.019143761728674994,-0.05854101475186266,0.017955512713231075,0.05313818844950097,0.019599112583213247,-0.05469506442210044,0.019741921052831027,0.02009101561740309,0.019617028513919253,0.019385362344346433,-0.05953473425365385,0.06299759784756653,0.019304985396000444,-0.06123525634910161,-0.0202393833434617,0.018336385086986033,0.019434452976477053,-0.05488678627350383,0.01916365255628929,-0.06218614210134645,0.02191076204528239,-0.05414553816069989
2024-07-31,0.1939733291456665,-0.02112370349713753,-0.06702893011881353,0.023239523453760357,-0.020777976252134626,-0.020563560020063112,-0.06660842090247147,0.023491806604293654,-0.023347049040968713,-0.02282774625847739,0.022462743401148875,0.06304123130129752,-0.023934592970172117,-0.06719432947087746,-0.022470663387912666,-0.025508797034064102,-0.022659408935306817,0.06938784211815283,0.02273547722901996,0.022689161472431624,0.06577292354852848,-0.06874390561475599,-0.02403202951397862,-0.06826536047747199,0.02187027217229231,-0.06457041281428563,-0.0670134457934807,-0.025511154959657598,0.06888227899670432,-0.06469889431569986
2024-08-30,0.20394942502073507,-0.017784604730794823,-0.01755287506568412,0.02020714104598644,-0.058875838930630274,-0.01874738360002108,-0.062417688066898784,-0.06085778237680194,0.018518745472396153,-0.05710367624406945,0.01878669931352356,0.017703366686652088,-0.0632515628230528,-0.057612487356419086,-0.02074073276691336,-0.059673167833668765,-0.05659016593978471,-0.05983066619494787,0.0205305298226033,-0.019054727880200906,0.05469658172115682,-0.06433636199259912,0.018684381353366298,0.05852507227443311,0.05786097355061626,-0.018725517707171,-0.05733199720214928,0.020825472746255916,0.05824118970683111,-0.01903942835154225
2024-09-30,0.21669005206811448,-0.05983858370556785,-0.060098126607267904,0.02089851173010088,-0.0599343728654054,0.01883576786799354,-0.020863856121631167,-0.06347575195004626,-0.05918635181588712,0.019573149077441235,0.05876765886409835,-0.020073400512123248,-0.06967586495385052,-0.062456757505216495,-0.022610151953094362,-0.06288993891332445,0.018830003430266105,-0.06599939770728083,0.0698089337898644,0.02114259979461747,0.020395445281737923,-0.07179081428817459,0.019045467492512107,-0.021649265719797445,0.019206454827357864,-0.020020657934926484,-0.060548308906463434,0.021783778389276483,0.020200011908206077,0.05674121941708607
2024-10-31,0.19887268564762633,0.06677973581216111,0.024516893361482082,-0.027039771936613635,-0.07537984795048268,0.023971630295163835,0.02492515145340835,-0.024731582889708118,-0.07027163410093008,0.023206346422580106,-0.025199719040306125,-0.0256182520030926,-0.02782830042106636,-0.02595485530287556,-0.0284157240872632,-0.024694887607997356,-0.07479554915400359,-0.023878819090427775,-0.023918865003982215,-0.02772730878736909,0.07768514557793561,-0.0796750522870128,0.024137776836214753,0.02579077466305496,0.02456050220526683,0.02587975817212886,-0.08025147396049886,0.025245630190526003,-0.07342630236207064,-0.023879071900645484
2024-11-29,0.22023624876819237,0.018448568360812694,-0.0540291919820269,0.018911978413523222,-0.05881128461285355,-0.05707454794131299,0.02009279031380756,-0.060283983867580805,-0.05536946955444801,-0.018463185999868542,0.019601042686866178,-0.05583755678454483,-0.021795063221830852,0.0196436418451251,-0.06280612730347795,-0.01847832743159946,-0.05649325259220841,0.018309285094321393,-0.0545576016604687,0.06259810087811073,-0.0201625517222618,-0.06317479867792743,0.018417640136198538,0.05520231301404395,0.01812602063101451,-0.05094748026399887,-0.06280114479132776,0.01710290295314456,-0.05951969460268201,0.018339207403129
2024-12-31,0.2225177135604319,0.019767204523305035,-0.05920063031507041,-0.019571949217917512,-0.06595589491937102,0.05994908815686237,-0.02012987876747341,0.021236533764802015,-0.060072075118171586,-0.01930622915072998,-0.06280480047490648,-0.06377820590585882,0.021143888075096942,-0.020431405634785064,-0.06400338239511692,0.020145472494076368,-0.059628580042041406,-0.057198651708949125,-0.019055120106876627,-0.02253712910415495,-0.06125077594063198,-0.018224936562686325,0.020509472763792225,0.059558724110661355,0.05573756498717149,0.018386770466139613,-0.020854336222312964,-0.01710260824316764,-0.020865715699099757,-0.01966618457055216
2025-01-31,0.20456888199496548,-0.017448895281451344,-0.018704774206885197,0.053326219686206565,-0.05993278395785242,-0.049719640634579405,-0.051936219603396325,-0.05459485638555632,-0.056344192080337495,0.017327607477749758,-0.05976667254691522,0.018879297012981258,0.01857739048260462,-0.018695778268282427,-0.01842383603712103,-0.05558911987949204,-0.019478417760683934,-0.05221869496099666,0.05088742033910214,0.05717126551374082,-0.052248814320755274,-0.051179454387718426,0.053774889051607364,0.018557110408282246,0.016212453378748656,-0.053192723308666146,0.020421737586814034,0.049720035556058646,-0.05706101600353552,-0.017026868102414158
2025-02-28,0.24081331857964378,0.019985264534287152,-0.0646861847269595,0.0596861457992313,-0.06383665322041308,-0.01853179991864865,-0.05740541344576828,-0.02033465748740148,-0.02049619832447851,-0.018284256354733047,-0.06167993518198363,0.019563677997875336,-0.018001342482206896,-0.019858779246962707,-0.020394003260453954,-0.05622633523075749,0.020656538704226263,-0.05633672829281912,0.017986352943392906,-0.019752932932825325,-0.01974857136403977,-0.017327862676736396,0.05385428560108209,-0.019459482266306817,-0.017131406063987848,-0.01805236274217329,0.022064522774078686,0.018093155732283005,-0.05829052013350872,0.05247580214161778
2025-03-31,0.2006180389899681,0.06827131451877316,-0.07034153958798779,0.022367797823718102,-0.022930568793735957,-0.02032649636493795,-0.020270740483864822,-0.022429969754126894,0.021018053325295435,0.019854774144064145,-0.07096470488426186,0.06699883832788894,-0.05889990394563386,-0.02321671927949029,0.022795426757784835,-0.0685764210271104,0.06754537733179011,-0.022245490629044632,0.020697290310701274,-0.021664223135342723,-0.0680960054462494,-0.06251245288102913,0.019869371612389268,0.021572404461762187,-0.020920491345745914,0.020773359483628233,-0.024565183707462083,0.021812385612170332,-0.06672141657755756,0.05890519153641703
2025-04-30,0.2307928614416191,-0.0507187203012168,0.01638807037655478,-0.017534754095924133,0.016827645822914652,-0.04639413356317769,0.016725059027843384,0.017785206724614405,0.01645199289891595,-0.04613971946657643,-0.01847653578388281,0.05243664061127531,0.01577680283719423,-0.016758154820370942,-0.05358931641869305,-0.054201561818558425,0.04599670390500089,-0.051825159538147696,0.047108361949224145,-0.04853887199751517,0.017074552806681787,-0.04914993918515279,-0.04562748262943479,-0.04913722858164264,-0.01667831119547483,-0.0156609887670846,-0.01964764068495747,-0.017019636149439046,-0.01598668209300081,0.046163078867897736
2025-05-30,0.20827690457365935,-0.055983074020637465,0.018125771393723015,-0.021207616005793798,-0.018974881494692106,0.017198391008301554,-0.01854773231322656,-0.018528399883530472,-0.018955992190324334,0.05262804577049211,-0.06234459748022036,0.06094623032577732,-0.05961820245556848,-0.01808218598194455,-0.05853556935260263,-0.06466713404350033,-0.05274925988580631,0.019775471199516288,0.05681350694532404,-0.019298279437607885,0.019706508256590653,-0.05431124006521542,-0.054696069884165206,0.055040920366853215,-0.05963976689372556,-0.05646551743375999,-0.020212282012345092,0.018766416058687396,-0.05208794008421765,0.01895236304322131
2025-06-30,0.2219886023153166,-0.057893615629577774,-0.02091688844026545,-0.023351800208476315,0.021876174481125474,0.018948837566565995,0.061735529566746175,0.020414005594243348,-0.06070188523766294,0.05577750141679394,-0.023145205050469513,0.069789644351083,-0.06388327418262986,0.020145735888980564,0.02166347477833416,-0.021054627286495486,-0.01983379847165327,-0.06268165183750127,0.0623616643124748,-0.021058781460575774,0.06571740839221575,-0.02018255812201664,-0.06026479959576997,-0.06000876334160467,-0.059222680233135504,-0.06252017318469377,0.02025684396364444,-0.020354356060752872,-0.062341142547748626,-0.020810797075488753
2025-07-31,0.20303611049863537,-0.05790686737732713,0.06192816707598374,0.06536512430206297,-0.0661620943000054,-0.019446312107701064,-0.02006723769596899,-0.05991353053473822,-0.02158205256930152,0.019943438913972638,-0.06522283674460519,0.07341929019981029,-0.0619897782419905,-0.0205659305969174,0.06445160028402977,-0.01993208512198213,-0.057558151759043226,-0.06587665904132892,0.05741207346954606,-0.05893121531710751,-0.02231277136697414,0.018899441152718962,-0.06120619291811779,-0.0590187750013607,-0.02064939111632583,0.020695676703241586,-0.020735569409252905,-0.02042591138976163,0.019287863127724347,-0.01958442791760156
2025-08-29,0.21078533818304707,-0.02839635393574049,-0.08616484367233664,0.08226925800113362,0.0313119218771415,0.08209832516613938,0.02851601816075176,-0.08939322717110317,0.029132086381307043,-0.025081717554712255,-0.029116867449257684,0.029191768076682768,-0.08969693252965485,-0.026134156898443294,0.06856984992081537,0.026842628292112345,-0.07953085953078669,-0.08197528896025474,0.02605544413726507,-0.07894685505439124,0.028478157082182272,0.025257947353665256,-0.02803132844962594,0.027245448707337423,-0.08011848736712046,0.0,-0.08568623137807446,-0.0262004628989511,0.028371717900126516,-0.02557995422575227
2025-09-30,0.2173131105516747,-0.0229459923308877,-0.0632517745566105,0.06418228681111497,0.0224770449879334,-0.021762366670329745,0.06375093929108827,-0.021045788447058098,0.06678915860730562,0.020387333111438914,-0.022315262083576495,-0.02169656800064117,-0.06461551234604442,-0.06213342958618031,0.055787762349353266,0.020780557856447578,-0.021017432540608484,-0.05941049943251172,0.05499504675672288,-0.060056813963656704,-0.06338089958153027,0.06308718152783335,0.021997706233939273,0.06252021647811917,-0.021276934568040855,-0.060723006118197635,-0.021179193021469544,0.02041411898790742,0.0628552001956335,-0.020629068432124406
2025-10-31,0.20326846596683532,-0.06780357744089205,0.062068553789260045,0.06480203044858844,-0.022368909973698496,-0.022218306163255406,-0.02258435391679063,0.06448470073612389,0.021373492671814077,-0.05958268119018793,-0.06807472655840015,0.06329296407578416,-0.06964627620192704,0.06790832443302257,0.060111183865466475,0.020670084808748587,-0.06610026857698814,-0.02072939031246477,-0.019216778584659616,-0.02206471782954072,0.02384125611844842,0.06459645859799733,0.02338916228802337,0.06290883794786126,0.020461728810455285,0.02121637368894833,-0.02312464505316552,0.06414184478146549,0.023961167134837338,0.021790777139424972
2025-11-28,0.2188577651964093,-0.06045382150343636,0.018578731649295504,0.06062440209806561,-0.061506611790410316,-0.021053303156082944,-0.06446400783964171,-0.0195229888727442,0.057332166158021065,-0.019393551895201252,-0.063201287926381,0.05804570345125375,0.021020888138036934,-0.05846838379107892,0.018178752476771413,0.018045190549049493,-0.019056188774714836,-0.018681207716188666,0.019044519863377504,-0.018678036651740396,0.022671857659326115,-0.019449281144604022,0.05722746909039347,-0.05490712224826999,0.019996618818202378,0.06095531354155716,0.05898784532437444,0.018571506432952266,0.06332730993166255,-0.01978837916793537
2025-12-31,0.21245664397726846,-0.07049671972205687,0.0211791497709958,0.023201310243923978,0.021750926248398347,-0.022942968483178717,-0.06789307267904342,-0.067551680787267,0.06492740234119072,-0.06628492732896994,-0.06787036378805508,0.022803139445686287,0.0235807771541169,0.06622383688365054,-0.020530570962315725,-0.020229162166672813,-0.06357375815432023,0.021475214377442837,-0.02035361027624979,0.02113315476098701,0.06977656382687275,0.024578836927533966,-0.021951939078756803,-0.021468415182277222,0.0,0.06862394628948894,-0.06593401197015762,0.06393328474073745,0.07599688973593864,-0.06692327129750014
2026-01-30,0.2080258308991775,-0.06695560591101028,-0.019649638399506418,-0.022013285762986518,0.06182037202385951,-0.0678657090848633,0.019479335528700296,-0.021270657549707195,0.021468350497032704,-0.0645951182565534,-0.02137752646061984,-0.02413343610598189,0.022068104195694185,-0.0212428995926444,0.02003245051989274,-0.019926446508267852,0.021336567168409457,-0.06255653727324519,0.05901436913910031,-0.019728659549242418,0.0654109409532097,-0.06417443857677409,-0.06178855173037827,-0.06579868838967863,0.01902084217192815,0.022091890596985082,-0.0638718215605053,0.059271313530443036,0.07030504498793017,-0.02038408599683179
2026-02-27,0.18723785972383197,-0.057532222650405015,0.017757685915848767,-0.06018237604264273,0.05353405996200891,-0.057958872574642446,0.05147657451864363,0.061640188101634207,0.019744541994488905,-0.018847711730052064,0.018869207967187763,0.06070141152579267,0.018300388540274957,-0.057431287682024545,-0.018531162260963182,-0.05682212110690944,0.018645751491797632,0.016887690575686776,0.053880935825990635,-0.05329041596096503,-0.01790204354149564,-0.05294529950148198,-0.019486771527180282,-0.05426558007177042,-0.01749441906678052,0.054504406680783685,-0.05545666003116735,0.01763280643858717,0.01896403877136642,-0.01812248156809416
2026-03-31,0.17747125767602498,-0.020353127458754075,0.01826061201308085,-0.0635750536805382,0.05254238092227051,-0.01889696011430324,-0.056080669386788316,-0.061184026062784634,-0.0622057043698533,-0.057295335485035466,-0.019443101917216824,0.06042374269984339,0.0189516676853008,-0.057239702046666,0.05729116505533299,-0.05433860415935172,0.020152828985263826,-0.05529072297909489,0.01806328057722074,-0.05744366834773811,0.01850815315522572,0.019765386698234466,0.02158660549700371,-0.020502989656676823,-0.01892231042070011,-0.0204935115761924,-0.06098288175583469,-0.057570840377408866,-0.0212699085172342,0.01819726187221048
2026-04-30,0.21503037769838604,-0.05595008364545741,0.05506086961390815,0.017273877495534693,0.049152304306132565,-0.051265793697104385,0.017192403928210795,0.017641171342532812,-0.05721135125918113,0.0188460944241567,0.01855859079444619,0.01686726238284791,0.049847402838237076,-0.017296909530254777,0.017954553014737522,-0.016247290420079753,0.017859189550250187,-0.05272345816533474,0.05146164716670171,-0.05516248155391137,-0.05230977169028874,-0.018451600738380033,0.019843825831968146,-0.018018777763098442,-0.01788330104502072,0.054831322379867806,-0.05671528800965558,0.01563052224788465,0.05602998190916295,-0.01563997581254151
2026-05-29,0.18551347118457065,-0.020315246576462796,0.018473133085772284,-0.055012758811540635,0.01806210328550293,-0.05607471419494154,0.017760929494678033,0.020311481001958995,-0.060391189390367785,0.02009531740291463,-0.061183395728356946,-0.018945329028238377,0.055235300199385745,0.017890999722763406,0.06001805233655624,-0.04934924105510846,-0.0200953937181001,-0.05407955561119089,0.018753595210005403,-0.05695723121207568,0.05772625728058032,-0.05980444164296453,0.06507439126354006,-0.05988414576108407,0.05259985025525136,0.057290558203374274,-0.020698603981112302,0.04897996461176455,0.061057056727578184,-0.053594390820723724
2026-06-30,0.17395481857441333,-0.022735196867871257,0.06585008201245232,-0.06613009031738548,0.06286619404139185,-0.020117195522477583,-0.05911592188404516,-0.06306321498076106,-0.06621317977064288,-0.020247450253424407,-0.06750790104871307,-0.02137021113460104,0.020142413494849406,0.018688658563805575,0.021219316624978276,-0.019357010891835655,0.020831895875426852,-0.06420120994898097,-0.058972874974007196,-0.06468044143214205,0.06443818623420802,-0.0668961167301737,-0.02190473791326213,0.02165575068912766,0.0594756913113484,0.02128240939368055,-0.06736453085967023,-0.017952229375315848,0.021324197710294535,0.02071406576121695
2026-07-31,0.21322452478640058,0.020086575283783215,0.05737622849631966,-0.020105106128914457,-0.018971943351340406,0.018285692587622845,0.05383734809525271,0.051010890316378225,-0.019574924184189536,-0.05400651299729187,0.020212830459259354,-0.05568660575055418,0.019798876820977796,0.017590969533711955,0.019410699319409763,0.017595066891279636,0.04848963981160978,-0.020115083049899674,-0.01690304080230419,-0.05719480332015505,0.0586812949410214,-0.01915484879728567,0.0186523527536974,0.05245427351169508,0.01651099420454484,-0.019395097354511715,-0.05969070127076152,0.0163666272828968,0.058157105102743314,-0.05215890318771379
2026-08-31,0.213823187969196,-0.01831558073838011,0.05431713071284364,-0.0596030093758287,0.05347608226502546,-0.017962676461061044,-0.055437727338146184,0.05216948302325468,-0.0525963919137563,-0.016062515699695832,-0.055883020610050606,-0.05627553734907966,0.0195709890688065,0.053077253809013306,-0.020847137048150256,0.01856756013818977,0.04784050486540865,-0.019713916993290934,-0.052341727765826164,-0.016862077038423517,0.05664269687723689,0.01748070859205171,0.018465755262697427,0.018424722469041456,0.04904695802557353,-0.019351411783315706,0.020269856012440798,-0.01666565885157521,0.0561012811720037,0.051503812333476645
2026-09-30,0.20819868711261444,0.021943060909577927,0.020257719549206202,-0.06981894779712008,0.021144907038088766,-0.06322947668849203,0.022900688514738053,0.0604405905758228,-0.06836385992106053,-0.06293483118877088,-0.06646642474623207,-0.0640833023675158,0.022819055369807734,0.020660249834419886,-0.02616133534754058,-0.022866073724361505,0.018935016347131857,0.024008125739751772,0.06253322004397184,-0.05835740006850034,0.06682156167593185,-0.02187584233759531,0.057314889661142225,0.022568659780684928,0.06084746848252211,-0.022627376480438503,-0.024631752315593718,0.019724358480711506,0.022819719790866,0.02132374606489863
