date,F_ES,F_NQ,F_RTY,F_YM,F_ZT,F_ZF,F_ZN,F_ZB,F_UB,F_CL,F_HO,F_RB,F_NG,F_GC,F_SI,F_PL,F_HG,F_ZC,F_ZS,F_ZW,F_ZL,F_ZM,F_LE,F_HE,F_6E,F_6J,F_6B,F_6A,F_6C,F_6S
2010-06-30,0.0,0.0,0.0,0.0,0.0,0.0,0.0,0.0,0.0,0.0,0.0,0.0,0.0,0.0,0.0,0.0,0.0,0.0,0.0,0.0,0.0,0.0,0.0,0.0,0.0,0.0,0.0,0.0,0.0,0.0
2010-07-30,0.0,0.0,0.0,0.0,0.0,0.0,0.0,0.0,0.0,0.0,0.0,0.0,0.0,0.0,0.0,0.0,0.0,0.0,0.0,0.0,0.0,0.0,0.0,0.0,0.0,0.0,0.0,0.0,0.0,0.0
2010-08-31,0.0,0.0,0.0,0.0,0.0,0.0,0.0,0.0,0.0,0.0,0.0,0.0,0.0,0.0,0.0,0.0,0.0,0.0,0.0,0.0,0.0,0.0,0.0,0.0,0.0,0.0,0.0,0.0,0.0,0.0
2010-09-30,0.0,0.0,0.0,0.0,0.0,0.0,0.0,0.0,0.0,0.0,0.0,0.0,0.0,0.0,0.0,0.0,0.0,0.0,0.0,0.0,0.0,0.0,0.0,0.0,0.0,0.0,0.0,0.0,0.0,0.0
2010-10-29,0.0,0.0,0.0,0.0,0.0,0.0,0.0,0.0,0.0,0.0,0.0,0.0,0.0,0.0,0.0,0.0,0.0,0.0,0.0,0.0,0.0,0.0,0.0,0.0,0.0,0.0,0.0,0.0,0.0,0.0
2010-11-30,0.0,0.0,0.0,0.0,0.0,0.0,0.0,0.0,0.0,0.0,0.0,0.0,0.0,0.0,0.0,0.0,0.0,0.0,0.0,0.0,0.0,0.0,0.0,0.0,0.0,0.0,0.0,0.0,0.0,0.0
2010-12-31,0.0,0.0,0.0,0.0,0.0,0.0,0.0,0.0,0.0,0.0,0.0,0.0,0.0,0.0,0.0,0.0,0.0,0.0,0.0,0.0,0.0,0.0,0.0,0.0,0.0,0.0,0.0,0.0,0.0,0.0
2011-01-31,0.0,0.0,0.0,0.0,0.0,0.0,0.0,0.0,0.0,0.0,0.0,0.0,0.0,0.0,0.0,0.0,0.0,0.0,0.0,0.0,0.0,0.0,0.0,0.0,0.0,0.0,0.0,0.0,0.0,0.0
2011-02-28,0.0,0.0,0.0,0.0,0.0,0.0,0.0,0.0,0.0,0.0,0.0,0.0,0.0,0.0,0.0,0.0,0.0,0.0,0.0,0.0,0.0,0.0,0.0,0.0,0.0,0.0,0.0,0.0,0.0,0.0
2011-03-31,0.0,0.0,0.0,0.0,0.0,0.0,0.0,0.0,0.0,0.0,0.0,0.0,0.0,0.0,0.0,0.0,0.0,0.0,0.0,0.0,0.0,0.0,0.0,0.0,0.0,0.0,0.0,0.0,0.0,0.0
2011-04-29,0.0,0.0,0.0,0.0,0.0,0.0,0.0,0.0,0.0,0.0,0.0,0.0,0.0,0.0,0.0,0.0,0.0,0.0,0.0,0.0,0.0,0.0,0.0,0.0,0.0,0.0,0.0,0.0,0.0,0.0
2011-05-31,0.0,0.0,0.0,0.0,0.0,0.0,0.0,0.0,0.0,0.0,0.0,0.0,0.0,0.0,0.0,0.0,0.0,0.0,0.0,0.0,0.0,0.0,0.0,0.0,0.0,0.0,0.0,0.0,0.0,0.0
2011-06-30,0.0,0.0,0.0,0.0,0.0,0.0,0.0,0.0,0.0,0.0,0.0,0.0,0.0,0.0,0.0,0.0,0.0,0.0,0.0,0.0,0.0,0.0,0.0,0.0,0.0,0.0,0.0,0.0,0.0,0.0
2011-07-29,0.0,0.0,0.0,0.0,0.0,0.0,0.0,0.0,0.0,0.0,0.0,0.0,0.0,0.0,0.0,0.0,0.0,0.0,0.0,0.0,0.0,0.0,0.0,0.0,0.0,0.0,0.0,0.0,0.0,0.0
2011-08-31,0.29739821184892895,-0.013410244528601489,0.0,-0.016069720888177087,1.30357609525481,0.2872821361617223,0.16829696439645175,0.08720481641119468,0.0603575750170209,-0.01090531585047965,-0.014628586074323335,0.01253340376017582,-0.038610276955736746,0.051236572354232304,0.027876655178840613,0.06927190082793673,0.01607902303476203,0.03206894120480419,0.0606541090160066,-0.009308880743434165,0.021170273578331674,0.05740057817464492,-0.02395981898945238,-0.019562392221386955,0.03293686829170373,0.12852499021217847,-0.0464462435325205,0.027307500150952648,-0.043926275414176326,0.021995629927012608
2011-09-30,0.42620002428604814,-0.01784368357595559,0.0,-0.019766359899966127,0.6201287461464431,0.40764788170904215,0.2286221620165525,0.10977334346090202,0.07074035132290349,-0.03968969319664164,-0.01921721161451255,-0.016354691658128116,-0.05022299368250983,0.01894766972015192,-0.009217503871733118,-0.06690847473811201,-0.04401229225467849,-0.013451811151771097,-0.02304887006598553,-0.03557113807541811,-0.025310099138155243,-0.021981717275448422,0.09060411482661174,0.06805424318257207,-0.1211697111201635,0.06129600675665271,-0.17183975100874457,-0.03268617604775945,-0.14665566892973322,-0.023037609266703903
2011-10-31,0.34629165525834266,0.045195712141866115,0.0,0.04903742137567796,1.6498271744551276,0.32866060562515487,0.05944595788828198,0.027954618882953985,0.017987097125058495,0.01137533899758754,0.016479094031664344,0.013839850236650257,-0.013218893191747325,0.049833040618162086,0.008182080416888178,-0.017432066955668745,-0.010263827028214524,0.011963071251365125,-0.018919347327169593,-0.010190108333500885,-0.02021213393524504,-0.01854455368842272,-0.026883224523332264,-0.020597771964771874,-0.031584359912635446,-0.0432264431067508,0.048971758694450696,0.025207950915412,0.03813579175624999,0.02053905036164699
2011-11-30,0.37049908406920784,0.017657442234086246,0.0,0.056868445397192054,0.7432971693133248,0.444298164326899,0.23121224435970222,0.10610335722423808,0.06998287675767478,0.04460688689189634,-0.020970792473304068,-0.017328455989653754,-0.04618606914973693,0.02084021028210146,-0.010396396643775426,-0.06555511835656447,-0.03805673289065244,-0.01570738762202117,-0.06988090024691127,-0.03932698700694061,-0.07043426820431126,-0.0698842901662709,0.09864446744855615,0.0822870465712447,-0.03794032990143639,0.05877288981121021,-0.05591519457441121,-0.02844777689246217,-0.042055339992146015,-0.026843675202067565
2011-12-30,0.36166092725482346,0.01123058407471163,0.0,0.035988307333108954,1.3861964556843633,0.2768878562945651,0.14282589321994105,0.0648740110423581,0.04255903827303018,-0.008975638290304656,0.012559812937283027,0.03028362731142857,-0.026745915066579813,-0.012202783702245945,-0.018848401880949536,-0.03700019253719539,-0.00784997288218716,0.02959142437065589,0.0139796798505389,0.008126526092092013,0.014181868560035334,-0.012985308795438941,-0.05597888331138472,-0.048299196707581135,-0.07077345649266642,0.11210210576864729,-0.09625642229621496,0.01806222490426453,-0.025710003082480722,-0.01726348198292354
2012-01-31,0.40084930494726534,0.03665074197579117,0.0,0.039586989647940385,1.477064109722733,0.28283392719375977,0.14525953215955728,0.06720519228901237,0.04457618828568091,-0.009260590912114614,0.012290241940607604,0.030195715804181726,-0.01598821372910503,0.01258832955073593,0.0063311387366346,-0.011776774260094849,0.008185225349037912,0.009197012499110339,-0.012428661006730426,0.007833153441011506,-0.03926111143126042,-0.01138251718352817,0.0557412104414768,-0.01612190151652363,-0.023263331155608993,0.03744940730913416,-0.03279550843089193,0.019024722349854868,0.02688029435268835,0.01791146371064195
2012-02-29,0.26039593068597683,0.02539997836821079,0.0,0.028143143204792262,-0.34028447742347706,0.06327859405144946,0.032533640774038815,-0.015219300062686762,-0.010138826780746794,0.018875814545036212,0.024768370986935538,0.02070519203990484,-0.010066975154189702,-0.007765985750593365,0.004097213924559124,0.007495909035291448,0.005457023489479092,0.00639481121915414,0.008602371543829788,0.005217366822516205,0.00919272487568789,0.007525450873147444,0.03791199756002319,-0.011052132274941501,-0.015330286364963325,-0.020379962676486788,0.0213575164583692,0.039238581620499965,0.018680055408533677,0.03696046919929823
2012-03-30,0.2933920953423658,0.043443864169688165,0.0,0.04806547607253633,-0.4754093765190169,-0.09130646089427581,-0.04904571096300754,-0.023936618192946766,-0.016103458934440516,-0.010414073992913152,-0.013413222106746595,0.035076119376873674,-0.01666513783166229,0.012954717243489094,-0.00690010621133304,-0.012032711629192807,-0.009119287009413748,-0.009310913321906068,0.013710787443867245,-0.007699364366700162,0.014468149079362204,0.03586262691825037,-0.0561948329751675,-0.050509990250926895,0.02493259443283796,-0.02942029732209438,-0.03343790270525393,0.021261226885187334,-0.03091844611571057,0.062002269134963824
2012-04-30,0.3986242489762915,0.018487185506110546,0.0,0.06273448365475703,0.6105078434886375,0.3467052695517875,0.18291361930599087,0.03072581773766407,0.02062474648939205,0.013919902955788833,-0.017230179896883586,-0.014679464518154677,-0.006923223220700905,0.01766999457674737,-0.027871564548028138,-0.0481706239026762,0.011788211452760324,0.01174241782026229,0.05183958793849732,0.010195638771746935,0.018853907023981917,0.04376096593595688,-0.06529302424372505,-0.059135745807779756,-0.033281146191806145,0.03393799285498387,0.043473085523072684,-0.027617584779407185,0.037871794349638804,-0.028237190843778945
2012-05-31,0.6950314066867732,-0.01383732707191945,0.0,-0.01682691485372267,0.5347017166319674,0.2957099357102943,0.15054655401098818,0.07362662402345306,0.048030331606632226,-0.03151343773599273,-0.03963737352481153,-0.03481590677313963,-0.015777717570616967,-0.013923186973499826,-0.023069248924665074,-0.038979081293350384,-0.028935171957550236,-0.025707014562728257,-0.012284912857941418,-0.007441101586577077,-0.04208066349704943,0.01006070115338522,0.016204767682217413,0.014632055904565719,-0.07974960311750032,0.08277438839427566,-0.10299470862478283,-0.06539207869972691,-0.09195249906055908,-0.07002605806708666
2012-06-29,0.4879287310864908,0.02415452992479435,0.0,0.02992227738919749,1.115629835685897,0.19636660467401068,0.09824811038646242,0.04693776078841246,0.03129636422645217,-0.04710237064745456,-0.06560275366688638,-0.02024190138657871,0.008337340889416026,0.02523112334365012,-0.0446505472454259,-0.022733729463449932,-0.018929407038642092,0.04378234602791902,0.06668143692679308,0.04031588613372496,-0.023914055007630917,0.058896667310628516,0.032563382847075495,0.07780966335700804,-0.05077488816774771,-0.05613520826493836,-0.06767251846964344,-0.04172547236343815,-0.05657990764303624,-0.0441785163537696
2012-07-31,0.49775538685039006,0.010658461215983956,0.0,0.013421766647291456,1.4508751989545559,0.2790889481831842,0.13894240789225584,0.0645834544855661,0.04296645032267561,-0.006833013222338845,-0.00943627251393795,0.008682232365533293,0.0038046876556809455,-0.01211721832642974,-0.007279373679068512,-0.03220843541716108,-0.02633628098901107,0.018277213701607654,0.02244197029332452,0.016439885753915962,-0.010253376430536882,0.019153580350465375,-0.01423765179051257,-0.01121305191458866,-0.065824087257378,0.027600536377779795,-0.08454769106039017,0.01885137043924993,-0.026558813297859713,-0.05961118261132577
2012-08-31,0.3438419234023275,0.03161378563164563,0.0,0.03905049468079394,0.41958790771549026,0.24216144207101734,0.12079958589299386,-0.019407363620038382,-0.012997937421176314,0.01955647992031486,0.026563021008195395,0.023346255465094962,-0.0035314819733234647,0.011523213256937358,0.006589050224904743,0.009197731490605222,0.008486575278207021,0.017547192738584943,0.020080315148216146,0.015413245152502541,0.009000694954458028,0.0174635417201517,0.04101368227094169,-0.028637095247044924,-0.020020015095084297,-0.07750231019635694,0.026048600019963546,-0.018201022854716878,0.025778275776169004,0.018402723708375188
2012-09-28,0.3950273393017398,0.02175806010957245,0.0,0.027527201131967875,0.8777173644499603,0.16750374936514656,0.07976453072513305,0.012653255918974163,-0.008447210974951535,0.004489447825803721,0.017619705986448846,0.015196382043944745,0.0023921467094465006,0.023782177264991912,0.013441504595552699,0.017333094154679166,0.01705330756922172,0.0037627954743012933,0.0043422858500894975,0.0033354433098631273,-0.016963374368502333,0.0038119601199546158,-0.027562881122683333,-0.00663700740945159,0.01310454348430643,0.016389606760273755,0.05614082697671409,0.03700118839453958,0.05269534570606444,0.013041963591690523
2012-10-31,0.6000809328706935,0.026578192970976862,0.0,0.033801160680488454,-1.0534058282991277,-0.20273795094508607,-0.09748271585590586,-0.045900491878287264,-0.031002675803581813,-0.049477378698421046,-0.021472345487780084,0.018005549750656717,-0.009347937890095201,-0.03130860856916316,-0.01754818390465048,-0.021478303977525745,-0.022253301424702145,-0.014466779369157863,-0.016845491202257132,-0.01353716941171975,-0.06301435361510628,-0.015008462547771453,-0.03667574237278458,-0.025319866206818274,0.05039004954846844,-0.18642459444537182,-0.07080143528724603,-0.04803563228712302,-0.0652726454363534,0.05041002669904881
2012-11-30,0.6130633582238741,0.010712486738708131,0.0,0.04004294937556305,1.3922017344090787,0.27026156110854055,0.1304363981004693,0.060769313715040234,0.04149342492128623,-0.006806508590603688,-0.008384989934333927,0.007483494545260682,-0.003977869485813211,-0.013124013410778257,0.02154028293470052,0.028512380053682656,0.02893176901160384,-0.00670870383868723,-0.007274884746086673,-0.006078355293425922,-0.02667384213192583,-0.006568175756633833,-0.016438738039474203,0.01094386645297257,0.021940511437118736,-0.07308523724880257,0.03165041724541769,0.06331126705174744,0.029432386394267516,0.022151079804102945
2012-12-31,0.5089058669804432,-0.01825228841517102,0.0,0.02322922659143876,-0.838920767080304,-0.16708196780357937,-0.08010500669614863,-0.03659948031329734,-0.024999583581965305,-0.013045600450003417,-0.01563011287302421,0.013607927556728409,-0.02214782309206793,-0.02452998065324569,-0.012941686726014956,-0.01764633620939245,0.017922599439474315,-0.012883471993800006,-0.013783385353829494,-0.01173222129483811,-0.04870226858106365,-0.012410990573389985,0.029967579411880083,0.020246423445037735,0.12270370211420585,-0.11792279491897635,0.1703292401340033,0.04095518375861149,0.05524111955181482,0.12699300530287597
2013-01-31,0.4462665149557119,0.03722690584849488,0.0,0.047455267105250616,0.5238455398681691,-0.10377547997812206,-0.050977654090819544,-0.023713830486968825,-0.01653490252603235,0.009413129289788564,0.03229832454981593,0.027174103372892458,-0.014295371892068465,-0.048513619970251054,-0.008262174863763717,0.032846426262789004,0.011886527663240939,0.00885831462520737,0.009106941101874877,0.00813885237086446,0.03089215901716515,0.007850479189218058,-0.055545960067890386,0.04259072218368681,0.07246524460127482,-0.056381198593827314,-0.0978985282514974,0.08021152464184299,0.03478899829033364,0.07275344193743911
2013-02-28,0.6444903336648712,0.010880808052837263,0.0,0.0421206996342604,1.4340828305616098,0.09112028649429169,0.044516734058191086,0.02096405225763679,0.014712149802201346,-0.008424933858391187,-0.028723260520701604,0.007711230612620866,-0.00423253393910046,-0.03920413961318139,-0.021989967303222616,-0.02745893179009466,-0.031122485812348,-0.008317520274814865,0.024074153547217206,-0.007380082172708739,-0.027429042785176095,0.01980242946326601,-0.04865620060551549,-0.036907990312101346,-0.019603241817549903,-0.045602738131065176,-0.06969241116121577,-0.06759491195811665,-0.08828362142247537,-0.06490027837321732
2013-03-28,0.7103923442985267,0.0494917934963604,0.0,0.06327495142301563,0.711109696025319,0.37641231744696224,0.1815223358162358,0.02860066739257302,-0.020048498626679564,0.012353527853461799,-0.039932764752299815,0.031669310358389414,0.018615704305671936,-0.06009587150249592,-0.0339092643830789,-0.013880042565010466,-0.0435654112799881,0.03202200588897968,0.011328405886847952,-0.026593101723097222,0.013724483651629501,-0.009240417477027361,-0.06358541826836797,-0.048476732823056354,-0.07798243191649912,-0.06327563515928035,-0.03227192787283577,0.09903997095852837,-0.0424136216469417,-0.08517134520083974
2013-04-30,0.6744084825905033,0.028853370683710456,0.0,0.03896117574716084,1.4319389519006875,0.24842276490622506,0.11749942236806711,0.05294622363422103,0.035709338636682846,-0.01874752212171678,-0.021880277886365682,-0.005873141039186288,0.011273760357352433,-0.017140369076605724,-0.011586877159627728,-0.017771234006049404,-0.01961148294237064,0.004827987049636409,0.021431645345997046,0.004990475902283421,-0.0248705919083618,0.01725858337026873,-0.038094858308267594,0.00959525018192416,-0.016339450641748913,-0.030415605408392336,-0.01893848043656865,-0.018922010467045093,-0.024986275665063604,-0.01670439025790937
2013-05-31,0.6152264812325038,0.055513314896529796,0.0,0.07066227881110879,-0.7169647563873053,-0.11403264800939364,-0.054897741881556106,-0.07557379034781143,-0.05386789711915685,0.01103111797030701,-0.038001537316949746,0.010389577424513179,0.00657904467992598,-0.03114516747248627,-0.022146091720316285,-0.010988386318326314,-0.010300684058693919,0.00860676151229964,0.038293003128378085,-0.027062074865297586,-0.046095199919124696,0.029290306144427843,-0.06588447101815577,0.05098195918398683,-0.028697440534223507,-0.05408911614253645,-0.03191829229553444,-0.027730000367919557,-0.10853661933702219,-0.07030743282055431
2013-06-28,0.6332337646116342,0.023485649663616305,0.0,0.027189420911852908,-0.6382075151510647,-0.31135404493693875,-0.1762296980938632,-0.0973067346471099,-0.070655293154382,0.01584510906182417,0.017428206826345726,-0.01496325437337379,-0.02784277486383768,-0.038526698354183944,-0.02664834010118453,-0.038426469261370486,-0.04260879807840611,0.012692911148814146,0.01824114621738282,-0.0394801393218426,-0.06595487643236643,0.04263519672620304,-0.030010558168283918,0.06984102773740414,0.04122800992130454,-0.02286993082369765,-0.12658351928699718,-0.08940335630998827,-0.14243869131797343,0.09866886449675392
2013-07-31,0.5525152791168779,0.05845483216235743,0.0,0.06999022728585497,0.4671065293780826,-0.0746091091019366,-0.12706900879789287,-0.07230628753953676,-0.05186666226267815,0.03458298073219205,0.04128925571899633,0.03381502911940885,-0.02175063155223047,-0.01025408563267455,-0.007053086345982159,0.010532504056289803,-0.010434413226410403,-0.02886632399344973,-0.012708664912711222,-0.011192021450619734,-0.05144550970138797,-0.009209825226783711,-0.07652268669120293,-0.017712678341898373,0.08110737942201257,-0.01743298632495875,-0.0788088501968935,-0.05957666960740601,-0.03593011901760678,0.06729565864535779
2013-08-30,0.6960056077512371,0.01747656936706777,0.0,-0.02138341325952323,-1.328267845299596,-0.19792424860383018,-0.11063924091129783,-0.021702439938991264,-0.015535230704246799,0.03108051017012556,0.01266122986063746,0.010448969543533082,0.006733579036412676,-0.00992770465497004,0.006342435572494239,0.009887522497553421,-0.010277417693730136,-0.0068257085364527405,0.009477777162252458,-0.031209705775096255,-0.012496266890087898,0.02204858016619118,0.025784419065460622,0.04395288156148637,0.07934612181344557,0.016301371852004785,0.025596772603420637,-0.05739602615951374,-0.09920213451153649,0.06406826903780449
2013-09-30,0.6720656480739223,0.05872578028752141,0.0,0.06828232019233524,1.0567527312582206,0.06375017974380093,0.038310904248863326,-0.02440801425636855,-0.017662617900469187,0.011048891946852187,-0.012959981992432246,-0.010417071129441676,-0.02280538760896579,-0.010002584880849116,-0.006333609421098395,-0.010681953893433214,0.011354315016912265,-0.023738572022297656,-0.00999034939266412,0.011538151001024866,-0.04250051988470777,0.007605809139334842,-0.029696784536691168,0.04577218497949956,0.0893787623373655,-0.018495558537734172,0.08287006734138969,0.020073340104996132,0.036867299739257314,0.07159487690392331
2013-10-31,0.7810572657874209,0.06466164892027958,0.0,0.02561814061851409,1.345224707284922,0.08172752709700963,0.047979312733132336,0.030399138682074174,0.022161657097407285,-0.013360851172715581,-0.045913260113051864,-0.012098041869568433,-0.008754466267013667,0.012015781152264484,0.00791341106371686,-0.013334676884614505,-0.014098735151746837,-0.03058045569478828,-0.012764279219722719,-0.042056350793561126,-0.014961662638385465,0.009587790102315977,0.03522964212906461,0.05185625514131723,0.03495657894222388,-0.023602862316214175,-0.03220732284934375,0.025758181014099404,-0.1315141322822222,0.02860586498128936
2013-11-29,0.8011927206896132,0.054505224377320284,0.0,0.06790338595011225,1.2095359981367482,0.07069988734276395,-0.03961309668187925,-0.023720993265994875,-0.05123115044317568,-0.011537733229901455,-0.012644258895333856,0.009987979008792957,0.007454793707498979,-0.03180539475461203,-0.020992367903557706,-0.03465629090031357,-0.03746226933308468,-0.027031130310945523,0.010690447052173667,-0.012710938867193199,-0.036643929227611845,0.022543230337977394,0.027888520386596317,0.015215459749936749,0.029184862552928896,-0.0619892349601415,0.0818697940627513,-0.020849755896326507,-0.11326446847054507,0.024539844511412393
2013-12-31,0.7003147513829544,0.057946383138425116,0.0,0.06652886779256438,-0.4349257351448274,-0.2342425656346515,-0.13191500189722252,-0.07808633528018742,-0.0565015852416359,0.012268526244631126,0.013681499030072512,0.03244950394242661,0.021321015723763354,-0.033382001205588555,-0.02177849025286172,-0.012325680486674071,0.013942823152614234,-0.030100292808350488,0.011887400993905535,-0.040789437224690805,-0.04177303001852798,0.008285648308382163,0.030143688714464007,-0.049695699316027304,0.09736111451221409,-0.0638737612512263,0.09248204416329962,-0.06603931002239365,-0.03710144651318977,0.07914731443819566
2014-01-31,0.7119635955451956,0.018230131517590422,0.0,0.021679023145379697,1.2573950664285096,-0.07708615224200575,-0.04517117728666911,0.02848826273794366,0.021000125370260653,-0.012957326934794332,-0.014301341869917862,-0.011752587161678032,0.014597097249591712,-0.012629236964457577,-0.025000180585567237,-0.013516034145058654,-0.048030605067814335,-0.010905417914258092,0.013550409782388365,-0.039257951925042604,-0.046467217330527305,0.027552895453656894,0.08527620615061149,0.01866635434933642,-0.10369017484574561,-0.022828211138735795,0.033880593253497494,-0.07109193630446453,-0.11182879997098011,-0.08120588732832043
2014-02-28,0.702038417421125,0.048218809236698114,0.0,0.05649278419557386,1.1821497904806482,-0.07363046281153696,0.04313501804556649,0.026931448218043663,0.01964057735976419,0.03584486037698744,0.03810269707088942,0.010843062947449241,0.010866529559681764,0.012237446649447668,0.007530454554865767,0.012900574658298485,-0.015521223718824948,0.010613620171633269,0.03633495226697764,-0.010139843588151157,0.012746119246308817,0.025390254404107845,0.06600779576810346,0.0403287909431797,0.0964619544602503,-0.02240045382092358,0.09247367523200553,-0.021465618414591367,-0.032919649392558946,0.07847535163683546
2014-03-31,0.7574548403431007,0.029552205366348745,0.0,0.105023953158865,0.6242099591047796,-0.1288529799804814,-0.08044729877712467,-0.05014880447009781,0.0366620504313157,0.06604272835983997,-0.02418959552651863,-0.06276856022154455,0.007568831264241418,-0.023355937486457676,-0.04571107507163235,-0.026676844774835923,-0.06896759676287681,0.01829468757195591,0.06540848081563715,0.01439605825258874,-0.0222804785122312,0.04847184857136139,0.04058155251820778,0.05546817947338025,-0.062453828642904795,-0.044018586242098284,0.06434088286823024,0.04039103357358021,-0.05690836434791765,0.156396335867462
2014-04-30,0.7185958529068704,0.014827372248418177,0.0,0.06223950826543096,1.1419345098930207,0.0798658788716217,0.049769323875957824,0.03152941119209585,0.02277141764622635,0.013600378899796565,0.04428524321512516,0.039780245596118785,0.015042156538166396,0.015123111320324767,-0.030280063948066947,0.01633477610287075,-0.04295182671824754,0.011318997501289153,0.03923284533733233,0.008495617862974559,0.012387935586723796,0.031080239082991082,0.025214599151302693,0.010609893479704485,0.12199372626970081,0.02838010388296291,0.12367839500426696,0.025862673145527027,0.036612509199111014,0.10151114958154035
2014-05-30,0.7594697360455989,0.040065506510484045,0.0,0.056327037078101376,1.0770695126382202,0.22215509625811408,0.13565157609351822,0.08172936662033947,0.057715350263804956,0.03827345800397237,-0.013827423920602414,0.0362882214396891,-0.004708458038280093,-0.040425932396553975,-0.02736846546516014,0.014375844106134251,-0.01309370214609291,-0.028395905389646897,0.01043039228163035,-0.007690605207835457,-0.03182869167732183,0.02671599669869164,-0.020005217129556562,-0.00990826807875755,-0.03758344825804839,0.027366099975759065,0.036696462566727796,0.02341002062549643,0.033382753804262734,-0.03184142836830194
2014-06-30,0.6846615459400034,0.05320118875624581,0.0,0.07320662389704703,0.4099987897278347,0.08932447667862682,0.054459573958878904,0.03197390596205521,0.022673459389159944,0.04571510940059452,0.047325939749992545,0.04317290141543357,0.005917646564082785,0.048672949681015105,0.03292989968562813,0.049593176436430395,0.046710501233610174,-0.029149833294622354,-0.010110347204117114,-0.027199203883947108,-0.011369867519825742,-0.00837324494724811,0.05682257766888315,0.011264236953029359,0.04665992805007104,0.035748058068206315,0.12806002098446737,0.08739787877226757,0.04128485026130417,0.03968034896203497
2014-07-31,0.7524846025003967,0.07084501265162056,0.0,0.032182176517027455,0.5342274814539497,0.12098651672111807,0.07372905773340284,0.12452635319375854,0.08884667946375538,-0.018375795033557647,-0.06554512377512088,-0.0590658305040562,-0.008554629932582615,-0.06586910601198805,0.014805280526997613,0.023357995380857508,0.0659870233745332,-0.039997368892415314,-0.014241502736098094,-0.03431695228183004,-0.04727339679353367,-0.012022105904226622,0.06482252041463728,-0.014543177001904474,-0.06837087108036476,-0.15524257578007994,0.06478334727420552,0.040555647649032016,-0.05445202958369595,-0.05874211308270092
2014-08-29,0.868066543490884,0.043370060296480904,0.0,0.05638232100841359,0.8825113122693633,0.20844085434124265,0.12808072540384607,0.07112435677601724,0.04977028374773323,-0.03122385317008266,-0.0353633182516864,-0.030997553017621058,0.004998729908218138,0.013409833142341262,-0.009086766699889623,-0.04365259824977571,-0.03453279495755751,-0.0231074991661357,-0.025136413061476723,-0.006357396760086257,-0.025596187556844174,0.006880523789278933,0.010987185329690003,-0.00744731992028442,-0.11545469809308306,-0.09310615305490111,-0.0368889953621547,0.07380750297668633,0.030509359491447927,-0.03370886070677775
2014-09-30,0.8210964573117899,0.024461513833434843,0.0,0.02951845764769103,0.4331678000807557,-0.10867867865184842,0.06711317405444081,0.0361570825911877,0.02486331128834888,-0.04141651912288283,-0.05572506532228009,-0.04564037977264077,-0.00802565737981865,-0.06554811061260084,-0.04056542225031056,-0.06754982521195865,-0.05108413895535987,-0.03476398164748471,-0.04003917586662696,-0.030632233312973843,-0.012054803395588932,-0.032204681243623745,0.048605509853361754,0.011607733164549128,-0.12569456202122434,-0.12516920046999525,-0.041803394392975576,-0.09875241633451048,-0.12571967594803637,-0.11800783556112779
2014-10-31,0.6977525729775326,0.043102659769787395,0.0,0.05318666835078938,0.8713171081071481,0.22493296518913455,0.1482117117936382,0.08655200882511664,0.060469392173154335,-0.02960235250827099,-0.039712420024996475,-0.030591014227709698,-0.0070164875425000085,-0.049615606369427565,-0.031569244469268065,-0.04770971831862604,-0.014480212277013177,0.008216739641854893,-0.009146340920778756,-0.008790798956300175,-0.009394047564921773,0.018682550327056877,0.01375886862857652,-0.026281714159407134,-0.08380194707706858,-0.08857208488772088,-0.09310218951562933,-0.024157924002056755,-0.09736177474063576,-0.08291087665387935
2014-11-28,0.7699370145871772,0.04567819775549896,0.0,0.05735687855038568,0.8572426431239605,0.22351823685089098,0.14479886629001737,0.0823608227616101,0.05864549740392075,-0.018819680816505948,-0.026568709640951114,-0.020849603520300776,0.005111059821753087,-0.03709521493393686,-0.02275988565263169,-0.03868773325004171,-0.036416350523991246,0.007875702730288842,-0.0238859260127586,0.008064258135498964,-0.0087223687689221,0.0054950069606992955,0.04242481269486998,-0.008996443052999662,-0.07578905875189769,-0.05776470417863806,-0.08592685423622086,-0.06302556790038713,-0.08891474251264533,-0.07726815858060013
2014-12-31,0.6959915191644743,0.024415084956819863,0.0,0.0864510569182822,0.3769460395300992,0.11141679070184919,0.07315641412566684,0.1283559978371708,0.09009343167008763,-0.02901578702491019,-0.041061973267691045,-0.03220320859462883,-0.022267674231258697,-0.05840837150267195,-0.03398451942071282,-0.063528479953064,-0.06316268654731363,0.014104069805649228,-0.014522423158910879,-0.01179961175431303,-0.045324745754225675,0.010378601319533843,-0.022647513301849633,-0.01602890808468599,-0.1273053805054889,-0.09133564117532501,-0.14669731520037793,-0.1116369283250398,-0.15188763733501726,-0.12784307011372653
2015-01-30,0.597080530800611,0.018510398489708507,0.0,0.021858884295070748,0.9178670793832425,0.2517664630523056,0.16205671229266772,0.09696884286364854,0.06660299972383843,-0.02052674900261692,-0.03152115990043925,-0.022346075241874274,-0.017132011243251206,0.050871519789892676,0.009515490757108351,-0.018540967891472856,-0.04208819261791065,-0.03797691890263443,-0.039209082625855075,-0.033672905253928014,-0.0386744236860713,-0.009662258547891623,-0.01967258990235902,-0.03543629269315004,-0.09015702183914802,-0.026654030599446963,-0.12132789551626838,-0.09083086964642632,-0.1037563357883796,0.007715297652782189
2015-02-27,0.5950524648633481,0.0917986893641101,0.0,0.1058860299723492,0.4254011261625383,0.11848196457947203,0.07794494007442018,0.04908684402092532,0.03261602362666798,-0.00975063900962832,-0.013804852569952375,-0.01082344473654817,-0.02685960798869701,-0.02746604909153441,-0.045578833276677486,-0.08702341139727061,-0.021895686267164195,-0.01975054434092821,-0.020912904987875115,-0.016894764116415936,-0.019871740360654724,-0.015381306931173335,0.026623916450209565,-0.047515939754243654,-0.13281928175143973,-0.13165136906720198,-0.06148301161374268,-0.14587137665606012,-0.04874777154596612,-0.013646985541376711
2015-03-31,0.5870028694845537,0.023089432465739485,0.0,-0.02557418415193774,0.8928294216801972,0.2642553130343599,0.1756874801602647,0.09825544658522713,0.0732001702777876,-0.022403351112343386,-0.010007038599034455,-0.008577655386676687,-0.021968104649915842,-0.021842126096996248,0.012373204192843872,-0.06172778668513421,-0.014949123604088831,-0.04341541876132275,-0.051881320014809926,-0.011210362890798645,-0.048649700190267986,-0.03867434793731551,0.020517622885043323,-0.03480485813945444,-0.08122029073601146,0.03615916808693369,-0.11629699005764148,-0.0881504543020631,-0.10344276058688343,-0.011833997244354124
2015-04-30,0.6500433734187642,0.0741383265495821,0.0,0.08595581608400653,1.0289474251763493,0.10036944229679579,-0.06573232210417303,-0.03296563798167491,-0.025811417293071865,0.008074158983213705,0.010526009172522876,0.009055602920708544,-0.007874985069594373,-0.022533095725004417,-0.03873151727207479,-0.020645460376850142,0.015692110238944335,-0.04890212501300593,0.019286359925827452,-0.03484041085035013,0.018047764529740877,-0.04295639303167479,0.020905153349738432,-0.012418534619990684,-0.028587452415876072,-0.041693854964356014,0.039921361860118416,0.029722931086501203,0.036013562516005765,-0.013862577043697942
2015-05-29,0.7027266694849733,0.06524356429992523,0.0,0.026121316222776053,0.9330619953709293,0.08879992923517567,0.05661788540166161,-0.025419140678437285,-0.02074749661605979,0.00739240623146201,-0.02809709832197333,0.008250039370623359,-0.0071714801729116946,-0.06222346437166014,0.011428476002123713,-0.054507250004348855,-0.01453192309248213,-0.04401346003223485,-0.05383410335690878,-0.028292065901648508,0.014143140835535372,-0.04049527598094893,0.058160046245412746,-0.011989867866176611,-0.07419686965581662,-0.11127107464897307,-0.09812990952110064,-0.07604977898630827,-0.031943859260918465,-0.013369442931877935
2015-06-30,0.7049366710532509,0.02940904624313752,0.0,-0.03434477890021915,1.2283643468983358,-0.113530572309434,-0.0681396095680793,-0.030164692406266756,-0.025788220462095935,-0.010929921901672246,-0.012935765500251243,0.011614267213450899,0.009689973433031867,-0.0920478902995457,-0.051771965991096715,-0.07918934439571025,-0.06253497590366418,0.01557003641581745,0.019824009035342406,0.03279548596087039,-0.019158501181820213,0.046963185832092295,-0.027775950212504504,-0.016644223101527734,0.03289017337704581,-0.05036993080831646,0.04572596940600331,0.03572865253082134,0.04569371184155904,0.02038918916031567
2015-07-31,0.7217651973255025,0.0569653348892678,0.0,-0.0233534682255451,0.7484314373754936,0.22048881038023696,0.1329369347823913,0.05803418434571022,0.01677069185654537,-0.021056668792101267,-0.02546888636934829,-0.023147078504516843,-0.020298613094136744,-0.05869868066554347,-0.03447494607578656,-0.049141403055949565,-0.036524394837561196,-0.009583846488582282,-0.012464342898481626,-0.007461187525538526,-0.03446139677673538,0.010489325555297217,-0.0562654237852826,-0.010448328719784725,-0.0672831649909416,-0.09932185366280731,0.03137350720598636,-0.06851925786822853,-0.08810152633575308,-0.045288520456987356
2015-08-31,0.5202625965449214,-0.023920818285568576,0.0,-0.0907507352279696,0.5452476619206559,0.1630890999117217,0.0985885220853225,0.04261712307901351,0.03683125043005995,-0.012937183052544689,-0.01572753752282224,-0.041586039247607134,-0.047517283456388934,-0.04110758897234103,-0.06508889906612494,-0.028397671588006917,-0.0754435638443584,-0.02051354685085942,-0.06918961157267797,-0.052499883263867286,-0.0668837141553587,0.020724408237845025,-0.1228096413725627,0.02014159923960104,0.04624417740778827,0.05850092419595437,-0.07051808276301846,-0.14138258893505357,-0.18887235022503854,-0.03481314651967798
2015-09-30,0.45522205707033964,-0.014372805279300054,0.0,-0.054056956719433405,0.9431209501794791,0.2971586092523104,0.1814447857311829,0.07782177650626056,0.06741062490821775,-0.022692598148922223,-0.02809402776739918,-0.024852048250949364,-0.030235322156789587,-0.07442756176717637,-0.039073514395346426,-0.04826378850307919,-0.012810340909663043,0.012952292933330443,-0.015057126389000364,0.010970972048248486,-0.04022260252959966,-0.013781456164856725,-0.06104287432173004,0.012717674673425139,-0.02934146614595374,0.03712595401187681,-0.12134505516416345,-0.08390741961218656,-0.11959747090802048,-0.07087986755175937
2015-10-30,0.406558166008164,0.06962933101416983,0.0,0.08826276616541455,0.47459196618041416,0.15496491376131188,0.09827018872322206,0.04303554797224424,-0.037612475160381464,-0.011998701468763383,-0.0438002771495663,-0.03896469759459295,-0.0439678252171667,0.03820443800940759,0.020137074288266534,0.02529017995997909,-0.021325515281930923,-0.021779410225046463,-0.02501093142726161,0.01753147671074527,-0.021219316497242822,-0.06923972321968389,-0.02848531470832541,-0.05619544531993482,-0.04470434309182933,-0.06230459962872072,-0.06353055984486343,-0.042153103340916376,0.059000659135325303,-0.11841033848593131
2015-11-30,0.45355060786608886,0.03679053745152578,0.0,0.046242986165044984,-0.25291102970229024,-0.08189554884736032,0.05258435531031697,0.023138847971680476,0.02025823005188755,-0.018648325412838094,-0.02234133033988629,-0.01903596383782267,-0.02049468258171614,-0.05653353206472555,-0.0329379790475386,-0.036856177798103185,-0.03262437185455842,-0.0344364500047038,-0.013366635423759245,-0.02643834137536601,0.0108341221073489,-0.03772855169159068,-0.039595470890165414,-0.0238934173730558,-0.06987092831782392,-0.09770445118980262,-0.0943452828044044,0.021153620443997764,-0.09320989509399916,-0.06402112848916243
2015-12-31,0.4380194699453242,0.01662182045461656,0.0,-0.020106229609712558,-0.3304645745883431,-0.10641467857693693,-0.06745149274747217,-0.08790472360384682,-0.07717645156262659,-0.024701657522076943,-0.028182228080693355,-0.02469773236790838,-0.007219577022768225,-0.07260553405363586,-0.04187040748135802,-0.014953225256675662,-0.014392367441066919,-0.04922635966080472,-0.05650752496574492,-0.038970994361123855,0.013925636563319424,-0.05200273884571278,0.01619584142622241,-0.011044847667331386,-0.029911730226807515,-0.04441842428516546,-0.12342795076156725,-0.029420796486952658,-0.12753955382363932,-0.028130126278084883
2016-01-29,0.41841353579508,-0.013892036952901674,0.0,-0.05155401723774311,0.9980437675803046,0.31514426208066487,0.19954403461518558,0.08694827987913115,0.02546620291162925,-0.019526029628825693,-0.020627881690229992,-0.022050921435452422,-0.006850561023373705,-0.022774418761777545,-0.013695938306213875,-0.04128729525041978,-0.0425140233511837,-0.016630422652324863,0.019209111754463007,-0.013029872760763951,0.04377060971502856,-0.01666352450243607,-0.04674706099124957,0.011134849601592708,-0.09130256045741714,-0.11189031049514997,-0.11529738439351214,-0.026081049915808677,-0.10279141528811918,-0.08711862097201706
2016-02-29,0.4535387954813624,-0.01508813438750572,0.0,-0.019062348037444495,0.9883673198563353,0.33546843415009964,0.20982970812813587,0.0921174993794391,0.08024660391651987,-0.01804530216450758,-0.006821201158398374,-0.02003395798862789,-0.021736547297791214,0.05909615904489118,0.014193358593206291,0.014483047956724455,0.015676572004602655,-0.05902621148805873,-0.06862624184060516,-0.04595668039907826,-0.016514943037079097,-0.058738353501614805,0.01790597404110387,0.03869531313173134,-0.03302184842941043,0.09866623199218238,-0.1070707269678698,-0.02712289631181255,-0.033991844005317164,0.030857745308544262
2016-03-31,0.5275594116436324,0.017462902565337547,0.0,0.06767335759007262,0.905974336946805,0.32552149719028756,0.21639405699210662,0.10095651731964707,0.08685549469608968,-0.006746138003341189,0.007849485895069473,-0.007691453187426564,-0.007819818671578029,0.020674009468174007,0.014943478635329738,0.014839617240901737,0.017082707410615593,-0.059583731749901656,0.02634353796820891,-0.016677709069841753,0.05381628847042294,-0.0217250169963379,-0.06048861099575556,0.014354469445432517,0.1068462534523132,0.1076027448884021,-0.035514332893229424,0.0835510902296634,0.032643748541349014,0.03480818184272693
2016-04-29,0.5154975367526897,-0.024060494815132543,0.0,0.0950031406991219,-0.42845552380658736,0.14908576945936436,0.09875529047489172,0.045780791555061456,0.03933477658386159,0.0089833487973436,0.009866319154588812,0.0106686531228029,-0.0094047134898991,0.07938415836505934,0.055762856848515084,0.01857853630422581,0.021154299252190832,0.021273314256518922,0.07769958465963027,-0.01730521616436876,-0.023672527292981596,0.05451387631391163,-0.07104689628547595,0.01970413714871488,0.1495902747702688,0.10771694040428262,0.04717188869032415,-0.03598084829275783,0.04415074266809343,0.04777640751619517
2016-05-31,0.4684788839766174,0.060824709177053106,0.0,0.07986144606059573,-0.3461087954410293,-0.12290012548177177,-0.08207306641707325,0.11621814068167767,0.10011792374656184,0.00793806313035249,0.008544346234670638,-0.008995663880701924,-0.007818466501034932,-0.022126771441732203,-0.015262645897325209,-0.015255305165822585,-0.05283459644349638,0.04661733593492234,0.0506923345818126,-0.013611556119021545,-0.017774841814845017,0.036408050045933005,-0.01880282334984051,-0.0165182874259277,0.04187601306980904,0.030678380413671203,-0.0384816835861844,-0.028703759597107133,-0.03592455969438871,-0.12209684888141142
2016-06-30,0.5509812045887433,-0.01795475350052351,0.0,0.06882553555240518,0.8826794103287504,0.3240726957393745,0.21094380381020378,0.10175801125488257,0.08390838952937621,-0.008046922748591517,-0.008553552243502852,-0.008843531509518499,0.008002276429796952,0.05809838204207348,0.04211428366579395,0.014889661016764805,0.016042107554053206,-0.012858072512291454,0.042875985474434615,-0.03889109743176082,-0.05113169035839776,0.034699377015369605,-0.051949409222141314,0.015987909799596564,-0.10516591780908263,0.07973626145109598,-0.058492066758294645,-0.027444412154269605,0.03548594080027376,-0.03956733769863681
2016-07-29,0.5392006721551607,0.05502379894378245,0.0,0.07116849873042624,0.28995818012981833,0.31544779682791785,0.2012422246561867,0.0949815497869696,0.07675366079153091,-0.02265957856824751,-0.02425434850305043,-0.0246852372834425,0.007257537948608632,0.05479298076269593,0.03529625932852198,0.04085706666929236,-0.015259749679804199,-0.03384139933061038,-0.010742479148145218,-0.03595639637318483,-0.04482825496485233,0.009680701209665124,-0.0148161407573269,-0.041825702852472585,0.03498191248447023,0.06495095720090441,-0.05486341738550268,0.07935544549920183,-0.03427112855783673,-0.037953486139796516
2016-08-31,0.5755667935383013,0.07869952065411807,0.0,0.09994097524529419,0.36774948849818173,0.1292073835001962,0.08220823991321326,0.03953457797550783,0.09519696182081169,-0.009454436846769217,-0.010313799390456839,-0.010433006883589663,0.009208952757147686,0.02513869140709568,0.015420025044628511,0.01749152405681995,-0.02003477462936139,-0.04586722172727411,-0.014084159336113256,-0.04379741203957704,0.018594650086078985,-0.03825783508860913,-0.05684159181186791,-0.014218677327580052,-0.1392711094747561,0.029055924421044203,-0.07559700774604625,0.0355211973475186,-0.04393689170407602,-0.045621206038153575
2016-09-30,0.5957124125619434,0.09916995384679647,0.0,0.040527387425549406,0.5052141629240583,0.1759043672219041,0.11154905326880148,-0.05104979290989409,-0.04018566609251866,-0.012357775329321906,-0.013495014444820938,0.013235645108318357,-0.03755055662514401,0.034964307613054975,0.01976356186640977,-0.022798873737927775,-0.027623970115101697,-0.020196443258569386,0.019736477244895315,-0.020418786612114957,0.06865652097564914,-0.05502864313192422,-0.0661000834015173,-0.04525895412546556,0.06584652730442452,0.1173137818541101,-0.1048611188153135,0.13607560770567845,-0.054332381884519644,-0.061734610894466864
2016-10-31,0.5382833596038669,0.028878498766642908,0.0,-0.03593896809174943,-0.4431618439615709,-0.15227679288483525,-0.09576431284652227,-0.04260780966140692,-0.0333624214208137,-0.010480354149816209,0.012005214278272754,0.010392943535368897,-0.028845097000482624,-0.02795693070265852,-0.015716928222563323,-0.05658722873807047,-0.06716297318905798,0.0160723941925824,0.05118805743518986,-0.014770440966200173,0.053861728150834544,0.014794988584004406,-0.01670377926399715,-0.01130007958811859,-0.15915275129857143,-0.03330616792965345,-0.08534666910042593,0.03783125116645804,-0.13679223991256473,-0.15771464923787415
2016-11-30,0.5028854299439893,0.04476742320000152,0.0,0.05833686967921673,-0.23558937454243947,-0.21240528167416772,-0.1267712789486129,-0.01925598001181855,-0.04404575369107519,0.005051561851356901,0.005708362621362381,-0.005011230335356812,0.004709222214611259,-0.014097998883690732,-0.007908818985121304,-0.009880414603407895,0.02863791010195998,-0.00880924111607015,0.029170123222900475,-0.02599567804845315,0.025735033879167226,0.008233440425380684,0.00950164408510305,-0.006185096512372288,-0.08121586393058947,-0.016374849759454288,-0.016549476849068396,-0.0196143192242208,-0.07657110536189375,-0.08021254107507562
2016-12-30,0.5318074219920783,0.04285001006322329,0.0,0.0584286069270139,-0.20666907559804645,-0.06331602198935568,-0.03978803128792854,-0.019030282254884647,-0.0438292417043165,0.01545004103842317,0.017333788725306276,0.015469253373733047,0.012181790340289309,-0.013824559624292904,-0.007425346322188213,-0.008975671998243282,0.009137460437150146,0.008512916121206611,0.009380675975198396,-0.00813230587603142,0.008407126977069704,0.007986270009889022,0.009433532790084114,0.017200142506934735,-0.06605666754351178,-0.016004298084548788,-0.04938659705460216,-0.01920197966725619,-0.024433287490345942,-0.07414416185701025
2017-01-31,0.5913672911870824,0.05381101380475437,0.0,0.0729480145245285,-0.2346995359507077,-0.07052933778038005,-0.044483493639788124,-0.021953439664003177,-0.016964833954403968,0.006412580240351071,0.007095910739535811,0.006326318573974805,-0.013129582730175358,0.01615977299820451,0.00899224895422006,0.031063350078115257,0.02858888046555224,-0.010655455024044597,0.03221810700005379,-0.00944615885744803,-0.010482441395119106,0.025578955391054387,-0.011281235517446338,0.006836594942575075,-0.024990044939655422,0.01669359097226594,0.01847153066209563,0.0679111397645983,0.07980718696274139,0.028197599203939366
2017-02-28,0.7278311799292563,0.0561597824925617,0.0,0.07276460133227441,-0.6193769836538106,-0.19426111974100563,0.04218985751248392,0.0216687707952627,-0.01681118991734996,0.019748820244873126,0.0071994930222772065,0.005976123897940383,-0.00407020355186575,0.016254141083644678,0.028323255137363605,0.031673261667053594,0.0253641760440294,0.010537953555613828,-0.01063215869094053,0.008776993455991812,-0.009317728831398808,0.008752889008235409,0.010959729172625091,-0.006701224426176093,-0.07570306243094889,-0.01683620336197097,-0.05625451537759889,0.06725118582407243,0.026093957983499325,-0.08237815316561431
2017-03-31,0.7663624488487012,0.11014442867933709,0.0,0.04612121988538783,0.4006733259409177,0.12262500640489198,0.07965700582784514,0.041094970056818815,0.03253918691613893,-0.012820314952154934,-0.014235507283267846,0.012124191244385045,0.008439207442617516,0.09453626608805521,0.053759580417226505,-0.0199527598657967,0.016979380549090307,-0.020611557764121848,-0.06405236386884541,-0.016633460968704418,-0.053215655850222254,-0.018006218981860802,0.06485702682524325,-0.039671625859231376,0.045575254340688424,0.034192345587841816,0.03644990798276793,0.12219786685562138,0.05193065587250365,0.05221217742867137
2017-04-28,0.8855822035317625,0.08219221079147247,0.0,0.09753825745192705,0.3019012766345086,0.091619921072567,0.05952501349812291,0.03124866649593179,0.024558112095533925,-0.029977734944694523,-0.03352902298096751,-0.028664351698761942,-0.006608334066199973,0.02376039687782037,-0.041302240648013556,-0.04565100820624418,-0.012708552139050342,-0.01534949579394089,-0.05160997596124492,-0.03752025230071472,-0.04037244804644022,-0.04182632898963743,0.045118919758703795,-0.009629993219064365,0.03364229823252681,-0.026013254029429923,0.02603261496132612,-0.09425448679626237,-0.11703394246224468,-0.12330531150299402
2017-05-31,1.0305993847787147,0.07839590920644912,0.0,0.0330602716894863,0.9247850586349766,0.09458058317659626,0.06124457474866894,0.032000529298248793,0.02523605829444906,-0.02647612788352069,-0.010025818559359304,-0.009186375007696318,-0.006528760028608358,0.06639087343481684,0.013455451628105056,-0.013946164394874574,-0.012415516102523609,-0.04035923383729274,-0.0473912847095412,-0.03214662170941148,-0.039213480648256464,-0.041663006423799484,0.0395159607797888,0.030035227089515004,0.03159025833549155,0.025736309282250208,-0.027278934306236353,-0.031099263992942907,-0.0386062310522884,0.1032565609163793
2017-06-30,0.973111008435709,0.019066023209365346,0.0,0.09971236917297936,-0.9297851935107115,-0.09566694858677269,-0.06055431128615579,0.0310811745932495,0.024248449671124092,-0.025348408368612213,-0.02930965936647248,-0.026687599089818125,-0.01980776160062813,-0.06609268266754689,-0.04078812784086799,-0.04075140595227049,0.03757327824509648,-0.03578356031082089,-0.015341509693492473,0.00845314046413732,0.012558749083255591,-0.01365837059910958,0.01206880623228569,0.027991184232059464,0.09194413171303822,-0.07641230838263688,0.025945549124458296,0.09266086148433902,0.034381700307736296,0.03321572677525047
2017-07-31,0.8833512877060404,0.06263578363471264,0.0,0.112761835293209,-0.35282239763046697,0.10938850884132024,-0.06716468841576981,-0.03419162007784499,-0.026466541744872805,0.026576420305004997,0.029961130307073588,0.02874112226686052,-0.02183476188214378,0.02400842068391569,-0.01438970965059572,0.01515678381064357,0.041214827704201415,-0.011304242909647847,0.013380079776757809,-0.008378501199049648,0.04107687875097206,-0.012293359259689727,-0.012654040798669858,0.010390312220276155,0.09868353536514973,0.02876630372602163,0.029324573979332007,0.09030767206164043,0.10354183056426797,-0.03434700501803348
2017-08-31,0.9458703097063442,0.06834487273032133,0.0,0.12926750536521023,0.45703091926948863,0.1404784817852973,0.08471674960568508,0.04286097238073308,0.033361508586280376,-0.032103345062569906,0.032998812028515394,0.029031215389900823,-0.009452340031212387,0.02749859549426291,-0.01618960450450165,0.019267214656818913,0.05129626915046106,-0.04074015894128776,-0.01611287912932617,-0.031936435897847025,0.04972507018018539,-0.045281281536527294,-0.014615566045244964,-0.011973542750361285,0.12074691056211245,-0.034280253366220814,-0.11541491700511193,0.037040153548330464,0.11837838131558427,0.039316744261381265
2017-09-29,0.989859176113218,0.045571397745012884,0.0,0.08300593336184683,-0.7985663230776656,-0.24608171830888348,-0.1502644734892806,-0.02483983524014926,-0.01922717394263397,0.007100409456162206,0.02235689891542905,0.00626832445384282,-0.005967620359821956,-0.01616086132310688,-0.030899766970384813,-0.03497421276760153,0.010513738282751955,-0.009329251642987285,0.010610315651488754,-0.0072366144685041085,-0.03224692899661858,-0.009291057436735738,0.009229082667014462,-0.00657292741448434,0.02451890801916555,-0.0600691276534139,0.06617498943048623,0.02381322572600052,0.0723009534021761,-0.07162020752638684
2017-10-31,1.0028526343011794,0.04141309408886816,0.0,0.07286358575751913,-0.6967678818692915,-0.21753065688545156,-0.13371849005606448,-0.06573639338191226,-0.016973135162779228,0.018935279517516376,0.019700206555811894,0.016191655773729316,-0.01574265565624701,-0.01464977049219182,0.009307980140981378,-0.010857725295163068,0.02631456574280384,-0.0263088688630965,-0.009779308828141257,-0.020097504115740124,0.009885142902088454,-0.02471839872386496,0.024504364689215827,0.016551624226708386,-0.020739983752313867,-0.0560365824501801,0.05541314438715921,-0.02055442193018798,-0.02069434010633174,-0.06363949976778245
2017-11-30,1.1101122654086497,0.05726167805364943,0.0,0.08906760971754202,-0.9886907516130822,-0.10589223953924716,-0.06418417057546301,0.030342435318555752,0.023041915670084796,0.026659858370306988,0.028491466492960575,0.007864065582270877,-0.006455765260042364,0.020609341741063384,-0.03637042857362403,0.014425690052775835,-0.011973120706949133,-0.03837287196026683,0.014142515835853239,-0.029433698588702515,-0.04161118312563022,0.01180233639856529,0.011480380736778255,0.0075554870144947306,0.029134691340874062,0.02680536538845109,0.07756812883272764,-0.02980161685338196,-0.030608322094540005,0.030240599153467464
2017-12-29,1.1074404844014236,0.05057061989748951,0.0,0.08003050877268554,-0.8416284815923017,-0.09427630911302794,-0.056696634120664766,0.07510320732195472,0.05650141330592743,0.024199434294898216,0.023960020459951856,0.020697023815877628,-0.014716593513276883,0.0545989896384013,0.03182013208441546,0.012413689854736086,0.029485898043086493,-0.03641611583104979,-0.03835886633396707,-0.0273846045006963,-0.012150824869366712,-0.030492495981404015,0.009955917765015124,0.02018221146828727,0.07949507435634404,-0.024977420449658023,0.06980677231816936,0.02571606232862994,0.024722177011580707,0.02620201655571228
2018-01-31,0.9799090221935168,0.04393420478748971,0.0,0.06048462034898589,-0.7916036325380902,-0.2656846125575048,-0.15689462423642903,-0.023002260944782662,-0.01728833869009954,0.02269718982848146,0.024389919313138737,0.01961550871608658,0.003739950379651891,0.05000726904990604,0.009884672093684658,0.011789651475881267,0.009095638050745085,-0.012324605701732104,0.012944796958040993,0.008143293989524809,-0.035742069413237154,0.009704312044901717,-0.009106289429361862,-0.01958601519116863,0.06898862915185948,0.0656911735464645,0.05932051162870271,0.07227595940316678,0.0710451460580579,0.06510608227930713
2018-02-28,0.5470805296399377,0.014775672304127926,0.0,0.0159222978044407,-1.0269184015694024,-0.3500959854683918,-0.21956778781975592,-0.10501972748641394,-0.08258364970893942,0.011479575931381015,-0.012025603444782951,-0.010559731258356384,-0.0204339235968568,0.02590798047417894,-0.04668170686486788,-0.019262754079195994,-0.01407792427856948,0.021969162067919806,0.021370968237745914,0.012278020669155051,-0.05819507062928466,0.04301562103350228,-0.016006714816738026,-0.03121425510139947,0.03612975596695601,0.10081885020698922,0.030900634568445842,0.03519817986343814,-0.035921768373855266,0.034587746734970844
2018-03-29,0.4688117344893067,0.022568051374730357,0.0,-0.025659931947441518,-0.6234576756910902,-0.2108729531903173,-0.13158410587051428,-0.06433873166275662,0.05044577279470268,0.06256951275423621,0.023167537834787925,0.0612481695424512,0.013752305230792218,0.13382696367859503,-0.08503940721696503,-0.03442034563823574,-0.026584471994136036,0.03348927257395128,0.03354983266460872,-0.02016116757788233,-0.10060168459819921,0.022460601136249096,-0.08469016454137265,-0.056499347942667616,0.19117201586104005,0.059584084672226124,0.1748699041865094,-0.058283805652301554,-0.06316232398363893,0.06312812369829335
2018-04-30,0.5229761995698486,0.011438297942353109,0.0,0.013878874607294069,-1.0269093111232133,-0.3496416417343446,-0.21425471842124916,-0.10213722114873165,-0.08019876267553376,0.031093698889246273,0.03541165369894814,0.032681362983175866,-0.007817192945010374,-0.0234727176770807,-0.04230719408228723,-0.05220955260600969,0.013481313271482418,0.0171597520283927,0.017108255393352756,0.009485291708375747,-0.054414637664115834,0.036013628129459546,-0.012847999835741171,-0.028150177269660986,-0.03501521478692629,-0.032371505205074334,-0.030265333122989988,-0.030297446017155536,0.03301945615860974,-0.10394158930433671
2018-05-31,0.5129588162683831,0.07020391907540323,0.0,0.027581114622888373,-0.4270242171459522,-0.16386809953111398,-0.10769195637006829,0.056398197089523754,0.04541288153196204,0.018976808548980446,0.0675167771892818,0.06199902286117937,0.01581146436910093,-0.0465730421235169,-0.02817131568983265,-0.03265422015350482,0.026868927973498016,-0.09207753368550398,-0.028949277902151526,-0.016318594604914978,-0.03376107033689997,-0.022346630609509185,-0.02226880858711557,-0.017187555109603046,-0.06084283393708539,-0.06131564458635975,-0.05996138196340956,0.053717835396705084,-0.0588565872052376,-0.07031359412228265
2018-06-29,0.5588159583267567,0.0352493871696275,0.0,0.014324462748159987,-0.6573177964093546,-0.25073840889015836,-0.16426548754493833,-0.028848851461511622,-0.02300191897841641,0.023518985664046813,0.009945695470137059,0.009183824101692228,-0.007936410849118496,-0.06821420376529203,-0.03884960843196109,-0.04420013546018677,-0.01205203171867463,-0.03453451663487179,-0.03607915885416849,-0.007145956380568682,-0.046539829553148976,-0.01065023574479392,0.009762056631548797,0.007815464564503664,-0.07801017654089767,-0.09211419597712343,-0.02803210730219103,-0.07417877183309733,-0.0848022851304403,-0.09660480336081477
2018-07-31,0.5704696759265048,0.03387207090464392,0.0,0.04458605663469814,-0.6961537067911883,-0.2596497625423347,-0.055528421295541315,-0.028297596821014962,-0.022419267421112568,0.00737599594266023,0.008779641224600562,0.008276389194485947,-0.02459186651916973,-0.06431655397063701,-0.03692649861171207,-0.03259971369159134,-0.03099356251588486,-0.010535901489815988,-0.009653941508024101,0.005940625242398186,-0.04143782811787834,0.009847256616403639,0.009818821924869504,-0.020287319544360045,-0.07941221217254169,-0.08535093261779673,-0.08015122298635159,-0.02300074223051656,-0.02746533017040352,-0.09509438022144079
2018-08-31,0.6306021569207446,0.05193156973192299,0.0,0.0670223313088503,-0.346557019313677,0.1272729656782533,0.08177635729629644,0.04129935238274832,0.03272633301890325,0.03203383142303802,0.038565988044082566,0.03504259170805445,0.012102393528734667,-0.07877737584191556,-0.04547109107823995,-0.03841655977307506,-0.04009394063224243,-0.042647629394524655,-0.03653217601417472,0.008336027598672614,-0.019573550279537638,-0.03757155450297673,0.014170726973630138,-0.006819910976202384,-0.10826650119105502,-0.04044933589894722,-0.10721749612443067,-0.08958359897768986,-0.11421951538900481,0.04651048988081062
2018-09-28,0.60722946318745,0.00983816442000419,0.012343440820505803,0.04003775273504159,-0.5919423275869676,-0.21366408473971402,-0.13627866381837905,-0.06886690565905605,-0.05419540394233524,0.018040789834236026,0.022115044085916698,0.019961962314733843,0.006074941539731897,-0.045295106440420375,-0.02523434465286875,-0.00736934279924721,-0.006490702149645904,-0.015154961753289535,-0.007142482503288632,-0.01446931113133241,-0.010728443706279154,-0.007280334979964219,0.02433079549697557,-0.0037944885466259567,-0.0609858829073199,-0.06808731731267462,-0.05530590741560189,-0.05066061187389154,-0.020746316360639203,-0.022660118512117966
2018-10-31,0.5612673953214252,-0.010432728663561588,-0.038626084843304605,-0.015205842728949967,-0.847811811189137,-0.30573623736652983,-0.19231635701406055,-0.09737327526030472,-0.07607067250356567,-0.008580845193832242,0.010886032485925522,-0.026034400331309313,0.02418135877305717,0.021737533582768264,-0.03993744213651911,0.012304882834174882,-0.03157075916379993,-0.035388289193344295,-0.034005895995781105,-0.007741073633808592,-0.04773267978237731,-0.03338016220168771,-0.013380139150952207,-0.005526087220320207,-0.09729464651326568,-0.03395715550915391,-0.08368010266409844,-0.07894205055535164,-0.0991924837388301,-0.10970557444880359
2018-11-30,0.5504905581718633,-0.018580683344704342,-0.023089649699696704,0.02590682188730371,-0.5489880221893437,-0.20533856001080913,-0.13166844521172694,-0.06676714344830416,-0.05269614702658036,-0.03808389208919268,-0.050946793781737894,-0.038714531395823974,0.02109730333415287,0.04420219299933877,-0.07549516176252462,-0.023374034831797556,0.019729713013721402,-0.025257660893104623,0.02213308143543249,0.01623398372236016,-0.08647268648154145,0.023392812519069637,-0.028729580295937876,0.010609686273355597,-0.17873785425702327,-0.21429798714109438,-0.14004464926805824,0.04756429553722751,-0.1989750665455405,-0.07238100143163166
2018-12-31,0.4635939428138402,-0.04657046176655198,-0.05569608746812519,-0.059424471686016236,0.47062769146812294,0.19032872583808153,0.12404772552510171,0.0611668442621737,0.047495878173889165,-0.030352596728836924,-0.04449536464134712,-0.03468328068021826,-0.0064921309576292585,0.04426848292987527,0.02555511991658377,-0.07206591096618432,-0.06229315790335723,0.02730117653449355,-0.02383071201600527,-0.01719979085250189,-0.0884810993636724,-0.07639980127449492,0.09429705559323381,-0.035493609519721366,-0.06149705917452651,0.19282118482958543,-0.1407469965552729,-0.1414820242464938,-0.19802078621725078,-0.06327083009681182
2019-01-31,0.44743133632987947,0.015338114272411588,0.018532484093082963,0.01996233500329475,0.401359004013247,0.487014994906508,0.32400258544887894,0.1727089590750719,0.1386650053810821,-0.010377427075966979,-0.014683756015408321,-0.011451024308763656,-0.018009506467686013,0.04322215551861082,0.025503677007289335,-0.023902437822253833,0.019519110417406338,-0.027057574790733615,0.024774730441351783,0.01872331661699231,0.02830344203706117,-0.02639596257758577,0.0940445599320295,-0.03679443163256647,-0.16926984744752555,0.057740888472763756,0.04280762746795467,0.04017228143374436,-0.05939477989029303,-0.182836644102556
2019-02-28,0.464844363778508,0.03935825002435953,0.046631149834144674,0.05006366825365253,0.32860681098363914,0.38898464181883186,0.25676403393638964,0.044859166103341876,0.035982411494015244,0.008545246437543478,0.03553434537618075,0.008886754136544422,-0.005108354468931052,0.033015913166363556,-0.020176091512540916,0.017521323222368913,0.01581330933589968,-0.0635191726441026,-0.02036856647175584,-0.0402200087473651,-0.021108675763759594,-0.0644313217909124,0.07809917067912589,-0.02414981137311552,-0.1396081428330467,-0.046679463115510904,0.03315752513206437,-0.09231742950236997,0.046143188111363205,-0.15265326577887095
2019-03-29,0.5583845746459659,0.03820984546589143,0.013785828879812006,0.04932585865161068,0.7960524482785833,0.32576884217112745,0.2170480773307293,0.11629527780809967,0.08971955288402739,0.008588818892529462,-0.012035795806315691,0.008874404958981771,-0.015720724121577392,-0.027866975365592617,-0.052303742878739776,-0.01474294001156245,-0.015255501330228098,-0.0493651780349804,-0.05868583329978904,-0.011029250086389318,-0.019915581547220642,-0.05703451268039808,0.022711471622189342,0.006857012813754152,-0.1272366776255806,-0.04371634370249883,-0.027436141289716727,-0.03026714444911632,-0.0420488816132566,-0.14371676175373585
2019-04-30,0.4783443737128311,0.03911503477391946,0.040742397524824864,0.05040332534922078,0.2547156651867793,0.1024388843618604,0.06733148554527953,0.03628961974756167,0.027729632603203866,0.00829649838082388,0.011652505056096427,0.008685941662905258,-0.016154945130175027,-0.08043397326472353,-0.05119647287404281,0.012965771827760838,-0.014472679340441578,-0.047444603040868574,-0.05452324875431008,-0.03157794932956761,-0.05154286559116934,-0.05087704208767074,-0.018343363266685456,0.019665285223784926,-0.12309103952323208,-0.128261968518575,-0.08225621997411608,-0.0855151166611948,-0.12061790694883649,-0.14094271907744596
2019-05-31,0.5470076844581605,-0.01318253541597644,-0.040029387777305366,-0.017288748318096507,0.7031306925185751,0.3037835002572217,0.2041113685241776,0.11288737496960966,0.0853967488190663,-0.024153215345330797,-0.0325585468183586,-0.008681566385457024,-0.018905329399041697,0.027918730027286127,-0.05383335172926865,-0.03984216088537949,-0.0442112360804046,0.010930502366932892,-0.014635968091516472,0.008522167133724334,-0.04985883887679653,0.013312887893115124,-0.053938880854582504,-0.007047695675449001,-0.14468116563683528,0.04342055336945367,-0.09300632949987207,-0.09644086944468927,-0.13887952125753592,-0.04840244217078116
2019-06-28,0.591563247674087,0.041855556886109604,0.01442381361999551,0.05688614725748434,0.6565427084672826,0.31203039148361394,0.2155436946044616,0.12042098243672816,0.08791453090171243,-0.008121349847952156,-0.01121013609303801,0.00885329357057329,-0.020906343799727122,0.07279389399908122,0.018062072945803198,-0.013524016230709607,-0.016003083059439156,0.033064531181289714,0.015159125669730667,0.008635129236851285,-0.016391061126842132,-0.014446588968464335,-0.017005921162606453,-0.021312225311548014,0.04888727474047398,0.048040972451600814,-0.03500238235627244,-0.035534131426344914,0.136963904452548,0.044864363277473986
2019-07-31,0.6496260123512089,0.058258896293256396,-0.02024482400302859,0.08057237307984416,0.28952885246502713,0.13583961012056647,0.0946916046977683,0.15331731245057367,0.10841301239500148,-0.03291492234282875,-0.04422565867971618,-0.035502076130801564,-0.027148765877630085,0.07435340472529722,0.06133690053832869,0.01722938451532285,-0.06432643061334639,0.013461208844915374,-0.019324802621998944,-0.011355867906845713,-0.02059442346830331,-0.020398135470441787,-0.02319129107116074,-0.026936649133380744,-0.18906520812027608,-0.06186259172407316,-0.13079753179345716,-0.13637387542463866,-0.06425318328016089,-0.05618501524312536
2019-08-30,0.452387394337396,-0.01340724674171339,-0.014214109855333463,0.016752635432699507,0.6499080732115269,0.2953917799339401,0.19981689031817748,0.1073966357172454,0.07192460121815931,0.009462960626228688,-0.012687399335015198,-0.030851206280530414,-0.008747958715120564,0.063105299359381,0.04884063232764258,0.045609151636593445,-0.05905571777861891,-0.034308421520375165,-0.01775334391952613,-0.031714412763319995,0.017096607437166483,-0.055888302680153934,-0.052293009818835286,-0.021463172302168133,-0.16626988375982063,0.13369752704104823,-0.040775432099688876,-0.130227313689114,-0.05921126769875953,-0.13974161244470104
2019-09-30,0.5284351233210473,0.02388231182270267,-0.024405846446758275,0.0909916583686905,-0.3503497368941414,0.15229406866952663,0.10199280358360857,0.05395636964723542,0.03616156353504405,-0.03665785139249435,-0.01596254883220635,-0.01315594884593252,0.01394264837031878,0.03360304947012386,0.019202084992767984,0.021177943731762926,-0.09131225429929171,-0.019256959048509513,-0.02837165821909141,-0.018747111797294484,0.028557910916008622,-0.03108272701280214,-0.02629494128375082,-0.011268610975385465,-0.269639761033429,-0.07736647040646859,-0.06122589837098268,-0.0751470813824624,-0.09767756985305646,-0.23445105033085373
2019-10-31,0.38246737069624326,0.04465327006149738,0.047002413522940885,0.0571453465535572,-0.20776342492928454,0.08926859098892112,0.06043157606397747,0.03240760501257252,0.021824646734915725,-0.008009444066176494,0.010523027320708324,0.008732994528038586,0.008061597020929909,0.06449593853880889,0.03762509877928187,0.041085447642007354,0.018772522845086268,-0.011721428988438408,0.05682401591583248,0.011750186516020755,0.051559403824809745,-0.019135787191901468,0.017307966611143397,-0.020320492809404237,-0.05811203765244944,-0.04851543933022736,0.09668896188698246,0.04396160418640061,-0.05768853294694241,-0.0493670446863379
2019-11-29,0.41741518018208934,0.043938614507310195,0.0446409767721891,0.05533387624087746,-0.19900214041754996,-0.08187072321330907,-0.05416004347260341,0.02852037534077357,0.019263974078285586,0.00713106294507037,0.009172482927203008,0.007509940717644273,-0.018455724021491517,-0.019969080364437543,-0.011507591517109284,-0.011758731086152175,-0.01665636584326194,-0.011111207943517599,-0.053426440489352404,0.0312370956161758,0.01448670187074476,-0.04890733333823379,0.048427696452360586,-0.018563169088609596,-0.1622441719884696,-0.04602352058311911,0.030724277853537565,-0.03997152204957069,-0.05431974445263054,-0.14050247324473827
2019-12-31,0.4542616633070909,0.035158780409061466,0.036119713267273985,0.043889661840837216,-0.1501117511494123,-0.05712619126449183,-0.036615759979672424,-0.01912942385858537,-0.01305172516360003,0.017511870085578137,0.022354674004799322,0.018296743676907267,-0.013458615698689086,0.0471151772975649,0.02643592813903591,0.025446862976894406,0.03555563063990061,-0.009018803936798039,0.013607166528095883,0.02373404258242094,0.029179562772935513,-0.012206925577945778,-0.01268056992711092,-0.0050282688521259234,0.03816511533737252,-0.03513823012394403,0.058256731964443254,0.02772610499002385,0.11564606698656908,0.03357270898173301
2020-01-31,0.6423491330115794,0.04468629716801804,0.01644256337079642,0.01901959078647052,0.6211221379329123,0.23404427319491136,0.1484029656496694,0.07630204335511884,0.052139412378712384,-0.022262743368742424,-0.026133240789051465,-0.007777785650767568,-0.01928506653460879,0.05928940220866393,0.03449693076914994,0.010694070509153313,-0.04446584559870053,-0.03592263335306836,-0.05635269177007511,0.011632559887495375,-0.0375384930143062,-0.0548837559127473,-0.0513637385756289,-0.019026096233483808,-0.15960840941642931,-0.046952836136557576,-0.027853170248990165,-0.10888870516202741,-0.1691912850866662,0.14187212292549728
2020-02-28,0.5065600572808768,0.012376765611857214,-0.04198714902173062,-0.04215422330970199,0.5995136621425358,0.23490993732142834,0.15368078877393213,0.08040851772922615,0.055625646378544245,-0.022474328829305362,-0.02469177052837461,-0.0222040682627255,-0.019611806365456327,0.05484109438218864,-0.01052215267889207,-0.03088592458325466,-0.04895181623929458,-0.04164186473479019,-0.06355012560029218,-0.01180458326356327,-0.03818512007855726,-0.01998840205205017,-0.047417826002496964,-0.02046685187089121,-0.1543197826876117,0.1167046288608589,-0.08800802187120893,-0.10645085385080273,-0.1815210454917508,0.14854118419580087
2020-03-31,0.35108693424097964,-0.041537873709843805,-0.03634252746795868,-0.041016033964905746,0.05213618627275863,0.17682105669589712,0.15343219853735252,0.08710956756934468,0.06984556510753553,-0.02739515928225201,-0.036240781223811136,-0.024553098516799127,-0.041535090135450016,-0.02593544148930537,-0.04601735333645574,-0.0406742977157005,-0.0804513723937596,-0.07857171475498664,-0.11222015517756442,-0.027421442425785376,-0.06522265623038462,0.03389419396476989,-0.06477672575798618,-0.04381887787414772,-0.09594625397304883,0.10301401121903793,0.12141359412306021,-0.07901212699063141,-0.11839627842683115,0.1229268257564967
2020-04-30,0.33403318363921464,-0.05959378123200962,-0.052441980739244345,-0.05619072382810266,0.1125045451631404,0.11200141669469459,0.15039337283416612,0.08693504179638303,0.08798204328014905,-0.04215026382450242,-0.017474459485220462,-0.038411868494625516,-0.019657650014455845,-0.09393533335879783,-0.020909797165136523,-0.057543427377097875,-0.0920828958437543,0.08595253756101016,-0.0371167899429719,-0.03620869897243083,-0.027577053862103327,-0.11431703948297801,-0.026238476983538924,-0.021898816164354476,-0.10131766629120419,0.10447745618714978,0.11338621932229104,0.034048614177502594,0.11001802091586531,0.11397753173623074
2020-05-29,0.324998236402486,-0.021545622030880344,-0.05917530843958694,-0.020829877437191082,-0.09640283786269269,0.0913707677882088,0.1014614258690316,0.02847337550405094,0.08851429481006581,-0.015790791710257598,-0.017758156136109534,-0.01469007491261252,-0.06081427363887966,-0.08574297981142939,-0.02187285724846208,-0.06312776096587287,-0.08534289618798355,0.027736646355542103,-0.10140189276911267,-0.08378477775707857,-0.08080108215330542,0.03449849296351141,-0.08162598751930224,-0.023687110969140748,-0.09017147779851598,0.0787032027854997,-0.09996671183879852,0.08311577408833239,0.03257349609960456,0.03405898588217841
2020-06-30,0.23428944295083973,0.027476106126972245,0.02572610972683527,0.025654667893558247,0.11197241716996835,0.03461266466155448,-0.11454240353300353,0.09989845869419338,-0.03639239829721853,-0.021102224969213868,-0.022616653278017755,0.019531092089580263,0.026055101265909163,-0.09289533685143442,0.026727076862412116,-0.07960406276921593,-0.09251670766044588,0.09757170290677754,0.03540619464327894,-0.03162262502696826,-0.03164506355551341,0.03792634329025649,-0.09603786290133706,-0.02693614607892231,-0.03701347121002164,0.030370281132121976,-0.10072604883240986,0.03212602210911541,0.11417380334952676,-0.10993574430730034
2020-07-31,0.2611440190964888,-0.023920965137900176,0.021787116379566873,0.02304598722775476,0.09087860337053927,0.07798105568209192,0.08908700945644679,-0.02590691085489319,-0.02719348903889759,-0.01949582433741364,-0.06274012464846018,0.01831791372237425,0.02324004794145748,-0.024465367862190713,0.021885910221522305,-0.06337270724267655,-0.0811785712731392,-0.07613414685711538,-0.08828597808039618,-0.07574205792084335,-0.07805561096483296,-0.08316139598926438,-0.08058915717295322,0.02402649099822767,-0.029839131361745524,-0.025071105814629513,-0.08525993990569643,-0.07930164165627868,0.08865201838647344,-0.090676193775159
2020-08-31,0.24768373017244244,0.029061510417765248,-0.03028143580430243,-0.030016598563032088,0.1105052667344711,0.10510578729329054,0.03606805663961289,0.03515205226036023,-0.1026102078142658,0.026059126316627778,-0.08478986452524678,-0.02643895754896542,-0.0302424575253718,-0.03346376028259857,-0.027818525207251487,0.028506271231354487,-0.09913797685149972,0.03161667272774137,0.03838271028859291,0.09176746019180182,-0.09770666875601135,-0.09864348164472302,-0.03395715303418389,-0.031825226025590306,0.034554927706777434,0.031639031761320914,0.11137642966830007,-0.09900267574345518,-0.03505460267940412,-0.035346600883504616
2020-09-30,0.2567528335689003,-0.06872510398001548,0.025027176608631577,-0.02370747330884174,0.025737993603363846,0.07164158278093168,0.07988653158249621,0.08473883597852076,0.027088377799498065,-0.06418889634724743,0.023286168603777302,-0.065268413916749,0.02223131960326793,-0.02641989235620783,0.021586868643723486,0.022385161389314352,-0.07979834549139596,-0.024706774579972716,0.02836708899888039,0.07111586086530707,-0.07559620502168672,-0.025400687798951056,0.02561172048744136,-0.027460470903050718,-0.026416415308320736,0.06973679008331762,0.09446643650945613,0.024904226797848646,0.08190376822311882,0.08218041286550154
2020-10-30,0.2818340891100794,-0.05482561766936157,-0.020315994725461473,-0.01860718594037791,-0.01968552476071909,-0.018056911043277262,-0.019913145439590902,0.021247195315054892,0.0604845192793209,-0.04929512532402739,-0.01744214486626159,-0.050880506633258445,-0.05277988457235777,0.020123049611038148,0.017701949784453483,-0.0179982193351848,-0.020435591528012737,-0.05442910096585205,0.018200090949316187,0.01752706069463585,-0.05380421999380838,0.05490276033197845,0.05551733678662852,-0.020164780848102217,0.01854032145790237,0.050323712511298246,0.021648144013046388,-0.053435133366697515,-0.019909815194697863,0.06516236065208053
2020-11-30,0.2371337745967235,-0.01922531571670918,0.021149332763117975,0.01851083942352061,0.019320527119814846,0.056565917723138605,-0.018715645767440378,-0.020270318245953607,0.06477145775454905,-0.05282688851949627,-0.019365553475784312,-0.05367087990557955,-0.057218142668176084,-0.06114462150565629,-0.057252408156436535,0.0201993268423355,-0.058820076740923315,-0.05520330232421294,0.05901403204874126,-0.01874019757899017,-0.019053482234458134,-0.018620477333375168,0.020625851051918352,-0.06003117937764905,-0.019781117117329966,0.017696042455644854,0.06139928212342859,-0.05444546481443171,-0.06151159151099157,0.022873368951145605
2020-12-31,0.24558681241841335,0.01657411907296572,-0.016401144021354293,0.014464563766785876,0.04754933524299923,-0.01656058099313401,-0.04429502710680204,-0.016827860999077866,0.056415911169223946,-0.01542497460892237,-0.017077083835381146,-0.045899537903457494,-0.05101984980432873,0.01635859683506725,-0.05133672609688538,-0.05376277752274226,-0.049680413379472946,-0.015066834924853535,-0.01685822258646646,-0.04614446747468023,0.01688436903650454,-0.016536750653610436,-0.017541410389425326,-0.04507800559130313,-0.05017906395779214,-0.014697720813584643,0.05586326721887416,-0.04270806530030868,-0.018580389057574993,0.0574040022273688
2021-01-29,0.24591501803968088,0.016075578823602322,-0.04593466231398667,-0.014941395771568469,0.046658889603968766,0.014019091215229745,-0.04587065384615051,0.04993971241462847,0.01708642595255951,-0.04662720274595011,-0.05193700841159864,-0.04629422803994998,-0.04884827646792913,-0.049854087690105686,-0.0153586693900353,0.016697442938428786,-0.04691758704901275,0.015688582913573147,0.01684569007409443,-0.0476386953631571,-0.016611286275884995,-0.048966057461800265,-0.05020196417647951,-0.04449884512154965,-0.01649281667371928,0.014148502267333978,0.016939904012165906,-0.014906741657750452,-0.05504265702623687,0.01843190749478162
2021-02-26,0.216861685282756,-0.015278919988262201,-0.015112342689667602,0.014243036876082712,0.04551457252081721,0.04322723973772653,-0.04734253097594971,0.05239319260716163,0.0537549018383537,0.0,-0.05467368859319484,-0.014677333312540461,-0.05127669076289299,-0.016949084441538153,-0.01509809248933059,0.01573432086626455,-0.04930487041399337,0.04736595200999738,-0.01750835589776464,-0.048560859598475135,0.01695144329467768,0.0,-0.05299796268948482,-0.04616004463795526,0.01421831757652583,0.04421045766252443,-0.017161293212502867,-0.045397619064767754,-0.055715953072631635,-0.05348841679757101
2021-03-31,0.19350247726451783,-0.06357265076687266,0.06645858971593101,-0.02179119677923722,0.06016867424351211,0.01988187603051522,-0.023365191782794958,0.07345704820304942,0.0,-0.06893710147608846,-0.07785668651189567,0.022225569707692558,0.023253335817486998,-0.07340463517010722,-0.020881756643937197,0.06764630611483914,-0.06698959956299272,0.022807825534286695,0.07299629169223464,0.06880744698168371,-0.07329616325502333,-0.02258679875653376,0.021870522301466237,-0.06667444612734966,0.020680783219749543,0.023610397027125238,0.026666548001573125,-0.02074480075831099,-0.024398427177232063,-0.02659604058697808
2021-04-30,0.20196903963900825,0.018141121622810515,0.058186257264966325,0.05516157050898454,0.05361079189193098,0.05430345075886986,-0.061250198841141565,-0.018359780150452747,0.020209460972309752,-0.06097791575423257,-0.02221604564103383,0.057203159621378834,0.05244304069998956,-0.020313753282238313,-0.057660004295365,-0.018277811572366163,-0.058750810644780126,0.05877442079230995,-0.01883803348396965,0.05891600523617831,-0.021663888176352,-0.0191392309480694,-0.06103289337025225,-0.05540882026336994,0.017923977674852373,0.060621449098440514,0.0629567398325083,-0.05360129679846745,0.019447153056247248,-0.05692828372338892
2021-05-28,0.21414370356006773,-0.05741838937796465,0.02099853015489715,0.06277283440653547,0.02097234644536918,0.06062542709088292,-0.06718735452542463,-0.019889404065477595,-0.06710110708935343,-0.06178424491871442,0.023509039721462403,-0.020181654555609267,-0.01997918916348154,-0.06338668106067195,-0.020306651833399237,-0.01937418709887633,-0.06631053305236448,0.06643033833745163,-0.06290461352619135,0.06655209290235496,-0.02167183544701313,-0.01933565674461693,-0.06454608539469074,0.019860676255412837,0.0199842295380434,-0.06176091160919645,0.02162503934580237,-0.05136682804787013,-0.021233292407837206,-0.01874823494870855
2021-06-30,0.2019241985501137,-0.018446892641737937,0.05957546329465487,0.05830707799698502,0.02094764605329562,0.06255129189271312,-0.01973004236553239,0.019681465407955737,-0.062372847641270816,0.02083985559177253,-0.02032143239666604,-0.05766957052262276,-0.06483384986219083,-0.05950097554274046,-0.06260638358202548,-0.0196709083810358,-0.022401508562169093,0.06714815644686961,-0.061422901184279184,0.05869191669274097,0.021477807197071673,-0.019056781513415215,-0.02152337689302455,0.018865150224291808,0.06080441529119833,-0.019966986808992622,0.05700214791776274,-0.05596901637690371,-0.059774359496814096,-0.057861142973188465
2021-07-30,0.23467221457104134,-0.016857056958529928,0.052480363068431124,0.0528095277762188,0.01833157799616254,0.01772570990714104,0.0167765439921961,0.016204181339376136,-0.05804861714662372,0.017392921519581404,0.04911410018230324,-0.015572134158456631,-0.017075708161264556,-0.04947476534652466,-0.018555811314269942,-0.048437476767077936,-0.05175234794666823,0.020183971972626256,-0.051639567348362655,0.017414694321915728,0.016795747532103018,0.05159538429648732,0.05441297591120003,0.01686413695280444,0.05052884686028243,-0.05174779222920028,-0.015744586158217087,-0.015947444767520403,-0.049245057897634316,-0.016598655792476526
2021-08-31,0.19648763537802827,0.02091599009452769,0.060133864910475184,0.020033095516428064,-0.022059139277345045,0.057143523860335034,-0.020340291691150345,0.05469021140648217,-0.021490697005545033,0.02081398933861248,0.01826685021821008,0.0555453660495239,-0.057552815191545606,-0.018906342184985582,-0.058236774338505985,-0.01918659593971174,-0.056257095379621404,0.0632420453262167,-0.05785906959521652,-0.02048346389342359,0.019690151712258686,0.05824151946364891,-0.020397333158248387,0.019498251012270342,0.060112712128013085,-0.06264027394784044,-0.05271213480582965,0.01887457130075499,-0.05695414333810736,0.053156253761292085
2021-09-30,0.2248392044870828,0.0658043783104374,-0.02147772707380013,-0.02039892297623908,0.07133173898597894,0.019003169562540213,0.021137416909345272,-0.0192433501668911,0.06046831492665403,-0.020884350408334182,0.019078930420854994,0.018785282543212916,-0.019123413061572666,0.02153775307969792,0.020518560596735444,0.01975656112228534,-0.06024727428233282,0.06609566322240307,0.0180852214610221,0.022077061171136666,0.06291128946547583,0.020355525844745793,0.021407135504489822,0.061727502638384876,0.061325558847887,-0.021778453160532018,-0.018462582499326825,0.019074363550649082,-0.05957958196960874,0.01754934663135742
2021-10-29,0.21196095896553938,0.0703244481439725,-0.02200269919020599,0.06034834392382472,0.06585606100133069,0.01979393117353794,0.06482357572677905,-0.018208483875653533,0.0649846778062248,-0.06495022998452733,-0.05786516530387864,0.05844477331026345,-0.0603178713507947,-0.02234244187179886,-0.0637653288112921,0.05868237575978145,-0.061034930510273824,0.02467505395136401,0.019954288941522826,0.022849814528932064,0.020852176134132275,-0.06478996770845813,-0.06326060922953597,-0.020038797733379094,0.020859566117372632,0.0211458738192924,-0.05855185603634948,-0.02063972437435842,-0.021995611859222764,-0.01976952379200761
2021-11-30,0.20265478745942747,0.024594039206757283,0.024944887084367116,0.06916334807772574,0.07720416272762667,-0.023243118809876895,0.023901844823234018,-0.02085567461142295,0.07432655572115392,-0.06504254341614299,-0.06787540162716527,-0.021709100147244368,-0.022330461251480676,-0.07087268517406323,-0.02313574151779003,0.024286901870170345,-0.021822682691963753,0.07957888951895199,-0.02288378795775487,0.07240650774081374,0.02504719494920158,-0.023458225332431384,0.02239479722922555,-0.07117065373078044,-0.02283000170938643,-0.023903988018845593,-0.06390118734758905,-0.02324181939254077,0.022401750078211977,0.023278513001460877
2021-12-31,0.22287013962642088,-0.04514848283995685,0.050759143480640305,0.046645904361598683,0.017995034563019742,-0.014388227733577192,0.04767898694925778,0.015178637599810424,-0.017440695817971873,-0.0387471743802657,-0.016144919873974074,-0.014465119233613363,-0.041791093905003476,-0.05023244345964196,-0.01567765855197849,-0.05122932747476341,-0.046840038450841,0.015335940385029166,-0.04788638453959589,0.016489733463959048,-0.01563565264419336,0.05009861481345513,0.01534095226472783,-0.04650967769267784,-0.01627223444837876,-0.04941554878644424,-0.04303704757269257,0.016289162967534514,0.015181696894244827,-0.04802804204743002
2022-01-31,0.2543082812506709,-0.015165920551339987,0.04680696756637901,0.044762661110760465,-0.01770119477400576,0.014069290524837744,0.049543354978598984,0.04539501592862094,-0.017994640498198582,-0.040591226815981866,-0.05099848499728792,0.015381785434424667,-0.014807715498762884,-0.016800541808396345,0.016186136165998812,-0.04626065146138222,-0.014575092442901403,0.015608775783019696,-0.017006188643963718,0.015463422404191457,-0.04811655552650117,0.016326756755250048,0.01603461139151833,-0.048291430051676465,-0.016132259828192226,-0.048662881951920735,-0.014782305187618626,0.01679591682474947,0.0,0.04764096751773872
2022-02-28,0.25306528367690856,-0.04143903054771992,0.015078455514858693,0.04157088238958412,0.015433491348389046,-0.0134071729310994,0.044995301828172705,-0.044067141091549904,0.0162444097829116,-0.038202681979126164,0.04653521016493009,-0.013810317108571538,0.014302163183173547,-0.046606936404067885,-0.0415425253544746,-0.044895158108967395,-0.03995239990708967,0.0437190223213339,0.015663613712394348,-0.014017736802037975,-0.013971838669659719,-0.014377105391319084,-0.03987685506888899,0.014310410038524238,-0.012398495395121167,-0.04308279280400574,0.011896578790129488,0.014453983504396502,0.04254392331275405,0.014882383446695334
2022-03-31,0.2638099846118067,-0.03928504056555389,0.04824260770367845,0.042038883594574014,0.046665123292499305,0.014705864054449756,0.014778901344006619,-0.04590733541101574,0.05106698046477224,-0.03789268350069839,0.045695488766205335,0.013638184663823032,0.014390985450123255,0.04677104050208172,-0.04592356088547921,-0.014828378275776632,-0.04491601407435725,0.04754147141866909,-0.016270625271012574,-0.04330239802802822,0.04563127651389102,-0.015296788214624261,-0.04383778969132648,0.014704539875165689,-0.038389238814781054,-0.04493125828730293,-0.013131448189258873,0.01631787201363453,0.04181743421007274,0.01609546577172784
2022-04-29,0.2319888216807894,-0.018046628889837484,0.0568897458871506,0.018302850668893818,0.055800716434169624,-0.019371829246098617,-0.01971671504704006,-0.05729351250267816,0.020030824410108807,0.01625890104738484,0.055004773393579405,-0.017710000065680943,0.018293848961970487,-0.01895398038876564,-0.018329791419361988,-0.05319269005389944,-0.05847270953777901,0.018630153501475556,0.05530557051346808,-0.054143604076731015,0.018611109719861626,-0.018469497775989066,-0.01748064652317409,0.05454364428398045,-0.05007067324688478,-0.018224220323762988,0.01682039704329887,-0.05962713951395064,0.052324060890856575,-0.05896641026193968
2022-05-31,0.2330089622740553,0.01962725779274079,0.060122468236932125,-0.020469302934441578,0.01908475337811697,-0.021900334610662344,0.019776832721442088,-0.05950052536161087,0.059995921186071624,0.019196652398379303,0.019284831345182933,0.06096927181948558,-0.05632162538736469,0.060617308868715955,-0.05835309148133114,-0.06060947364942034,-0.020630318004661925,-0.02157291796423175,0.06124061913538754,0.05415428449891721,0.06184804580760936,0.019406193208790955,0.017135003658154815,0.05963136192324166,-0.05693601412221618,-0.05866646166864167,0.01744532775508677,0.02149792030378166,0.0189515102667718,0.02137078570984572
2022-06-30,0.24486948096517974,0.0571396767782204,-0.01821525670789457,0.018846818723227212,-0.018912267627747704,-0.06142879629526715,-0.01890550146421011,-0.0189382421462567,0.0583924903987846,-0.06101133939550492,0.05490893030510746,-0.018803619531458825,-0.018648763145845047,0.01971808528112695,0.018650659413020427,-0.05429935305851816,-0.019451045066651143,-0.019761123028349335,0.019227888864178755,0.0512655643387703,-0.05780278946384535,0.05654589988168308,-0.04858043237287556,0.019115022959465062,0.017752040352501865,0.01874788696968756,-0.04943340986978264,0.02089582275387324,-0.018951348348686368,-0.057035033148898386
2022-07-29,0.23932218826637264,0.04660982946521677,-0.04975424135373788,0.05127456706134706,0.017126052812887975,-0.05545645216537683,0.04863156635208214,-0.05147964003489232,0.051203310784534564,-0.05378510196798361,0.04994087867527532,-0.015651706348765424,-0.05280866448190762,0.04886710228668151,-0.016505946799976613,0.01611250436296488,0.017419584026871975,-0.01710561279780969,0.04795289828387357,0.045380235717810725,-0.05305562728835741,-0.05323533145599403,-0.01489579272245059,-0.04905686896528802,-0.015593239619407366,0.017303033781665637,-0.047435244155664275,0.017359224939909868,-0.044941966449610245,0.01597061573711308
2022-08-31,0.19029906133264185,0.06101337533269279,-0.024338349760432677,0.021751692645117282,0.0670817123676944,0.021929950660448255,-0.02178549581240903,-0.06939422936612563,0.022995589014658698,-0.06597280995817822,0.06233111985306484,-0.0635674962245676,-0.07182063732992448,0.02361140810018031,0.020982727164620685,0.021563495894554145,-0.021936803352568954,0.06874687106211733,0.0691233219500549,0.022000409263133177,0.06930348988183527,0.023208752636635178,-0.01987633613582373,-0.021644675128210184,-0.0604600232765423,0.024862287685259932,-0.02090505275817432,0.024375115928258837,-0.02041577998747005,-0.06239453145150508
2022-09-30,0.17149740140713038,-0.06605037071099192,0.07270327241183745,0.06029973869007539,0.020911368557082508,-0.02139033597839318,0.06871340921244248,-0.06459049342276724,0.06903493401780952,-0.020575401518677313,0.06492095709493408,0.02209183892296508,0.023990303786752952,0.06844234436795821,0.020859172719558228,-0.020822348513148382,-0.02204296781801871,0.0641295887706981,0.024503569125326956,0.06358343729284689,-0.020776501572053213,0.022164807580007845,0.02089741339126144,-0.06632439539097677,-0.020733922339416243,-0.07431099642936367,-0.022522791612915993,0.02443505222297593,-0.02246841091197309,-0.06351500750177279
2022-10-31,0.24002461874343103,0.01853071420493816,0.06292099196152293,-0.018609680416899855,-0.017892289793651713,-0.019268080315815877,-0.0205747541111341,-0.018794161312590877,0.0580712387920216,-0.05541972735366052,0.05663290136914986,-0.01895687877552021,-0.019688726499696288,0.05789949283791463,-0.01967386042788242,-0.053698080452939695,-0.056313072132349894,0.02004274586028713,0.056922757454856095,0.05348106441616295,-0.01787647514500533,0.018632293865889292,-0.052986670551466275,0.019881639493587126,-0.05787336855503837,0.02123594293749361,-0.019406194970762645,-0.06657463405763463,-0.05864661133387674,-0.05757019204480877
2022-11-30,0.20928036018409063,0.020035764986054375,0.06566389999151952,-0.021109980130152247,-0.020833774655564952,-0.06633351113228607,0.07191358104817712,-0.06688488080177807,0.06450985830213879,0.020646342205968955,0.02117516086144535,-0.06711249918828333,0.062425588583094056,0.022573816462671186,0.02121217277520574,-0.021289620096839174,-0.05854018893579977,0.06565467060780157,-0.022441932545363214,0.0212098603754266,-0.020498550110709585,-0.06406702710199026,-0.06361463408531602,-0.022991668638407042,0.020842063676132876,-0.06929392767374411,-0.06650810593360462,-0.023554947594791386,-0.0694536585152023,0.02271340738327249
2022-12-30,0.21790784281372144,0.048214110407731485,0.017294859349082307,0.016875075230019493,-0.04688574599591117,-0.05375486357948405,0.05739800705020289,-0.017938457352685993,0.05672771753954843,0.016907765230537063,-0.016688578529596425,-0.01719720721714784,-0.017557153964268612,0.018275893804156507,-0.05249920018344387,0.016657529650644032,-0.04920304150106477,0.05188481944887552,0.05601676337393852,-0.01716281539301701,0.017144784167517274,-0.05325484556366033,-0.017089533865402462,0.05214192712584815,-0.0504407043166721,-0.05260218704223864,-0.05533859889361499,-0.05419313632060188,-0.018385796869028602,0.01747972121367842
2023-01-31,0.22990475462153984,-0.04242956819950587,0.044669350369169046,-0.041572545631942334,0.014269949604626799,-0.04540031565704403,0.04695697588665402,-0.04752209736278924,0.047204690686292954,0.014942053402393032,0.013943286624393444,-0.044867385333920075,0.047412343037368486,-0.01531454924397128,-0.04562845829422716,0.045672286641568256,-0.04335931072788906,-0.015351756049042393,0.016588505536977736,0.015824327508352626,0.014736113111236303,-0.04720409658260344,-0.04291541783052124,0.04842557059523925,-0.04438036492874222,-0.04883634576229488,-0.04309961397272193,-0.04828498384042715,-0.047090605607985114,0.015386256654515271
2023-02-28,0.2262992137526492,0.049211115946537494,-0.017990496111628437,-0.049626373050344334,-0.04751115952936557,-0.01777854266812677,0.05156605879418275,-0.018338819771009793,-0.01674229764742722,-0.01636089144913751,0.04869712207122904,-0.05010449190264888,-0.05348174079928088,0.018407972866404717,-0.018399474482754606,0.05524104567977383,-0.0463536745945438,0.05055945165236911,0.05691770711217067,0.05391864495963216,-0.04739233771243129,-0.05355109428216512,-0.048590857533268056,0.056764050973446216,-0.05054690326593995,-0.05467992930155831,0.016510727069702996,-0.053828262283969586,-0.0188876047033408,0.018702554254881498
2023-03-31,0.232883757319878,0.04803045324552247,-0.0156437200975851,-0.04738901761563219,-0.015990373389333328,-0.015497911541126275,0.01659272090911293,-0.053744887000534716,-0.01679043669125436,0.014416142233793009,0.01511555732016408,-0.016271572246535047,0.017314413638440357,-0.017194721752562685,-0.050991685370541245,0.05281054233801704,-0.015589613852751094,-0.015307433554354972,0.050933596066909295,-0.01579907298666655,-0.015778577637591856,-0.05159097836552664,-0.014314879993350845,0.0503961074035408,-0.04847919691726748,0.04864263787790899,-0.04444442601499711,-0.047032114748804976,-0.050869053031432535,-0.017040996544323995
2023-04-28,0.2524188222089506,0.014051855352755008,-0.04247913361004433,-0.04069170662236688,-0.039680315688416366,0.014136136409383868,0.04527515194063664,0.014983070310118014,-0.014299324347395009,0.012599823308111529,-0.013705421387101537,-0.04347916628660029,-0.04579594164372135,-0.01583288241136379,-0.04886138473701784,0.04465492869599379,-0.03891579260917434,-0.014504047082033397,0.015804541280167755,0.014589591553811643,-0.014480069212982394,-0.04060459129940356,0.012317099539139682,0.04400331683870099,-0.04137248154744215,0.04144742195187297,-0.0129221241736674,-0.014673867143657034,-0.045428533455408565,0.04282226854411592
2023-05-31,0.20520521546329348,0.027958705511919698,-0.07949934349306803,-0.026731081254969313,-0.024878573245273945,-0.025971894679674694,-0.028782643375483176,-0.03001223889083884,0.0846159162114501,-0.02519130519085742,0.02739634058610074,-0.025554611838177747,-0.08923575228578116,0.029292410082748088,-0.03166361222578252,0.07693622537371937,-0.026061988610154452,-0.02592398668352746,0.02810884702591473,0.08473317856286666,-0.02907724141335731,0.026907447033163848,0.02590636007906994,0.029699652963164888,-0.027012847186915847,0.027340215013206586,-0.027774302462145933,-0.026014045444956033,-0.08139973914515128,0.028992224716991772
2023-06-30,0.2436545988382682,-0.01744791473110276,-0.048942061073325084,-0.05020681743889416,-0.015197690942616915,0.015266660511781313,-0.017241950299871057,0.04722660053963015,0.01730977210647845,0.015542393749774213,-0.017918146860439698,-0.04802899286476166,-0.05468291191375909,-0.018457608082176946,0.018080184776825835,0.015821168053304316,-0.04525335064129266,0.015840139009875614,0.0180661189351706,0.048612862054281024,0.017627226610490036,-0.05132922326434324,0.044752409822780274,-0.01867498930556554,-0.04878779532629833,-0.017524226664463828,-0.05218940596828706,-0.016916722961648766,-0.015479925944031735,0.015838487235146664
2023-07-31,0.23968593696161072,0.04991464597918615,-0.050239840256873024,0.016681363249801906,-0.01591654752285125,-0.015387644098359325,-0.04814162005387921,0.016131976763797965,0.014436288255500416,0.04829920784936012,-0.052605920160013794,0.016871194113388548,-0.053528819234234845,-0.049787661585477275,0.01696339146162204,-0.01536934780869822,-0.04557350034943212,0.016311024576094707,0.050198809562090094,0.046262209699010313,-0.04938634998391754,-0.0490850949024925,0.015405634237516739,0.01630980158815313,-0.01708021839907514,-0.016982364394526876,-0.01589320284057882,-0.017521335534997882,-0.015872117077687996,-0.04644904403423158
2023-08-31,0.23834194954394125,-0.060488674370513924,-0.021402751998253085,-0.019620571440440954,-0.0598886900530521,0.018838179782476202,0.02039591042964737,0.0217779038443186,0.05563695285537357,0.019132763801550108,-0.021315450366795094,-0.023001945966100695,-0.06340151907430773,-0.02073105723261569,0.02338099994864086,-0.02062745203316055,-0.0196857773297273,0.020580200302898994,0.06957431131220163,0.05993278842582465,-0.021796213991274852,-0.02173877287770988,-0.022006426192120922,0.06121045355452659,-0.06564409470859267,-0.06461985589973022,-0.018754631736546335,0.02068168814597824,-0.018678333101483747,-0.020451796061498693
2023-09-29,0.244824356495042,0.014190672276778444,-0.015603342007321344,-0.015647152618609196,-0.015189705020277586,0.01511319613307767,-0.016239357509982247,0.05214316586665442,0.04496115898017011,-0.04686036284217,-0.04795248216788766,0.017542292607567886,-0.04807223576769619,-0.04650578119291561,0.0172398392917115,-0.014211460346392707,-0.04755685309648318,-0.04393473791836208,0.05046297664637498,0.04391848230892075,-0.01707496940167581,-0.016572512073521655,-0.04929375468579242,0.04421073817945918,0.016853081212802407,-0.05317043512422404,-0.04302689591371953,-0.016491446251776953,-0.04400261650625736,-0.015236941244061396
2023-10-31,0.22486400860383973,-0.063765208884097,0.023538253157478817,-0.06477075244838362,-0.06286239138762617,0.02346955936286223,0.07224278060293977,0.07326473446033818,0.06298592745304157,-0.07504125895447186,-0.02379035936705339,-0.025360967672734262,-0.022242579771365744,-0.06648631210729387,0.02593689982094335,0.020922288975396542,-0.023883974351421113,-0.021682426222994967,0.023421131819534775,0.021055998886344927,-0.02620510154429987,0.02557635654921361,-0.02413273792934889,0.06229400970270835,0.025100767246767255,-0.07206625459934246,0.021643463597096284,0.025090685935094167,-0.022544391683222937,-0.06415162874646495
2023-11-30,0.2129562468458968,-0.04895954486395801,-0.058858390189071914,-0.053715428482208206,-0.05357352928200544,0.018954095984176193,0.05170101041311808,0.01960646210724924,0.051494177111628646,0.020179684641569502,0.019375747831427568,0.0590229939787392,-0.017205836670360148,-0.05675313964116952,0.059271325921211586,0.04828423971031098,0.019784674150421882,-0.048816201344019594,0.058971843160174765,0.017380159308076192,-0.022700248093015855,0.0217871003776042,-0.020805788252148592,0.018573523843950307,0.019606861630049346,-0.05534252826637064,0.05370999835849299,0.06146456051608139,-0.018889207826697795,0.05446170108405457
2023-12-29,0.2338257803205246,-0.023132328460699174,-0.07005428378302762,-0.022820340410820684,-0.022853020094637612,0.07395036497983817,0.06341033974579476,0.026247763832389057,0.06378634954777437,-0.07868552993102092,0.02381946404531993,-0.07375919317486858,0.0223213417720651,-0.025110338360466514,0.07934456779378199,0.021760244039639776,0.02469288958586567,-0.06937595914208056,-0.02422454174878311,-0.023418511333565248,-0.029934401392017106,0.076903757237823,-0.07933720212009059,-0.02380971175440066,-0.024661538647035332,-0.0240544128597253,0.02381497594892494,-0.02667497339034802,-0.06988146821404878,0.02525945005002822
2024-01-31,0.24004705532643006,0.019453870618890565,-0.020129353319516454,-0.058413422169654984,-0.05752944858858766,0.019560221382682284,0.01846056263633991,-0.021795092049101294,-0.01770572483329152,-0.06448765954920492,0.020356687091935863,0.02057939564259521,-0.01740758964430505,0.018825880932707994,0.022357068045886656,-0.017879335497102272,-0.05967977938052,-0.06006168776194784,-0.01971837972625791,0.0201064414851617,0.02254409359502289,0.01914774341055155,-0.022522029053938096,0.019744662820927107,-0.02024688586290321,-0.06343030848462614,0.05952846073127368,0.06133429179735743,-0.06156358932682266,-0.02013347608993334
2024-02-29,0.20163413562073398,-0.021391845644626258,0.020349862230903962,-0.06646793172774805,-0.06807192270440915,0.021566301059281413,0.06545671610653638,0.023802504595450892,0.057862582788923644,-0.02341698226169006,-0.021732143807836685,-0.06676190287914639,0.01947055730229307,-0.02079953019977671,-0.023056689134699035,-0.020929974112343732,-0.06878736645469948,-0.06723146113364052,-0.021545742503580108,-0.021891013483213418,0.07413172862809876,0.02151530519882099,-0.02320056335128423,0.02359705517368213,-0.022376208328000444,0.020470228934264496,0.06013658602330722,0.0658798096178645,-0.06662445099090644,0.02256922344156581
2024-03-28,0.18102928460014076,-0.06408015950484575,0.019508200837855736,-0.06547522059295811,-0.01815703825834611,0.06048900299498423,-0.02149992808856251,0.06647283820203044,0.017776861294891165,0.022118244304126934,-0.06750936194751951,0.02029382908236464,-0.05922097866119879,-0.06329089335766733,0.02084456594155434,0.020178076805674038,-0.021436904924090196,-0.06469295729344221,-0.020920139403375206,0.06135129536944018,0.02246260336663478,-0.020034987842279733,-0.06551484615228337,0.023597702510767333,0.06318381759881765,0.019369051288380214,0.019162639137105756,-0.019886914910611734,-0.022158612185981724,0.06558938088845997
2024-04-30,0.17759317704548938,-0.0628535127103431,-0.019285204203888264,-0.02142539933379755,-0.059939621613429216,0.05919362297237,-0.06366686837329727,0.061162504370221096,0.05259280822033985,0.02300147110010724,-0.06865876615412411,-0.061834159156325126,-0.059467055906027334,0.020096347286836784,-0.019370624974727992,0.05959507684204684,-0.06270533527290403,-0.06303694600415849,0.020351092746031994,-0.02009250345288428,-0.05975081161478913,0.058808762597040334,-0.06064510659687446,0.06645725765570433,0.022089793445719808,-0.019581596226853494,0.05785298795380707,0.01977623701967412,-0.06562523214444681,0.021318023901567517
2024-05-31,0.1983780775206254,-0.06854666919397696,-0.06434364381885448,-0.022116590602207054,-0.06142000758236905,0.06689115215684191,0.023375811404051195,0.06511334341723421,0.060085203396178934,0.07781810334402656,-0.0265299181391808,-0.0655526403610901,-0.02123953970347339,-0.023402780935218533,0.02258188073029954,0.022036624955032388,-0.02210295377826727,-0.021381977254047706,-0.021615570735058914,-0.022443218576835407,-0.0222207157622012,-0.05921796654671855,-0.02374178873830356,0.02531100673891147,-0.026507674449743432,-0.06377543522761552,0.06074077553384867,-0.023299513292234494,-0.025568738693447075,-0.025014784908100968
2024-06-28,0.2115415391721369,-0.023305491794995654,0.021746648437414227,-0.07533995582506249,-0.021631184139366804,0.06487258104432383,0.023152953127878028,0.02394155262206589,0.02312828312579597,-0.025805430689722245,0.026791397283180023,-0.06387778591786972,-0.024083057660878225,0.02463045419959094,-0.02454223930882949,-0.023686780200267408,-0.06828835246800123,-0.06688966658775584,-0.06776336135603925,-0.022644119494340507,-0.07410667102673135,0.020805175492083786,-0.07892941865293387,0.08194156989342688,-0.026733449725094355,-0.06873159339328183,0.06776765390754841,-0.024772415254786382,-0.02612824805623422,0.027101942207707463
2024-07-31,0.22648785903253474,0.01783597360581618,0.015999174315305658,-0.05972882207283299,0.017029468295351142,0.04818185801747194,-0.018922673750098692,0.054263237610311474,0.018453443930271273,0.017975983319024398,0.020266026601278794,-0.01598245039106621,-0.05674611427821129,-0.05305593539481257,-0.05470189900323282,-0.017034199840597154,-0.04899498907390336,-0.053595070762431474,-0.0178509254253259,-0.052426753896065346,0.05812328938007885,-0.01594564819910713,-0.05499645228041956,-0.05780893564503143,0.019845622067887092,-0.05373599143412046,0.015635914091035756,0.017951730495964106,-0.020076178234051927,-0.01969276175921032
2024-08-30,0.20532195679937007,-0.02289551617676042,0.05970061271871275,-0.024592031912886222,-0.021733927579402585,0.021341658855214125,-0.022525062729493006,0.023692724181550568,-0.023995355860796985,0.06849200512448309,0.07484506134580927,-0.06122543854057388,-0.023094314842602253,-0.06319644887074904,-0.02359264686787811,-0.021534938067087412,-0.06079682188571117,-0.022132277135149363,-0.06915357995781132,-0.02222826763126005,-0.0673090408214857,-0.06212727548560758,-0.06638216235105586,-0.025444597021724368,0.024067209190806894,-0.06522553319694792,0.019776085062578372,-0.06919431403006555,-0.02263180420357926,0.07283866821047062
2024-09-30,0.1912966688882648,0.024167405511624766,0.05965174989379924,-0.02487288826289671,0.02240614351654291,-0.022616138667218427,-0.06783988918271457,0.06912961476327002,0.019863894411029658,0.07130677996888092,0.0684856651075724,-0.06213707532196184,-0.07095807715873814,-0.06359581540143287,0.024343983874426045,0.0,-0.021496798969494045,-0.06532034842193027,-0.06877196758534046,0.022344008890709685,-0.02328410243234372,-0.021584550305681717,-0.06131058065488453,-0.023308067056337586,0.0727700667910978,-0.023756309710157197,-0.02045868597135927,-0.0659844190617827,0.02288141879589708,0.02536391275039603
2024-10-31,0.21141544975316165,0.020391651856509884,0.05356487780867728,0.019072743320310254,-0.01913454565512343,-0.01941711294964169,-0.05697887840323222,0.060238639329741946,0.05543789209217549,0.020545157907748756,0.05754329308025979,-0.018979131114851562,-0.0611188515688309,-0.05706928558251253,0.02197243131006121,-0.02037036136886317,-0.054503141037600955,-0.05864911508440211,-0.06153181630117794,0.019190600434375774,-0.02025198126479386,-0.017873992515554268,-0.016904658448714707,0.021991640627527103,0.019564404961666115,-0.020552518157246957,-0.017743300647985134,-0.020324591851527036,-0.05640171996773356,-0.019161077062474854
2024-11-29,0.22620138872551782,-0.05190402988429971,0.01728177080403022,0.05505974899446885,-0.05584662952799609,-0.018645197808666157,0.01777359149638372,0.05307421105457259,0.016842757053370117,0.056896910706832865,0.054588791821783285,-0.01755574491084961,-0.017929755263565814,-0.017471599922831035,-0.020244731012754025,0.05745920193482769,-0.016974770076852764,-0.05866602141449292,-0.05535997149320596,0.018346309982013562,0.01842520463587689,-0.017025557793947897,0.016074120663597292,-0.020587450712705225,0.05357399419564843,0.019121316878812987,-0.016781567779629653,0.01971663392274533,-0.05441900181665062,0.017329136203192468
2024-12-31,0.20901813971932728,-0.01608637766329426,0.04622448973334861,0.016655852159111046,-0.017843102557392847,0.01748321453524046,0.015553533736136866,0.046800795093760054,0.04324071606460273,0.05550918425082656,0.0490332672382331,-0.04621658005265614,-0.04723617210912101,-0.04972114962930733,-0.0189482886945365,-0.017849171934424528,-0.01507588297373243,0.01658090697926663,-0.05401412444246691,0.0528186414366102,0.015612402121237632,-0.04541612537247038,0.015950946041935022,-0.052685143473298,0.04906067743696417,-0.051441894383307984,-0.016345358871264443,0.017273001038587456,-0.051114341875067165,-0.04889810112179901
2025-01-31,0.197144654903039,-0.020622075415845015,-0.018742148669508,-0.022443280087060265,-0.06558894886510845,0.06516244511117,0.018971064841446218,0.02034620474502343,0.054431668342431565,-0.02065946783375637,0.06452633510938215,-0.019661493412723344,-0.06088900477214261,-0.020347925217180353,-0.06694542148078202,-0.02017320725365282,-0.05926277905209012,-0.021441747011867993,-0.022522345526884584,0.06241859556732934,-0.05406167917564559,-0.02036754112659323,-0.019590362877953838,-0.06391177405800566,0.06317143061888034,0.021386945568565994,-0.0611681117953003,0.023140492277504397,-0.06265736102103094,0.06622822804675306
2025-02-28,0.24384916764089357,-0.016185375525686194,0.016814603691891576,0.017875695853609954,-0.05251559941654091,0.017417427233375582,0.04933917643147306,0.05047170568835092,0.04705342921701589,-0.018485369233632594,0.019799407665457406,-0.05203465323405781,-0.0569822773324232,0.01810335471993574,-0.05901088556289642,-0.05250048431734893,-0.054070540489886916,-0.019303978468599395,0.018309518727633152,0.019051439613954932,-0.05000472145712493,0.017190846055015467,-0.018173129510570214,-0.05789861796891592,0.01815449989610217,-0.05297622082629174,-0.05215791022643851,0.018499275351039013,-0.01829088464990287,0.054833320648910576
2025-03-31,0.2577173468365211,0.0144042140462367,-0.015654917963950923,0.04951059868139894,-0.015469248699657623,0.04626291588375573,0.04325242095612729,0.04678722006054957,0.014991824910731946,0.016334917694403043,-0.016984700857811154,-0.0483723108076731,-0.016550715213184606,0.017053326777216597,-0.01799355426631019,-0.016050749235570625,-0.047674185630441596,-0.05519610520782031,-0.05164753010932478,-0.05257469750593064,-0.04342215174475629,-0.049958272753353364,-0.018262138102186104,-0.01672731485067691,0.01756498151856341,-0.016795530170502563,0.0479609188996405,0.015851924583560426,0.017264639109355967,0.017116958100836285
2025-04-30,0.2576158959786786,-0.01552037019407134,0.017113691236120155,0.05532902254913999,-0.04900122026252816,-0.015742441059558514,0.046571163974131455,0.01598961932643296,-0.015467605589681042,0.0540010553212522,-0.015792131720753028,-0.049343733362709065,0.0169116710972058,0.017201802582426155,-0.05425799553374445,-0.050409720183224156,-0.0486685327767594,0.017826532290701785,-0.018008795108905056,-0.05277192833496987,-0.04314594662222828,-0.05392234390791779,0.018664131949192392,0.015921160066225203,0.019092502126800213,-0.017036655356768588,-0.049700133067414415,0.04874956854254129,0.049932727505703205,-0.01728709680694315
2025-05-30,0.2403118487651777,0.018582730885664332,0.06063564174465184,0.057916307264552234,0.055802201773025785,-0.01834921179511532,0.04922383534406462,-0.017709933699704618,-0.04938981303449278,0.02004875625874206,0.05308284186585158,-0.05274858307251067,-0.017269441679182332,-0.019780098454910987,0.01847341035323838,0.01835891469484975,-0.05266458965015507,-0.05626166378759931,-0.019876478091068506,-0.05846976347127279,-0.016428373531624477,-0.02066270542482633,-0.060122668063621446,0.018359106675074108,0.05903043066927311,0.020114218642424596,-0.05473380717439444,0.019393747430880393,0.01859378463949619,0.019139692253031068
2025-06-30,0.2600197596025253,0.05375332347561792,0.049682486004467306,0.01694478612952633,-0.050713776487651345,0.016561311847401776,0.0489220991854085,0.01584290959182308,0.01473116180639879,-0.01673858610707045,0.0471198048859026,-0.04792922306738682,-0.047193194751873606,-0.017950855347786905,0.017461986706303067,-0.016409032597871277,-0.01555109377895077,-0.04987557922761901,-0.0190827490584909,-0.056077742495341525,-0.0455658483168894,0.019187034090887223,-0.05696380684035977,-0.01783117729044403,0.017126563000371933,-0.017124556041144143,-0.014762999435309888,0.019218206082484868,0.017331339016500066,0.05564190159565301
2025-07-31,0.20954976014682558,0.05643572930531364,0.05073912496777748,-0.017142518926977213,-0.04732682330412735,-0.050811590439831,0.016925529111204395,0.051034621209373264,0.04885619011253838,0.017571690929320788,0.04715601269046912,-0.048606720144920394,-0.04789616771705735,-0.017988502433870672,0.052382733488408294,0.017183484760686263,0.017692621886182938,-0.051159030213888436,0.018695062737964573,-0.01857546225420279,-0.0536275152953592,0.05428709853579415,-0.05534596073179604,0.017589117618199684,0.05318082994147328,0.017482199743295415,-0.04839238580584815,-0.019331836670255377,0.015158848761384068,0.053863351956288025
2025-08-29,0.24534360990879897,-0.019573916610810083,0.016663680856477337,0.05254766733177015,-0.048476382458884845,-0.05303875477182908,0.05182270751693656,0.01682658187295232,0.047147744687657096,-0.05256848331249758,0.04751521536760216,0.016843229904508646,-0.05096197853536256,-0.01860019541804147,-0.056035281051564884,-0.05498123927921039,0.018221930573632618,-0.016482970236350123,-0.051344116059532825,-0.01953609491339475,-0.04967619276208652,0.018135559829349533,-0.019647132897965037,-0.0185121383641603,-0.017778885542881588,0.051745110641773714,0.016110284808016143,-0.016655782709548733,-0.04912358152451936,0.05333854825591845
2025-09-30,0.24577712610709973,-0.047412422335986235,0.013715062502302058,0.015172469271108045,-0.012738929072298052,-0.04217644464635621,0.041849624601562545,0.04382654064708239,0.040551646622189505,-0.04671895669075886,0.03921601530917802,-0.014386316283739682,-0.04275375168621128,0.04690715844677543,-0.04471339038368874,-0.0146284456915539,-0.015435067017315552,-0.04055060785439986,-0.04319492667000764,-0.015207422145670283,-0.014269705189169524,0.03960412133994403,0.015093713047146861,-0.04442163964700306,0.015016158267121453,-0.043254773828552515,0.012726034766219444,0.01294771057594039,0.04197041834326225,0.014477171898611328
2025-10-31,0.25252587921195746,-0.05090986114499822,-0.05127576949622435,0.01840799673485341,-0.045553579228229724,-0.052320073263725154,0.05278855099631905,-0.0187597556018533,0.015344213383477995,-0.01885009160180511,0.050923021303878185,-0.048636223468480816,-0.01797052922892146,0.05109291380763365,-0.01832169674203632,-0.0515181885645898,0.018240371503597377,0.017519248174028293,0.05008264615767899,0.01717670582134158,-0.05220612576012093,0.04775960380203868,0.017552185411339887,-0.01789874057920203,0.01878957580451459,-0.0483051963456432,0.0163362067366782,0.01605808214729119,0.04514926038977086,-0.01831277551764282
2025-11-28,0.24215798607287586,-0.051613247834683636,0.016422278002094715,0.055197831297733584,-0.04519597174788812,-0.05198324738070048,-0.017939967220719038,-0.050519781440928106,0.045713205943258596,0.01787280854957841,0.017730310299817576,0.015214948400230298,-0.049953500656460204,0.0477289855198798,-0.018265948354493456,-0.050682313439663035,-0.050858535868227354,0.05281737920752108,0.017657175332789578,0.016028933773185046,-0.01634901061614311,0.016357318681098174,0.017094540425594766,-0.04981639764291417,-0.0162414333098054,-0.04941017939500644,-0.04575928392562432,0.01502473676536555,0.01468386204897139,0.054116738492864684
2025-12-31,0.26271972636102386,-0.06671919328042107,0.020171770001372692,-0.020017465277732044,-0.01875131067222797,-0.019830699078529038,0.0655635314985334,-0.01933541324601662,0.05428820758497891,0.021298050528638972,-0.021519808114191484,0.019208012907576774,-0.06126767297945467,0.058975273410279604,0.02079679497613074,-0.05522431533645999,0.02070290860063622,0.019788703175138485,0.05743457007503457,0.020687513336117756,-0.019867174697707355,-0.01988195493843346,0.021476704939032806,-0.01885820115344922,-0.02135339560199289,-0.01973206840879497,-0.019582881897714347,0.01848738297029694,-0.019399041768069728,0.058665403024701274
2026-01-30,0.23193217883816447,-0.023997301778659223,-0.020542403906824137,0.0671230970822089,-0.020258727227255625,-0.019401600522750473,-0.023178737248729927,-0.0629088459407763,0.02055470123160911,0.07038145198519935,0.024621936016467824,-0.019724537858201108,-0.06531832177368142,-0.019035625415408958,0.05859642531668699,-0.020832578463961342,0.021271257028170815,-0.021311550516342558,0.021076154747961824,0.02416863024305804,-0.02034248905182842,-0.02230958223486492,-0.022298165718371343,-0.019219570360790365,0.06985140202738681,-0.06377802867976773,-0.06677586432885035,-0.05705180987410248,0.021221690042373446,0.059465478467299306
2026-02-27,0.21854601709916577,-0.05975715476695397,0.05690821651016855,-0.020791132034603643,0.019379223808128038,0.018842242499840813,0.0642439879177777,0.019000624986201385,-0.018839207538222085,-0.06412921999642818,-0.02054340728478875,0.019149841361118948,-0.06503554402488917,0.056966658111356115,0.01959510003632502,0.05450358222226792,-0.021006017136438758,0.018297899646884847,0.06051925731471608,-0.02271018469920639,-0.05936590916807827,-0.020387687958197065,0.019610571050797686,0.017841730238222133,0.0658574455464017,-0.01799051065512403,0.02189564537375287,-0.055645487439236474,0.05780439407287953,0.05649159454028946
2026-03-31,0.22951419215428076,0.0208120202886718,0.02314492376577618,0.025172653399709363,-0.06685051899110882,0.022183411127880484,0.022656516097254463,-0.023313740194621083,0.020257845575782075,0.02358023383851639,0.0673258403205003,0.06377900923927,-0.021696741900078656,0.021252433447066645,0.07147910031768832,-0.06229026883145973,0.0676177247276867,-0.0650319280418755,0.07407770856812236,-0.022948561930293862,0.021880758830615566,-0.021422715266859897,-0.02183310744750309,-0.021093347319459676,0.0691196094434115,0.020749517582314504,-0.023737421935170443,-0.05989687685165079,0.0215167660526602,-0.020974106226279914
2026-04-30,0.2568537015697496,-0.04514822426480595,0.015919370080484708,-0.051596284251443844,-0.015951229063960997,-0.015801999829955386,0.01737165730204602,-0.05228334713275638,-0.015642601000898693,-0.051256758394805695,-0.017259478712959762,0.0460526062075259,0.014618610882083542,0.049789605923467414,0.053542807739339254,-0.044761362144342946,0.04897933595485617,0.04751071795253078,0.051763131251404935,0.05120044944882342,0.017427273408262986,-0.015447736355605306,0.015753126113881293,-0.04581028239866139,0.054800049963208045,0.016302496701413382,0.017105477531468113,-0.04606932135421532,-0.01754109867246663,0.04664263985404106
2026-05-29,0.23643253729006797,-0.05537807224172418,-0.055173270682429366,-0.020036108085428127,-0.018799850886387123,-0.019143602837540352,-0.02057952932203288,-0.0601157708571133,0.05697963326988345,-0.05519503215432525,0.05670021674552772,0.05211641508870283,-0.017628382184535114,-0.016982109871764364,0.019220058096945783,-0.01790677690686065,0.01841468231490176,0.051629599938506805,-0.019294241355142034,0.020320233205414314,0.019770502356401903,0.05545882366817486,0.05704156942478875,-0.01660177135745626,0.059607018210803935,0.01836386227996023,0.05982021633418831,-0.017605833235068858,-0.019711748999335744,0.054631429926152664
2026-06-30,0.24351097035507027,-0.053978952377843184,-0.017119005175013916,-0.018965115417544576,-0.01865658090694342,-0.055408016858219104,-0.05879656306960118,-0.017336742405542522,0.04891698121823385,-0.016468569290094798,0.05578637064556148,0.0,-0.017723199680620194,-0.016487414384042613,0.0528135370236795,0.01727435137828934,0.048538454749135825,0.01623030391011695,0.05326236229712625,-0.019735619399123123,0.05495929236036295,-0.050550703766631344,0.018758233265989036,-0.04819221758643517,0.05567114975761016,-0.01732589175717238,0.018020702651638527,-0.04718085015582096,0.017492638161120632,0.01630599364865695
2026-07-31,0.23852990876925156,-0.015048221747939268,-0.017292912748771948,-0.055686038037393054,-0.018727967436521966,-0.052894685358888895,-0.056913412992088866,-0.05335640104315389,0.01698098102244094,-0.018216619476289376,0.055354950491113046,-0.016967231595049096,0.016411774920385046,-0.050137299091823066,0.052131702133656165,-0.05115203759922813,0.051458915364775676,0.05010491861826497,-0.017204841549842958,-0.018954613463711238,0.05098185342395938,-0.05022359257071293,-0.018037974316600508,0.015691349512498332,0.018149065579333094,-0.052370028406643586,-0.05254590822356363,-0.049850307290777725,-0.017012843985017064,-0.015554181107695256
2026-08-31,0.24185474366706172,-0.01634820366770937,0.020415375894064003,-0.020883139446177337,0.021875901548108166,-0.057540994595746735,-0.055867077193813994,0.021399186210456465,0.058290484322171245,0.06120248309008397,-0.019769648064885726,-0.01925591217995369,0.019509461927718314,-0.0582345849963424,-0.021058567764751148,-0.06058508859562289,0.01945491728204519,0.053831365313939165,-0.020025175587680938,-0.055597390254298724,0.05357686399259565,-0.06125095485589387,-0.05966019229327223,-0.019064987555845406,-0.020205830554251587,-0.05597194395935127,-0.020024645149017,0.01909123705078658,0.019306680043134357,-0.019239684166340643
2026-09-30,0.24999665949989766,-0.020962881633116284,0.02204582047598503,-0.023760421974833985,-0.024232813054356483,0.021865874412485557,-0.06159431239055487,0.023529457248906805,0.06830365709711547,0.06477896898874635,0.02329962964722158,-0.022041352559947838,0.022802429023094827,-0.06716635248339839,-0.024036262341789308,-0.023486204564339693,-0.021239873101980774,0.021660808291351506,0.022155887310488506,-0.0636489554001597,-0.019824984076093607,-0.021400368834001336,-0.022467233222085475,0.021197473276850436,-0.024311634712448512,-0.06685335577884483,-0.06399883328671012,-0.022865179839204264,-0.021237424996974653,-0.022199069262613384
