answer_id,meeting,date,answer_no,sample,sample_role,start_unc_s,tau_k_upper,t0,s_tilde,R_ZT,M,zA,zD,zVres,U,Unr,ex_2020_2021,sens1_drop,sens2_drop,sens3_keep,y,yT,yC,sym
20190130_a01,20190130,2019-01-30,1,additional_2018_2022,contaminated_2016_2022,9.3,2019-01-30 14:41:55.356000-05:00,2019-01-30 14:42:00-05:00,-0.3649259102177797,0.000811209439528,0.3870967741935484,-3.172173645664117,2.022256399610575,,-0.5487430093458853,-0.5286901825311024,True,False,False,True,0.0,0.02464530226376848,-0.5366680248146907,ZT
20190130_a02,20190130,2019-01-30,2,additional_2018_2022,contaminated_2016_2022,9.3,2019-01-30 14:43:17.456000-05:00,2019-01-30 14:44:00-05:00,-0.3649259102177797,0.000811209439528,0.6153846153846154,-3.2138461739079656,2.1689646210774107,,-2.1431350446097266,-1.992194753612173,True,False,False,True,-0.3683444757954176,0.02464530226376848,-1.2389487507785013,ZT
20190130_a04,20190130,2019-01-30,4,additional_2018_2022,contaminated_2016_2022,9.3,2019-01-30 14:44:38.796000-05:00,2019-01-30 14:45:00-05:00,-0.3649259102177797,0.000811209439528,0.5909090909090909,0.4698378654935148,-0.3309696280938136,,2.5208560245462888,2.1963868372947406,True,False,False,True,0.3683444757948207,0.02464530226376848,1.1075085621420304,ZT
20190130_a05,20190130,2019-01-30,5,additional_2018_2022,contaminated_2016_2022,9.3,2019-01-30 14:45:16.075999999-05:00,2019-01-30 14:46:00-05:00,-0.0315925768844464,0.000811209439528,0.375,-2.4301118173191534,0.8145880108464428,,0.2621502642135302,0.57825064737885,True,False,False,True,0.0,0.057724425976490246,-0.06860360316892525,ZT
20190130_a07,20190130,2019-01-30,7,additional_2018_2022,contaminated_2016_2022,9.3,2019-01-30 14:47:52.015999999-05:00,2019-01-30 14:48:00-05:00,-0.3649259102177797,0.000811209439528,0.3333333333333333,-0.9979649537967102,0.7805600434928711,,-1.2635425058527188,,True,False,False,True,-0.3683309085302045,0.02464530226376848,-0.6716695959060122,ZT
20190130_a08,20190130,2019-01-30,8,additional_2018_2022,contaminated_2016_2022,9.3,2019-01-30 14:49:37.026000-05:00,2019-01-30 14:50:00-05:00,-0.3649259102177797,0.000811209439528,0.5714285714285714,-4.504657067805917,2.2841512473696293,,-1.4344326773241651,-1.3984933104330974,True,False,False,True,-0.36835804405988665,0.02464530226376848,-1.0341695822914185,ZT
20190130_a09,20190130,2019-01-30,9,additional_2018_2022,contaminated_2016_2022,9.3,2019-01-30 14:51:10.735999999-05:00,2019-01-30 14:52:00-05:00,-0.5467440920359616,0.000811209439528,0.5106382978723404,-3.3201987761838603,1.179794827207605,,-1.0183658818248926,-1.0239662515588368,True,False,False,True,-1.1051962655615108,0.006602143875011145,-0.7828941471918163,ZT
20190130_a10,20190130,2019-01-30,10,additional_2018_2022,contaminated_2016_2022,9.3,2019-01-30 14:53:08.075999999-05:00,2019-01-30 14:54:00-05:00,-0.3649259102177797,0.000811209439528,0.5813953488372093,-2.008463714140707,1.4238282071232553,,-1.2277183349927066,-1.0698735786209173,True,False,False,True,-0.3684123271180942,0.02464530226376848,-0.7388410008319382,ZT
20190130_a11,20190130,2019-01-30,11,additional_2018_2022,contaminated_2016_2022,9.3,2019-01-30 14:54:35.686000-05:00,2019-01-30 14:55:00-05:00,-0.1149259102177797,0.000811209439528,0.6341463414634146,-0.0499191263104995,2.521040186272353,,0.8930978873773964,0.9335435942920524,True,False,False,True,0.3684123271178392,0.049454645048309806,0.39022119385493176,ZT
20190130_a12,20190130,2019-01-30,12,additional_2018_2022,contaminated_2016_2022,9.3,2019-01-30 14:55:34.356000-05:00,2019-01-30 14:56:00-05:00,-0.3649259102177797,0.000811209439528,0.5,-0.9055609532913468,0.3235549766571436,,-0.1568049664657995,-0.191511796698097,True,False,False,True,0.0,0.02464530226376848,-0.17897973614482882,ZT
20190130_a13,20190130,2019-01-30,13,additional_2018_2022,contaminated_2016_2022,9.3,2019-01-30 14:56:39.696000-05:00,2019-01-30 14:57:00-05:00,-0.3649259102177797,0.000811209439528,0.64,-0.7929275916089088,1.6761337859547876,,1.1003289500024112,1.1168191670180192,True,False,False,True,0.0,0.02464530226376848,0.3812917949044217,ZT
20190130_a15,20190130,2019-01-30,15,additional_2018_2022,contaminated_2016_2022,9.3,2019-01-30 14:58:20.256000-05:00,2019-01-30 14:59:00-05:00,-0.3649259102177797,0.000811209439528,0.6551724137931034,-0.543209052020396,1.9232889151382144,,1.878897060704456,1.891522107712377,True,False,False,True,0.7367567969157283,0.02464530226376848,0.7430383950272775,ZT
20190130_a16,20190130,2019-01-30,16,additional_2018_2022,contaminated_2016_2022,9.3,2019-01-30 14:59:09.336000-05:00,2019-01-30 15:00:00-05:00,-0.3649259102177797,0.000811209439528,0.4074074074074074,-0.5471924575228384,1.3633491790039658,,2.354694705064994,2.326373774577172,True,False,False,True,0.7367296573862641,0.02464530226376848,0.9512660486407255,ZT
20190130_a17,20190130,2019-01-30,17,additional_2018_2022,contaminated_2016_2022,9.3,2019-01-30 15:00:50.246000-05:00,2019-01-30 15:01:00-05:00,-0.6649259102177798,0.000811209439528,0.5897435897435898,-1.6639910600556065,3.2792860273228617,,-0.2190169084475497,-0.1497185984080146,True,False,False,True,0.0,-0.005125909077681116,-0.31504325569636993,ZT
20190130_a18,20190130,2019-01-30,18,additional_2018_2022,contaminated_2016_2022,9.3,2019-01-30 15:02:22.746000-05:00,2019-01-30 15:03:00-05:00,-0.5077830530749226,0.000811209439528,0.7045454545454546,-1.5148312564430075,0.946602128565958,,0.816977579906648,0.6952319005370465,True,False,False,True,0.0,0.010468534958316296,0.17569882310128954,ZT
20190130_a19,20190130,2019-01-30,19,additional_2018_2022,contaminated_2016_2022,9.3,2019-01-30 15:03:40.616000-05:00,2019-01-30 15:04:00-05:00,-0.3649259102177797,0.000811209439528,0.5294117647058824,-1.5749724869314874,-0.3592299177981816,,1.4573550277904888,1.3575224987589507,True,False,False,True,0.3683580440611334,0.02464530226376848,0.4736476395131287,ZT
20190130_a21,20190130,2019-01-30,21,additional_2018_2022,contaminated_2016_2022,9.3,2019-01-30 15:05:40.156000-05:00,2019-01-30 15:06:00-05:00,-0.3649259102177797,0.000811209439528,0.55,-1.7472814530572178,0.6700128393505955,,-0.1707992312497742,-0.202192422214726,True,False,False,True,0.0,0.02464530226376848,-0.25414582695986243,ZT
20190130_a22,20190130,2019-01-30,22,additional_2018_2022,contaminated_2016_2022,9.3,2019-01-30 15:07:20.376000-05:00,2019-01-30 15:08:00-05:00,-0.2538147991066686,0.000811209439528,0.5952380952380952,-3.689679270009084,1.0317141297135928,,-1.4481396345982311,-1.4217571677436904,True,False,False,True,-0.36835804405988665,0.03567167683467573,-0.9560821299007456,ZT
20190130_a23,20190130,2019-01-30,23,additional_2018_2022,contaminated_2016_2022,9.3,2019-01-30 15:08:03.416000-05:00,2019-01-30 15:09:00-05:00,-0.1149259102177797,0.000811209439528,0.782608695652174,2.3663659421055256,1.9645146906483044,,2.376317546539287,2.4816910063023987,True,False,False,True,0.3683444757948207,0.049454645048309806,1.23852136640348,ZT
20190130_a24,20190130,2019-01-30,24,additional_2018_2022,contaminated_2016_2022,9.3,2019-01-30 15:09:44.775999999-05:00,2019-01-30 15:10:00-05:00,-0.4558350011268707,0.000811209439528,0.46875,-1.7456189856419135,3.27890697989437,,0.0080971903423209,-0.0074813609152622,True,False,False,True,0.0,0.015623723069389805,-0.1897137553772168,ZT
20190130_a25,20190130,2019-01-30,25,additional_2018_2022,contaminated_2016_2022,9.3,2019-01-30 15:11:40.346000-05:00,2019-01-30 15:12:00-05:00,-0.5649259102177797,0.000811209439528,0.5573770491803278,-3.4905653354426684,2.852399071207945,,-1.878777489391042,-1.8325136174333465,True,False,False,True,-0.3683444757954176,0.004797828036135418,-1.1768307960036117,ZT
20190130_a26,20190130,2019-01-30,26,additional_2018_2022,contaminated_2016_2022,9.3,2019-01-30 15:13:40.956000-05:00,2019-01-30 15:14:00-05:00,-0.2982592435511131,0.000811209439528,0.4857142857142857,-1.3401039423499197,0.7904387862195441,,-0.3973505111981135,-0.2547864950723086,True,False,False,True,0.0,0.031261127006312825,-0.3097011585053598,ZT
20190130_a27,20190130,2019-01-30,27,additional_2018_2022,contaminated_2016_2022,9.3,2019-01-30 15:14:56.616000-05:00,2019-01-30 15:15:00-05:00,-0.3649259102177797,0.000811209439528,0.5333333333333333,-2.5495137199544997,2.441898056919915,,2.107622607838881,2.005317669154001,True,False,False,True,0.3683580440611334,0.02464530226376848,0.678751569543401,ZT
20190130_a28,20190130,2019-01-30,28,additional_2018_2022,contaminated_2016_2022,9.3,2019-01-30 15:16:15.186000-05:00,2019-01-30 15:17:00-05:00,-0.5315925768844465,0.000811209439528,0.4722222222222222,-2.614109650377355,2.7088087280878987,,0.0496636011820069,0.1342635993523314,True,False,False,True,0.0,0.00810574040740758,-0.25448765453850963,ZT
20190130_a29,20190130,2019-01-30,29,additional_2018_2022,contaminated_2016_2022,9.3,2019-01-30 15:18:02.045999999-05:00,2019-01-30 15:19:00-05:00,-0.3649259102177797,0.000811209439528,0.5238095238095238,-1.338148664502634,2.012364217814164,,-0.1326848394459897,-0.0974568103292985,True,False,False,True,0.0,0.02464530226376848,-0.2038850910176763,ZT
20190320_a00,20190320,2019-03-20,0,additional_2018_2022,contaminated_2016_2022,9.4,2019-03-20 14:40:02.566000-04:00,2019-03-20 14:41:00-04:00,-0.2096251165804209,0.0011400411885849,0.5471698113207547,-2.215349491746957,-2.505393034211289,,-2.363071646716835,-2.242242077089387,True,False,False,True,-0.36731620419615224,0.040056944760010676,-1.2293429764017407,ZT
20190320_a01,20190320,2019-03-20,1,additional_2018_2022,contaminated_2016_2022,9.4,2019-03-20 14:42:58.206000-04:00,2019-03-20 14:43:00-04:00,-0.3005342074895118,0.0011400411885849,0.594059405940594,-1.9014986595441623,-2.14593562241326,,-1.8958419162706757,-1.8750912987874968,True,False,False,True,-0.3673296968102914,0.03103536556563201,-1.0129234875335356,ZT
20190320_a03,20190320,2019-03-20,3,additional_2018_2022,contaminated_2016_2022,9.4,2019-03-20 14:44:54.006000-04:00,2019-03-20 14:45:00-04:00,-0.11871602567133,0.0011400411885849,0.5909090909090909,-0.1839562579458724,-2.1683391857290286,,0.1384653453871061,0.2117877511923444,True,False,False,True,0.0,0.04907852395438934,0.047864905002294,ZT
20190320_a04,20190320,2019-03-20,4,additional_2018_2022,contaminated_2016_2022,9.4,2019-03-20 14:46:44.795999999-04:00,2019-03-20 14:47:00-04:00,-0.0660844467239615,0.0011400411885849,0.5686274509803921,-1.0788838960079177,-0.9263760344251531,,-0.0727295525178645,-0.2065431296936259,True,False,False,True,0.0,0.05430154348797699,-0.10992871430598197,ZT
20190320_a05,20190320,2019-03-20,5,additional_2018_2022,contaminated_2016_2022,9.4,2019-03-20 14:48:25.886000-04:00,2019-03-20 14:49:00-04:00,-0.0010689668478005,0.0011400411885849,0.7045454545454546,-1.5705272901227516,-2.3487014009326543,,-2.12081031923174,-1.8776443606684765,True,False,False,True,-0.3673701806038319,0.0607535087941735,-1.0378787374826621,ZT
20190320_a06,20190320,2019-03-20,6,additional_2018_2022,contaminated_2016_2022,9.4,2019-03-20 14:49:24.496000-04:00,2019-03-20 14:50:00-04:00,-0.11871602567133,0.0011400411885849,0.7058823529411765,-3.37668665586001,-1.886079892324692,,-1.2217502542245822,-1.233945679609527,True,False,False,True,0.0,0.04907852395438934,-0.8101980551018,ZT
20190320_a07,20190320,2019-03-20,7,additional_2018_2022,contaminated_2016_2022,9.4,2019-03-20 14:50:22.146000-04:00,2019-03-20 14:51:00-04:00,0.0479506409953366,0.0011400411885849,0.5263157894736842,-0.718102965579683,-1.4047814470427942,,0.0268832337627543,0.0639947058259377,True,False,False,True,0.0,0.06561808581075021,-0.018966237456817383,ZT
20190320_a08,20190320,2019-03-20,8,additional_2018_2022,contaminated_2016_2022,9.4,2019-03-20 14:52:15.856000-04:00,2019-03-20 14:53:00-04:00,-0.11871602567133,0.0011400411885849,0.6140350877192983,-2.9488254637871267,-1.2748539417725089,,-1.9955098562018088,-1.937082927291584,True,False,False,True,-0.3673971747565745,0.04907852395438934,-1.1142665985084441,ZT
20190320_a09,20190320,2019-03-20,9,additional_2018_2022,contaminated_2016_2022,9.4,2019-03-20 14:53:45.806000-04:00,2019-03-20 14:54:00-04:00,-0.027806934762239,0.0011400411885849,0.6585365853658537,-2.167026083201626,-0.9858677796123866,,-1.997716684150944,-1.949655317529768,True,False,False,True,-0.3673971747565745,0.05810010314876801,-1.0369970004928106,ZT
20190320_a10,20190320,2019-03-20,10,additional_2018_2022,contaminated_2016_2022,9.4,2019-03-20 14:55:42.746000-04:00,2019-03-20 14:56:00-04:00,-0.36871602567133,0.0011400411885849,0.6086956521739131,-1.835488586217097,-2.4721364172407694,,0.4115442524224058,0.3886320536937983,True,False,False,True,0.0,0.024269181169848015,-0.006712480729140394,ZT
20190320_a11,20190320,2019-03-20,11,additional_2018_2022,contaminated_2016_2022,9.4,2019-03-20 14:56:50.496000-04:00,2019-03-20 14:57:00-04:00,-0.11871602567133,0.0011400411885849,0.5588235294117647,1.1481164079829491,-2.482663403290348,,1.490343186429059,1.4223864374657076,True,False,False,True,0.36739717475638983,0.04907852395438934,0.749675041449825,ZT
20190320_a12,20190320,2019-03-20,12,additional_2018_2022,contaminated_2016_2022,9.4,2019-03-20 14:58:02.326000-04:00,2019-03-20 14:59:00-04:00,0.3812839743286699,0.0011400411885849,0.52,-0.949945225668781,-1.3117304604306916,,1.5140091327284677,1.4365550860619003,True,False,False,True,1.1021510325455914,0.09869720952347197,0.6656355155600757,ZT
20190320_a13,20190320,2019-03-20,13,additional_2018_2022,contaminated_2016_2022,9.4,2019-03-20 14:59:51.046000-04:00,2019-03-20 15:00:00-04:00,-0.11871602567133,0.0011400411885849,0.6904761904761905,-0.9847656713042264,-2.328973282076678,,0.4291358823190511,0.4794287468500564,True,False,False,True,0.0,0.04907852395438934,0.10959647453728416,ZT
20190320_a14,20190320,2019-03-20,14,additional_2018_2022,contaminated_2016_2022,9.4,2019-03-20 15:01:54.536000-04:00,2019-03-20 15:02:00-04:00,0.0351301281748238,0.0011400411885849,0.5384615384615384,0.307621463284863,-2.1171436022546253,,-0.9530557594328752,-0.7652668514190287,True,False,False,True,0.0,0.06434581182179938,-0.36636710380087767,ZT
20190320_a15,20190320,2019-03-20,15,additional_2018_2022,contaminated_2016_2022,9.4,2019-03-20 15:02:42.926000-04:00,2019-03-20 15:03:00-04:00,-0.2615731685284728,0.0011400411885849,0.5217391304347826,-1.0352472190281012,-3.6710251290214937,,0.6744270832495128,0.6928737495520881,True,False,False,True,0.0,0.03490175664893716,0.19078649705308565,ZT
20190320_a16,20190320,2019-03-20,16,additional_2018_2022,contaminated_2016_2022,9.4,2019-03-20 15:04:21.875999999-04:00,2019-03-20 15:05:00-04:00,-0.11871602567133,0.0011400411885849,0.62,0.319810989128673,-1.964971771204585,,0.1205112241858351,0.0451852238375907,True,False,False,True,0.0,0.04907852395438934,0.08131062788636939,ZT
20190320_a17,20190320,2019-03-20,17,additional_2018_2022,contaminated_2016_2022,9.4,2019-03-20 15:05:17.465999999-04:00,2019-03-20 15:06:00-04:00,-0.2853826923379966,0.0011400411885849,0.5925925925925926,1.6146843421080084,-2.2892886362621856,,1.777124762561794,1.7035883602954636,True,False,False,True,0.36735668501354823,0.03253896209802846,0.887758275565797,ZT
20190320_a18,20190320,2019-03-20,18,additional_2018_2022,contaminated_2016_2022,9.4,2019-03-20 15:06:37.786000-04:00,2019-03-20 15:07:00-04:00,0.3812839743286699,0.0011400411885849,0.4814814814814814,-1.878341921797232,-3.1356714932260688,,-0.5836258254523149,-0.3858234343201278,True,False,False,True,0.0,0.09869720952347197,-0.3299524582284591,ZT
20190320_a19,20190320,2019-03-20,19,additional_2018_2022,contaminated_2016_2022,9.4,2019-03-20 15:07:19.886000-04:00,2019-03-20 15:08:00-04:00,-0.11871602567133,0.0011400411885849,0.4285714285714285,0.3513377308564274,-3.7186043469500847,,-0.0671336562746548,-0.1165703119113287,True,False,False,True,0.0,0.04907852395438934,0.0016466541348720137,ZT
20190320_a21,20190320,2019-03-20,21,additional_2018_2022,contaminated_2016_2022,9.4,2019-03-20 15:08:59.156000-04:00,2019-03-20 15:09:00-04:00,-0.11871602567133,0.0011400411885849,0.8,0.0316145131812372,0.3338437043803383,,0.7012886742425753,0.9269878879030928,True,False,False,True,0.36734319041757046,0.04907852395438934,0.31224445661854017,ZT
20190320_a22,20190320,2019-03-20,22,additional_2018_2022,contaminated_2016_2022,9.4,2019-03-20 15:10:41.920615384-04:00,2019-03-20 15:11:00-04:00,-0.11871602567133,0.0011400411885849,0.6216216216216216,-1.7005590793991092,-2.1065915980024967,,-2.066374537708873,-2.039264727389916,True,False,False,True,-0.3673566850141312,0.04907852395438934,-1.042954308455395,ZT
20190320_a23,20190320,2019-03-20,23,additional_2018_2022,contaminated_2016_2022,9.4,2019-03-20 15:11:57.846000-04:00,2019-03-20 15:12:00-04:00,-0.11871602567133,0.0011400411885849,0.64,-3.1948131869936343,-1.2821525575317865,,-1.6873850820897622,-1.6893413574223104,True,False,False,True,-0.3673566850141312,0.04907852395438934,-0.9993817825979746,ZT
20190320_a25,20190320,2019-03-20,25,additional_2018_2022,contaminated_2016_2022,9.4,2019-03-20 15:13:59.246000-04:00,2019-03-20 15:14:00-04:00,-0.11871602567133,0.0011400411885849,0.65,-2.096738192870143,-0.5668868084751801,,-1.408579289172227,-1.3433306651913088,True,False,False,True,-0.36738367718501647,0.04907852395438934,-0.787117580580817,ZT
20190320_a26,20190320,2019-03-20,26,additional_2018_2022,contaminated_2016_2022,9.4,2019-03-20 15:15:17.456000-04:00,2019-03-20 15:16:00-04:00,-0.21871602567133,0.0011400411885849,0.5853658536585366,-0.2800071965603088,-3.1842661056780326,,0.3616219030635274,0.4154273981927581,True,False,False,True,0.0,0.03915478684057281,0.1222716430253529,ZT
20190320_a27,20190320,2019-03-20,27,additional_2018_2022,contaminated_2016_2022,9.4,2019-03-20 15:16:13.045999999-04:00,2019-03-20 15:17:00-04:00,-0.11871602567133,0.0011400411885849,0.6190476190476191,-1.4466673605748894,-2.622532382558456,,-0.1499853883855861,-0.1125405637977713,True,False,False,True,0.0,0.04907852395438934,-0.18212922798456616,ZT
20190619_a00,20190619,2019-06-19,0,additional_2018_2022,contaminated_2016_2022,8.8,2019-06-19 14:39:34.436000-04:00,2019-06-19 14:40:00-04:00,0.0150341883651257,0.0014551275055476,0.5869565217391305,-0.4429784644029879,0.1720839411570775,,-1.717189819108753,-1.783360315002218,True,False,False,True,-1.8155739987052906,0.06235154358453414,-0.7659868050951307,ZT
20190619_a01,20190619,2019-06-19,1,additional_2018_2022,contaminated_2016_2022,8.8,2019-06-19 14:40:32.335999999-04:00,2019-06-19 14:41:00-04:00,0.2650341883651257,0.0014551275055476,0.6153846153846154,3.0190058839726737,0.9682631443897824,,1.3364681474083415,1.305802684832661,True,False,False,True,1.0894235144679036,0.08716088636907546,0.895265561281329,ZT
20190619_a02,20190619,2019-06-19,2,additional_2018_2022,contaminated_2016_2022,8.8,2019-06-19 14:42:21.116000-04:00,2019-06-19 14:43:00-04:00,0.0150341883651257,0.0014551275055476,0.7037037037037037,1.1800296153260408,-1.181964220040146,,1.3416479688109482,1.324014821100575,True,False,False,True,1.089383954452672,0.06235154358453414,0.7078882714924368,ZT
20190619_a04,20190619,2019-06-19,4,additional_2018_2022,contaminated_2016_2022,8.8,2019-06-19 14:43:42.046000-04:00,2019-06-19 14:44:00-04:00,0.0150341883651257,0.0014551275055476,0.56,-0.2157809265719393,-0.8811791383428778,,-1.450847541388946,-1.355151586676001,True,False,False,True,0.0,0.06235154358453414,-0.6306089771924612,ZT
20190619_a05,20190619,2019-06-19,5,additional_2018_2022,contaminated_2016_2022,8.8,2019-06-19 14:44:22.476000-04:00,2019-06-19 14:45:00-04:00,0.3483675216984591,0.0014551275055476,0.55,-0.1586148497856082,-3.689555244882444,,-1.322374833904564,-1.388637233126342,True,False,False,True,-0.36310161402617164,0.09543066729725591,-0.517837413694955,ZT
20190619_a06,20190619,2019-06-19,6,additional_2018_2022,contaminated_2016_2022,8.8,2019-06-19 14:45:12.185999999-04:00,2019-06-19 14:46:00-04:00,0.0150341883651257,0.0014551275055476,0.65,0.027606014206644,-0.9754797305723584,,0.8019176229117818,0.820740660094891,True,False,False,True,0.36310161402607305,0.06235154358453414,0.37679683340224723,ZT
20190619_a07,20190619,2019-06-19,7,additional_2018_2022,contaminated_2016_2022,8.8,2019-06-19 14:46:19.826000-04:00,2019-06-19 14:47:00-04:00,0.0150341883651257,0.0014551275055476,0.6896551724137931,1.223595942029367,0.650887760369797,,-2.157362483462489,-2.0283296504750234,True,False,False,True,-0.363114798783026,0.06235154358453414,-0.8222449959089683,ZT
20190619_a11,20190619,2019-06-19,11,additional_2018_2022,contaminated_2016_2022,8.8,2019-06-19 14:49:40.076000-04:00,2019-06-19 14:50:00-04:00,0.0150341883651257,0.0014551275055476,0.5060240963855421,1.6015409710627622,-0.9154586402366336,,0.8539183876004274,0.8982912338699913,True,False,False,True,2.178253775176964,0.06235154358453414,0.5286732734182193,ZT
20190619_a12,20190619,2019-06-19,12,additional_2018_2022,contaminated_2016_2022,8.8,2019-06-19 14:51:27.246000-04:00,2019-06-19 14:52:00-04:00,0.0150341883651257,0.0014551275055476,0.6585365853658537,1.6021279062365907,1.1406527315657358,,1.8048727652003749,1.8085383095206875,True,False,False,True,0.7259264639685087,0.06235154358453414,0.9455491714185772,ZT
20190619_a13,20190619,2019-06-19,13,additional_2018_2022,contaminated_2016_2022,8.8,2019-06-19 14:52:55.735999999-04:00,2019-06-19 14:53:00-04:00,0.1817008550317923,0.0014551275055476,0.6764705882352942,0.2915492195664143,1.2582919038071554,,-0.1771829345382341,-0.1962434712379922,True,False,False,True,0.0,0.07889110544089502,-0.004836187690046817,ZT
20190619_a14,20190619,2019-06-19,14,additional_2018_2022,contaminated_2016_2022,8.8,2019-06-19 14:54:26.256000-04:00,2019-06-19 14:55:00-04:00,0.0150341883651257,0.0014551275055476,0.5333333333333333,-1.2510599417660129,-0.6030929094617531,,-1.820418374884962,-1.7568071781242136,True,False,False,True,-0.7258737708703509,0.06235154358453414,-0.8775077427087018,ZT
20190619_a15,20190619,2019-06-19,15,additional_2018_2022,contaminated_2016_2022,8.8,2019-06-19 14:57:24.276000-04:00,2019-06-19 14:58:00-04:00,0.0534957268266641,0.0014551275055476,0.580952380952381,1.666436620810675,0.6706081763538463,,1.7037244944132297,1.774111131739711,True,False,False,True,0.36289078805744235,0.06616836555138664,0.9124609322490896,ZT
20190619_a17,20190619,2019-06-19,17,additional_2018_2022,contaminated_2016_2022,8.8,2019-06-19 14:59:46.855999999-04:00,2019-06-19 15:00:00-04:00,0.3483675216984591,0.0014551275055476,0.6190476190476191,0.0932468574795932,-1.4813483627153978,,-2.1856048698238464,-2.3744791449312728,True,False,False,True,-0.3629434715938298,0.09543066729725591,-0.8755573996225641,ZT
20190619_a18,20190619,2019-06-19,18,additional_2018_2022,contaminated_2016_2022,8.8,2019-06-19 15:00:36.236000-04:00,2019-06-19 15:01:00-04:00,0.5150341883651257,0.0014551275055476,0.6111111111111112,-0.0882241652132476,0.1387352833841177,,-2.027663062380866,-1.8424463673846423,True,False,False,True,-0.36295664486813234,0.11197022915361679,-0.7953252764939631,ZT
20190619_a20,20190619,2019-06-19,20,additional_2018_2022,contaminated_2016_2022,8.8,2019-06-19 15:02:54.236000-04:00,2019-06-19 15:03:00-04:00,0.0150341883651257,0.0014551275055476,0.4615384615384615,0.2535241595199017,-0.8287528716294554,,-1.9735433244537024,-1.9671156733786936,True,False,False,True,-0.7259264639681492,0.06235154358453414,-0.8212308524324448,ZT
20190619_a21,20190619,2019-06-19,21,additional_2018_2022,contaminated_2016_2022,8.8,2019-06-19 15:06:00.306000-04:00,2019-06-19 15:07:00-04:00,-0.0849658116348742,0.0014551275055476,0.6105263157894737,2.3142328618281907,-0.1329871016561566,,1.27359682604721,1.261609101455673,True,False,False,True,1.0889885122481784,0.05242780647071762,0.755548052327129,ZT
20190619_a22,20190619,2019-06-19,22,additional_2018_2022,contaminated_2016_2022,8.8,2019-06-19 15:07:12.106000-04:00,2019-06-19 15:08:00-04:00,0.1578913312222686,0.0014551275055476,0.7741935483870968,0.9444184024497068,1.3898080604385288,,-0.2793900265854754,-0.2442029036589136,True,False,False,True,0.0,0.07652831088998632,0.00020971277918041542,ZT
20190619_a23,20190619,2019-06-19,23,additional_2018_2022,contaminated_2016_2022,8.8,2019-06-19 15:10:30.046000-04:00,2019-06-19 15:11:00-04:00,0.0150341883651257,0.0014551275055476,0.6352941176470588,-1.110147526977173,0.7636396683430734,,-1.578612654165504,-1.566951920104266,True,False,False,True,-0.36298299428682024,0.06235154358453414,-0.7599614227830271,ZT
20190619_a24,20190619,2019-06-19,24,additional_2018_2022,contaminated_2016_2022,8.8,2019-06-19 15:11:45.616000-04:00,2019-06-19 15:12:00-04:00,-0.0849658116348743,0.0014551275055476,0.6071428571428571,1.4073426482801883,0.5655873021472823,,0.0258385258546266,0.0459404891664693,True,False,False,True,0.0,0.05242780647071761,0.13424668774612195,ZT
20190619_a25,20190619,2019-06-19,25,additional_2018_2022,contaminated_2016_2022,8.8,2019-06-19 15:13:46.806000-04:00,2019-06-19 15:14:00-04:00,0.2877614610923984,0.0014551275055476,0.543859649122807,0.1871631508624296,0.8478925770436105,,-0.0982127777824018,-0.0968958826314146,True,False,False,True,0.0,0.08941628116767013,0.0376898167268416,ZT
20190619_a26,20190619,2019-06-19,26,additional_2018_2022,contaminated_2016_2022,8.8,2019-06-19 15:14:50.476000-04:00,2019-06-19 15:15:00-04:00,0.2650341883651257,0.0014551275055476,0.5769230769230769,-1.2566441649446796,-0.8633871166764884,,-0.2649551716278718,-0.3303029221575935,True,False,False,True,0.0,0.08716088636907546,-0.15733846268968615,ZT
20190918_a00,20190918,2019-09-18,0,additional_2018_2022,contaminated_2016_2022,9.4,2019-09-18 14:40:02.026000-04:00,2019-09-18 14:41:00-04:00,-0.6544015257136853,-0.0007255314517884,0.7045454545454546,0.6039069401445182,0.7634139415481391,-0.7530702881000387,2.1384022135625496,2.019529608489336,True,False,False,True,0.726401046337308,-0.004081496826647532,0.9059059048220638,ZT
20190918_a01,20190918,2019-09-18,1,additional_2018_2022,contaminated_2016_2022,9.4,2019-09-18 14:41:26.096000-04:00,2019-09-18 14:42:00-04:00,-0.1884924348045943,-0.0007255314517884,0.5681818181818182,-2.461746321779758,2.225036434685442,-0.2199599503810015,-1.551368786748835,-1.5500187455152528,True,False,False,True,-1.089621357656205,0.04215409654454312,-0.890478349451161,ZT
20190918_a02,20190918,2019-09-18,2,additional_2018_2022,contaminated_2016_2022,9.4,2019-09-18 14:42:30.995999999-04:00,2019-09-18 14:43:00-04:00,-0.4044015257136852,-0.0007255314517884,0.5862068965517241,-1.7245792603915566,3.142683832519944,0.0143976567686324,-1.1739246862027397,-1.1686477469507632,True,False,False,True,-1.8162994764498612,0.020727845957893794,-0.6981106325389216,ZT
20190918_a03,20190918,2019-09-18,3,additional_2018_2022,contaminated_2016_2022,9.4,2019-09-18 14:43:44.646000-04:00,2019-09-18 14:44:00-04:00,-0.2794015257136852,-0.0007255314517884,0.6956521739130435,-2.5547858668423653,1.5715776718735706,-0.0802816682068,-1.2217074360404638,-1.202711548783746,True,False,False,True,-1.4532771425085396,0.03313251735016446,-0.7677289303990087,ZT
20190918_a04,20190918,2019-09-18,4,additional_2018_2022,contaminated_2016_2022,9.4,2019-09-18 14:45:19.446000-04:00,2019-09-18 14:46:00-04:00,-0.2794015257136852,-0.0007255314517884,0.6122448979591837,-0.0030655872694602,0.8718354275420109,0.3039280501773865,-0.2989065291593585,-0.3330102044613323,True,False,False,True,0.0,0.03313251735016446,-0.15396725920701812,ZT
20190918_a05,20190918,2019-09-18,5,additional_2018_2022,contaminated_2016_2022,9.4,2019-09-18 14:48:39.306000-04:00,2019-09-18 14:49:00-04:00,-0.23592326484412,-0.0007255314517884,0.64,1.087236419925013,1.443168990540127,0.0865384739391141,1.6492208519200933,1.6379171770276828,True,False,False,True,1.8164974346504341,0.03744718566051947,0.7961186916217173,ZT
20190918_a06,20190918,2019-09-18,6,additional_2018_2022,contaminated_2016_2022,9.4,2019-09-18 14:49:25.426000-04:00,2019-09-18 14:50:00-04:00,-0.2794015257136852,-0.0007255314517884,0.5384615384615384,0.7220165081128124,1.310807870523573,-0.1195990112674161,1.6472535652720548,1.647700657213985,True,False,False,True,1.0897400980656167,0.03313251735016446,0.758550940465407,ZT
20190918_a07,20190918,2019-09-18,7,additional_2018_2022,contaminated_2016_2022,9.4,2019-09-18 14:51:27.196000-04:00,2019-09-18 14:52:00-04:00,-0.2794015257136852,-0.0007255314517884,0.5303030303030303,0.375444474577049,0.2484037164206259,0.332109375905147,1.6750050604537905,1.6396205703696705,True,False,False,True,0.7264274302186666,0.03313251735016446,0.7422917136032401,ZT
20190918_a09,20190918,2019-09-18,9,additional_2018_2022,contaminated_2016_2022,9.4,2019-09-18 14:52:43.165999999-04:00,2019-09-18 14:53:00-04:00,-0.2794015257136852,-0.0007255314517884,0.4210526315789473,-0.7791246635053221,1.3852330538283275,-0.6888678410019949,2.006789342971313,1.9505653709600648,True,False,False,True,1.452749330659219,0.03313251735016446,0.793031589997818,ZT
20190918_a10,20190918,2019-09-18,10,additional_2018_2022,contaminated_2016_2022,9.4,2019-09-18 14:53:10.136000-04:00,2019-09-18 14:54:00-04:00,-0.2794015257136852,-0.0007255314517884,0.3333333333333333,1.893598952024086,1.2072922511899422,-0.1901572295251909,1.6223734635814189,1.5840564065130354,True,False,False,True,0.36315435879996655,0.03313251735016446,0.8437303725976402,ZT
20190918_a11,20190918,2019-09-18,11,additional_2018_2022,contaminated_2016_2022,9.4,2019-09-18 14:54:10.596000-04:00,2019-09-18 14:55:00-04:00,-0.7794015257136852,-0.0007255314517884,0.65625,-2.021298145509109,2.2856071119670447,-0.5429867660464882,-1.703476073358415,-1.5871075064003302,True,False,False,True,-0.7263482843212482,-0.016486168218918178,-1.0128030359481042,ZT
20190918_a12,20190918,2019-09-18,12,additional_2018_2022,contaminated_2016_2022,9.4,2019-09-18 14:55:23.946000-04:00,2019-09-18 14:56:00-04:00,-0.2794015257136852,-0.0007255314517884,0.5652173913043478,1.811944244105635,1.6996356915607558,-0.5834919027081081,1.2531976625258692,1.1075836755540478,True,False,False,True,1.4526438142919442,0.03313251735016446,0.6752143743918628,ZT
20190918_a13,20190918,2019-09-18,13,additional_2018_2022,contaminated_2016_2022,9.4,2019-09-18 14:56:38.086000-04:00,2019-09-18 14:57:00-04:00,-0.0294015257136852,-0.0007255314517884,0.5384615384615384,-0.9890512950743856,0.9965123922027695,0.5928858971395721,-1.9162374943691765,-1.8964893847486763,True,False,False,True,-0.726269155668269,0.057941860134705786,-0.9049209573212377,ZT
20190918_a15,20190918,2019-09-18,15,additional_2018_2022,contaminated_2016_2022,9.4,2019-09-18 14:58:51.005999999-04:00,2019-09-18 14:59:00-04:00,-0.2794015257136852,-0.0007255314517884,0.5892857142857143,1.144876196623044,1.373374303764943,-0.2750087631728601,1.9330952477418029,1.9290216503824675,True,False,False,True,1.0894630773581433,0.03313251735016446,0.918522703895193,ZT
20190918_a16,20190918,2019-09-18,16,additional_2018_2022,contaminated_2016_2022,9.4,2019-09-18 15:00:02.216000-04:00,2019-09-18 15:01:00-04:00,-0.2024784487906083,-0.0007255314517884,0.5102040816326531,-2.6984279602097057,0.5499094969269445,-0.3524442349715378,-1.2097014540256348,-1.30270844451443,True,False,False,True,-1.452802094589885,0.04076616128386948,-0.7622999280242144,ZT
20190918_a17,20190918,2019-09-18,17,additional_2018_2022,contaminated_2016_2022,9.4,2019-09-18 15:02:24.576000-04:00,2019-09-18 15:03:00-04:00,-0.3627348590470185,-0.0007255314517884,0.6086956521739131,1.0594469011085734,1.741352941714854,-0.8986630035952344,1.7490495936850845,1.7056267449093423,True,False,False,True,0.7264274302186666,0.024862736421984017,0.8179018680395287,ZT
20190918_a18,20190918,2019-09-18,18,additional_2018_2022,contaminated_2016_2022,9.4,2019-09-18 15:04:52.666000-04:00,2019-09-18 15:05:00-04:00,-0.2079729542851138,-0.0007255314517884,0.6075949367088608,-1.04751668196901,0.8204325378532793,-0.077816570248051,-1.5565103123511352,-1.4364077981303849,True,False,False,True,-0.36320711889990437,0.040220901002890545,-0.7797722986602741,ZT
20190918_a19,20190918,2019-09-18,19,additional_2018_2022,contaminated_2016_2022,9.4,2019-09-18 15:06:27.746000-04:00,2019-09-18 15:07:00-04:00,-0.2794015257136852,-0.0007255314517884,0.5849056603773585,1.1380453688479055,0.6737488294406417,-0.6155833265227614,0.0158814989270572,0.0134463307519441,True,False,False,True,0.0,0.03313251735016446,0.07759839136537111,ZT
20190918_a21,20190918,2019-09-18,21,additional_2018_2022,contaminated_2016_2022,9.4,2019-09-18 15:09:05.296000-04:00,2019-09-18 15:10:00-04:00,-0.3905126368247963,-0.0007255314517884,0.5131578947368421,-1.1771694406973237,0.8845984151361754,0.1507163136938505,-0.0467741907632535,-0.0775631176534911,True,False,False,True,0.0,0.022106142779257203,-0.15699974917944348,ZT
20190918_a22,20190918,2019-09-18,22,additional_2018_2022,contaminated_2016_2022,9.4,2019-09-18 15:10:52.226000-04:00,2019-09-18 15:11:00-04:00,-0.3703106166227761,-0.0007255314517884,0.4444444444444444,-1.387943352851867,0.6612206292552155,-0.221362831357412,-1.648275632816551,-1.7193372183401188,True,False,False,True,-0.36323350469814125,0.024110938155785796,-0.873127632599713,ZT
20190918_a23,20190918,2019-09-18,23,additional_2018_2022,contaminated_2016_2022,9.4,2019-09-18 15:12:55.686000-04:00,2019-09-18 15:13:00-04:00,-0.4460681923803519,-0.0007255314517884,0.547945205479452,-0.1368414574033908,1.595410117968085,-0.4734773017286526,0.2225531312758052,0.2630780185819206,True,False,False,True,0.0,0.016592955493803574,0.03774540343382563,ZT
20190918_a24,20190918,2019-09-18,24,additional_2018_2022,contaminated_2016_2022,9.4,2019-09-18 15:15:15.346000-04:00,2019-09-18 15:16:00-04:00,-0.2079729542851138,-0.0007255314517884,0.5660377358490566,0.3888966382915083,1.4395112283041631,-0.2498620141638817,-0.706029658367481,-0.7073010086815362,True,False,False,True,0.0,0.040220901002890545,-0.289180152208825,ZT
20190918_a25,20190918,2019-09-18,25,additional_2018_2022,contaminated_2016_2022,9.4,2019-09-18 15:16:14.596000-04:00,2019-09-18 15:17:00-04:00,-0.2794015257136852,-0.0007255314517884,0.6666666666666666,2.1432279641446303,0.7494845587551858,-0.0382093454203703,1.5080963027676482,1.554955323011182,True,False,False,True,0.36324669903665535,0.03313251735016446,0.8141125843584915,ZT
20190918_a26,20190918,2019-09-18,26,additional_2018_2022,contaminated_2016_2022,9.4,2019-09-18 15:18:35.106000-04:00,2019-09-18 15:19:00-04:00,-0.2794015257136852,-0.0007255314517884,0.5,0.5642151805165206,0.5280614291760947,-0.189972445588392,-0.2497524863677616,-0.3048036962351872,True,False,False,True,0.0,0.03313251735016446,-0.08589736608314696,ZT
20190918_a27,20190918,2019-09-18,27,additional_2018_2022,contaminated_2016_2022,9.4,2019-09-18 15:19:38.996000-04:00,2019-09-18 15:20:00-04:00,-0.0294015257136852,-0.0007255314517884,0.5833333333333334,-0.9744591329353732,1.9265054224498328,-0.2224224784386053,-1.6837757455344091,-1.617388116524143,True,False,False,True,-0.7265329849170462,0.057941860134705786,-0.8018302466693872,ZT
20190918_a28,20190918,2019-09-18,28,additional_2018_2022,contaminated_2016_2022,9.4,2019-09-18 15:20:57.986000-04:00,2019-09-18 15:21:00-04:00,0.0063127600006004,-0.0007255314517884,0.5185185185185185,1.5595127752638624,-1.0660968938398925,-0.3814715436996879,1.5988925395620128,1.5866875647214267,True,False,False,True,0.36327309058611773,0.06148605196106882,0.8504132119053701,ZT
20190918_a29,20190918,2019-09-18,29,additional_2018_2022,contaminated_2016_2022,9.4,2019-09-18 15:22:36.946000-04:00,2019-09-18 15:23:00-04:00,-0.4794015257136852,-0.0007255314517884,0.5490196078431373,-2.3471273966180566,1.1022901997297103,-0.3551586628596114,-1.1991587467250782,-1.219669213279049,True,False,False,True,-1.0899776565372037,0.013285043122531398,-0.7718767457622995,ZT
20191030_a01,20191030,2019-10-30,1,additional_2018_2022,contaminated_2016_2022,8.7,2019-10-30 14:39:38.036000-04:00,2019-10-30 14:40:00-04:00,-0.4940924653966257,-0.0001814552712756,0.5555555555555556,-0.1730045936318096,-0.4894115622174868,-1.5210229857746234,-0.6239889409484217,-0.5621769990406599,True,False,False,True,-0.7264538160185383,0.011827152888847031,-0.3437403018886655,ZT
20191030_a02,20191030,2019-10-30,2,additional_2018_2022,contaminated_2016_2022,8.7,2019-10-30 14:41:50.956000-04:00,2019-10-30 14:42:00-04:00,-0.3274257987299591,-0.0001814552712756,0.5972222222222222,2.7512683513648284,-0.3536231415396599,-0.5864493785211973,1.8707635668474232,1.823144056261323,True,False,False,True,0.7264538160182816,0.02836671474520791,1.0154875111296686,ZT
20191030_a03,20191030,2019-10-30,3,additional_2018_2022,contaminated_2016_2022,8.7,2019-10-30 14:42:59.916000-04:00,2019-10-30 14:43:00-04:00,-0.2718702431744035,-0.0001814552712756,0.4722222222222222,3.3183978875968725,-2.114974665027015,-0.6981986935296683,2.474091648127491,2.482488930611365,True,False,False,True,0.36319392743679413,0.033879902030661546,1.3350821201631065,ZT
20191030_a04,20191030,2019-10-30,4,additional_2018_2022,contaminated_2016_2022,8.7,2019-10-30 14:44:48.205999999-04:00,2019-10-30 14:45:00-04:00,0.0892408679367075,-0.0001814552712756,0.6,1.6069002452339591,-1.3053984006446582,-0.8283926420274189,0.3469943289452062,0.38224685660691,True,False,False,True,0.0,0.06971561938611011,0.3184400591383154,ZT
20191030_a05,20191030,2019-10-30,5,additional_2018_2022,contaminated_2016_2022,8.7,2019-10-30 14:46:12.936000-04:00,2019-10-30 14:47:00-04:00,-0.1607591320632924,-0.0001814552712756,0.5925925925925926,1.8735274925754148,-0.8875281337879541,-0.040296895158402,0.7110309003829208,0.729777748601216,True,False,False,True,0.0,0.0449062766015688,0.4610458268794644,ZT
20191030_a08,20191030,2019-10-30,8,additional_2018_2022,contaminated_2016_2022,8.7,2019-10-30 14:48:46.266000-04:00,2019-10-30 14:49:00-04:00,-0.1607591320632924,-0.0001814552712756,0.65,1.4033086925692304,-0.7264347979857393,1.636141336394057,1.9165728817285383,1.967006651834451,True,False,False,True,0.36315435879996655,0.0449062766015688,0.9509018167730865,ZT
20191030_a10,20191030,2019-10-30,10,additional_2018_2022,contaminated_2016_2022,8.7,2019-10-30 14:50:35.466000-04:00,2019-10-30 14:51:00-04:00,-0.1607591320632924,-0.0001814552712756,0.5454545454545454,-0.9866189526150624,0.6948362526313895,-0.3926714460079867,-1.1664396706334477,-1.120931179041,True,False,False,True,-0.363127984498055,0.0449062766015688,-0.5964670745485273,ZT
20191030_a11,20191030,2019-10-30,11,additional_2018_2022,contaminated_2016_2022,8.7,2019-10-30 14:51:38.176000-04:00,2019-10-30 14:52:00-04:00,-0.3607591320632924,-0.0001814552712756,0.5909090909090909,-0.8564056180916098,-0.994833945054354,0.2809858629640524,-1.10548781425282,-1.1435591914818943,True,False,False,True,-0.3631411711701483,0.025058802373935735,-0.5901333039539782,ZT
20191030_a12,20191030,2019-10-30,12,additional_2018_2022,contaminated_2016_2022,8.7,2019-10-30 14:53:16.196000-04:00,2019-10-30 14:54:00-04:00,0.0267408679367075,-0.0001814552712756,0.6610169491525424,2.484222278310246,-0.8552559997260093,-1.4020365015622056,1.8519898511966928,1.851383573363384,True,False,False,True,1.0893443973080077,0.06351328368997478,1.0403632053251624,ZT
20191030_a13,20191030,2019-10-30,13,additional_2018_2022,contaminated_2016_2022,8.7,2019-10-30 14:55:35.786000-04:00,2019-10-30 14:56:00-04:00,-0.1607591320632924,-0.0001814552712756,0.5263157894736842,2.027330964947934,-1.5488671297467054,-1.1525208005345888,2.712027585664561,2.7297007291679947,True,False,False,True,1.81517852779216,0.0449062766015688,1.3507480265275884,ZT
20191030_a14,20191030,2019-10-30,14,additional_2018_2022,contaminated_2016_2022,8.7,2019-10-30 14:57:04.735999999-04:00,2019-10-30 14:58:00-04:00,-0.0496480209521813,-0.0001814552712756,0.5142857142857142,3.252155048939466,-1.0803260934174768,-0.235618781470173,2.0939928396282173,2.1388509765431034,True,False,False,True,1.0890280435488529,0.05593265117247605,1.1975557999956399,ZT
20191030_a15,20191030,2019-10-30,15,additional_2018_2022,contaminated_2016_2022,8.7,2019-10-30 14:58:20.416000-04:00,2019-10-30 14:59:00-04:00,-0.1607591320632924,-0.0001814552712756,0.5348837209302325,1.3243252571696795,-0.3594601521125591,-0.4022210857779506,1.6461566161151833,1.6492012051703593,True,False,False,True,1.0889489838158515,0.0449062766015688,0.8258937421275495,ZT
20191030_a16,20191030,2019-10-30,16,additional_2018_2022,contaminated_2016_2022,8.7,2019-10-30 14:59:30.636000-04:00,2019-10-30 15:00:00-04:00,-0.2857591320632924,-0.0001814552712756,0.7027027027027027,2.771601417127347,-0.4292788579343746,-0.5723186595911995,2.1210807217533065,2.112659829138691,True,False,False,True,0.3629434715947684,0.03250160520929814,1.1333468229499841,ZT
20191030_a18,20191030,2019-10-30,18,additional_2018_2022,contaminated_2016_2022,8.7,2019-10-30 15:01:48.455999999-04:00,2019-10-30 15:02:00-04:00,-0.1607591320632924,-0.0001814552712756,0.6666666666666666,2.20923828860364,-1.5532716858868447,-1.5918427384264224,2.1954841899482,2.0576471876069,True,False,False,True,0.3629171279132952,0.0449062766015688,1.1392525409384882,ZT
20191030_a19,20191030,2019-10-30,19,additional_2018_2022,contaminated_2016_2022,8.7,2019-10-30 15:02:45.556000-04:00,2019-10-30 15:03:00-04:00,0.0392408679367075,-0.0001814552712756,0.6190476190476191,0.7019759587033935,-1.7906614905047278,-0.8448299832917244,0.6109283132646119,0.6514772399937888,True,False,False,True,0.0,0.06475375082920184,0.352147987988708,ZT
20191030_a20,20191030,2019-10-30,20,additional_2018_2022,contaminated_2016_2022,8.7,2019-10-30 15:04:09.116000-04:00,2019-10-30 15:05:00-04:00,-0.3036162749204353,-0.0001814552712756,0.5,3.503677153151591,0.150307663122353,-0.0913900463568623,1.4950268869592287,1.4526749439890771,True,False,False,True,0.3629039575068887,0.030729509296116606,0.9161976618968558,ZT
20191030_a21,20191030,2019-10-30,21,additional_2018_2022,contaminated_2016_2022,8.7,2019-10-30 15:05:11.225999999-04:00,2019-10-30 15:06:00-04:00,-0.0607591320632924,-0.0001814552712756,0.5333333333333333,1.37754412599919,-0.1518340374828672,0.0910921679740168,0.1011351928093561,0.0531274632024346,True,False,False,True,0.0,0.054830013715385324,0.1685668483150051,ZT
20191030_a22,20191030,2019-10-30,22,additional_2018_2022,contaminated_2016_2022,8.7,2019-10-30 15:06:39.536000-04:00,2019-10-30 15:07:00-04:00,0.0059075346033742,-0.0001814552712756,0.5882352941176471,0.491309357616138,-0.90665330281488,-0.0358671980962269,-0.2947041243212955,-0.2653344602576331,True,False,False,True,-1.088672365127598,0.061445838457929676,-0.06726843787122656,ZT
20191030_a23,20191030,2019-10-30,23,additional_2018_2022,contaminated_2016_2022,8.7,2019-10-30 15:07:15.436000-04:00,2019-10-30 15:08:00-04:00,-0.1607591320632924,-0.0001814552712756,0.5,3.534105835333744,-0.5035656969879726,-0.6984035860224185,2.0569006566956527,2.0681860072576925,True,False,False,True,0.7257947455656835,0.0449062766015688,1.1871642096483235,ZT
20191030_a24,20191030,2019-10-30,24,additional_2018_2022,contaminated_2016_2022,8.7,2019-10-30 15:08:25.146000-04:00,2019-10-30 15:09:00-04:00,-0.1607591320632924,-0.0001814552712756,0.7727272727272727,2.495526036816364,-1.0232121662682718,-0.4037630415826731,2.475451302811911,2.4943567084348386,True,False,False,True,0.36287761956273584,0.0449062766015688,1.2854486514257673,ZT
20191030_a26,20191030,2019-10-30,26,additional_2018_2022,contaminated_2016_2022,8.7,2019-10-30 15:10:15.128000-04:00,2019-10-30 15:11:00-04:00,-0.5607591320632925,-0.0001814552712756,0.6666666666666666,0.4986629707280121,-0.6125864068578015,-1.182958441085515,-0.5797839123775886,-0.573738977467851,True,False,False,True,-0.36285128544042555,0.005211328146302659,-0.27963267372896944,ZT
20191030_a27,20191030,2019-10-30,27,additional_2018_2022,contaminated_2016_2022,8.7,2019-10-30 15:12:23.565999999-04:00,2019-10-30 15:13:00-04:00,-0.1607591320632924,-0.0001814552712756,0.5131578947368421,-0.9768632525080077,-1.3535039046425483,0.0556153452802778,-0.4256359828481256,-0.3859422384670338,True,False,False,True,-1.0886328596436219,0.0449062766015688,-0.27095367069166365,ZT
20191030_a28,20191030,2019-10-30,28,additional_2018_2022,contaminated_2016_2022,8.7,2019-10-30 15:14:21.916000-04:00,2019-10-30 15:15:00-04:00,-0.1019356026515277,-0.0001814552712756,0.4615384615384615,-0.1358425312710084,-0.8198929168693744,-0.569724524674298,-0.188111018335594,-0.1492037173059082,True,False,False,True,-0.7258474271894699,0.050743769021460876,-0.08872977924258221,ZT
20191030_a29,20191030,2019-10-30,29,additional_2018_2022,contaminated_2016_2022,8.7,2019-10-30 15:16:42.505999999-04:00,2019-10-30 15:17:00-04:00,-0.3425773138814743,-0.0001814552712756,0.6666666666666666,1.748346233638905,0.4310635218852582,-0.7868517058023256,1.8464212800603783,1.848032203685186,True,False,False,True,0.7258737708690385,0.026863118212811465,0.9202117879065099,ZT
20191030_a30,20191030,2019-10-30,30,additional_2018_2022,contaminated_2016_2022,8.7,2019-10-30 15:17:32.966000-04:00,2019-10-30 15:18:00-04:00,-0.1607591320632924,-0.0001814552712756,0.7142857142857143,1.4556723326662269,0.7420308758783335,-0.3218153436699537,2.0720050990762964,2.072981884691788,True,False,False,True,1.0887513846971952,0.0449062766015688,1.0233262557985041,ZT
20191211_a00,20191211,2019-12-11,0,additional_2018_2022,contaminated_2016_2022,8.8,2019-12-11 14:38:42.296000-05:00,2019-12-11 14:39:00-05:00,0.3580605553030787,0.0001450957632036,0.4285714285714285,1.2799336748318335,-0.3279285004762209,-0.6397689019739791,1.071098216125703,1.1149695111681557,True,False,False,True,0.0,0.09639257847053226,0.6507685333648233,ZT
20191211_a01,20191211,2019-12-11,1,additional_2018_2022,contaminated_2016_2022,8.8,2019-12-11 14:39:47.915999999-05:00,2019-12-11 14:40:00-05:00,-0.3328485356060121,0.0001450957632036,0.6842105263157895,0.2326613059292298,0.0804911301821092,0.3448885728893044,0.3149182206132987,0.2604915551818014,True,False,False,True,0.0,0.027828576593254422,0.12611968687388786,ZT
20191211_a02,20191211,2019-12-11,2,additional_2018_2022,contaminated_2016_2022,8.8,2019-12-11 14:41:54.916000-05:00,2019-12-11 14:42:00-05:00,-0.0880932908507673,0.0001450957632036,0.6,0.4440667269329973,-0.999390995773837,0.2890377893091699,2.252426214898456,2.3103104453382177,True,False,False,True,1.0881195491410776,0.05211744365504314,1.0307304341432801,ZT
20191211_a03,20191211,2019-12-11,3,additional_2018_2022,contaminated_2016_2022,8.8,2019-12-11 14:46:35.406000-05:00,2019-12-11 14:47:00-05:00,-0.2419394446969212,0.0001450957632036,0.5306122448979592,1.9500142558060516,0.1854387521859941,-0.267234323796956,2.4456516428891475,2.4671482414720267,True,False,False,True,0.7254261882041027,0.036850155787633086,1.2150394330314185,ZT
20191211_a04,20191211,2019-12-11,4,additional_2018_2022,contaminated_2016_2022,8.8,2019-12-11 14:47:27.796000-05:00,2019-12-11 14:48:00-05:00,-0.2419394446969212,0.0001450957632036,0.5666666666666667,1.4556872065987474,-0.4819452209236218,0.7572122208849075,2.4813141888872017,2.484947252779669,True,False,False,True,1.0880406212566172,0.036850155787633086,1.190129987372153,ZT
20191211_a06,20191211,2019-12-11,6,additional_2018_2022,contaminated_2016_2022,8.8,2019-12-11 14:48:43.686000-05:00,2019-12-11 14:49:00-05:00,0.2580605553030788,0.0001450957632036,0.25,0.254173420275936,-0.5571641904449336,,1.803663350703723,1.8515161052372928,True,False,False,True,0.7252946512696828,0.08646884135671573,0.8722138786804075,ZT
20191211_a07,20191211,2019-12-11,7,additional_2018_2022,contaminated_2016_2022,8.8,2019-12-11 14:50:25.976000-05:00,2019-12-11 14:51:00-05:00,-0.2419394446969212,0.0001450957632036,0.5121951219512195,1.190377519609721,0.1485904446544963,0.816797450835448,2.036246426111028,2.07735630728275,True,False,False,True,0.3626013017787514,0.036850155787633086,0.9732864900055166,ZT
20191211_a08,20191211,2019-12-11,8,additional_2018_2022,contaminated_2016_2022,8.8,2019-12-11 14:52:01.995999999-05:00,2019-12-11 14:53:00-05:00,-0.1510303537878303,0.0001450957632036,0.6382978723404256,1.4493476080257568,-0.8199503253814128,0.0216282716563116,1.7460259174111747,1.8204467041325396,True,False,False,True,0.36258815428388097,0.04587173498201175,0.8814334722489866,ZT
20191211_a09,20191211,2019-12-11,9,additional_2018_2022,contaminated_2016_2022,8.8,2019-12-11 14:53:42.246000-05:00,2019-12-11 14:54:00-05:00,0.0913938886364121,0.0001450957632036,0.4516129032258064,1.3475659993185636,0.826189299929811,-0.2851611785702546,0.8447314145461079,0.9246918174154978,True,False,False,True,0.0,0.06992927950035485,0.5156766268219198,ZT
20191211_a11,20191211,2019-12-11,11,additional_2018_2022,contaminated_2016_2022,8.8,2019-12-11 14:55:38.265999999-05:00,2019-12-11 14:56:00-05:00,-0.2419394446969212,0.0001450957632036,0.5,-2.8951747684497096,-0.0685983677674535,,-1.108655011201196,-1.1105617894686592,True,False,False,True,-1.4502737417103475,0.036850155787633086,-0.7402731980564455,ZT
20191211_a12,20191211,2019-12-11,12,additional_2018_2022,contaminated_2016_2022,8.8,2019-12-11 14:58:40.185999999-05:00,2019-12-11 14:59:00-05:00,-0.1705108732683498,0.0001450957632036,0.5102040816326531,0.2133474914008176,1.0496429522022934,0.1140147381507089,-0.6948728656709676,-0.6311789190892817,True,False,False,True,-0.3625881542851468,0.04393853944035918,-0.2928688891554752,ZT
20191211_a13,20191211,2019-12-11,13,additional_2018_2022,contaminated_2016_2022,8.8,2019-12-11 14:59:41.535999999-05:00,2019-12-11 15:00:00-05:00,-0.9919394446969212,0.0001450957632036,0.5625,2.202801438567204,-0.1281264042260644,0.2736564292101227,1.703480009001644,1.6342984199155348,True,False,False,True,1.0877250241862915,-0.037577872565990884,0.7939751648102114,ZT
20191211_a14,20191211,2019-12-11,14,additional_2018_2022,contaminated_2016_2022,8.8,2019-12-11 15:02:29.345999999-05:00,2019-12-11 15:03:00-05:00,-0.1794394446969212,0.0001450957632036,0.6236559139784946,2.017271774737335,0.3050465323029228,-0.2299821115379444,2.0011929485714126,2.0649965497535163,True,False,False,True,0.3625750077437504,0.04305249148376842,1.0354446815803016,ZT
20191211_a15,20191211,2019-12-11,15,additional_2018_2022,contaminated_2016_2022,8.8,2019-12-11 15:03:34.466000-05:00,2019-12-11 15:04:00-05:00,-0.2419394446969212,0.0001450957632036,0.5,-2.105156285407672,1.2878942135479672,-0.0345053033129979,-0.173691166718199,-0.1482267466376504,True,False,False,True,-0.36257500774424894,0.036850155787633086,-0.26566269248630436,ZT
20191211_a16,20191211,2019-12-11,16,additional_2018_2022,contaminated_2016_2022,8.8,2019-12-11 15:04:56.155999999-05:00,2019-12-11 15:05:00-05:00,-0.0601212628787393,0.0001450957632036,0.5526315789473685,-0.2705481616414987,-0.517854109750213,-0.7492345562670767,0.6809245631673501,0.7766051155885746,True,False,False,True,0.0,0.05489331417639042,0.28763747475702495,ZT
20191211_a17,20191211,2019-12-11,17,additional_2018_2022,contaminated_2016_2022,8.8,2019-12-11 15:07:18.756000-05:00,2019-12-11 15:08:00-05:00,-0.2419394446969212,0.0001450957632036,0.4756097560975609,-0.4499974352591175,0.4638471918554013,0.6930003807016447,-1.0526461151059685,-0.9965027400203056,True,False,False,True,-0.7251368699022787,0.036850155787633086,-0.5151866679123441,ZT
20191211_a18,20191211,2019-12-11,18,additional_2018_2022,contaminated_2016_2022,8.8,2019-12-11 15:08:20.895999999-05:00,2019-12-11 15:09:00-05:00,-0.2419394446969212,0.0001450957632036,0.52,0.8271446288237541,-1.2545997053422464,-0.0523801076996039,1.613460446032302,1.6910674542875173,True,False,False,True,0.3625750077437504,0.036850155787633086,0.7581786928794025,ZT
20191211_a21,20191211,2019-12-11,21,additional_2018_2022,contaminated_2016_2022,8.8,2019-12-11 15:10:44.335999999-05:00,2019-12-11 15:11:00-05:00,-0.2419394446969212,0.0001450957632036,0.5192307692307693,-0.5670575362824476,-0.2708004642215124,-0.62092188937938,-0.6540903214378287,-0.5909147212190707,True,False,False,True,-0.36257500774424894,0.036850155787633086,-0.3500898659605708,ZT
20191211_a22,20191211,2019-12-11,22,additional_2018_2022,contaminated_2016_2022,8.8,2019-12-11 15:13:59.655999999-05:00,2019-12-11 15:14:00-05:00,-0.2419394446969212,0.0001450957632036,0.6842105263157895,0.3728345271572632,-0.3650364025551207,-0.396783135268209,0.7878819189012624,0.8857269430433113,True,False,False,True,0.0,0.036850155787633086,0.3590470452010952,ZT
20191211_a23,20191211,2019-12-11,23,additional_2018_2022,contaminated_2016_2022,8.8,2019-12-11 15:14:51.706000-05:00,2019-12-11 15:15:00-05:00,-0.2419394446969212,0.0001450957632036,0.5454545454545454,-0.5847950326839779,-1.0186722713939218,0.0791944586298256,0.3922944490149421,0.3263948999484177,True,False,False,True,0.0,0.036850155787633086,0.10711278556867126,ZT
20191211_a24,20191211,2019-12-11,24,additional_2018_2022,contaminated_2016_2022,8.8,2019-12-11 15:15:47.616000-05:00,2019-12-11 15:16:00-05:00,-0.0990823018397783,0.0001450957632036,0.5357142857142857,1.3347550146829907,-1.284931148887829,-0.0897237615058982,1.9373463328942924,1.9303600741057263,True,False,False,True,0.3625750077437504,0.05102692309308528,0.9639641457958203,ZT
20191211_a25,20191211,2019-12-11,25,additional_2018_2022,contaminated_2016_2022,8.8,2019-12-11 15:17:44.356000-05:00,2019-12-11 15:18:00-05:00,-0.0840447078548159,0.0001450957632036,0.546875,-0.5293462352196041,0.7469951505247748,0.0244280677177906,-1.115518841512752,-1.0056873142935698,True,False,False,True,-0.36257500774424894,0.05251921438839603,-0.5247302582937932,ZT
20191211_a26,20191211,2019-12-11,26,additional_2018_2022,contaminated_2016_2022,8.8,2019-12-11 15:18:59.585999999-05:00,2019-12-11 15:19:00-05:00,-0.4086061113635879,0.0001450957632036,0.6,0.2834039574064476,-0.5736479495514922,-0.7477403334455555,0.4717698510129475,0.5619490121291014,True,False,False,True,0.0,0.0203105939312722,0.18726736972350044,ZT
20191211_a27,20191211,2019-12-11,27,additional_2018_2022,contaminated_2016_2022,8.8,2019-12-11 15:20:22.196000-05:00,2019-12-11 15:21:00-05:00,-0.1169394446969212,0.0001450957632036,0.5957446808510638,0.9764409113112128,1.4336373799276043,-0.1774144106809979,0.4077864070342592,0.4618962930116688,True,False,False,True,0.0,0.049254827179903746,0.2613588579238536,ZT
20191211_a28,20191211,2019-12-11,28,additional_2018_2022,contaminated_2016_2022,8.8,2019-12-11 15:21:49.536000-05:00,2019-12-11 15:22:00-05:00,-0.0419394446969212,0.0001450957632036,0.6842105263157895,0.0251670440023717,0.4637701883912654,-0.3942915912168827,1.514822571825574,1.5823371237240378,True,False,False,True,0.0,0.05669763001526615,0.6802327529601313,ZT
20200129_a00,20200129,2020-01-29,0,additional_2018_2022,contaminated_2016_2022,8.7,2020-01-29 14:39:26.666000-05:00,2020-01-29 14:40:00-05:00,-0.5560067544422077,-3.6175523640658014e-05,0.5869565217391305,1.4232688716845483,-1.2324869281100377,0.3401094171799561,1.7281546986603509,1.6982941918380776,False,False,False,True,0.3617356074830893,0.005682941608074969,0.808564001577792,ZT
20200129_a01,20200129,2020-01-29,1,additional_2018_2022,contaminated_2016_2022,8.7,2020-01-29 14:43:24.546000-05:00,2020-01-29 14:44:00-05:00,0.0439932455577923,-3.6175523640658014e-05,0.5777777777777777,0.2213566886278073,-0.9540551217217446,0.181494724543278,-0.1832529045556012,-0.1651639822498283,False,False,False,True,0.0,0.06522536429097416,-0.03464100982406862,ZT
20200129_a02,20200129,2020-01-29,2,additional_2018_2022,contaminated_2016_2022,8.7,2020-01-29 14:45:54.466000-05:00,2020-01-29 14:46:00-05:00,-0.0148302838539724,-3.6175523640658014e-05,0.581081081081081,-0.986062831048348,-0.5812940632782547,-0.0254711324030893,-1.5333188646185103,-1.496793409145854,False,False,False,True,-0.361657112930772,0.059387871871082076,-0.7345697074250087,ZT
20200129_a03,20200129,2020-01-29,3,additional_2018_2022,contaminated_2016_2022,8.7,2020-01-29 14:48:32.536000-05:00,2020-01-29 14:49:00-05:00,-0.0115623099977632,-3.6175523640658014e-05,0.6153846153846154,0.8910159655845027,-0.918723955970074,-0.309699250157942,1.5966459075390336,1.5007279765244652,False,False,False,True,0.36167019299059655,0.05971217700552053,0.7918268158740147,ZT
20200129_a04,20200129,2020-01-29,4,additional_2018_2022,contaminated_2016_2022,8.7,2020-01-29 14:51:32.516000-05:00,2020-01-29 14:52:00-05:00,-0.1702924687279219,-3.6175523640658014e-05,0.5909090909090909,0.6965932740391938,-1.3499368098297977,1.1071379486912047,1.49422584346752,1.4955789560086643,False,False,False,True,1.4465499808250124,0.04396021333279588,0.7063357465544744,ZT
20200129_a05,20200129,2020-01-29,5,additional_2018_2022,contaminated_2016_2022,8.7,2020-01-29 14:55:28.106000-05:00,2020-01-29 14:56:00-05:00,-0.1867759852114384,-3.6175523640658014e-05,0.5407407407407407,-0.543411931726769,-0.7025136616448916,-0.0792715646824697,-0.8720231865306425,-0.841951882566144,False,False,False,True,-0.36160480215075447,0.042324432489859086,-0.435108710293306,ZT
20200129_a06,20200129,2020-01-29,6,additional_2018_2022,contaminated_2016_2022,8.7,2020-01-29 14:56:47.965999999-05:00,2020-01-29 14:57:00-05:00,0.2439932455577923,-3.6175523640658014e-05,0.44,-0.6830795960837974,-0.6715666008063769,-0.8338639894598155,-0.9763060562554992,-0.8534811423965452,False,False,False,True,-0.7232749894665482,0.08507283851860721,-0.4253699737532896,ZT
20200129_a07,20200129,2020-01-29,7,additional_2018_2022,contaminated_2016_2022,8.7,2020-01-29 14:57:29.106000-05:00,2020-01-29 14:58:00-05:00,0.1689932455577923,-3.6175523640658014e-05,0.7391304347826086,-0.0548794557117416,-0.1951415405111329,0.9176111380304148,-0.0110627751061159,-0.0484885585337824,False,False,False,True,0.0,0.07763003568324481,0.03759325639652569,ZT
20200129_a09,20200129,2020-01-29,9,additional_2018_2022,contaminated_2016_2022,8.7,2020-01-29 14:59:52.646000-05:00,2020-01-29 15:00:00-05:00,-0.0148302838539724,-3.6175523640658014e-05,0.5714285714285714,-0.9212425397336056,-0.5755150486403882,0.6454417680427011,-1.6317465789693104,-1.5806009806503276,False,False,False,True,-0.36161787842737203,0.059387871871082076,-0.772396997934958,ZT
20200129_a11,20200129,2020-01-29,11,additional_2018_2022,contaminated_2016_2022,8.7,2020-01-29 15:02:40.306000-05:00,2020-01-29 15:03:00-05:00,0.0439932455577923,-3.6175523640658014e-05,0.5333333333333333,0.7585692056856127,-2.298517058989057,-0.4491702841660664,1.4212806706623071,1.2683540201445578,False,False,False,True,0.36159172682137963,0.06522536429097416,0.7127257475717329,ZT
20200129_a12,20200129,2020-01-29,12,additional_2018_2022,contaminated_2016_2022,8.7,2020-01-29 15:04:49.916000-05:00,2020-01-29 15:05:00-05:00,-0.1702924687279219,-3.6175523640658014e-05,0.6666666666666666,-1.1955766270157564,0.3737924326427609,-0.1098827381584819,-0.8655985748649445,-0.8640994112072878,False,False,False,True,-0.7231965289717919,0.04396021333279588,-0.4832185672037625,ZT
20200129_a13,20200129,2020-01-29,13,additional_2018_2022,contaminated_2016_2022,8.7,2020-01-29 15:06:33.906000-05:00,2020-01-29 15:07:00-05:00,-0.1226734211088743,-3.6175523640658014e-05,0.5849056603773585,1.0627561970032269,-1.2131712908189014,-0.3996227949168419,0.3849118981380623,0.3911882058096722,False,False,False,True,0.0,0.048685802434613276,0.2575208008785462,ZT
20200129_a14,20200129,2020-01-29,14,additional_2018_2022,contaminated_2016_2022,8.7,2020-01-29 15:08:44.965999999-05:00,2020-01-29 15:09:00-05:00,0.0439932455577923,-3.6175523640658014e-05,0.6078431372549019,0.7608491977229517,-0.389428086866338,0.5574434310267637,1.719064526564636,1.7101243022129409,False,False,False,True,0.36161787842694365,0.06522536429097416,0.8434390594782675,ZT
20200129_a15,20200129,2020-01-29,15,additional_2018_2022,contaminated_2016_2022,8.7,2020-01-29 15:09:37.896000-05:00,2020-01-29 15:10:00-05:00,0.0439932455577923,-3.6175523640658014e-05,0.4347826086956521,0.2065388704811774,-2.0969980394457397,1.955400139627396,0.3241582593156192,0.1884902019028727,False,False,False,True,0.0,0.06522536429097416,0.18655509951321977,ZT
20200129_a17,20200129,2020-01-29,17,additional_2018_2022,contaminated_2016_2022,8.7,2020-01-29 15:10:14.166000-05:00,2020-01-29 15:11:00-05:00,0.0439932455577923,-3.6175523640658014e-05,0.4,-0.9352179926081372,-1.5649200586338938,-0.2180742717247245,-0.1733525715564735,-0.2491234439591783,False,False,False,True,-0.723248834076641,0.06522536429097416,-0.12515562782447234,ZT
20200129_a18,20200129,2020-01-29,18,additional_2018_2022,contaminated_2016_2022,8.7,2020-01-29 15:13:03.056000-05:00,2020-01-29 15:14:00-05:00,-0.039340087775541,-3.6175523640658014e-05,0.5454545454545454,1.083447337074281,-0.8103384861269675,0.1288585636212747,2.0590172669480213,1.924256058743745,False,False,False,True,0.7232226805777476,0.05695558336279371,1.0059637611617065,ZT
20200129_a19,20200129,2020-01-29,19,additional_2018_2022,contaminated_2016_2022,8.7,2020-01-29 15:14:32.456000-05:00,2020-01-29 15:15:00-05:00,0.0439932455577923,-3.6175523640658014e-05,0.5135135135135135,1.457367324674682,-0.157170485680036,-0.361252759116985,1.4326035069563428,1.429232986584733,False,False,False,True,0.36159172682137963,0.06522536429097416,0.7749993857426447,ZT
20200129_a20,20200129,2020-01-29,20,additional_2018_2022,contaminated_2016_2022,8.7,2020-01-29 15:16:13.736000-05:00,2020-01-29 15:17:00-05:00,0.0439932455577923,-3.6175523640658014e-05,0.5853658536585366,0.2246621189338408,-0.8996233640327688,0.1513032876207364,2.270565122012355,2.2414405696972346,False,False,False,True,0.36159172682137963,0.06522536429097416,1.0412016302693126,ZT
20200129_a21,20200129,2020-01-29,21,additional_2018_2022,contaminated_2016_2022,8.7,2020-01-29 15:18:45.856000-05:00,2020-01-29 15:19:00-05:00,-0.1098529082883615,-3.6175523640658014e-05,0.5432098765432098,-0.9607540543157828,-0.6702782428573961,0.1876729644419347,-0.6938472516301933,-0.6858242049477358,False,False,False,True,-1.0847751814076716,0.04995807642356411,-0.3792901111974985,ZT
20200129_a22,20200129,2020-01-29,22,additional_2018_2022,contaminated_2016_2022,8.7,2020-01-29 15:20:56.256000-05:00,2020-01-29 15:21:00-05:00,0.0439932455577923,-3.6175523640658014e-05,0.6172839506172839,-0.0456025148575521,-1.3379897918243893,1.2165189821984108,0.0620521243071516,0.0525748152369561,False,False,False,True,0.0,0.06522536429097416,0.05098836151541698,ZT
20200129_a23,20200129,2020-01-29,23,additional_2018_2022,contaminated_2016_2022,8.7,2020-01-29 15:22:31.086000-05:00,2020-01-29 15:23:00-05:00,0.0439932455577923,-3.6175523640658014e-05,0.5102040816326531,1.5513038010678686,-0.1981076763190281,0.3445248404785381,1.4075240081129667,1.3599220671902457,False,False,False,True,0.36159172682137963,0.06522536429097416,0.7717104109844051,ZT
20200129_a24,20200129,2020-01-29,24,additional_2018_2022,contaminated_2016_2022,8.7,2020-01-29 15:24:47.886000-05:00,2020-01-29 15:25:00-05:00,-0.0810067544422077,-3.6175523640658014e-05,0.5076923076923077,-0.3892108344655731,-1.4077706037252082,0.7648400945968881,-1.6436432569442838,-1.5814084359462215,False,False,False,True,-0.36160480215075447,0.05282069289870349,-0.7442560170926346,ZT
20200429_a00,20200429,2020-04-29,0,additional_2018_2022,contaminated_2016_2022,8.8,2020-04-29 14:39:28.386000-04:00,2020-04-29 14:40:00-04:00,0.440327765358271,-7.089684509042904e-05,0.5576923076923077,1.548528458843648,-0.9610565606193232,0.4051463641333612,1.8786734046319375,1.7963250519866296,False,False,False,True,0.35450307535046566,0.10455656012728079,1.0395547762178738,ZT
20200429_a01,20200429,2020-04-29,1,additional_2018_2022,contaminated_2016_2022,8.8,2020-04-29 14:41:54.836000-04:00,2020-04-29 14:42:00-04:00,0.1326354576659633,-7.089684509042904e-05,0.5454545454545454,0.0424436969635213,-1.5648008750478768,0.0921256134091244,0.0286505608754083,0.0730917803116048,False,False,False,True,0.0,0.07402198439246069,0.05733563743728616,ZT
20200429_a02,20200429,2020-04-29,2,additional_2018_2022,contaminated_2016_2022,8.8,2020-04-29 14:44:58.385999999-04:00,2020-04-29 14:45:00-04:00,0.3199264275656289,-7.089684509042904e-05,0.6021505376344086,-1.7459019561133804,-1.217573241342034,0.536401986190399,-1.0483751969720505,-1.015657886220397,False,False,False,True,-0.35447794264760674,0.09260824788322075,-0.5323317559865035,ZT
20200429_a03,20200429,2020-04-29,3,additional_2018_2022,contaminated_2016_2022,8.8,2020-04-29 14:50:11.496000-04:00,2020-04-29 14:51:00-04:00,0.2095585345890403,-7.089684509042904e-05,0.6035502958579881,-1.1549601926249349,-1.762372820293348,0.4775060649306917,-0.7273727117262601,-0.7225760577686963,False,False,False,True,-0.35447794264760674,0.08165562832616571,-0.3603045285777012,ZT
20200429_a04,20200429,2020-04-29,4,additional_2018_2022,contaminated_2016_2022,8.8,2020-04-29 14:53:58.076000-04:00,2020-04-29 14:54:00-04:00,0.3634046884351941,-7.089684509042904e-05,0.5813953488372093,0.4080907616000294,-1.1470584772448331,0.6913786041778657,-0.0859369504305228,-0.0848217797318118,False,False,False,True,0.0,0.09692291619357575,0.07293778899318541,ZT
20200429_a05,20200429,2020-04-29,5,additional_2018_2022,contaminated_2016_2022,8.8,2020-04-29 14:57:26.245999999-04:00,2020-04-29 14:58:00-04:00,0.3234046884351941,-7.089684509042904e-05,0.5847457627118644,-0.4334559995298878,-1.2027141802160268,0.5358237012390803,-0.7085557347158516,-0.6424616289206008,False,False,False,True,-0.35445281350629004,0.09295342134804915,-0.27520227038104134,ZT
20200429_a06,20200429,2020-04-29,6,additional_2018_2022,contaminated_2016_2022,8.8,2020-04-29 15:00:00.786000-04:00,2020-04-29 15:01:00-04:00,0.2864816115121172,-7.089684509042904e-05,0.6447368421052632,0.9749621188162984,-1.989305265240051,1.2553905405924537,1.568118464403077,1.5340648666915964,False,False,False,True,0.3544653776318251,0.08928927225987074,0.8324966592647521,ZT
20200429_a07,20200429,2020-04-29,7,additional_2018_2022,contaminated_2016_2022,8.8,2020-04-29 15:02:32.065999999-04:00,2020-04-29 15:03:00-04:00,0.4259046884351941,-7.089684509042904e-05,0.5675675675675675,0.9493107080873646,-0.7922988146542436,0.6172732583652216,2.0011508714165527,1.952243096564912,False,False,False,True,0.3544653776318251,0.10312525188971108,1.0418560779746933,ZT
20200429_a08,20200429,2020-04-29,8,additional_2018_2022,contaminated_2016_2022,8.8,2020-04-29 15:04:20.726000-04:00,2020-04-29 15:05:00-04:00,0.1634046884351941,-7.089684509042904e-05,0.5416666666666666,-0.0103846517869378,-1.2508870438537327,1.3087031840105363,0.6763730075836852,0.741853664015867,False,False,False,True,0.0,0.0770754419659427,0.34169522987824824,ZT
20200429_a09,20200429,2020-04-29,9,additional_2018_2022,contaminated_2016_2022,8.8,2020-04-29 15:06:34.106000-04:00,2020-04-29 15:07:00-04:00,0.1326354576659633,-7.089684509042904e-05,0.6461538461538462,1.2215805726367288,-2.412071130260468,0.7091995314678007,0.9954965658226852,0.9837780312738752,False,False,False,True,0.3544653776318251,0.07402198439246069,0.5778336905052294,ZT
20200429_a11,20200429,2020-04-29,11,additional_2018_2022,contaminated_2016_2022,8.8,2020-04-29 15:09:11.616000-04:00,2020-04-29 15:10:00-04:00,0.3078491328796385,-7.089684509042904e-05,0.5853658536585366,1.042088496774336,-0.7874336746016815,-0.4625515968352883,2.143509825220708,2.0851089498730806,False,False,False,True,0.3544528135055745,0.09140972890812213,1.0935293382905653,ZT
20200429_a12,20200429,2020-04-29,12,additional_2018_2022,contaminated_2016_2022,8.8,2020-04-29 15:12:57.886000-04:00,2020-04-29 15:13:00-04:00,0.0590568623482376,-7.089684509042904e-05,0.5304347826086957,0.2889451711573084,-0.7660229515648884,0.6901789484415267,0.1881986534499033,0.2382694853131843,False,False,False,True,0.0,0.06672023802109067,0.1360584417579635,ZT
20200429_a13,20200429,2020-04-29,13,additional_2018_2022,contaminated_2016_2022,8.8,2020-04-29 15:16:18.686000-04:00,2020-04-29 15:17:00-04:00,0.2522935773240831,-7.089684509042904e-05,0.6630434782608695,-0.0017289444541818,-1.7844299228168752,0.952728035605224,0.1716805443800607,0.1723700044623823,False,False,False,True,0.0,0.08589654162266852,0.13499083926106853,ZT
20200429_a14,20200429,2020-04-29,14,additional_2018_2022,contaminated_2016_2022,8.8,2020-04-29 15:18:37.166000-04:00,2020-04-29 15:19:00-04:00,0.0856269106574163,-7.089684509042904e-05,0.5714285714285714,-0.2582940996214121,-1.9544752656622304,1.2547049910919448,0.4436510863583578,0.4702691760688993,False,False,False,True,0.0,0.06935697976630761,0.2072756838346222,ZT
20200610_a00,20200610,2020-06-10,0,additional_2018_2022,contaminated_2016_2022,9.1,2020-06-10 14:44:31.026000-04:00,2020-06-10 14:45:00-04:00,0.0823369321317021,0.0002124194576222,0.5851063829787234,-0.1778112284521663,-1.532921960178027,1.74732729177458,-0.1901045338356017,-0.1306090481569725,False,True,False,True,0.0,0.06903049094631472,-0.06442603016859123,ZT
20200610_a01,20200610,2020-06-10,1,additional_2018_2022,contaminated_2016_2022,9.1,2020-06-10 14:47:22.886000-04:00,2020-06-10 14:48:00-04:00,0.1618823866771566,0.0002124194576222,0.5227272727272727,1.034901542223295,-1.742828559941095,1.3085950940678766,0.1411673320801285,0.076046525592426,False,True,False,True,0.0,0.07692437274139605,0.19259147011133093,ZT
20200610_a02,20200610,2020-06-10,2,additional_2018_2022,contaminated_2016_2022,9.1,2020-06-10 14:49:42.885999999-04:00,2020-06-10 14:50:00-04:00,-0.2212344964397264,0.0002124194576222,0.5636363636363636,0.2819965049447185,-0.948529907825968,2.409951620893944,-0.0769464284865948,-0.0885511098656306,False,True,False,True,0.0,0.038904860422228835,-0.02426365864551397,ZT
20200610_a03,20200610,2020-06-10,3,additional_2018_2022,contaminated_2016_2022,9.1,2020-06-10 14:52:26.206000-04:00,2020-06-10 14:53:00-04:00,0.2073369321317021,0.0002124194576222,0.5747126436781609,0.5046757312960104,-0.4791392576052676,1.6104448762475525,1.1572008881151137,1.1047273012349703,False,True,False,True,0.3539384501404293,0.08143516233858539,0.6015192741906508,ZT
20200610_a04,20200610,2020-06-10,4,additional_2018_2022,contaminated_2016_2022,9.1,2020-06-10 14:55:54.956000-04:00,2020-06-10 14:56:00-04:00,0.0473369321317021,0.0002124194576222,0.5353535353535354,0.3268282464550301,-1.3562484192831916,1.7515192176891807,-0.1698612663047706,-0.1878696351895376,False,True,False,True,0.0,0.06555718295647894,-0.019601757756200974,ZT
20200610_a05,20200610,2020-06-10,5,additional_2018_2022,contaminated_2016_2022,9.1,2020-06-10 14:59:24.826000-04:00,2020-06-10 15:00:00-04:00,0.096225821020591,0.0002124194576222,0.5346534653465347,0.5239036777472301,-1.2792376325076145,1.2700291396355936,0.3928253791236666,0.3736655294342453,False,True,False,True,0.3539509778266554,0.07040878776767813,0.2507940018292063,ZT
20200610_a06,20200610,2020-06-10,6,additional_2018_2022,contaminated_2016_2022,9.1,2020-06-10 15:00:54.476000-04:00,2020-06-10 15:01:00-04:00,0.2073369321317021,0.0002124194576222,0.5714285714285714,0.1256524073484436,-1.0773396985624455,0.9541614205412512,-0.1420947073762002,-0.2044833623805811,False,True,False,True,0.0,0.08143516233858539,0.0009197481399687707,ZT
20200610_a07,20200610,2020-06-10,7,additional_2018_2022,contaminated_2016_2022,9.1,2020-06-10 15:04:25.645999999-04:00,2020-06-10 15:05:00-04:00,0.2073369321317021,0.0002124194576222,0.656,0.250598862228603,-0.759740411729974,1.356181665226634,0.0664908601654007,0.0536351927459394,False,True,False,True,0.0,0.08143516233858539,0.10259540385182049,ZT
20200610_a08,20200610,2020-06-10,8,additional_2018_2022,contaminated_2016_2022,9.1,2020-06-10 15:10:14.546000-04:00,2020-06-10 15:11:00-04:00,0.0359083607031307,0.0002124194576222,0.5875,-1.4509151320813432,-0.858871997732725,0.9069488722144728,-0.952837708549396,-0.933760322238916,False,True,False,True,-0.3539635063995772,0.06442304157204276,-0.5103735647488543,ZT
20200610_a09,20200610,2020-06-10,9,additional_2018_2022,contaminated_2016_2022,9.1,2020-06-10 15:12:14.075999999-04:00,2020-06-10 15:13:00-04:00,0.2787655035602736,0.0002124194576222,0.5396825396825397,1.4153598097904443,-1.771192187748264,2.21703487832049,1.0304014480342534,1.0095092590554215,False,True,False,True,0.3539635063987924,0.08852354599131149,0.6317214123325845,ZT
20200610_a10,20200610,2020-06-10,10,additional_2018_2022,contaminated_2016_2022,9.1,2020-06-10 15:16:35.596000-04:00,2020-06-10 15:17:00-04:00,0.0004403804075641,0.0002124194576222,0.5,0.2929625189948325,-1.726512646137647,1.858941611544364,-0.3167676385868099,-0.2947080087286765,False,True,False,True,0.0,0.06090329244793049,-0.09405557670717843,ZT
20200610_a11,20200610,2020-06-10,11,additional_2018_2022,contaminated_2016_2022,9.1,2020-06-10 15:18:58.766000-04:00,2020-06-10 15:19:00-04:00,0.0534907782855482,0.0002124194576222,0.5932203389830508,-0.4370139864033323,-0.7105320695383035,2.011470932017416,-0.4509019312659737,-0.5300349078177166,False,True,False,True,0.0,0.06616787447117534,-0.2044783622219463,ZT
20200610_a12,20200610,2020-06-10,12,additional_2018_2022,contaminated_2016_2022,9.1,2020-06-10 15:21:06.396000-04:00,2020-06-10 15:22:00-04:00,0.0740035987983688,0.0002124194576222,0.6338028169014085,0.3263491839129867,-1.3962651717956232,0.7383604383573397,-0.332772669871373,-0.358215089796408,False,True,False,True,0.0,0.06820351285349668,-0.08690768059691721,ZT
20200610_a13,20200610,2020-06-10,13,additional_2018_2022,contaminated_2016_2022,9.1,2020-06-10 15:24:24.475999999-04:00,2020-06-10 15:25:00-04:00,-0.2301630678682978,0.0002124194576222,0.5565217391304348,0.1452412315305447,-1.047035115314889,1.389481132752228,-0.1376466108549982,-0.1635617853957674,False,True,False,True,0.0,0.03801881246563808,-0.06347252814316733,ZT
20200610_a14,20200610,2020-06-10,14,additional_2018_2022,contaminated_2016_2022,9.1,2020-06-10 15:28:39.696000-04:00,2020-06-10 15:29:00-04:00,0.1216226464174164,0.0002124194576222,0.6015625,-0.8369726149499024,-1.8774265327898787,1.1109632413021835,-1.7414306368329118,-1.6758649493090838,False,True,False,True,-0.3539760358597874,0.07292910195531407,-0.792370479075782,ZT
20200916_a00,20200916,2020-09-16,0,additional_2018_2022,contaminated_2016_2022,8.6,2020-09-16 14:43:15.155999999-04:00,2020-09-16 14:44:00-04:00,0.0511859928424943,0.0,0.5238095238095238,-0.3213066625464989,-0.2169163465661527,0.4003853136843957,0.6172559553705658,0.543872049373361,False,False,False,True,0.0,0.06593915362276916,0.2728542611795371,ZT
20200916_a01,20200916,2020-09-16,1,additional_2018_2022,contaminated_2016_2022,8.6,2020-09-16 14:44:39.306000-04:00,2020-09-16 14:45:00-04:00,0.2178526595091609,0.0,0.6041666666666666,1.0822190403112764,-0.0675162323509293,0.7321650839882823,-0.5601057778329496,-0.5227366561296977,False,False,False,True,0.0,0.08247871547913002,-0.10222112421274071,ZT
20200916_a02,20200916,2020-09-16,2,additional_2018_2022,contaminated_2016_2022,8.6,2020-09-16 14:46:54.495999999-04:00,2020-09-16 14:47:00-04:00,0.2178526595091609,0.0,0.4107142857142857,-1.0651387586565615,-0.8657920736822078,0.6384563609046247,-0.1638552848526424,-0.1699093955256908,False,False,False,True,0.0,0.08247871547913002,-0.10464565129551154,ZT
20200916_a03,20200916,2020-09-16,3,additional_2018_2022,contaminated_2016_2022,8.6,2020-09-16 14:47:43.246000-04:00,2020-09-16 14:48:00-04:00,0.2178526595091609,0.0,0.6785714285714286,-1.1067747646158397,-0.8893403806372736,1.721313043452093,0.1876717412361927,0.2048455379416065,False,False,False,True,0.0,0.08247871547913002,0.046022990491038786,ZT
20200916_a04,20200916,2020-09-16,4,additional_2018_2022,contaminated_2016_2022,8.6,2020-09-16 14:49:35.276000-04:00,2020-09-16 14:50:00-04:00,0.12694356860007,0.0,0.4390243902439024,0.4412336826870358,-0.7484067802770281,0.2244503611304114,0.3628782434430689,0.2777977473758831,False,False,False,True,0.0,0.07345713628475137,0.23565818746360384,ZT
20200916_a05,20200916,2020-09-16,5,additional_2018_2022,contaminated_2016_2022,8.6,2020-09-16 14:51:00.016000-04:00,2020-09-16 14:52:00-04:00,0.0511859928424942,0.0,0.6818181818181818,0.5303986307887438,-0.6883928210291529,-0.0117927439576514,0.2759064815889402,0.335822813759039,False,False,False,True,0.0,0.06593915362276914,0.1930829352836664,ZT
20200916_a06,20200916,2020-09-16,6,additional_2018_2022,contaminated_2016_2022,8.6,2020-09-16 14:53:43.696000-04:00,2020-09-16 14:54:00-04:00,0.3354997183326904,0.0,0.5652173913043478,0.452700715452297,-0.3695599713972355,0.2226995882587997,1.1011239666393902,1.1483754798953976,False,False,False,True,0.353688082517155,0.09415370031891418,0.5925817699577943,ZT
20200916_a07,20200916,2020-09-16,7,additional_2018_2022,contaminated_2016_2022,8.6,2020-09-16 14:54:58.956000-04:00,2020-09-16 14:55:00-04:00,-0.282147340490839,0.0,0.6363636363636364,-0.4483038121300707,-1.4767367560765778,1.148131270497648,0.4047313822237106,0.3564578801844085,False,False,False,True,0.0,0.032860029910047384,0.11751354565973283,ZT
20200916_a08,20200916,2020-09-16,8,additional_2018_2022,contaminated_2016_2022,8.6,2020-09-16 14:57:55.736000-04:00,2020-09-16 14:58:00-04:00,0.1761859928424942,0.0,0.6046511627906976,1.5567179525076558,-0.5755561516734659,0.4821852255235995,1.1929505493649997,1.1936135976616344,False,False,False,True,0.707338638666936,0.07834382501503981,0.6986323542460082,ZT
20200916_a09,20200916,2020-09-16,9,additional_2018_2022,contaminated_2016_2022,8.6,2020-09-16 15:01:16.845999999-04:00,2020-09-16 15:02:00-04:00,0.0413820712738668,0.0,0.5957446808510638,-0.3423863301541224,-0.4773150796538034,1.396110079845995,-0.3627116075094277,-0.3061358729168948,False,False,False,True,0.0,0.0649662382194538,-0.15994218925119613,ZT
20200916_a10,20200916,2020-09-16,10,additional_2018_2022,contaminated_2016_2022,8.6,2020-09-16 15:03:57.046000-04:00,2020-09-16 15:04:00-04:00,0.1702336118901133,0.0,0.6020408163265306,-0.2744252586831964,-0.4762715569534178,1.65248689554408,0.3406759087580126,0.3102077066359441,False,False,False,True,0.0,0.07775312637731263,0.1739563949912628,ZT
20200916_a11,20200916,2020-09-16,11,additional_2018_2022,contaminated_2016_2022,8.6,2020-09-16 15:05:19.646000-04:00,2020-09-16 15:06:00-04:00,0.342852659509161,0.0,0.3829787234042553,-0.8349692680430192,-1.2251804743858588,0.3887213082952746,-0.4627307262846116,-0.4514101686529826,False,False,False,True,0.0,0.0948833868714007,-0.19735968216514832,ZT
20200916_a12,20200916,2020-09-16,12,additional_2018_2022,contaminated_2016_2022,8.6,2020-09-16 15:08:45.146000-04:00,2020-09-16 15:09:00-04:00,0.0178526595091609,0.0,0.5377358490566038,-1.1040904157342273,-0.8673184342961056,0.9231700895595074,-1.1465190960546263,-1.0237733014850448,False,False,False,True,-0.3536505579203371,0.06263124125149697,-0.5696292016982982,ZT
20200916_a13,20200916,2020-09-16,13,additional_2018_2022,contaminated_2016_2022,8.6,2020-09-16 15:13:23.656000-04:00,2020-09-16 15:14:00-04:00,0.2892812309377324,0.0,0.6016260162601627,0.0578674301850336,-0.4303727750324999,1.5811624795156394,-0.2828402205495602,-0.2133335030303856,False,False,False,True,0.0,0.08956709913185612,-0.05360503629180288,ZT
20200916_a14,20200916,2020-09-16,14,additional_2018_2022,contaminated_2016_2022,8.6,2020-09-16 15:14:16.856000-04:00,2020-09-16 15:15:00-04:00,0.3845193261758276,0.0,0.5333333333333333,-0.5648702865726034,-0.8457082527948672,1.7578704891774644,-0.0830612018880771,-0.0180296537943046,False,False,False,True,0.0,0.09901827733549091,-0.0023178415706266373,ZT
20200916_a15,20200916,2020-09-16,15,additional_2018_2022,contaminated_2016_2022,8.6,2020-09-16 15:16:56.046000-04:00,2020-09-16 15:17:00-04:00,-0.032147340490839,0.0,0.5633802816901409,0.8839485371557022,-0.3976048033396404,1.520713816816105,0.172032764439599,0.1367325507260454,False,False,False,True,0.0,0.057669372694588716,0.16360553373466463,ZT
20200916_a16,20200916,2020-09-16,16,additional_2018_2022,contaminated_2016_2022,8.6,2020-09-16 15:18:39.116000-04:00,2020-09-16 15:19:00-04:00,-0.2366927950362935,0.0,0.55,-0.9468503172073854,-1.0097637912103128,1.0190183600031586,-1.3779437229482925,-1.3237851796770046,False,False,False,True,-0.35366306523486357,0.037370819507236724,-0.6977065218430736,ZT
20200916_a17,20200916,2020-09-16,17,additional_2018_2022,contaminated_2016_2022,8.6,2020-09-16 15:20:29.846000-04:00,2020-09-16 15:21:00-04:00,0.1590291300973962,0.0,0.6060606060606061,-0.2200242202292077,-0.2004863532260276,0.366701836597074,-0.0863389411057119,-0.0440352651924068,False,False,False,True,0.0,0.07664122305923796,-0.01049378096650535,ZT
20200916_a18,20200916,2020-09-16,18,additional_2018_2022,contaminated_2016_2022,8.6,2020-09-16 15:23:25.976000-04:00,2020-09-16 15:24:00-04:00,0.0178526595091609,0.0,0.6261682242990654,-0.983562035126876,-0.6453429502386391,1.6006502574585113,-1.0814365138172792,-1.0489887107840363,False,False,False,True,-0.35366306523486357,0.06263124125149697,-0.5312169348920072,ZT
20200916_a19,20200916,2020-09-16,19,additional_2018_2022,contaminated_2016_2022,8.6,2020-09-16 15:24:50.556000-04:00,2020-09-16 15:25:00-04:00,-0.032147340490839,0.0,0.7346938775510204,0.7250515343470803,-0.7211101840627827,1.1973632818917388,0.1984672303838869,0.3453368265463399,False,False,False,True,0.0,0.057669372694588716,0.16216081612626387,ZT
20200916_a20,20200916,2020-09-16,20,additional_2018_2022,contaminated_2016_2022,8.6,2020-09-16 15:26:58.666000-04:00,2020-09-16 15:28:00-04:00,0.1678526595091609,0.0,0.5362318840579711,0.2388879131358994,0.040726690221783,0.7746412223021838,0.2527400553309458,0.247878751723524,False,False,False,True,0.0,0.07751684692222176,0.17714042700159202,ZT
20200916_a21,20200916,2020-09-16,21,additional_2018_2022,contaminated_2016_2022,8.6,2020-09-16 15:29:49.646000-04:00,2020-09-16 15:30:00-04:00,0.2734082150647166,0.0,0.6547619047619048,-0.2254589346608773,-0.519858485906028,1.5424329939551296,-0.4183907246591541,-0.3881204331233636,False,False,False,True,0.0,0.08799190276458367,-0.13872201363932965,ZT
20200916_a22,20200916,2020-09-16,22,additional_2018_2022,contaminated_2016_2022,8.6,2020-09-16 15:31:55.796000-04:00,2020-09-16 15:32:00-04:00,0.1590291300973962,0.0,0.6216216216216216,0.4607138768284268,-0.5792961105682222,0.9589468719669736,0.0565682754152545,0.0292087770886975,False,False,False,True,0.0,0.07664122305923796,0.10797551829277412,ZT
20200916_a23,20200916,2020-09-16,23,additional_2018_2022,contaminated_2016_2022,8.6,2020-09-16 15:34:17.216000-04:00,2020-09-16 15:35:00-04:00,-0.2169299491864912,0.0,0.6133333333333333,0.5475865008556883,-0.5046167265129784,1.1097408225519774,0.2805315999786924,0.2848937531365199,False,False,False,True,0.0,0.03933203237557991,0.15487853762049447,ZT
20201105_a00,20201105,2020-11-05,0,additional_2018_2022,contaminated_2016_2022,9.0,2020-11-05 14:42:34.695999999-05:00,2020-11-05 14:43:00-05:00,0.3370515647546972,3.537694130972824e-05,0.6142857142857143,0.7678136709338816,0.3636800276719446,0.3174687632102033,-0.15673958338503,-0.1647596258204995,False,False,False,True,0.0,0.09430770147824431,0.06731220998813331,ZT
20201105_a01,20201105,2020-11-05,1,additional_2018_2022,contaminated_2016_2022,9.0,2020-11-05 14:43:57.146000-05:00,2020-11-05 14:44:00-05:00,-0.1254484352453028,3.537694130972824e-05,0.7647058823529411,-1.3001688000663385,0.0560290714087427,0.2543070060270079,-1.4695805399540405,-1.4345420886323008,False,False,False,True,-0.35373812770147994,0.04841041732684286,-0.7495725487197569,ZT
20201105_a02,20201105,2020-11-05,2,additional_2018_2022,contaminated_2016_2022,9.0,2020-11-05 14:46:29.826000-05:00,2020-11-05 14:47:00-05:00,0.1207054109085433,3.537694130972824e-05,0.6388888888888888,-1.5187532341597023,0.0911739991752754,-0.3774195796559513,-1.7328553223278094,-1.701439449076635,False,False,False,True,-0.35373812770147994,0.07283807791469893,-0.844669046039512,ZT
20201105_a03,20201105,2020-11-05,3,additional_2018_2022,contaminated_2016_2022,9.0,2020-11-05 14:49:29.095999999-05:00,2020-11-05 14:50:00-05:00,0.163440453643586,3.537694130972824e-05,0.5777777777777777,-0.3372081075549315,1.1250278656608417,-0.3042279626067952,-0.6615002165726194,-0.6241034650289771,False,False,False,True,0.0,0.07707899121120172,-0.2715272391725864,ZT
20201105_a04,20201105,2020-11-05,4,additional_2018_2022,contaminated_2016_2022,9.0,2020-11-05 14:52:41.616000-05:00,2020-11-05 14:53:00-05:00,0.0437823339854664,3.537694130972824e-05,0.6770833333333334,-0.5218209682717472,0.1418043297690065,-0.3294514162475434,-1.443532382619933,-1.3637196422603453,False,False,False,True,-0.3537506412102692,0.0652044339809939,-0.6480369235259019,ZT
20201105_a05,20201105,2020-11-05,5,additional_2018_2022,contaminated_2016_2022,9.0,2020-11-05 14:53:42.035999999-05:00,2020-11-05 14:54:00-05:00,0.2745515647546972,3.537694130972824e-05,0.4444444444444444,-0.5251878611593644,-0.2478180193270723,0.2254630755815059,-1.1842153703872065,-1.1179244864974265,False,False,False,True,-0.3537506412102692,0.08810536578210898,-0.498806753737334,ZT
20201105_a06,20201105,2020-11-05,6,additional_2018_2022,contaminated_2016_2022,9.0,2020-11-05 14:58:07.536000-05:00,2020-11-05 14:59:00-05:00,0.2004774906806231,3.537694130972824e-05,0.5431034482758621,-0.9220367076229344,-0.7479416720178993,0.1198856470329278,-1.3180220109472405,-1.2906419078341662,False,False,False,True,-0.35376315560395327,0.08075444940150414,-0.6015089332393428,ZT
20201105_a07,20201105,2020-11-05,7,additional_2018_2022,contaminated_2016_2022,9.0,2020-11-05 14:59:29.565999999-05:00,2020-11-05 15:00:00-05:00,0.2745515647546972,3.537694130972824e-05,0.4285714285714285,0.5340660957888941,0.0816422510175856,-1.0931969814104396,1.0757378690966342,1.1144158590930937,False,False,False,True,0.3537631556049804,0.08810536578210898,0.5786614973152223,ZT
20201105_a08,20201105,2020-11-05,8,additional_2018_2022,contaminated_2016_2022,9.0,2020-11-05 15:00:52.525999999-05:00,2020-11-05 15:01:00-05:00,0.2745515647546972,3.537694130972824e-05,0.5897435897435898,0.8494451503897884,-0.3682054623238609,0.2432130884808804,-0.0824001005666446,-0.0909403625476383,False,False,False,True,0.0,0.08810536578210898,0.09688502898820434,ZT
20201105_a09,20201105,2020-11-05,9,additional_2018_2022,contaminated_2016_2022,9.0,2020-11-05 15:02:55.075999999-05:00,2020-11-05 15:03:00-05:00,0.1976284878316203,3.537694130972824e-05,0.5538461538461539,0.6143972810843444,0.6956452551564895,-0.0951190891996396,0.4339888509009501,0.4304485809582997,False,False,False,True,0.0,0.08047172184840395,0.29200760646896373,ZT
20201105_a10,20201105,2020-11-05,10,additional_2018_2022,contaminated_2016_2022,9.0,2020-11-05 15:05:29.446000-05:00,2020-11-05 15:06:00-05:00,0.1078848980880305,3.537694130972824e-05,0.6153846153846154,-0.5636243807169655,-0.2834813442286305,-0.3266923855946128,-0.1059846011241164,-0.087819187724526,False,False,False,True,0.0,0.0715658039257481,-0.055227925712282695,ZT
20201105_a11,20201105,2020-11-05,11,additional_2018_2022,contaminated_2016_2022,9.0,2020-11-05 15:06:54.816000-05:00,2020-11-05 15:07:00-05:00,0.2745515647546972,3.537694130972824e-05,0.7058823529411765,-0.3021212499250962,0.3471360515553706,-0.403039517496887,0.1651663639306239,0.1172192823896045,False,False,False,True,0.0,0.08810536578210898,0.1109563333218442,ZT
20201105_a12,20201105,2020-11-05,12,additional_2018_2022,contaminated_2016_2022,9.0,2020-11-05 15:08:30.573368421-05:00,2020-11-05 15:09:00-05:00,0.3578848980880306,3.537694130972824e-05,0.6938775510204082,-0.574717950888508,-0.53184011527121,-0.3173912402375233,0.0276090654796686,-0.0269017734125468,False,False,False,True,0.0,0.09637514671028943,0.04124752855638648,ZT
20201105_a13,20201105,2020-11-05,13,additional_2018_2022,contaminated_2016_2022,9.0,2020-11-05 15:10:45.036000-05:00,2020-11-05 15:11:00-05:00,0.3200061102092427,3.537694130972824e-05,0.56,0.5261151267497053,-0.9661811515153264,-0.0021385215473552,-0.3962927075518864,-0.3933900014061021,False,False,False,True,0.0,0.09261615537929832,-0.0601598596418184,ZT
20201105_a14,20201105,2020-11-05,14,additional_2018_2022,contaminated_2016_2022,9.0,2020-11-05 15:12:30.736000-05:00,2020-11-05 15:13:00-05:00,0.1634404536435861,3.537694130972824e-05,0.75,1.7766923732146993,-0.3323144109982232,0.015567853355434,-0.6919194062574735,-0.6690004609289965,False,False,False,True,0.0,0.07707899121120174,-0.11149337878007701,ZT
20201105_a15,20201105,2020-11-05,15,additional_2018_2022,contaminated_2016_2022,9.0,2020-11-05 15:14:40.076000-05:00,2020-11-05 15:15:00-05:00,0.0745515647546972,3.537694130972824e-05,0.5909090909090909,-0.4492895143866269,-1.0797608822770848,-1.1962210586502462,-0.2934874567465145,-0.2828419469172589,False,False,False,True,0.0,0.06825789155447592,-0.13321533237359992,ZT
20201105_a16,20201105,2020-11-05,16,additional_2018_2022,contaminated_2016_2022,9.0,2020-11-05 15:17:03.926000-05:00,2020-11-05 15:18:00-05:00,0.2745515647546972,3.537694130972824e-05,0.5245901639344263,-0.4456369809889414,-0.6383360705657254,-0.0776577664318158,-0.3124108212823536,-0.3064989904434592,False,False,False,True,0.0,0.08810536578210898,-0.11014818923372029,ZT
20201105_a17,20201105,2020-11-05,17,additional_2018_2022,contaminated_2016_2022,9.0,2020-11-05 15:19:09.016000-05:00,2020-11-05 15:20:00-05:00,0.1569045059311677,3.537694130972824e-05,0.6486486486486487,-0.4457138815744541,0.3316859397200569,0.1173562391113175,-0.673812617823852,-0.5872271702290434,False,False,False,True,0.0,0.07643038094232482,-0.286838072188978,ZT
20201216_a00,20201216,2020-12-16,0,additional_2018_2022,contaminated_2016_2022,8.7,2020-12-16 14:43:10.246000-05:00,2020-12-16 14:44:00-05:00,0.2030435317233722,-3.536067892506711e-05,0.58,0.2336038228291219,0.1993869129809311,-1.0715388550316574,0.3506662181190443,0.374508922572625,False,False,False,True,0.0,0.08100909656881919,0.22509614547131396,ZT
20201216_a01,20201216,2020-12-16,1,additional_2018_2022,contaminated_2016_2022,8.7,2020-12-16 14:45:57.456000-05:00,2020-12-16 14:46:00-05:00,0.0830435317233722,-3.536067892506711e-05,0.6310679611650486,0.6221121172816059,0.0996419257833455,-1.3061289470899469,0.792449192611251,0.7507056301044895,False,False,False,True,0.0,0.06910061203223937,0.43196641504051336,ZT
20201216_a02,20201216,2020-12-16,2,additional_2018_2022,contaminated_2016_2022,8.7,2020-12-16 14:47:43.975999999-05:00,2020-12-16 14:48:00-05:00,0.1030435317233722,-3.536067892506711e-05,0.5526315789473685,2.140923215535496,0.1601351560791141,-1.0278805844902963,1.6184562853098925,1.5903390217560158,False,False,False,True,0.35361304128659937,0.07108535945500268,0.9216950797061422,ZT
20201216_a04,20201216,2020-12-16,4,additional_2018_2022,contaminated_2016_2022,8.7,2020-12-16 14:49:54.166000-05:00,2020-12-16 14:50:00-05:00,0.2030435317233722,-3.536067892506711e-05,0.4705882352941176,-0.2529130370030122,0.4461244780603003,-0.5927733060946078,-1.1845762810810716,-1.0674142018416488,False,False,False,True,-0.35361304128612586,0.08100909656881919,-0.48774084696324527,ZT
20201216_a05,20201216,2020-12-16,5,additional_2018_2022,contaminated_2016_2022,8.7,2020-12-16 14:53:44.286000-05:00,2020-12-16 14:54:00-05:00,0.2799666086464492,-3.536067892506711e-05,0.5692307692307692,1.8614059791712825,-0.063696386106106,-1.4535655738591742,1.5556915564852074,1.5439089872459402,False,False,False,True,0.35361304128659937,0.08864274050252423,0.8987377175232554,ZT
20201216_a06,20201216,2020-12-16,6,additional_2018_2022,contaminated_2016_2022,8.7,2020-12-16 14:55:31.146000-05:00,2020-12-16 14:56:00-05:00,0.2030435317233722,-3.536067892506711e-05,0.5769230769230769,0.437013035080083,0.2458768126954537,-0.8661035027627233,0.8052563199471844,0.7742952707372223,False,False,False,True,0.0,0.08100909656881919,0.4410368837529147,ZT
20201216_a07,20201216,2020-12-16,7,additional_2018_2022,contaminated_2016_2022,8.7,2020-12-16 14:58:02.846000-05:00,2020-12-16 14:59:00-05:00,0.1575889862688268,-3.536067892506711e-05,0.5697674418604651,-0.4730526793999173,-0.9007453001978314,-1.1921574247914413,-0.711275579061557,-0.716582623706555,False,False,False,True,-0.3536005375100679,0.07649830697162988,-0.30539488186652275,ZT
20201216_a08,20201216,2020-12-16,8,additional_2018_2022,contaminated_2016_2022,8.7,2020-12-16 15:01:39.716000-05:00,2020-12-16 15:02:00-05:00,-0.0277256990458585,-3.536067892506711e-05,0.5689655172413793,0.1995244431293747,0.0495573741412475,-0.9247730578155494,0.7854661909194857,0.8274476935658619,False,False,False,True,0.0,0.05810816476770414,0.3770442203892731,ZT
20201216_a09,20201216,2020-12-16,9,additional_2018_2022,contaminated_2016_2022,8.7,2020-12-16 15:02:21.186000-05:00,2020-12-16 15:03:00-05:00,0.2030435317233722,-3.536067892506711e-05,0.68,2.0901945495529786,0.1131353244231076,-1.034263252952232,0.2627177283018924,0.3408180113725382,False,False,False,True,0.0,0.08100909656881919,0.33881068263070235,ZT
20201216_a10,20201216,2020-12-16,10,additional_2018_2022,contaminated_2016_2022,8.7,2020-12-16 15:07:15.806000-05:00,2020-12-16 15:08:00-05:00,0.1792340079138484,-3.536067892506711e-05,0.5617283950617284,0.5745607616778132,0.093028047490017,-1.3413609240000572,0.2935658413817676,0.2636032434174594,False,False,False,True,0.0,0.07864630201791051,0.22433261261927803,ZT
20201216_a11,20201216,2020-12-16,11,additional_2018_2022,contaminated_2016_2022,8.7,2020-12-16 15:10:43.646000-05:00,2020-12-16 15:11:00-05:00,0.0666798953597359,-3.536067892506711e-05,0.5137614678899083,-0.1257784510765903,0.0479150408334101,-1.668859297867748,-0.756111934457454,-0.6841054902549194,False,False,False,True,-0.3536005375100679,0.06747672777725121,-0.31068597462024067,ZT
20201216_a12,20201216,2020-12-16,12,additional_2018_2022,contaminated_2016_2022,8.7,2020-12-16 15:14:10.845999999-05:00,2020-12-16 15:15:00-05:00,0.0291304882451113,-3.536067892506711e-05,0.5925925925925926,0.5254840296636754,-0.0431086487398097,-1.2352948027714197,0.4624600796520988,0.3883537991915045,False,False,False,True,0.0,0.06375042332739915,0.2710256532112627,ZT
20201216_a13,20201216,2020-12-16,13,additional_2018_2022,contaminated_2016_2022,8.7,2020-12-16 15:16:56.576000-05:00,2020-12-16 15:17:00-05:00,0.4252657539455944,-3.536067892506711e-05,0.5,-0.2803820803302036,0.6215754350737759,-2.0634393150314985,0.3438808591511941,0.3001339509193158,False,False,False,True,0.0,0.1030618457106337,0.21448194835528178,ZT
20201216_a16,20201216,2020-12-16,16,additional_2018_2022,contaminated_2016_2022,8.7,2020-12-16 15:18:56.226000-05:00,2020-12-16 15:19:00-05:00,-0.011242182562342,-3.536067892506711e-05,0.6851851851851852,0.2798082375184855,-1.0144019798188595,-0.7835691912814307,0.4445287776752096,0.4643727431082919,False,False,False,True,0.0,0.05974394561064093,0.23674697052963217,ZT
20201216_a17,20201216,2020-12-16,17,additional_2018_2022,contaminated_2016_2022,8.7,2020-12-16 15:20:16.965999999-05:00,2020-12-16 15:21:00-05:00,-0.2969564682766277,-3.536067892506711e-05,0.4137931034482758,0.7815599679936319,0.3811761614058915,-1.0412683445647262,1.4805244604807752,1.3597440269785406,False,False,False,True,0.3536005375088675,0.031390410999736565,0.6876261505599828,ZT
20201216_a18,20201216,2020-12-16,18,additional_2018_2022,contaminated_2016_2022,8.7,2020-12-16 15:21:29.265999999-05:00,2020-12-16 15:22:00-05:00,0.0780435317233722,-3.536067892506711e-05,0.4333333333333333,0.9368885247514788,0.238248848625288,-1.5092217047009129,1.7040347174735484,1.7866352925111222,False,False,False,True,0.3536005375088675,0.06860442517654854,0.8565770068509357,ZT
20201216_a19,20201216,2020-12-16,19,additional_2018_2022,contaminated_2016_2022,8.7,2020-12-16 15:25:10.696000-05:00,2020-12-16 15:26:00-05:00,0.0363768650567055,-3.536067892506711e-05,0.5826771653543307,0.8236315786323469,-0.0476516311510242,-0.8883464902961353,1.779356934624903,1.7877856151896874,False,False,False,True,0.3536005375088675,0.06446953471245831,0.8738328385002528,ZT
20201216_a20,20201216,2020-12-16,20,additional_2018_2022,contaminated_2016_2022,8.7,2020-12-16 15:27:29.806000-05:00,2020-12-16 15:28:00-05:00,-0.0277256990458585,-3.536067892506711e-05,0.6142857142857143,0.385964334026935,-0.0986318683862597,-1.355608811546501,0.0456884049487708,0.0237219899952527,False,False,False,True,0.0,0.05810816476770414,0.0680710896505948,ZT
20201216_a21,20201216,2020-12-16,21,additional_2018_2022,contaminated_2016_2022,8.7,2020-12-16 15:28:26.356000-05:00,2020-12-16 15:29:00-05:00,-0.2969564682766277,-3.536067892506711e-05,0.64,-1.235541198445935,-1.2309859537414412,-0.813908099323544,-0.8558944120757194,-0.8664772190719123,False,False,False,True,-0.3536005375100679,0.031390410999736565,-0.5019149015359939,ZT
20210127_a00,20210127,2021-01-27,0,additional_2018_2022,contaminated_2016_2022,8.9,2021-01-27 14:41:37.475999999-05:00,2021-01-27 14:42:00-05:00,0.3097118349131554,3.535442814217582e-05,0.5737704918032787,-1.93228689836322,0.5150324642742186,0.0764285327752323,-1.2425231422048315,-1.2039080364792258,False,False,False,True,-0.3535380318909852,0.09159457856114206,-0.6343042245756244,ZT
20210127_a01,20210127,2021-01-27,1,additional_2018_2022,contaminated_2016_2022,8.9,2021-01-27 14:43:33.926000-05:00,2021-01-27 14:44:00-05:00,0.1366349118362324,3.535442814217582e-05,0.6862745098039216,-1.4823417377191834,0.8473480260453721,-0.7146373095711565,-1.5640713767235883,-1.5225166905326235,False,False,False,True,-0.3535380318909852,0.07441887971030575,-0.7652264591423535,ZT
20210127_a02,20210127,2021-01-27,2,additional_2018_2022,contaminated_2016_2022,8.9,2021-01-27 14:47:34.096000-05:00,2021-01-27 14:48:00-05:00,0.2384867636880842,3.535442814217582e-05,0.5766423357664233,-0.6537942862432813,0.0473234002902918,-0.6157884928034444,-0.1875287053313762,-0.1312890738183706,False,False,False,True,0.0,0.08452638973363741,-0.07808201391036484,ZT
20210127_a03,20210127,2021-01-27,3,additional_2018_2022,contaminated_2016_2022,8.9,2021-01-27 14:49:06.346000-05:00,2021-01-27 14:50:00-05:00,0.2048167300180505,3.535442814217582e-05,0.6428571428571429,0.1981427198402973,1.078484721800096,-0.6439557324965397,1.270756810514615,1.278333612566363,False,False,False,True,0.3535380318911105,0.08118506410608975,0.6257626410223396,ZT
20210127_a04,20210127,2021-01-27,4,additional_2018_2022,contaminated_2016_2022,8.9,2021-01-27 14:52:24.786000-05:00,2021-01-27 14:53:00-05:00,0.1107728428707151,3.535442814217582e-05,0.6283185840707964,-0.3384389135536884,0.9211375302528888,-0.7129070694180764,-0.0334511200081171,0.0510824624022381,False,False,False,True,0.0,0.07185239597397389,-0.00451796462974189,ZT
20210127_a05,20210127,2021-01-27,5,additional_2018_2022,contaminated_2016_2022,8.9,2021-01-27 14:55:30.385999999-05:00,2021-01-27 14:56:00-05:00,0.0229985481998687,3.535442814217582e-05,0.5353535353535354,-1.51015708248996,1.711152670763054,-0.7735671425271945,-1.3657793363746158,-1.3066833003357952,False,False,False,True,-0.3535380318909852,0.06314190571733243,-0.6982401473440737,ZT
20210127_a06,20210127,2021-01-27,6,additional_2018_2022,contaminated_2016_2022,8.9,2021-01-27 14:56:20.256000-05:00,2021-01-27 14:57:00-05:00,-0.3633650881637676,3.535442814217582e-05,0.5,-1.0371918965009677,1.5482387225872445,-1.6310767728334847,-1.494532166645712,-1.5292031478105557,False,False,False,True,-0.3535380318909852,0.024800194141223107,-0.7758930126709814,ZT
20210127_a07,20210127,2021-01-27,7,additional_2018_2022,contaminated_2016_2022,8.9,2021-01-27 14:59:03.776000-05:00,2021-01-27 15:00:00-05:00,0.3866349118362324,3.535442814217582e-05,0.6333333333333333,-0.3755032522766383,0.6287753546903898,-0.7444386870995158,0.874371923439358,0.8484569203314444,False,False,False,True,0.3535380318911105,0.09922822249484708,0.4332088588000498,ZT
20210127_a08,20210127,2021-01-27,8,additional_2018_2022,contaminated_2016_2022,8.9,2021-01-27 15:00:22.096000-05:00,2021-01-27 15:01:00-05:00,0.1991349118362324,3.535442814217582e-05,0.7450980392156863,-0.3510300097053803,0.1053678761323457,-0.4315929382383873,0.1547767456590304,0.2017023776836899,False,False,False,True,0.0,0.0806212154064411,0.09067811086548197,ZT
20210127_a09,20210127,2021-01-27,9,additional_2018_2022,contaminated_2016_2022,8.9,2021-01-27 15:02:51.846000-05:00,2021-01-27 15:03:00-05:00,0.053301578502899,3.535442814217582e-05,0.620253164556962,-0.1633452351676071,0.7274423059837887,-0.951515848580766,-0.0898777279626489,-0.0532509271814701,False,False,False,True,0.0,0.06614909878212531,-0.02381715116752528,ZT
20210127_a10,20210127,2021-01-27,10,additional_2018_2022,contaminated_2016_2022,8.9,2021-01-27 15:05:36.675999999-05:00,2021-01-27 15:06:00-05:00,0.1761085960467587,3.535442814217582e-05,0.6296296296296297,-1.1258165706905352,0.1004168085090605,-0.5038732650577893,-0.0973994035476453,-0.1430215258482868,False,False,False,True,0.0,0.07833614436049649,-0.08697600939887513,ZT
20210127_a11,20210127,2021-01-27,11,additional_2018_2022,contaminated_2016_2022,8.9,2021-01-27 15:06:46.236000-05:00,2021-01-27 15:07:00-05:00,0.2199682451695657,3.535442814217582e-05,0.5517241379310345,-0.9938655110812256,0.1748397269733506,-1.8515324549638263,0.401389720876537,0.4106736400746449,False,False,False,True,0.0,0.0826886606384862,0.14928968069783685,ZT
20210127_a12,20210127,2021-01-27,12,additional_2018_2022,contaminated_2016_2022,8.9,2021-01-27 15:09:41.746000-05:00,2021-01-27 15:10:00-05:00,0.2712502964516169,3.535442814217582e-05,0.5670103092783505,-1.0045997238736908,0.8947295418316512,-1.2936138546410032,0.1257730019705459,0.1037417405089032,False,False,False,True,0.0,0.08777775659428955,0.03556410171313768,ZT
20210127_a13,20210127,2021-01-27,13,additional_2018_2022,contaminated_2016_2022,8.9,2021-01-27 15:11:14.056000-05:00,2021-01-27 15:12:00-05:00,0.1866349118362323,3.535442814217582e-05,0.6428571428571429,-0.8245509828492658,0.3684477459258986,-1.158524757260646,-0.2105322626759925,-0.1535952442772504,False,False,False,True,0.0,0.07938074826721402,-0.11022249713537119,ZT
20210127_a14,20210127,2021-01-27,14,additional_2018_2022,contaminated_2016_2022,8.9,2021-01-27 15:12:50.626000-05:00,2021-01-27 15:13:00-05:00,0.1366349118362324,3.535442814217582e-05,0.5757575757575758,-1.36116870751288,2.199619545982903,-0.0416613924884899,0.1608905835042136,0.2196624119959426,False,False,False,True,0.0,0.07441887971030575,0.0008064997905177368,ZT
20210127_a15,20210127,2021-01-27,15,additional_2018_2022,contaminated_2016_2022,8.9,2021-01-27 15:14:15.306000-05:00,2021-01-27 15:15:00-05:00,0.0925172647774088,3.535442814217582e-05,0.5636363636363636,-0.2652648913404108,1.4270445001472911,-1.2080137924994108,-0.0685441521835425,-0.0104698831697636,False,False,False,True,0.0,0.0700407603953867,-0.01673421100748578,ZT
20210127_a16,20210127,2021-01-27,16,additional_2018_2022,contaminated_2016_2022,8.9,2021-01-27 15:18:18.226000-05:00,2021-01-27 15:19:00-05:00,0.0903386155399361,3.535442814217582e-05,0.6642335766423357,-1.100314057610037,1.1056080878708747,-0.2760701746540311,0.1115676118359931,0.1585945755139849,False,False,False,True,0.0,0.06982455697242773,-0.006609868896502384,ZT
20210127_a17,20210127,2021-01-27,17,additional_2018_2022,contaminated_2016_2022,8.9,2021-01-27 15:21:16.835999999-05:00,2021-01-27 15:22:00-05:00,0.1366349118362324,3.535442814217582e-05,0.5784313725490197,0.0961049718975665,0.6266385734829197,-0.5914355155511415,-0.0666981821925086,-0.02199298282759,False,False,False,True,0.0,0.07441887971030575,0.020563913467898508,ZT
20210127_a18,20210127,2021-01-27,18,additional_2018_2022,contaminated_2016_2022,8.9,2021-01-27 15:25:36.256000-05:00,2021-01-27 15:26:00-05:00,0.1921904673917879,3.535442814217582e-05,0.5394736842105263,-2.0926713706379085,1.1440393208267237,-1.0722032702658972,-0.8484383392191054,-0.8084050774799941,False,False,False,True,-0.3535505312470109,0.07993206699575939,-0.4929726880005328,ZT
20210428_a00,20210428,2021-04-28,0,additional_2018_2022,contaminated_2016_2022,8.9,2021-04-28 14:37:58.225999999-04:00,2021-04-28 14:38:00-04:00,0.1624508482114106,7.07964601769362e-05,0.6153846153846154,-2.253206046360969,2.4908191276952616,-2.8274699004912773,-0.9396292011098628,-0.9226800139481404,False,False,False,True,-0.35391339742877914,0.07698078536964859,-0.5507288103548909,ZT
20210428_a01,20210428,2021-04-28,1,additional_2018_2022,contaminated_2016_2022,8.9,2021-04-28 14:40:06.886000-04:00,2021-04-28 14:41:00-04:00,-0.0375491517885894,7.07964601769362e-05,0.6285714285714286,1.8692351646325764,1.7217880202059428,-2.687885305440479,1.4319376169244986,1.375626949539868,False,False,False,True,0.35391339742793015,0.05713331114201552,0.7958216113509887,ZT
20210428_a02,20210428,2021-04-28,2,additional_2018_2022,contaminated_2016_2022,8.9,2021-04-28 14:42:15.425999999-04:00,2021-04-28 14:43:00-04:00,-0.0875491517885894,7.07964601769362e-05,0.6136363636363636,0.970081555532944,1.9101899352721887,-3.489207801641127,1.5295837161948418,1.4717783868189809,False,False,False,True,0.3539008724016572,0.05217144258510726,0.757114554075062,ZT
20210428_a03,20210428,2021-04-28,3,additional_2018_2022,contaminated_2016_2022,8.9,2021-04-28 14:44:12.756000-04:00,2021-04-28 14:45:00-04:00,-0.4089777232171608,7.07964601769362e-05,0.5909090909090909,0.4062844732959769,1.8799762732377585,-3.1406055333505107,0.0743634077720646,0.1253775095642862,False,False,False,True,0.0,0.02027371614783984,0.023093992075131284,ZT
20210428_a04,20210428,2021-04-28,4,additional_2018_2022,contaminated_2016_2022,8.9,2021-04-28 14:46:32.886000-04:00,2021-04-28 14:47:00-04:00,-0.1007070465254315,7.07964601769362e-05,0.6103896103896104,-0.4424686304391597,2.9111795803579192,-2.623254022332135,-1.2241219458866828,-1.170412827096427,False,False,False,True,-0.35391339742877914,0.05086568770171035,-0.5677965401968059,ZT
20210428_a05,20210428,2021-04-28,5,additional_2018_2022,contaminated_2016_2022,8.9,2021-04-28 14:49:06.896000-04:00,2021-04-28 14:50:00-04:00,-0.1232634375028751,7.07964601769362e-05,0.6351351351351351,-1.368045199660353,1.9200536822211764,-3.8152503670666977,-0.576806261578887,-0.5447643702158892,False,False,False,True,-0.35391339742877914,0.04862725075874421,-0.3634740157496658,ZT
20210428_a06,20210428,2021-04-28,6,additional_2018_2022,contaminated_2016_2022,8.9,2021-04-28 14:52:12.726000-04:00,2021-04-28 14:53:00-04:00,-0.0549404561364154,7.07964601769362e-05,0.5555555555555556,-0.4321143548142766,1.6471370167286938,-2.6503630019871967,-1.2635533824312242,-1.2326145229602838,False,False,False,True,-0.35390087240303514,0.055407443817873527,-0.5771231159851165,ZT
20210428_a07,20210428,2021-04-28,7,additional_2018_2022,contaminated_2016_2022,8.9,2021-04-28 14:57:52.206000-04:00,2021-04-28 14:58:00-04:00,0.1868410921138496,7.07964601769362e-05,0.581151832460733,0.631599070434074,1.959915989727813,-2.795378975787273,-0.3336390837870264,-0.3026099433191422,False,False,False,True,0.0,0.0794012090559453,-0.04472808986206614,ZT
20210428_a08,20210428,2021-04-28,8,additional_2018_2022,contaminated_2016_2022,8.9,2021-04-28 15:00:02.886000-04:00,2021-04-28 15:01:00-04:00,0.0571876903166737,7.07964601769362e-05,0.5818181818181818,1.0213064373920664,0.4426843456529331,-2.642639842902032,-0.015070540514211,0.0574962043367293,False,False,False,True,0.0,0.06653474630247327,0.1067331862949136,ZT
20210428_a09,20210428,2021-04-28,9,additional_2018_2022,contaminated_2016_2022,8.9,2021-04-28 15:02:00.246000-04:00,2021-04-28 15:03:00-04:00,0.1624508482114106,7.07964601769362e-05,0.625,-1.4370840784639316,1.6060830359563127,-2.725980196753539,-1.290638385352206,-1.2570639328461828,False,False,False,True,-0.35391339742877914,0.07698078536964859,-0.6376525319567232,ZT
20210428_a11,20210428,2021-04-28,11,additional_2018_2022,contaminated_2016_2022,8.9,2021-04-28 15:03:54.906000-04:00,2021-04-28 15:04:00-04:00,-0.1232634375028751,7.07964601769362e-05,0.5,-0.5967099984545865,1.8218025392044013,-3.51577885596308,0.1990511156329835,0.2677147407534317,False,False,False,True,0.0,0.04862725075874421,0.03986376062805465,ZT
20210428_a12,20210428,2021-04-28,12,additional_2018_2022,contaminated_2016_2022,8.9,2021-04-28 15:07:14.476000-04:00,2021-04-28 15:08:00-04:00,0.1624508482114106,7.07964601769362e-05,0.6017699115044248,-0.1828551320027462,1.6666222975526257,-2.8600651387727165,0.4176954414842903,0.4579344365639803,False,False,False,True,0.0,0.07698078536964859,0.214017231962488,ZT
20210428_a13,20210428,2021-04-28,13,additional_2018_2022,contaminated_2016_2022,8.9,2021-04-28 15:09:16.335999999-04:00,2021-04-28 15:10:00-04:00,-0.0875491517885894,7.07964601769362e-05,0.6031746031746031,1.345533627076788,1.3477904445415292,-2.0208216479719527,0.9453384015692196,0.9285216529961974,False,False,False,True,0.3539008724016572,0.05217144258510726,0.5318167664795103,ZT
20210428_a14,20210428,2021-04-28,14,additional_2018_2022,contaminated_2016_2022,8.9,2021-04-28 15:11:00.226000-04:00,2021-04-28 15:12:00-04:00,-0.0597713740108116,7.07964601769362e-05,0.5538461538461539,0.7266774313944406,0.6250952527334728,-2.5785596769772607,0.119388839171437,0.1835237045942403,False,False,False,True,0.0,0.05492803622783408,0.12334175391955286,ZT
20210428_a15,20210428,2021-04-28,15,additional_2018_2022,contaminated_2016_2022,8.9,2021-04-28 15:13:58.446000-04:00,2021-04-28 15:14:00-04:00,-0.1292158184552561,7.07964601769362e-05,0.631578947368421,0.2372452493765908,1.593963393209066,-2.882945354533257,-0.1784747132896023,-0.1510324764008807,False,False,False,True,0.0,0.04803655212101703,-0.05814479688844673,ZT
20210428_a16,20210428,2021-04-28,16,additional_2018_2022,contaminated_2016_2022,8.9,2021-04-28 15:14:47.196000-04:00,2021-04-28 15:15:00-04:00,0.3624508482114106,7.07964601769362e-05,0.7777777777777778,-0.63181293441793,0.625949120589263,-2.335841270380424,0.2274892845414147,0.2825956037097584,False,False,False,True,0.0,0.09682825959728164,0.12488677898245569,ZT
20210428_a17,20210428,2021-04-28,17,additional_2018_2022,contaminated_2016_2022,8.9,2021-04-28 15:18:26.456000-04:00,2021-04-28 15:19:00-04:00,-0.0140197400238835,7.07964601769362e-05,0.5811965811965812,0.8374907867158411,1.615310755687534,-2.9746727259637558,-0.1545149359953153,-0.1152906440484,False,False,False,True,0.0,0.059468308109972355,0.019476551778300544,ZT
20210428_a19,20210428,2021-04-28,19,additional_2018_2022,contaminated_2016_2022,8.9,2021-04-28 15:20:13.996000-04:00,2021-04-28 15:21:00-04:00,-0.201185515424953,7.07964601769362e-05,0.6,0.4135217041056955,0.9748780119670528,-2.7476663803050303,0.3724194633009456,0.3446412763557371,False,False,False,True,0.0,0.04089446859213393,0.18660557443483822,ZT
20210428_a20,20210428,2021-04-28,20,additional_2018_2022,contaminated_2016_2022,8.9,2021-04-28 15:21:08.216000-04:00,2021-04-28 15:22:00-04:00,0.1624508482114106,7.07964601769362e-05,0.5714285714285714,0.2152639530095176,1.33677839643439,-2.8119726595375614,-0.3618926597957988,-0.3111231493837182,False,False,False,True,0.0,0.07698078536964859,-0.09504533277266783,ZT
20210428_a21,20210428,2021-04-28,21,additional_2018_2022,contaminated_2016_2022,8.9,2021-04-28 15:22:39.386000-04:00,2021-04-28 15:23:00-04:00,-0.0875491517885894,7.07964601769362e-05,0.6,-0.4728958414401114,2.256581930808148,-2.277376622300422,0.3448749557393381,0.3449348223872036,False,False,False,True,0.0,0.05217144258510726,0.11948329262364615,ZT
20210428_a22,20210428,2021-04-28,22,additional_2018_2022,contaminated_2016_2022,8.9,2021-04-28 15:24:26.666000-04:00,2021-04-28 15:25:00-04:00,0.0571876903166737,7.07964601769362e-05,0.4634146341463415,1.0001261068415963,2.1967574465950226,-2.279128755199133,0.0160579389676848,0.023086213879719,False,False,False,True,0.0,0.06653474630247327,0.11864053647228341,ZT
20210428_a23,20210428,2021-04-28,23,additional_2018_2022,contaminated_2016_2022,8.9,2021-04-28 15:25:48.966000-04:00,2021-04-28 15:26:00-04:00,-0.1708824851219227,7.07964601769362e-05,0.627906976744186,0.4918432509262616,3.0084406617910475,-3.124073847233032,0.2453408840507604,0.3036146064054095,False,False,False,True,0.0,0.04390166165692682,0.14203354346280622,ZT
20210728_a00,20210728,2021-07-28,0,additional_2018_2022,contaminated_2016_2022,8.6,2021-07-28 14:40:36.825999999-04:00,2021-07-28 14:41:00-04:00,-0.0134454667000541,-0.0001770726351949,0.5882352941176471,2.300116820818744,0.4417355962563302,-0.9493172517582794,1.88109247935046,1.8861835461990728,False,False,False,True,0.35420171791442,0.059525297484943965,1.0317792133603325,ZT
20210728_a01,20210728,2021-07-28,1,additional_2018_2022,contaminated_2016_2022,8.6,2021-07-28 14:41:20.186000-04:00,2021-07-28 14:42:00-04:00,-0.5546219372882895,-0.0001770726351949,0.6296296296296297,-1.1342576698463325,0.5283625293617852,0.1307388629613844,-0.890165508616402,-0.8937681688601588,False,False,False,True,-0.35420171791578736,0.005820367221936851,-0.5486484985785708,ZT
20210728_a03,20210728,2021-07-28,3,additional_2018_2022,contaminated_2016_2022,8.6,2021-07-28 14:44:06.046000-04:00,2021-07-28 14:45:00-04:00,-0.0657330483994005,-0.0001770726351949,0.6395348837209303,1.8763243519792896,1.086846071707215,-1.36306480410092,1.559069712718099,1.5540735377824084,False,False,False,True,0.35420171791442,0.054336415333928786,0.847751017317946,ZT
20210728_a04,20210728,2021-07-28,4,additional_2018_2022,contaminated_2016_2022,8.6,2021-07-28 14:45:31.966000-04:00,2021-07-28 14:46:00-04:00,-0.0657330483994005,-0.0001770726351949,0.7037037037037037,1.6501388490194564,0.7595355074943763,-0.8167589575996664,1.6906690301317384,1.7633937281741277,False,False,False,True,0.35420171791442,0.054336415333928786,0.886884225419899,ZT
20210728_a06,20210728,2021-07-28,6,additional_2018_2022,contaminated_2016_2022,8.6,2021-07-28 14:48:15.625999999-04:00,2021-07-28 14:49:00-04:00,-0.1651482530777631,-0.0001770726351949,0.417910447761194,-0.2221068040202105,0.5094083570156704,0.429455025680896,-1.4328560465082756,-1.3890660724827566,False,False,False,True,-0.7083908903896933,0.04447071177048545,-0.651225948432048,ZT
20210728_a07,20210728,2021-07-28,7,additional_2018_2022,contaminated_2016_2022,8.6,2021-07-28 14:50:47.636000-04:00,2021-07-28 14:51:00-04:00,-0.0379552706216227,-0.0001770726351949,0.4810126582278481,0.4187257942312489,0.0173312761477176,-0.3506478723912182,0.5423583750101184,0.5759972182998371,False,False,False,True,0.0,0.0570930089766556,0.2868724138088258,ZT
20210728_a08,20210728,2021-07-28,8,additional_2018_2022,contaminated_2016_2022,8.6,2021-07-28 14:53:18.236000-04:00,2021-07-28 14:54:00-04:00,-0.248739584347113,-0.0001770726351949,0.6941176470588235,-0.7312648577179429,1.1325838260173264,-0.4972068073062319,-1.5942668958843524,-1.5169592923487925,False,False,False,True,-0.35418917247417814,0.03617532780537565,-0.7767167145030044,ZT
20210728_a09,20210728,2021-07-28,9,additional_2018_2022,contaminated_2016_2022,8.6,2021-07-28 14:56:00.156000-04:00,2021-07-28 14:57:00-04:00,-0.1768441595105117,-0.0001770726351949,0.6,2.260460841252485,0.9933535498860226,-0.6256362395538164,1.8617929473682175,1.845362795155569,False,False,False,True,0.35418917247445025,0.04331004076302152,0.9946898229779841,ZT
20210728_a10,20210728,2021-07-28,10,additional_2018_2022,contaminated_2016_2022,8.6,2021-07-28 14:58:48.246000-04:00,2021-07-28 14:59:00-04:00,-0.1853911680575202,-0.0001770726351949,0.5591397849462365,-0.7014708770838706,0.7147199278653191,-0.4360230322368802,-0.5204997604650438,-0.4323982131945614,False,False,False,True,-0.35420171791578736,0.04246185810372097,-0.2937747667284398,ZT
20210728_a11,20210728,2021-07-28,11,additional_2018_2022,contaminated_2016_2022,8.6,2021-07-28 15:02:31.876000-04:00,2021-07-28 15:03:00-04:00,-0.2126864534173217,-0.0001770726351949,0.6037735849056604,0.4614920612601422,1.0306415825647952,-0.42898082987852,0.2420216439258979,0.2507084230841117,False,False,False,True,0.0,0.03975314574014822,0.13159682923518493,ZT
20210728_a12,20210728,2021-07-28,12,additional_2018_2022,contaminated_2016_2022,8.6,2021-07-28 15:06:10.566000-04:00,2021-07-28 15:07:00-04:00,-0.1469296295959817,-0.0001770726351949,0.4563106796116505,1.5063831424618364,0.4664097193746588,-0.3252650681084988,2.137490152793154,2.126420004299446,False,False,False,True,0.35420171791442,0.04627868007057348,1.0583368588390458,ZT
20210728_a13,20210728,2021-07-28,13,additional_2018_2022,contaminated_2016_2022,8.6,2021-07-28 15:08:30.776000-04:00,2021-07-28 15:09:00-04:00,-0.0796219372882894,-0.0001770726351949,0.5671641791044776,-0.2692758498357895,0.4559021073360266,-0.4818715180121112,-0.7629425632367322,-0.7335239006624636,False,False,False,True,-0.35420171791578736,0.05295811851256538,-0.34817094379128316,ZT
20210728_a14,20210728,2021-07-28,14,additional_2018_2022,contaminated_2016_2022,8.6,2021-07-28 15:09:58.655999999-04:00,2021-07-28 15:10:00-04:00,-0.0546219372882894,-0.0001770726351949,0.7045454545454546,-0.1245970938129498,1.4836961239145554,-0.3453685847569139,-0.1140247925321222,-0.0557698262205802,False,False,False,True,0.0,0.05543905279101951,-0.0479852794936288,ZT
20210728_a15,20210728,2021-07-28,15,additional_2018_2022,contaminated_2016_2022,8.6,2021-07-28 15:12:08.556000-04:00,2021-07-28 15:13:00-04:00,-0.1084680911344433,-0.0001770726351949,0.6376811594202898,1.5635431687283197,1.799344045168524,0.3866552462160678,1.6332457025043452,1.6619710132537762,False,False,False,True,0.35418917247445025,0.050095502037425986,0.8479749112500796,ZT
20210728_a16,20210728,2021-07-28,16,additional_2018_2022,contaminated_2016_2022,8.6,2021-07-28 15:15:21.805999999-04:00,2021-07-28 15:16:00-04:00,-0.1469296295959817,-0.0001770726351949,0.6454545454545455,1.665003059136491,1.041940167021586,0.0059900881142921,1.9992527311363384,1.9709303467970516,False,False,False,True,0.3541766279203913,0.04627868007057348,1.0107527407824135,ZT
20210728_a17,20210728,2021-07-28,17,additional_2018_2022,contaminated_2016_2022,8.6,2021-07-28 15:16:58.836000-04:00,2021-07-28 15:17:00-04:00,-0.0796219372882894,-0.0001770726351949,0.4878048780487805,-0.1853289541551142,0.7560372894322337,0.0432454956688134,0.4173667994107438,0.4360780347045767,False,False,False,True,0.0,0.05295811851256538,0.17607374557572805,ZT
20210728_a19,20210728,2021-07-28,19,additional_2018_2022,contaminated_2016_2022,8.6,2021-07-28 15:19:39.495999999-04:00,2021-07-28 15:20:00-04:00,0.0453780627117105,-0.0001770726351949,0.5555555555555556,-0.2921509148246521,-0.3261434290623933,-0.0927933802372776,0.528432646097701,0.8493864773861461,False,False,False,True,0.0,0.06536278990483603,0.23540983631225548,ZT
20210728_a20,20210728,2021-07-28,20,additional_2018_2022,contaminated_2016_2022,8.6,2021-07-28 15:22:46.595999999-04:00,2021-07-28 15:23:00-04:00,-0.2046219372882894,-0.0001770726351949,0.5,0.4239027828599962,0.2616671358902094,-0.3637774338636902,0.109743381068869,0.0992592062003571,False,False,False,True,0.0,0.04055344712029471,0.07178556153594046,ZT
20210728_a21,20210728,2021-07-28,21,additional_2018_2022,contaminated_2016_2022,8.6,2021-07-28 15:25:12.306000-04:00,2021-07-28 15:26:00-04:00,-0.0072535162356578,-0.0001770726351949,0.5930232558139535,0.6480562360396357,0.887986378430498,-0.5896376403986201,0.296192425207732,0.3564480144921264,False,False,False,True,0.0,0.060139770371248395,0.20254794799943424,ZT
20210922_a00,20210922,2021-09-22,0,additional_2018_2022,contaminated_2016_2022,8.6,2021-09-22 14:41:07.976000-04:00,2021-09-22 14:42:00-04:00,-0.0466646527205959,-7.092701610045271e-05,0.5081967213114754,2.076018724377279,-1.3283426526689444,0.3030753263450721,0.6768926369303494,0.7537911177681837,False,False,False,True,0.35471684731494174,0.056228712792915705,0.4804091857458981,ZT
20210922_a01,20210922,2021-09-22,1,additional_2018_2022,contaminated_2016_2022,8.6,2021-09-22 14:43:38.956000-04:00,2021-09-22 14:44:00-04:00,-0.0466646527205959,-7.092701610045271e-05,0.5789473684210527,-0.9511817020821224,-1.4674368469087915,0.8307705006739283,-1.413053438242945,-1.446163785204939,False,False,False,True,-1.0642260426156005,0.056228712792915705,-0.6839377962859616,ZT
20210922_a02,20210922,2021-09-22,2,additional_2018_2022,contaminated_2016_2022,8.6,2021-09-22 14:45:35.706000-04:00,2021-09-22 14:46:00-04:00,0.203335347279404,-7.092701610045271e-05,0.5967741935483871,0.9729790496859524,-0.3004613450503267,0.0227214585145872,0.4904361222062002,0.5186065191881886,False,False,False,True,0.35477977049426107,0.08103805557745702,0.34704461055459257,ZT
20210922_a03,20210922,2021-09-22,3,additional_2018_2022,contaminated_2016_2022,8.6,2021-09-22 14:47:50.575999999-04:00,2021-09-22 14:48:00-04:00,0.203335347279404,-7.092701610045271e-05,0.5873015873015873,-0.5403533183765065,-1.4169748274358267,0.5668603908661956,-0.373721429124982,-0.3116248474153525,False,False,False,True,0.0,0.08103805557745702,-0.1558508355786005,ZT
20210922_a04,20210922,2021-09-22,4,additional_2018_2022,contaminated_2016_2022,8.6,2021-09-22 14:50:03.726000-04:00,2021-09-22 14:51:00-04:00,0.203335347279404,-7.092701610045271e-05,0.5342465753424658,-0.5990449094816778,-1.2152108264044206,0.435555315533667,-0.6234504857580476,-0.585453880296519,False,False,False,True,0.0,0.08103805557745702,-0.27012697892628623,ZT
20210922_a05,20210922,2021-09-22,5,additional_2018_2022,contaminated_2016_2022,8.6,2021-09-22 14:52:27.155999999-04:00,2021-09-22 14:53:00-04:00,0.0700020139460707,-7.092701610045271e-05,0.6153846153846154,-0.03075139136639,-0.7062199579284456,-0.2035663799632981,-0.6687593852454138,-0.701636304165908,False,False,False,True,0.0,0.06780640609236831,-0.2640876876807214,ZT
20210922_a06,20210922,2021-09-22,6,additional_2018_2022,contaminated_2016_2022,8.6,2021-09-22 14:53:02.225999999-04:00,2021-09-22 14:54:00-04:00,0.078335347279404,-7.092701610045271e-05,0.6470588235294118,1.8848048894717824,-2.51811158359372,0.4022839975818042,0.5183588410221837,0.5871869682783372,False,False,False,True,0.35480494601754403,0.06863338418518636,0.4146515862777463,ZT
20210922_a07,20210922,2021-09-22,7,additional_2018_2022,contaminated_2016_2022,8.6,2021-09-22 14:56:36.046000-04:00,2021-09-22 14:57:00-04:00,0.053335347279404,-7.092701610045271e-05,0.5877192982456141,0.521828543297188,-2.5933454409674943,0.4664268728653913,0.4161677128326571,0.4010811613119525,False,False,False,True,0.3547923578096166,0.06615244990673222,0.2541939997971615,ZT
20210922_a08,20210922,2021-09-22,8,additional_2018_2022,contaminated_2016_2022,8.6,2021-09-22 14:57:37.786000-04:00,2021-09-22 14:58:00-04:00,-0.1299979860539292,-7.092701610045271e-05,0.4583333333333333,0.5721176949505262,0.2060223130108093,-0.4153923046648021,-0.5474165548652726,-0.463748363374634,False,False,False,True,0.0,0.047958931864735266,-0.19251907183669037,ZT
20210922_a09,20210922,2021-09-22,9,additional_2018_2022,contaminated_2016_2022,8.6,2021-09-22 14:59:16.216000-04:00,2021-09-22 15:00:00-04:00,0.203335347279404,-7.092701610045271e-05,0.6122448979591837,-0.0842841322024735,-1.310193686890046,-0.4726247374508576,-0.7950934823905446,-0.745735690547373,False,False,False,True,0.0,0.08103805557745702,-0.3031454302575279,ZT
20210922_a10,20210922,2021-09-22,10,additional_2018_2022,contaminated_2016_2022,8.6,2021-09-22 15:02:11.695999999-04:00,2021-09-22 15:03:00-04:00,0.0604782044222612,-7.092701610045271e-05,0.6236559139784946,-0.8457843066925755,-1.2884710086512856,0.8091926720490584,-0.6726471836319464,-0.6839930996914263,False,False,False,True,0.0,0.06686128827200484,-0.3341142764801044,ZT
20210922_a11,20210922,2021-09-22,11,additional_2018_2022,contaminated_2016_2022,8.6,2021-09-22 15:03:25.296000-04:00,2021-09-22 15:04:00-04:00,-0.0823789384348816,-7.092701610045271e-05,0.4827586206896552,-0.2331487689288556,-1.7728245168782666,1.0580121450114268,-1.111209718546878,-1.0882302025863029,False,False,False,True,0.0,0.052684520966552656,-0.49829069638434065,ZT
20210922_a12,20210922,2021-09-22,12,additional_2018_2022,contaminated_2016_2022,8.6,2021-09-22 15:05:05.835999999-04:00,2021-09-22 15:06:00-04:00,-0.0466646527205959,-7.092701610045271e-05,0.5263157894736842,1.3591488770775968,0.0559209906794851,1.620030911819846,0.5572175527601014,0.5422137710364973,False,False,False,True,0.3547545985434856,0.056228712792915705,0.36915985346582186,ZT
20210922_a14,20210922,2021-09-22,14,additional_2018_2022,contaminated_2016_2022,8.6,2021-09-22 15:06:45.755999999-04:00,2021-09-22 15:07:00-04:00,0.0604782044222612,-7.092701610045271e-05,0.5151515151515151,0.6665583926888987,-0.7203304809155205,-0.0082618593425698,0.5714909512088533,0.5917932364050797,False,False,False,True,0.3547420139080659,0.06686128827200484,0.3352552665526223,ZT
20210922_a15,20210922,2021-09-22,15,additional_2018_2022,contaminated_2016_2022,8.6,2021-09-22 15:08:34.096000-04:00,2021-09-22 15:09:00-04:00,0.203335347279404,-7.092701610045271e-05,0.5116279069767442,0.5867536914888408,-1.351146060182877,0.5792937817203925,0.5925144976089993,0.6030812804029256,False,False,False,True,0.35471684731494174,0.08103805557745702,0.3601126778171666,ZT
20210922_a16,20210922,2021-09-22,16,additional_2018_2022,contaminated_2016_2022,8.6,2021-09-22 15:10:25.745999999-04:00,2021-09-22 15:11:00-04:00,0.0268647590441099,-7.092701610045271e-05,0.6461538461538462,-0.4302298265473053,-0.5610403611572322,1.1920435671957588,-0.2397138796476081,-0.1482364662539195,False,False,False,True,0.0,0.06352557831778079,-0.11548812979934162,ZT
20210922_a17,20210922,2021-09-22,17,additional_2018_2022,contaminated_2016_2022,8.6,2021-09-22 15:12:30.285999999-04:00,2021-09-22 15:13:00-04:00,-0.0274338834898267,-7.092701610045271e-05,0.6129032258064516,-1.3996852516020204,-1.9655965152826052,-0.1213462052219579,-1.6846922669758746,-1.6612420163155857,False,False,False,True,-0.3547420139073539,0.058137123776341955,-0.8368004656788315,ZT
20210922_a18,20210922,2021-09-22,18,additional_2018_2022,contaminated_2016_2022,8.6,2021-09-22 15:14:39.956000-04:00,2021-09-22 15:15:00-04:00,-0.0907822997794194,-7.092701610045271e-05,0.6268656716417911,-0.4939006831688333,-1.8370281560787975,0.7754630418093181,-0.9368562256898056,-0.9507727241772332,False,False,False,True,0.0,0.05185059347799665,-0.44455726336859225,ZT
20210922_a21,20210922,2021-09-22,21,additional_2018_2022,contaminated_2016_2022,8.6,2021-09-22 15:16:32.196000-04:00,2021-09-22 15:17:00-04:00,0.0604782044222612,-7.092701610045271e-05,0.6428571428571429,0.5280319649429633,-2.133114249796152,1.0817978446259078,-0.9096692682007052,-0.8093533855574337,False,False,False,True,0.0,0.06686128827200484,-0.32533632357823083,ZT
20210922_a22,20210922,2021-09-22,22,additional_2018_2022,contaminated_2016_2022,8.6,2021-09-22 15:19:09.336000-04:00,2021-09-22 15:20:00-04:00,0.1557162996603564,-7.092701610045271e-05,0.5609756097560976,-1.056063590437686,-1.2031541595457278,0.8355184994164798,-1.7951082312645898,-1.7280596534961354,False,False,False,True,-0.3547671840724832,0.07631246647563963,-0.8285719461284871,ZT
20210922_a23,20210922,2021-09-22,23,additional_2018_2022,contaminated_2016_2022,8.6,2021-09-22 15:20:33.725999999-04:00,2021-09-22 15:21:00-04:00,0.1124262563703131,-7.092701610045271e-05,0.6216216216216216,-1.5473944951529597,-1.782021600315831,-1.033630545066427,-1.718520742284924,-1.6817403941185596,False,False,False,True,-0.3547797704946032,0.07201647638307836,-0.8420206305500688,ZT
20210922_a24,20210922,2021-09-22,24,additional_2018_2022,contaminated_2016_2022,8.6,2021-09-22 15:21:02.975999999-04:00,2021-09-22 15:22:00-04:00,-0.4633313193872626,-7.092701610045271e-05,0.375,1.87436739716284,-2.249848608434399,-0.6037565313643296,0.3268643636253979,0.3337463088373278,False,False,False,True,0.35477977049426107,0.014879808152013493,0.24573186981049724,ZT
20210922_a26,20210922,2021-09-22,26,additional_2018_2022,contaminated_2016_2022,8.6,2021-09-22 15:23:49.426000-04:00,2021-09-22 15:24:00-04:00,0.1477797917238485,-7.092701610045271e-05,0.5052631578947369,-0.6595301193572551,-1.3100416878949064,0.9720827869555992,-0.2220329222994777,-0.2000243307639543,False,False,False,True,0.0,0.07552486829200339,-0.10776429647141131,ZT
20210922_a27,20210922,2021-09-22,27,additional_2018_2022,contaminated_2016_2022,8.6,2021-09-22 15:24:54.825999999-04:00,2021-09-22 15:25:00-04:00,0.103335347279404,-7.092701610045271e-05,0.6764705882352942,0.2987699072498974,-0.6792417375640142,1.5170232979262903,-0.8802124900203699,-0.8036820098391088,False,False,False,True,0.0,0.07111431846364048,-0.32457095248471834,ZT
20211103_a00,20211103,2021-11-03,0,additional_2018_2022,contaminated_2016_2022,8.6,2021-11-03 14:40:37.836000-04:00,2021-11-03 14:41:00-04:00,-0.1400131852542435,-0.0001780880467302,0.5692307692307692,-0.7755771631479008,0.8356682395970456,-1.0801844461439036,-1.3532387385857303,-1.2983609446866542,False,False,False,True,-0.3562839583527051,0.04696504982467102,-0.6578156625637148,ZT
20211103_a01,20211103,2021-11-03,1,additional_2018_2022,contaminated_2016_2022,8.6,2021-11-03 14:41:13.176000-04:00,2021-11-03 14:42:00-04:00,0.1933201480790897,-0.0001780880467302,0.75,0.3988750655202748,-0.193085546975274,-3.416641931318213,1.404068077795155,1.462717704742177,False,False,False,True,1.4251104484720134,0.08004417353739277,0.6988735203126928,ZT
20211103_a02,20211103,2021-11-03,2,additional_2018_2022,contaminated_2016_2022,8.6,2021-11-03 14:43:11.616000-04:00,2021-11-03 14:44:00-04:00,0.3471663019252436,-0.0001780880467302,0.5079365079365079,0.8981423165836807,0.8468310971290413,0.2506968057492892,0.0316508082727688,0.0939040042323229,False,False,False,True,0.0,0.09531146140480282,0.1621481396463504,ZT
20211103_a04,20211103,2021-11-03,4,additional_2018_2022,contaminated_2016_2022,8.6,2021-11-03 14:46:26.856000-04:00,2021-11-03 14:47:00-04:00,0.2599868147457564,-0.0001780880467302,0.6666666666666666,0.9740433478969966,0.3956947247514782,-1.0522846840542086,1.6684080090405182,1.6608261518830376,False,False,False,True,1.4248566262117914,0.08665999827993713,0.8722658634629858,ZT
20211103_a05,20211103,2021-11-03,5,additional_2018_2022,contaminated_2016_2022,8.6,2021-11-03 14:47:29.555999999-04:00,2021-11-03 14:48:00-04:00,0.1933201480790897,-0.0001780880467302,0.5384615384615384,1.3285867250593522,1.0749176989656368,-0.3066832089915937,1.0908292202761825,1.101784779191249,False,False,False,True,0.712352187221483,0.08004417353739277,0.6378213385971452,ZT
20211103_a06,20211103,2021-11-03,6,additional_2018_2022,contaminated_2016_2022,8.6,2021-11-03 14:48:09.748500-04:00,2021-11-03 14:49:00-04:00,0.1933201480790897,-0.0001780880467302,0.7222222222222222,-0.3832334781909469,1.0558210850723473,0.4627165837140912,0.19335146450159,0.129570985036853,False,False,False,True,0.0,0.08004417353739277,0.10404220203353749,ZT
20211103_a07,20211103,2021-11-03,7,additional_2018_2022,contaminated_2016_2022,8.6,2021-11-03 14:51:31.296000-04:00,2021-11-03 14:52:00-04:00,-0.0923941376351959,-0.0001780880467302,0.5691056910569106,1.4196592975021625,0.1560303269198663,-1.1015860305754075,0.9110376731924684,0.9713294219545278,False,False,False,True,0.7123268158430761,0.05169063892648841,0.5221086662831926,ZT
20211103_a08,20211103,2021-11-03,8,additional_2018_2022,contaminated_2016_2022,8.6,2021-11-03 14:55:21.166000-04:00,2021-11-03 14:56:00-04:00,0.0683201480790897,-0.0001780880467302,0.5816326530612245,1.3044613943379877,0.0892824460597746,-0.5338858979044769,1.1032885286500411,1.12930728233285,False,False,False,True,0.7123268158430761,0.06763950214512211,0.6218901167949588,ZT
20211103_a10,20211103,2021-11-03,10,additional_2018_2022,contaminated_2016_2022,8.6,2021-11-03 14:56:29.526000-04:00,2021-11-03 14:57:00-04:00,-0.0066798519209102,-0.0001780880467302,0.782608695652174,-1.2354684269830978,0.5032830508145097,-0.0408881435555074,-0.8169843550525181,-0.6654610876890209,False,False,False,True,-0.35615706530291147,0.060196699309759724,-0.4397705245103035,ZT
20211103_a11,20211103,2021-11-03,11,additional_2018_2022,contaminated_2016_2022,8.6,2021-11-03 14:57:39.206000-04:00,2021-11-03 14:58:00-04:00,0.0115019662609079,-0.0001780880467302,0.4827586206896552,0.7492539818792289,-0.0259085030132011,0.5658651437696774,0.1920744862711834,0.2902622085012823,False,False,False,True,0.0,0.062001015148635444,0.1681228421565093,ZT
20211103_a12,20211103,2021-11-03,12,additional_2018_2022,contaminated_2016_2022,8.6,2021-11-03 15:00:00.006000-04:00,2021-11-03 15:01:00-04:00,0.0683201480790897,-0.0001780880467302,0.5384615384615384,-0.6098795337600585,0.6192532887721062,-0.2601132086676469,-1.6832808477080572,-1.6692554383393616,False,False,False,True,-0.3562078116744822,0.06763950214512211,-0.7565358006886956,ZT
20211103_a13,20211103,2021-11-03,13,additional_2018_2022,contaminated_2016_2022,8.6,2021-11-03 15:02:20.885999999-04:00,2021-11-03 15:03:00-04:00,0.0504630052219469,-0.0001780880467302,0.6265060240963856,0.8619403883732558,0.4317083449308638,0.3987847288907669,0.166142491010768,0.2496080634198035,False,False,False,True,0.0,0.0658674062319406,0.17204900982343269,ZT
20211103_a14,20211103,2021-11-03,14,additional_2018_2022,contaminated_2016_2022,8.6,2021-11-03 15:04:06.566000-04:00,2021-11-03 15:05:00-04:00,0.0683201480790897,-0.0001780880467302,0.5370370370370371,1.5504355680651427,0.3546031228187103,-0.2529302625454431,1.5524238551228404,1.5512095257667835,False,False,False,True,0.7124029354022667,0.06763950214512211,0.8389307680069112,ZT
20211103_a15,20211103,2021-11-03,15,additional_2018_2022,contaminated_2016_2022,8.6,2021-11-03 15:06:33.595999999-04:00,2021-11-03 15:07:00-04:00,0.1933201480790897,-0.0001780880467302,0.6111111111111112,0.5377297290001036,0.7225907324004943,-0.4217844175892948,0.8443537090545603,0.837299767453655,False,False,False,True,0.0,0.08004417353739277,0.46492420800796513,ZT
20211103_a16,20211103,2021-11-03,16,additional_2018_2022,contaminated_2016_2022,8.6,2021-11-03 15:10:06.215999999-04:00,2021-11-03 15:11:00-04:00,0.0010124557713974,-0.0001780880467302,0.5086206896551724,1.041428075352635,0.1858909742840333,-0.5314551193083499,1.6291533136592815,1.6282747964221524,False,False,False,True,0.3561951237270358,0.060960063703130216,0.8203643987257299,ZT
20211103_a17,20211103,2021-11-03,17,additional_2018_2022,contaminated_2016_2022,8.6,2021-11-03 15:11:42.146000-04:00,2021-11-03 15:12:00-04:00,0.1933201480790897,-0.0001780880467302,0.4727272727272727,-1.247645973402493,-0.2807269091354247,-0.5950554516407569,-1.4756710576275278,-1.4606960698924372,False,False,False,True,-0.35619512372593476,0.08004417353739277,-0.6984263794939117,ZT
20211103_a18,20211103,2021-11-03,18,additional_2018_2022,contaminated_2016_2022,8.6,2021-11-03 15:14:45.785999999-04:00,2021-11-03 15:15:00-04:00,0.157605862364804,-0.0001780880467302,0.5660377358490566,0.4665331819243411,0.7007377647463046,-0.5520715444669193,0.2468992244951584,0.3143798850036116,False,False,False,True,0.0,0.07649998171102973,0.1916586782574349,ZT
20211103_a20,20211103,2021-11-03,20,additional_2018_2022,contaminated_2016_2022,8.6,2021-11-03 15:16:27.466000-04:00,2021-11-03 15:17:00-04:00,0.1933201480790897,-0.0001780880467302,0.4375,-1.0577765109461394,1.4926026648365407,-0.8482157345645324,0.0532800596071954,0.0521246705014075,False,False,False,True,0.0,0.08004417353739277,-0.012676012089140092,ZT
20211103_a21,20211103,2021-11-03,21,additional_2018_2022,contaminated_2016_2022,8.6,2021-11-03 15:18:00.905999999-04:00,2021-11-03 15:19:00-04:00,0.1933201480790897,-0.0001780880467302,0.6222222222222222,-1.4158374978016204,0.0565432610125066,-0.6188373395034173,-0.4890670633827651,-0.5009423520855453,False,False,False,True,-0.35619512372593476,0.08004417353739277,-0.27976636970537083,ZT
20211103_a23,20211103,2021-11-03,23,additional_2018_2022,contaminated_2016_2022,8.6,2021-11-03 15:26:09.586000-04:00,2021-11-03 15:27:00-04:00,0.0418049965639382,-0.0001780880467302,0.5947712418300654,0.4027748135496816,0.269832627470771,-1.2889928335851757,0.2717727102615163,0.268650950255189,False,False,False,True,0.0,0.06500820821342833,0.17934721042285995,ZT
20211215_a00,20211215,2021-12-15,0,additional_2018_2022,contaminated_2016_2022,8.6,2021-12-15 14:40:14.856000-05:00,2021-12-15 14:41:00-05:00,0.0380630850186489,-0.0006087517009238,0.6739130434782609,-0.6647481300692653,0.1854669659639347,-0.4815456286632091,-0.2820776788160284,-0.238854640973095,False,False,False,True,0.0,0.06463687074864227,-0.15155160572754134,ZT
20211215_a01,20211215,2021-12-15,1,additional_2018_2022,contaminated_2016_2022,8.6,2021-12-15 14:42:30.216000-05:00,2021-12-15 14:43:00-05:00,-0.086936914981351,-0.0006087517009238,0.4411764705882353,0.2500565844140078,-0.3664698950858673,0.4647294171706188,1.427736414051279,1.4398599815743107,False,False,False,True,0.716589036493953,0.05223219935637162,0.6535159229928817,ZT
20211215_a02,20211215,2021-12-15,2,additional_2018_2022,contaminated_2016_2022,8.6,2021-12-15 14:43:22.556000-05:00,2021-12-15 14:44:00-05:00,-0.086936914981351,-0.0006087517009238,0.5714285714285714,-1.676782776360179,0.1299140090904502,-0.504558564689347,-1.0184805621858954,-1.0830424838454602,False,False,False,True,-0.35828809949912743,0.05223219935637162,-0.5767498181359287,ZT
20211215_a03,20211215,2021-12-15,3,additional_2018_2022,contaminated_2016_2022,8.6,2021-12-15 14:45:09.806000-05:00,2021-12-15 14:46:00-05:00,-0.1536035816480177,-0.0006087517009238,0.6071428571428571,-2.420390211985416,-0.4830886776742086,-0.4582637424481757,-1.1618591994793002,-1.1152378298217351,False,False,False,True,-0.3582752629226105,0.04561637461382727,-0.7109359196316223,ZT
20211215_a04,20211215,2021-12-15,4,additional_2018_2022,contaminated_2016_2022,8.6,2021-12-15 14:48:10.616000-05:00,2021-12-15 14:49:00-05:00,-0.1457604443931157,-0.0006087517009238,0.6627906976744186,0.7107664781573207,-0.0800407557777562,-0.5593995738876298,1.4023425655838757,1.4420673289237664,False,False,False,True,0.358249592529658,0.04639470693647955,0.6710334214398073,ZT
20211215_a05,20211215,2021-12-15,5,additional_2018_2022,contaminated_2016_2022,8.6,2021-12-15 14:49:37.226000-05:00,2021-12-15 14:50:00-05:00,-0.3091591372035732,-0.0006087517009238,0.5531914893617021,-1.926623866110318,-0.2252061621798387,-1.4845250867686757,-0.9403854951942976,-0.9404230881831666,False,False,False,True,-0.35824959252973965,0.03017945021455711,-0.5975225044390237,ZT
20211215_a06,20211215,2021-12-15,6,additional_2018_2022,contaminated_2016_2022,8.6,2021-12-15 14:52:26.396000-05:00,2021-12-15 14:53:00-05:00,-0.2233005513449873,-0.0006087517009238,0.5444444444444444,0.2053194361111569,0.1223129761659511,-0.3959971694080401,1.0635614410628655,1.1218215465044372,False,False,False,True,1.4328700411381534,0.03869983056480363,0.4690408744616772,ZT
20211215_a07,20211215,2021-12-15,7,additional_2018_2022,contaminated_2016_2022,8.6,2021-12-15 14:53:11.595999999-05:00,2021-12-15 14:54:00-05:00,-0.4202702483146843,-0.0006087517009238,0.7368421052631579,0.8581331320361117,0.1059435845302583,-0.2827186287264636,1.1138558572072472,1.1237037206370626,False,False,False,True,1.4326647588980865,0.01915307564364986,0.5140338907247906,ZT
20211215_a08,20211215,2021-12-15,8,additional_2018_2022,contaminated_2016_2022,8.6,2021-12-15 14:56:02.816000-05:00,2021-12-15 14:57:00-05:00,-0.2774131054575415,-0.0006087517009238,0.6847826086956522,0.1876796284221968,-0.2296976226159257,-0.8347723768299072,0.7020314637398819,0.7377056408344213,False,False,False,True,0.3581982627761355,0.03332984294910204,0.300722022188124,ZT
20211215_a09,20211215,2021-12-15,9,additional_2018_2022,contaminated_2016_2022,8.6,2021-12-15 14:57:41.196000-05:00,2021-12-15 14:58:00-05:00,-0.0155083435527796,-0.0006087517009238,0.5344827586206896,-0.6973574898333005,-0.9242341715380752,-2.136654635896513,-0.8836415798803327,-0.8342139269601899,False,False,False,True,-1.0745947892491066,0.05932058300909771,-0.4262271558477256,ZT
20211215_a10,20211215,2021-12-15,10,additional_2018_2022,contaminated_2016_2022,8.6,2021-12-15 14:59:35.386000-05:00,2021-12-15 15:00:00-05:00,-0.1778460058904419,-0.0006087517009238,0.54,-2.845906208236238,-0.2912178879914468,-0.4503124976510448,-0.9250273864454804,-0.8968783829413821,False,False,False,True,-1.0745562988290827,0.04321062016199296,-0.64578941232875,ZT
20211215_a11,20211215,2021-12-15,11,additional_2018_2022,contaminated_2016_2022,8.6,2021-12-15 15:03:11.245999999-05:00,2021-12-15 15:04:00-05:00,-0.246936914981351,-0.0006087517009238,0.6224489795918368,-1.8324065146987432,0.1083961103700078,0.9079767813249734,-1.2081430314010568,-1.1714312731286425,False,False,False,True,-0.3581854326366687,0.036354219974265176,-0.6974966781444396,ZT
20211215_a12,20211215,2021-12-15,12,additional_2018_2022,contaminated_2016_2022,8.6,2021-12-15 15:04:10.766000-05:00,2021-12-15 15:05:00-05:00,0.1630630850186489,-0.0006087517009238,0.6333333333333333,-2.3345755365189373,-0.0989353164332471,-1.409263689931314,-1.3259121127368083,-1.184669183869117,False,False,False,True,-0.3581982627768768,0.07704154214091294,-0.726624816471739,ZT
20211215_a13,20211215,2021-12-15,13,additional_2018_2022,contaminated_2016_2022,8.6,2021-12-15 15:07:32.066000-05:00,2021-12-15 15:08:00-05:00,-0.2593507080847993,-0.0006087517009238,0.5206611570247934,-2.483686812648056,0.4847560316487163,-0.4604830962279485,-1.0986301274474717,-1.0871367171897486,False,False,False,True,-0.3581982627768768,0.035122307780825875,-0.7048358209862411,ZT
20211215_a14,20211215,2021-12-15,14,additional_2018_2022,contaminated_2016_2022,8.6,2021-12-15 15:09:44.206000-05:00,2021-12-15 15:10:00-05:00,-0.086936914981351,-0.0006087517009238,0.5555555555555556,0.3427079084518845,-0.5092429424474512,-0.4197084041951853,0.4314950400788583,0.5205854973534304,False,False,False,True,0.0,0.05223219935637162,0.22443632143935288,ZT
20211215_a15,20211215,2021-12-15,15,additional_2018_2022,contaminated_2016_2022,8.6,2021-12-15 15:11:06.746000-05:00,2021-12-15 15:12:00-05:00,0.0559202278757918,-0.0006087517009238,0.65625,-2.0048160416185965,-0.4019709965135419,0.4746731208828547,-0.2438715690312547,-0.2050868366345715,False,False,False,True,0.0,0.0664089666618238,-0.24193449930123156,ZT
20211215_a16,20211215,2021-12-15,16,additional_2018_2022,contaminated_2016_2022,8.6,2021-12-15 15:13:55.846000-05:00,2021-12-15 15:14:00-05:00,-0.1424924705369065,-0.0006087517009238,0.6363636363636364,0.3086300100202568,-0.3830049290707067,-0.990630140136742,0.7870475110259681,0.8559305444050261,False,False,False,True,0.3582110938368034,0.046719012070918,0.36886089772548136,ZT
20211215_a17,20211215,2021-12-15,17,additional_2018_2022,contaminated_2016_2022,8.6,2021-12-15 15:16:56.216000-05:00,2021-12-15 15:17:00-05:00,-0.4758258038702399,-0.0006087517009238,0.5648148148148148,-0.2858265417768309,0.1402036969445753,-0.1989978409353329,1.1998089709569637,1.1714814713377653,False,False,False,True,0.7164350196505006,0.013639888358196219,0.449261372703918,ZT
20211215_a18,20211215,2021-12-15,18,additional_2018_2022,contaminated_2016_2022,8.6,2021-12-15 15:18:45.096000-05:00,2021-12-15 15:19:00-05:00,-0.286936914981351,-0.0006087517009238,0.5142857142857142,-2.3375320474993817,0.1471157489282409,-2.150127053634716,-1.1510237279367368,-1.1163428928175565,False,False,False,True,-0.358223925814125,0.032384725128738565,-0.7200991284994184,ZT
20211215_a19,20211215,2021-12-15,19,additional_2018_2022,contaminated_2016_2022,8.6,2021-12-15 15:20:47.956000-05:00,2021-12-15 15:21:00-05:00,-0.1583654864099224,-0.0006087517009238,0.5737704918032787,0.3136243843129261,-0.1871575149954842,1.028467167867638,0.6698668129657942,0.7140117066821189,False,False,False,True,0.0,0.045143815703645535,0.3154419349008964,ZT
20211215_a20,20211215,2021-12-15,20,additional_2018_2022,contaminated_2016_2022,8.6,2021-12-15 15:22:31.596000-05:00,2021-12-15 15:23:00-05:00,-0.0202702483146843,-0.0006087517009238,0.4761904761904761,-1.5527491673079334,-0.1542941468204242,-1.5760282115970257,-0.9326045692000764,-0.8660140980770258,False,False,False,True,-0.358223925814125,0.05884802409891598,-0.5185817284824287,ZT
20211215_a22,20211215,2021-12-15,22,additional_2018_2022,contaminated_2016_2022,8.6,2021-12-15 15:23:31.326000-05:00,2021-12-15 15:24:00-05:00,-0.086936914981351,-0.0006087517009238,0.5142857142857142,-0.618966936308572,-0.0429164421688055,-1.1372884832846122,0.1550182449590439,0.164221589855404,False,False,False,True,0.0,0.05223219935637162,0.024379567956909924,ZT
20211215_a23,20211215,2021-12-15,23,additional_2018_2022,contaminated_2016_2022,8.6,2021-12-15 15:26:22.925999999-05:00,2021-12-15 15:27:00-05:00,-0.4202702483146843,-0.0006087517009238,0.6153846153846154,-2.255723412066099,0.9877220446470012,0.1970513717630821,-0.6332240523708471,-0.5609967997274713,False,False,False,True,-0.35817260341577456,0.01915307564364986,-0.5071329629851081,ZT
20211215_a24,20211215,2021-12-15,24,additional_2018_2022,contaminated_2016_2022,8.6,2021-12-15 15:28:43.196000-05:00,2021-12-15 15:29:00-05:00,-0.3222310326284098,-0.0006087517009238,0.5125,-1.629092277123431,-0.0578533123592474,-0.4577753326901695,-0.0581583092660581,-0.0398272899972982,False,False,False,True,0.0,0.028882229676803317,-0.1884483809494343,ZT
20211215_a25,20211215,2021-12-15,25,additional_2018_2022,contaminated_2016_2022,8.6,2021-12-15 15:30:27.496000-05:00,2021-12-15 15:31:00-05:00,-0.149436914981351,-0.0006087517009238,0.6730769230769231,1.3108136993033106,0.1873441516359821,-0.1192103470073143,1.4488435941360027,1.4980334317681845,False,False,False,True,0.7163323785296414,0.046029863660236287,0.7400567101052918,ZT
20211215_a26,20211215,2021-12-15,26,additional_2018_2022,contaminated_2016_2022,8.6,2021-12-15 15:31:26.836000-05:00,2021-12-15 15:32:00-05:00,-0.086936914981351,-0.0006087517009238,0.625,-0.5007237522094504,-0.4131069127735304,0.1785778102336815,0.9576587110769516,0.9822097902812782,False,False,False,True,0.35815977511386404,0.05223219935637162,0.385895008929853,ZT
20220126_a00,20220126,2022-01-26,0,additional_2018_2022,contaminated_2016_2022,8.6,2022-01-26 14:40:15.336000-05:00,2022-01-26 14:41:00-05:00,-0.0471111014057469,3.596734165367543e-05,0.7659574468085106,-2.276358252950125,1.6942993728628866,0.7409519616092263,-0.8418255126037173,-0.8463971693433822,True,False,False,True,-1.079894171421091,0.056184408399053226,-0.5423049811845805,ZT
20220126_a01,20220126,2022-01-26,1,additional_2018_2022,contaminated_2016_2022,8.6,2022-01-26 14:43:50.475999999-05:00,2022-01-26 14:44:00-05:00,0.061863257568612,3.596734165367543e-05,0.5581395348837209,-0.3711133640919044,1.2341382898393294,-0.1738685295944035,1.813172224184848,1.819016631587403,True,False,False,True,0.3599776814217451,0.06699873730513534,0.7946286176391193,ZT
20220126_a02,20220126,2022-01-26,2,additional_2018_2022,contaminated_2016_2022,8.6,2022-01-26 14:46:30.905999999-05:00,2022-01-26 14:47:00-05:00,-0.0804444347390802,3.596734165367543e-05,0.6282051282051282,0.8645741906714287,1.6407571835368306,0.2459902204230223,1.5208728215743494,1.5545940205885396,True,False,False,True,0.36002952245871916,0.05287649602778106,0.7457468069249925,ZT
20220126_a03,20220126,2022-01-26,3,additional_2018_2022,contaminated_2016_2022,8.6,2022-01-26 14:48:02.205999999-05:00,2022-01-26 14:49:00-05:00,-0.1304444347390802,3.596734165367543e-05,0.6136363636363636,-1.9667373410464184,1.3026383175736296,0.485976109825988,-1.39653437868614,-1.4008017657218206,True,False,False,True,-0.3600554485784833,0.047914627470872787,-0.7729977734511486,ZT
20220126_a04,20220126,2022-01-26,4,additional_2018_2022,contaminated_2016_2022,8.6,2022-01-26 14:50:14.566000-05:00,2022-01-26 14:51:00-05:00,-0.0127973759155508,3.596734165367543e-05,0.5416666666666666,0.4017623257015538,2.118437813880854,0.7586161996943213,1.1350118736928425,1.121893796431787,True,False,False,True,0.7201757231871994,0.059589612310656945,0.5491637555188846,ZT
20220126_a05,20220126,2022-01-26,5,additional_2018_2022,contaminated_2016_2022,8.6,2022-01-26 14:51:27.466000-05:00,2022-01-26 14:52:00-05:00,-0.2554444347390802,3.596734165367543e-05,0.5294117647058824,0.5642257652452464,1.186639059381357,0.4134573825644933,1.3652359880036808,1.4502218645192526,True,False,False,True,0.36005544857686866,0.03550995607860213,0.625715284825671,ZT
20220126_a06,20220126,2022-01-26,6,additional_2018_2022,contaminated_2016_2022,8.6,2022-01-26 14:53:04.686000-05:00,2022-01-26 14:54:00-05:00,-0.5304444347390802,3.596734165367543e-05,0.5833333333333334,0.0850721859684139,2.0760185968370486,0.5346283594690608,0.3975916775799146,0.3612358073615882,True,False,False,True,0.0,0.00821967901560667,0.11956455707764256,ZT
20220126_a07,20220126,2022-01-26,7,additional_2018_2022,contaminated_2016_2022,8.6,2022-01-26 14:58:01.006000-05:00,2022-01-26 14:59:00-05:00,-0.2594766928035963,3.596734165367543e-05,0.6095890410958904,-0.2860916917924783,1.9590010140931269,0.4454938822234893,1.6510859040603958,1.6447091510410432,True,False,False,True,1.0802052400455397,0.035109805388528884,0.6806472940753053,ZT
20220126_a08,20220126,2022-01-26,8,additional_2018_2022,contaminated_2016_2022,8.6,2022-01-26 15:02:15.245999999-05:00,2022-01-26 15:03:00-05:00,-0.3425656468602923,3.596734165367543e-05,0.689922480620155,0.198763871851114,1.751589118159815,0.1844851188525949,1.730516585501545,1.7620163873813632,True,False,False,True,1.4401440168905304,0.026864276017322573,0.7423236538693011,ZT
20220126_a09,20220126,2022-01-26,9,additional_2018_2022,contaminated_2016_2022,8.6,2022-01-26 15:06:14.316000-05:00,2022-01-26 15:07:00-05:00,-0.2073675116621571,3.596734165367543e-05,0.5895522388059702,-1.5089912292697736,1.4566994929417163,0.6356382751023087,-1.1334994760274413,-1.1183941683241514,True,False,False,True,-1.0802052400461883,0.04028098353716777,-0.6321086613828527,ZT
20220126_a10,20220126,2022-01-26,10,additional_2018_2022,contaminated_2016_2022,8.6,2022-01-26 15:08:52.856000-05:00,2022-01-26 15:09:00-05:00,-0.3804444347390802,3.596734165367543e-05,0.6111111111111112,-2.21738404574801,1.2020084362906014,-0.0413965248254841,-0.8562788605974934,-0.7922130268241719,True,False,False,True,-0.3600813784300202,0.023105284686331464,-0.5955739108604932,ZT
20220126_a11,20220126,2022-01-26,11,additional_2018_2022,contaminated_2016_2022,8.6,2022-01-26 15:10:55.466000-05:00,2022-01-26 15:11:00-05:00,-0.0395353438299893,3.596734165367543e-05,0.509090909090909,-2.843699157276663,1.9236394678216528,-0.734036478813392,-1.322984641526067,-1.2358228381868257,True,False,False,True,-0.7201757231879546,0.056936206665251454,-0.7985621485234042,ZT
20220126_a12,20220126,2022-01-26,12,additional_2018_2022,contaminated_2016_2022,8.6,2022-01-26 15:13:31.896000-05:00,2022-01-26 15:14:00-05:00,-0.1304444347390802,3.596734165367543e-05,0.6818181818181818,-1.7095549616253018,1.2317782001449311,1.0473519466247805,-0.8210474334338977,-0.7179088999074702,True,False,False,True,-1.080866856270223,0.047914627470872787,-0.49965473918421033,ZT
20220126_a13,20220126,2022-01-26,13,additional_2018_2022,contaminated_2016_2022,8.6,2022-01-26 15:14:58.026000-05:00,2022-01-26 15:15:00-05:00,-0.2554444347390802,3.596734165367543e-05,0.4838709677419355,-0.1943085519180306,1.6685269245225258,-0.4854719602770513,1.4363032006463097,1.4101455969234589,True,False,False,True,0.7205908848374811,0.03550995607860213,0.5946561777940012,ZT
20220126_a14,20220126,2022-01-26,14,additional_2018_2022,contaminated_2016_2022,8.6,2022-01-26 15:16:41.016000-05:00,2022-01-26 15:17:00-05:00,-0.2480914935626096,3.596734165367543e-05,0.5970149253731343,-2.4234289808613614,0.6627513566339337,0.2499922337304588,-1.1594265483081714,-1.1109466434482806,True,False,False,True,-1.8015745810519697,0.03623964263108864,-0.7247938497806904,ZT
20220126_a15,20220126,2022-01-26,15,additional_2018_2022,contaminated_2016_2022,8.6,2022-01-26 15:17:33.785999999-05:00,2022-01-26 15:18:00-05:00,-0.1304444347390802,3.596734165367543e-05,0.6363636363636364,-0.0372833929741651,0.2121555864457803,0.8612871119029579,1.950001880087715,1.970690659138344,True,False,False,True,1.4412856292735006,0.047914627470872787,0.8521154950928461,ZT
20220126_a16,20220126,2022-01-26,16,additional_2018_2022,contaminated_2016_2022,8.6,2022-01-26 15:20:22.256000-05:00,2022-01-26 15:21:00-05:00,-0.312262616557262,3.596734165367543e-05,0.5617977528089888,-1.472636753636684,0.3075500314467831,0.0094264059486779,-0.697581856959987,-0.6933652656118062,True,False,False,True,-0.3602629920227381,0.029871469082115458,-0.45434457275343365,ZT
20220126_a17,20220126,2022-01-26,17,additional_2018_2022,contaminated_2016_2022,8.6,2022-01-26 15:21:48.346000-05:00,2022-01-26 15:22:00-05:00,-0.1304444347390802,3.596734165367543e-05,0.525,-0.7362600774796633,1.1295854448980331,0.4190500917850944,0.0273645800348075,0.1463551705696607,True,False,False,True,0.0,0.047914627470872787,-0.0479510750889956,ZT
20220126_a18,20220126,2022-01-26,18,additional_2018_2022,contaminated_2016_2022,8.6,2022-01-26 15:22:25.346000-05:00,2022-01-26 15:23:00-05:00,-0.1304444347390802,3.596734165367543e-05,0.5625,-1.5415999983564943,-0.1717828575855297,-0.9228710491410425,-0.9842007836994288,-1.0006140049008925,True,False,False,True,-1.8015096699720428,0.047914627470872787,-0.5573945541601646,ZT
20220126_a19,20220126,2022-01-26,19,additional_2018_2022,contaminated_2016_2022,8.6,2022-01-26 15:24:40.276000-05:00,2022-01-26 15:25:00-05:00,-0.0395353438299893,3.596734165367543e-05,0.5714285714285714,0.5343145954640767,1.1294304950845877,0.2718996022730903,0.9671327004642356,0.9543155697963422,True,False,False,True,0.7206687809400423,0.056936206665251454,0.4822963102388993,ZT
20220126_a20,20220126,2022-01-26,20,additional_2018_2022,contaminated_2016_2022,8.6,2022-01-26 15:25:56.026000-05:00,2022-01-26 15:26:00-05:00,-0.0471111014057469,3.596734165367543e-05,0.574468085106383,-1.6868386986617945,2.0564991945908004,0.2756199462898772,-0.6697469757011881,-0.6544869371918928,True,False,False,True,-0.7206687809406919,0.056184408399053226,-0.4185302505886713,ZT
20220504_a00,20220504,2022-05-04,0,additional_2018_2022,contaminated_2016_2022,8.6,2022-05-04 14:41:16.915999999-04:00,2022-05-04 14:42:00-04:00,-0.2516513104277273,0.0008169327887115,0.6052631578947368,0.325562440183935,-0.4613161700897786,-0.7214486007311477,1.2919431928071303,1.2864075507050283,True,False,False,True,0.3711057095032113,0.03588637576366105,0.5746047799794989,ZT
20220504_a01,20220504,2022-05-04,1,additional_2018_2022,contaminated_2016_2022,8.6,2022-05-04 14:43:32.736000-04:00,2022-05-04 14:44:00-04:00,-0.4095460472698327,0.0008169327887115,0.5517241379310345,0.3169377094304575,-0.7394654674664342,0.0037643776969947,1.0801682966683892,1.0960423328044018,True,False,False,True,1.8547026037549887,0.020217317162898096,0.4565482782297107,ZT
20220504_a02,20220504,2022-05-04,2,additional_2018_2022,contaminated_2016_2022,8.6,2022-05-04 14:45:34.426000-04:00,2022-05-04 14:46:00-04:00,-0.3849846437610607,0.0008169327887115,0.7068965517241379,0.9706472543234984,-0.4743811268737899,-0.284815040896854,1.61155419326254,1.6295821777579482,True,False,False,True,5.190953027203855,0.02265472627857234,0.746895735391237,ZT
20220504_a03,20220504,2022-05-04,3,additional_2018_2022,contaminated_2016_2022,8.6,2022-05-04 14:46:33.275999999-04:00,2022-05-04 14:47:00-04:00,-0.1405401993166163,0.0008169327887115,0.5789473684210527,0.6024342723584887,0.5555586717651025,-0.0462735104081442,1.3486117894663072,1.459379923500995,True,False,False,True,3.706311891505294,0.0469127503345683,0.6394079495071767,ZT
20220504_a04,20220504,2022-05-04,4,additional_2018_2022,contaminated_2016_2022,8.6,2022-05-04 14:48:39.556000-04:00,2022-05-04 14:49:00-04:00,-0.1463881525329905,0.0008169327887115,0.5384615384615384,-1.5768595529264704,-0.2097198423550815,-0.5170661198794331,-0.9685052168943225,-1.0160100135554078,True,False,False,True,-6.298279296062964,0.04633241483083634,-0.5558827598641899,ZT
20220504_a05,20220504,2022-05-04,5,additional_2018_2022,contaminated_2016_2022,8.6,2022-05-04 14:50:32.216000-04:00,2022-05-04 14:51:00-04:00,-0.3104748398394921,0.0008169327887115,0.5409836065573771,-1.078625618377439,-1.7198231412710558,-0.0109669143835855,0.360944744487009,0.3792553679575765,True,False,False,True,0.0,0.030048883343768967,0.04222656778101614,ZT
20220504_a06,20220504,2022-05-04,6,additional_2018_2022,contaminated_2016_2022,8.6,2022-05-04 14:52:17.855999999-04:00,2022-05-04 14:53:00-04:00,-0.2516513104277273,0.0008169327887115,0.5471698113207547,-0.3050516229454829,-1.300028995491323,-0.7592085817635414,0.7749370774972126,0.7999160934082991,True,False,False,True,1.1111728440799487,0.03588637576366105,0.2962691354468481,ZT
20220504_a07,20220504,2022-05-04,7,additional_2018_2022,contaminated_2016_2022,8.6,2022-05-04 14:54:00.746000-04:00,2022-05-04 14:55:00-04:00,-0.2516513104277273,0.0008169327887115,0.6341463414634146,0.0150676319868058,-0.9097653786729792,-0.7383201150100822,0.8649368353636788,0.8949292341064682,True,False,False,True,2.5916807194445672,0.03588637576366105,0.3619722926101012,ZT
20220504_a08,20220504,2022-05-04,8,additional_2018_2022,contaminated_2016_2022,8.6,2022-05-04 14:56:24.196000-04:00,2022-05-04 14:57:00-04:00,-0.1990197314803589,0.0008169327887115,0.6461538461538462,-0.676820287346275,-0.2420044629526154,-0.640034763392373,0.1861981530095804,0.2054335336611404,True,False,False,True,0.0,0.0411093952972487,0.015894109223023065,ZT
20220504_a09,20220504,2022-05-04,9,additional_2018_2022,contaminated_2016_2022,8.6,2022-05-04 14:58:41.645999999-04:00,2022-05-04 14:59:00-04:00,-0.1990197314803589,0.0008169327887115,0.6666666666666666,-0.6560676447828899,-0.2133120594226829,0.5326197680946029,1.2618684087420249,1.280521160771696,True,False,False,True,0.3699524611503543,0.0411093952972487,0.48909003489566966,ZT
20220504_a10,20220504,2022-05-04,10,additional_2018_2022,contaminated_2016_2022,8.6,2022-05-04 15:00:20.566000-04:00,2022-05-04 15:01:00-04:00,-0.1516513104277273,0.0008169327887115,0.6346153846153846,-1.522540911391658,-0.7568306303995697,0.2616923078784837,-0.8823540672789587,-0.886536958511984,True,False,False,True,-4.070380636782862,0.045810112877477584,-0.5144830850368017,ZT
20220504_a11,20220504,2022-05-04,11,additional_2018_2022,contaminated_2016_2022,8.6,2022-05-04 15:01:40.655999999-04:00,2022-05-04 15:02:00-04:00,-0.5016513104277274,0.0008169327887115,0.5686274509803921,-1.07726730346593,-0.819973082896298,-0.6629620646441261,-0.8120078342827753,-0.8094640386651853,True,False,False,True,-5.1828817982353055,0.011077032979119723,-0.5014891102824905,ZT
20220504_a12,20220504,2022-05-04,12,additional_2018_2022,contaminated_2016_2022,8.6,2022-05-04 15:02:53.245999999-04:00,2022-05-04 15:03:00-04:00,-0.2516513104277273,0.0008169327887115,0.5151515151515151,-2.5688709607339377,-0.7524154461204454,-0.2694256618844642,-0.8727524740366862,-0.8372398319283819,True,False,False,True,-0.3703086523035788,0.03588637576366105,-0.6116182451719484,ZT
20220504_a13,20220504,2022-05-04,13,additional_2018_2022,contaminated_2016_2022,8.6,2022-05-04 15:06:41.696000-04:00,2022-05-04 15:07:00-04:00,-0.2516513104277273,0.0008169327887115,0.6371681415929203,0.1565557110792338,-0.9761792367632376,-1.4842187185924136,1.604753401252457,1.6044150736958491,True,False,False,True,0.7403842597678981,0.03588637576366105,0.6978567864810578,ZT
20220504_a14,20220504,2022-05-04,14,additional_2018_2022,contaminated_2016_2022,8.6,2022-05-04 15:08:03.496000-04:00,2022-05-04 15:09:00-04:00,-0.3516513104277274,0.0008169327887115,0.7352941176470589,-1.6466415743330785,-0.3767584284115174,-0.4223955242740431,-0.6152693181870187,-0.5022528661753595,True,False,False,True,-1.8509263939414553,0.025962638649844508,-0.4386530262603119,ZT
20220504_a15,20220504,2022-05-04,15,additional_2018_2022,contaminated_2016_2022,8.6,2022-05-04 15:10:51.856000-04:00,2022-05-04 15:11:00-04:00,-0.293317977094394,0.0008169327887115,0.5384615384615384,-0.4093401534762894,-0.0386743881707712,-0.2204780369235049,0.3309793245672788,0.2935547264133249,True,False,False,True,0.0,0.03175148529957082,0.08664672753855836,ZT
20220504_a16,20220504,2022-05-04,16,additional_2018_2022,contaminated_2016_2022,8.6,2022-05-04 15:12:00.266000-04:00,2022-05-04 15:13:00-04:00,-0.2516513104277273,0.0008169327887115,0.6046511627906976,-1.2086385927273178,-0.5545372133153885,-0.147044390173628,-0.9803051849895664,-1.037330087863794,True,False,False,True,-0.740356852340618,0.03588637576366105,-0.5472045929724618,ZT
20220504_a17,20220504,2022-05-04,17,additional_2018_2022,contaminated_2016_2022,8.6,2022-05-04 15:13:31.096000-04:00,2022-05-04 15:14:00-04:00,-0.2516513104277273,0.0008169327887115,0.5609756097560976,0.4161742820375264,-0.7670632159943079,-0.7390392745935224,1.0728600348614803,0.9934068775838,True,False,False,True,0.3701852777734646,0.03588637576366105,0.4860063484438625,ZT
20220504_a18,20220504,2022-05-04,18,additional_2018_2022,contaminated_2016_2022,8.6,2022-05-04 15:16:01.056000-04:00,2022-05-04 15:17:00-04:00,-0.2516513104277273,0.0008169327887115,0.5694444444444444,-2.778924894228284,0.5720421584219788,-0.6220926193570366,-1.0066704485749467,-0.9933754998669432,True,False,False,True,-0.370240100747764,0.03588637576366105,-0.6875450962614292,ZT
20220504_a19,20220504,2022-05-04,19,additional_2018_2022,contaminated_2016_2022,8.6,2022-05-04 15:18:25.976000-04:00,2022-05-04 15:19:00-04:00,-0.1087941675705845,0.0008169327887115,0.6282051282051282,-1.787722468031293,-1.035939300269766,-1.0379160045785505,-0.8110941850056687,-0.7869786549824425,True,False,False,True,-1.110884820901425,0.05006314306911323,-0.49834020504448484,ZT
20220615_a00,20220615,2022-06-15,0,additional_2018_2022,contaminated_2016_2022,8.6,2022-06-15 14:42:21.966000-04:00,2022-06-15 14:43:00-04:00,0.1910156313954002,-0.0007886731513125,0.5584415584415584,-0.4522235218702393,1.1654747369405971,0.2244279556627142,-1.3385975211154535,-1.3851450969748444,True,False,False,True,-0.7499062620684545,0.07981547935995939,-0.5734664379772147,ZT
20220615_a01,20220615,2022-06-15,1,additional_2018_2022,contaminated_2016_2022,8.6,2022-06-15 14:45:44.186000-04:00,2022-06-15 14:46:00-04:00,0.1341594441044303,-0.0007886731513125,0.6548672566371682,0.987918459633368,0.5512723572096374,-0.1689033691491875,1.000368479169114,1.0454634538783685,True,False,False,True,2.2492127850114256,0.07417322080026437,0.5610425303890234,ZT
20220615_a02,20220615,2022-06-15,2,additional_2018_2022,contaminated_2016_2022,8.6,2022-06-15 14:48:28.956000-04:00,2022-06-15 14:49:00-04:00,-0.0397535993738305,-0.0007886731513125,0.5476190476190477,0.8934102044281917,1.2409119429892177,-0.8433482142849297,1.387517215981631,1.3768448085032754,True,False,False,True,1.1239954302677824,0.05691454755884432,0.6959782752142579,ZT
20220615_a03,20220615,2022-06-15,3,additional_2018_2022,contaminated_2016_2022,8.6,2022-06-15 14:49:12.196000-04:00,2022-06-15 14:50:00-04:00,-0.2619758215960527,-0.0007886731513125,0.64,0.7302893317068466,1.2911437190320068,-0.1083245984672602,1.2469353013015032,1.2043433262803251,True,False,False,True,1.8730450147485926,0.03486179841702981,0.5864660309578111,ZT
20220615_a04,20220615,2022-06-15,4,additional_2018_2022,contaminated_2016_2022,8.6,2022-06-15 14:51:22.356000-04:00,2022-06-15 14:52:00-04:00,0.0371694775492464,-0.0007886731513125,0.5344827586206896,-1.0840168937051942,1.120928485503199,0.350684671463267,-0.6864293054262438,-0.6603108530185032,True,False,False,True,-3.746721662413886,0.06454819149254934,-0.36331361006889495,ZT
20220615_a05,20220615,2022-06-15,5,additional_2018_2022,contaminated_2016_2022,8.6,2022-06-15 14:52:08.306000-04:00,2022-06-15 14:53:00-04:00,-0.4397535993738305,-0.0007886731513125,0.35,-0.987336580573403,2.2774369998635144,0.5251308378910814,-0.8253057501233029,-0.881930120705802,True,False,False,True,-1.4990818151976675,0.017219599103578197,-0.49032904733769317,ZT
20220615_a06,20220615,2022-06-15,6,additional_2018_2022,contaminated_2016_2022,8.6,2022-06-15 14:54:40.675999999-04:00,2022-06-15 14:55:00-04:00,-0.230229789850021,-0.0007886731513125,0.5882352941176471,0.904558586331624,0.6162570968432721,-0.214432886088837,1.1980211122579802,1.2543600006449869,True,False,False,True,4.1247164842241615,0.03801219115157474,0.5842485382312027,ZT
20220615_a08,20220615,2022-06-15,8,additional_2018_2022,contaminated_2016_2022,8.6,2022-06-15 14:56:40.086000-04:00,2022-06-15 14:57:00-04:00,-0.0397535993738305,-0.0007886731513125,0.5849056603773585,-1.1612291823439789,1.5447214264215077,1.4212014689851769,-1.0623800497688294,-1.0636815239610724,True,False,False,True,-1.8748711081041831,0.05691454755884432,-0.5463818982275481,ZT
20220615_a09,20220615,2022-06-15,9,additional_2018_2022,contaminated_2016_2022,8.6,2022-06-15 14:59:24.326000-04:00,2022-06-15 15:00:00-04:00,-0.0397535993738305,-0.0007886731513125,0.603448275862069,0.583697609657146,1.2275342632205866,-0.1351239032617172,1.1014840497633978,1.08580775262241,True,False,False,True,2.9992876916620346,0.05691454755884432,0.5452021149932311,ZT
20220615_a10,20220615,2022-06-15,10,additional_2018_2022,contaminated_2016_2022,8.6,2022-06-15 15:00:51.916000-04:00,2022-06-15 15:01:00-04:00,-0.6647535993738305,-0.0007886731513125,0.5,-0.1469900677991146,1.8340038329339663,-1.255223929696804,-1.2297086895191387,-1.281261820293481,True,False,False,True,-2.9994001424621684,-0.00510880940250899,-0.6336148552159351,ZT
20220615_a11,20220615,2022-06-15,11,additional_2018_2022,contaminated_2016_2022,8.6,2022-06-15 15:02:05.195999999-04:00,2022-06-15 15:03:00-04:00,-0.4147535993738305,-0.0007886731513125,0.5217391304347826,-0.1801193477578517,0.8103524302747642,0.7044671366704666,0.4256196935666767,0.4003756024599929,True,False,False,True,0.0,0.019700533382032336,0.12806884815540664,ZT
20220615_a12,20220615,2022-06-15,12,additional_2018_2022,contaminated_2016_2022,8.6,2022-06-15 15:03:59.296000-04:00,2022-06-15 15:04:00-04:00,-0.0397535993738305,-0.0007886731513125,0.5918367346938775,1.275905514961604,1.0242876918504296,-0.2646964395910386,0.6737599625621721,0.6795845179848822,True,False,False,True,3.372618120443173,0.05691454755884432,0.41448971121434897,ZT
20220615_a13,20220615,2022-06-15,13,additional_2018_2022,contaminated_2016_2022,8.6,2022-06-15 15:05:50.736000-04:00,2022-06-15 15:06:00-04:00,-0.1574006581973599,-0.0007886731513125,0.6,1.586096846809662,1.2765939651881772,-0.3758326085362992,0.8120206344031926,0.8443778153572046,True,False,False,True,3.746581288439888,0.04523956271906017,0.48226077556030167,ZT
20220615_a15,20220615,2022-06-15,15,additional_2018_2022,contaminated_2016_2022,8.6,2022-06-15 15:07:51.535999999-04:00,2022-06-15 15:08:00-04:00,0.1602464006261695,-0.0007886731513125,0.44,-1.4525066819900003,0.8304835771547414,0.4775371291406405,-0.6186682755322861,-0.7242439098539043,True,False,False,True,-1.4986325006507795,0.07676202178647738,-0.34471797932836884,ZT
20220615_a16,20220615,2022-06-15,16,additional_2018_2022,contaminated_2016_2022,8.6,2022-06-15 15:09:25.836000-04:00,2022-06-15 15:10:00-04:00,-0.0397535993738305,-0.0007886731513125,0.627906976744186,1.6837817293136983,1.1513925955474724,0.1112176422740077,1.2810234240206702,1.186983285015623,True,False,False,True,0.37465110620214176,0.05691454755884432,0.7141200671027536,ZT
20220615_a17,20220615,2022-06-15,17,additional_2018_2022,contaminated_2016_2022,8.6,2022-06-15 15:10:20.445999999-04:00,2022-06-15 15:11:00-04:00,-0.0397535993738305,-0.0007886731513125,0.6153846153846154,1.094043215849406,0.7658951734653613,0.1443596524811379,1.2107613164862354,1.1371941999599553,True,False,False,True,2.996703648438045,0.05691454755884432,0.6349561386511707,ZT
20220615_a18,20220615,2022-06-15,18,additional_2018_2022,contaminated_2016_2022,8.6,2022-06-15 15:11:52.365999999-04:00,2022-06-15 15:12:00-04:00,-0.0397535993738305,-0.0007886731513125,0.5925925925925926,-1.7625197783533617,-0.1508900926745311,1.300698235918655,-1.2853678546867322,-1.246882192982283,True,False,False,True,-1.1236165483085407,0.05691454755884432,-0.6934368490924335,ZT
20220615_a19,20220615,2022-06-15,19,additional_2018_2022,contaminated_2016_2022,8.6,2022-06-15 15:13:00.555999999-04:00,2022-06-15 15:14:00-04:00,-0.2540393136595448,-0.0007886731513125,0.5,1.201601019067729,1.194090255428669,-0.2727488856907883,1.1971994520414062,1.204417837046034,True,False,False,True,1.498071236089069,0.035649396600666045,0.6045518527840955,ZT
20220615_a20,20220615,2022-06-15,20,additional_2018_2022,contaminated_2016_2022,8.6,2022-06-15 15:14:42.596000-04:00,2022-06-15 15:15:00-04:00,-0.1508647104849416,-0.0007886731513125,0.5652173913043478,-0.3373686797770315,1.5482243226378896,0.151291319775004,1.028025690888393,1.0024042305471297,True,False,False,True,1.872273507181393,0.04588817298793707,0.4202072245475671,ZT
20220615_a21,20220615,2022-06-15,21,additional_2018_2022,contaminated_2016_2022,8.6,2022-06-15 15:16:28.785999999-04:00,2022-06-15 15:17:00-04:00,0.1602464006261694,-0.0007886731513125,0.66,-0.965841128956413,1.168386119100295,-0.1232051265866305,-0.8620029148509135,-0.9175433251025192,True,False,False,True,-0.748867338500804,0.07676202178647737,-0.41146489585109525,ZT
20220615_a22,20220615,2022-06-15,22,additional_2018_2022,contaminated_2016_2022,8.6,2022-06-15 15:18:03.805999999-04:00,2022-06-15 15:19:00-04:00,-0.1508647104849416,-0.0007886731513125,0.6170212765957447,-0.5888781073829648,0.187062818626109,-0.1196062145000056,-1.42723135384216,-1.396277440983086,True,False,False,True,-1.1234903110783405,0.04588817298793707,-0.6766221349253249,ZT
20220615_a23,20220615,2022-06-15,23,additional_2018_2022,contaminated_2016_2022,8.6,2022-06-15 15:19:55.376000-04:00,2022-06-15 15:20:00-04:00,-0.1230869327071638,-0.0007886731513125,0.5961538461538461,1.283794956859264,0.8506825581370695,-0.1837576074911213,1.3111042697619029,1.3338889052992993,True,False,False,True,0.7490075653258605,0.04864476663066388,0.6815585729999448,ZT
20220615_a25,20220615,2022-06-15,25,additional_2018_2022,contaminated_2016_2022,8.6,2022-06-15 15:24:05.586000-04:00,2022-06-15 15:25:00-04:00,-0.0027165623367934,-0.0007886731513125,0.6174496644295302,1.2040140591013833,0.7403626651050145,-0.2372163668495677,1.0103260904612494,1.0396893536748293,True,False,False,True,0.7488953796654078,0.06059000574914675,0.5618715220795794,ZT
20220615_a26,20220615,2022-06-15,26,additional_2018_2022,contaminated_2016_2022,8.6,2022-06-15 15:27:01.396000-04:00,2022-06-15 15:28:00-04:00,-0.0873726469928781,-0.0007886731513125,0.5918367346938775,-1.3552300668054087,1.0486696990418942,-0.2318967085629102,-1.535744790470961,-1.542039213642089,True,False,False,True,-1.1232379216931232,0.05218895845702693,-0.7771761965557918,ZT
20220727_a00,20220727,2022-07-27,0,additional_2018_2022,contaminated_2016_2022,8.6,2022-07-27 14:39:05.716000-04:00,2022-07-27 14:40:00-04:00,0.4111953354088981,-7.443799315165478e-05,0.5666666666666667,0.51030205884112,-0.0384493063256542,-2.8629228954786208,0.9280905150482542,0.9265291300586328,True,False,False,True,5.951716873973946,0.10166553436423825,0.533217174624365,ZT
20220727_a01,20220727,2022-07-27,1,additional_2018_2022,contaminated_2016_2022,8.6,2022-07-27 14:42:49.106000-04:00,2022-07-27 14:43:00-04:00,-0.19691277269921,-7.443799315165478e-05,0.5163934426229508,1.093154111900987,0.4421690718188197,-0.06032098088188,1.2607481562117078,1.2591068612290637,True,False,False,True,0.7433562538263542,0.041318484347786386,0.6323852012912634,ZT
20220727_a02,20220727,2022-07-27,2,additional_2018_2022,contaminated_2016_2022,8.6,2022-07-27 14:44:48.126000-04:00,2022-07-27 14:45:00-04:00,0.1611953354088981,-7.443799315165478e-05,0.5471698113207547,1.6746478941647625,-1.2173445292161145,-0.2033611995096496,1.6242824473631297,1.6394710701313986,True,False,False,True,0.7433562538263542,0.07685619157969693,0.8950397971335495,ZT
20220727_a03,20220727,2022-07-27,3,additional_2018_2022,contaminated_2016_2022,8.6,2022-07-27 14:45:46.186000-04:00,2022-07-27 14:46:00-04:00,-0.2138046645911019,-7.443799315165478e-05,0.5757575757575758,-1.0880179391728864,-0.8732370083423269,-0.2595337172404314,-1.199913003292701,-1.146339692950156,True,False,False,True,-0.7433562538267623,0.03964217740288495,-0.6276938855929436,ZT
20220727_a04,20220727,2022-07-27,4,additional_2018_2022,contaminated_2016_2022,8.6,2022-07-27 14:47:25.885999999-04:00,2022-07-27 14:48:00-04:00,-0.2706228464092837,-7.443799315165478e-05,0.6,-0.9714856059175156,-0.1266206622892416,0.4661089065581537,-1.2224354548819845,-1.1901219965744383,True,False,False,True,-0.3716574062454672,0.03400369040639828,-0.6368333706253395,ZT
20220727_a05,20220727,2022-07-27,5,additional_2018_2022,contaminated_2016_2022,8.6,2022-07-27 14:48:47.316000-04:00,2022-07-27 14:49:00-04:00,-0.5888046645911019,-7.443799315165478e-05,0.575,-1.2806001035965568,-0.5367049960882392,-0.7118474176190939,-1.3041446205448388,-1.3087378791251292,True,False,False,True,-1.1150551034616065,0.002428163226072963,-0.7474171273791251,ZT
20220727_a06,20220727,2022-07-27,6,additional_2018_2022,contaminated_2016_2022,8.6,2022-07-27 14:49:54.286000-04:00,2022-07-27 14:50:00-04:00,-0.1888046645911019,-7.443799315165478e-05,0.6153846153846154,-1.1568829986132496,0.5648629064027127,-0.0663184221666811,-1.3246155160734676,-1.3112933455462126,True,False,False,True,-1.1151379994833497,0.04212311168133907,-0.6841192629293428,ZT
20220727_a07,20220727,2022-07-27,7,additional_2018_2022,contaminated_2016_2022,8.6,2022-07-27 14:51:12.796000-04:00,2022-07-27 14:52:00-04:00,-0.5433501191365564,-7.443799315165478e-05,0.5116279069767442,1.4916264723276664,0.2647288599525946,-0.3406800861407997,1.330652673139329,1.3451362959619744,True,False,False,True,0.37180941053975075,0.00693895282326229,0.641900567661034,ZT
20220727_a08,20220727,2022-07-27,8,additional_2018_2022,contaminated_2016_2022,8.6,2022-07-27 14:52:18.156000-04:00,2022-07-27 14:53:00-04:00,-0.2138046645911019,-7.443799315165478e-05,0.4864864864864865,0.5325025051541171,0.0947129146100211,0.5495283610879834,1.416435947034531,1.4796887664933331,True,False,False,True,0.7436049973674815,0.03964217740288495,0.6520229344285364,ZT
20220727_a09,20220727,2022-07-27,9,additional_2018_2022,contaminated_2016_2022,8.6,2022-07-27 14:53:42.196000-04:00,2022-07-27 14:54:00-04:00,-0.5173760931625304,-7.443799315165478e-05,0.3684210526315789,0.6435359209831332,0.5905069693535703,-0.860519345479959,0.8616210145474055,0.8686946523639296,True,False,False,True,1.1152209078293942,0.009516546878799055,0.37079150667923766,ZT
20220727_a10,20220727,2022-07-27,10,additional_2018_2022,contaminated_2016_2022,8.6,2022-07-27 14:54:11.735999999-04:00,2022-07-27 14:55:00-04:00,-0.0888046645911019,-7.443799315165478e-05,0.5384615384615384,1.8513498882837711,-0.5145168420186504,0.925184165281067,0.3051746852801959,0.3158130342175652,True,False,False,True,0.0,0.05204684879515561,0.2925050719756351,ZT
20220727_a11,20220727,2022-07-27,11,additional_2018_2022,contaminated_2016_2022,8.6,2022-07-27 14:55:20.355999999-04:00,2022-07-27 14:56:00-04:00,-0.2316618074482447,-7.443799315165478e-05,0.4827586206896552,-0.9293101662758636,0.8393391753132267,-2.135073620778741,-1.335636426054594,-1.305158155466991,True,False,False,True,-0.37171266615209503,0.03787008148970343,-0.6769422573136283,ZT
20220727_a12,20220727,2022-07-27,12,additional_2018_2022,contaminated_2016_2022,8.6,2022-07-27 14:57:34.826000-04:00,2022-07-27 14:58:00-04:00,-0.0263046645911018,-7.443799315165478e-05,0.5714285714285714,0.0924930018734013,0.1453722629318555,-1.5086892730508683,-0.0304098320310316,-0.0329057109485966,True,False,False,True,0.0,0.05824918449129095,0.010867505572520537,ZT
20220727_a13,20220727,2022-07-27,13,additional_2018_2022,contaminated_2016_2022,8.6,2022-07-27 14:59:16.446000-04:00,2022-07-27 15:00:00-04:00,-0.0221379979244352,-7.443799315165478e-05,0.6086956521739131,-0.8451197463111223,0.2836202479009302,0.3008947022770016,-0.9803915334816754,-0.8991082662222506,True,False,False,True,-1.1148893483869577,0.058662673537699966,-0.4817832362984869,ZT
20220727_a14,20220727,2022-07-27,14,additional_2018_2022,contaminated_2016_2022,8.6,2022-07-27 15:01:58.046000-04:00,2022-07-27 15:02:00-04:00,-0.1288046645911019,-7.443799315165478e-05,0.5142857142857142,-1.4992859307262063,-0.6931399117633723,-0.5069280757647501,-1.1200969424490488,-1.115809973852763,True,False,False,True,-1.1153038285067791,0.048077353949629,-0.6132363567879096,ZT
20220727_a15,20220727,2022-07-27,15,additional_2018_2022,contaminated_2016_2022,8.6,2022-07-27 15:04:32.566000-04:00,2022-07-27 15:05:00-04:00,-0.2388046645911019,-7.443799315165478e-05,0.5274725274725275,-0.588764611453463,-0.5505151556287493,-1.0134774358172545,-1.0048672634004183,-0.964578985528936,True,False,False,True,-0.37172648369656347,0.03716124312443081,-0.5051378186966688,ZT
20220727_a16,20220727,2022-07-27,16,additional_2018_2022,contaminated_2016_2022,8.6,2022-07-27 15:05:31.555999999-04:00,2022-07-27 15:06:00-04:00,-0.3388046645911019,-7.443799315165478e-05,0.5357142857142857,2.155967741811748,-0.5889863183608027,-0.1563053528348296,0.7274887767454604,0.7721794953474741,True,False,False,True,0.7434391498487707,0.02723750601061428,0.4637711001533199,ZT
20220727_a17,20220727,2022-07-27,17,additional_2018_2022,contaminated_2016_2022,8.6,2022-07-27 15:06:32.321862068-04:00,2022-07-27 15:07:00-04:00,-0.2138046645911019,-7.443799315165478e-05,0.7692307692307693,-1.6658666761714818,0.0863480776308471,0.5363494954754334,-0.8914640640625303,-0.7861798219494692,True,False,False,True,-1.8586324236172338,0.03964217740288495,-0.5398839054914818,ZT
20220727_a18,20220727,2022-07-27,18,additional_2018_2022,contaminated_2016_2022,8.6,2022-07-27 15:07:55.236000-04:00,2022-07-27 15:08:00-04:00,-0.1602332360196733,-7.443799315165478e-05,0.575,1.4536130573800872,-0.0323411141461114,-0.5167463562288748,1.0465619924138054,1.000926041899807,True,False,False,True,1.1152209078293942,0.044958465142429516,0.5737609583798047,ZT
20220727_a19,20220727,2022-07-27,19,additional_2018_2022,contaminated_2016_2022,8.6,2022-07-27 15:09:20.995999999-04:00,2022-07-27 15:10:00-04:00,-0.0221379979244352,-7.443799315165478e-05,0.5454545454545454,-1.544147131084368,0.7617311492485462,-0.0975989285768305,-1.2424435361671669,-1.18327521794491,True,False,False,True,-0.3717679424931604,0.058662673537699966,-0.6539767194812132,ZT
20220727_a20,20220727,2022-07-27,20,additional_2018_2022,contaminated_2016_2022,8.6,2022-07-27 15:10:43.836000-04:00,2022-07-27 15:11:00-04:00,-0.4888046645911019,-7.443799315165478e-05,0.6585365853658537,0.8063668383043402,0.1708249312401419,-0.6572516619384909,1.0428849898202337,1.1273055949649815,True,False,False,True,0.7434944241343528,0.01235190033988949,0.4680358802097777,ZT
20220727_a21,20220727,2022-07-27,21,additional_2018_2022,contaminated_2016_2022,8.6,2022-07-27 15:12:57.996000-04:00,2022-07-27 15:13:00-04:00,-0.2792808550672924,-7.443799315165478e-05,0.5932203389830508,1.4799170784175024,1.103857687177013,0.1711135566531613,0.7138804203246161,0.7183818724148097,True,False,False,True,1.8581489174001418,0.033144492387886026,0.4116059453556975,ZT
20220727_a22,20220727,2022-07-27,22,additional_2018_2022,contaminated_2016_2022,8.6,2022-07-27 15:15:33.656000-04:00,2022-07-27 15:16:00-04:00,-0.0530903788768161,-7.443799315165478e-05,0.6136363636363636,1.3865597851039688,0.2990677497982083,-0.2669942530921876,0.9279529639219312,0.9211015846657832,True,False,False,True,0.7432733762893103,0.055591040621518664,0.532912785281387,ZT
20220727_a23,20220727,2022-07-27,23,additional_2018_2022,contaminated_2016_2022,8.6,2022-07-27 15:16:51.116000-04:00,2022-07-27 15:17:00-04:00,-0.1797137555001928,-7.443799315165478e-05,0.675,-0.4203844245175007,0.0793959272205537,0.5399703385753012,-1.383768191736641,-1.289397022326342,True,False,False,True,-1.114930782536042,0.04302526960077695,-0.6482330083493849,ZT
20220727_a24,20220727,2022-07-27,24,additional_2018_2022,contaminated_2016_2022,8.6,2022-07-27 15:19:00.216000-04:00,2022-07-27 15:20:00-04:00,-0.3195738953603326,-7.443799315165478e-05,0.515625,1.2281840368499488,-0.4244047259149602,0.0441260760117873,0.9635407714563174,0.9480143667767864,True,False,False,True,0.7433010000820481,0.02914591699404054,0.4941351606652166,ZT
20220727_a25,20220727,2022-07-27,25,additional_2018_2022,contaminated_2016_2022,8.6,2022-07-27 15:20:45.236000-04:00,2022-07-27 15:21:00-04:00,-0.6443602201466575,-7.443799315165478e-05,0.6046511627906976,-0.0483100091357032,0.471694464619952,-1.342410578500794,0.1595412491226589,0.1242582615806382,True,False,False,True,0.0,-0.0030850240593806727,-0.013410511685572266,ZT
20220727_a26,20220727,2022-07-27,26,additional_2018_2022,contaminated_2016_2022,8.6,2022-07-27 15:23:04.496000-04:00,2022-07-27 15:24:00-04:00,-0.3745189503053876,-7.443799315165478e-05,0.5735294117647058,0.1499660100410652,0.3287199930368681,-0.6762314217961612,0.1122019644717507,0.105735226084654,True,False,False,True,0.0,0.023693314184251236,0.02400997598118669,ZT
20220727_a27,20220727,2022-07-27,27,additional_2018_2022,contaminated_2016_2022,8.6,2022-07-27 15:25:10.745999999-04:00,2022-07-27 15:26:00-04:00,-0.2064517234146313,-7.443799315165478e-05,0.6984126984126984,-0.8686262027706797,0.2304917337811231,0.3764280155352014,-0.0616106286866784,-0.0639652503441126,True,False,False,True,0.0,0.040371863955371456,-0.10961170622801308,ZT
20220921_a00,20220921,2022-09-21,0,additional_2018_2022,contaminated_2016_2022,8.7,2022-09-21 14:41:28.776000-04:00,2022-09-21 14:42:00-04:00,-0.4500128885638854,-0.0018561309140497,0.5679012345679012,0.4311061507401881,0.5454829135490262,-0.3088907098721164,0.8279236301033284,0.8459985382401635,True,False,False,True,1.5161852807447578,0.016201494214610958,0.34906130996575424,ZT
20220921_a01,20220921,2022-09-21,1,additional_2018_2022,contaminated_2016_2022,8.7,2022-09-21 14:42:49.596000-04:00,2022-09-21 14:43:00-04:00,-0.0653975039485008,-0.0018561309140497,0.5945945945945946,-1.9195630092098364,-0.1615861201553055,-0.5296339042208236,-1.3030020691064654,-1.2814054649851008,True,False,False,True,-0.37902476931404583,0.05436971388313607,-0.7180287478437599,ZT
20220921_a03,20220921,2022-09-21,3,additional_2018_2022,contaminated_2016_2022,8.7,2022-09-21 14:44:15.525999999-04:00,2022-09-21 14:45:00-04:00,-0.3511117896627865,-0.0018561309140497,0.6046511627906976,0.5043849327067597,0.4879985078713871,-0.5167010690895308,1.265496093801921,1.260510023217183,True,False,False,True,3.0316810903721034,0.0260161792722317,0.5622308107541424,ZT
20220921_a04,20220921,2022-09-21,4,additional_2018_2022,contaminated_2016_2022,8.7,2022-09-21 14:47:28.836000-04:00,2022-09-21 14:48:00-04:00,-0.1706606618432376,-0.0018561309140497,0.6160714285714286,-0.5576747291615874,0.1424030538868685,1.5909194246885476,0.0484777955302437,0.0232358965525957,True,False,False,True,0.0,0.04392367481596078,-0.030296304501510538,ZT
20220921_a05,20220921,2022-09-21,5,additional_2018_2022,contaminated_2016_2022,8.7,2022-09-21 14:48:01.326000-04:00,2022-09-21 14:49:00-04:00,-0.0653975039485008,-0.0018561309140497,0.5,-0.9000962777883966,-0.4161642751509206,0.3507981638913846,-1.034070111322108,-1.0072327297616486,True,False,False,True,-1.1372467269026443,0.05436971388313607,-0.5165394031516731,ZT
20220921_a06,20220921,2022-09-21,6,additional_2018_2022,contaminated_2016_2022,8.7,2022-09-21 14:50:06.576000-04:00,2022-09-21 14:51:00-04:00,-0.2472156857666826,-0.0018561309140497,0.490566037735849,-1.8722705743516297,-0.3284203182170259,0.7352977857074645,-1.3622620578148832,-1.248469963438734,True,False,False,True,-1.8950520248490368,0.03632655549437874,-0.7683636795507485,ZT
20220921_a07,20220921,2022-09-21,7,additional_2018_2022,contaminated_2016_2022,8.7,2022-09-21 14:51:18.876000-04:00,2022-09-21 14:52:00-04:00,-0.0653975039485008,-0.0018561309140497,0.6,0.2848044058293499,0.5856061175347853,0.482912391024462,1.329726802582475,1.3395024373046134,True,False,False,True,1.1370743090307414,0.05436971388313607,0.6167508693679545,ZT
20220921_a08,20220921,2022-09-21,8,additional_2018_2022,contaminated_2016_2022,8.7,2022-09-21 14:52:42.705999999-04:00,2022-09-21 14:53:00-04:00,-0.0653975039485008,-0.0018561309140497,0.4893617021276595,1.0948243409362717,1.2849799709970244,0.0300668655948524,1.6182547718207074,1.7313208213683735,True,False,False,True,1.1369019434323915,0.05436971388313607,0.809652284474284,ZT
20220921_a10,20220921,2022-09-21,10,additional_2018_2022,contaminated_2016_2022,8.7,2022-09-21 14:54:46.885999999-04:00,2022-09-21 14:55:00-04:00,0.2203167817657849,-0.0018561309140497,0.4871794871794871,0.0554303248987861,0.9855760126615022,0.1252768399668501,0.9641353067548192,0.9702366734228142,True,False,False,True,0.3788811639681296,0.08272324849404043,0.4820656019396698,ZT
20220921_a11,20220921,2022-09-21,11,additional_2018_2022,contaminated_2016_2022,8.7,2022-09-21 14:55:37.185999999-04:00,2022-09-21 14:56:00-04:00,-0.0653975039485008,-0.0018561309140497,0.4666666666666667,0.8579125795886421,0.1944254411851052,0.3314144897164583,1.1772068222662897,1.221210970040218,True,False,False,True,0.7577192653743076,0.05436971388313607,0.5968997744237705,ZT
20220921_a13,20220921,2022-09-21,13,additional_2018_2022,contaminated_2016_2022,8.7,2022-09-21 14:58:02.796000-04:00,2022-09-21 14:59:00-04:00,-0.0653975039485008,-0.0018561309140497,0.5538461538461539,-0.94816361467853,-0.2104968677413629,0.4248920843336191,-1.1354814244923517,-1.1457508956654618,True,False,False,True,-1.1364282073712049,0.05436971388313607,-0.5649327376676724,ZT
20220921_a14,20220921,2022-09-21,14,additional_2018_2022,contaminated_2016_2022,8.7,2022-09-21 15:01:05.445999999-04:00,2022-09-21 15:02:00-04:00,-0.3987308372818341,-0.0018561309140497,0.6,0.0094397060340569,1.12844862839767,0.2421632168163324,1.2156599225945095,1.2069011539713668,True,False,False,True,0.37883810358114917,0.021290590170414306,0.4923986213837134,ZT
20220921_a16,20220921,2022-09-21,16,additional_2018_2022,contaminated_2016_2022,8.7,2022-09-21 15:03:47.056000-04:00,2022-09-21 15:04:00-04:00,0.1846024960514992,-0.0018561309140497,0.8235294117647058,-1.5278359268030632,0.3378236905300184,-1.6347694304757363,-1.1333057304581209,-1.1419917305837373,True,False,False,True,-0.3788811639679919,0.0791790566676774,-0.5726920235110526,ZT
20220921_a17,20220921,2022-09-21,17,additional_2018_2022,contaminated_2016_2022,8.7,2022-09-21 15:06:22.615999999-04:00,2022-09-21 15:07:00-04:00,-0.3320641706151674,-0.0018561309140497,0.6811594202898551,-1.3485734064168726,0.5591753772068204,0.3435868013043679,-0.878536322810333,-0.9126492352250009,True,False,False,True,-1.1368588601975183,0.02790641491295866,-0.5265621564381524,ZT
20220921_a18,20220921,2022-09-21,18,additional_2018_2022,contaminated_2016_2022,8.7,2022-09-21 15:08:19.236000-04:00,2022-09-21 15:09:00-04:00,-0.4820641706151675,-0.0018561309140497,0.5873015873015873,-1.8064228111384668,0.474116853032119,-0.7966885599254938,-1.3120885816680958,-1.302182820540675,True,False,False,True,-1.1370312127320805,0.01302080924223386,-0.7774455159053205,ZT
20220921_a19,20220921,2022-09-21,19,additional_2018_2022,contaminated_2016_2022,8.7,2022-09-21 15:09:11.476000-04:00,2022-09-21 15:10:00-04:00,0.3346024960514991,-0.0018561309140497,0.5641025641025641,-1.5660698810039693,0.6326820058488254,-0.3870810339671087,-1.0759329734228535,-1.011402003931427,True,False,False,True,-1.895267522683248,0.09406466233840217,-0.5273831118633348,ZT
20220921_a21,20220921,2022-09-21,21,additional_2018_2022,contaminated_2016_2022,8.7,2022-09-21 15:11:43.586000-04:00,2022-09-21 15:12:00-04:00,-0.5653975039485009,-0.0018561309140497,0.6,-1.542898775381147,0.7794399482969521,-0.2689145881501588,-0.7879665607637883,-0.7088902177519821,True,False,False,True,-0.7581213755953771,0.00475102831405342,-0.5390395277996854,ZT
20220921_a22,20220921,2022-09-21,22,additional_2018_2022,contaminated_2016_2022,8.7,2022-09-21 15:14:02.295999999-04:00,2022-09-21 15:15:00-04:00,-0.1487308372818341,-0.0018561309140497,0.6197183098591549,0.0979233640738389,0.593445990959193,-0.1968711363674431,1.6186316616907297,1.6463789920114067,True,False,False,True,2.2736746469550564,0.04609993295495563,0.7151160428020572,ZT
20230322_a01,20230322,2023-03-22,1,primary_2023_2026,confirmation_2023_2026_powell,10.4,2023-03-22 14:42:30.366000-04:00,2023-03-22 14:43:00-04:00,0.1891703586081589,0.001703642008026,0.6081081081081081,-0.1876475757893702,1.0282233450953957,-1.1305242499744634,-0.1940075664248572,-0.2524470995217768,True,False,False,False,0.0,0.07963235933952076,-0.050351139945517306,ZT
20230322_a02,20230322,2023-03-22,2,primary_2023_2026,confirmation_2023_2026_powell,10.4,2023-03-22 14:43:37.146000-04:00,2023-03-22 14:44:00-04:00,-0.3259811565433562,0.001703642008026,0.5384615384615384,-1.516817728213887,1.3856401385346724,-0.1795199812649326,-1.076553363792466,-1.1758624413541665,True,False,False,False,-3.396803263398395,0.02851007723804167,-0.626211585649106,ZT
20230322_a03,20230322,2023-03-22,3,primary_2023_2026,confirmation_2023_2026_powell,10.4,2023-03-22 14:44:11.595999999-04:00,2023-03-22 14:45:00-04:00,0.3406855101233104,0.001703642008026,0.6666666666666666,-0.4538961479865313,0.1630719655969979,-0.9174650824389124,-0.8743661014508777,-0.7381948163195803,True,False,False,False,-1.1325242089148826,0.0946683246634852,-0.34687367665690827,ZT
20230322_a05,20230322,2023-03-22,5,primary_2023_2026,confirmation_2023_2026_powell,10.4,2023-03-22 14:46:48.016000-04:00,2023-03-22 14:47:00-04:00,0.007352176789977,0.001703642008026,0.5555555555555556,1.5967879731271215,0.7330333675620374,-1.2449984225059076,0.915645761550688,0.912340241989655,True,False,False,False,5.28242098085028,0.06158920095076342,0.55414706094002,ZT
20230322_a07,20230322,2023-03-22,7,primary_2023_2026,confirmation_2023_2026_powell,10.4,2023-03-22 14:48:18.826000-04:00,2023-03-22 14:49:00-04:00,0.007352176789977,0.001703642008026,0.5357142857142857,-1.2846775961703711,0.826165143135254,-1.301605610851068,-0.844344678784506,-0.7443722369917847,True,False,False,False,-0.3771521243537744,0.06158920095076342,-0.45361972355739694,ZT
20230322_a08,20230322,2023-03-22,8,primary_2023_2026,confirmation_2023_2026_powell,10.4,2023-03-22 14:49:41.656000-04:00,2023-03-22 14:50:00-04:00,0.0906855101233104,0.001703642008026,0.6585365853658537,0.9345909759914546,1.2968177703642407,-0.4238638290275711,1.248587923960962,1.2535291321882602,True,False,False,False,2.6397662074653905,0.06985898187894388,0.6587179718866145,ZT
20230322_a09,20230322,2023-03-22,9,primary_2023_2026,confirmation_2023_2026_powell,10.4,2023-03-22 14:50:44.576000-04:00,2023-03-22 14:51:00-04:00,0.1323521767899771,0.001703642008026,0.56,-0.162345334324617,1.1409683564116733,-1.6665478566022227,0.045333680807265,0.1006345330081856,True,False,False,False,0.0,0.0739938723430341,0.04780891336537397,ZT
20230322_a11,20230322,2023-03-22,11,primary_2023_2026,confirmation_2023_2026_powell,10.4,2023-03-22 14:53:40.456000-04:00,2023-03-22 14:54:00-04:00,0.007352176789977,0.001703642008026,0.5263157894736842,-0.4793386780923811,0.078525465848839,0.7118343382921778,-0.6242509155775312,-0.5918998238021079,True,False,False,False,-1.8862586116474944,0.06158920095076342,-0.29109868540877115,ZT
20230322_a12,20230322,2023-03-22,12,primary_2023_2026,confirmation_2023_2026_powell,10.4,2023-03-22 14:54:43.396000-04:00,2023-03-22 14:55:00-04:00,0.007352176789977,0.001703642008026,0.5882352941176471,-1.4512192050832002,1.0093441778813332,0.0900781836318211,-1.0533907054370972,-1.0195071758687544,True,False,False,False,-4.151021776995639,0.06158920095076342,-0.558908554760037,ZT
20230322_a14,20230322,2023-03-22,14,primary_2023_2026,confirmation_2023_2026_powell,10.4,2023-03-22 14:56:59.686000-04:00,2023-03-22 14:57:00-04:00,0.007352176789977,0.001703642008026,0.5833333333333334,-0.7916350693867499,0.31055883318827,-0.8592989549918293,-0.915821351966948,-0.8435429355928665,True,False,False,False,-1.5098327888868885,0.06158920095076342,-0.44451387853067065,ZT
20230322_a16,20230322,2023-03-22,16,primary_2023_2026,confirmation_2023_2026_powell,10.4,2023-03-22 14:57:54.226000-04:00,2023-03-22 14:58:00-04:00,-0.1593144898766895,0.001703642008026,0.5294117647058824,-1.08880894389284,0.3993965708171227,0.1113826561230194,0.2537500027988502,0.2428731255476263,True,False,False,False,0.0,0.04504963909440256,0.017882044109185972,ZT
20230322_a17,20230322,2023-03-22,17,primary_2023_2026,confirmation_2023_2026_powell,10.4,2023-03-22 14:58:25.016000-04:00,2023-03-22 14:59:00-04:00,-0.4926478232100229,0.001703642008026,0.4615384615384615,0.8785197580242846,2.711683969503839,-0.5878663811726446,1.4817031868223,1.537964769144849,True,False,False,False,1.5097758011619347,0.011970515381680785,0.665701776799337,ZT
20230322_a18,20230322,2023-03-22,18,primary_2023_2026,confirmation_2023_2026_powell,10.4,2023-03-22 14:59:36.206000-04:00,2023-03-22 15:00:00-04:00,-0.1355049660671657,0.001703642008026,0.7777777777777778,-2.7130871077861194,0.9027151156247608,2.041896671580232,-0.680634758667327,-0.6300816117655811,True,False,False,False,-0.37742258123818395,0.04741243364531125,-0.521196915596489,ZT
20230322_a19,20230322,2023-03-22,19,primary_2023_2026,confirmation_2023_2026_powell,10.4,2023-03-22 15:00:33.165999999-04:00,2023-03-22 15:01:00-04:00,0.1502093196471199,0.001703642008026,0.8,-0.9539741483236952,2.157186304739765,-1.5432618156913551,-1.1187197036827363,-1.2388509694797891,True,False,False,False,-1.1323959623306554,0.07576596825621562,-0.5245760883543723,ZT
20230322_a20,20230322,2023-03-22,20,primary_2023_2026,confirmation_2023_2026_powell,10.4,2023-03-22 15:02:34.436000-04:00,2023-03-22 15:03:00-04:00,0.098261267699068,0.001703642008026,0.7291666666666666,1.3162894860824117,0.7089767400346149,-0.5830039911757817,1.4526267817158611,1.413699091532446,True,False,False,False,0.3774368265554351,0.0706107801451421,0.7806342984823791,ZT
20230322_a21,20230322,2023-03-22,21,primary_2023_2026,confirmation_2023_2026_powell,10.4,2023-03-22 15:04:27.696000-04:00,2023-03-22 15:05:00-04:00,0.1184632879010881,0.001703642008026,0.48,-0.2148976501018734,0.8250141224909184,0.0561637222569319,0.972226129461372,0.93477770939816,True,False,False,False,2.6424567451480327,0.07261557552167068,0.4476226421239067,ZT
20230322_a23,20230322,2023-03-22,23,primary_2023_2026,confirmation_2023_2026_powell,10.4,2023-03-22 15:05:30.866000-04:00,2023-03-22 15:06:00-04:00,0.007352176789977,0.001703642008026,0.7142857142857143,0.7116543666361421,-0.3843362914659897,-1.226590846157677,1.018090609567274,0.8689686812308169,True,False,False,False,0.3774368265554351,0.06158920095076342,0.5264587877888783,ZT
20230322_a24,20230322,2023-03-22,24,primary_2023_2026,confirmation_2023_2026_powell,10.4,2023-03-22 15:06:32.356000-04:00,2023-03-22 15:07:00-04:00,0.007352176789977,0.001703642008026,0.6190476190476191,-0.643696368115315,0.3540433234983935,-1.4141583292234805,-1.5657242655419663,-1.5774864579669234,True,False,False,False,-1.1323959623306554,0.06158920095076342,-0.7172501402097667,ZT
20230322_a25,20230322,2023-03-22,25,primary_2023_2026,confirmation_2023_2026_powell,10.4,2023-03-22 15:07:56.276000-04:00,2023-03-22 15:08:00-04:00,-0.3926478232100229,0.001703642008026,0.4878048780487805,-0.9293115736803484,-0.1406044252626953,0.5884722828505591,-1.1169556184066782,-1.0913674975812009,True,False,False,False,-3.0203496284278337,0.021894252495497313,-0.6060918375900606,ZT
20230322_a26,20230322,2023-03-22,26,primary_2023_2026,confirmation_2023_2026_powell,10.4,2023-03-22 15:09:28.126000-04:00,2023-03-22 15:10:00-04:00,-0.1926478232100228,0.001703642008026,0.5869565217391305,-0.0512232220667118,0.9122791637763332,-0.3144002006336401,1.600411914194199,1.6220306247351557,True,False,False,False,0.7552299678840773,0.04174172672313038,0.6880771083805871,ZT
20230322_a27,20230322,2023-03-22,27,primary_2023_2026,confirmation_2023_2026_powell,10.4,2023-03-22 15:10:26.016000-04:00,2023-03-22 15:11:00-04:00,-0.1593144898766895,0.001703642008026,0.6666666666666666,0.6176824910132939,1.636645165191137,-0.1296964646102773,1.325768345895348,1.297043791697384,True,False,False,False,0.377607854287668,0.04504963909440256,0.6277297807609001,ZT
20230322_a29,20230322,2023-03-22,29,primary_2023_2026,confirmation_2023_2026_powell,10.4,2023-03-22 15:11:20.305999999-04:00,2023-03-22 15:12:00-04:00,0.007352176789977,0.001703642008026,0.6153846153846154,0.2857474928094333,1.3738763591714809,-1.6916059111101471,1.5035921736566646,1.4791860638064651,True,False,False,False,4.907604998553678,0.06158920095076342,0.7043366989193711,ZT
20230322_a30,20230322,2023-03-22,30,primary_2023_2026,confirmation_2023_2026_powell,10.4,2023-03-22 15:12:03.046000-04:00,2023-03-22 15:13:00-04:00,0.007352176789977,0.001703642008026,0.76,-0.3583643419736235,1.236342558838446,-1.4169973566932492,0.0160303082747514,0.0204036663208357,True,False,False,False,0.0,0.06158920095076342,-0.0005254860622931623,ZT
20230322_a32,20230322,2023-03-22,32,primary_2023_2026,confirmation_2023_2026_powell,10.4,2023-03-22 15:14:15.736000-04:00,2023-03-22 15:15:00-04:00,-0.1176478232100229,0.001703642008026,0.5102040816326531,-0.6069903215442455,1.4072991847111416,0.5338338211239965,-0.4121330134160701,-0.3977730550414664,True,False,False,False,-0.7548309182327444,0.04918452955849277,-0.22800491656044902,ZT
20230503_a00,20230503,2023-05-03,0,primary_2023_2026,confirmation_2023_2026_powell,10.4,2023-05-03 14:41:08.286000-04:00,2023-05-03 14:42:00-04:00,-0.0708774818823203,-0.0002267573696145,0.5903614457831325,0.7596865586851266,1.6556360346176864,-1.293988145680915,1.031417280227142,1.0073356869499015,True,False,False,False,1.1341083085594044,0.05382589527908867,0.5240895549454797,ZT
20230503_a01,20230503,2023-05-03,1,primary_2023_2026,confirmation_2023_2026_powell,10.4,2023-05-03 14:42:42.746000-04:00,2023-05-03 14:43:00-04:00,-0.0182459029349519,-0.0002267573696145,0.5306122448979592,1.3461673517059878,1.1902382046107325,-0.4502768382894563,1.0062747888094423,1.024129021650408,True,False,False,False,0.7560007563619244,0.05904891481267631,0.5693422776818923,ZT
20230503_a02,20230503,2023-05-03,2,primary_2023_2026,confirmation_2023_2026_powell,10.4,2023-05-03 14:43:03.035999999-04:00,2023-05-03 14:44:00-04:00,-0.0182459029349519,-0.0002267573696145,0.8,-2.1693375984226466,0.8403233404174992,-0.0122821021230305,-1.202396128926881,-1.245185031460741,True,False,False,False,-0.3779932339663163,0.05904891481267631,-0.6870921876261482,ZT
20230503_a03,20230503,2023-05-03,3,primary_2023_2026,confirmation_2023_2026_powell,10.4,2023-05-03 14:45:34.976000-04:00,2023-05-03 14:46:00-04:00,-0.1134839981730471,-0.0002267573696145,0.4729729729729729,-0.2193297967163433,1.7130751171313114,-1.1943638963829606,-1.0944254567421237,-1.1105485947931015,True,False,False,False,-0.7561436676573771,0.04959773660904153,-0.4946313426678557,ZT
20230503_a06,20230503,2023-05-03,6,primary_2023_2026,confirmation_2023_2026_powell,10.4,2023-05-03 14:48:48.266000-04:00,2023-05-03 14:49:00-04:00,-0.0182459029349519,-0.0002267573696145,0.6521739130434783,1.4127962093037785,2.898223890863045,-1.0106704341285502,0.7697383660473157,0.8568310248615264,True,False,False,False,0.7561722564005675,0.05904891481267631,0.4711267141954706,ZT
20230503_a07,20230503,2023-05-03,7,primary_2023_2026,confirmation_2023_2026_powell,10.4,2023-05-03 14:50:19.086000-04:00,2023-05-03 14:51:00-04:00,-0.0182459029349519,-0.0002267573696145,0.7413793103448276,0.4384251392577378,1.078882220298407,0.6302869162313569,-0.0492265771098539,-0.0282352321774192,True,False,False,False,0.0,0.05904891481267631,0.03224219711709729,ZT
20230503_a08,20230503,2023-05-03,8,primary_2023_2026,confirmation_2023_2026_powell,10.4,2023-05-03 14:51:25.236000-04:00,2023-05-03 14:52:00-04:00,-0.0182459029349519,-0.0002267573696145,0.6578947368421053,-0.5884239197246268,2.2155601487697787,-0.393886926262121,-0.9701164984718386,-0.9143911202883248,True,False,False,False,-0.3781075716493322,0.05904891481267631,-0.4556225379908995,ZT
20230503_a09,20230503,2023-05-03,9,primary_2023_2026,confirmation_2023_2026_powell,10.4,2023-05-03 14:52:33.496000-04:00,2023-05-03 14:53:00-04:00,-0.1611030457920947,-0.0002267573696145,0.6486486486486487,0.5847200723253104,1.2304114453610406,0.0572621722030523,0.1613744993321223,0.1696805820563262,True,False,False,False,0.0,0.04487214750722413,0.1143648803567131,ZT
20230503_a10,20230503,2023-05-03,10,primary_2023_2026,confirmation_2023_2026_powell,10.4,2023-05-03 14:53:20.216000-04:00,2023-05-03 14:54:00-04:00,0.2317540970650481,-0.0002267573696145,0.6190476190476191,0.6848197334828752,1.2398652729338715,-1.2566837387800034,0.0413676005481786,0.0082926513535567,True,False,False,False,0.0,0.08385825759721764,0.13098725279919882,ZT
20230503_a11,20230503,2023-05-03,11,primary_2023_2026,confirmation_2023_2026_powell,10.4,2023-05-03 14:54:58.646000-04:00,2023-05-03 14:55:00-04:00,-0.0182459029349519,-0.0002267573696145,0.5555555555555556,2.281725777003464,2.213041913049661,-0.5797419837445181,1.3879456960568108,1.2876453506868326,True,False,False,False,0.7562580356010117,0.05904891481267631,0.8133664294685601,ZT
20230503_a12,20230503,2023-05-03,12,primary_2023_2026,confirmation_2023_2026_powell,10.4,2023-05-03 14:56:42.516000-04:00,2023-05-03 14:57:00-04:00,0.0442540970650481,-0.0002267573696145,0.5964912280701754,-0.5724999896726091,1.6130676826371702,-1.2806252873406518,-1.2991776875443677,-1.3582148978238962,True,False,False,False,-1.1344085017180976,0.06525125050881164,-0.5888456178623853,ZT
20230503_a14,20230503,2023-05-03,14,primary_2023_2026,confirmation_2023_2026_powell,10.4,2023-05-03 14:57:44.576000-04:00,2023-05-03 14:58:00-04:00,-0.5182459029349519,-0.0002267573696145,0.3888888888888889,2.1040393213937554,1.989126662806801,0.2656784282730028,0.957048841303649,0.9205700591420084,True,False,False,False,0.37813616687931945,0.009430229243593664,0.5322651888482101,ZT
20230503_a15,20230503,2023-05-03,15,primary_2023_2026,confirmation_2023_2026_powell,10.4,2023-05-03 14:58:46.915999999-04:00,2023-05-03 14:59:00-04:00,0.0650874303983814,-0.0002267573696145,0.5,1.5347934315022247,1.0156624758726431,-0.0212189070542106,0.6281142277367016,0.6495274076362326,True,False,False,False,1.8905378636521764,0.06731869574085675,0.43199715032327846,ZT
20230503_a16,20230503,2023-05-03,16,primary_2023_2026,confirmation_2023_2026_powell,10.4,2023-05-03 15:01:22.476000-04:00,2023-05-03 15:02:00-04:00,-0.3364277211167701,-0.0002267573696145,0.5694444444444444,0.2005834352607013,1.3418272046254087,0.0155349004563867,-0.0393160886326373,-0.0659513949294531,True,False,False,False,0.0,0.027473387632350986,-0.03233701139434958,ZT
20230503_a17,20230503,2023-05-03,17,primary_2023_2026,confirmation_2023_2026_powell,10.4,2023-05-03 15:03:09.196000-04:00,2023-05-03 15:04:00-04:00,-0.0182459029349519,-0.0002267573696145,0.4776119402985074,0.3646546582572224,1.3207651921805044,-0.0475338809759996,0.0390725801073773,0.0435161057483065,True,False,False,False,0.0,0.05904891481267631,0.06489584840199632,ZT
20230503_a18,20230503,2023-05-03,18,primary_2023_2026,confirmation_2023_2026_powell,10.4,2023-05-03 15:04:32.276000-04:00,2023-05-03 15:05:00-04:00,0.1246112399221909,-0.0002267573696145,0.5405405405405406,0.4052600415219231,1.0084566900010492,-1.224371256863757,-1.065893949559538,-1.0553653681253383,True,False,False,False,-0.7562866329942182,0.0732256821181285,-0.3939219551519175,ZT
20230503_a20,20230503,2023-05-03,20,primary_2023_2026,confirmation_2023_2026_powell,10.4,2023-05-03 15:06:38.846000-04:00,2023-05-03 15:07:00-04:00,-0.0658649505539995,-0.0002267573696145,0.6521739130434783,-0.2351801044927313,1.756718698790516,-0.5245014348069572,-1.1060834000094932,-1.0827108454865595,True,False,False,False,-0.37815046611498704,0.05432332571085892,-0.49364549234889493,ZT
20230503_a21,20230503,2023-05-03,21,primary_2023_2026,confirmation_2023_2026_powell,10.4,2023-05-03 15:07:45.326000-04:00,2023-05-03 15:08:00-04:00,-0.2404681251571741,-0.0002267573696145,0.6190476190476191,-0.6662923952809413,2.1257639221923226,1.016566519490281,-1.064056383518195,-1.0584901760461225,True,False,False,False,-1.5127448784615336,0.03699616567086181,-0.5376985740492768,ZT
20230503_a22,20230503,2023-05-03,22,primary_2023_2026,confirmation_2023_2026_powell,10.4,2023-05-03 15:09:26.476000-04:00,2023-05-03 15:10:00-04:00,-0.1182459029349519,-0.0002267573696145,0.5434782608695652,1.5567532525596484,1.0160792127875329,-1.1093330880548402,0.5933855327123182,0.6470699452498145,True,False,False,False,0.3781933703163029,0.04912517769885978,0.39010199168677273,ZT
20230503_a23,20230503,2023-05-03,23,primary_2023_2026,confirmation_2023_2026_powell,10.4,2023-05-03 15:10:16.516000-04:00,2023-05-03 15:11:00-04:00,-0.3515792362682852,-0.0002267573696145,0.5882352941176471,1.4742832396102752,2.95090346746628,-2.275985925874336,0.9124600091399552,0.7617363838807485,True,False,False,False,1.5126304672608093,0.02596979109995455,0.48695770978286124,ZT
20230503_a24,20230503,2023-05-03,24,primary_2023_2026,confirmation_2023_2026_powell,10.4,2023-05-03 15:11:58.566000-04:00,2023-05-03 15:12:00-04:00,-0.0182459029349519,-0.0002267573696145,0.6170212765957447,0.3369161508859664,1.762180823356654,-0.8327295418538042,-0.3761991571767784,-0.3570183532720445,True,False,False,False,0.0,0.05904891481267631,-0.11940335349312892,ZT
20230503_a25,20230503,2023-05-03,25,primary_2023_2026,confirmation_2023_2026_powell,10.4,2023-05-03 15:13:32.966000-04:00,2023-05-03 15:14:00-04:00,-0.3039601886492376,-0.0002267573696145,0.5454545454545454,1.1735047048781726,1.4280345206990184,-1.3596247590505064,0.8250243351747395,0.8410035734584075,True,False,False,False,0.3780932756562989,0.030695380201771944,0.43136040589597613,ZT
20230503_a26,20230503,2023-05-03,26,primary_2023_2026,confirmation_2023_2026_powell,10.4,2023-05-03 15:16:19.045999999-04:00,2023-05-03 15:17:00-04:00,-0.0682459029349519,-0.0002267573696145,0.5894736842105263,1.5194679771685364,1.6059275414217389,1.2946285120933931,1.746505732364391,1.786969005428127,True,False,False,False,0.7560293342973754,0.054087046255768045,0.9002519008116698,ZT
20230503_a27,20230503,2023-05-03,27,primary_2023_2026,confirmation_2023_2026_powell,10.4,2023-05-03 15:17:08.055999999-04:00,2023-05-03 15:18:00-04:00,-0.0182459029349519,-0.0002267573696145,0.6842105263157895,2.1500107154910317,0.7695304755139205,-1.2553478080890714,0.8751407861100052,0.9352299792803652,True,False,False,False,2.645752637563921,0.05904891481267631,0.577788497736858,ZT
20230503_a29,20230503,2023-05-03,29,primary_2023_2026,confirmation_2023_2026_powell,10.4,2023-05-03 15:18:34.676000-04:00,2023-05-03 15:19:00-04:00,-0.0182459029349519,-0.0002267573696145,0.5,1.7983692483566835,1.7992997754757365,,1.0084691084291402,1.2804167405199856,True,False,False,False,0.37792180802312003,0.05904891481267631,0.6073905499949491,ZT
20230503_a30,20230503,2023-05-03,30,primary_2023_2026,confirmation_2023_2026_powell,10.4,2023-05-03 15:19:55.116000-04:00,2023-05-03 15:20:00-04:00,0.072663187974139,-0.0002267573696145,0.4666666666666667,0.8613088085274961,0.9637563945207672,-0.1582324853869702,0.9989429315539872,0.9508595136905424,True,False,False,False,0.37792180802312003,0.06807049400705498,0.5404829952017558,ZT
20230920_a01,20230920,2023-09-20,1,primary_2023_2026,confirmation_2023_2026_powell,10.7,2023-09-20 14:41:39.486000-04:00,2023-09-20 14:42:00-04:00,-0.3303221557143032,-0.0013476051131988,0.6666666666666666,1.5180482530422088,-1.3517166205678866,,1.0232760829463272,1.0605979766531202,True,False,False,False,0.38542329117669993,0.028079287892203937,0.5424220030726525,ZT
20230920_a02,20230920,2023-09-20,2,primary_2023_2026,confirmation_2023_2026_powell,10.7,2023-09-20 14:42:49.346000-04:00,2023-09-20 14:43:00-04:00,-0.1969888223809699,-0.0013476051131988,0.625,-1.7966759911173886,-0.0901521007693325,-0.2840615406732646,0.0786136396788825,0.0292504640507585,True,False,False,False,0.0,0.04131093737729264,-0.12279028176227048,ZT
20230920_a03,20230920,2023-09-20,3,primary_2023_2026,confirmation_2023_2026_powell,10.7,2023-09-20 14:44:48.676000-04:00,2023-09-20 14:45:00-04:00,0.0863445109523633,-0.0013476051131988,0.6935483870967742,-1.451046815430483,-0.22501829046977,1.3758306861384253,-0.4157604023981895,-0.4430850516517896,True,False,False,False,-1.5418417330011451,0.06942819253310613,-0.26713628271154893,ZT
20230920_a04,20230920,2023-09-20,4,primary_2023_2026,confirmation_2023_2026_powell,10.7,2023-09-20 14:46:12.636000-04:00,2023-09-20 14:47:00-04:00,0.1458683204761729,-0.0013476051131988,0.5531914893617021,-2.2053783186216176,-0.2596731261643701,0.7696989133871787,-0.9318414246908624,-0.9772801896518992,True,False,False,False,-1.1564035861396857,0.07533517891037789,-0.5459681787467447,ZT
20230920_a05,20230920,2023-09-20,5,primary_2023_2026,confirmation_2023_2026_powell,10.7,2023-09-20 14:48:37.596000-04:00,2023-09-20 14:49:00-04:00,-0.2469888223809699,-0.0013476051131988,0.4838709677419355,-0.9479133448159502,-0.7114751647752374,0.856863303372556,-1.239883229615917,-1.1771424521838716,True,False,False,False,-0.3855124424619867,0.036349068820384384,-0.6388773244345962,ZT
20230920_a06,20230920,2023-09-20,6,primary_2023_2026,confirmation_2023_2026_powell,10.7,2023-09-20 14:50:28.736000-04:00,2023-09-20 14:51:00-04:00,-0.3606251860173336,-0.0013476051131988,0.5319148936170213,0.7116546583836456,-0.8293004314072078,0.4873626253665388,1.4226207444610506,1.4083701521431424,True,False,False,False,0.7710992022940594,0.02507209482741104,0.6466238691456598,ZT
20230920_a07,20230920,2023-09-20,7,primary_2023_2026,confirmation_2023_2026_powell,10.7,2023-09-20 14:52:01.076000-04:00,2023-09-20 14:53:00-04:00,-0.1969888223809699,-0.0013476051131988,0.46,-1.7521185766215024,-1.0039616052395122,1.7898999557710351,-1.0062033267735206,-1.0279752031011964,True,False,False,False,-0.7710397474812747,0.04131093737729264,-0.5946391706298852,ZT
20230920_a08,20230920,2023-09-20,8,primary_2023_2026,confirmation_2023_2026_powell,10.7,2023-09-20 14:54:14.606000-04:00,2023-09-20 14:55:00-04:00,-0.0594888223809699,-0.0013476051131988,0.5342465753424658,-0.0150759662822701,0.1356021143873191,1.3842525790590243,1.2469470104755522,1.2380288177950076,True,False,False,False,0.7710397474812096,0.05495607590879037,0.5567899437045764,ZT
20230920_a09,20230920,2023-09-20,9,primary_2023_2026,confirmation_2023_2026_powell,10.7,2023-09-20 14:55:17.286000-04:00,2023-09-20 14:56:00-04:00,0.3363445109523634,-0.0013476051131988,0.52,0.7899669601209767,0.1049802929420826,1.8255848727674928,1.682141676280633,1.6558273487713835,True,False,False,False,0.7709803018355212,0.09423753531764746,0.8750482060944119,ZT
20230920_a10,20230920,2023-09-20,10,primary_2023_2026,confirmation_2023_2026_powell,10.7,2023-09-20 14:57:17.326000-04:00,2023-09-20 14:58:00-04:00,-0.0739118993040468,-0.0013476051131988,0.6363636363636364,-1.405958986606034,0.5962738626479027,0.8361950424957544,-0.8975065676666304,-0.9165180845521008,True,False,False,False,-0.7710397474812747,0.05352476767122068,-0.4994897993956715,ZT
20230920_a12,20230920,2023-09-20,12,primary_2023_2026,confirmation_2023_2026_powell,10.7,2023-09-20 14:58:51.455999999-04:00,2023-09-20 14:59:00-04:00,-0.2827031080952557,-0.0013476051131988,0.5714285714285714,0.7278800625672524,-0.6550884673957867,0.0592215273627946,1.8920660496919084,1.88516976282052,True,False,False,False,0.38552730501925536,0.03280487699402132,0.865826664837881,ZT
20230920_a13,20230920,2023-09-20,13,primary_2023_2026,confirmation_2023_2026_powell,10.7,2023-09-20 15:01:18.495999999-04:00,2023-09-20 15:02:00-04:00,0.06551117761903,-0.0013476051131988,0.4352941176470588,-0.9216107512196992,-0.3381924920097278,1.276756791448516,-0.9502328070604636,-0.9524071291612404,True,False,False,False,-0.3855570335721641,0.06736074730106102,-0.46122427494757856,ZT
20230920_a14,20230920,2023-09-20,14,primary_2023_2026,confirmation_2023_2026_powell,10.7,2023-09-20 15:03:25.056666666-04:00,2023-09-20 15:04:00-04:00,0.4315826061904586,-0.0013476051131988,0.5490196078431373,0.7797761929068496,-0.0828439253926045,-0.0969039062887986,1.3475375887073249,1.3528401898655449,True,False,False,False,0.38557189956878113,0.10368871352128226,0.7423383698094821,ZT
20230920_a15,20230920,2023-09-20,15,primary_2023_2026,confirmation_2023_2026_powell,10.7,2023-09-20 15:04:45.866000-04:00,2023-09-20 15:05:00-04:00,-0.2469888223809699,-0.0013476051131988,0.71875,0.1765682546111516,-0.2409180042607771,0.0593675139687409,0.6447237176306985,0.5120542900053748,True,False,False,False,0.0,0.036349068820384384,0.2794165093440737,ZT
20230920_a16,20230920,2023-09-20,16,primary_2023_2026,confirmation_2023_2026_powell,10.7,2023-09-20 15:06:49.526000-04:00,2023-09-20 15:07:00-04:00,-0.0525443779365255,-0.0013476051131988,0.576271186440678,-1.1600076090819311,0.3085607210965064,0.4763459357906288,-1.3851116351595618,-1.3828333724339696,True,False,False,False,-0.3855718995675595,0.05564522431947207,-0.6897298153086382,ZT
20230920_a17,20230920,2023-09-20,17,primary_2023_2026,confirmation_2023_2026_powell,10.7,2023-09-20 15:07:59.026000-04:00,2023-09-20 15:08:00-04:00,0.50301117761903,-0.0013476051131988,0.4193548387096774,-1.421923454625252,0.9125633283274914,-0.1940808934665059,-0.837537110593511,-0.8048903966283444,True,False,False,False,-0.3855718995675595,0.11077709717400835,-0.38491048099582137,ZT
20230920_a19,20230920,2023-09-20,19,primary_2023_2026,confirmation_2023_2026_powell,10.7,2023-09-20 15:09:23.485999999-04:00,2023-09-20 15:10:00-04:00,0.00301117761903,-0.0013476051131988,0.65625,-1.3761728516963068,0.7323847263061053,0.4645476174545444,-0.4971805874758341,-0.431877289679743,True,False,False,False,-0.38560163499913047,0.06115841160492569,-0.3096267807937765,ZT
20230920_a20,20230920,2023-09-20,20,primary_2023_2026,confirmation_2023_2026_powell,10.7,2023-09-20 15:10:23.146000-04:00,2023-09-20 15:11:00-04:00,0.00301117761903,-0.0013476051131988,0.53125,-0.8290973981718629,0.6220855632956793,0.3288717159528102,-0.9788991818273418,-0.927378317709142,True,False,False,False,-1.5424957611944972,0.06115841160492569,-0.47590911720110574,ZT
20230920_a21,20230920,2023-09-20,21,primary_2023_2026,confirmation_2023_2026_powell,10.7,2023-09-20 15:11:34.496000-04:00,2023-09-20 15:12:00-04:00,0.10301117761903,-0.0013476051131988,0.6333333333333333,-1.0915685597494686,-0.7591406933006488,-0.3867552311730882,0.8113805999722784,0.8522883044921358,True,False,False,False,0.0,0.07108214871874222,0.30282159465715935,ZT
20230920_a22,20230920,2023-09-20,22,primary_2023_2026,confirmation_2023_2026_powell,10.7,2023-09-20 15:12:29.716000-04:00,2023-09-20 15:13:00-04:00,-0.1398459652381128,-0.0013476051131988,0.4848484848484848,-2.1576342287060344,1.2333117612631717,0.5715419182268144,-1.1994718556537418,-1.1609919293000568,True,False,False,False,-0.3856462467462167,0.04698164429947351,-0.7037363929610576,ZT
20230920_a23,20230920,2023-09-20,23,primary_2023_2026,confirmation_2023_2026_powell,10.7,2023-09-20 15:13:38.696000-04:00,2023-09-20 15:14:00-04:00,0.12801117761903,-0.0013476051131988,0.4583333333333333,2.3853063704901465,0.3145116187064765,0.6524902354807487,1.3698005147937558,1.4086203234681685,True,False,False,False,0.3856462467457306,0.07356308299719636,0.8366232102858191,ZT
20230920_a24,20230920,2023-09-20,24,primary_2023_2026,confirmation_2023_2026_powell,10.7,2023-09-20 15:15:31.906000-04:00,2023-09-20 15:16:00-04:00,0.1458683204761729,-0.0013476051131988,0.5365853658536586,-1.690404182572214,0.3338514632687848,0.5239506717766155,-1.1651655682389324,-1.1439052677338983,True,False,False,False,-0.38563137501618777,0.07533517891037789,-0.6060055649745032,ZT
20230920_a25,20230920,2023-09-20,25,primary_2023_2026,confirmation_2023_2026_powell,10.7,2023-09-20 15:16:44.825999999-04:00,2023-09-20 15:17:00-04:00,-0.108099933492081,-0.0013476051131988,0.5405405405405406,-2.319389754093212,0.4768601653889976,1.4630652830248108,-0.8982771130683673,-0.9396066930130446,True,False,False,False,-1.1570279820842033,0.050132037034018445,-0.5800505451475442,ZT
20230920_a26,20230920,2023-09-20,26,primary_2023_2026,confirmation_2023_2026_powell,10.7,2023-09-20 15:17:37.895999999-04:00,2023-09-20 15:18:00-04:00,-0.1398459652381128,-0.0013476051131988,0.5789473684210527,1.3512657262014456,0.1277340831421952,0.8691785444165541,1.1402574649408657,0.878591296757821,True,False,False,False,0.38569086881609316,0.04698164429947351,0.6096026454221668,ZT
20230920_a27,20230920,2023-09-20,27,primary_2023_2026,confirmation_2023_2026_powell,10.7,2023-09-20 15:18:23.215999999-04:00,2023-09-20 15:19:00-04:00,0.3363445109523634,-0.0013476051131988,0.6363636363636364,-0.1853663282152658,-0.3406459967175779,-0.0640881791467837,1.3497495242129236,1.2277282412817596,True,False,False,False,0.38569086881609316,0.09423753531764746,0.6493621432742528,ZT
20230920_a28,20230920,2023-09-20,28,primary_2023_2026,confirmation_2023_2026_powell,10.7,2023-09-20 15:20:41.475999999-04:00,2023-09-20 15:21:00-04:00,-0.0525443779365255,-0.0013476051131988,0.6612903225806451,-0.5063180130006782,0.3315012300602717,0.6473775104209348,0.2636071230551219,0.2643103977844547,True,False,False,False,0.0,0.05564522431947207,0.08655708183862812,ZT
20230920_a29,20230920,2023-09-20,29,primary_2023_2026,confirmation_2023_2026_powell,10.7,2023-09-20 15:22:08.225999999-04:00,2023-09-20 15:23:00-04:00,0.10301117761903,-0.0013476051131988,0.4285714285714285,-0.4272904144328113,-0.7893237335941335,-0.1589333625401472,0.1028966910427227,0.1250076880122839,True,False,False,False,0.0,0.07108214871874222,0.04675433593036689,ZT
20230920_a30,20230920,2023-09-20,30,primary_2023_2026,confirmation_2023_2026_powell,10.7,2023-09-20 15:25:00.636000-04:00,2023-09-20 15:26:00-04:00,0.00301117761903,-0.0013476051131988,0.4915254237288136,-1.781506435570665,-0.1769469901466656,1.0195894348606174,-0.7911291633265779,-0.8130828104538347,True,False,False,False,-0.7712776217616176,0.06115841160492569,-0.4717146352340522,ZT
20240131_a01,20240131,2024-01-31,1,primary_2023_2026,confirmation_2023_2026_powell,10.5,2024-01-31 14:40:07.846000-05:00,2024-01-31 14:41:00-05:00,-0.2743653618065033,-0.0002279981760145,0.4761904761904761,0.2003480274242779,0.3454365328374162,-0.8281205004485732,1.031384888465969,1.0276535463883825,True,True,False,False,1.5191219504348623,0.0336322930169341,0.44659842063203825,ZT
20240131_a02,20240131,2024-01-31,2,primary_2023_2026,confirmation_2023_2026_powell,10.5,2024-01-31 14:41:13.206000-05:00,2024-01-31 14:42:00-05:00,-0.4943653618065033,-0.0002279981760145,0.5588235294117647,-0.7406946837663987,1.1943110938536723,-0.8847692811219134,-0.1523744215515141,-0.1145677891326228,True,True,False,False,0.0,0.011800071366537733,-0.18361989391242467,ZT
20240131_a03,20240131,2024-01-31,3,primary_2023_2026,confirmation_2023_2026_powell,10.5,2024-01-31 14:42:57.535999999-05:00,2024-01-31 14:43:00-05:00,0.1484917810506394,-0.0002279981760145,0.6060606060606061,-2.5388458126383138,0.013168566964975,0.5356885066954985,-0.7950445714150147,-0.7881531435270771,True,True,False,False,-0.3797732754004717,0.07559552424107256,-0.5129478255537221,ZT
20240131_a04,20240131,2024-01-31,4,primary_2023_2026,confirmation_2023_2026_powell,10.5,2024-01-31 14:44:39.086000-05:00,2024-01-31 14:45:00-05:00,-0.1372225046636462,-0.0002279981760145,0.7272727272727273,0.5047122954648581,-0.371065699929608,-1.0979547021271443,1.2488361833598545,1.2519655214858771,True,True,False,False,0.7595321285746155,0.0472419896301682,0.5881745344488785,ZT
20240131_a05,20240131,2024-01-31,5,primary_2023_2026,confirmation_2023_2026_powell,10.5,2024-01-31 14:45:37.876000-05:00,2024-01-31 14:46:00-05:00,-0.1943653618065033,-0.0002279981760145,0.45,-0.8917501772204904,0.1988703194786051,-1.5555995609155489,0.9597161431410433,0.8675519079994137,True,True,False,False,0.7594744440489558,0.04157128270798733,0.33804276268025085,ZT
20240131_a06,20240131,2024-01-31,6,primary_2023_2026,confirmation_2023_2026_powell,10.5,2024-01-31 14:46:48.355999999-05:00,2024-01-31 14:47:00-05:00,-0.4229367903779319,-0.0002279981760145,0.5384615384615384,1.122979753630854,-0.1651948714598152,-0.2986068213993026,0.6185321131251759,0.5826776231412825,True,True,False,False,1.5187758695715226,0.018888455019263825,0.31822748382608645,ZT
20240131_a07,20240131,2024-01-31,7,primary_2023_2026,confirmation_2023_2026_powell,10.5,2024-01-31 14:48:43.776000-05:00,2024-01-31 14:49:00-05:00,-0.1943653618065033,-0.0002279981760145,0.6097560975609756,-1.1239024719248354,0.2849496158801889,-1.928696375343272,-0.7799559047946275,-0.8683794970656763,True,True,False,False,-1.518891212337032,0.04157128270798733,-0.4435397512556843,ZT
20240131_a10,20240131,2024-01-31,10,primary_2023_2026,confirmation_2023_2026_powell,10.5,2024-01-31 14:50:55.546000-05:00,2024-01-31 14:51:00-05:00,-0.280079647520789,-0.0002279981760145,0.3333333333333333,-0.1236031478721825,-0.8587696227902903,0.6296008477639412,-1.0391206789747411,-1.04576759971179,True,True,False,False,-1.5190642593393533,0.033065222324716016,-0.48841312866164266,ZT
20240131_a11,20240131,2024-01-31,11,primary_2023_2026,confirmation_2023_2026_powell,10.5,2024-01-31 14:52:16.776000-05:00,2024-01-31 14:53:00-05:00,-0.3693653618065033,-0.0002279981760145,0.5121951219512195,-1.210604046588824,0.6615619698745933,-1.3067985682342642,-0.3563254087687772,-0.3183155718100869,True,True,False,False,-0.3798165486524551,0.0242047427588084,-0.2921416798137933,ZT
20240131_a12,20240131,2024-01-31,12,primary_2023_2026,confirmation_2023_2026_powell,10.5,2024-01-31 14:53:30.286000-05:00,2024-01-31 14:54:00-05:00,0.0056346381934966,-0.0002279981760145,0.6382978723404256,0.4201408403666571,-0.0223080777808973,-1.2739198103654126,0.9146066730575176,0.9144108683433666,True,True,False,False,0.37981654865173675,0.06141875693562038,0.4569244581598536,ZT
20240131_a13,20240131,2024-01-31,13,primary_2023_2026,confirmation_2023_2026_powell,10.5,2024-01-31 14:55:09.235999999-05:00,2024-01-31 14:56:00-05:00,0.0056346381934966,-0.0002279981760145,0.6176470588235294,-1.2682885429354571,-0.003041737638696,-1.8424360895723213,-0.3954821408237587,-0.3993268983674097,True,True,False,False,-1.1393630972614017,0.06141875693562038,-0.2557943653697205,ZT
20240131_a14,20240131,2024-01-31,14,primary_2023_2026,confirmation_2023_2026_powell,10.5,2024-01-31 14:56:41.845999999-05:00,2024-01-31 14:57:00-05:00,-0.3789807464218879,-0.0002279981760145,0.5614035087719298,-0.1977609656029033,-0.4398252755865752,-1.190768652865242,0.3230063013258978,0.3166322585524737,True,True,False,False,0.0,0.02325053726709527,0.08719983164915537,ZT
20240131_a15,20240131,2024-01-31,15,primary_2023_2026,confirmation_2023_2026_powell,10.5,2024-01-31 14:58:10.656000-05:00,2024-01-31 14:59:00-05:00,-0.0776986951398366,-0.0002279981760145,0.55,-2.032032511954469,1.542449429160196,-0.4554684913354974,-0.7779186978209723,-0.7460695477882049,True,True,False,False,-1.1395362099966382,0.05314897600743995,-0.49900567495190806,ZT
20240131_a17,20240131,2024-01-31,17,primary_2023_2026,confirmation_2023_2026_powell,10.5,2024-01-31 15:00:46.286000-05:00,2024-01-31 15:01:00-05:00,-0.03603202847317,-0.0002279981760145,0.5,-0.8124851291701698,-0.3535792406442695,-0.9679571653322476,-1.4516483467054122,-1.4147497698544544,True,True,False,False,-4.179410763927282,0.057283866471530165,-0.6878286490428541,ZT
20240131_a18,20240131,2024-01-31,18,primary_2023_2026,confirmation_2023_2026_powell,10.5,2024-01-31 15:01:31.686000-05:00,2024-01-31 15:02:00-05:00,-0.4229367903779319,-0.0002279981760145,0.7692307692307693,-1.4843419583834871,-0.6411848678064026,-0.7787379456382529,-0.91305859519929,-0.9449486032191486,True,True,False,False,-4.181317175810444,0.018888455019263825,-0.566942456727583,ZT
20240131_a19,20240131,2024-01-31,19,primary_2023_2026,confirmation_2023_2026_powell,10.5,2024-01-31 15:02:55.679243243-05:00,2024-01-31 15:03:00-05:00,0.1167457493046077,-0.0002279981760145,0.5909090909090909,0.4919287677390021,-0.338656402733022,-2.021377978237618,1.3737913128223551,1.3320385833797503,True,True,False,False,0.7603695399623741,0.07244513150652762,0.6813412103773513,ZT
20240131_a20,20240131,2024-01-31,20,primary_2023_2026,confirmation_2023_2026_powell,10.5,2024-01-31 15:03:47.426000-05:00,2024-01-31 15:04:00-05:00,0.08896797152683,-0.0002279981760145,0.6129032258064516,-1.488804408674716,-0.4142653191055728,-1.7172025448227326,-1.036794184155884,-1.032533391897421,True,True,False,False,-2.6615463741457073,0.06968853786380083,-0.5420405242262109,ZT
20240131_a21,20240131,2024-01-31,21,primary_2023_2026,confirmation_2023_2026_powell,10.5,2024-01-31 15:05:53.226000-05:00,2024-01-31 15:06:00-05:00,-0.41103202847317,-0.0002279981760145,0.6229508196721312,0.7346869675145499,0.0603473506902364,-0.68837356250202,1.0414721366061848,1.052844645268945,True,True,False,False,1.520970382033051,0.020069852294718173,0.4736168473850374,ZT
20240131_a23,20240131,2024-01-31,23,primary_2023_2026,confirmation_2023_2026_powell,10.5,2024-01-31 15:07:50.306000-05:00,2024-01-31 15:08:00-05:00,0.123281697017026,-0.0002279981760145,0.6833333333333333,1.567461643907259,0.4012904642001227,-1.5401159182307769,1.4519323920824077,1.4675888445096,True,True,False,False,2.281195356254641,0.07309374177540454,0.8048152642253537,ZT
20240131_a24,20240131,2024-01-31,24,primary_2023_2026,confirmation_2023_2026_powell,10.5,2024-01-31 15:08:45.586000-05:00,2024-01-31 15:09:00-05:00,0.1723013048601633,-0.0002279981760145,0.5294117647058824,1.0107865670734264,-0.1624484037528715,-1.455855758863831,1.391249646997916,1.3988288670088964,True,True,False,False,0.3801486381629141,0.07795831879198126,0.740175129861726,ZT
20240131_a25,20240131,2024-01-31,25,primary_2023_2026,confirmation_2023_2026_powell,10.5,2024-01-31 15:09:36.796000-05:00,2024-01-31 15:10:00-05:00,0.0056346381934966,-0.0002279981760145,0.6296296296296297,-1.239491047838021,-0.0677642715539094,-0.0808480760167037,-1.0525031314141622,-1.1238463048279197,True,True,False,False,-2.6612428160943695,0.06141875693562038,-0.5414217940325643,ZT
20240131_a26,20240131,2024-01-31,26,primary_2023_2026,confirmation_2023_2026_powell,10.5,2024-01-31 15:10:17.986000-05:00,2024-01-31 15:11:00-05:00,-0.16103202847317,-0.0002279981760145,0.5769230769230769,0.887661282989483,0.1709591056113691,-0.765245673873465,1.1072562188616426,1.1314087885642394,True,True,False,False,0.760427360543678,0.0448791950792595,0.5538253204676636,ZT
20240131_a27,20240131,2024-01-31,27,primary_2023_2026,confirmation_2023_2026_powell,10.5,2024-01-31 15:11:30.426000-05:00,2024-01-31 15:12:00-05:00,0.3806346381934967,-0.0002279981760145,0.6470588235294118,-0.7364056004564242,-0.1052642708309434,-0.3179849216987845,-0.0563402797779151,-0.0014423068850055,True,True,False,False,0.0,0.09863277111243238,-0.005276838687652899,ZT
20240131_a29,20240131,2024-01-31,29,primary_2023_2026,confirmation_2023_2026_powell,10.5,2024-01-31 15:12:58.455999999-05:00,2024-01-31 15:13:00-05:00,0.0056346381934966,-0.0002279981760145,0.6,1.8621084703133923,0.8915338688620524,-0.7435335033284682,1.7546719855284578,1.9148270818803017,True,True,False,False,1.90081545555174,0.06141875693562038,0.943406818290798,ZT
20240131_a31,20240131,2024-01-31,31,primary_2023_2026,confirmation_2023_2026_powell,10.5,2024-01-31 15:14:55.155999999-05:00,2024-01-31 15:15:00-05:00,0.0056346381934966,-0.0002279981760145,0.5,0.5479822389612843,1.27624381169697,-0.1405380389208201,1.2091814449553069,1.1930682507279833,True,True,False,False,2.6606359076742963,0.06141875693562038,0.5965288168232086,ZT
20240131_a32,20240131,2024-01-31,32,primary_2023_2026,confirmation_2023_2026_powell,10.5,2024-01-31 15:16:48.996000-05:00,2024-01-31 15:17:00-05:00,0.1056346381934966,-0.0002279981760145,0.5614035087719298,0.2610278907844691,0.6055039890089455,-0.2117492554210508,1.4243722298310515,1.427573517046661,True,True,False,False,0.3801052892098692,0.0713424940494369,0.6828495707955498,ZT
20240131_a33,20240131,2024-01-31,33,primary_2023_2026,confirmation_2023_2026_powell,10.5,2024-01-31 15:18:41.236000-05:00,2024-01-31 15:19:00-05:00,0.0056346381934966,-0.0002279981760145,0.6363636363636364,-1.9465721994142733,-0.0161931602955836,-2.2330249732138903,-1.0119843991932245,-0.9372224491360852,True,True,False,False,-0.7601672371576227,0.06141875693562038,-0.5816512559507744,ZT
20240131_a34,20240131,2024-01-31,34,primary_2023_2026,confirmation_2023_2026_powell,10.5,2024-01-31 15:19:11.056000-05:00,2024-01-31 15:20:00-05:00,-0.2443653618065033,-0.0002279981760145,0.55,-0.8304061587078088,-0.2080402182049982,-2.0109461178840533,0.5649239905027652,0.4770656520158297,True,True,False,False,0.0,0.03660941415107906,0.16226067060643767,ZT
20240131_a35,20240131,2024-01-31,35,primary_2023_2026,confirmation_2023_2026_powell,10.5,2024-01-31 15:20:51.466000-05:00,2024-01-31 15:21:00-05:00,-0.2443653618065033,-0.0002279981760145,0.5,0.0636715531405767,0.8523523506838675,-0.7154427148938921,-0.6108887514000425,-0.6057866821112158,True,True,False,False,-1.1403158687311197,0.03660941415107906,-0.2798022773641969,ZT
20240501_a00,20240501,2024-05-01,0,primary_2023_2026,confirmation_2023_2026_powell,10.4,2024-05-01 14:40:23.615999999-04:00,2024-05-01 14:41:00-04:00,-0.1795885707223936,0.000308297044202,0.7708333333333334,0.6945793166952093,0.0071699595834139,0.8825502553379242,1.4335123102123564,1.411714431272479,True,False,False,False,0.769911845473292,0.04303769260903226,0.6781144864700182,ZT
20240501_a06,20240501,2024-05-01,6,primary_2023_2026,confirmation_2023_2026_powell,10.4,2024-05-01 14:42:40.526000-04:00,2024-05-01 14:43:00-04:00,-0.2153028564366793,0.000308297044202,0.6,0.744620061746597,-0.1904062155303495,1.8964975082937323,1.5259552476458411,1.4784338958127117,True,False,False,False,0.7697636829289564,0.03949350078266921,0.7171917776272423,ZT
20240501_a07,20240501,2024-05-01,7,primary_2023_2026,confirmation_2023_2026_powell,10.4,2024-05-01 14:44:35.666000-04:00,2024-05-01 14:45:00-04:00,-0.2986361897700126,0.000308297044202,0.55,1.4068827264181936,-0.5139071881891262,0.0235135011770943,1.992321473406209,1.9829482141784909,True,False,False,False,0.3848596225008555,0.03122371985448877,0.9629836765354216,ZT
20240501_a08,20240501,2024-05-01,8,primary_2023_2026,confirmation_2023_2026_powell,10.4,2024-05-01 14:45:13.345999999-04:00,2024-05-01 14:46:00-04:00,-0.2153028564366793,0.000308297044202,0.2352941176470588,-0.223398173924288,-0.4233093815359626,1.7422100504654985,0.301572455947338,0.333143729306905,True,False,False,False,0.0,0.03949350078266921,0.10112320559864871,ZT
20240501_a09,20240501,2024-05-01,9,primary_2023_2026,confirmation_2023_2026_powell,10.4,2024-05-01 14:46:49.156000-04:00,2024-05-01 14:47:00-04:00,0.4096971435633207,0.000308297044202,0.6086956521739131,0.5681306083290114,0.2373655576781724,1.4739033278647171,1.3101038986386897,1.325227971672992,True,False,False,False,1.1544900053235936,0.10151685774402253,0.7051734745331699,ZT
20240501_a10,20240501,2024-05-01,10,primary_2023_2026,confirmation_2023_2026_powell,10.4,2024-05-01 14:48:47.926000-04:00,2024-05-01 14:49:00-04:00,0.0346971435633206,0.000308297044202,0.5571428571428572,0.1722565218817697,0.1163459094706902,1.1035402577541955,0.2737368956389237,0.257633233291392,True,False,False,False,0.0,0.06430284356721053,0.1601987336751886,ZT
20240501_a11,20240501,2024-05-01,11,primary_2023_2026,confirmation_2023_2026_powell,10.4,2024-05-01 14:49:42.235999999-04:00,2024-05-01 14:50:00-04:00,-0.1319695231033459,0.000308297044202,0.5,-0.0929027009761692,-0.3428188901922183,-0.2541969302724249,0.4367573830526437,0.4368761952422861,True,False,False,False,0.0,0.047763281710849655,0.18402314171297324,ZT
20240501_a12,20240501,2024-05-01,12,primary_2023_2026,confirmation_2023_2026_powell,10.4,2024-05-01 14:50:39.938941176-04:00,2024-05-01 14:51:00-04:00,0.0346971435633206,0.000308297044202,0.6296296296296297,1.7904720297823145,1.050736365876081,2.017535350783626,1.2729323234149803,1.331917513631361,True,False,False,False,0.38480038484758294,0.06430284356721053,0.7308865377466012,ZT
20240501_a13,20240501,2024-05-01,13,primary_2023_2026,confirmation_2023_2026_powell,10.4,2024-05-01 14:52:23.136000-04:00,2024-05-01 14:53:00-04:00,-0.1191490102828331,0.000308297044202,0.5555555555555556,0.7467573324115273,-0.0616270663948458,0.2654623846562744,1.5987174593343074,1.6180148570188262,True,False,False,False,0.3847707728595257,0.04903555569980049,0.7641943533276437,ZT
20240501_a14,20240501,2024-05-01,14,primary_2023_2026,confirmation_2023_2026_powell,10.4,2024-05-01 14:53:14.996000-04:00,2024-05-01 14:54:00-04:00,-0.2153028564366793,0.000308297044202,0.5714285714285714,0.3358246499997697,0.6307330805818704,-0.2116584597293165,1.9631953355115077,2.006794727014631,True,False,False,False,1.5389350599784803,0.03949350078266921,0.8753188052453622,ZT
20240501_a15,20240501,2024-05-01,15,primary_2023_2026,confirmation_2023_2026_powell,10.4,2024-05-01 14:55:58.066000-04:00,2024-05-01 14:56:00-04:00,-0.1528028564366793,0.000308297044202,0.6533333333333333,-0.8359655921980799,-0.0136815509959259,1.314391322803777,-0.4319938476138197,-0.4247579542040707,True,False,False,False,-0.3847115625537824,0.04569583647880454,-0.2609493464252249,ZT
20240501_a16,20240501,2024-05-01,16,primary_2023_2026,confirmation_2023_2026_powell,10.4,2024-05-01 14:58:19.285047619-04:00,2024-05-01 14:59:00-04:00,-0.0903028564366793,0.000308297044202,0.6461538461538462,-1.4882585639019212,0.0372788747834318,1.396667788366882,-0.2741962087578107,-0.2638010765524615,True,False,False,False,-1.1543123197175524,0.05189817217493987,-0.23557216996661484,ZT
20240501_a18,20240501,2024-05-01,18,primary_2023_2026,confirmation_2023_2026_powell,10.4,2024-05-01 15:00:58.655999999-04:00,2024-05-01 15:01:00-04:00,0.0346971435633206,0.000308297044202,0.5294117647058824,-1.0929258190154847,0.2744188559565623,1.5051864596800284,-0.421525216583643,-0.490277265167599,True,False,False,False,-1.154445578793668,0.06430284356721053,-0.24831396315443072,ZT
20240501_a21,20240501,2024-05-01,21,primary_2023_2026,confirmation_2023_2026_powell,10.4,2024-05-01 15:02:52.116000-04:00,2024-05-01 15:03:00-04:00,0.0346971435633206,0.000308297044202,0.5833333333333334,-1.755473539662759,-1.7149010345004116,1.4762690618488443,-0.4079248293813007,-0.396180407002227,True,False,False,False,-0.7696451939462279,0.06430284356721053,-0.2966901066206519,ZT
20240501_a24,20240501,2024-05-01,24,primary_2023_2026,confirmation_2023_2026_powell,10.4,2024-05-01 15:04:54.504666666-04:00,2024-05-01 15:05:00-04:00,-0.1081599992938221,0.000308297044202,0.5652173913043478,-0.6950194258093918,-0.278350223319623,-0.4448090073180386,0.5184130607506605,0.5753778716850416,True,False,False,False,0.0,0.05012607626175836,0.174131390390285,ZT
20240501_a25,20240501,2024-05-01,25,primary_2023_2026,confirmation_2023_2026_powell,10.4,2024-05-01 15:06:30.366000-04:00,2024-05-01 15:07:00-04:00,-0.0562119473457702,0.000308297044202,0.5581395348837209,-1.0329383580991365,-0.6058399005266516,0.6057683753415011,-0.670880938719851,-0.6785286517744362,True,False,False,False,-0.38485962249966693,0.05528126437283187,-0.36681241138577886,ZT
20240501_a26,20240501,2024-05-01,26,primary_2023_2026,confirmation_2023_2026_powell,10.4,2024-05-01 15:07:59.916000-04:00,2024-05-01 15:08:00-04:00,0.118030476896654,0.000308297044202,0.7441860465116279,0.7377873426830962,0.3654963795141073,1.7074697704004211,2.0233977463648314,2.020966815871448,True,False,False,False,0.3848448113767824,0.07257262449539098,0.9864435554391201,ZT
20240501_a27,20240501,2024-05-01,27,primary_2023_2026,confirmation_2023_2026_powell,10.4,2024-05-01 15:09:10.806000-04:00,2024-05-01 15:10:00-04:00,0.2569193657855428,0.000308297044202,0.5111111111111111,-0.2700400719094581,-0.5386174531836243,1.157987398608258,-0.4811422223750427,-0.4546608233027889,True,False,False,False,0.0,0.08635559270902503,-0.17244474140551286,ZT
20240501_a28,20240501,2024-05-01,28,primary_2023_2026,confirmation_2023_2026_powell,10.4,2024-05-01 15:11:15.036000-04:00,2024-05-01 15:12:00-04:00,-0.0367314278652507,0.000308297044202,0.6101694915254238,0.0987305263293641,0.5375524756732893,1.545453271745014,1.5659890112295798,1.5855005407734328,True,False,False,False,0.3849040627094334,0.05721445991448444,0.7095023449740524,ZT
20240501_a29,20240501,2024-05-01,29,primary_2023_2026,confirmation_2023_2026_powell,10.4,2024-05-01 15:13:11.036000-04:00,2024-05-01 15:14:00-04:00,-0.0486361897700126,0.000308297044202,0.6491228070175439,0.9196731885160138,0.3168704257813184,1.1154191122514605,1.146373266795562,1.1657805774574774,True,False,False,False,0.3848744347639516,0.056033062639030094,0.5910530236486422,ZT
20240501_a30,20240501,2024-05-01,30,primary_2023_2026,confirmation_2023_2026_powell,10.4,2024-05-01 15:14:58.696000-04:00,2024-05-01 15:15:00-04:00,-0.1191490102828331,0.000308297044202,0.6470588235294118,-1.396942942831226,0.3467838337030728,0.3090972482183204,-0.0915287050406494,-0.1073966427624848,True,False,False,False,-0.7697933108766968,0.04903555569980049,-0.15249535751499377,ZT
20240501_a31,20240501,2024-05-01,31,primary_2023_2026,confirmation_2023_2026_powell,10.4,2024-05-01 15:15:54.346000-04:00,2024-05-01 15:16:00-04:00,-0.1319695231033459,0.000308297044202,0.6521739130434783,0.8601912231471547,0.3307414499627689,0.965370623358036,1.9082866966768108,1.8569653178737184,True,False,False,False,0.3849040627094334,0.047763281710849655,0.9071984028196105,ZT
20240501_a32,20240501,2024-05-01,32,primary_2023_2026,confirmation_2023_2026_powell,10.4,2024-05-01 15:17:04.066000-04:00,2024-05-01 15:18:00-04:00,-0.2153028564366793,0.000308297044202,0.6153846153846154,-2.3768064320384856,-0.7741635067654384,0.513194751866508,-0.8106173733568731,-0.7817011429199766,True,False,False,False,-0.3849336952186631,0.03949350078266921,-0.5629857273693879,ZT
20240501_a34,20240501,2024-05-01,34,primary_2023_2026,confirmation_2023_2026_powell,10.4,2024-05-01 15:20:14.546000-04:00,2024-05-01 15:21:00-04:00,0.0346971435633206,0.000308297044202,0.6052631578947368,0.4501138378628244,-0.6706204988067831,1.1404302029574178,1.3599481756471352,1.385570609674968,True,False,False,False,0.3849633322908768,0.06430284356721053,0.6591009934803818,ZT
20240612_a00,20240612,2024-06-12,0,primary_2023_2026,confirmation_2023_2026_powell,10.4,2024-06-12 14:40:42.385999999-04:00,2024-06-12 14:41:00-04:00,-0.1458632806851853,-0.0003055884487566,0.6052631578947368,0.3881194478788634,-0.6483330417575441,-0.4103630409179587,1.427571689939488,1.4584842396246238,True,False,False,False,0.7642922657344595,0.04638450173319696,0.6556147648682136,ZT
20240612_a01,20240612,2024-06-12,1,primary_2023_2026,confirmation_2023_2026_powell,10.4,2024-06-12 14:41:33.955999999-04:00,2024-06-12 14:42:00-04:00,-0.562529947351852,-0.0003055884487566,0.5,-0.8707334441441096,-1.191123763227606,0.2554437951946078,-0.4637093613542279,-0.5084031197918502,True,False,False,False,-0.7642630597174659,0.005035597092294744,-0.3413375824186086,ZT
20240612_a02,20240612,2024-06-12,2,primary_2023_2026,confirmation_2023_2026_powell,10.4,2024-06-12 14:44:40.575999999-04:00,2024-06-12 14:45:00-04:00,-0.1060082082214172,-0.0003055884487566,0.6106194690265486,-1.2520846424021068,-0.7599681215881019,-0.5354302484747142,-0.907140042266676,-0.8688257673159535,True,False,False,False,-0.3822703033780253,0.05033961435102239,-0.4960776060560281,ZT
20240612_a03,20240612,2024-06-12,3,primary_2023_2026,confirmation_2023_2026_powell,10.4,2024-06-12 14:45:50.086000-04:00,2024-06-12 14:46:00-04:00,-0.062529947351852,-0.0003055884487566,0.5897435897435898,-1.327515273939461,-0.4293464745349304,-0.3313745464391328,-1.3149039185567777,-1.350099541837797,True,False,False,False,-0.3822849169952015,0.0546542826613774,-0.674244645808902,ZT
20240612_a04,20240612,2024-06-12,4,primary_2023_2026,confirmation_2023_2026_powell,10.4,2024-06-12 14:47:55.135999999-04:00,2024-06-12 14:48:00-04:00,-0.1180855029074075,-0.0003055884487566,0.5735294117647058,-0.9234365495315684,-0.251309937838834,0.1524919318963353,-1.3100928393540867,-1.3591254727098552,True,False,False,False,-1.1468985963065201,0.049141095375923774,-0.6476244921890666,ZT
20240612_a05,20240612,2024-06-12,5,primary_2023_2026,confirmation_2023_2026_powell,10.4,2024-06-12 14:49:06.466000-04:00,2024-06-12 14:50:00-04:00,-0.1736410584629631,-0.0003055884487566,0.5526315789473685,1.316253660855148,-0.0180648627161839,-0.8447026106510387,1.358013030481369,1.302228214153614,True,False,False,False,1.5293442966153117,0.043627908090470145,0.6969303177157722,ZT
20240612_a06,20240612,2024-06-12,6,primary_2023_2026,confirmation_2023_2026_powell,10.4,2024-06-12 14:50:50.185999999-04:00,2024-06-12 14:51:00-04:00,-0.062529947351852,-0.0003055884487566,0.5192307692307693,-0.942984793956156,-0.8430410127343246,-1.338363926555566,-0.8066046870424186,-0.7973464696840332,True,False,False,False,-1.1469862947709883,0.0546542826613774,-0.4199075115081548,ZT
20240612_a07,20240612,2024-06-12,7,primary_2023_2026,confirmation_2023_2026_powell,10.4,2024-06-12 14:53:31.195999999-04:00,2024-06-12 14:54:00-04:00,-0.062529947351852,-0.0003055884487566,0.5875,-0.0508053553053309,-0.1464583850049727,-0.319416565847149,1.2427472977185494,1.28369032408231,True,False,False,False,1.1472055996213915,0.0546542826613774,0.5515465063681977,ZT
20240612_a08,20240612,2024-06-12,8,primary_2023_2026,confirmation_2023_2026_powell,10.4,2024-06-12 14:55:01.596000-04:00,2024-06-12 14:56:00-04:00,-0.062529947351852,-0.0003055884487566,0.5,0.8268856560613259,-0.734770895417437,-0.386097848617012,1.3457535328927577,1.2688622627429664,True,False,False,False,1.147030149033061,0.0546542826613774,0.6686788836167762,ZT
20240612_a09,20240612,2024-06-12,9,primary_2023_2026,confirmation_2023_2026_powell,10.4,2024-06-12 14:56:38.405999999-04:00,2024-06-12 14:57:00-04:00,-0.062529947351852,-0.0003055884487566,0.6341463414634146,-1.906078899217312,-0.9440812667604308,-0.7010902852570113,-1.1754271839288133,-1.2288980927316269,True,False,False,False,-0.7646429121325922,0.0546542826613774,-0.6605581589975946,ZT
20240612_a10,20240612,2024-06-12,10,primary_2023_2026,confirmation_2023_2026_powell,10.4,2024-06-12 14:58:22.495999999-04:00,2024-06-12 14:59:00-04:00,-0.1394530242749289,-0.0003055884487566,0.7142857142857143,-1.454130755883169,-0.343468289215468,-1.3025536474942163,-1.1107956474078429,-1.1455870954475225,True,False,False,False,-0.38235800184419094,0.04702063872767238,-0.6071098540540631,ZT
20240612_a11,20240612,2024-06-12,11,primary_2023_2026,confirmation_2023_2026_powell,10.4,2024-06-12 14:59:27.116000-04:00,2024-06-12 15:00:00-04:00,-0.312529947351852,-0.0003055884487566,0.6486486486486487,-0.2776806075706865,0.1510958715874171,0.7936020162785253,1.7083302230843225,1.6517458955061464,True,False,False,False,0.38235800184431973,0.02984493987683607,0.6981890197645685,ZT
20240612_a12,20240612,2024-06-12,12,primary_2023_2026,confirmation_2023_2026_powell,10.4,2024-06-12 15:01:27.426000-04:00,2024-06-12 15:02:00-04:00,0.1874700526481479,-0.0003055884487566,0.6379310344827587,-1.1822227599830937,-0.6259967006342163,-0.8861853004206572,-0.6772967675824582,-0.7571186781157416,True,False,False,False,-1.1471617319424408,0.07946362544591871,-0.34402142254699025,ZT
20240612_a13,20240612,2024-06-12,13,primary_2023_2026,confirmation_2023_2026_powell,10.4,2024-06-12 15:02:45.775999999-04:00,2024-06-12 15:03:00-04:00,-0.1736410584629631,-0.0003055884487566,0.5428571428571428,-1.1540673887047277,-1.264263597624346,-1.8014353701105212,-0.6987492497572084,-0.7198781641568798,True,False,False,False,-0.3824018661671803,0.043627908090470145,-0.4071999911068069,ZT
20240612_a14,20240612,2024-06-12,14,primary_2023_2026,confirmation_2023_2026_powell,10.4,2024-06-12 15:04:08.086000-04:00,2024-06-12 15:05:00-04:00,-0.2053870902089949,-0.0003055884487566,0.5609756097560976,0.4018601239844153,0.707517643044963,-0.4226463223603954,0.5195763903851133,0.4866604658458243,True,False,False,False,0.0,0.04047751535592521,0.2494992884268306,ZT
20240612_a15,20240612,2024-06-12,15,primary_2023_2026,confirmation_2023_2026_powell,10.4,2024-06-12 15:05:42.246000-04:00,2024-06-12 15:06:00-04:00,0.1682392834173787,-0.0003055884487566,0.5660377358490566,-1.7595008496475473,-0.3864391055303825,-0.8746229042436185,-0.4986165765896069,-0.4914449929863221,True,False,False,False,-0.7648476044879978,0.07755521446249247,-0.31603237043396015,ZT
20240612_a16,20240612,2024-06-12,16,primary_2023_2026,confirmation_2023_2026_powell,10.4,2024-06-12 15:06:50.486000-04:00,2024-06-12 15:07:00-04:00,-0.437529947351852,-0.0003055884487566,0.5862068965517241,1.2771803068529894,-0.2630862620859983,-0.2467607790205987,1.6463775669325411,1.603902590329162,True,False,False,False,0.3824311146420523,0.01744026848456541,0.7791385589393096,ZT
20240612_a17,20240612,2024-06-12,17,primary_2023_2026,confirmation_2023_2026_powell,10.4,2024-06-12 15:10:09.506000-04:00,2024-06-12 15:11:00-04:00,-0.1314954645932313,-0.0003055884487566,0.6206896551724138,0.9581691550555728,-0.744323953948432,-1.836380976295616,0.7597915242955052,0.7607856312757587,True,False,False,False,0.7648183560140187,0.0478103260311591,0.4118925232404322,ZT
20240612_a18,20240612,2024-06-12,18,primary_2023_2026,confirmation_2023_2026_powell,10.4,2024-06-12 15:11:39.955999999-04:00,2024-06-12 15:12:00-04:00,0.0551171114716774,-0.0003055884487566,0.6136363636363636,1.5215535143788586,-0.8308679984312338,-0.3292676138826406,1.4392355230709597,1.4875840150628772,True,False,False,False,0.3823872436076231,0.06632926750116155,0.7848981304924788,ZT
20240612_a19,20240612,2024-06-12,19,primary_2023_2026,confirmation_2023_2026_powell,10.4,2024-06-12 15:12:51.716000-04:00,2024-06-12 15:13:00-04:00,-0.1736410584629631,-0.0003055884487566,0.6363636363636364,0.763586843509249,0.3583916914121525,-0.4257575394658928,1.123470733884388,1.1764345844130384,True,False,False,False,0.3823872436076231,0.043627908090470145,0.5487985191627667,ZT
20240612_a20,20240612,2024-06-12,20,primary_2023_2026,confirmation_2023_2026_powell,10.4,2024-06-12 15:14:21.816000-04:00,2024-06-12 15:15:00-04:00,-0.262529947351852,-0.0003055884487566,0.5714285714285714,0.7645111306922461,-0.7110571089461092,-1.4163466494577754,1.235147496002852,1.2885241892806112,True,False,False,False,0.3823726221675613,0.03480680843374434,0.5840197042016997,ZT
20240612_a22,20240612,2024-06-12,22,primary_2023_2026,confirmation_2023_2026_powell,10.4,2024-06-12 15:15:37.486000-04:00,2024-06-12 15:16:00-04:00,0.1041367193148146,-0.0003055884487566,0.5238095238095238,0.8976752943224161,-0.1374232059841935,-0.5672818693225739,1.230155657864792,1.2465640952960608,True,False,False,False,0.38235800184431973,0.07119384451773828,0.6497001886108893,ZT
20240612_a23,20240612,2024-06-12,23,primary_2023_2026,confirmation_2023_2026_powell,10.4,2024-06-12 15:16:56.996000-04:00,2024-06-12 15:17:00-04:00,-0.4911013759232805,-0.0003055884487566,0.7333333333333333,-0.2601521757526063,-2.5376929396040357,-1.054263453914429,0.3115633612196684,0.3019194459406671,True,False,False,False,0.0,0.012123980745020843,0.05965364600784989,ZT
20240612_a24,20240612,2024-06-12,24,primary_2023_2026,confirmation_2023_2026_powell,10.4,2024-06-12 15:18:59.776000-04:00,2024-06-12 15:19:00-04:00,-0.3291966140185187,-0.0003055884487566,0.4509803921568627,0.0808614497762851,-0.942958642231795,-1.3660751480781657,1.5323596271809887,1.5741758761887077,True,False,False,False,0.3823872436076231,0.028190983691199985,0.6478731851074953,ZT
20240612_a25,20240612,2024-06-12,25,primary_2023_2026,confirmation_2023_2026_powell,10.4,2024-06-12 15:19:26.596000-04:00,2024-06-12 15:20:00-04:00,-1.062529947351852,-0.0003055884487566,0.5,-0.7190449796617051,-1.8608705471033125,-0.0408543155432009,0.5077941456265069,0.5405634377705035,True,False,False,False,0.0,-0.04458308847678789,0.01928235804670355,ZT
20240612_a26,20240612,2024-06-12,26,primary_2023_2026,confirmation_2023_2026_powell,10.4,2024-06-12 15:20:40.856000-04:00,2024-06-12 15:21:00-04:00,-0.2291966140185186,-0.0003055884487566,0.5714285714285714,0.5401846735994508,-1.0658728396410655,-1.2593794208408111,1.1596506891307732,1.138463282573167,True,False,False,False,0.3823726221675613,0.03811472080501652,0.5377068514849709,ZT
20240612_a27,20240612,2024-06-12,27,primary_2023_2026,confirmation_2023_2026_powell,10.4,2024-06-12 15:21:43.487904761-04:00,2024-06-12 15:22:00-04:00,-0.062529947351852,-0.0003055884487566,0.6428571428571429,0.6029704655710252,-1.034892628002979,-0.2983416128349198,1.483097644221271,1.5334077688515038,True,False,False,False,0.7647013844812371,0.0546542826613774,0.7105163778382138,ZT
20240612_a28,20240612,2024-06-12,28,primary_2023_2026,confirmation_2023_2026_powell,10.4,2024-06-12 15:22:41.456000-04:00,2024-06-12 15:23:00-04:00,-0.062529947351852,-0.0003055884487566,0.6521739130434783,-2.611863773934408,-0.6951885281731458,-1.2394499801840262,-0.3981788696197778,-0.3913728221792307,True,False,False,False,-0.7647013844819556,0.0546542826613774,-0.3777537852623457,ZT
20240731_a00,20240731,2024-07-31,0,primary_2023_2026,confirmation_2023_2026_powell,10.4,2024-07-31 14:38:11.326000-04:00,2024-07-31 14:39:00-04:00,-0.0012849105670154,-0.0002664230798508,0.4736842105263157,1.7887429307499247,-0.2797892310765427,-0.3408753109215813,1.1547115766837297,1.1626018891486227,True,False,False,False,1.522243790281671,0.06073207910716481,0.6733371290995448,ZT
20240731_a01,20240731,2024-07-31,1,primary_2023_2026,confirmation_2023_2026_powell,10.4,2024-07-31 14:39:25.676000-04:00,2024-07-31 14:40:00-04:00,0.2903817560996511,-0.0002664230798508,0.5714285714285714,1.8008113340185636,0.4343290841725184,0.017582661301245,1.4337956364099698,1.4844485318290344,True,False,False,False,0.7610350079783424,0.08967631235579634,0.8419556366951217,ZT
20240731_a02,20240731,2024-07-31,2,primary_2023_2026,confirmation_2023_2026_powell,10.4,2024-07-31 14:40:16.645999999-04:00,2024-07-31 14:41:00-04:00,0.2665722322901274,-0.0002664230798508,0.6666666666666666,2.1008278889076912,-0.6682786730415781,1.8211909194784568,1.24848305591737,1.2443998792539332,True,False,False,False,0.7610060503653933,0.08731351780488766,0.7816357526519684,ZT
20240731_a03,20240731,2024-07-31,3,primary_2023_2026,confirmation_2023_2026_powell,10.4,2024-07-31 14:41:17.995999999-04:00,2024-07-31 14:42:00-04:00,0.1237150894329845,-0.0002664230798508,0.5384615384615384,2.141683471022539,0.3541132153744042,0.8474632511299574,0.782222701356725,0.7622578240005066,True,False,False,False,0.7609481417512284,0.07313675049943547,0.5584252620617365,ZT
20240731_a04,20240731,2024-07-31,4,primary_2023_2026,confirmation_2023_2026_powell,10.4,2024-07-31 14:42:29.616000-04:00,2024-07-31 14:43:00-04:00,-0.1619991962813011,-0.0002664230798508,0.7096774193548387,-0.11450632972636,-0.6329870050322015,0.2898511097535052,-0.7191992976275808,-0.679305945690917,True,False,False,False,-0.38046683284937366,0.04478321588853111,-0.32909811723270005,ZT
20240731_a05,20240731,2024-07-31,5,primary_2023_2026,confirmation_2023_2026_powell,10.4,2024-07-31 14:44:43.556000-04:00,2024-07-31 14:45:00-04:00,0.1825386188447492,-0.0002664230798508,0.5362318840579711,0.1059914571097985,0.1660078074386922,0.3365791341757996,-0.8270617411825155,-0.8539710101231682,True,False,False,False,-0.3804957860550156,0.07897424291932754,-0.30478282272240204,ZT
20240731_a06,20240731,2024-07-31,6,primary_2023_2026,confirmation_2023_2026_powell,10.4,2024-07-31 14:46:06.136000-04:00,2024-07-31 14:47:00-04:00,-0.0762849105670154,-0.0002664230798508,0.5333333333333333,1.3154812398283398,-1.252923253569014,1.3624355039776972,-0.1496843153502405,-0.1859157731277179,True,False,False,False,0.0,0.05328927627180242,0.051124918873759154,ZT
20240731_a07,20240731,2024-07-31,7,primary_2023_2026,confirmation_2023_2026_powell,10.4,2024-07-31 14:47:05.085999999-04:00,2024-07-31 14:48:00-04:00,-0.0012849105670154,-0.0002664230798508,0.7241379310344828,1.5039600538020634,-0.4783274625807062,1.7182139306499649,1.4305283237669046,1.382985688785069,True,False,False,False,0.7609770949570952,0.06073207910716481,0.7708787978954239,ZT
20240731_a08,20240731,2024-07-31,8,primary_2023_2026,confirmation_2023_2026_powell,10.4,2024-07-31 14:49:35.226000-04:00,2024-07-31 14:50:00-04:00,0.1237150894329845,-0.0002664230798508,0.6375,0.4336608970081955,-0.7728052608527347,0.6815305161531908,-0.6370048546100823,-0.6206524349122385,True,False,False,False,-0.760948141751715,0.07313675049943547,-0.20373877595152484,ZT
20240731_a10,20240731,2024-07-31,10,primary_2023_2026,confirmation_2023_2026_powell,10.4,2024-07-31 14:51:58.776000-04:00,2024-07-31 14:52:00-04:00,0.1237150894329845,-0.0002664230798508,0.625,-0.3769666169772284,-0.9610948282536392,1.5191532541949369,-0.9682890094472172,-0.9681523017390772,True,False,False,False,-0.3805247436673842,0.07313675049943547,-0.4154311562509092,ZT
20240731_a11,20240731,2024-07-31,11,primary_2023_2026,confirmation_2023_2026_powell,10.4,2024-07-31 14:53:58.706000-04:00,2024-07-31 14:54:00-04:00,0.2237150894329845,-0.0002664230798508,0.546875,1.1308049324127154,-0.0136528380222455,0.3720868257779708,-0.7012491700604406,-0.6668829080685592,True,False,False,False,0.0,0.083060487613252,-0.15919272773055634,ZT
20240731_a12,20240731,2024-07-31,12,primary_2023_2026,confirmation_2023_2026_powell,10.4,2024-07-31 14:54:45.315999999-04:00,2024-07-31 14:55:00-04:00,0.1237150894329845,-0.0002664230798508,0.7083333333333334,0.7565270581892705,-1.4900432516644326,-0.4435025875177527,0.3479584440117353,0.2873045798393493,True,False,False,False,0.0,0.07313675049943547,0.254475201135182,ZT
20240731_a13,20240731,2024-07-31,13,primary_2023_2026,confirmation_2023_2026_powell,10.4,2024-07-31 14:55:50.146000-04:00,2024-07-31 14:56:00-04:00,-0.0762849105670154,-0.0002664230798508,0.5294117647058824,1.96034012573572,-0.5641915489082034,0.4502498488790621,1.0009303808574543,0.9739459266409048,True,False,False,False,1.9024065500150515,0.05328927627180242,0.6083557614525655,ZT
20240731_a14,20240731,2024-07-31,14,primary_2023_2026,confirmation_2023_2026_powell,10.4,2024-07-31 14:57:30.185999999-04:00,2024-07-31 14:58:00-04:00,0.2348262005440956,-0.0002664230798508,0.5185185185185185,0.4213485539896363,-0.3294498703406603,0.3783847055397046,-0.752326317141854,-0.7642235371179565,True,False,False,False,-0.3803944691103956,0.08416312507034271,-0.2380401419213115,ZT
20240731_a15,20240731,2024-07-31,15,primary_2023_2026,confirmation_2023_2026_powell,10.4,2024-07-31 14:58:37.185999999-04:00,2024-07-31 14:59:00-04:00,-0.0581030923851972,-0.0002664230798508,0.56,0.1419246578577172,-2.1288374403989967,0.9584308845516571,0.5942128058920321,0.5308520826813208,True,False,False,False,0.0,0.05509359211067815,0.2837710690756084,ZT
20240731_a16,20240731,2024-07-31,16,primary_2023_2026,confirmation_2023_2026_powell,10.4,2024-07-31 14:59:58.656000-04:00,2024-07-31 15:00:00-04:00,-0.1262849105670154,-0.0002664230798508,0.5555555555555556,2.140218218555603,-1.462584659847605,0.1683641911452096,1.0076971371795005,0.985282902056198,True,False,False,False,1.521606819734674,0.048327407714894154,0.6183086050614595,ZT
20240731_a17,20240731,2024-07-31,17,primary_2023_2026,confirmation_2023_2026_powell,10.4,2024-07-31 15:01:28.156000-04:00,2024-07-31 15:02:00-04:00,-0.1490121832942881,-0.0002664230798508,0.75,1.7491744078185782,-0.8834888198250876,0.2800173695070165,1.2836550000365332,1.286947226632439,True,False,False,False,0.38039446910927277,0.04607201291629949,0.7036675541073479,ZT
20240731_a18,20240731,2024-07-31,18,primary_2023_2026,confirmation_2023_2026_powell,10.4,2024-07-31 15:02:41.715999999-04:00,2024-07-31 15:03:00-04:00,0.3055332712511663,-0.0002664230798508,0.7021276595744681,1.7372941913400464,-0.445132839188786,1.2339210741494486,1.0917847921553758,1.0827557160088686,True,False,False,False,0.38037999966559055,0.0911799088881928,0.6891874501665985,ZT
20240731_a19,20240731,2024-07-31,19,primary_2023_2026,confirmation_2023_2026_powell,10.4,2024-07-31 15:04:17.056000-04:00,2024-07-31 15:05:00-04:00,0.1237150894329845,-0.0002664230798508,0.5909090909090909,-0.1684825455903528,-0.1474376652741477,-0.6265384792926603,-1.271137787367303,-1.2815152471334283,True,False,False,False,-0.3803655313210801,0.07313675049943547,-0.5310791552802566,ZT
20240731_a20,20240731,2024-07-31,20,primary_2023_2026,confirmation_2023_2026_powell,10.4,2024-07-31 15:06:52.605999999-04:00,2024-07-31 15:07:00-04:00,0.1237150894329845,-0.0002664230798508,0.5454545454545454,2.7859571764144118,-0.9520566546996008,0.20045661982894,1.2490769838683276,1.1809460552818016,True,False,False,False,0.7607455309871117,0.07313675049943547,0.8158983369905575,ZT
20240731_a21,20240731,2024-07-31,21,primary_2023_2026,confirmation_2023_2026_powell,10.4,2024-07-31 15:07:36.246000-04:00,2024-07-31 15:08:00-04:00,0.1237150894329845,-0.0002664230798508,0.6,0.7494050420339218,-0.6506758307158386,-0.1718496358373961,-0.0568890781325264,-0.0907190563162751,True,False,False,False,0.0,0.07313675049943547,0.07643602165588051,ZT
20240731_a22,20240731,2024-07-31,22,primary_2023_2026,confirmation_2023_2026_powell,10.4,2024-07-31 15:09:08.976000-04:00,2024-07-31 15:10:00-04:00,0.0403817560996512,-0.0002664230798508,0.5869565217391305,1.478487254843865,-1.066938585370214,0.0903420023436292,1.4161820480995242,1.4069829244328582,True,False,False,False,0.38037999966559055,0.06486696957125503,0.768972643570913,ZT
20240731_a27,20240731,2024-07-31,27,primary_2023_2026,confirmation_2023_2026_powell,10.4,2024-07-31 15:11:43.866000-04:00,2024-07-31 15:12:00-04:00,-0.2096182439003487,-0.0002664230798508,0.625,1.4319154392831626,-1.633287975647116,-0.9605399429054314,0.0356964520326351,-0.0207363264486708,True,False,False,False,0.0,0.04005762678671372,0.121223074576879,ZT
20240731_a28,20240731,2024-07-31,28,primary_2023_2026,confirmation_2023_2026_powell,10.4,2024-07-31 15:13:08.386000-04:00,2024-07-31 15:14:00-04:00,0.2348262005440956,-0.0002664230798508,0.6585365853658537,1.0817931150177746,-0.8576891277791132,0.4694355925462276,0.3592644428963283,0.2777520645773415,True,False,False,False,0.0,0.08416312507034271,0.303363734130334,ZT
20240731_a29,20240731,2024-07-31,29,primary_2023_2026,confirmation_2023_2026_powell,10.4,2024-07-31 15:14:15.686000-04:00,2024-07-31 15:15:00-04:00,-0.0301310644131693,-0.0002664230798508,0.5789473684210527,2.33135457513539,0.463362416552162,0.5721705970510791,1.0459197367291533,1.0633593847536358,True,False,False,False,0.7606587308262704,0.05786946263202543,0.6656719672369018,ZT
20240731_a30,20240731,2024-07-31,30,primary_2023_2026,confirmation_2023_2026_powell,10.4,2024-07-31 15:16:05.086000-04:00,2024-07-31 15:17:00-04:00,0.1237150894329845,-0.0002664230798508,0.6595744680851063,2.403096934467753,-1.1978705468055109,-0.5681333768292088,1.416304075741279,1.3989695942570377,True,False,False,False,0.3803076689508134,0.07313675049943547,0.8577987456315792,ZT
20240731_a31,20240731,2024-07-31,31,primary_2023_2026,confirmation_2023_2026_powell,10.4,2024-07-31 15:18:02.556000-04:00,2024-07-31 15:19:00-04:00,0.0612150894329845,-0.0002664230798508,0.46875,1.3680206304069946,-0.0989845854209782,0.0370460060082725,1.2039550260626677,1.2218820487558424,True,False,False,False,1.1408362341951805,0.06693441480330013,0.6701240236897744,ZT
20240918_a00,20240918,2024-09-18,0,primary_2023_2026,confirmation_2023_2026_powell,10.4,2024-09-18 14:40:07.855999999-04:00,2024-09-18 14:41:00-04:00,0.1111647942904303,0.0015737999775171,0.5128205128205128,0.9260278563160904,-0.0966215397125055,0.8481804637593753,1.0621512793624923,1.0197155216188325,True,True,True,False,0.7485590242290616,0.0718912922024803,0.5794763647590769,ZT
20240918_a01,20240918,2024-09-18,1,primary_2023_2026,confirmation_2023_2026_powell,10.4,2024-09-18 14:41:32.786000-04:00,2024-09-18 14:42:00-04:00,0.1230695561951921,0.0015737999775171,0.5769230769230769,-0.7059080900217987,-1.6461400454887023,0.3046718997628706,-0.7382124325051947,-0.7305366454275264,True,True,True,False,-0.37428651637234006,0.07307268947793465,-0.3416604188607628,ZT
20240918_a02,20240918,2024-09-18,2,primary_2023_2026,confirmation_2023_2026_powell,10.4,2024-09-18 14:43:45.376000-04:00,2024-09-18 14:44:00-04:00,0.1175750507006867,0.0015737999775171,0.4915254237288136,-0.8187801999399301,-1.0581201169779608,1.0178180993110588,-0.9356220657642904,-0.9047087707378308,True,True,True,False,-1.1231117695203383,0.07252742919695572,-0.43830047831584207,ZT
20240918_a03,20240918,2024-09-18,3,primary_2023_2026,confirmation_2023_2026_powell,10.4,2024-09-18 14:44:56.156000-04:00,2024-09-18 14:45:00-04:00,0.3194981276237636,0.0015737999775171,0.6666666666666666,-0.284496061858052,-0.4068400829320184,-0.4211615899425889,-0.2439396089492644,-0.2080871283448155,True,True,True,False,-1.8721333013586239,0.0925657445229314,-0.05993914925425801,ZT
20240918_a04,20240918,2024-09-18,4,primary_2023_2026,confirmation_2023_2026_powell,10.4,2024-09-18 14:45:47.246000-04:00,2024-09-18 14:46:00-04:00,0.3194981276237636,0.0015737999775171,0.6521739130434783,1.332900023230059,-0.5807931785768516,0.1761192263434292,1.0746653951418337,0.9861098408370178,True,True,True,False,2.2466020239034066,0.0925657445229314,0.6506868837925105,ZT
20240918_a05,20240918,2024-09-18,5,primary_2023_2026,confirmation_2023_2026_powell,10.4,2024-09-18 14:46:41.066000-04:00,2024-09-18 14:47:00-04:00,0.7944981276237636,0.0015737999775171,0.7222222222222222,-2.1891215124882755,-2.117200968592659,0.3140146433364388,-0.7104110285703445,-0.7109445142013372,True,True,True,False,-0.7487832276059829,0.13970349581355992,-0.34683697524170254,ZT
20240918_a06,20240918,2024-09-18,6,primary_2023_2026,confirmation_2023_2026_powell,10.4,2024-09-18 14:47:30.675999999-04:00,2024-09-18 14:48:00-04:00,0.1944981276237636,0.0015737999775171,0.75,-0.0498175575809588,-1.3687461380334474,1.0037957886516993,-1.3609392075686142,-1.3669278055564262,True,True,True,False,-0.748867338500804,0.08016107313066075,-0.5497159735232606,ZT
20240918_a07,20240918,2024-09-18,7,primary_2023_2026,confirmation_2023_2026_powell,10.4,2024-09-18 14:48:56.145999999-04:00,2024-09-18 14:49:00-04:00,0.1944981276237636,0.0015737999775171,0.6326530612244898,-0.0406875480472345,-1.6643939258266105,-0.3161141128055537,-0.9206386603958412,-0.8986401839672368,True,True,True,False,-0.7489234229301329,0.08016107313066075,-0.3559721397319634,ZT
20240918_a08,20240918,2024-09-18,8,primary_2023_2026,confirmation_2023_2026_powell,10.4,2024-09-18 14:49:44.986000-04:00,2024-09-18 14:50:00-04:00,0.1944981276237636,0.0015737999775171,0.4782608695652174,-0.9314118959053468,-1.2424938326356127,0.8085405770819867,-1.2423584616590195,-1.273146672311755,True,True,True,False,-0.7489795157603529,0.08016107313066075,-0.5700412015327401,ZT
20240918_a09,20240918,2024-09-18,9,primary_2023_2026,confirmation_2023_2026_powell,10.4,2024-09-18 14:51:33.896000-04:00,2024-09-18 14:52:00-04:00,0.3763163094419455,0.0015737999775171,0.5,1.754094954230406,-1.789395412113019,0.5930881484277195,1.55561883861993,1.559478176767697,True,True,True,False,2.2465179067070937,0.09820423151941808,0.9048691028601508,ZT
20240918_a10,20240918,2024-09-18,10,primary_2023_2026,confirmation_2023_2026_powell,10.4,2024-09-18 14:52:23.686000-04:00,2024-09-18 14:53:00-04:00,0.0278314609570969,0.0015737999775171,0.6153846153846154,1.563026512103832,-0.4104507187117553,-1.9005330470249548,1.4185189717260502,1.5251642089563675,True,True,True,False,1.1231117695211181,0.06362151127429985,0.7749810995843884,ZT
20240918_a11,20240918,2024-09-18,11,primary_2023_2026,confirmation_2023_2026_powell,10.4,2024-09-18 14:53:30.816000-04:00,2024-09-18 14:54:00-04:00,-0.4055018723762363,0.0015737999775171,0.6551724137931034,-1.2668203619450462,-1.318435553996291,0.0931822577854984,-0.9733390469953406,-1.015205532070185,True,True,True,False,-1.4975664573097236,0.020618650447761573,-0.5728174916765753,ZT
20240918_a12,20240918,2024-09-18,12,primary_2023_2026,confirmation_2023_2026_powell,10.4,2024-09-18 14:54:21.746000-04:00,2024-09-18 14:55:00-04:00,0.3944981276237637,0.0015737999775171,0.7,1.955190697500706,0.3512062197414695,-1.109289716801826,1.2357209966150398,1.1284149793754097,True,True,True,False,0.7488112624721712,0.10000854735829381,0.7839659564283008,ZT
20240918_a13,20240918,2024-09-18,13,primary_2023_2026,confirmation_2023_2026_powell,10.4,2024-09-18 14:56:36.056000-04:00,2024-09-18 14:57:00-04:00,-0.0228931767240624,0.0015737999775171,0.5375,0.0252328857136042,-0.693917064592071,-0.4456944430402568,-0.908207768210218,-0.9152319767666008,True,True,True,False,-1.8722735071823844,0.058587731578885686,-0.3788802705527272,ZT
20240918_a14,20240918,2024-09-18,14,primary_2023_2026,confirmation_2023_2026_powell,10.4,2024-09-18 14:57:28.905999999-04:00,2024-09-18 14:58:00-04:00,0.1944981276237636,0.0015737999775171,0.44,-0.3566649266347582,-0.1424028054324669,1.363590035938413,-0.8843561212270096,-0.8180772131722525,True,True,True,False,-0.7489795157603529,0.08016107313066075,-0.3659828303912411,ZT
20240918_a15,20240918,2024-09-18,15,primary_2023_2026,confirmation_2023_2026_powell,10.4,2024-09-18 14:59:29.806000-04:00,2024-09-18 15:00:00-04:00,-0.3055018723762364,0.0015737999775171,0.6415094339622641,-0.615046271859872,-0.9038579010006276,-0.7824570178372684,-0.8463754430502709,-0.8771187080663557,True,True,True,False,-1.872553981840543,0.030542387561578094,-0.4481810211060103,ZT
20240918_a16,20240918,2024-09-18,16,primary_2023_2026,confirmation_2023_2026_powell,10.4,2024-09-18 15:00:43.185999999-04:00,2024-09-18 15:01:00-04:00,0.2854072185328545,0.0015737999775171,0.6216216216216216,-1.6916033797594825,-0.5538709434158146,0.5096502940225246,-1.1822181091440302,-1.2245038782920523,True,True,True,False,-1.872974851423237,0.08918265232503941,-0.5919065665536294,ZT
20240918_a17,20240918,2024-09-18,17,primary_2023_2026,confirmation_2023_2026_powell,10.4,2024-09-18 15:01:48.276000-04:00,2024-09-18 15:02:00-04:00,0.1175750507006867,0.0015737999775171,0.5476190476190477,0.8618589505048015,-0.4790394446597125,-1.0436683526345112,0.8787350951935174,0.8711277541733219,True,True,True,False,0.374609001898521,0.07252742919695572,0.4948132306486389,ZT
20240918_a18,20240918,2024-09-18,18,primary_2023_2026,confirmation_2023_2026_powell,10.4,2024-09-18 15:02:46.546000-04:00,2024-09-18 15:03:00-04:00,0.7944981276237638,0.0015737999775171,0.4615384615384615,-0.4625438567377994,-1.2680994579141676,1.1525326228215316,0.2485895597537752,0.3225115842777697,True,True,True,False,0.0,0.13970349581355995,0.2151195044833961,ZT
20240918_a19,20240918,2024-09-18,19,primary_2023_2026,confirmation_2023_2026_powell,10.4,2024-09-18 15:03:33.276000-04:00,2024-09-18 15:04:00-04:00,-0.2055018723762363,0.0015737999775171,0.5789473684210527,1.1856607514753474,-0.4380864241614102,1.3957237372597364,1.484963127501042,1.4230143432755462,True,True,True,False,0.37458093761975453,0.040466124675394635,0.7369171582270495,ZT
20240918_a20,20240918,2024-09-18,20,primary_2023_2026,confirmation_2023_2026_powell,10.4,2024-09-18 15:05:18.525999999-04:00,2024-09-18 15:06:00-04:00,0.0944981276237636,0.0015737999775171,0.490566037735849,1.261453718814312,-0.79427721388284,-0.4318708863926581,1.745095302163179,1.7217767967002622,True,True,True,False,0.3745949692340318,0.0702373360168442,0.9037490691695317,ZT
20240918_a21,20240918,2024-09-18,21,primary_2023_2026,confirmation_2023_2026_powell,10.4,2024-09-18 15:06:51.125999999-04:00,2024-09-18 15:07:00-04:00,0.2659266990523351,0.0015737999775171,0.6101694915254238,1.237582595380133,-0.8607677123294423,-1.2014863225988073,0.5334110273760992,0.5632661533275185,True,True,True,False,0.0,0.08724945678338683,0.39730367486770723,ZT
20240918_a22,20240918,2024-09-18,22,primary_2023_2026,confirmation_2023_2026_powell,10.4,2024-09-18 15:09:11.875999999-04:00,2024-09-18 15:10:00-04:00,0.2611647942904302,0.0015737999775171,0.5789473684210527,1.2588842698961578,-1.3537886745357064,-0.2985078522843489,1.717560441076209,1.718093813520083,True,True,True,False,1.498071236089069,0.08677689787320508,0.9173542574289771,ZT
20240918_a23,20240918,2024-09-18,23,primary_2023_2026,confirmation_2023_2026_powell,10.4,2024-09-18 15:10:17.835999999-04:00,2024-09-18 15:11:00-04:00,-0.1388352057095696,0.0015737999775171,0.5517241379310345,1.2886742905565671,-0.2965262979347317,-0.9229004585187192,1.10142220988775,1.121226389882721,True,True,True,False,1.1234061686803196,0.04708194941793899,0.587603823316935,ZT
20240918_a24,20240918,2024-09-18,24,primary_2023_2026,confirmation_2023_2026_powell,10.4,2024-09-18 15:11:44.736000-04:00,2024-09-18 15:12:00-04:00,0.5021904353160714,0.0015737999775171,0.5510204081632653,0.403093903192245,-1.5212168338946492,1.2934247157376877,1.3565932204660651,1.3423489016059629,True,True,True,False,0.7488673384999495,0.11069564886548086,0.7263809992853717,ZT
20240918_a26,20240918,2024-09-18,26,primary_2023_2026,confirmation_2023_2026_powell,10.4,2024-09-18 15:14:21.646000-04:00,2024-09-18 15:15:00-04:00,0.1944981276237636,0.0015737999775171,0.6285714285714286,-0.8061139660527253,-1.7438046599843242,0.0670172165538371,-1.047708553809669,-1.0286161877901785,True,True,True,False,-0.3744687225436554,0.08016107313066075,-0.47444507835489924,ZT
20240918_a27,20240918,2024-09-18,27,primary_2023_2026,confirmation_2023_2026_powell,10.4,2024-09-18 15:16:01.376000-04:00,2024-09-18 15:17:00-04:00,0.0694981276237636,0.0015737999775171,0.5416666666666666,1.25097234060153,-1.3467723413594916,-0.4025002227429397,1.0380292707901635,0.9854744140483934,True,True,True,False,0.7490356169928487,0.06775640173839008,0.5890814596234438,ZT
20240918_a30,20240918,2024-09-18,30,primary_2023_2026,confirmation_2023_2026_powell,10.4,2024-09-18 15:17:51.196000-04:00,2024-09-18 15:18:00-04:00,0.1944981276237636,0.0015737999775171,0.6666666666666666,-1.2421127545627628,-0.2497838344541753,0.3428162607646893,-0.6568609531062638,-0.6880389169206497,True,True,True,False,-0.7490356169936849,0.08016107313066075,-0.3388841022731058,ZT
20240918_a32,20240918,2024-09-18,32,primary_2023_2026,confirmation_2023_2026_powell,10.4,2024-09-18 15:19:47.486000-04:00,2024-09-18 15:20:00-04:00,0.2659266990523351,0.0015737999775171,0.6,-0.7699128580914667,-1.7863580261511076,0.5774787205155172,-0.7847518226964962,-0.7461841120845255,True,True,True,False,-2.2471910206928007,0.08724945678338683,-0.34512178006650884,ZT
20240918_a33,20240918,2024-09-18,33,primary_2023_2026,confirmation_2023_2026_powell,10.4,2024-09-18 15:20:22.006000-04:00,2024-09-18 15:21:00-04:00,0.1944981276237636,0.0015737999775171,0.4705882352941176,-0.7879462143923444,-0.0376039731116979,-0.1324938794446556,-1.134605883601302,-1.1982551541717374,True,True,True,False,-2.622361264021268,0.08016107313066075,-0.5110444206726941,ZT
20241107_a00,20241107,2024-11-07,0,primary_2023_2026,confirmation_2023_2026_powell,17.7,2024-11-07 14:38:31.116000-05:00,2024-11-07 14:39:00-05:00,0.2555589842883756,-0.0002658564375237,0.5853658536585366,-1.3102899648176738,-0.6054557526396447,0.1925838461350134,-0.9658282286653578,-0.9735744861375188,True,False,False,False,-1.519468189057795,0.08622059202550116,-0.4704204066795543,ZT
20241107_a01,20241107,2024-11-07,1,primary_2023_2026,confirmation_2023_2026_powell,17.7,2024-11-07 14:40:19.466000-05:00,2024-11-07 14:41:00-05:00,0.1888923176217089,-0.0002658564375237,0.627906976744186,-0.5528052390593958,0.342245122604995,0.7739441210352528,-0.9096467239986328,-0.9247687438610912,True,False,False,False,-2.660433666377486,0.0796047672829568,-0.3940250559910645,ZT
20241107_a02,20241107,2024-11-07,2,primary_2023_2026,confirmation_2023_2026_powell,17.7,2024-11-07 14:41:35.736000-05:00,2024-11-07 14:42:00-05:00,0.0888923176217089,-0.0002658564375237,0.7222222222222222,0.8451505112761515,-0.750156621918539,0.8426989898302463,0.163575116179104,0.1814621808662148,True,False,False,False,0.0,0.06968103016914028,0.1755151668826217,ZT
20241107_a03,20241107,2024-11-07,3,primary_2023_2026,confirmation_2023_2026_powell,17.7,2024-11-07 14:43:09.495999999-05:00,2024-11-07 14:44:00-05:00,0.3464680751974665,-0.0002658564375237,0.5853658536585366,0.3581519485340915,-0.7322234984993674,1.0578334865445045,0.257181681021442,0.3119458506075021,True,False,False,False,0.0,0.09524217121987982,0.21660943573714844,ZT
20241107_a04,20241107,2024-11-07,4,primary_2023_2026,confirmation_2023_2026_powell,17.7,2024-11-07 14:44:00.526000-05:00,2024-11-07 14:45:00-05:00,-0.0301553014259101,-0.0002658564375237,0.5625,0.9487831198433728,0.1778689778166717,-0.3621847296102928,1.229987026719872,1.1716790463198448,True,False,False,False,0.7601961309680237,0.05786705741459679,0.6329607625347696,ZT
20241107_a05,20241107,2024-11-07,5,primary_2023_2026,confirmation_2023_2026_powell,17.7,2024-11-07 14:46:05.045999999-05:00,2024-11-07 14:47:00-05:00,0.1502958263936387,-0.0002658564375237,0.576271186440678,-0.2561919681321935,0.1320132188027356,2.2571651967803623,0.4489546524939745,0.44075827034051,True,False,False,False,0.0,0.07577455295832586,0.21981656462558846,ZT
20241107_a06,20241107,2024-11-07,6,primary_2023_2026,confirmation_2023_2026_powell,17.7,2024-11-07 14:48:16.156909090-05:00,2024-11-07 14:49:00-05:00,0.2120807234188103,-0.0002658564375237,0.524390243902439,0.927164215362029,0.139076022514679,1.239738951170433,0.8172424005858354,0.8623175774277309,True,False,False,False,0.759993920413637,0.08190592371514613,0.4878930469276278,ZT
20241107_a08,20241107,2024-11-07,8,primary_2023_2026,confirmation_2023_2026_powell,17.7,2024-11-07 14:49:14.066000-05:00,2024-11-07 14:50:00-05:00,0.1305589842883756,-0.0002658564375237,0.625,0.6347929576706315,-0.7141842799403474,0.4128847251399983,0.7116659825380872,0.657597216423954,True,False,False,False,1.51981458554601,0.07381592063323049,0.4049767193909465,ZT
20241107_a09,20241107,2024-11-07,9,primary_2023_2026,confirmation_2023_2026_powell,17.7,2024-11-07 14:50:56.086000-05:00,2024-11-07 14:51:00-05:00,0.0737408024701937,-0.0002658564375237,0.5283018867924528,0.7722708176092268,-0.1393648342210783,-0.1753930059553132,1.1212789795678704,1.1017567550173282,True,False,False,False,0.37991755793474463,0.06817743363674382,0.5869711217592042,ZT
20241107_a10,20241107,2024-11-07,10,primary_2023_2026,confirmation_2023_2026_powell,17.7,2024-11-07 14:52:10.295999999-05:00,2024-11-07 14:53:00-05:00,0.2555589842883756,-0.0002658564375237,0.6458333333333334,0.4981582851825723,1.108865896936886,-0.173003643837436,1.0741555880124511,1.0793245872824735,True,False,False,False,0.759907291676104,0.08622059202550116,0.5720732793819717,ZT
20241107_a14,20241107,2024-11-07,14,primary_2023_2026,confirmation_2023_2026_powell,17.7,2024-11-07 14:55:56.445999999-05:00,2024-11-07 14:56:00-05:00,0.2555589842883756,-0.0002658564375237,0.5238095238095238,-0.8031529798078232,0.4905665983141036,0.0355435227089471,-0.9388663146963792,-1.0008634909248946,True,False,False,False,-0.37990312474888227,0.08622059202550116,-0.41701046796469693,ZT
20241107_a15,20241107,2024-11-07,15,primary_2023_2026,confirmation_2023_2026_powell,17.7,2024-11-07 14:59:27.695999999-05:00,2024-11-07 15:00:00-05:00,0.0703737991031904,-0.0002658564375237,0.6792452830188679,0.5276565781672449,0.3204994536902918,0.9960730143269996,1.086180512019344,1.0564427412359356,True,False,False,False,0.379888692659851,0.06784330107398906,0.5510020745044737,ZT
20241107_a19,20241107,2024-11-07,19,primary_2023_2026,confirmation_2023_2026_powell,17.7,2024-11-07 15:02:49.926000-05:00,2024-11-07 15:03:00-05:00,-0.1444410157116244,-0.0002658564375237,0.375,-0.5255771519711478,-0.9109615713187604,2.2810044017299407,-1.1928909333666733,-1.1359535684309554,True,False,False,False,-0.7596475239139215,0.04652564357023504,-0.5677155286968525,ZT
20241107_a20,20241107,2024-11-07,20,primary_2023_2026,confirmation_2023_2026_powell,17.7,2024-11-07 15:04:13.086000-05:00,2024-11-07 15:05:00-05:00,0.0055589842883755,-0.0002658564375237,0.6666666666666666,-1.0872026173358664,-0.3629854299494552,1.2830183112799427,-1.0212421256609987,-0.979891173187658,True,False,False,False,-0.7596475239139215,0.06141124924095982,-0.5152414061724541,ZT
20241107_a23,20241107,2024-11-07,23,primary_2023_2026,confirmation_2023_2026_powell,17.7,2024-11-07 15:07:02.246000-05:00,2024-11-07 15:08:00-05:00,0.2555589842883756,-0.0002658564375237,0.6162790697674418,0.0160470973871265,-0.7350400507124565,-0.081510624933855,1.0842004831145549,1.080816851222922,True,False,False,False,0.7595609741233311,0.08622059202550116,0.5369368182155249,ZT
20241107_a24,20241107,2024-11-07,24,primary_2023_2026,confirmation_2023_2026_powell,17.7,2024-11-07 15:08:31.336000-05:00,2024-11-07 15:09:00-05:00,-0.0301553014259101,-0.0002658564375237,0.575,-1.1451073688589015,-0.7078175768222702,0.6411312440393391,-0.5931628301410978,-0.6070635763438351,True,False,False,False,-1.5191796459142985,0.05786705741459679,-0.3378990036433998,ZT
20241107_a25,20241107,2024-11-07,25,primary_2023_2026,confirmation_2023_2026_powell,17.7,2024-11-07 15:09:51.786000-05:00,2024-11-07 15:10:00-05:00,0.1930589842883756,-0.0002658564375237,0.6571428571428571,0.3994822693476373,0.0087622812759437,1.7869711780357989,1.3267839606417375,1.2836951637931466,True,False,False,False,0.7596475239152412,0.08001825632936582,0.6650071410964722,ZT
20241107_a27,20241107,2024-11-07,27,primary_2023_2026,confirmation_2023_2026_powell,17.7,2024-11-07 15:11:16.836000-05:00,2024-11-07 15:12:00-05:00,0.4222256509550423,-0.0002658564375237,0.5294117647058824,-0.7351843401531812,-0.7138236064797275,0.2746761168355811,0.795564287523975,0.836043481058487,True,False,False,False,0.37978769872147133,0.10276015388186205,0.37469454158614435,ZT
20241107_a28,20241107,2024-11-07,28,primary_2023_2026,confirmation_2023_2026_powell,17.7,2024-11-07 15:12:01.346000-05:00,2024-11-07 15:13:00-05:00,0.1127018414312327,-0.0002658564375237,0.56,0.534205330487492,-0.846454419229982,0.6280916950810392,1.096552272726667,1.135734317923183,True,False,False,False,1.8986500655122032,0.07204382472004897,0.5626593744171724,ZT
20241107_a29,20241107,2024-11-07,29,primary_2023_2026,confirmation_2023_2026_powell,17.7,2024-11-07 15:13:22.646000-05:00,2024-11-07 15:14:00-05:00,-0.2444410157116244,-0.0002658564375237,0.7058823529411765,-1.1939690418312203,-0.1907562497076948,1.541793078905166,-1.2599847392497587,-1.2489046074759764,True,False,False,False,-0.7594456050739121,0.036601906456418504,-0.6674724029952435,ZT
20241218_a00,20241218,2024-12-18,0,primary_2023_2026,confirmation_2023_2026_powell,17.7,2024-12-18 14:41:25.926000-05:00,2024-12-18 14:42:00-05:00,0.138907171122657,-0.0018221851036367,0.5609756097560976,-0.4854809103914113,0.2911856770943216,0.4661234036604135,-0.4949138886542443,-0.4751085907907432,True,False,False,False,-0.38035106407741814,0.07464437274843483,-0.21447875510202793,ZT
20241218_a01,20241218,2024-12-18,1,primary_2023_2026,confirmation_2023_2026_powell,17.7,2024-12-18 14:42:11.626000-05:00,2024-12-18 14:43:00-05:00,-0.0694261622106763,-0.0018221851036367,0.5,-1.0139004955613058,-0.3110302819974818,0.4670514306867552,-0.2442583481485294,-0.2040612058510112,True,False,False,False,-1.1411400000972944,0.05396992042798372,-0.18030371670961343,ZT
20241218_a02,20241218,2024-12-18,2,primary_2023_2026,confirmation_2023_2026_powell,17.7,2024-12-18 14:45:11.266000-05:00,2024-12-18 14:46:00-05:00,0.4378202146009178,-0.0018221851036367,0.5714285714285714,1.0438962517542412,-0.182470873999943,0.1720442522049128,0.6640208461894868,0.6452983305883543,True,False,False,False,0.0,0.10430771738212553,0.46536545573307353,ZT
20241218_a03,20241218,2024-12-18,3,primary_2023_2026,confirmation_2023_2026_powell,17.7,2024-12-18 14:46:43.596000-05:00,2024-12-18 14:47:00-05:00,0.263907171122657,-0.0018221851036367,0.5681818181818182,-0.4369745760464689,-1.1160747650066238,0.3731086752765205,-0.753679158430605,-0.7107811340327009,True,False,False,False,-1.9019000038306337,0.08704904414070548,-0.30451021115546684,ZT
20241218_a04,20241218,2024-12-18,4,primary_2023_2026,confirmation_2023_2026_powell,17.7,2024-12-18 14:48:32.615999999-05:00,2024-12-18 14:49:00-05:00,0.263907171122657,-0.0018221851036367,0.576271186440678,0.7024708976255711,-0.36772858325274,-0.5882002036613204,1.426933958300005,1.4250736772555808,True,False,False,False,0.38042341130269275,0.08704904414070548,0.7447579724038613,ZT
20241218_a05,20241218,2024-12-18,5,primary_2023_2026,confirmation_2023_2026_powell,17.7,2024-12-18 14:50:22.216000-05:00,2024-12-18 14:51:00-05:00,0.263907171122657,-0.0018221851036367,0.4909090909090909,2.151040755439781,1.660111050441855,0.1523438191342617,1.028428050423835,1.028708552868052,True,False,False,False,0.7608034087672411,0.08704904414070548,0.6888841800381864,ZT
20241218_a06,20241218,2024-12-18,6,primary_2023_2026,confirmation_2023_2026_powell,17.7,2024-12-18 14:51:48.806000-05:00,2024-12-18 14:52:00-05:00,0.1805738377893236,-0.0018221851036367,0.7096774193548387,-0.5077991257054335,0.2987607512538881,-0.7261918040076747,-0.9350089266125,-0.884186155166871,True,False,False,False,-0.3803944691103956,0.07877926321252504,-0.4027428249900276,ZT
20241218_a07,20241218,2024-12-18,7,primary_2023_2026,confirmation_2023_2026_powell,17.7,2024-12-18 14:53:23.556000-05:00,2024-12-18 14:54:00-05:00,0.013907171122657,-0.0018221851036367,0.5490196078431373,0.1545794470851821,0.1052519503406009,-0.8922273359101894,0.2531412835845468,0.26425744561837,True,False,False,False,0.0,0.06223970135616416,0.14649248695152026,ZT
20241218_a08,20241218,2024-12-18,8,primary_2023_2026,confirmation_2023_2026_powell,17.7,2024-12-18 14:55:27.705999999-05:00,2024-12-18 14:56:00-05:00,0.1462601122991276,-0.0018221851036367,0.6379310344827587,-0.7543174114865184,-0.4275079587651273,-1.229680897229224,-0.7256936712651177,-0.7145628769267421,True,False,False,False,-0.3804957860550156,0.07537405930092134,-0.33654157199706924,ZT
20241218_a09,20241218,2024-12-18,9,primary_2023_2026,confirmation_2023_2026_powell,17.7,2024-12-18 14:58:44.566000-05:00,2024-12-18 14:59:00-05:00,0.4120553192708051,-0.0018221851036367,0.6637931034482759,-0.5751072027097184,0.5982301910370402,-0.1389506209040347,-0.8276614876141526,-0.8269800781458412,True,False,False,False,-0.7611798291017877,0.10175087690191514,-0.3252582173477244,ZT
20241218_a10,20241218,2024-12-18,10,primary_2023_2026,confirmation_2023_2026_powell,17.7,2024-12-18 15:00:43.746000-05:00,2024-12-18 15:01:00-05:00,-0.0437851365696507,-0.0018221851036367,0.5576923076923077,-0.5607949623131319,0.3225010563424824,-0.7355243424238841,-0.689087270502736,-0.680739440136834,True,False,False,False,-0.7611508604676245,0.05651446840588539,-0.3341407871130583,ZT
20241218_a11,20241218,2024-12-18,11,primary_2023_2026,confirmation_2023_2026_powell,17.7,2024-12-18 15:01:33.656000-05:00,2024-12-18 15:02:00-05:00,0.013907171122657,-0.0018221851036367,0.3703703703703703,-0.5348254898360337,0.0752392996592034,-0.4097947095644046,0.4351683897543347,0.3416110290838004,True,False,False,False,0.0,0.06223970135616416,0.16973946468409934,ZT
20241218_a12,20241218,2024-12-18,12,primary_2023_2026,confirmation_2023_2026_powell,17.7,2024-12-18 15:02:58.346000-05:00,2024-12-18 15:03:00-05:00,0.013907171122657,-0.0018221851036367,0.6842105263157895,1.042468854492715,0.5931135466074757,-1.111570764041555,0.5644754134006188,0.5649916648472879,True,False,False,False,0.3805681883509365,0.06223970135616416,0.355776739800993,ZT
20241218_a13,20241218,2024-12-18,13,primary_2023_2026,confirmation_2023_2026_powell,17.7,2024-12-18 15:04:09.786000-05:00,2024-12-18 15:05:00-05:00,-0.0437851365696507,-0.0018221851036367,0.6428571428571429,0.4280591714027221,0.2992127113399384,-2.1104933040351788,-0.5587245157483394,-0.5646768487384156,True,False,False,False,-1.1416611181650642,0.05651446840588539,-0.19590051977463419,ZT
20241218_a15,20241218,2024-12-18,15,primary_2023_2026,confirmation_2023_2026_powell,17.7,2024-12-18 15:05:53.556000-05:00,2024-12-18 15:06:00-05:00,-0.0694261622106763,-0.0018221851036367,0.7272727272727273,-0.4403312114011331,0.6124642898353182,-1.3499274208195746,-0.7263793394682413,-0.630088046329242,True,False,False,False,-1.9031306556628036,0.05396992042798372,-0.344589594855498,ZT
20241218_a16,20241218,2024-12-18,16,primary_2023_2026,confirmation_2023_2026_powell,17.7,2024-12-18 15:06:56.925999999-05:00,2024-12-18 15:07:00-05:00,0.513907171122657,-0.0018221851036367,0.5483870967741935,1.83942955771383,1.1180723749062136,0.4514734297339604,0.973881976252178,0.9205675928799316,True,False,False,False,1.5225334986776486,0.11185838692524683,0.6782467872957512,ZT
20241218_a17,20241218,2024-12-18,17,primary_2023_2026,confirmation_2023_2026_powell,17.7,2024-12-18 15:08:30.316000-05:00,2024-12-18 15:09:00-05:00,-0.1207082134927276,-0.0018221851036367,0.5777777777777777,-0.2870126920635491,-0.0524783797280803,-0.4688384684465272,-0.5986450390621135,-0.5504222303667327,True,False,False,False,-0.7612377729855785,0.048880824472180374,-0.2839909130063291,ZT
20241218_a18,20241218,2024-12-18,18,primary_2023_2026,confirmation_2023_2026_powell,17.7,2024-12-18 15:10:01.826000-05:00,2024-12-18 15:11:00-05:00,0.013907171122657,-0.0018221851036367,0.7142857142857143,-0.3364109355089498,-0.9665999989920052,0.2571931559877725,-1.3651763095416591,-1.36745620337976,True,False,False,False,-0.3806261300293301,0.06223970135616416,-0.6031253429272304,ZT
20241218_a20,20241218,2024-12-18,20,primary_2023_2026,confirmation_2023_2026_powell,17.7,2024-12-18 15:12:52.865999999-05:00,2024-12-18 15:13:00-05:00,-0.236092828877343,-0.0018221851036367,0.8333333333333334,1.479709490945275,-0.9910894412844484,,1.1309668858320576,1.1598585834210595,True,False,False,False,0.3805971569861392,0.03743035857162283,0.6011162178611369,ZT
20241218_a21,20241218,2024-12-18,21,primary_2023_2026,confirmation_2023_2026_powell,17.7,2024-12-18 15:14:41.666000-05:00,2024-12-18 15:15:00-05:00,0.18698409419958,-0.0018221851036367,0.6515151515151515,-0.325258468000383,-0.2770600415989977,-0.3257060101700041,-0.8566317566372367,-0.8263774010656224,True,False,False,False,-0.3805971569850908,0.07941540020700046,-0.35242180114049076,ZT
20241218_a22,20241218,2024-12-18,22,primary_2023_2026,confirmation_2023_2026_powell,17.7,2024-12-18 15:16:00.356000-05:00,2024-12-18 15:17:00-05:00,0.013907171122657,-0.0018221851036367,0.6,-0.5742025598926553,-0.1546244197887131,0.0707580470897044,-0.9155186121986076,-0.9161021406945534,True,False,False,False,-0.38061164295595323,0.06223970135616416,-0.425530819763732,ZT
20241218_a23,20241218,2024-12-18,23,primary_2023_2026,confirmation_2023_2026_powell,17.7,2024-12-18 15:17:28.106000-05:00,2024-12-18 15:18:00-05:00,0.263907171122657,-0.0018221851036367,0.5853658536585366,0.1727810198174451,-0.5866737633976256,0.7837058593403936,0.3161706914066657,0.3175499291524705,True,False,False,False,0.0,0.08704904414070548,0.21444039502221257,ZT
20241218_a25,20241218,2024-12-18,25,primary_2023_2026,confirmation_2023_2026_powell,17.7,2024-12-18 15:18:18.036000-05:00,2024-12-18 15:19:00-05:00,0.063907171122657,-0.0018221851036367,0.4827586206896552,1.0041112470337972,-0.1940293023828367,-0.9718483065581628,0.1074761501928728,0.1790821532762386,True,False,False,False,0.0,0.06720156991307243,0.16008193186272862,ZT
20241218_a26,20241218,2024-12-18,26,primary_2023_2026,confirmation_2023_2026_powell,17.7,2024-12-18 15:19:09.376000-05:00,2024-12-18 15:20:00-05:00,-0.236092828877343,-0.0018221851036367,0.2580645161290322,-0.7945748234379353,0.2877724909445302,-0.1529481885504764,-1.2256993811835522,-1.2355433377647889,True,False,False,False,-1.5225334986785761,0.03743035857162283,-0.6183921559939773,ZT
20241218_a27,20241218,2024-12-18,27,primary_2023_2026,confirmation_2023_2026_powell,17.7,2024-12-18 15:20:38.646000-05:00,2024-12-18 15:21:00-05:00,0.263907171122657,-0.0018221851036367,0.6590909090909091,0.998287554172388,1.4972966102305536,0.6392931523397203,1.458360237724835,1.4416632868212478,True,False,False,False,0.7612957256930889,0.08704904414070548,0.7827937378758005,ZT
20241218_a28,20241218,2024-12-18,28,primary_2023_2026,confirmation_2023_2026_powell,17.7,2024-12-18 15:22:16.186000-05:00,2024-12-18 15:23:00-05:00,0.0331379403534262,-0.0018221851036367,0.6226415094339622,0.8685819487501227,0.9695226449538712,1.278323705709273,0.6971393275302814,0.6748652780753295,True,False,False,False,0.0,0.06414811233959042,0.40265250277755266,ZT
20241218_a30,20241218,2024-12-18,30,primary_2023_2026,confirmation_2023_2026_powell,17.7,2024-12-18 15:23:59.656000-05:00,2024-12-18 15:24:00-05:00,0.263907171122657,-0.0018221851036367,0.7368421052631579,0.6027190404328508,-0.8222135093330694,,1.3128610336071331,1.332115680314767,True,False,False,False,0.38058267211789865,0.08704904414070548,0.6865759240377465,ZT
20250129_a00,20250129,2025-01-29,0,primary_2023_2026,confirmation_2023_2026_powell,17.7,2025-01-29 14:38:08.306000-05:00,2025-01-29 14:39:00-05:00,0.0239124519103681,-0.0004937333839726,0.5625,1.7998021446297017,-0.2578261630756036,-0.7121596006729615,1.5187380399944237,1.506005582981606,True,False,False,False,1.51981458554601,0.06323259911903581,0.8377197157948576,ZT
20250129_a03,20250129,2025-01-29,3,primary_2023_2026,confirmation_2023_2026_powell,17.7,2025-01-29 14:39:36.465999999-05:00,2025-01-29 14:40:00-05:00,0.2461346741325903,-0.0004937333839726,0.5,0.3056127636409566,-0.0644209489728217,1.0635830887852615,1.3320126673997716,1.33043008116185,True,False,False,False,1.5195836370092433,0.08528534826085031,0.6678437301396459,ZT
20250129_a04,20250129,2025-01-29,4,primary_2023_2026,confirmation_2023_2026_powell,17.7,2025-01-29 14:40:38.356000-05:00,2025-01-29 14:41:00-05:00,-0.1010875480896318,-0.0004937333839726,0.7027027027027027,-0.5949406364359525,0.1582283337713816,0.6925612595241121,-0.5595784357965433,-0.5088257676461322,True,False,False,False,-1.1396227860918502,0.05082792772676515,-0.28907381460325876,ZT
20250129_a05,20250129,2025-01-29,5,primary_2023_2026,confirmation_2023_2026_powell,17.7,2025-01-29 14:41:33.895999999-05:00,2025-01-29 14:42:00-05:00,0.4239124519103682,-0.0004937333839726,0.4230769230769231,0.6440863226295181,-0.1665009911974535,1.6875284530617611,-1.126047526175985,-1.0255937370141246,True,False,False,False,-1.1397093753432337,0.10292754757430192,-0.3542172006774619,ZT
20250129_a06,20250129,2025-01-29,6,primary_2023_2026,confirmation_2023_2026_powell,17.7,2025-01-29 14:42:55.475999999-05:00,2025-01-29 14:43:00-05:00,-0.1010875480896318,-0.0004937333839726,0.5121951219512195,1.5702582339179978,-0.9409040853157532,1.1449639027420615,0.9579643112374472,0.9756647564424116,True,False,False,False,0.37993199221966867,0.05082792772676515,0.5536787114164283,ZT
20250129_a07,20250129,2025-01-29,7,primary_2023_2026,confirmation_2023_2026_powell,17.7,2025-01-29 14:44:40.625999999-05:00,2025-01-29 14:45:00-05:00,0.0239124519103681,-0.0004937333839726,0.6170212765957447,-0.3931881880148492,-0.9373835301655588,1.070022145496266,-0.3226277338696284,-0.2786395424287702,True,False,False,False,-0.7597918174072436,0.06323259911903581,-0.14925203331577178,ZT
20250129_a08,20250129,2025-01-29,8,primary_2023_2026,confirmation_2023_2026_powell,17.7,2025-01-29 14:45:51.636000-05:00,2025-01-29 14:46:00-05:00,0.0239124519103681,-0.0004937333839726,0.52,0.9217723378313492,-0.2219270240159483,0.6438197870500602,1.4734116095179737,1.4376477863558292,True,False,False,False,0.379888692659851,0.06323259911903581,0.745842094796544,ZT
20250129_a09,20250129,2025-01-29,9,primary_2023_2026,confirmation_2023_2026_powell,17.7,2025-01-29 14:46:59.146000-05:00,2025-01-29 14:47:00-05:00,0.0239124519103681,-0.0004937333839726,0.7142857142857143,-0.7021330908883858,-0.6514733115882014,0.6671579245783056,0.0231781555151502,0.0925271418163966,True,False,False,False,0.0,0.06323259911903581,-0.023013924214218787,ZT
20250129_a11,20250129,2025-01-29,11,primary_2023_2026,confirmation_2023_2026_powell,17.7,2025-01-29 14:48:13.346000-05:00,2025-01-29 14:49:00-05:00,0.0239124519103681,-0.0004937333839726,0.6521739130434783,-0.6697484546087961,0.4277689891284572,2.041612693185681,-1.0164356753770978,-0.9728389541849132,True,False,False,False,-0.37990312474888227,0.06323259911903581,-0.4760474425363533,ZT
20250129_a12,20250129,2025-01-29,12,primary_2023_2026,confirmation_2023_2026_powell,17.7,2025-01-29 14:49:42.576000-05:00,2025-01-29 14:50:00-05:00,0.0239124519103681,-0.0004937333839726,0.5,1.6910092873914253,-0.1744719086448505,0.8833853118491811,1.4284673131613246,1.4030871188383085,True,False,False,False,0.7597918174076163,0.06323259911903581,0.7892293031633517,ZT
20250129_a13,20250129,2025-01-29,13,primary_2023_2026,confirmation_2023_2026_powell,17.7,2025-01-29 14:51:16.426000-05:00,2025-01-29 14:52:00-05:00,-0.1299337019357857,-0.0004937333839726,0.4390243902439024,-0.2090734133596007,-0.6107167946627667,0.8376114610441128,0.3677456873823164,0.3786768278039059,True,False,False,False,0.0,0.04796531125162576,0.1445622142595575,ZT
20250129_a14,20250129,2025-01-29,14,primary_2023_2026,confirmation_2023_2026_powell,17.7,2025-01-29 14:52:45.676000-05:00,2025-01-29 14:53:00-05:00,-0.1094208814229651,-0.0004937333839726,0.5348837209302325,0.1635314251017521,0.4381616662904638,0.0281826487797659,-0.6810268812741823,-0.6446301526551408,True,False,False,False,-0.3798454029671138,0.050000949633947106,-0.2813974611867227,ZT
20250129_a15,20250129,2025-01-29,15,primary_2023_2026,confirmation_2023_2026_powell,17.7,2025-01-29 14:53:55.475999999-05:00,2025-01-29 14:54:00-05:00,-0.5760875480896318,-0.0004937333839726,0.6206896551724138,0.0775751772264597,-1.0860872277330542,-0.8563322283342405,-0.9840137267610144,-1.0196720089418474,True,False,False,False,-0.3798598317682219,0.00369017643613663,-0.49373235226433243,ZT
20250129_a18,20250129,2025-01-29,18,primary_2023_2026,confirmation_2023_2026_powell,17.7,2025-01-29 14:56:41.935999999-05:00,2025-01-29 14:57:00-05:00,-0.1094208814229651,-0.0004937333839726,0.5535714285714286,0.495591469888882,-1.0640673351550831,0.1365525521286225,1.2740042713312114,1.3141519262222292,True,False,False,False,1.1394929268801932,0.050000949633947106,0.6027762240657513,ZT
20250129_a19,20250129,2025-01-29,19,primary_2023_2026,confirmation_2023_2026_powell,17.7,2025-01-29 14:57:21.985999999-05:00,2025-01-29 14:58:00-05:00,0.0239124519103681,-0.0004937333839726,0.6,0.3541537862971873,1.1660446851455966,1.2834514166537483,0.4585039186704258,0.5429070419060729,True,False,False,False,0.0,0.06323259911903581,0.25442983646537387,ZT
20250129_a20,20250129,2025-01-29,20,primary_2023_2026,confirmation_2023_2026_powell,17.7,2025-01-29 14:58:32.636000-05:00,2025-01-29 14:59:00-05:00,0.100835528833445,-0.0004937333839726,0.6904761904761905,1.925670290635219,-0.9071124011742656,1.0168109433945989,1.6376683112302652,1.727379271593095,True,False,False,False,0.7596475239152412,0.07086624305274082,0.9121197342411833,ZT
20250129_a21,20250129,2025-01-29,21,primary_2023_2026,confirmation_2023_2026_powell,17.7,2025-01-29 14:59:10.616000-05:00,2025-01-29 15:00:00-05:00,0.0239124519103681,-0.0004937333839726,0.5454545454545454,1.4159579267998772,1.2003775701926698,1.9727511580954653,0.1984506073054612,0.180925227004462,True,False,False,False,0.0,0.06323259911903581,0.22752355151124626,ZT
20250129_a23,20250129,2025-01-29,23,primary_2023_2026,confirmation_2023_2026_powell,17.7,2025-01-29 15:02:08.326000-05:00,2025-01-29 15:03:00-05:00,0.0715314995294157,-0.0004937333839726,0.4492753623188406,1.7193707053619798,-1.3349412269521246,0.4219082383595125,1.457381336581608,1.4687902109409208,True,False,False,False,0.3798454029671332,0.0679581882208532,0.8116248273497473,ZT
20250129_a24,20250129,2025-01-29,24,primary_2023_2026,confirmation_2023_2026_powell,17.7,2025-01-29 15:04:07.366000-05:00,2025-01-29 15:05:00-05:00,0.0239124519103681,-0.0004937333839726,0.6129032258064516,0.6377062497971315,-0.5887153898071245,0.2103685950860255,-0.3631806731290782,-0.2948238241563023,True,False,False,False,0.0,0.06323259911903581,-0.08248065798833801,ZT
20250129_a25,20250129,2025-01-29,25,primary_2023_2026,confirmation_2023_2026_powell,17.7,2025-01-29 15:05:26.266000-05:00,2025-01-29 15:06:00-05:00,0.1489124519103681,-0.0004937333839726,0.5714285714285714,2.730968071497622,0.0439609742315047,0.1497970215700165,1.1544562395799074,1.1529436544980436,True,False,False,False,0.37981654865173675,0.07563727051130646,0.773827234027584,ZT
20250129_a26,20250129,2025-01-29,26,primary_2023_2026,confirmation_2023_2026_powell,17.7,2025-01-29 15:06:26.946000-05:00,2025-01-29 15:07:00-05:00,-0.1189446909467747,-0.0004937333839726,0.5652173913043478,1.1729111435618746,-0.4673740320813813,0.9057951733346682,0.0503325176822019,0.0736293260227246,True,False,False,False,0.0,0.049055831813583625,0.12047930619871909,ZT
20250129_a27,20250129,2025-01-29,27,primary_2023_2026,confirmation_2023_2026_powell,17.7,2025-01-29 15:07:34.076000-05:00,2025-01-29 15:08:00-05:00,0.0239124519103681,-0.0004937333839726,0.5666666666666667,-0.0948287362360023,-1.2381897820828929,-0.0277573443305094,0.4330284557264813,0.4018355241712839,True,False,False,False,0.0,0.06323259911903581,0.20644087086735674,ZT
20250129_a28,20250129,2025-01-29,28,primary_2023_2026,confirmation_2023_2026_powell,17.7,2025-01-29 15:09:12.976000-05:00,2025-01-29 15:10:00-05:00,-0.0669966389987227,-0.0004937333839726,0.5833333333333334,1.2175915436021685,-0.7131205496448401,0.2446485576228221,1.238971892323931,1.227714457956976,True,False,False,False,1.139449647054086,0.05421101992465715,0.6532229900173786,ZT
20250129_a29,20250129,2025-01-29,29,primary_2023_2026,confirmation_2023_2026_powell,17.7,2025-01-29 15:10:46.776000-05:00,2025-01-29 15:11:00-05:00,0.100835528833445,-0.0004937333839726,0.4545454545454545,0.3667559818468153,-0.8602908075105701,0.4072833900481189,0.066927831081192,-0.0204987826854077,True,False,False,False,0.0,0.07086624305274082,0.09577250466568893,ZT
20250129_a30,20250129,2025-01-29,30,primary_2023_2026,confirmation_2023_2026_powell,17.7,2025-01-29 15:11:20.866000-05:00,2025-01-29 15:12:00-05:00,-0.2260875480896318,-0.0004937333839726,0.6666666666666666,0.4699360763268001,-0.3222415968981935,1.4730191742482182,-0.7526389926615988,-0.7158425629467309,True,False,False,False,-0.379787698722317,0.03842325633449449,-0.30577732705030103,ZT
20250129_a31,20250129,2025-01-29,31,primary_2023_2026,confirmation_2023_2026_powell,17.7,2025-01-29 15:13:23.066000-05:00,2025-01-29 15:14:00-05:00,0.0715314995294157,-0.0004937333839726,0.5737704918032787,-0.842503875490189,-0.2307963438862302,0.6563994812383813,-0.3680525941520662,-0.372107949598562,True,False,False,False,-0.3798742616651826,0.0679581882208532,-0.19861689833763826,ZT
20250129_a33,20250129,2025-01-29,33,primary_2023_2026,confirmation_2023_2026_powell,17.7,2025-01-29 15:14:49.786000-05:00,2025-01-29 15:15:00-05:00,0.1489124519103681,-0.0004937333839726,0.5652173913043478,-0.1053269545177975,-0.364994623362748,0.6118758805904767,-0.5467154280197425,-0.7252999753914097,True,False,False,False,-0.3798886926591062,0.07563727051130646,-0.20445319668807854,ZT
20250129_a34,20250129,2025-01-29,34,primary_2023_2026,confirmation_2023_2026_powell,17.7,2025-01-29 15:15:45.996000-05:00,2025-01-29 15:16:00-05:00,0.0239124519103681,-0.0004937333839726,0.6190476190476191,-1.1510100411444124,-0.1359313193815436,1.336035632804374,-0.5498457104011888,-0.5149452814845465,True,False,False,False,-0.3798886926591062,0.06323259911903581,-0.3109987791455789,ZT
20250129_a35,20250129,2025-01-29,35,primary_2023_2026,confirmation_2023_2026_powell,17.7,2025-01-29 15:18:01.445999999-05:00,2025-01-29 15:19:00-05:00,0.0239124519103681,-0.0004937333839726,0.5769230769230769,1.5302031135381002,-0.6093181165376523,0.7569842812269139,1.4081771862918524,1.4414143424385806,True,False,False,False,1.1396227860926866,0.06323259911903581,0.767147417903354,ZT
20250129_a36,20250129,2025-01-29,36,primary_2023_2026,confirmation_2023_2026_powell,17.7,2025-01-29 15:19:44.676000-05:00,2025-01-29 15:20:00-05:00,0.0239124519103681,-0.0004937333839726,0.5961538461538461,-0.0205401550726736,0.3315884975795511,0.3018515738386496,0.1290104543941602,0.1739310056698709,True,False,False,False,0.0,0.06323259911903581,0.07927459301091325,ZT
20250129_a37,20250129,2025-01-29,37,primary_2023_2026,confirmation_2023_2026_powell,17.7,2025-01-29 15:20:47.146000-05:00,2025-01-29 15:21:00-05:00,-0.1760875480896318,-0.0004937333839726,0.4761904761904761,0.5608997385819563,-0.227463022286898,1.9481368009129316,0.0721661969867609,0.0673807150670899,True,False,False,False,0.0,0.043385124891402754,0.0709817524941839,ZT
20250319_a01,20250319,2025-03-19,1,primary_2023_2026,confirmation_2023_2026_powell,17.7,2025-03-19 14:40:50.685999999-04:00,2025-03-19 14:41:00-04:00,-0.2026335459483488,0.001021180030257,0.5555555555555556,-1.1068714297207292,1.677111919464905,1.6779644234444882,1.371946576985078,1.3750111257081652,True,False,False,False,1.887967985670982,0.04075076984966432,0.4998070800929194,ZT
20250319_a02,20250319,2025-03-19,2,primary_2023_2026,confirmation_2023_2026_powell,17.7,2025-03-19 14:42:26.395999999-04:00,2025-03-19 14:43:00-04:00,0.1306997873849845,0.001021180030257,0.603448275862069,-0.2901038839781198,1.7510151764262771,-1.2590602294376698,0.7770903213342034,0.8060990556589461,True,False,False,False,0.7550874017246699,0.07382989356238608,0.357822169952085,ZT
20250319_a03,20250319,2025-03-19,3,primary_2023_2026,confirmation_2023_2026_powell,17.7,2025-03-19 14:44:08.566000-04:00,2025-03-19 14:45:00-04:00,-0.0947904086934468,0.001021180030257,0.5,-1.7996117605307576,0.6356537262867519,0.3702052260286335,-0.5654228740590072,-0.5529775317824234,True,False,False,False,-0.37747956896318846,0.051452839286133124,-0.38945629102746365,ZT
20250319_a04,20250319,2025-03-19,4,primary_2023_2026,confirmation_2023_2026_powell,17.7,2025-03-19 14:45:42.076000-04:00,2025-03-19 14:46:00-04:00,-0.2859668792816821,0.001021180030257,0.6444444444444445,-2.896377311401954,-0.1538543955357943,1.364597166263386,-0.7845265977328948,-0.6927461832975079,True,False,False,False,-0.7550018878633676,0.03248098892148388,-0.6051359438675503,ZT
20250319_a05,20250319,2025-03-19,5,primary_2023_2026,confirmation_2023_2026_powell,17.7,2025-03-19 14:46:45.826000-04:00,2025-03-19 14:47:00-04:00,-0.2359668792816821,0.001021180030257,0.6111111111111112,-1.3235231396248592,0.0329136952896664,-0.8188534461428122,0.82282744508783,0.7836233548089341,True,False,False,False,0.0,0.03744285747839214,0.2361687485412491,ZT
20250319_a06,20250319,2025-03-19,6,primary_2023_2026,confirmation_2023_2026_powell,17.7,2025-03-19 14:48:13.225999999-04:00,2025-03-19 14:49:00-04:00,-0.1693002126150154,0.001021180030257,0.6888888888888889,-1.0162035458185792,0.6563071905722726,-0.8096121019266053,-0.0846193651748354,0.0139808321568805,True,False,False,False,0.0,0.04405868222093649,-0.12603025602495135,ZT
20250319_a08,20250319,2025-03-19,8,primary_2023_2026,confirmation_2023_2026_powell,17.7,2025-03-19 14:49:52.505999999-04:00,2025-03-19 14:50:00-04:00,0.1068902635754607,0.001021180030257,0.6440677966101694,-0.2641910062875379,0.501157529634399,-0.4478036557517288,1.7247834437564462,1.6803122117104838,True,False,False,False,0.3775223210525873,0.07146709901147738,0.7716477539043151,ZT
20250319_a12,20250319,2025-03-19,12,primary_2023_2026,confirmation_2023_2026_powell,17.7,2025-03-19 14:51:41.916000-04:00,2025-03-19 14:52:00-04:00,0.0473664540516511,0.001021180030257,0.5348837209302325,-1.186319003953772,0.6832398133234296,-0.0063797765903732,1.147409415057682,1.0929745163848892,True,False,False,False,0.377536573899629,0.06556011263420562,0.4336986626450508,ZT
20250319_a13,20250319,2025-03-19,13,primary_2023_2026,confirmation_2023_2026_powell,17.7,2025-03-19 14:53:06.108727272-04:00,2025-03-19 14:54:00-04:00,-0.1193002126150154,0.001021180030257,0.6578947368421053,-1.0150138358101224,0.8625141495919031,-0.3540563508942414,0.8959177929191554,0.862186335110528,True,False,False,False,0.7550018878640976,0.04902055077784476,0.3116275172047152,ZT
20250319_a14,20250319,2025-03-19,14,primary_2023_2026,confirmation_2023_2026_powell,17.7,2025-03-19 14:54:07.596000-04:00,2025-03-19 14:55:00-04:00,-0.5359668792816821,0.001021180030257,0.6176470588235294,-0.110847615808662,0.8661398885215145,1.1249663411680757,1.0267021675528814,0.9529310634407908,True,False,False,False,0.3774938185846292,0.007671646136942545,0.3783941935384576,ZT
20250319_a16,20250319,2025-03-19,16,primary_2023_2026,confirmation_2023_2026_powell,17.7,2025-03-19 14:56:07.516000-04:00,2025-03-19 14:57:00-04:00,-0.0359668792816821,0.001021180030257,0.5769230769230769,0.0412545094723148,-1.909680043211139,-1.3669247494393042,1.2892684186753247,1.2793664585939797,True,False,False,False,0.37747956896371293,0.0572903317060252,0.5836135528962381,ZT
20250319_a18,20250319,2025-03-19,18,primary_2023_2026,confirmation_2023_2026_powell,17.7,2025-03-19 14:57:44.256000-04:00,2025-03-19 14:58:00-04:00,-0.2026335459483488,0.001021180030257,0.5789473684210527,-0.5424888688889663,0.4952323280570996,-0.1273876817994853,1.163034069340193,1.134373941089344,True,False,False,False,1.509832788887132,0.04075076984966432,0.4545220761252976,ZT
20250319_a19,20250319,2025-03-19,19,primary_2023_2026,confirmation_2023_2026_powell,17.7,2025-03-19 14:58:36.626000-04:00,2025-03-19 14:59:00-04:00,-0.0359668792816821,0.001021180030257,0.6521739130434783,-1.8628496304501552,-0.2650415412017634,-0.1892715183577341,-0.8686941233606494,-0.7141710949139589,True,False,False,False,-0.37745107294895214,0.0572903317060252,-0.5184382717504709,ZT
20250319_a20,20250319,2025-03-19,20,primary_2023_2026,confirmation_2023_2026_powell,17.7,2025-03-19 14:59:48.795999999-04:00,2025-03-19 15:00:00-04:00,-0.0359668792816821,0.001021180030257,0.5116279069767442,-2.5689589271251285,1.005555379976671,1.4664131694199052,-1.0093754239327724,-1.0000078507734242,True,False,False,False,-0.37747956896318846,0.0572903317060252,-0.6380126636360751,ZT
20250319_a21,20250319,2025-03-19,21,primary_2023_2026,confirmation_2023_2026_powell,17.7,2025-03-19 15:00:35.656000-04:00,2025-03-19 15:01:00-04:00,0.1068902635754607,0.001021180030257,0.5666666666666667,-0.5903793137831737,1.545063633346818,-0.3919826356547498,1.5692610623327985,1.6260307367993112,True,False,False,False,0.3774938185846292,0.07146709901147738,0.6767266042724882,ZT
20250319_a22,20250319,2025-03-19,22,primary_2023_2026,confirmation_2023_2026_powell,17.7,2025-03-19 15:01:46.116000-04:00,2025-03-19 15:02:00-04:00,-0.1073954507102535,0.001021180030257,0.6896551724137931,0.3267687270749094,-0.4413011758406738,-0.9967201655561696,1.2446277471942395,1.1819671088960688,True,False,False,False,1.1324387079662321,0.05020194805329911,0.5763686456333977,ZT
20250319_a23,20250319,2025-03-19,23,primary_2023_2026,confirmation_2023_2026_powell,17.7,2025-03-19 15:03:31.826000-04:00,2025-03-19 15:04:00-04:00,-0.1609668792816821,0.001021180030257,0.5396825396825397,-0.7655306601213572,1.0496010923577028,0.7141090253712713,1.4186163837732753,1.403584344164222,True,False,False,False,0.3774225812374996,0.04488566031375454,0.5547293344808907,ZT
20250319_a24,20250319,2025-03-19,24,primary_2023_2026,confirmation_2023_2026_powell,17.7,2025-03-19 15:06:49.706000-04:00,2025-03-19 15:07:00-04:00,-0.0693002126150154,0.001021180030257,0.5855855855855856,-0.6737011553536374,1.0164026087260656,0.0457071441640872,1.561619574568775,1.559887340062632,True,False,False,False,1.132267744789381,0.05398241933475303,0.6391793613419402,ZT
20250319_a25,20250319,2025-03-19,25,primary_2023_2026,confirmation_2023_2026_powell,17.7,2025-03-19 15:08:36.556000-04:00,2025-03-19 15:09:00-04:00,0.1458513025364996,0.001021180030257,0.543859649122807,-1.51540427827942,0.5434761131725295,0.7633465409114388,-0.8719225738937649,-0.8519486599687848,True,False,False,False,-0.7548594077933926,0.07533349009478252,-0.46311999001637727,ZT
20250319_a26,20250319,2025-03-19,26,primary_2023_2026,confirmation_2023_2026_powell,17.7,2025-03-19 15:09:50.266000-04:00,2025-03-19 15:10:00-04:00,-0.1609668792816821,0.001021180030257,0.5588235294117647,-1.1055660312601725,0.6738902611280035,-0.0976251685616335,-0.3334256702751664,-0.3518914751262603,True,False,False,False,0.0,0.04488566031375454,-0.24112308875953256,ZT
20250319_a27,20250319,2025-03-19,27,primary_2023_2026,confirmation_2023_2026_powell,17.7,2025-03-19 15:10:36.026000-04:00,2025-03-19 15:11:00-04:00,-0.1788240221388249,0.001021180030257,0.5,-2.8464677775540013,1.6651002760022988,-0.3457544703264605,-0.6031566199065203,-0.6118195518696886,True,False,False,False,-0.7549163933680356,0.04311356440057302,-0.5049031296419293,ZT
20250319_a28,20250319,2025-03-19,28,primary_2023_2026,confirmation_2023_2026_powell,17.7,2025-03-19 15:11:44.386000-04:00,2025-03-19 15:12:00-04:00,0.1306997873849845,0.001021180030257,0.5,0.4639049036483703,1.6878062180437872,-0.7861048544709562,1.47489442892113,1.4607546709630197,True,False,False,False,0.3774653204174315,0.07382989356238608,0.7255261991754026,ZT
20250319_a30,20250319,2025-03-19,30,primary_2023_2026,confirmation_2023_2026_powell,17.7,2025-03-19 15:13:30.566000-04:00,2025-03-19 15:14:00-04:00,-0.0359668792816821,0.001021180030257,0.627906976744186,-2.6602544794394416,0.8117355936268221,2.2773021680356624,-0.5225571060708628,-0.5841635546520503,True,False,False,False,-0.37745107294895214,0.0572903317060252,-0.4321150986867415,ZT
20250319_a31,20250319,2025-03-19,31,primary_2023_2026,confirmation_2023_2026_powell,17.7,2025-03-19 15:14:53.056000-04:00,2025-03-19 15:15:00-04:00,-0.0359668792816821,0.001021180030257,0.5098039215686274,-2.919362742053831,1.673429652601127,0.4012520905241853,-1.0937408764180052,-1.0552297657206386,True,False,False,False,-0.37746532041813685,0.0572903317060252,-0.7037298882247689,ZT
20250319_a32,20250319,2025-03-19,32,primary_2023_2026,confirmation_2023_2026_powell,17.7,2025-03-19 15:16:14.325999999-04:00,2025-03-19 15:17:00-04:00,-0.3216811649959678,0.001021180030257,0.717948717948718,-0.5244211748109324,0.352549731648966,0.214087665836444,1.3515691346408172,1.3390149532887516,True,False,False,False,0.7550018878640976,0.028936797095120828,0.5201542345532726,ZT
20250319_a34,20250319,2025-03-19,34,primary_2023_2026,confirmation_2023_2026_powell,17.7,2025-03-19 15:17:47.196000-04:00,2025-03-19 15:18:00-04:00,-0.0359668792816821,0.001021180030257,0.5,-2.4765837932296835,-0.3269460410490373,-0.1789842413255213,-0.7406409799562509,-0.8093788538106166,True,False,False,False,-0.37749381858299685,0.0572903317060252,-0.5126434809619447,ZT
20250319_a35,20250319,2025-03-19,35,primary_2023_2026,confirmation_2023_2026_powell,17.7,2025-03-19 15:18:49.896000-04:00,2025-03-19 15:19:00-04:00,-0.0359668792816821,0.001021180030257,0.45,-3.0306033325395254,1.8268224640329167,-0.629068421329608,-0.2528344537362581,-0.3093908211850297,True,False,False,False,-0.37750806927978264,0.0572903317060252,-0.34426215292189694,ZT
20250319_a36,20250319,2025-03-19,36,primary_2023_2026,confirmation_2023_2026_powell,17.7,2025-03-19 15:20:12.756000-04:00,2025-03-19 15:21:00-04:00,-0.0359668792816821,0.001021180030257,0.5555555555555556,-1.5582285252301844,2.1678667311576296,-0.286686446930671,0.1318788391084974,0.0923561598251268,True,False,False,False,0.0,0.0572903317060252,-0.05487850976440059,ZT
20250507_a00,20250507,2025-05-07,0,primary_2023_2026,confirmation_2023_2026_powell,11.0,2025-05-07 14:38:59.846000-04:00,2025-05-07 14:39:00-04:00,-0.07731489323877,0.0005272871078301,0.5517241379310345,0.7175522290659001,-1.431437018209351,2.968344210286261,1.1510614334035096,1.043096916837398,True,False,False,False,0.3765414666731545,0.053187063499139625,0.572077300298112,ZT
20250507_a01,20250507,2025-05-07,1,primary_2023_2026,confirmation_2023_2026_powell,11.0,2025-05-07 14:40:06.466000-04:00,2025-05-07 14:41:00-04:00,-0.2201720360959129,0.0005272871078301,0.3636363636363636,-0.278366206217605,-2.0593838124540254,0.4624958416929453,0.134172379565459,0.0904777596188694,True,False,False,False,0.0,0.03901029619368744,0.02248311526771972,ZT
20250507_a02,20250507,2025-05-07,2,primary_2023_2026,confirmation_2023_2026_powell,11.0,2025-05-07 14:41:53.496000-04:00,2025-05-07 14:42:00-04:00,-0.2789955655076775,0.0005272871078301,0.6530612244897959,-1.72223716869471,-0.7793265744529313,-0.3449901127593767,-0.9417921679011751,-0.927825496325392,True,False,False,False,-0.3765698255040359,0.033172803773795376,-0.576691981629214,ZT
20250507_a03,20250507,2025-05-07,3,primary_2023_2026,confirmation_2023_2026_powell,11.0,2025-05-07 14:42:49.726000-04:00,2025-05-07 14:43:00-04:00,-0.2201720360959129,0.0005272871078301,0.4571428571428571,0.5018134687272103,-0.2176204429547135,-0.2668251039876449,0.509829405809891,0.5053702339812124,True,False,False,False,0.0,0.03901029619368744,0.2511281469548968,ZT
20250507_a04,20250507,2025-05-07,4,primary_2023_2026,confirmation_2023_2026_powell,11.0,2025-05-07 14:45:41.706000-04:00,2025-05-07 14:46:00-04:00,-0.2586335745574514,0.0005272871078301,0.6262626262626263,0.7484843880759999,-1.12429108307596,0.2032790976017369,1.2534473162082391,1.2496341738571262,True,False,False,False,0.7533524186174252,0.03519347422683492,0.5913317336771743,ZT
20250507_a05,20250507,2025-05-07,5,primary_2023_2026,confirmation_2023_2026_powell,11.0,2025-05-07 14:46:49.355999999-04:00,2025-05-07 14:47:00-04:00,-0.3451720360959129,0.0005272871078301,0.7142857142857143,-1.9476376775866844,-2.942901163158931,1.2722349966109865,-1.0088942864345267,-0.992968934630882,True,False,False,False,-0.7533524186170502,0.026605624801416775,-0.6348682725710306,ZT
20250507_a06,20250507,2025-05-07,6,primary_2023_2026,confirmation_2023_2026_powell,11.0,2025-05-07 14:47:56.206000-04:00,2025-05-07 14:48:00-04:00,-0.129262945186822,0.0005272871078301,0.6410256410256411,0.1404816155421018,-2.9237996284799643,0.1331905676298221,1.593083809440326,1.6189532013966057,True,False,False,False,1.8832746435074341,0.0480318753880661,0.7104316693880097,ZT
20250507_a07,20250507,2025-05-07,7,primary_2023_2026,confirmation_2023_2026_powell,11.0,2025-05-07 14:48:55.476000-04:00,2025-05-07 14:49:00-04:00,-0.2201720360959129,0.0005272871078301,0.6956521739130435,-0.735461911237195,-1.8460617153125884,-1.5059725782570996,-0.8130914041275151,-0.8860125151850625,True,False,False,False,-0.37661237176072593,0.03901029619368744,-0.43021476579083034,ZT
20250507_a08,20250507,2025-05-07,8,primary_2023_2026,confirmation_2023_2026_powell,11.0,2025-05-07 14:49:27.696000-04:00,2025-05-07 14:50:00-04:00,-0.0201720360959128,0.0005272871078301,0.7333333333333333,0.1703885692032032,-2.5167280312970526,1.608840564155442,1.1395907925181656,1.0964027898610786,True,False,False,False,0.7532105603671486,0.05885777042132051,0.531049786361867,ZT
20250507_a09,20250507,2025-05-07,9,primary_2023_2026,confirmation_2023_2026_powell,11.0,2025-05-07 14:51:11.156000-04:00,2025-05-07 14:52:00-04:00,0.0105971946733178,0.0005272871078301,0.574468085106383,0.4778314316075335,-1.7820780936665117,0.965943116375886,1.1115884417522592,1.1336181597962245,True,False,False,False,0.753182195128573,0.061911227994802503,0.5487687527909683,ZT
20250507_a10,20250507,2025-05-07,10,primary_2023_2026,confirmation_2023_2026_powell,11.0,2025-05-07 14:52:55.366000-04:00,2025-05-07 14:53:00-04:00,-0.3035053694292462,0.0005272871078301,0.5434782608695652,-0.6441800414040829,-1.6744512644638812,0.5877311394588053,0.2036028039245783,0.2508729079760313,True,False,False,False,0.0,0.030740515265506998,0.009972179488858694,ZT
20250507_a13,20250507,2025-05-07,13,primary_2023_2026,confirmation_2023_2026_powell,11.0,2025-05-07 14:55:11.176000-04:00,2025-05-07 14:56:00-04:00,-0.4076720360959128,0.0005272871078301,0.6415094339622641,0.7763329018281168,-1.4303412536501068,0.2462346424583915,1.7380072308655172,1.7511063763181849,True,False,False,False,0.376626555984023,0.020403289105281455,0.7828634462501274,ZT
20250507_a14,20250507,2025-05-07,14,primary_2023_2026,confirmation_2023_2026_powell,11.0,2025-05-07 14:56:47.816000-04:00,2025-05-07 14:57:00-04:00,-0.2916006075244843,0.0005272871078301,0.5517241379310345,0.3283285324911061,-2.2361608598018488,0.4942452020094265,0.2310410917374999,0.2534528935508114,True,False,False,False,0.0,0.03192191254096135,0.10360639659627313,ZT
20250507_a15,20250507,2025-05-07,15,primary_2023_2026,confirmation_2023_2026_powell,11.0,2025-05-07 14:57:35.665999999-04:00,2025-05-07 14:58:00-04:00,-0.2201720360959129,0.0005272871078301,0.6764705882352942,1.0988016309591546,-1.9340475062724212,-0.3978814739870517,1.4405684124598856,1.5029621154571968,True,False,False,False,0.3766123717604258,0.03901029619368744,0.7080557968598185,ZT
20250507_a16,20250507,2025-05-07,16,primary_2023_2026,confirmation_2023_2026_powell,11.0,2025-05-07 14:59:44.616000-04:00,2025-05-07 15:00:00-04:00,-0.3451720360959129,0.0005272871078301,0.6101694915254238,-0.9482531951656566,-0.7203106956542485,0.8506494003274819,0.2018789055872141,0.2264036003557861,True,False,False,False,0.0,0.026605624801416775,-0.02219269732336058,ZT
20250507_a18,20250507,2025-05-07,18,primary_2023_2026,confirmation_2023_2026_powell,11.0,2025-05-07 15:01:23.416000-04:00,2025-05-07 15:02:00-04:00,-0.2201720360959129,0.0005272871078301,0.5641025641025641,-0.6446582967182843,-1.489780434422644,1.2896480482518038,-0.6813304201414025,-0.6222649803574088,True,False,False,False,-1.1297945668902725,0.03901029619368744,-0.36501345856307316,ZT
20250507_a19,20250507,2025-05-07,19,primary_2023_2026,confirmation_2023_2026_powell,11.0,2025-05-07 15:02:50.295999999-04:00,2025-05-07 15:03:00-04:00,-0.1487434646673414,0.0005272871078301,0.6122448979591837,0.2270013025514313,-2.0043299367166902,0.8938542202581582,1.2976946593535448,1.301603847326197,True,False,False,False,0.7532105603671486,0.04609867984641354,0.5850252114349713,ZT
20250507_a20,20250507,2025-05-07,20,primary_2023_2026,confirmation_2023_2026_powell,11.0,2025-05-07 15:03:47.145999999-04:00,2025-05-07 15:04:00-04:00,-0.2201720360959129,0.0005272871078301,0.4736842105263157,-1.2407170171135369,-1.597972214573397,1.0467308076090145,-0.6103639278428342,-0.6567726878837526,True,False,False,False,-0.37659818860706773,0.03901029619368744,-0.3827915986849164,ZT
20250507_a22,20250507,2025-05-07,22,primary_2023_2026,confirmation_2023_2026_powell,11.0,2025-05-07 15:05:56.936000-04:00,2025-05-07 15:06:00-04:00,-0.3535053694292462,0.0005272871078301,0.5,-0.8691450341647953,-2.137247159616136,-0.1059706007215474,-0.7813840853385162,-0.7241930149383013,True,False,False,False,-0.7531821951284818,0.02577864670859873,-0.44798851328072986,ZT
20250507_a23,20250507,2025-05-07,23,primary_2023_2026,confirmation_2023_2026_powell,11.0,2025-05-07 15:07:00.135999999-04:00,2025-05-07 15:08:00-04:00,-0.3035053694292462,0.0005272871078301,0.6285714285714286,-0.1657052845633762,-1.7664696166175349,1.6968577656298411,-0.4576548790732209,-0.4225994137756517,True,False,False,False,0.0,0.030740515265506998,-0.2406329077806429,ZT
20250507_a24,20250507,2025-05-07,24,primary_2023_2026,confirmation_2023_2026_powell,11.0,2025-05-07 15:08:53.965999999-04:00,2025-05-07 15:09:00-04:00,-0.0951720360959129,0.0005272871078301,0.6153846153846154,-0.4522357956754578,-1.3498574391145606,1.676913635218133,-0.0169327891092965,-0.0747231047637692,True,False,False,False,0.0,0.0514149675859581,-0.03859587178367655,ZT
20250507_a25,20250507,2025-05-07,25,primary_2023_2026,confirmation_2023_2026_powell,11.0,2025-05-07 15:09:40.356000-04:00,2025-05-07 15:10:00-04:00,-0.2201720360959129,0.0005272871078301,0.4210526315789473,-1.2698359881091603,-2.823572400770671,0.7493154233472995,-0.7920142222211085,-0.7124856593081517,True,False,False,False,-0.37661237176072593,0.03901029619368744,-0.46480172955090876,ZT
20250507_a28,20250507,2025-05-07,28,primary_2023_2026,confirmation_2023_2026_powell,11.0,2025-05-07 15:12:38.745999999-04:00,2025-05-07 15:13:00-04:00,-0.2656265815504584,0.0005272871078301,0.5625,-0.7298804006250584,-1.9958698918263544,-0.2418236992155112,-0.0881542638893075,-0.1162476928553966,True,False,False,False,0.0,0.0344995065964981,-0.11905800325578537,ZT
20250507_a29,20250507,2025-05-07,29,primary_2023_2026,confirmation_2023_2026_powell,11.0,2025-05-07 15:14:02.995999999-04:00,2025-05-07 15:15:00-04:00,-0.2201720360959129,0.0005272871078301,0.7307692307692307,-0.0299238764916916,-2.357300475553646,0.5562402543531483,0.4046404841244181,0.4625151887863241,True,False,False,False,0.0,0.03901029619368744,0.16141174884275028,ZT
20250507_a30,20250507,2025-05-07,30,primary_2023_2026,confirmation_2023_2026_powell,11.0,2025-05-07 15:15:10.776000-04:00,2025-05-07 15:16:00-04:00,-0.2201720360959129,0.0005272871078301,0.4857142857142857,-0.3956029766213689,-1.5730056287601863,-0.4371328137915266,0.2146709832720225,0.1689502006446142,True,False,False,False,0.0,0.03901029619368744,0.048152781431209456,ZT
20250507_a31,20250507,2025-05-07,31,primary_2023_2026,confirmation_2023_2026_powell,11.0,2025-05-07 15:16:25.305999999-04:00,2025-05-07 15:17:00-04:00,-0.0951720360959129,0.0005272871078301,0.7407407407407407,0.4753077521084202,-1.2574732768179873,0.7651719713169458,1.4410204911134936,1.4340754937777695,True,False,False,False,0.376626555984023,0.0514149675859581,0.6765332010548523,ZT
20250507_a35,20250507,2025-05-07,35,primary_2023_2026,confirmation_2023_2026_powell,11.0,2025-05-07 15:17:59.586000-04:00,2025-05-07 15:18:00-04:00,-0.2201720360959129,0.0005272871078301,0.5833333333333334,1.4372786597148752,-0.9031902238080256,-0.3184948760469167,1.462353818017574,1.5501581764200338,True,False,False,False,0.3766123717604258,0.03901029619368744,0.7453644255433106,ZT
20250507_a36,20250507,2025-05-07,36,primary_2023_2026,confirmation_2023_2026_powell,11.0,2025-05-07 15:18:57.496000-04:00,2025-05-07 15:19:00-04:00,0.029827963904087,0.0005272871078301,0.52,-0.8425417243771405,-1.8274511598420933,1.659626783087077,-0.8264311086663175,-0.8610268421224986,True,False,False,False,-0.37661237176072593,0.06381963897822876,-0.40601610930329224,ZT
20250618_a01,20250618,2025-06-18,1,primary_2023_2026,confirmation_2023_2026_powell,9.8,2025-06-18 14:41:58.706000-04:00,2025-06-18 14:42:00-04:00,0.1840374418726434,0.0004521988167465,0.4782608695652174,-3.059050351263453,-0.4085281697905903,-1.5626429940350426,-1.431802757366598,-1.386261258085118,True,False,False,True,-0.37675426207694634,0.07912298217641711,-0.8291982339760269,ZT
20250618_a02,20250618,2025-06-18,2,primary_2023_2026,confirmation_2023_2026_powell,9.8,2025-06-18 14:43:36.766000-04:00,2025-06-18 14:44:00-04:00,-0.0659625581273566,0.0004521988167465,0.6046511627906976,-1.0327964955907143,-0.1764523851094673,-0.977092470750606,-0.3061973451150757,-0.2883115627702862,True,False,False,True,0.0,0.054313639391875786,-0.20846495468429915,ZT
20250618_a05,20250618,2025-06-18,5,primary_2023_2026,confirmation_2023_2026_powell,9.8,2025-06-18 14:46:38.446000-04:00,2025-06-18 14:47:00-04:00,0.00070410853931,0.0004521988167465,0.3508771929824561,-1.6274388703118512,-0.2131587517899468,-1.1683189587922278,0.2699596101260486,0.2965734260585679,True,False,False,True,0.0,0.06092946413442013,0.005665098820213044,ZT
20250618_a06,20250618,2025-06-18,6,primary_2023_2026,confirmation_2023_2026_powell,9.8,2025-06-18 14:48:07.515999999-04:00,2025-06-18 14:49:00-04:00,-0.0659625581273566,0.0004521988167465,0.7,-1.2069904745968787,-1.1295463474186276,-0.3574605545303036,-1.1257971187980924,-1.110376776616249,True,False,False,True,-0.37682524733580264,0.054313639391875786,-0.5820027903039477,ZT
20250618_a07,20250618,2025-06-18,7,primary_2023_2026,confirmation_2023_2026_powell,9.8,2025-06-18 14:49:45.556000-04:00,2025-06-18 14:50:00-04:00,-0.1326292247940232,0.0004521988167465,0.6346153846153846,-1.731123028897695,-1.581088583051989,-1.512787628655316,-0.742570991235794,-0.7252312487803344,True,False,False,True,-1.1305609478602392,0.04769781464933144,-0.4673646804156061,ZT
20250618_a08,20250618,2025-06-18,8,primary_2023_2026,confirmation_2023_2026_powell,9.8,2025-06-18 14:50:43.566000-04:00,2025-06-18 14:51:00-04:00,-0.1909625581273566,0.0004521988167465,0.6129032258064516,-0.4735852050006798,0.2026280418066812,0.5221925138528516,1.1270523150947267,1.098261360744172,True,False,False,True,0.3768678513317699,0.04190896799960512,0.44621397766561716,ZT
20250618_a09,20250618,2025-06-18,9,primary_2023_2026,confirmation_2023_2026_powell,9.8,2025-06-18 14:52:58.796000-04:00,2025-06-18 14:53:00-04:00,-0.0034625581273566,0.0004521988167465,0.6470588235294118,-1.8612689796922604,0.2550337832714071,0.4859193502578495,-1.0837158209094648,-1.056304049909092,True,False,False,True,-0.3768536489302213,0.06051597508801111,-0.6075099018456109,ZT
20250618_a10,20250618,2025-06-18,10,primary_2023_2026,confirmation_2023_2026_powell,9.8,2025-06-18 14:54:12.936000-04:00,2025-06-18 14:55:00-04:00,0.0768945847297862,0.0004521988167465,0.4545454545454545,-1.60973869839009,-1.0776835431867262,-0.5670343717191296,-1.240381190744321,-1.184772739938777,True,False,False,True,-0.7537783141543623,0.06849040669732796,-0.6430712611925752,ZT
20250618_a11,20250618,2025-06-18,11,primary_2023_2026,confirmation_2023_2026_powell,9.8,2025-06-18 14:55:26.816000-04:00,2025-06-18 14:56:00-04:00,-0.0659625581273566,0.0004521988167465,0.6923076923076923,-1.3023405576765252,-0.7707427430410663,,-0.7911886572495513,-0.7312679537680459,True,False,False,True,-0.7538067243128679,0.054313639391875786,-0.44315524445603083,ZT
20250618_a15,20250618,2025-06-18,15,primary_2023_2026,confirmation_2023_2026_powell,9.8,2025-06-18 14:56:48.105999999-04:00,2025-06-18 14:57:00-04:00,-0.510407002571801,0.0004521988167465,0.5555555555555556,-2.493781369393698,0.1491906123487234,0.703870225259146,-1.1682731202680612,-1.09729840437602,True,False,False,True,-0.3769246716490096,0.010208141108246763,-0.7751818066268998,ZT
20250618_a16,20250618,2025-06-18,16,primary_2023_2026,confirmation_2023_2026_powell,9.8,2025-06-18 14:58:33.256000-04:00,2025-06-18 14:59:00-04:00,-0.0659625581273566,0.0004521988167465,0.5733333333333334,0.7480178914500861,-1.3374043055340372,0.0150079177645733,1.0498133400394285,0.9773569618231188,True,False,False,True,1.13073139596126,0.054313639391875786,0.5319593797552069,ZT
20250618_a17,20250618,2025-06-18,17,primary_2023_2026,confirmation_2023_2026_powell,9.8,2025-06-18 15:00:18.586000-04:00,2025-06-18 15:01:00-04:00,-0.0659625581273566,0.0004521988167465,0.5263157894736842,-0.914290544043072,0.2034219604400898,0.3899621251752508,0.240919602368797,0.2084953104505063,True,False,False,True,0.0,0.054313639391875786,0.041069506515036804,ZT
20250618_a18,20250618,2025-06-18,18,primary_2023_2026,confirmation_2023_2026_powell,9.8,2025-06-18 15:02:28.766000-04:00,2025-06-18 15:03:00-04:00,0.0393005997673802,0.0004521988167465,0.6428571428571429,-1.131084026066086,-1.0396488780264874,-0.7162265654577213,-1.3002074964810963,-1.3177215163360243,True,False,False,True,-0.7538919676384488,0.06475967845905108,-0.6358775085621737,ZT
20250618_a19,20250618,2025-06-18,19,primary_2023_2026,confirmation_2023_2026_powell,9.8,2025-06-18 15:04:15.575999999-04:00,2025-06-18 15:05:00-04:00,-0.1992958914606899,0.0004521988167465,0.6981132075471698,-0.2660557793901365,-1.2442099469058687,0.5600574095581051,1.128071317521175,1.120930834706277,True,False,False,True,0.37692467164804316,0.04108198990678708,0.4623864909520735,ZT
20250618_a20,20250618,2025-06-18,20,primary_2023_2026,confirmation_2023_2026_powell,9.8,2025-06-18 15:05:36.135999999-04:00,2025-06-18 15:06:00-04:00,-0.0034625581273566,0.0004521988167465,0.5102040816326531,-0.0981854228189915,0.0285098649923027,-0.5239574958428184,1.036583452982349,1.053228433836753,True,False,False,True,0.37691046496368313,0.06051597508801111,0.466467619052801,ZT
20250618_a22,20250618,2025-06-18,22,primary_2023_2026,confirmation_2023_2026_powell,9.8,2025-06-18 15:08:30.306000-04:00,2025-06-18 15:09:00-04:00,-0.0659625581273566,0.0004521988167465,0.6153846153846154,-0.971827512359526,0.0813756294277844,-0.9647960044201322,0.5407779606872046,0.5484179265403171,True,False,False,True,0.0,0.054313639391875786,0.1677863563030851,ZT
20250618_a23,20250618,2025-06-18,23,primary_2023_2026,confirmation_2023_2026_powell,9.8,2025-06-18 15:09:47.666000-04:00,2025-06-18 15:10:00-04:00,-0.0659625581273566,0.0004521988167465,0.5757575757575758,-0.0156714791027217,-1.3111498112472364,-1.0028809561727663,1.3705874209047,1.384017730045937,True,False,False,True,0.376938879404818,0.054313639391875786,0.6099304338504984,ZT
20250618_a24,20250618,2025-06-18,24,primary_2023_2026,confirmation_2023_2026_powell,9.8,2025-06-18 15:11:48.586000-04:00,2025-06-18 15:12:00-04:00,-0.1770736692384677,0.0004521988167465,0.6029411764705882,-0.1452597850425146,-0.1425978507127988,-0.9722491355721612,0.588262648621221,0.5185372317171936,True,False,False,True,0.37692467164804316,0.04328726482096853,0.23913266667277747,ZT
20250618_a25,20250618,2025-06-18,25,primary_2023_2026,confirmation_2023_2026_powell,9.8,2025-06-18 15:12:59.766000-04:00,2025-06-18 15:13:00-04:00,-0.0659625581273566,0.0004521988167465,0.5161290322580645,0.1602271045414192,-0.6520287469588981,-0.2537540696253201,1.1341942474484703,1.161734090146341,True,False,False,True,0.7538351366129803,0.054313639391875786,0.5207392010250431,ZT
20250618_a27,20250618,2025-06-18,27,primary_2023_2026,confirmation_2023_2026_powell,9.8,2025-06-18 15:14:22.996000-04:00,2025-06-18 15:15:00-04:00,0.10070410853931,0.0004521988167465,0.68,-1.241171974254313,-0.9448758160603892,-1.5113702798572248,-0.1900962898633229,-0.2980831635707741,True,False,False,True,0.0,0.07085320124823666,-0.14877922518785014,ZT
20250618_a28,20250618,2025-06-18,28,primary_2023_2026,confirmation_2023_2026_powell,9.8,2025-06-18 15:15:57.886000-04:00,2025-06-18 15:16:00-04:00,-0.0659625581273566,0.0004521988167465,0.4680851063829787,0.5826194054605651,-0.5574687876508589,0.3294038642994487,1.0718214337258063,0.9976692171082732,True,False,False,True,0.7537499061380712,0.054313639391875786,0.5280412630380065,ZT
20250618_a29,20250618,2025-06-18,29,primary_2023_2026,confirmation_2023_2026_powell,9.8,2025-06-18 15:17:58.716000-04:00,2025-06-18 15:18:00-04:00,-0.137391129555928,0.0004521988167465,0.5217391304347826,-1.1812069203186308,-1.5590384986634191,-0.0110456522400195,0.1983298834588765,0.127859526169507,True,False,False,True,0.0,0.047225255739149694,-0.010582919754498495,ZT
20250618_a30,20250618,2025-06-18,30,primary_2023_2026,confirmation_2023_2026_powell,9.8,2025-06-18 15:20:27.656000-04:00,2025-06-18 15:21:00-04:00,-0.326832123344748,0.0004521988167465,0.6470588235294118,0.0834051650920024,-0.4440652935716133,0.260618624846859,1.0919302988314914,1.0898569556037587,True,False,False,True,0.3768678513317699,0.0284256295297457,0.4553975319416524,ZT
20250618_a31,20250618,2025-06-18,31,primary_2023_2026,confirmation_2023_2026_powell,9.8,2025-06-18 15:22:02.446000-04:00,2025-06-18 15:23:00-04:00,-0.0659625581273566,0.0004521988167465,0.6190476190476191,-0.9458947961466116,0.1003520525718288,-0.1901404823554353,-0.3407432279216584,-0.2976752211042657,True,False,False,True,0.0,0.054313639391875786,-0.21648023234310854,ZT
20250730_a01,20250730,2025-07-30,1,primary_2023_2026,confirmation_2023_2026_powell,9.9,2025-07-30 14:38:43.766000-04:00,2025-07-30 14:39:00-04:00,-0.0055152451852744,0.000301602262017,0.4545454545454545,-0.960803124435818,-0.4431843044022079,0.5618677163806589,-0.9282210195890066,-0.9338204311651568,True,False,False,True,-1.8851207475661804,0.06031227182061402,-0.46582140696087787,ZT
20250730_a02,20250730,2025-07-30,2,primary_2023_2026,confirmation_2023_2026_powell,9.9,2025-07-30 14:39:44.886000-04:00,2025-07-30 14:40:00-04:00,-0.2055152451852744,0.000301602262017,0.6666666666666666,-1.2284297585301545,0.2356805857507473,0.8713598223357224,-0.4822818628743992,-0.5069197164307108,True,False,False,True,-0.7541193774548804,0.04046479759298097,-0.32336586039887893,ZT
20250730_a03,20250730,2025-07-30,3,primary_2023_2026,confirmation_2023_2026_powell,9.9,2025-07-30 14:40:49.796000-04:00,2025-07-30 14:41:00-04:00,0.1373418976718684,0.000301602262017,0.7941176470588235,-0.2847082237065612,1.6905252424625856,0.0470266661871867,0.2578041679940089,0.191995860055212,True,False,False,True,0.0,0.0744890391260662,0.13167979994014523,ZT
20250730_a04,20250730,2025-07-30,4,primary_2023_2026,confirmation_2023_2026_powell,9.9,2025-07-30 14:42:51.625999999-04:00,2025-07-30 14:43:00-04:00,-0.1305152451852744,0.000301602262017,0.5454545454545454,0.7906235488216714,-0.0959376870111227,1.3307124581979846,1.2075922016479543,1.1594389811498766,True,False,False,True,0.37709523544654916,0.047907600428343355,0.5945863940277469,ZT
20250730_a05,20250730,2025-07-30,5,primary_2023_2026,confirmation_2023_2026_powell,9.9,2025-07-30 14:43:30.936000-04:00,2025-07-30 14:44:00-04:00,-0.5055152451852745,0.000301602262017,0.631578947368421,-0.5084840445060438,-0.8250852420437478,1.2355886904034674,-0.6527081497071557,-0.6276171500346447,True,False,False,True,-0.37709523544643175,0.010693586251531363,-0.38561643692421177,ZT
20250730_a06,20250730,2025-07-30,6,primary_2023_2026,confirmation_2023_2026_powell,9.9,2025-07-30 14:45:24.905999999-04:00,2025-07-30 14:46:00-04:00,-0.0964243360943653,0.000301602262017,0.6274509803921569,-1.1591473046699672,-0.0562252270947487,0.1518051683453739,-0.8599978861978214,-0.8816573648927052,True,False,False,True,-1.1312003933553123,0.051290692626235354,-0.46630343429872234,ZT
20250730_a07,20250730,2025-07-30,7,primary_2023_2026,confirmation_2023_2026_powell,9.9,2025-07-30 14:46:26.256000-04:00,2025-07-30 14:47:00-04:00,-0.1483723880424172,0.000301602262017,0.5483870967741935,-0.6166345058198329,-0.0693252573318796,2.2278725549037763,-0.7051455628164686,-0.70682419816602,True,False,False,True,-0.37709523544643175,0.04613550451516184,-0.3620026624113563,ZT
20250730_a08,20250730,2025-07-30,8,primary_2023_2026,confirmation_2023_2026_powell,9.9,2025-07-30 14:48:20.756000-04:00,2025-07-30 14:49:00-04:00,0.0778180881480588,0.000301602262017,0.6153846153846154,-1.29465821022093,-0.7358452515080078,0.9220666082513296,-0.5008341497064523,-0.534217574221937,True,False,False,True,-1.1315417268085537,0.06858205274879445,-0.29292463818859765,ZT
20250730_a09,20250730,2025-07-30,9,primary_2023_2026,confirmation_2023_2026_powell,9.9,2025-07-30 14:49:44.356000-04:00,2025-07-30 14:50:00-04:00,0.2087704691004398,0.000301602262017,0.6956521739130435,-0.8823535726606538,-0.4717146657696941,1.166549067969058,-0.7495914459937074,-0.8040854454335987,True,False,False,True,-1.5089215012220218,0.08157742277879229,-0.3478086728223152,ZT
20250730_a10,20250730,2025-07-30,10,primary_2023_2026,confirmation_2023_2026_powell,9.9,2025-07-30 14:50:39.666000-04:00,2025-07-30 14:51:00-04:00,-0.0055152451852744,0.000301602262017,0.3181818181818182,1.0385777529169409,-1.3568726367282555,1.592783818720622,1.589395826697886,1.5532901887316493,True,False,False,True,0.7544892111627983,0.06031227182061402,0.8016900828059083,ZT
20250730_a11,20250730,2025-07-30,11,primary_2023_2026,confirmation_2023_2026_powell,9.9,2025-07-30 14:51:36.256000-04:00,2025-07-30 14:52:00-04:00,-0.2555152451852744,0.000301602262017,0.4444444444444444,-1.084598293646048,-0.4093950901650794,-0.2973703653112989,-0.7992838127345512,-0.6984823749761967,True,False,False,True,-0.37725172125536,0.03550292903607269,-0.45828546085272354,ZT
20250730_a13,20250730,2025-07-30,13,primary_2023_2026,confirmation_2023_2026_powell,9.9,2025-07-30 14:52:57.306000-04:00,2025-07-30 14:53:00-04:00,0.1944847548147255,0.000301602262017,0.5416666666666666,1.2308615728650203,-0.7340746547468396,1.3807632486071135,0.7680847628325043,0.7366132449905428,True,False,False,True,0.7544892111627983,0.08015974604824706,0.48852028288008975,ZT
20250730_a14,20250730,2025-07-30,14,primary_2023_2026,confirmation_2023_2026_powell,9.9,2025-07-30 14:54:45.386000-04:00,2025-07-30 14:55:00-04:00,0.0997479127094624,0.000301602262017,0.6808510638297872,0.3100344308428704,-0.3345015350265083,0.6622962515616174,1.5418290180130352,1.5552554948574262,True,False,False,True,0.3772090304291144,0.0707583108877893,0.7374388037962434,ZT
20250730_a15,20250730,2025-07-30,15,primary_2023_2026,confirmation_2023_2026_powell,9.9,2025-07-30 14:55:40.975999999-04:00,2025-07-30 14:56:00-04:00,-0.1166263562963855,0.000301602262017,0.5757575757575758,-0.0977278615552565,0.1251163861477602,0.4934547926039747,0.2611680561230508,0.2850084055376081,True,False,False,True,0.0,0.049285897249706764,0.10904505909679374,ZT
20250730_a19,20250730,2025-07-30,19,primary_2023_2026,confirmation_2023_2026_powell,9.9,2025-07-30 14:57:39.746000-04:00,2025-07-30 14:58:00-04:00,-0.0055152451852744,0.000301602262017,0.5897435897435898,-0.4571847001800578,-0.113520181077584,1.3594218457215883,-1.2738932276230666,-1.309474961987019,True,False,False,True,-1.5090922838566088,0.06031227182061402,-0.576035155655374,ZT
20250730_a20,20250730,2025-07-30,20,primary_2023_2026,confirmation_2023_2026_powell,9.9,2025-07-30 14:59:01.935999999-04:00,2025-07-30 15:00:00-04:00,-0.1305152451852744,0.000301602262017,0.673469387755102,-0.9235451393460932,-0.2065545194953324,0.6733675480117488,-0.8245966521229798,-0.8056099618670182,True,False,False,True,-0.37732289411143866,0.047907600428343355,-0.4367584072208833,ZT
20250730_a21,20250730,2025-07-30,21,primary_2023_2026,confirmation_2023_2026_powell,9.9,2025-07-30 15:00:37.086000-04:00,2025-07-30 15:01:00-04:00,-0.1593613990314283,0.000301602262017,0.6041666666666666,-1.8363062992831376,-0.9381685677228356,0.784371899960574,-0.8798592720298241,-0.9072708007752972,True,False,False,True,-0.3773371319055922,0.04504498395320397,-0.5403198618079968,ZT
20250730_a22,20250730,2025-07-30,22,primary_2023_2026,confirmation_2023_2026_powell,9.9,2025-07-30 15:01:33.915999999-04:00,2025-07-30 15:02:00-04:00,0.1194847548147255,0.000301602262017,0.64,-1.2901708575884323,-0.594779533276537,2.3177891831798,-1.2118662720720386,-1.1273432310498572,True,False,False,True,-0.37735137077339215,0.07271694321288467,-0.5977489947876232,ZT
20250730_a23,20250730,2025-07-30,23,primary_2023_2026,confirmation_2023_2026_powell,9.9,2025-07-30 15:02:24.916000-04:00,2025-07-30 15:03:00-04:00,-0.0055152451852744,0.000301602262017,0.4705882352941176,1.4939540035604657,-0.6482764517191905,1.4126293777431655,0.9150555706302552,0.872895553907664,True,False,False,True,0.7546885026796188,0.06031227182061402,0.543456188911105,ZT
20250730_a24,20250730,2025-07-30,24,primary_2023_2026,confirmation_2023_2026_powell,9.9,2025-07-30 15:03:23.136000-04:00,2025-07-30 15:04:00-04:00,-0.0055152451852744,0.000301602262017,0.5185185185185185,-0.0459620414610772,-1.1478292352990571,0.2973206495335875,-0.9455309129478874,-0.9370989856670474,True,False,False,True,-0.7546885026784727,0.06031227182061402,-0.39837989354370673,ZT
20250730_a25,20250730,2025-07-30,25,primary_2023_2026,confirmation_2023_2026_powell,9.9,2025-07-30 15:04:50.826000-04:00,2025-07-30 15:05:00-04:00,-0.0055152451852744,0.000301602262017,0.5652173913043478,-0.6708459920999674,-1.196802322077393,0.5637067043387248,0.248570051097391,0.2275971525596196,True,False,False,True,0.0,0.06031227182061402,0.07377664730050462,ZT
20250730_a26,20250730,2025-07-30,26,primary_2023_2026,confirmation_2023_2026_powell,9.9,2025-07-30 15:06:55.035999999-04:00,2025-07-30 15:07:00-04:00,0.1121318136382549,0.000301602262017,0.5689655172413793,-0.2835554773905004,-0.52734420755245,0.242027747611176,0.3604875876644937,0.4166492499838898,True,False,False,True,0.0,0.07198725666039815,0.1728677224539542,ZT
20250730_a27,20250730,2025-07-30,27,primary_2023_2026,confirmation_2023_2026_powell,9.9,2025-07-30 15:08:50.436000-04:00,2025-07-30 15:09:00-04:00,-0.5055152451852745,0.000301602262017,0.6935483870967742,-1.086744532043767,-0.9235147011738248,0.3616448744832875,-0.828247161686912,-0.8243225793787973,True,False,False,True,-0.37732289411143866,0.010693586251531363,-0.5099845926216032,ZT
20250730_a28,20250730,2025-07-30,28,primary_2023_2026,confirmation_2023_2026_powell,9.9,2025-07-30 15:11:00.806000-04:00,2025-07-30 15:12:00-04:00,-0.0610708007408299,0.000301602262017,0.5079365079365079,0.3534826240535177,-0.468348031486137,1.500987061614622,0.3303191780987141,0.3660396486827807,True,False,False,True,0.0,0.0547990845351604,0.18498929612953244,ZT
20250730_a29,20250730,2025-07-30,29,primary_2023_2026,confirmation_2023_2026_powell,9.9,2025-07-30 15:12:12.976000-04:00,2025-07-30 15:13:00-04:00,-0.0055152451852744,0.000301602262017,0.5789473684210527,-0.1717755391361222,-1.3601190775481444,1.2814421334015094,-0.2493141276069606,-0.3192242650010125,True,False,False,True,0.0,0.06031227182061402,-0.10352851582281422,ZT
20250730_a31,20250730,2025-07-30,31,primary_2023_2026,confirmation_2023_2026_powell,9.9,2025-07-30 15:14:50.486000-04:00,2025-07-30 15:15:00-04:00,-0.0055152451852744,0.000301602262017,0.6153846153846154,-0.017031256313354,0.4880251081401692,0.7154055942066802,0.3386376900660048,0.3546249013528038,True,False,False,True,0.0,0.06031227182061402,0.1668769344078744,ZT
20250917_a00,20250917,2025-09-17,0,primary_2023_2026,confirmation_2023_2026_powell,12.8,2025-09-17 14:38:57.685999999-04:00,2025-09-17 14:39:00-04:00,-0.1514707087277039,0.0011227124733355,0.7272727272727273,-1.1815596945688966,-0.1089033662435724,,-0.8507987948128979,-0.8461264791371766,True,False,True,False,-0.37407649868781784,0.045828035315410985,-0.47265864695578064,ZT
20250917_a01,20250917,2025-09-17,1,primary_2023_2026,confirmation_2023_2026_powell,12.8,2025-09-17 14:40:35.336000-04:00,2025-09-17 14:41:00-04:00,0.2651959579389627,0.0011227124733355,0.6511627906976745,-1.3320328261692476,-2.068465401057708,-1.429983817322958,-0.7890355636230485,-0.7487257421972994,True,False,True,False,-2.992667985825227,0.08717693995631319,-0.393214105128004,ZT
20250917_a02,20250917,2025-09-17,2,primary_2023_2026,confirmation_2023_2026_powell,12.8,2025-09-17 14:41:43.216000-04:00,2025-09-17 14:42:00-04:00,-0.262581819838815,0.0011227124733355,0.6052631578947368,-0.2798988046222107,-2.0417849573735074,-1.4400717124664772,1.5247557926821778,1.5406668132737105,True,False,True,False,0.3741324803549179,0.034801660744503735,0.62529919438144,ZT
20250917_a03,20250917,2025-09-17,3,primary_2023_2026,confirmation_2023_2026_powell,12.8,2025-09-17 14:42:41.056000-04:00,2025-09-17 14:43:00-04:00,0.1818626246056293,0.0011227124733355,0.5806451612903226,0.4672859975957198,-0.8655600973665947,-0.3342582901234245,1.5682615879444028,1.5483476038155104,True,False,True,False,0.3741044874261786,0.07890715902813274,0.7746748676907337,ZT
20250917_a04,20250917,2025-09-17,4,primary_2023_2026,confirmation_2023_2026_powell,12.8,2025-09-17 14:43:51.016000-04:00,2025-09-17 14:44:00-04:00,-0.3181373753943706,0.0011227124733355,0.59375,-1.5345261691833207,-1.4000353195023554,-0.2910955319028365,-0.5708207006609761,-0.5165606851618494,True,False,True,False,-0.3741044874269942,0.0292884734590501,-0.40477005016516887,ZT
20250917_a05,20250917,2025-09-17,5,primary_2023_2026,confirmation_2023_2026_powell,12.8,2025-09-17 14:44:59.936000-04:00,2025-09-17 14:45:00-04:00,-0.1514707087277039,0.0011227124733355,0.53125,-1.607888126322174,-1.824266495546315,-1.0408974257099786,-0.2595942199951651,-0.1975881755192715,True,False,True,False,-1.496501929539247,0.045828035315410985,-0.2484829608467105,ZT
20250917_a06,20250917,2025-09-17,6,primary_2023_2026,confirmation_2023_2026_powell,12.8,2025-09-17 14:46:00.516000-04:00,2025-09-17 14:47:00-04:00,-0.5800421372991325,0.0011227124733355,0.6470588235294118,-0.2200445732279456,-1.2165607066659958,-1.603283658738942,1.1799454030140828,1.105102377140876,True,False,True,False,1.122481433465608,0.0032977333990544394,0.4297637029971347,ZT
20250917_a07,20250917,2025-09-17,7,primary_2023_2026,confirmation_2023_2026_powell,12.8,2025-09-17 14:47:05.686000-04:00,2025-09-17 14:48:00-04:00,-0.3181373753943706,0.0011227124733355,0.5416666666666666,1.2455053550170756,-1.0334769457134718,-1.267217290685538,1.2901093349386346,1.321098228330764,True,False,True,False,0.3741324803549179,0.0292884734590501,0.638922242135694,ZT
20250917_a08,20250917,2025-09-17,8,primary_2023_2026,confirmation_2023_2026_powell,12.8,2025-09-17 14:49:10.586000-04:00,2025-09-17 14:50:00-04:00,-0.1969252541822494,0.0011227124733355,0.6388888888888888,-1.6040068060551698,-1.944405750833324,-0.45853790856824,-0.7533794852086658,-0.7538140522671682,True,False,True,False,-1.8708023925997683,0.04131724571822165,-0.47166301117502263,ZT
20250917_a09,20250917,2025-09-17,9,primary_2023_2026,confirmation_2023_2026_powell,12.8,2025-09-17 14:50:20.986000-04:00,2025-09-17 14:51:00-04:00,-0.1514707087277039,0.0011227124733355,0.627906976744186,-1.6406092854536602,-1.6582976980342805,-1.6815884942740018,-0.7190001889063468,-0.6994478192302888,True,False,True,False,-1.4968379326673842,0.045828035315410985,-0.4525359739144281,ZT
20250917_a10,20250917,2025-09-17,10,primary_2023_2026,confirmation_2023_2026_powell,12.8,2025-09-17 14:52:13.866000-04:00,2025-09-17 14:53:00-04:00,-0.1514707087277039,0.0011227124733355,0.6226415094339622,0.2241170096918337,-1.711541377884234,-1.391112115346009,0.8167385469936163,0.8210960403938662,True,False,True,False,0.37424449397178133,0.045828035315410985,0.3735496571048262,ZT
20250917_a11,20250917,2025-09-17,11,primary_2023_2026,confirmation_2023_2026_powell,12.8,2025-09-17 14:53:34.135999999-04:00,2025-09-17 14:54:00-04:00,-0.1514707087277039,0.0011227124733355,0.6,-1.490130847253677,-1.6224862609691688,-0.5302044386171486,-1.033497545556082,-1.004078667993607,True,False,True,False,-0.7485029943616862,0.045828035315410985,-0.5780470620569955,ZT
20250917_a12,20250917,2025-09-17,12,primary_2023_2026,confirmation_2023_2026_powell,12.8,2025-09-17 14:55:12.552666666-04:00,2025-09-17 14:56:00-04:00,-0.0800421372991325,0.0011227124733355,0.7142857142857143,0.29161154672088,-1.850033642981571,-0.7419271013035104,1.3987863253601294,1.4027080707235795,True,False,True,False,0.3742304886017025,0.05291641896813708,0.645305237021911,ZT
20250917_a14,20250917,2025-09-17,14,primary_2023_2026,confirmation_2023_2026_powell,12.8,2025-09-17 14:57:46.446000-04:00,2025-09-17 14:58:00-04:00,-0.1899322471892424,0.0011227124733355,0.5921052631578947,-1.5176978423990584,-1.5387437678048796,-0.3962486189803698,-0.7500211031444074,-0.7754292491338389,True,False,True,False,-0.37425850039009234,0.04201121334855847,-0.46202639632985315,ZT
20250917_a16,20250917,2025-09-17,16,primary_2023_2026,confirmation_2023_2026_powell,12.8,2025-09-17 14:59:56.396000-04:00,2025-09-17 15:00:00-04:00,-0.351470708727704,0.0011227124733355,0.5333333333333333,-1.149769899220022,-1.5345411562161009,0.666686321711111,-0.991345007494611,-1.0475778649436496,True,False,True,False,-0.748531008246939,0.02598056108777792,-0.5627186746468834,ZT
20250917_a17,20250917,2025-09-17,17,primary_2023_2026,confirmation_2023_2026_powell,12.8,2025-09-17 15:01:13.906000-04:00,2025-09-17 15:02:00-04:00,-0.3053168625738578,0.0011227124733355,0.675,1.111829163366059,-0.7375053425875303,-0.2357878386303171,1.1980269978691112,1.2678584375519322,True,False,True,False,0.37424449397178133,0.030560747448000934,0.5895881623274168,ZT
20250917_a18,20250917,2025-09-17,18,primary_2023_2026,confirmation_2023_2026_powell,12.8,2025-09-17 15:02:38.806000-04:00,2025-09-17 15:03:00-04:00,-0.2764707087277039,0.0011227124733355,0.5476190476190477,1.124304877432066,-2.289811923745265,-0.3696065972994483,1.2726675466853228,1.286995345636866,True,False,True,False,0.7484189652855439,0.033423363923140326,0.6278083285016856,ZT
20250917_a20,20250917,2025-09-17,20,primary_2023_2026,confirmation_2023_2026_powell,12.8,2025-09-17 15:03:48.276000-04:00,2025-09-17 15:04:00-04:00,-0.351470708727704,0.0011227124733355,0.6666666666666666,0.0887001356764995,-1.810882616786036,-1.012193306281256,1.090396098705653,1.1290242472857526,True,False,True,False,0.37418847877941597,0.02598056108777792,0.45133266761317953,ZT
20250917_a21,20250917,2025-09-17,21,primary_2023_2026,confirmation_2023_2026_powell,12.8,2025-09-17 15:05:44.806000-04:00,2025-09-17 15:06:00-04:00,-0.2848040420610373,0.0011227124733355,0.5970149253731343,-1.1339877530043103,-1.9559756902777032,-0.5170486228810137,-0.4061684276948927,-0.4162661529953435,True,False,True,False,-0.37417447760241507,0.032596385830322275,-0.2945723260445265,ZT
20250917_a23,20250917,2025-09-17,23,primary_2023_2026,confirmation_2023_2026_powell,12.8,2025-09-17 15:07:41.545999999-04:00,2025-09-17 15:08:00-04:00,-0.1514707087277039,0.0011227124733355,0.6,0.7138269123892669,-1.4768573777835263,-1.4821079072822658,1.3264273059239302,1.3413243028867416,True,False,True,False,0.3741744776035242,0.045828035315410985,0.637121939665056,ZT
20250917_a24,20250917,2025-09-17,24,primary_2023_2026,confirmation_2023_2026_powell,12.8,2025-09-17 15:08:10.786000-04:00,2025-09-17 15:09:00-04:00,0.098529291272296,0.0011227124733355,0.6,-0.3612654074140345,-1.5209142181366364,-1.13927700025399,-0.0927448544731388,0.1785230618011903,True,False,True,False,0.0,0.0706373780999523,-0.03428156059914604,ZT
20250917_a25,20250917,2025-09-17,25,primary_2023_2026,confirmation_2023_2026_powell,12.8,2025-09-17 15:11:18.295999999-04:00,2025-09-17 15:12:00-04:00,-0.3053168625738578,0.0011227124733355,0.594059405940594,-0.3495882140825138,-1.2113020848820888,-0.2956316192131772,-0.1150946511256267,-0.1320796187275126,True,False,True,False,0.0,0.030560747448000934,-0.1058420894573746,ZT
20250917_a26,20250917,2025-09-17,26,primary_2023_2026,confirmation_2023_2026_powell,12.8,2025-09-17 15:12:43.956000-04:00,2025-09-17 15:13:00-04:00,-0.551470708727704,0.0011227124733355,0.5961538461538461,-0.807481641824047,-2.783447614408729,0.1923430908928944,-0.9385412832210336,-1.0036541189265942,True,False,True,False,-0.7484189652861669,0.006133086860144861,-0.542563533906487,ZT
20250917_a27,20250917,2025-09-17,27,primary_2023_2026,confirmation_2023_2026_powell,12.8,2025-09-17 15:14:03.835999999-04:00,2025-09-17 15:15:00-04:00,-0.1514707087277039,0.0011227124733355,0.4883720930232558,0.8787705722154683,-1.3634308778920003,-0.1686820988895759,1.226758082103426,1.2524238651059596,True,False,True,False,0.3742024810055197,0.045828035315410985,0.6069618839777322,ZT
20250917_a29,20250917,2025-09-17,29,primary_2023_2026,confirmation_2023_2026_powell,12.8,2025-09-17 15:16:52.565999999-04:00,2025-09-17 15:17:00-04:00,-0.1514707087277039,0.0011227124733355,0.4210526315789473,-0.1907215865967083,-1.3288082652694262,-0.8021911867913504,-0.0018155196297536,-0.1675985290686065,True,False,True,False,0.0,0.045828035315410985,-0.019265811299230114,ZT
20250917_a30,20250917,2025-09-17,30,primary_2023_2026,confirmation_2023_2026_powell,12.8,2025-09-17 15:17:48.336000-04:00,2025-09-17 15:18:00-04:00,-0.2514707087277039,0.0011227124733355,0.6666666666666666,-0.4230241067672893,-0.4609949731637231,0.1526769925867399,0.1551350945060287,0.1659784132823496,True,False,True,False,0.0,0.03590429820159446,0.014946754489047349,ZT
20250917_a31,20250917,2025-09-17,31,primary_2023_2026,confirmation_2023_2026_powell,12.8,2025-09-17 15:18:57.906000-04:00,2025-09-17 15:19:00-04:00,-0.1514707087277039,0.0011227124733355,0.6666666666666666,0.4967572023643555,-1.7449353950384614,-0.4944880758436091,1.0637197864530803,1.018272410281855,True,False,True,False,1.4967259148613183,0.045828035315410985,0.5041679335846985,ZT
20250917_a32,20250917,2025-09-17,32,primary_2023_2026,confirmation_2023_2026_powell,12.8,2025-09-17 15:19:58.195999999-04:00,2025-09-17 15:20:00-04:00,-0.262581819838815,0.0011227124733355,0.6956521739130435,-1.1130854561723091,-2.788826156402776,-2.1961753123147965,-0.6741341338591891,-0.6568138692651082,True,False,True,False,-0.3741604774726666,0.034801660744503735,-0.4068629724617577,ZT
20250917_a34,20250917,2025-09-17,34,primary_2023_2026,confirmation_2023_2026_powell,12.8,2025-09-17 15:23:10.016000-04:00,2025-09-17 15:24:00-04:00,0.0151959579389626,0.0011227124733355,0.7413793103448276,1.2130338706257626,-1.4771720823231398,0.2112969568356156,1.3827641356408602,1.3665721162849602,True,False,True,False,0.37411848336655235,0.06236759717177186,0.7286424483037827,ZT
20251029_a00,20251029,2025-10-29,0,primary_2023_2026,confirmation_2023_2026_powell,13.6,2025-10-29 14:39:52.726000-04:00,2025-10-29 14:40:00-04:00,-0.3661999596775526,-0.0001123469273115,0.6071428571428571,0.7127072347053753,-1.1057653301450612,-1.0686942565123976,1.1516027158211826,1.0967971429069945,True,False,False,False,0.374889876143575,0.02451886894468062,0.5270501984828097,ZT
20251029_a01,20251029,2025-10-29,1,primary_2023_2026,confirmation_2023_2026_powell,13.6,2025-10-29 14:41:22.035999999-04:00,2025-10-29 14:42:00-04:00,-0.3423904358680287,-0.0001123469273115,0.5777777777777777,0.1447677104097085,-0.8769945219981159,-1.4905654073937542,-0.6878612267430868,-0.6147499636379099,True,False,False,False,-0.7498781451529188,0.026881663495589323,-0.32211471681860837,ZT
20251029_a02,20251029,2025-10-29,2,primary_2023_2026,confirmation_2023_2026_powell,13.6,2025-10-29 14:43:17.655999999-04:00,2025-10-29 14:44:00-04:00,-0.2661999596775526,-0.0001123469273115,0.5087719298245614,0.8248551842429502,-1.1318451583524236,-0.9740707160984228,1.2206950597322368,1.2213377457665118,True,False,False,False,0.7498219176449024,0.034442606058497145,0.5820638350537649,ZT
20251029_a03,20251029,2025-10-29,3,primary_2023_2026,confirmation_2023_2026_powell,13.6,2025-10-29 14:44:54.336000-04:00,2025-10-29 14:45:00-04:00,0.100466706989114,-0.0001123469273115,0.5192307692307693,-0.8267128163515088,-0.6372102941900328,-1.907241938475495,-0.7572574602360954,-0.7422636243707491,True,False,False,False,-0.374903930911289,0.07082964214249109,-0.3634263748580268,ZT
20251029_a04,20251029,2025-10-29,4,primary_2023_2026,confirmation_2023_2026_powell,13.6,2025-10-29 14:46:15.055999999-04:00,2025-10-29 14:47:00-04:00,-0.1995332930108859,-0.0001123469273115,0.5151515151515151,0.0184395173080182,-0.8819483709759104,0.5994721049723003,-0.1925084323174397,-0.133740226428932,True,False,False,False,0.0,0.041058430801041504,-0.09316212900231223,ZT
20251029_a05,20251029,2025-10-29,5,primary_2023_2026,confirmation_2023_2026_powell,13.6,2025-10-29 14:47:22.326000-04:00,2025-10-29 14:48:00-04:00,-0.1995332930108859,-0.0001123469273115,0.4827586206896552,1.7808528209944077,-0.0022616164700791,0.219544572421387,0.9548297315204174,0.9045315011504816,True,False,False,False,0.37496016052681597,0.041058430801041504,0.5542865438990447,ZT
20251029_a06,20251029,2025-10-29,6,primary_2023_2026,confirmation_2023_2026_powell,13.6,2025-10-29 14:48:46.936000-04:00,2025-10-29 14:49:00-04:00,-0.2995332930108859,-0.0001123469273115,0.5434782608695652,0.7504292457718681,-1.35029188547998,0.1653266734129834,1.0080620020447977,1.0214651541001911,True,False,False,False,0.7498781451522464,0.031134693687224976,0.47758036983545843,ZT
20251029_a07,20251029,2025-10-29,7,primary_2023_2026,confirmation_2023_2026_powell,13.6,2025-10-29 14:50:45.285999999-04:00,2025-10-29 14:51:00-04:00,-0.3995332930108859,-0.0001123469273115,0.589041095890411,0.2688274759657612,-0.8496936444614064,-0.5885106473307461,-0.0606026149086168,-0.0609478560276514,True,False,False,False,0.0,0.021210956573408442,-0.04587152790771909,ZT
20251029_a08,20251029,2025-10-29,8,primary_2023_2026,confirmation_2023_2026_powell,13.6,2025-10-29 14:53:40.795999999-04:00,2025-10-29 14:54:00-04:00,-0.1995332930108859,-0.0001123469273115,0.4587155963302752,-0.4120328042516399,-0.5480223132609481,-0.745169237244018,-1.0204649638008354,-1.0160009487458677,True,False,False,False,-0.37494610154170527,0.041058430801041504,-0.4913811086862743,ZT
20251029_a10,20251029,2025-10-29,10,primary_2023_2026,confirmation_2023_2026_powell,13.6,2025-10-29 14:55:04.655999999-04:00,2025-10-29 14:56:00-04:00,-0.6540787475563404,-0.0001123469273115,0.5714285714285714,-0.6600675277283921,-0.3396687373299592,-0.4492301654301072,-0.7988209048288453,-0.8017593224266014,True,False,False,False,-1.499700062798575,-0.004049465170851807,-0.48516677059140806,ZT
20251029_a11,20251029,2025-10-29,11,primary_2023_2026,confirmation_2023_2026_powell,13.6,2025-10-29 14:56:27.845999999-04:00,2025-10-29 14:57:00-04:00,-0.1995332930108859,-0.0001123469273115,0.6216216216216216,1.4708818732665545,-0.451495822061589,-1.0104474836448545,1.082365330328104,1.1244513792650277,True,False,False,False,0.37494610154263897,0.041058430801041504,0.5847670218187597,ZT
20251029_a12,20251029,2025-10-29,12,primary_2023_2026,confirmation_2023_2026_powell,13.6,2025-10-29 14:57:41.205999999-04:00,2025-10-29 14:58:00-04:00,-0.1995332930108859,-0.0001123469273115,0.5476190476190477,0.9265365764247302,0.0753045244545026,-1.201684143004098,0.1688200822283658,0.139466423340813,True,False,False,False,0.0,0.041058430801041504,0.13969323915013468,ZT
20251029_a13,20251029,2025-10-29,13,primary_2023_2026,confirmation_2023_2026_powell,13.6,2025-10-29 14:58:58.286000-04:00,2025-10-29 14:59:00-04:00,-0.1995332930108859,-0.0001123469273115,0.7419354838709677,-0.7590328990938133,-1.3395751542027825,-0.5234776284565157,-1.098379073591223,-1.0943709395566472,True,False,False,False,-0.37496016052657266,0.041058430801041504,-0.5539913944656576,ZT
20251029_a14,20251029,2025-10-29,14,primary_2023_2026,confirmation_2023_2026_powell,13.6,2025-10-29 15:00:58.886000-04:00,2025-10-29 15:01:00-04:00,-0.2995332930108859,-0.0001123469273115,0.6181818181818182,-0.7946716268152334,-0.888353096324734,0.2907534444023638,-1.0164089773421006,-1.0656994663361057,True,False,False,False,-0.3749179867340634,0.031134693687224976,-0.5365157255363002,ZT
20251029_a15,20251029,2025-10-29,15,primary_2023_2026,confirmation_2023_2026_powell,13.6,2025-10-29 15:03:00.936000-04:00,2025-10-29 15:04:00-04:00,-0.4995332930108859,-0.0001123469273115,0.578125,-0.4524210518597846,-0.6530678897960801,-0.2807763949695406,-0.8125976915110179,-0.8274410294507368,True,False,False,False,-1.499756292414121,0.011287219459591914,-0.45017317719342587,ZT
20251029_a16,20251029,2025-10-29,16,primary_2023_2026,confirmation_2023_2026_powell,13.6,2025-10-29 15:04:22.106000-04:00,2025-10-29 15:05:00-04:00,-0.1995332930108859,-0.0001123469273115,0.5098039215686274,0.7991220224034452,-0.8752579725399963,-1.267046444441545,1.0838893036719115,1.0639116660988794,True,False,False,False,0.749906262068588,0.041058430801041504,0.5303419608919268,ZT
20251029_a17,20251029,2025-10-29,17,primary_2023_2026,confirmation_2023_2026_powell,13.6,2025-10-29 15:06:46.455999999-04:00,2025-10-29 15:07:00-04:00,-0.6281047215823145,-0.0001123469273115,0.5777777777777777,0.5901085690207545,-0.5678513117400515,-0.5094031691519083,1.234797688489314,1.227002689860185,True,False,False,False,0.37496016052681597,-0.0014718711153150418,0.512785336163318,ZT
20251029_a18,20251029,2025-10-29,18,primary_2023_2026,confirmation_2023_2026_powell,13.6,2025-10-29 15:09:07.115999999-04:00,2025-10-29 15:10:00-04:00,0.0636246017259561,-0.0001123469273115,0.5681818181818182,-0.6471957765083464,-0.7984287386963709,-0.2482607682746765,-0.6248820183349375,-0.6431700537923691,True,False,False,False,-1.1249226627534845,0.06717352846897974,-0.2964020600118594,ZT
20251029_a19,20251029,2025-10-29,19,primary_2023_2026,confirmation_2023_2026_powell,13.6,2025-10-29 15:10:16.756000-04:00,2025-10-29 15:11:00-04:00,0.0004667069891141,-0.0001123469273115,0.4722222222222222,0.3384318990690109,-0.9252122818955684,-0.9220326006340084,-0.2162662815877333,-0.2771708043041493,True,False,False,False,0.0,0.060905905028674566,-0.046270076876817834,ZT
20251029_a20,20251029,2025-10-29,20,primary_2023_2026,confirmation_2023_2026_powell,13.6,2025-10-29 15:11:57.965999999-04:00,2025-10-29 15:12:00-04:00,-0.1995332930108859,-0.0001123469273115,0.5471698113207547,0.7110335043947997,-1.2891834120302277,-0.6939870411570712,0.5021076606465619,0.4251027445524924,True,False,False,False,0.37497422056564556,0.041058430801041504,0.26810769782800153,ZT
20251029_a21,20251029,2025-10-29,21,primary_2023_2026,confirmation_2023_2026_powell,13.6,2025-10-29 15:13:48.916000-04:00,2025-10-29 15:14:00-04:00,-0.0884221818997748,-0.0001123469273115,0.5849056603773585,-1.4895678567331525,0.9030386823720412,-0.4910925571202317,-0.9329319834966392,-0.926537301660085,True,False,False,False,-0.37497422056621127,0.05208480537194876,-0.5241282920809534,ZT
20251029_a22,20251029,2025-10-29,22,primary_2023_2026,confirmation_2023_2026_powell,13.6,2025-10-29 15:14:57.755999999-04:00,2025-10-29 15:15:00-04:00,-0.3245332930108859,-0.0001123469273115,0.575,0.2370161466917544,-1.037329710163184,-2.2244205942060367,0.144309478139509,0.1443865319710897,True,False,False,False,0.0,0.02865375940877084,0.052986088787327294,ZT
20251029_a23,20251029,2025-10-29,23,primary_2023_2026,confirmation_2023_2026_powell,13.6,2025-10-29 15:16:12.515999999-04:00,2025-10-29 15:17:00-04:00,-0.3245332930108859,-0.0001123469273115,0.6,-0.1342055062849196,0.039468163227401,-0.2423857381281174,0.3868784840777703,0.3769418967915001,True,False,False,False,0.0,0.02865375940877084,0.12886531200300677,ZT
20251029_a24,20251029,2025-10-29,24,primary_2023_2026,confirmation_2023_2026_powell,13.6,2025-10-29 15:17:09.856000-04:00,2025-10-29 15:18:00-04:00,-0.4495332930108858,-0.0001123469273115,0.6666666666666666,-0.8314602790496585,-0.7000354587140755,-0.9199874567044614,-0.8621563409413816,-0.8394865621491943,True,False,False,False,-0.749962502226288,0.016249088016500192,-0.4952166152834981,ZT
20251029_a25,20251029,2025-10-29,25,primary_2023_2026,confirmation_2023_2026_powell,13.6,2025-10-29 15:18:54.545999999-04:00,2025-10-29 15:19:00-04:00,-0.421755515233108,-0.0001123469273115,0.4603174603174603,1.2798843364787509,-0.5770773659870736,0.1870179539801156,1.0260170623235574,1.0179960703995323,True,False,False,False,0.37498828165912773,0.01900568165922701,0.5098903017833112,ZT
20251029_a27,20251029,2025-10-29,27,primary_2023_2026,confirmation_2023_2026_powell,13.6,2025-10-29 15:20:10.756000-04:00,2025-10-29 15:21:00-04:00,-0.1086242021017949,-0.0001123469273115,0.3953488372093023,-0.474453357212074,-0.6195523506804088,-0.7466898498256066,-1.0030143561117362,-1.00502282272541,True,False,False,False,-0.3750023438086919,0.05008000999542018,-0.4747321818151434,ZT
20251029_a28,20251029,2025-10-29,28,primary_2023_2026,confirmation_2023_2026_powell,13.6,2025-10-29 15:21:05.286000-04:00,2025-10-29 15:22:00-04:00,-0.1995332930108859,-0.0001123469273115,0.4375,0.7266377819704509,-1.2313170454413152,,1.148642307974068,1.1627278421019105,True,False,False,False,0.37500234380948283,0.041058430801041504,0.5527802162415918,ZT
20251029_a29,20251029,2025-10-29,29,primary_2023_2026,confirmation_2023_2026_powell,13.6,2025-10-29 15:24:19.796000-04:00,2025-10-29 15:25:00-04:00,-0.3423904358680287,-0.0001123469273115,0.5765765765765766,-0.5815919476865715,-0.6956485997866997,-0.1794125920075978,-0.8410520598976,-0.843293335524156,True,False,False,False,-0.3750164070115339,0.026881663495589323,-0.4488331519760758,ZT
20251029_a31,20251029,2025-10-29,31,primary_2023_2026,confirmation_2023_2026_powell,13.6,2025-10-29 15:25:56.935999999-04:00,2025-10-29 15:26:00-04:00,-0.3423904358680287,-0.0001123469273115,0.8,-0.9011661035676152,-0.1589261729103111,-1.7995877170719738,-1.0507968715362508,-1.05906738531195,True,False,False,False,-0.750075007852336,0.026881663495589323,-0.5669789407554587,ZT
20260128_a00,20260128,2026-01-28,0,primary_2023_2026,confirmation_2023_2026_powell,9.4,2026-01-28 14:36:49.126000-05:00,2026-01-28 14:37:00-05:00,-0.0431919833590755,0.0,0.5416666666666666,0.8374435549152353,0.5632749485519095,-0.8242919342320136,0.835666925075063,0.8344354213751748,True,False,False,True,0.7502719739414174,0.05657333137118504,0.44896408661287845,ZT
20260128_a01,20260128,2026-01-28,1,primary_2023_2026,confirmation_2023_2026_powell,9.4,2026-01-28 14:38:19.146000-05:00,2026-01-28 14:39:00-05:00,-0.2250101651772573,0.0,0.3953488372093023,0.3547137467668385,-0.4284475375923703,-0.2643993618028872,0.8869163556239377,0.8800872559134167,True,False,False,True,0.3751148789753739,0.03853017298242771,0.4035995479804015,ZT
20260128_a02,20260128,2026-01-28,2,primary_2023_2026,confirmation_2023_2026_powell,9.4,2026-01-28 14:39:01.356000-05:00,2026-01-28 14:40:00-05:00,-0.0431919833590755,0.0,0.9230769230769232,1.0767863512260825,-0.5701850659370824,,0.6177941678348735,0.6001527521896706,True,False,False,True,0.3751008083855782,0.05657333137118504,0.37309408036684616,ZT
20260128_a07,20260128,2026-01-28,7,primary_2023_2026,confirmation_2023_2026_powell,9.4,2026-01-28 14:40:38.596000-05:00,2026-01-28 14:41:00-05:00,-0.0431919833590755,0.0,0.6428571428571429,-0.0216332729118331,0.279324577525711,-0.2604237633855945,-1.2362436979267517,-1.1830933124709369,True,False,False,True,-1.1253868529183169,0.05657333137118504,-0.5296631173401868,ZT
20260128_a08,20260128,2026-01-28,8,primary_2023_2026,confirmation_2023_2026_powell,9.4,2026-01-28 14:41:03.119333333-05:00,2026-01-28 14:42:00-05:00,-0.0431919833590755,0.0,0.8181818181818182,0.5354031256028552,0.3333558508306275,-0.5365855617601163,0.7961023797321798,0.6590519829333661,True,False,False,True,0.7502719739414174,0.05657333137118504,0.4068506794445649,ZT
20260128_a10,20260128,2026-01-28,10,primary_2023_2026,confirmation_2023_2026_powell,9.4,2026-01-28 14:42:36.556000-05:00,2026-01-28 14:43:00-05:00,-0.0431919833590755,0.0,0.6,0.2801289029340096,0.9386905611391338,-2.4844380077694157,0.89621061542256,0.8646084504505582,True,False,False,True,0.3751148789753739,0.05657333137118504,0.42979488259050525,ZT
20260128_a11,20260128,2026-01-28,11,primary_2023_2026,confirmation_2023_2026_powell,9.4,2026-01-28 14:43:59.215999999-05:00,2026-01-28 14:44:00-05:00,-0.0431919833590755,0.0,0.5,-1.1826624269530936,0.551492685302171,0.2354150973583668,-1.0929024640665732,-1.1624463662092206,True,False,False,True,-1.1253868529183169,0.05657333137118504,-0.5620524812651108,ZT
20260128_a12,20260128,2026-01-28,12,primary_2023_2026,confirmation_2023_2026_powell,9.4,2026-01-28 14:44:58.306000-05:00,2026-01-28 14:45:00-05:00,-0.3289062690733612,0.0,0.5333333333333333,1.4774383141252387,-0.4284524113032416,-0.4362950429676367,0.7661377738922882,0.7933279694843595,True,False,False,True,0.3751430233211431,0.028219796760280667,0.4266010274909287,ZT
20260128_a13,20260128,2026-01-28,13,primary_2023_2026,confirmation_2023_2026_powell,9.4,2026-01-28 14:46:22.276000-05:00,2026-01-28 14:47:00-05:00,-0.2431919833590755,0.0,0.6052631578947368,0.1904417851499852,-0.4442493023533688,-0.1641625335525711,-0.4942844048248336,-0.5750947972974244,True,False,False,True,0.0,0.036725857143551977,-0.21811254453001108,ZT
20260128_a14,20260128,2026-01-28,14,primary_2023_2026,confirmation_2023_2026_powell,9.4,2026-01-28 14:48:00.126000-05:00,2026-01-28 14:49:00-05:00,-0.1860491262162183,0.0,0.6,-1.08477733911339,-0.9253286228085232,0.690528059490232,-0.8994788517617912,-0.9055971144896046,True,False,False,True,-0.3751289506204667,0.04239656406573286,-0.49142936021183486,ZT
20260128_a17,20260128,2026-01-28,17,primary_2023_2026,confirmation_2023_2026_powell,9.4,2026-01-28 14:49:58.356000-05:00,2026-01-28 14:50:00-05:00,0.3568080166409245,0.0,0.3157894736842105,0.9045944127540024,-1.6364762928836525,-1.0218427531577452,1.010948615851805,1.092774269097944,True,False,False,True,0.7502156873613118,0.09626827982645116,0.5934261752201899,ZT
20260128_a18,20260128,2026-01-28,18,primary_2023_2026,confirmation_2023_2026_powell,9.4,2026-01-28 14:50:57.485999999-05:00,2026-01-28 14:51:00-05:00,-0.6431919833590755,0.0,0.6153846153846154,0.1243137439942784,-0.9740580889931838,-0.8691992512627128,-0.1214516980186137,-0.0994744381181698,True,False,False,True,0.0,-0.002969091311714127,-0.12223811121679598,ZT
20260128_a21,20260128,2026-01-28,21,primary_2023_2026,confirmation_2023_2026_powell,9.4,2026-01-28 14:52:34.966000-05:00,2026-01-28 14:53:00-05:00,-0.0431919833590755,0.0,0.5,-0.8023528196613675,-0.8481946951869066,-0.5281639117235319,-0.366610353126594,-0.4815810450294286,True,False,False,True,0.0,0.05657333137118504,-0.2125096278064593,ZT
20260128_a23,20260128,2026-01-28,23,primary_2023_2026,confirmation_2023_2026_powell,9.4,2026-01-28 14:54:55.556000-05:00,2026-01-28 14:55:00-05:00,-0.0431919833590755,0.0,0.6451612903225806,-1.1681754207739472,0.3030480655015043,-0.8525857867721475,-0.7869828169508427,-0.7602502932202428,True,False,False,True,-0.37508673885286314,0.05657333137118504,-0.42677190866257964,ZT
20260128_a25,20260128,2026-01-28,25,primary_2023_2026,confirmation_2023_2026_powell,9.4,2026-01-28 14:56:53.266000-05:00,2026-01-28 14:57:00-05:00,-0.0431919833590755,0.0,0.6666666666666666,0.2559714122582588,-0.0294010027780537,-0.3699499656805382,-0.1614484348541224,-0.153534537599442,True,False,False,True,0.0,0.05657333137118504,-0.035785510387970676,ZT
20260128_a27,20260128,2026-01-28,27,primary_2023_2026,confirmation_2023_2026_powell,9.4,2026-01-28 14:59:24.206000-05:00,2026-01-28 15:00:00-05:00,-0.2098586500257421,0.0,0.6172839506172839,0.0181051631912188,0.7775406047830672,-0.6543725693893963,-0.0962114180295413,-0.0464917941987209,True,False,False,True,0.0,0.04003376951482416,-0.0525837330910708,ZT
20260128_a28,20260128,2026-01-28,28,primary_2023_2026,confirmation_2023_2026_powell,9.4,2026-01-28 15:00:43.126000-05:00,2026-01-28 15:01:00-05:00,-0.4431919833590755,0.0,0.62,-0.2911271439991398,0.1959865662769286,-1.2888269620111157,0.4441393555487407,0.4449570645764813,True,False,False,True,0.0,0.016878382915918914,0.12266561536522566,ZT
20260128_a29,20260128,2026-01-28,29,primary_2023_2026,confirmation_2023_2026_powell,9.4,2026-01-28 15:02:53.586000-05:00,2026-01-28 15:03:00-05:00,0.0679191277520356,0.0,0.7164179104477612,1.345572977043985,0.3690840746483752,0.1191504127929012,0.6175497508380238,0.6236299774583832,True,False,False,True,0.750131273325593,0.06759970594209229,0.4122877200075211,ZT
20260128_a30,20260128,2026-01-28,30,primary_2023_2026,confirmation_2023_2026_powell,9.4,2026-01-28 15:05:11.306000-05:00,2026-01-28 15:06:00-05:00,-0.0431919833590755,0.0,0.5421686746987951,0.0330392105748326,0.653344036575345,-0.0278009600450861,0.1354781275927377,0.1356827561398141,True,False,False,True,0.0,0.05657333137118504,0.07608169440824125,ZT
20260128_a31,20260128,2026-01-28,31,primary_2023_2026,confirmation_2023_2026_powell,9.4,2026-01-28 15:07:02.436000-05:00,2026-01-28 15:08:00-05:00,-0.0431919833590755,0.0,0.543859649122807,0.1259621204678932,-0.5920555844802036,-0.6562074073616794,-0.0921029057587903,-0.088184398210071,True,False,False,True,0.0,0.05657333137118504,-0.01605203679641301,ZT
20260128_a32,20260128,2026-01-28,32,primary_2023_2026,confirmation_2023_2026_powell,9.4,2026-01-28 15:08:25.026000-05:00,2026-01-28 15:09:00-05:00,-0.0431919833590755,0.0,0.6666666666666666,-1.0124300222937594,-0.0930054398881262,-0.6003580137435129,-0.9065899528644238,-0.9016286045932136,True,False,False,True,-0.7501875472385134,0.05657333137118504,-0.4664256412517035,ZT
20260128_a33,20260128,2026-01-28,33,primary_2023_2026,confirmation_2023_2026_powell,9.4,2026-01-28 15:09:46.666000-05:00,2026-01-28 15:10:00-05:00,0.1234746833075911,0.0,0.64,1.0563141273154513,-0.2351559698912178,-0.8070047518205418,0.816130066597902,0.8170551965304697,True,False,False,True,0.37508673885265537,0.07311289322754591,0.48423597118905237,ZT
20260128_a34,20260128,2026-01-28,34,primary_2023_2026,confirmation_2023_2026_powell,9.4,2026-01-28 15:10:49.956000-05:00,2026-01-28 15:11:00-05:00,-0.2098586500257421,0.0,0.5185185185185185,0.2532694212067791,0.719385161957087,-1.833375924674997,0.999930712894376,1.0110196276013552,True,False,False,True,0.37508673885265537,0.04003376951482416,0.44717008724320667,ZT
20260128_a35,20260128,2026-01-28,35,primary_2023_2026,confirmation_2023_2026_powell,9.4,2026-01-28 15:12:25.956000-05:00,2026-01-28 15:13:00-05:00,-0.0431919833590755,0.0,0.5476190476190477,-0.0171805191061146,1.4948237426435618,0.104920196408129,-0.0541914689172673,-0.0654514190680579,True,False,False,True,0.0,0.05657333137118504,-0.011174039889412235,ZT
20260128_a36,20260128,2026-01-28,36,primary_2023_2026,confirmation_2023_2026_powell,9.4,2026-01-28 15:13:10.166000-05:00,2026-01-28 15:14:00-05:00,0.2068080166409245,0.0,0.5,0.1472813686961844,-1.794486780572956,0.0817963992134441,0.1436865832794578,0.1235005642163475,True,False,False,True,0.0,0.08138267415572636,0.127876748154983,ZT
20260128_a37,20260128,2026-01-28,37,primary_2023_2026,confirmation_2023_2026_powell,9.4,2026-01-28 15:15:57.165999999-05:00,2026-01-28 15:16:00-05:00,-0.0431919833590755,0.0,0.6373626373626373,0.6336223333509874,-0.1553479972050361,-0.2629708237829507,0.6795151362593354,0.6638319782589731,True,False,False,True,0.37508673885265537,0.05657333137118504,0.3638027464465458,ZT
20260128_a39,20260128,2026-01-28,39,primary_2023_2026,confirmation_2023_2026_powell,9.4,2026-01-28 15:17:38.515999999-05:00,2026-01-28 15:18:00-05:00,-0.0431919833590755,0.0,0.5094339622641509,-1.124270154963671,-0.8004357786112914,-0.136605698313007,-1.3171758432215068,-1.3286069431854075,True,False,False,True,-0.37510080838655285,0.05657333137118504,-0.6555683446442859,ZT
20260318_a00,20260318,2026-03-18,0,primary_2023_2026,confirmation_2023_2026_powell,11.7,2026-03-18 14:38:13.926000-04:00,2026-03-18 14:39:00-04:00,-0.0216521534639487,0.0002255130421708,0.6142857142857143,0.466010908908115,1.4215470271508055,-1.5008746382760263,-0.6485928560839839,-0.6182249836359185,True,False,False,False,-0.37590452029563753,0.05871088746474069,-0.22874209379374066,ZT
20260318_a01,20260318,2026-03-18,1,primary_2023_2026,confirmation_2023_2026_powell,11.7,2026-03-18 14:39:28.676000-04:00,2026-03-18 14:40:00-04:00,0.0783478465360512,0.0002255130421708,0.5666666666666667,1.289467606200212,2.040252951652193,-0.8736387383750602,-0.2562039552399675,-0.2182134393211577,True,False,False,False,0.0,0.06863462457855721,0.026317320992152143,ZT
20260318_a02,20260318,2026-03-18,2,primary_2023_2026,confirmation_2023_2026_powell,11.7,2026-03-18 14:40:34.516000-04:00,2026-03-18 14:41:00-04:00,0.0033478465360512,0.0002255130421708,0.5384615384615384,2.116224780770092,0.8150570946456661,0.7441102694144784,0.2295523038929685,0.3005883153487554,True,False,False,False,0.7517949107024604,0.061191821743194805,0.2953933203447633,ZT
20260318_a05,20260318,2026-03-18,5,primary_2023_2026,confirmation_2023_2026_powell,11.7,2026-03-18 14:43:53.466000-04:00,2026-03-18 14:44:00-04:00,-0.1216521534639487,0.0002255130421708,0.6666666666666666,-0.255968172488011,0.8649249237337682,,-0.928737436345521,-1.0606066251133544,True,False,False,False,-0.7517949107022298,0.04878715035092415,-0.426279449733513,ZT
20260318_a07,20260318,2026-03-18,7,primary_2023_2026,confirmation_2023_2026_powell,11.7,2026-03-18 14:45:05.706000-04:00,2026-03-18 14:46:00-04:00,-0.1216521534639487,0.0002255130421708,0.8157894736842105,-0.0250086440900498,2.130785035875805,-1.0847346194308127,-0.9568422070132542,-0.9545115231573036,True,False,False,False,-0.3759469163395565,0.04878715035092415,-0.4196568039108461,ZT
20260318_a08,20260318,2026-03-18,8,primary_2023_2026,confirmation_2023_2026_powell,11.7,2026-03-18 14:46:18.366000-04:00,2026-03-18 14:47:00-04:00,-0.0105410423528376,0.0002255130421708,0.5384615384615384,1.804247302110144,1.2364151892366528,-0.7025807652543619,0.7670042544051388,0.8661090540429921,True,False,False,False,0.7518796996027208,0.05981352492183141,0.503229020149673,ZT
20260318_a09,20260318,2026-03-18,9,primary_2023_2026,confirmation_2023_2026_powell,11.7,2026-03-18 14:48:51.886000-04:00,2026-03-18 14:49:00-04:00,-0.335937867749663,0.0002255130421708,0.6,-0.161002925510804,1.333598771983259,0.7882365929663651,-1.4130982041636688,-1.439613727811256,True,False,False,False,-0.3759327832631137,0.027521999392745872,-0.6640797572444719,ZT
20260318_a10,20260318,2026-03-18,10,primary_2023_2026,confirmation_2023_2026_powell,11.7,2026-03-18 14:49:56.685999999-04:00,2026-03-18 14:50:00-04:00,-0.3216521534639488,0.0002255130421708,0.5945945945945946,1.1962597970815487,0.2378629978965367,-0.2788771220389718,-0.9444358774419652,-0.8894061055116569,True,False,False,False,-0.7519079668188738,0.028939676123291083,-0.3451210562216237,ZT
20260318_a11,20260318,2026-03-18,11,primary_2023_2026,confirmation_2023_2026_powell,11.7,2026-03-18 14:51:27.826000-04:00,2026-03-18 14:52:00-04:00,-0.2216521534639488,0.0002255130421708,0.5227272727272727,-0.1866460903781265,1.2408225256334238,0.1342187334722558,-1.4558711352583855,-1.4637995341800416,True,False,False,False,-1.1279255581085197,0.03886341323710762,-0.6671814864519563,ZT
20260318_a12,20260318,2026-03-18,12,primary_2023_2026,confirmation_2023_2026_powell,11.7,2026-03-18 14:52:34.846000-04:00,2026-03-18 14:53:00-04:00,-0.1216521534639487,0.0002255130421708,0.5681818181818182,0.5971532735770949,0.9871696683391408,-0.821330047731781,0.024568998935516,0.0260312717399438,True,False,False,False,0.0,0.04878715035092415,0.06154635004612545,ZT
20260318_a13,20260318,2026-03-18,13,primary_2023_2026,confirmation_2023_2026_powell,11.7,2026-03-18 14:53:35.946000-04:00,2026-03-18 14:54:00-04:00,-0.3216521534639488,0.0002255130421708,0.3333333333333333,-0.4633985776324494,1.3702028891839444,-0.6601573243848927,-1.273468111264216,-1.2330097609908135,True,False,False,False,-0.7520210569443746,0.028939676123291083,-0.6254579510768989,ZT
20260318_a14,20260318,2026-03-18,14,primary_2023_2026,confirmation_2023_2026_powell,11.7,2026-03-18 14:55:57.945999999-04:00,2026-03-18 14:56:00-04:00,-0.1216521534639487,0.0002255130421708,0.4933333333333333,2.074605249951782,1.8634897439486569,-1.1283686801451134,1.2643072211775752,1.2685608942009747,True,False,False,False,0.3760317371218417,0.04878715035092415,0.7261258044753269,ZT
20260318_a15,20260318,2026-03-18,15,primary_2023_2026,confirmation_2023_2026_powell,11.7,2026-03-18 14:57:24.035999999-04:00,2026-03-18 14:58:00-04:00,-0.2216521534639488,0.0002255130421708,0.5365853658536586,0.0761201316845757,1.817274605035775,-0.943375405890966,-0.86501050624975,-0.8472911282050907,True,False,False,False,-0.7521058968648279,0.03886341323710762,-0.38664182336498987,ZT
20260318_a16,20260318,2026-03-18,16,primary_2023_2026,confirmation_2023_2026_powell,11.7,2026-03-18 14:58:28.255999999-04:00,2026-03-18 14:59:00-04:00,-0.1216521534639487,0.0002255130421708,0.6153846153846154,0.8181463948467294,1.4968727280403689,-0.7344357277310426,-0.0098892439425424,-0.034614831779587,True,False,False,False,0.0,0.04878715035092415,0.06456673039167284,ZT
20260318_a17,20260318,2026-03-18,17,primary_2023_2026,confirmation_2023_2026_powell,11.7,2026-03-18 14:59:19.106000-04:00,2026-03-18 15:00:00-04:00,-0.1216521534639487,0.0002255130421708,0.5714285714285714,0.7902770441032567,2.790514397965324,0.0802118793268904,-0.888358941862748,-0.8859269466880408,True,False,False,False,-0.37607416186864,0.04878715035092415,-0.3227747816812596,ZT
20260318_a18,20260318,2026-03-18,18,primary_2023_2026,confirmation_2023_2026_powell,11.7,2026-03-18 15:00:24.996000-04:00,2026-03-18 15:01:00-04:00,-0.1216521534639487,0.0002255130421708,0.6,1.1615818748711475,2.075994532751253,-0.932355872062934,-0.9414397537827712,-0.8830830496241888,True,False,False,False,-1.1282649177992248,0.04878715035092415,-0.31558963427518305,ZT
20260318_a19,20260318,2026-03-18,19,primary_2023_2026,confirmation_2023_2026_powell,11.7,2026-03-18 15:02:01.475999999-04:00,2026-03-18 15:03:00-04:00,0.2783478465360512,0.0002255130421708,0.4736842105263157,2.4085441430539163,1.141912348592505,0.198308132058887,1.0721753469598294,1.0998204834366283,True,False,False,False,1.5043815139892227,0.08848209880619026,0.7314211717755054,ZT
20260318_a21,20260318,2026-03-18,21,primary_2023_2026,confirmation_2023_2026_powell,11.7,2026-03-18 15:03:49.806000-04:00,2026-03-18 15:04:00-04:00,-0.3034703352821306,0.0002255130421708,0.6486486486486487,2.253542601028097,1.3014175175065683,0.4826141021744581,0.8321030341341779,0.898077464230482,True,False,False,False,0.3760741618688558,0.03074399196216682,0.5231164365832175,ZT
20260318_a23,20260318,2026-03-18,23,primary_2023_2026,confirmation_2023_2026_powell,11.7,2026-03-18 15:04:56.265999999-04:00,2026-03-18 15:05:00-04:00,-0.1216521534639487,0.0002255130421708,0.7058823529411765,0.5640283267450878,1.0765509342036712,-1.412184661744785,0.0671427598215917,0.0758528977102442,True,False,False,False,0.0,0.04878715035092415,0.07749084731143115,ZT
20260318_a24,20260318,2026-03-18,24,primary_2023_2026,confirmation_2023_2026_powell,11.7,2026-03-18 15:06:17.735999999-04:00,2026-03-18 15:07:00-04:00,-0.1216521534639487,0.0002255130421708,0.6206896551724138,0.7003079668554634,1.2152173365524543,-0.841745916758561,-0.2926606985071507,-0.2868390047804279,True,False,False,False,0.0,0.04878715035092415,-0.06904355682930552,ZT
20260318_a25,20260318,2026-03-18,25,primary_2023_2026,confirmation_2023_2026_powell,11.7,2026-03-18 15:07:15.266000-04:00,2026-03-18 15:08:00-04:00,-0.1216521534639487,0.0002255130421708,0.5,0.836816773100058,0.9716900029868024,-1.0329507145192085,1.1798641031688388,1.2586506108603863,True,False,False,False,0.7521341810920559,0.04878715035092415,0.5875974363680054,ZT
20260318_a26,20260318,2026-03-18,26,primary_2023_2026,confirmation_2023_2026_powell,11.7,2026-03-18 15:10:09.876000-04:00,2026-03-18 15:11:00-04:00,-0.0105410423528376,0.0002255130421708,0.5957446808510638,0.8430315921124172,1.3322923183304292,-0.0317689843454879,-0.1290992185304203,-0.0730265323126697,True,False,False,False,0.0,0.05981352492183141,0.03161161238966445,ZT
20260318_a27,20260318,2026-03-18,27,primary_2023_2026,confirmation_2023_2026_powell,11.7,2026-03-18 15:11:44.816000-04:00,2026-03-18 15:12:00-04:00,-0.1216521534639487,0.0002255130421708,0.4705882352941176,0.2998025163460808,2.173321024924113,1.0750668369463068,-0.8357028408163588,-0.8168065077345367,True,False,False,False,-0.37608830557828843,0.04878715035092415,-0.3399195581597968,ZT
20260318_a28,20260318,2026-03-18,28,primary_2023_2026,confirmation_2023_2026_powell,11.7,2026-03-18 15:13:30.866000-04:00,2026-03-18 15:14:00-04:00,0.1783478465360512,0.0002255130421708,0.6037735849056604,2.4440066782706533,0.8597731558220216,0.4321037708158387,0.7465157298722542,0.7077357774970814,True,False,False,False,0.37610245035120016,0.07855836169237373,0.5760534830363802,ZT
20260318_a29,20260318,2026-03-18,29,primary_2023_2026,confirmation_2023_2026_powell,11.7,2026-03-18 15:14:21.066000-04:00,2026-03-18 15:15:00-04:00,0.1283478465360512,0.0002255130421708,0.625,0.8662790794583398,2.372728206415462,-0.2006103001511638,-0.2597135363171806,-0.252273018071624,True,False,False,False,0.0,0.07359649313546547,-0.002162443705452488,ZT
20260318_a31,20260318,2026-03-18,31,primary_2023_2026,confirmation_2023_2026_powell,11.7,2026-03-18 15:15:58.486000-04:00,2026-03-18 15:16:00-04:00,-0.1216521534639487,0.0002255130421708,0.48,0.6520811155407639,1.1772222520117164,-0.7797373373740786,-0.4447034804296364,-0.343262797961798,True,False,False,False,0.0,0.04878715035092415,-0.13964304857057486,ZT
20260318_a32,20260318,2026-03-18,32,primary_2023_2026,confirmation_2023_2026_powell,11.7,2026-03-18 15:17:28.286000-04:00,2026-03-18 15:18:00-04:00,-0.2125612443730397,0.0002255130421708,0.6511627906976745,1.9809678399122248,1.2449468226662253,-0.7086902518086658,0.8929664361582516,0.8922827879909384,True,False,False,False,0.37611659618989324,0.039765571156545484,0.5415589253733664,ZT
20260318_a33,20260318,2026-03-18,33,primary_2023_2026,confirmation_2023_2026_powell,11.7,2026-03-18 15:18:47.985999999-04:00,2026-03-18 15:19:00-04:00,-0.1216521534639487,0.0002255130421708,0.575,0.7323268536311022,3.0782827180217835,-0.0647670646790136,0.032148278742112,0.0391406381307516,True,False,False,False,0.0,0.04878715035092415,0.07595453755963082,ZT
20260429_a00,20260429,2026-04-29,0,primary_2023_2026,confirmation_2023_2026_powell,12.2,2026-04-29 14:40:59.045999999-04:00,2026-04-29 14:41:00-04:00,-0.2675946608207484,-0.0003395970115462,0.4745762711864407,0.0249882442103477,0.6734805329323152,-0.946214182979855,-1.115532841883058,-1.1233279149247313,True,False,False,False,-1.5099467772446495,0.034304199583523,-0.5077810604962716,ZT
20260429_a01,20260429,2026-04-29,1,primary_2023_2026,confirmation_2023_2026_powell,12.2,2026-04-29 14:42:07.875999999-04:00,2026-04-29 14:43:00-04:00,-0.2675946608207484,-0.0003395970115462,0.5789473684210527,0.1562911322777457,0.500938045901645,-0.2784955694910204,-0.9019072308937068,-0.8894823998478457,True,False,False,False,-0.37747956896318846,0.034304199583523,-0.4033749137986615,ZT
20260429_a02,20260429,2026-04-29,2,primary_2023_2026,confirmation_2023_2026_powell,12.2,2026-04-29 14:44:08.236000-04:00,2026-04-29 14:45:00-04:00,-0.1342613274874151,-0.0003395970115462,0.631578947368421,0.5620593729820624,-0.8635680049945245,0.3376796088279717,-0.9346343971306732,-0.9404642603963888,True,False,False,False,-0.3775935960570355,0.047535849068611705,-0.36373366802922136,ZT
20260429_a03,20260429,2026-04-29,3,primary_2023_2026,confirmation_2023_2026_powell,12.2,2026-04-29 14:46:12.366000-04:00,2026-04-29 14:47:00-04:00,-0.2675946608207484,-0.0003395970115462,0.5972222222222222,0.4074907264346177,0.763935084713118,-0.2589140802753715,0.9326990758996164,0.8880660149494078,True,False,False,False,1.1328235639415511,0.034304199583523,0.4213818540978111,ZT
20260429_a05,20260429,2026-04-29,5,primary_2023_2026,confirmation_2023_2026_powell,12.2,2026-04-29 14:47:56.086000-04:00,2026-04-29 14:48:00-04:00,-0.2675946608207484,-0.0003395970115462,0.7272727272727273,1.2354971434838429,1.351612229045322,-1.7630472052804744,-0.2028079124973047,-0.1414022297136177,True,False,False,False,0.0,0.034304199583523,-0.008432752243141384,ZT
20260429_a06,20260429,2026-04-29,6,primary_2023_2026,confirmation_2023_2026_powell,12.2,2026-04-29 14:48:43.186000-04:00,2026-04-29 14:49:00-04:00,-0.2675946608207484,-0.0003395970115462,0.6875,1.0759392411019424,1.3260628852956358,1.5090087956471454,0.5962958209440181,0.6717486059304281,True,False,False,False,0.7551444217285548,0.034304199583523,0.328749140303281,ZT
20260429_a08,20260429,2026-04-29,8,primary_2023_2026,confirmation_2023_2026_powell,12.2,2026-04-29 14:51:30.935999999-04:00,2026-04-29 14:52:00-04:00,-0.2120391052651928,-0.0003395970115462,0.5375,-0.2819105696139171,0.6563430240181269,0.4513485238097202,-1.1923508488326406,-1.193934311997081,True,False,False,False,-0.37753657390095513,0.03981738686897664,-0.5579936840574342,ZT
20260429_a10,20260429,2026-04-29,10,primary_2023_2026,confirmation_2023_2026_powell,12.2,2026-04-29 14:53:36.146000-04:00,2026-04-29 14:54:00-04:00,-0.2675946608207484,-0.0003395970115462,0.627906976744186,1.931637080702772,1.4847074775320217,-0.9766801251393488,0.9177211786752584,0.8907718276892851,True,False,False,False,0.3775650828264989,0.034304199583523,0.5398165100234997,ZT
20260429_a11,20260429,2026-04-29,11,primary_2023_2026,confirmation_2023_2026_powell,12.2,2026-04-29 14:54:56.856000-04:00,2026-04-29 14:55:00-04:00,-0.2675946608207484,-0.0003395970115462,0.5161290322580645,1.8065081885217216,0.583007312600447,-0.5905302564050723,0.4994953663813408,0.5017443887614653,True,False,False,False,1.5101748056033233,0.034304199583523,0.34623518098196215,ZT
20260429_a12,20260429,2026-04-29,12,primary_2023_2026,confirmation_2023_2026_powell,12.2,2026-04-29 14:56:45.256000-04:00,2026-04-29 14:57:00-04:00,-0.2675946608207484,-0.0003395970115462,0.54,-0.1774553710660769,-0.0625111011495059,-0.3573512009062547,-0.9721700352600796,-0.9525203672757472,True,False,False,False,-0.37752232105243533,0.034304199583523,-0.4615444684890042,ZT
20260429_a13,20260429,2026-04-29,13,primary_2023_2026,confirmation_2023_2026_powell,12.2,2026-04-29 14:58:08.916000-04:00,2026-04-29 14:59:00-04:00,-0.3300946608207484,-0.0003395970115462,0.6363636363636364,-0.9652945248399432,0.1802226513491865,0.1879096349162799,-1.083708418430102,-1.0831133164661966,True,False,False,False,-0.37749381858299685,0.02810186388738767,-0.5847546158513378,ZT
20260429_a14,20260429,2026-04-29,14,primary_2023_2026,confirmation_2023_2026_powell,12.2,2026-04-29 14:59:13.725999999-04:00,2026-04-29 15:00:00-04:00,-0.2675946608207484,-0.0003395970115462,0.4864864864864865,1.7099077860002874,0.9952386266758712,-0.7606627411019559,0.948962348276814,1.0050646631768088,True,False,False,False,0.3774938185846292,0.034304199583523,0.5353256279093227,ZT
20260429_a15,20260429,2026-04-29,15,primary_2023_2026,confirmation_2023_2026_powell,12.2,2026-04-29 15:00:40.146000-04:00,2026-04-29 15:01:00-04:00,-0.2675946608207484,-0.0003395970115462,0.5652173913043478,0.5907720993850191,1.8479215071523865,-0.0247873894913525,-0.0239899324228361,-0.0041109174670911,True,False,False,False,0.0,0.034304199583523,0.017071916165178794,ZT
20260429_a16,20260429,2026-04-29,16,primary_2023_2026,confirmation_2023_2026_powell,12.2,2026-04-29 15:02:01.996000-04:00,2026-04-29 15:03:00-04:00,-0.4104518036778913,-0.0003395970115462,0.8846153846153846,0.4813869405736022,-0.2212925840797423,0.8062568104149447,-1.2560018172054568,-1.2508156050563903,True,False,False,False,-0.37746532041813685,0.020127432278070817,-0.5541088624711337,ZT
20260429_a17,20260429,2026-04-29,17,primary_2023_2026,confirmation_2023_2026_powell,12.2,2026-04-29 15:03:18.836000-04:00,2026-04-29 15:04:00-04:00,-0.1675946608207484,-0.0003395970115462,0.5789473684210527,-0.468531477016411,0.4831320947075067,-0.5821216863089234,-0.7568517859103879,-0.7203678255352687,True,False,False,False,-0.37746532041813685,0.044227936697339536,-0.3755058813839509,ZT
20260429_a18,20260429,2026-04-29,18,primary_2023_2026,confirmation_2023_2026_powell,12.2,2026-04-29 15:04:17.146000-04:00,2026-04-29 15:05:00-04:00,-0.4104518036778913,-0.0003395970115462,0.5882352941176471,2.4580053813938685,0.4287465847374407,0.5562885597059148,1.193268743721742,1.0445324769691402,True,False,False,False,0.3774653204174315,0.020127432278070817,0.6815778763144977,ZT
20260429_a19,20260429,2026-04-29,19,primary_2023_2026,confirmation_2023_2026_powell,12.2,2026-04-29 15:05:53.536000-04:00,2026-04-29 15:06:00-04:00,-0.2087711314089837,-0.0003395970115462,0.6101694915254238,1.9244268602366708,0.302946834231536,0.4050456819916818,0.9548839841271072,0.9778940786090494,True,False,False,False,0.377451072950226,0.04014169200341508,0.5646505282877522,ZT
20260429_a21,20260429,2026-04-29,21,primary_2023_2026,confirmation_2023_2026_powell,12.2,2026-04-29 15:07:11.156000-04:00,2026-04-29 15:08:00-04:00,0.0181196248935372,-0.0003395970115462,0.5357142857142857,1.7612564651003115,0.0684557058788249,-1.4996201831456708,0.9105922485462148,0.9293069690448088,True,False,False,False,0.3774368265554351,0.06265773419442737,0.567092837144426,ZT
20260429_a23,20260429,2026-04-29,23,primary_2023_2026,confirmation_2023_2026_powell,12.2,2026-04-29 15:08:55.476000-04:00,2026-04-29 15:09:00-04:00,-0.2675946608207484,-0.0003395970115462,0.4901960784313725,-0.0757743195906986,0.08533738363979,0.6210678533907826,-1.249391781799532,-1.2529291563727774,True,False,False,False,-0.37743682655563454,0.034304199583523,-0.5747187193258175,ZT
20260429_a24,20260429,2026-04-29,24,primary_2023_2026,confirmation_2023_2026_powell,12.2,2026-04-29 15:10:57.855999999-04:00,2026-04-29 15:11:00-04:00,-0.3264181902325132,-0.0003395970115462,0.6506024096385542,0.8863979698710449,0.3109706200994976,-0.076603851820806,-0.4687190970170047,-0.4451028347538108,True,False,False,False,0.0,0.02846670716363092,-0.16275507967064218,ZT
20260429_a25,20260429,2026-04-29,25,primary_2023_2026,confirmation_2023_2026_powell,12.2,2026-04-29 15:11:40.546000-04:00,2026-04-29 15:12:00-04:00,-0.4675946608207484,-0.0003395970115462,0.4615384615384615,1.7714697952595682,0.0859952686752305,2.1036587246715803,0.6934328451164843,0.7579258595480626,True,False,False,False,0.3774225812374996,0.014456725355889946,0.3973071760334821,ZT
20260429_a26,20260429,2026-04-29,26,primary_2023_2026,confirmation_2023_2026_powell,12.2,2026-04-29 15:13:21.746000-04:00,2026-04-29 15:14:00-04:00,-0.2675946608207484,-0.0003395970115462,0.7111111111111111,1.9566799717685968,1.153472204474033,-1.75560718470808,1.1545110815464494,1.0994950879173673,True,False,False,False,0.3774083369941991,0.034304199583523,0.6456614578028044,ZT
20260429_a28,20260429,2026-04-29,28,primary_2023_2026,confirmation_2023_2026_powell,12.2,2026-04-29 15:14:42.046000-04:00,2026-04-29 15:15:00-04:00,0.1074053391792515,-0.0003395970115462,0.7391304347826086,1.2472776153926337,0.5501465803387688,-1.3913380628882088,0.1078330135672476,0.1695107179604227,True,False,False,False,0.0,0.07151821376033499,0.1869369045364969,ZT
20260429_a29,20260429,2026-04-29,29,primary_2023_2026,confirmation_2023_2026_powell,12.2,2026-04-29 15:16:40.635999999-04:00,2026-04-29 15:17:00-04:00,-0.2199756132017008,-0.0003395970115462,0.6388888888888888,-0.2717345708271574,1.264738950042752,-0.274908943265429,-0.8987971210250816,-0.9244800027636833,True,False,False,False,-0.37742258123818395,0.0390297886853404,-0.4297195970867194,ZT
20260429_a31,20260429,2026-04-29,31,primary_2023_2026,confirmation_2023_2026_powell,12.2,2026-04-29 15:18:58.575999999-04:00,2026-04-29 15:19:00-04:00,-0.2675946608207484,-0.0003395970115462,0.5714285714285714,0.4313260977701637,0.616132868498527,0.8363540309625797,-0.3381375475009854,-0.3011957211228975,True,False,False,False,0.0,0.034304199583523,-0.1337037121726139,ZT
20260429_a32,20260429,2026-04-29,32,primary_2023_2026,confirmation_2023_2026_powell,12.2,2026-04-29 15:20:36.336000-04:00,2026-04-29 15:21:00-04:00,-0.0857764790025666,-0.0003395970115462,0.5098039215686274,0.3621618811864319,0.8844309102212906,-0.0890228447623426,-0.9998127538219176,-0.9946204332073524,True,False,False,False,-0.37743682655563454,0.05234735797228033,-0.40116698945019713,ZT
20260429_a33,20260429,2026-04-29,33,primary_2023_2026,confirmation_2023_2026_powell,12.2,2026-04-29 15:23:18.726000-04:00,2026-04-29 15:24:00-04:00,-0.2199756132017008,-0.0003395970115462,0.5510204081632653,0.8715181751622512,0.7790001132109449,-0.3788446664191421,-0.386305464756857,-0.380654547464044,True,False,False,False,0.0,0.0390297886853404,-0.11131970679805239,ZT
20260429_a34,20260429,2026-04-29,34,primary_2023_2026,confirmation_2023_2026_powell,12.2,2026-04-29 15:24:35.105999999-04:00,2026-04-29 15:25:00-04:00,-0.2675946608207484,-0.0003395970115462,0.6,0.1514378307885617,1.1978202102663609,0.347754346799397,-0.7060556321470822,-0.7816631399181956,True,False,False,False,-1.1323959623306554,0.034304199583523,-0.31792615482162645,ZT
20260429_a35,20260429,2026-04-29,35,primary_2023_2026,confirmation_2023_2026_powell,12.2,2026-04-29 15:25:55.064000-04:00,2026-04-29 15:26:00-04:00,-0.1766855699116575,-0.0003395970115462,0.5319148936170213,0.7463005317998886,0.2853749880781632,-1.4407889888894525,-0.2482548039222349,-0.2278772485121751,True,False,False,False,0.0,0.04332577877790167,-0.05435461261734664,ZT
20190130_a01,20190130,2019-01-30,1,additional_2018_2022,contaminated_2016_2022,9.3,2019-01-30 14:41:55.356000-05:00,2019-01-30 14:42:00-05:00,-0.3649259102177797,0.000811209439528,0.3870967741935484,-3.172173645664117,2.022256399610575,,-0.5487430093458853,-0.5286901825311024,True,False,False,True,-2.799944019412057,0.7701161670265266,-0.6302119311212553,ES
20190130_a02,20190130,2019-01-30,2,additional_2018_2022,contaminated_2016_2022,9.3,2019-01-30 14:43:17.456000-05:00,2019-01-30 14:44:00-05:00,-0.3649259102177797,0.000811209439528,0.6153846153846154,-3.2138461739079656,2.1689646210774107,,-2.1431350446097266,-1.992194753612173,True,False,False,True,2.7994214711821734,0.7701161670265266,-0.819665702465056,ES
20190130_a04,20190130,2019-01-30,4,additional_2018_2022,contaminated_2016_2022,9.3,2019-01-30 14:44:38.796000-05:00,2019-01-30 14:45:00-05:00,-0.3649259102177797,0.000811209439528,0.5909090909090909,0.4698378654935148,-0.3309696280938136,,2.5208560245462888,2.1963868372947406,True,False,False,True,0.9330534179840568,0.7701161670265266,1.3832429305431488,ES
20190130_a05,20190130,2019-01-30,5,additional_2018_2022,contaminated_2016_2022,9.3,2019-01-30 14:45:16.075999999-05:00,2019-01-30 14:46:00-05:00,-0.0315925768844464,0.000811209439528,0.375,-2.4301118173191534,0.8145880108464428,,0.2621502642135302,0.57825064737885,True,False,False,True,10.256889332247086,0.2826726731756463,-0.7846978037530166,ES
20190130_a07,20190130,2019-01-30,7,additional_2018_2022,contaminated_2016_2022,9.3,2019-01-30 14:47:52.015999999-05:00,2019-01-30 14:48:00-05:00,-0.3649259102177797,0.000811209439528,0.3333333333333333,-0.9979649537967102,0.7805600434928711,,-1.2635425058527188,,True,False,False,True,1.8635855439704647,0.7701161670265266,0.2999172313202381,ES
20190130_a08,20190130,2019-01-30,8,additional_2018_2022,contaminated_2016_2022,9.3,2019-01-30 14:49:37.026000-05:00,2019-01-30 14:50:00-05:00,-0.3649259102177797,0.000811209439528,0.5714285714285714,-4.504657067805917,2.2841512473696293,,-1.4344326773241651,-1.3984933104330974,True,False,False,True,-5.5923200264426125,0.7701161670265266,-1.3415304737464189,ES
20190130_a09,20190130,2019-01-30,9,additional_2018_2022,contaminated_2016_2022,9.3,2019-01-30 14:51:10.735999999-05:00,2019-01-30 14:52:00-05:00,-0.5467440920359616,0.000811209439528,0.5106382978723404,-3.3201987761838603,1.179794827207605,,-1.0183658818248926,-1.0239662515588368,True,False,False,True,15.8353160564422,1.0359944363997342,-0.4300222011079875,ES
20190130_a10,20190130,2019-01-30,10,additional_2018_2022,contaminated_2016_2022,9.3,2019-01-30 14:53:08.075999999-05:00,2019-01-30 14:54:00-05:00,-0.3649259102177797,0.000811209439528,0.5813953488372093,-2.008463714140707,1.4238282071232553,,-1.2277183349927066,-1.0698735786209173,True,False,False,True,0.0,0.7701161670265266,-0.1640081306670429,ES
20190130_a11,20190130,2019-01-30,11,additional_2018_2022,contaminated_2016_2022,9.3,2019-01-30 14:54:35.686000-05:00,2019-01-30 14:55:00-05:00,-0.1149259102177797,0.000811209439528,0.6341463414634146,-0.0499191263104995,2.521040186272353,,0.8930978873773964,0.9335435942920524,True,False,False,True,-0.9302758274535101,0.4045335466383663,0.5305365772999497,ES
20190130_a12,20190130,2019-01-30,12,additional_2018_2022,contaminated_2016_2022,9.3,2019-01-30 14:55:34.356000-05:00,2019-01-30 14:56:00-05:00,-0.3649259102177797,0.000811209439528,0.5,-0.9055609532913468,0.3235549766571436,,-0.1568049664657995,-0.191511796698097,True,False,False,True,4.65094655144353,0.7701161670265266,0.4608083438665281,ES
20190130_a13,20190130,2019-01-30,13,additional_2018_2022,contaminated_2016_2022,9.3,2019-01-30 14:56:39.696000-05:00,2019-01-30 14:57:00-05:00,-0.3649259102177797,0.000811209439528,0.64,-0.7929275916089088,1.6761337859547876,,1.1003289500024112,1.1168191670180192,True,False,False,True,1.859773113041321,0.7701161670265266,0.6471146967215218,ES
20190130_a15,20190130,2019-01-30,15,additional_2018_2022,contaminated_2016_2022,9.3,2019-01-30 14:58:20.256000-05:00,2019-01-30 14:59:00-05:00,-0.3649259102177797,0.000811209439528,0.6551724137931034,-0.543209052020396,1.9232889151382144,,1.878897060704456,1.891522107712377,True,False,False,True,-0.929584011824031,0.7701161670265266,0.845800575464486,ES
20190130_a16,20190130,2019-01-30,16,additional_2018_2022,contaminated_2016_2022,9.3,2019-01-30 14:59:09.336000-05:00,2019-01-30 15:00:00-05:00,-0.3649259102177797,0.000811209439528,0.4074074074074074,-0.5471924575228384,1.3633491790039658,,2.354694705064994,2.326373774577172,True,False,False,True,-2.78901131357453,0.7701161670265266,0.8947369585306483,ES
20190130_a17,20190130,2019-01-30,17,additional_2018_2022,contaminated_2016_2022,9.3,2019-01-30 15:00:50.246000-05:00,2019-01-30 15:01:00-05:00,-0.6649259102177798,0.000811209439528,0.5897435897435898,-1.6639910600556065,3.2792860273228617,,-0.2190169084475497,-0.1497185984080146,True,False,False,True,-3.719546258245406,1.208815311492319,0.6291695227268201,ES
20190130_a18,20190130,2019-01-30,18,additional_2018_2022,contaminated_2016_2022,9.3,2019-01-30 15:02:22.746000-05:00,2019-01-30 15:03:00-05:00,-0.5077830530749226,0.000811209439528,0.7045454545454546,-1.5148312564430075,0.946602128565958,,0.816977579906648,0.6952319005370465,True,False,False,True,-4.652244791980109,0.9790205215340467,0.5332217386686936,ES
20190130_a19,20190130,2019-01-30,19,additional_2018_2022,contaminated_2016_2022,9.3,2019-01-30 15:03:40.616000-05:00,2019-01-30 15:04:00-05:00,-0.3649259102177797,0.000811209439528,0.5294117647058824,-1.5749724869314874,-0.3592299177981816,,1.4573550277904888,1.3575224987589507,True,False,False,True,-5.585552183943116,0.7701161670265266,0.3232188967639684,ES
20190130_a21,20190130,2019-01-30,21,additional_2018_2022,contaminated_2016_2022,9.3,2019-01-30 15:05:40.156000-05:00,2019-01-30 15:06:00-05:00,-0.3649259102177797,0.000811209439528,0.55,-1.7472814530572178,0.6700128393505955,,-0.1707992312497742,-0.202192422214726,True,False,False,True,2.7955085678018587,0.7701161670265266,0.06969162942867613,ES
20190130_a22,20190130,2019-01-30,22,additional_2018_2022,contaminated_2016_2022,9.3,2019-01-30 15:07:20.376000-05:00,2019-01-30 15:08:00-05:00,-0.2538147991066686,0.000811209439528,0.5952380952380952,-3.689679270009084,1.0317141297135928,,-1.4481396345982311,-1.4217571677436904,True,False,False,True,0.9317493600958573,0.6076350024095665,-1.1605897833954484,ES
20190130_a23,20190130,2019-01-30,23,additional_2018_2022,contaminated_2016_2022,9.3,2019-01-30 15:08:03.416000-05:00,2019-01-30 15:09:00-05:00,-0.1149259102177797,0.000811209439528,0.782608695652174,2.3663659421055256,1.9645146906483044,,2.376317546539287,2.4816910063023987,True,False,False,True,-10.25402094041315,0.4045335466383663,1.8073073076181583,ES
20190130_a24,20190130,2019-01-30,24,additional_2018_2022,contaminated_2016_2022,9.3,2019-01-30 15:09:44.775999999-05:00,2019-01-30 15:10:00-05:00,-0.4558350011268707,0.000811209439528,0.46875,-1.7456189856419135,3.27890697989437,,0.0080971903423209,-0.0074813609152622,True,False,False,True,-7.464079465774201,0.9030553017131304,0.24896926085137716,ES
20190130_a25,20190130,2019-01-30,25,additional_2018_2022,contaminated_2016_2022,9.3,2019-01-30 15:11:40.346000-05:00,2019-01-30 15:12:00-05:00,-0.5649259102177797,0.000811209439528,0.5573770491803278,-3.4905653354426684,2.852399071207945,,-1.878777489391042,-1.8325136174333465,True,False,False,True,4.665267171155887,1.0625822633370547,-0.5688287806163087,ES
20190130_a26,20190130,2019-01-30,26,additional_2018_2022,contaminated_2016_2022,9.3,2019-01-30 15:13:40.956000-05:00,2019-01-30 15:14:00-05:00,-0.2982592435511131,0.000811209439528,0.4857142857142857,-1.3401039423499197,0.7904387862195441,,-0.3973505111981135,-0.2547864950723086,True,False,False,True,0.9327923144670381,0.6726274682563507,0.11708617393290288,ES
20190130_a27,20190130,2019-01-30,27,additional_2018_2022,contaminated_2016_2022,9.3,2019-01-30 15:14:56.616000-05:00,2019-01-30 15:15:00-05:00,-0.3649259102177797,0.000811209439528,0.5333333333333333,-2.5495137199544997,2.441898056919915,,2.107622607838881,2.005317669154001,True,False,False,True,5.594927411895778,0.7701161670265266,-0.0584846750175102,ES
20190130_a28,20190130,2019-01-30,28,additional_2018_2022,contaminated_2016_2022,9.3,2019-01-30 15:16:15.186000-05:00,2019-01-30 15:17:00-05:00,-0.5315925768844465,0.000811209439528,0.4722222222222222,-2.614109650377355,2.7088087280878987,,0.0496636011820069,0.1342635993523314,True,False,False,True,-2.7978549961019294,1.013837913951967,-0.015763359253932907,ES
20190130_a29,20190130,2019-01-30,29,additional_2018_2022,contaminated_2016_2022,9.3,2019-01-30 15:18:02.045999999-05:00,2019-01-30 15:19:00-05:00,-0.3649259102177797,0.000811209439528,0.5238095238095238,-1.338148664502634,2.012364217814164,,-0.1326848394459897,-0.0974568103292985,True,False,False,True,4.663526643304248,0.7701161670265266,0.26314251270989725,ES
20190320_a00,20190320,2019-03-20,0,additional_2018_2022,contaminated_2016_2022,9.4,2019-03-20 14:40:02.566000-04:00,2019-03-20 14:41:00-04:00,-0.2096251165804209,0.0011400411885849,0.5471698113207547,-2.215349491746957,-2.505393034211289,,-2.363071646716835,-2.242242077089387,True,False,False,True,0.0,0.5430150826813003,-0.6532758503642342,ES
20190320_a01,20190320,2019-03-20,1,additional_2018_2022,contaminated_2016_2022,9.4,2019-03-20 14:42:58.206000-04:00,2019-03-20 14:43:00-04:00,-0.3005342074895118,0.0011400411885849,0.594059405940594,-1.9014986595441623,-2.14593562241326,,-1.8958419162706757,-1.8750912987874968,True,False,False,True,6.148171112820003,0.6759542173679041,-0.2987168318717611,ES
20190320_a03,20190320,2019-03-20,3,additional_2018_2022,contaminated_2016_2022,9.4,2019-03-20 14:44:54.006000-04:00,2019-03-20 14:45:00-04:00,-0.11871602567133,0.0011400411885849,0.5909090909090909,-0.1839562579458724,-2.1683391857290286,,0.1384653453871061,0.2117877511923444,True,False,False,True,2.6351618581047713,0.41007594799469665,0.3945991280073211,ES
20190320_a04,20190320,2019-03-20,4,additional_2018_2022,contaminated_2016_2022,9.4,2019-03-20 14:46:44.795999999-04:00,2019-03-20 14:47:00-04:00,-0.0660844467239615,0.0011400411885849,0.5686274509803921,-1.0788838960079177,-0.9263760344251531,,-0.0727295525178645,-0.2065431296936259,True,False,False,True,-4.389237659897782,0.3331111858077155,-0.13448608169833504,ES
20190320_a05,20190320,2019-03-20,5,additional_2018_2022,contaminated_2016_2022,9.4,2019-03-20 14:48:25.886000-04:00,2019-03-20 14:49:00-04:00,-0.0010689668478005,0.0011400411885849,0.7045454545454546,-1.5705272901227516,-2.3487014009326543,,-2.12081031923174,-1.8776443606684765,True,False,False,True,-1.7559262556088466,0.2380370678120329,-0.694655996732096,ES
20190320_a06,20190320,2019-03-20,6,additional_2018_2022,contaminated_2016_2022,9.4,2019-03-20 14:49:24.496000-04:00,2019-03-20 14:50:00-04:00,-0.11871602567133,0.0011400411885849,0.7058823529411765,-3.37668665586001,-1.886079892324692,,-1.2217502542245822,-1.233945679609527,True,False,False,True,2.633773774059626,0.41007594799469665,-1.2284517956527896,ES
20190320_a07,20190320,2019-03-20,7,additional_2018_2022,contaminated_2016_2022,9.4,2019-03-20 14:50:22.146000-04:00,2019-03-20 14:51:00-04:00,0.0479506409953366,0.0011400411885849,0.5263157894736842,-0.718102965579683,-1.4047814470427942,,0.0268832337627543,0.0639947058259377,True,False,False,True,-0.8778475184498296,0.16635420106925664,-0.15682127851467667,ES
20190320_a08,20190320,2019-03-20,8,additional_2018_2022,contaminated_2016_2022,9.4,2019-03-20 14:52:15.856000-04:00,2019-03-20 14:53:00-04:00,-0.11871602567133,0.0011400411885849,0.6140350877192983,-2.9488254637871267,-1.2748539417725089,,-1.9955098562018088,-1.937082927291584,True,False,False,True,-1.7554638858383167,0.41007594799469665,-1.1129802791550574,ES
20190320_a09,20190320,2019-03-20,9,additional_2018_2022,contaminated_2016_2022,9.4,2019-03-20 14:53:45.806000-04:00,2019-03-20 14:54:00-04:00,-0.027806934762239,0.0011400411885849,0.6585365853658537,-2.167026083201626,-0.9858677796123866,,-1.997716684150944,-1.949655317529768,True,False,False,True,-7.903403265403168,0.2771368133080928,-0.9107445679688644,ES
20190320_a10,20190320,2019-03-20,10,additional_2018_2022,contaminated_2016_2022,9.4,2019-03-20 14:55:42.746000-04:00,2019-03-20 14:56:00-04:00,-0.36871602567133,0.0011400411885849,0.6086956521739131,-1.835488586217097,-2.4721364172407694,,0.4115442524224058,0.3886320536937983,True,False,False,True,2.635393347707034,0.7756585683828569,0.0976592671165194,ES
20190320_a11,20190320,2019-03-20,11,additional_2018_2022,contaminated_2016_2022,9.4,2019-03-20 14:56:50.496000-04:00,2019-03-20 14:57:00-04:00,-0.11871602567133,0.0011400411885849,0.5588235294117647,1.1481164079829491,-2.482663403290348,,1.490343186429059,1.4223864374657076,True,False,False,True,0.8783872815170063,0.41007594799469665,1.1554822076768367,ES
20190320_a12,20190320,2019-03-20,12,additional_2018_2022,contaminated_2016_2022,9.4,2019-03-20 14:58:02.326000-04:00,2019-03-20 14:59:00-04:00,0.3812839743286699,0.0011400411885849,0.52,-0.949945225668781,-1.3117304604306916,,1.5140091327284677,1.4365550860619003,True,False,False,True,4.393480146239216,-0.32108929278162357,-0.689944635096269,ES
20190320_a13,20190320,2019-03-20,13,additional_2018_2022,contaminated_2016_2022,9.4,2019-03-20 14:59:51.046000-04:00,2019-03-20 15:00:00-04:00,-0.11871602567133,0.0011400411885849,0.6904761904761905,-0.9847656713042264,-2.328973282076678,,0.4291358823190511,0.4794287468500564,True,False,False,True,1.7566974133890567,0.41007594799469665,0.05493553893937442,ES
20190320_a14,20190320,2019-03-20,14,additional_2018_2022,contaminated_2016_2022,9.4,2019-03-20 15:01:54.536000-04:00,2019-03-20 15:02:00-04:00,0.0351301281748238,0.0011400411885849,0.5384615384615384,0.307621463284863,-2.1171436022546253,,-0.9530557594328752,-0.7652668514190287,True,False,False,True,-5.27055528715156,0.18510202775582893,0.23587134239325586,ES
20190320_a15,20190320,2019-03-20,15,additional_2018_2022,contaminated_2016_2022,9.4,2019-03-20 15:02:42.926000-04:00,2019-03-20 15:03:00-04:00,-0.2615731685284728,0.0011400411885849,0.5217391304347826,-1.0352472190281012,-3.6710251290214937,,0.6744270832495128,0.6928737495520881,True,False,False,True,-8.790436571670075,0.6189803025022167,0.30825670458841653,ES
20190320_a16,20190320,2019-03-20,16,additional_2018_2022,contaminated_2016_2022,9.4,2019-03-20 15:04:21.875999999-04:00,2019-03-20 15:05:00-04:00,-0.11871602567133,0.0011400411885849,0.62,0.319810989128673,-1.964971771204585,,0.1205112241858351,0.0451852238375907,True,False,False,True,-7.040394552889167,0.41007594799469665,0.6258712595699889,ES
20190320_a17,20190320,2019-03-20,17,additional_2018_2022,contaminated_2016_2022,9.4,2019-03-20 15:05:17.465999999-04:00,2019-03-20 15:06:00-04:00,-0.2853826923379966,0.0011400411885849,0.5925925925925926,1.6146843421080084,-2.2892886362621856,,1.777124762561794,1.7035883602954636,True,False,False,True,6.16007411568245,0.6537976949201367,1.6943195842966579,ES
20190320_a18,20190320,2019-03-20,18,additional_2018_2022,contaminated_2016_2022,9.4,2019-03-20 15:06:37.786000-04:00,2019-03-20 15:07:00-04:00,0.3812839743286699,0.0011400411885849,0.4814814814814814,-1.878341921797232,-3.1356714932260688,,-0.5836258254523149,-0.3858234343201278,True,False,False,True,0.0,-0.32108929278162357,-1.34356266187424,ES
20190320_a19,20190320,2019-03-20,19,additional_2018_2022,contaminated_2016_2022,9.4,2019-03-20 15:07:19.886000-04:00,2019-03-20 15:08:00-04:00,-0.11871602567133,0.0011400411885849,0.4285714285714285,0.3513377308564274,-3.7186043469500847,,-0.0671336562746548,-0.1165703119113287,True,False,False,True,0.8797782964375552,0.41007594799469665,0.6204379440521836,ES
20190320_a21,20190320,2019-03-20,21,additional_2018_2022,contaminated_2016_2022,9.4,2019-03-20 15:08:59.156000-04:00,2019-03-20 15:09:00-04:00,-0.11871602567133,0.0011400411885849,0.8,0.0316145131812372,0.3338437043803383,,0.7012886742425753,0.9269878879030928,True,False,False,True,2.638870578712817,0.41007594799469665,0.5544526768512764,ES
20190320_a22,20190320,2019-03-20,22,additional_2018_2022,contaminated_2016_2022,9.4,2019-03-20 15:10:41.920615384-04:00,2019-03-20 15:11:00-04:00,-0.11871602567133,0.0011400411885849,0.6216216216216216,-1.7005590793991092,-2.1065915980024967,,-2.066374537708873,-2.039264727389916,True,False,False,True,-1.7594791986972054,0.41007594799469665,-0.5427346551850947,ES
20190320_a23,20190320,2019-03-20,23,additional_2018_2022,contaminated_2016_2022,9.4,2019-03-20 15:11:57.846000-04:00,2019-03-20 15:12:00-04:00,-0.11871602567133,0.0011400411885849,0.64,-3.1948131869936343,-1.2821525575317865,,-1.6873850820897622,-1.6893413574223104,True,False,False,True,-2.6397993905768358,0.41007594799469665,-1.193960183764037,ES
20190320_a25,20190320,2019-03-20,25,additional_2018_2022,contaminated_2016_2022,9.4,2019-03-20 15:13:59.246000-04:00,2019-03-20 15:14:00-04:00,-0.11871602567133,0.0011400411885849,0.65,-2.096738192870143,-0.5668868084751801,,-1.408579289172227,-1.3433306651913088,True,False,False,True,0.8795461547517642,0.41007594799469665,-0.6559173656276576,ES
20190320_a26,20190320,2019-03-20,26,additional_2018_2022,contaminated_2016_2022,9.4,2019-03-20 15:15:17.456000-04:00,2019-03-20 15:16:00-04:00,-0.21871602567133,0.0011400411885849,0.5853658536585366,-0.2800071965603088,-3.1842661056780326,,0.3616219030635274,0.4154273981927581,True,False,False,True,0.8793914616763364,0.5563089961499608,0.5493115414414194,ES
20190320_a27,20190320,2019-03-20,27,additional_2018_2022,contaminated_2016_2022,9.4,2019-03-20 15:16:13.045999999-04:00,2019-03-20 15:17:00-04:00,-0.11871602567133,0.0011400411885849,0.6190476190476191,-1.4466673605748894,-2.622532382558456,,-0.1499853883855861,-0.1125405637977713,True,False,False,True,0.0,0.41007594799469665,-0.22068130417060533,ES
20190619_a00,20190619,2019-06-19,0,additional_2018_2022,contaminated_2016_2022,8.8,2019-06-19 14:39:34.436000-04:00,2019-06-19 14:40:00-04:00,0.0150341883651257,0.0014551275055476,0.5869565217391305,-0.4429784644029879,0.1720839411570775,,-1.717189819108753,-1.783360315002218,True,False,False,True,1.7089635177881866,0.2144889330949976,-0.1578869641601412,ES
20190619_a01,20190619,2019-06-19,1,additional_2018_2022,contaminated_2016_2022,8.8,2019-06-19 14:40:32.335999999-04:00,2019-06-19 14:41:00-04:00,0.2650341883651257,0.0014551275055476,0.6153846153846154,3.0190058839726737,0.9682631443897824,,1.3364681474083415,1.305802684832661,True,False,False,True,2.5628977971214004,-0.15109368729316264,1.3321424737820835,ES
20190619_a02,20190619,2019-06-19,2,additional_2018_2022,contaminated_2016_2022,8.8,2019-06-19 14:42:21.116000-04:00,2019-06-19 14:43:00-04:00,0.0150341883651257,0.0014551275055476,0.7037037037037037,1.1800296153260408,-1.181964220040146,,1.3416479688109482,1.324014821100575,True,False,False,True,5.125576739585047,0.2144889330949976,0.9198449216513014,ES
20190619_a04,20190619,2019-06-19,4,additional_2018_2022,contaminated_2016_2022,8.8,2019-06-19 14:43:42.046000-04:00,2019-06-19 14:44:00-04:00,0.0150341883651257,0.0014551275055476,0.56,-0.2157809265719393,-0.8811791383428778,,-1.450847541388946,-1.355151586676001,True,False,False,True,0.8540074303828168,0.2144889330949976,-0.02429392302566047,ES
20190619_a05,20190619,2019-06-19,5,additional_2018_2022,contaminated_2016_2022,8.8,2019-06-19 14:44:22.476000-04:00,2019-06-19 14:45:00-04:00,0.3483675216984591,0.0014551275055476,0.55,-0.1586148497856082,-3.689555244882444,,-1.322374833904564,-1.388637233126342,True,False,False,True,1.7077960932970269,-0.27295456075588276,-0.56864291666366,ES
20190619_a06,20190619,2019-06-19,6,additional_2018_2022,contaminated_2016_2022,8.8,2019-06-19 14:45:12.185999999-04:00,2019-06-19 14:46:00-04:00,0.0150341883651257,0.0014551275055476,0.65,0.027606014206644,-0.9754797305723584,,0.8019176229117818,0.820740660094891,True,False,False,True,-4.270037214203114,0.2144889330949976,0.32879714513886804,ES
20190619_a07,20190619,2019-06-19,7,additional_2018_2022,contaminated_2016_2022,8.8,2019-06-19 14:46:19.826000-04:00,2019-06-19 14:47:00-04:00,0.0150341883651257,0.0014551275055476,0.6896551724137931,1.223595942029367,0.650887760369797,,-2.157362483462489,-2.0283296504750234,True,False,False,True,-1.7085255466132983,0.2144889330949976,0.5665738590719854,ES
20190619_a11,20190619,2019-06-19,11,additional_2018_2022,contaminated_2016_2022,8.8,2019-06-19 14:49:40.076000-04:00,2019-06-19 14:50:00-04:00,0.0150341883651257,0.0014551275055476,0.5060240963855421,1.6015409710627622,-0.9154586402366336,,0.8539183876004274,0.8982912338699913,True,False,False,True,3.4173430490626453,0.2144889330949976,1.062904176062825,ES
20190619_a12,20190619,2019-06-19,12,additional_2018_2022,contaminated_2016_2022,8.8,2019-06-19 14:51:27.246000-04:00,2019-06-19 14:52:00-04:00,0.0150341883651257,0.0014551275055476,0.6585365853658537,1.6021279062365907,1.1406527315657358,,1.8048727652003749,1.8085383095206875,True,False,False,True,5.121639036410762,0.2144889330949976,1.1646679748933297,ES
20190619_a13,20190619,2019-06-19,13,additional_2018_2022,contaminated_2016_2022,8.8,2019-06-19 14:52:55.735999999-04:00,2019-06-19 14:53:00-04:00,0.1817008550317923,0.0014551275055476,0.6764705882352942,0.2915492195664143,1.2582919038071554,,-0.1771829345382341,-0.1962434712379922,True,False,False,True,-1.7069215710982877,-0.02923281383044246,0.054216493648643005,ES
20190619_a14,20190619,2019-06-19,14,additional_2018_2022,contaminated_2016_2022,8.8,2019-06-19 14:54:26.256000-04:00,2019-06-19 14:55:00-04:00,0.0150341883651257,0.0014551275055476,0.5333333333333333,-1.2510599417660129,-0.6030929094617531,,-1.820418374884962,-1.7568071781242136,True,False,False,True,-3.4141345500633085,0.2144889330949976,-0.5429562165218635,ES
20190619_a15,20190619,2019-06-19,15,additional_2018_2022,contaminated_2016_2022,8.8,2019-06-19 14:57:24.276000-04:00,2019-06-19 14:58:00-04:00,0.0534957268266641,0.0014551275055476,0.580952380952381,1.666436620810675,0.6706081763538463,,1.7037244944132297,1.774111131739711,True,False,False,True,-2.560491628379453,0.15824545303528073,1.116195715976735,ES
20190619_a17,20190619,2019-06-19,17,additional_2018_2022,contaminated_2016_2022,8.8,2019-06-19 14:59:46.855999999-04:00,2019-06-19 15:00:00-04:00,0.3483675216984591,0.0014551275055476,0.6190476190476191,0.0932468574795932,-1.4813483627153978,,-2.1856048698238464,-2.3744791449312728,True,False,False,True,0.8535700572811922,-0.27295456075588276,-0.5441884982739508,ES
20190619_a18,20190619,2019-06-19,18,additional_2018_2022,contaminated_2016_2022,8.8,2019-06-19 15:00:36.236000-04:00,2019-06-19 15:01:00-04:00,0.5150341883651257,0.0014551275055476,0.6111111111111112,-0.0882241652132476,0.1387352833841177,,-2.027663062380866,-1.8424463673846423,True,False,False,True,7.678853668559566,-0.5166763076813229,-0.9035938448130478,ES
20190619_a20,20190619,2019-06-19,20,additional_2018_2022,contaminated_2016_2022,8.8,2019-06-19 15:02:54.236000-04:00,2019-06-19 15:03:00-04:00,0.0150341883651257,0.0014551275055476,0.4615384615384615,0.2535241595199017,-0.8287528716294554,,-1.9735433244537024,-1.9671156733786936,True,False,False,True,-1.705611465844294,0.2144889330949976,0.1371566997853389,ES
20190619_a21,20190619,2019-06-19,21,additional_2018_2022,contaminated_2016_2022,8.8,2019-06-19 15:06:00.306000-04:00,2019-06-19 15:07:00-04:00,-0.0849658116348742,0.0014551275055476,0.6105263157894737,2.3142328618281907,-0.1329871016561566,,1.27359682604721,1.261609101455673,True,False,False,True,0.0,0.36072198125026156,1.6129488523866289,ES
20190619_a22,20190619,2019-06-19,22,additional_2018_2022,contaminated_2016_2022,8.8,2019-06-19 15:07:12.106000-04:00,2019-06-19 15:08:00-04:00,0.1578913312222686,0.0014551275055476,0.7741935483870968,0.9444184024497068,1.3898080604385288,,-0.2793900265854754,-0.2442029036589136,True,False,False,True,-0.852914836970611,0.005584578587477407,0.3872658093123441,ES
20190619_a23,20190619,2019-06-19,23,additional_2018_2022,contaminated_2016_2022,8.8,2019-06-19 15:10:30.046000-04:00,2019-06-19 15:11:00-04:00,0.0150341883651257,0.0014551275055476,0.6352941176470588,-1.110147526977173,0.7636396683430734,,-1.578612654165504,-1.566951920104266,True,False,False,True,1.7054660227230098,0.2144889330949976,-0.45192231201633964,ES
20190619_a24,20190619,2019-06-19,24,additional_2018_2022,contaminated_2016_2022,8.8,2019-06-19 15:11:45.616000-04:00,2019-06-19 15:12:00-04:00,-0.0849658116348743,0.0014551275055476,0.6071428571428571,1.4073426482801883,0.5655873021472823,,0.0258385258546266,0.0459404891664693,True,False,False,True,5.967350247407901,0.36072198125026167,1.0599903728568167,ES
20190619_a25,20190619,2019-06-19,25,additional_2018_2022,contaminated_2016_2022,8.8,2019-06-19 15:13:46.806000-04:00,2019-06-19 15:14:00-04:00,0.2877614610923984,0.0014551275055476,0.543859649122807,0.1871631508624296,0.8478925770436105,,-0.0982127777824018,-0.0968958826314146,True,False,False,True,0.8520427730618446,-0.18432847096481353,-0.17165872445084912,ES
20190619_a26,20190619,2019-06-19,26,additional_2018_2022,contaminated_2016_2022,8.8,2019-06-19 15:14:50.476000-04:00,2019-06-19 15:15:00-04:00,0.2650341883651257,0.0014551275055476,0.5769230769230769,-1.2566441649446796,-0.8633871166764884,,-0.2649551716278718,-0.3303029221575935,True,False,False,True,0.0,-0.15109368729316264,-0.8179233125239418,ES
20190918_a00,20190918,2019-09-18,0,additional_2018_2022,contaminated_2016_2022,9.4,2019-09-18 14:40:02.026000-04:00,2019-09-18 14:41:00-04:00,-0.6544015257136853,-0.0007255314517884,0.7045454545454546,0.6039069401445182,0.7634139415481391,-0.7530702881000387,2.1384022135625496,2.019529608489336,True,False,False,True,2.5124576154936635,1.1934251832324012,1.9120986329092846,ES
20190918_a01,20190918,2019-09-18,1,additional_2018_2022,contaminated_2016_2022,9.4,2019-09-18 14:41:26.096000-04:00,2019-09-18 14:42:00-04:00,-0.1884924348045943,-0.0007255314517884,0.5681818181818182,-2.461746321779758,2.225036434685442,-0.2199599503810015,-1.551368786748835,-1.5500187455152528,True,False,False,True,9.207718392140036,0.5121121179635572,-0.7177575086602797,ES
20190918_a02,20190918,2019-09-18,2,additional_2018_2022,contaminated_2016_2022,9.4,2019-09-18 14:42:30.995999999-04:00,2019-09-18 14:43:00-04:00,-0.4044015257136852,-0.0007255314517884,0.5862068965517241,-1.7245792603915566,3.142683832519944,0.0143976567686324,-1.1739246862027397,-1.1686477469507632,True,False,False,True,-3.3470002822700726,0.827842562844241,0.0423631671460315,ES
20190918_a03,20190918,2019-09-18,3,additional_2018_2022,contaminated_2016_2022,9.4,2019-09-18 14:43:44.646000-04:00,2019-09-18 14:44:00-04:00,-0.2794015257136852,-0.0007255314517884,0.6956521739130435,-2.5547858668423653,1.5715776718735706,-0.0802816682068,-1.2217074360404638,-1.202711548783746,True,False,False,True,0.8368550990272821,0.6450512526501608,-0.5662257704204996,ES
20190918_a04,20190918,2019-09-18,4,additional_2018_2022,contaminated_2016_2022,9.4,2019-09-18 14:45:19.446000-04:00,2019-09-18 14:46:00-04:00,-0.2794015257136852,-0.0007255314517884,0.6122448979591837,-0.0030655872694602,0.8718354275420109,0.3039280501773865,-0.2989065291593585,-0.3330102044613323,True,False,False,True,-6.700728954964761,0.6450512526501608,0.7134248489036399,ES
20190918_a05,20190918,2019-09-18,5,additional_2018_2022,contaminated_2016_2022,9.4,2019-09-18 14:48:39.306000-04:00,2019-09-18 14:49:00-04:00,-0.23592326484412,-0.0007255314517884,0.64,1.087236419925013,1.443168990540127,0.0865384739391141,1.6492208519200933,1.6379171770276828,True,False,False,True,7.543058648729825,0.5814716664956983,1.349788629644637,ES
20190918_a06,20190918,2019-09-18,6,additional_2018_2022,contaminated_2016_2022,9.4,2019-09-18 14:49:25.426000-04:00,2019-09-18 14:50:00-04:00,-0.2794015257136852,-0.0007255314517884,0.5384615384615384,0.7220165081128124,1.310807870523573,-0.1195990112674161,1.6472535652720548,1.647700657213985,True,False,False,True,5.862892248847972,0.6450512526501608,1.2567643900344363,ES
20190918_a07,20190918,2019-09-18,7,additional_2018_2022,contaminated_2016_2022,9.4,2019-09-18 14:51:27.196000-04:00,2019-09-18 14:52:00-04:00,-0.2794015257136852,-0.0007255314517884,0.5303030303030303,0.375444474577049,0.2484037164206259,0.332109375905147,1.6750050604537905,1.6396205703696705,True,False,False,True,5.020500481991572,0.6450512526501608,1.0993018328035415,ES
20190918_a09,20190918,2019-09-18,9,additional_2018_2022,contaminated_2016_2022,9.4,2019-09-18 14:52:43.165999999-04:00,2019-09-18 14:53:00-04:00,-0.2794015257136852,-0.0007255314517884,0.4210526315789473,-0.7791246635053221,1.3852330538283275,-0.6888678410019949,2.006789342971313,1.9505653709600648,True,False,False,True,5.0179812042315906,0.6450512526501608,0.6002746907205764,ES
20190918_a10,20190918,2019-09-18,10,additional_2018_2022,contaminated_2016_2022,9.4,2019-09-18 14:53:10.136000-04:00,2019-09-18 14:54:00-04:00,-0.2794015257136852,-0.0007255314517884,0.3333333333333333,1.893598952024086,1.2072922511899422,-0.1901572295251909,1.6223734635814189,1.5840564065130354,True,False,False,True,0.8361553581516684,0.6450512526501608,1.7964216391897831,ES
20190918_a11,20190918,2019-09-18,11,additional_2018_2022,contaminated_2016_2022,9.4,2019-09-18 14:54:10.596000-04:00,2019-09-18 14:55:00-04:00,-0.7794015257136852,-0.0007255314517884,0.65625,-2.021298145509109,2.2856071119670447,-0.5429867660464882,-1.703476073358415,-1.5871075064003302,True,False,False,True,-2.508675850427368,1.3762164934264811,0.5060852942380268,ES
20190918_a12,20190918,2019-09-18,12,additional_2018_2022,contaminated_2016_2022,9.4,2019-09-18 14:55:23.946000-04:00,2019-09-18 14:56:00-04:00,-0.2794015257136852,-0.0007255314517884,0.5652173913043478,1.811944244105635,1.6996356915607558,-0.5834919027081081,1.2531976625258692,1.1075836755540478,True,False,False,True,0.8362952126970002,0.6450512526501608,1.7192237012558786,ES
20190918_a13,20190918,2019-09-18,13,additional_2018_2022,contaminated_2016_2022,9.4,2019-09-18 14:56:38.086000-04:00,2019-09-18 14:57:00-04:00,-0.0294015257136852,-0.0007255314517884,0.5384615384615384,-0.9890512950743856,0.9965123922027695,0.5928858971395721,-1.9162374943691765,-1.8964893847486763,True,False,False,True,-2.5090954842462776,0.2794686322620006,-0.35398078864897387,ES
20190918_a15,20190918,2019-09-18,15,additional_2018_2022,contaminated_2016_2022,9.4,2019-09-18 14:58:51.005999999-04:00,2019-09-18 14:59:00-04:00,-0.2794015257136852,-0.0007255314517884,0.5892857142857143,1.144876196623044,1.373374303764943,-0.2750087631728601,1.9330952477418029,1.9290216503824675,True,False,False,True,2.509725198264535,0.6450512526501608,1.4830083918989132,ES
20190918_a16,20190918,2019-09-18,16,additional_2018_2022,contaminated_2016_2022,9.4,2019-09-18 15:00:02.216000-04:00,2019-09-18 15:01:00-04:00,-0.2024784487906083,-0.0007255314517884,0.5102040816326531,-2.6984279602097057,0.5499094969269445,-0.3524442349715378,-1.2097014540256348,-1.30270844451443,True,False,False,True,-4.182175628687833,0.532564292530727,-0.7663244479580212,ES
20190918_a17,20190918,2019-09-18,17,additional_2018_2022,contaminated_2016_2022,9.4,2019-09-18 15:02:24.576000-04:00,2019-09-18 15:03:00-04:00,-0.3627348590470185,-0.0007255314517884,0.6086956521739131,1.0594469011085734,1.741352941714854,-0.8986630035952344,1.7490495936850845,1.7056267449093423,True,False,False,True,-2.5099351731846515,0.766912126112881,1.5699520459053344,ES
20190918_a18,20190918,2019-09-18,18,additional_2018_2022,contaminated_2016_2022,9.4,2019-09-18 15:04:52.666000-04:00,2019-09-18 15:05:00-04:00,-0.2079729542851138,-0.0007255314517884,0.6075949367088608,-1.04751668196901,0.8204325378532793,-0.077816570248051,-1.5565103123511352,-1.4364077981303849,True,False,False,True,0.0,0.5405990753964008,-0.029514536265658503,ES
20190918_a19,20190918,2019-09-18,19,additional_2018_2022,contaminated_2016_2022,9.4,2019-09-18 15:06:27.746000-04:00,2019-09-18 15:07:00-04:00,-0.2794015257136852,-0.0007255314517884,0.5849056603773585,1.1380453688479055,0.6737488294406417,-0.6155833265227614,0.0158814989270572,0.0134463307519441,True,False,False,True,6.688963460101634,0.6450512526501608,1.2752288012134838,ES
20190918_a21,20190918,2019-09-18,21,additional_2018_2022,contaminated_2016_2022,9.4,2019-09-18 15:09:05.296000-04:00,2019-09-18 15:10:00-04:00,-0.3905126368247963,-0.0007255314517884,0.5131578947368421,-1.1771694406973237,0.8845984151361754,0.1507163136938505,-0.0467741907632535,-0.0775631176534911,True,False,False,True,3.341408434730247,0.807532417267121,0.3916949870264811,ES
20190918_a22,20190918,2019-09-18,22,additional_2018_2022,contaminated_2016_2022,9.4,2019-09-18 15:10:52.226000-04:00,2019-09-18 15:11:00-04:00,-0.3703106166227761,-0.0007255314517884,0.4444444444444444,-1.387943352851867,0.6612206292552155,-0.221362831357412,-1.648275632816551,-1.7193372183401188,True,False,False,True,1.6701461416684458,0.7779903873367646,0.087781708264345,ES
20190918_a23,20190918,2019-09-18,23,additional_2018_2022,contaminated_2016_2022,9.4,2019-09-18 15:12:55.686000-04:00,2019-09-18 15:13:00-04:00,-0.4460681923803519,-0.0007255314517884,0.547945205479452,-0.1368414574033908,1.595410117968085,-0.4734773017286526,0.2225531312758052,0.2630780185819206,True,False,False,True,-2.5049054529170514,0.8887729995756011,0.9994160770990494,ES
20190918_a24,20190918,2019-09-18,24,additional_2018_2022,contaminated_2016_2022,9.4,2019-09-18 15:15:15.346000-04:00,2019-09-18 15:16:00-04:00,-0.2079729542851138,-0.0007255314517884,0.5660377358490566,0.3888966382915083,1.4395112283041631,-0.2498620141638817,-0.706029658367481,-0.7073010086815362,True,False,False,True,5.010020144874683,0.5405990753964008,0.7261542744039235,ES
20190918_a25,20190918,2019-09-18,25,additional_2018_2022,contaminated_2016_2022,9.4,2019-09-18 15:16:14.596000-04:00,2019-09-18 15:17:00-04:00,-0.2794015257136852,-0.0007255314517884,0.6666666666666666,2.1432279641446303,0.7494845587551858,-0.0382093454203703,1.5080963027676482,1.554955323011182,True,False,False,True,2.5040691253925464,0.6450512526501608,1.8997757500909633,ES
20190918_a26,20190918,2019-09-18,26,additional_2018_2022,contaminated_2016_2022,9.4,2019-09-18 15:18:35.106000-04:00,2019-09-18 15:19:00-04:00,-0.2794015257136852,-0.0007255314517884,0.5,0.5642151805165206,0.5280614291760947,-0.189972445588392,-0.2497524863677616,-0.3048036962351872,True,False,False,True,3.337226795530057,0.6450512526501608,0.9812589152507974,ES
20190918_a27,20190918,2019-09-18,27,additional_2018_2022,contaminated_2016_2022,9.4,2019-09-18 15:19:38.996000-04:00,2019-09-18 15:20:00-04:00,-0.0294015257136852,-0.0007255314517884,0.5833333333333334,-0.9744591329353732,1.9265054224498328,-0.2224224784386053,-1.6837757455344091,-1.617388116524143,True,False,False,True,3.336113458799069,0.2794686322620006,-0.3224163888695566,ES
20190918_a28,20190918,2019-09-18,28,additional_2018_2022,contaminated_2016_2022,9.4,2019-09-18 15:20:57.986000-04:00,2019-09-18 15:21:00-04:00,0.0063127600006004,-0.0007255314517884,0.5185185185185185,1.5595127752638624,-1.0660968938398925,-0.3814715436996879,1.5988925395620128,1.5866875647214267,True,False,False,True,-5.004170246211824,0.22724254363512075,1.1382519339372827,ES
20190918_a29,20190918,2019-09-18,29,additional_2018_2022,contaminated_2016_2022,9.4,2019-09-18 15:22:36.946000-04:00,2019-09-18 15:23:00-04:00,-0.4794015257136852,-0.0007255314517884,0.5490196078431373,-2.3471273966180566,1.1022901997297103,-0.3551586628596114,-1.1991587467250782,-1.219669213279049,True,False,False,True,-0.8344807448413595,0.9375173489606891,-0.1169832089011198,ES
20191030_a01,20191030,2019-10-30,1,additional_2018_2022,contaminated_2016_2022,8.7,2019-10-30 14:39:38.036000-04:00,2019-10-30 14:40:00-04:00,-0.4940924653966257,-0.0001814552712756,0.5555555555555556,-0.1730045936318096,-0.4894115622174868,-1.5210229857746234,-0.6239889409484217,-0.5621769990406599,True,False,False,True,1.6503011837098485,0.9590003578617042,0.9765417467215958,ES
20191030_a02,20191030,2019-10-30,2,additional_2018_2022,contaminated_2016_2022,8.7,2019-10-30 14:41:50.956000-04:00,2019-10-30 14:42:00-04:00,-0.3274257987299591,-0.0001814552712756,0.5972222222222222,2.7512683513648284,-0.3536231415396599,-0.5864493785211973,1.8707635668474232,1.823144056261323,True,False,False,True,-2.4749412327789324,0.7152786109362641,2.3041509225802455,ES
20191030_a03,20191030,2019-10-30,3,additional_2018_2022,contaminated_2016_2022,8.7,2019-10-30 14:42:59.916000-04:00,2019-10-30 14:43:00-04:00,-0.2718702431744035,-0.0001814552712756,0.4722222222222222,3.3183978875968725,-2.114974665027015,-0.6981986935296683,2.474091648127491,2.482488930611365,True,False,False,True,5.773434116409415,0.634038028627784,2.533639755563408,ES
20191030_a04,20191030,2019-10-30,4,additional_2018_2022,contaminated_2016_2022,8.7,2019-10-30 14:44:48.205999999-04:00,2019-10-30 14:45:00-04:00,0.0892408679367075,-0.0001814552712756,0.6,1.6069002452339591,-1.3053984006446582,-0.8283926420274189,0.3469943289452062,0.38224685660691,True,False,False,True,1.6481252612492063,0.10597424362266389,0.8811563424862795,ES
20191030_a05,20191030,2019-10-30,5,additional_2018_2022,contaminated_2016_2022,8.7,2019-10-30 14:46:12.936000-04:00,2019-10-30 14:47:00-04:00,-0.1607591320632924,-0.0001814552712756,0.5925925925925926,1.8735274925754148,-0.8875281337879541,-0.040296895158402,0.7110309003829208,0.729777748601216,True,False,False,True,1.6478536743218808,0.471556864010824,1.4818190364506016,ES
20191030_a08,20191030,2019-10-30,8,additional_2018_2022,contaminated_2016_2022,8.7,2019-10-30 14:48:46.266000-04:00,2019-10-30 14:49:00-04:00,-0.1607591320632924,-0.0001814552712756,0.65,1.4033086925692304,-0.7264347979857393,1.636141336394057,1.9165728817285383,1.967006651834451,True,False,False,True,2.4712714817484907,0.471556864010824,1.3928233081959007,ES
20191030_a10,20191030,2019-10-30,10,additional_2018_2022,contaminated_2016_2022,8.7,2019-10-30 14:50:35.466000-04:00,2019-10-30 14:51:00-04:00,-0.1607591320632924,-0.0001814552712756,0.5454545454545454,-0.9866189526150624,0.6948362526313895,-0.3926714460079867,-1.1664396706334477,-1.120931179041,True,False,False,True,9.048657714431942,0.471556864010824,-0.04248729287012323,ES
20191030_a11,20191030,2019-10-30,11,additional_2018_2022,contaminated_2016_2022,8.7,2019-10-30 14:51:38.176000-04:00,2019-10-30 14:52:00-04:00,-0.3607591320632924,-0.0001814552712756,0.5909090909090909,-0.8564056180916098,-0.994833945054354,0.2809858629640524,-1.10548781425282,-1.1435591914818943,True,False,False,True,-6.5800298475451156,0.7640229603213522,0.37500540665331983,ES
20191030_a12,20191030,2019-10-30,12,additional_2018_2022,contaminated_2016_2022,8.7,2019-10-30 14:53:16.196000-04:00,2019-10-30 14:54:00-04:00,0.0267408679367075,-0.0001814552712756,0.6610169491525424,2.484222278310246,-0.8552559997260093,-1.4020365015622056,1.8519898511966928,1.851383573363384,True,False,False,True,-3.290285461945042,0.19736989871970392,1.55747996092334,ES
20191030_a13,20191030,2019-10-30,13,additional_2018_2022,contaminated_2016_2022,8.7,2019-10-30 14:55:35.786000-04:00,2019-10-30 14:56:00-04:00,-0.1607591320632924,-0.0001814552712756,0.5263157894736842,2.027330964947934,-1.5488671297467054,-1.1525208005345888,2.712027585664561,2.7297007291679947,True,False,False,True,-2.466800982783764,0.471556864010824,1.7665725132336578,ES
20191030_a14,20191030,2019-10-30,14,additional_2018_2022,contaminated_2016_2022,8.7,2019-10-30 14:57:04.735999999-04:00,2019-10-30 14:58:00-04:00,-0.0496480209521813,-0.0001814552712756,0.5142857142857142,3.252155048939466,-1.0803260934174768,-0.235618781470173,2.0939928396282173,2.1388509765431034,True,False,False,True,-3.2897442520561584,0.30907569939386387,2.072728697221963,ES
20191030_a15,20191030,2019-10-30,15,additional_2018_2022,contaminated_2016_2022,8.7,2019-10-30 14:58:20.416000-04:00,2019-10-30 14:59:00-04:00,-0.1607591320632924,-0.0001814552712756,0.5348837209302325,1.3243252571696795,-0.3594601521125591,-0.4022210857779506,1.6461566161151833,1.6492012051703593,True,False,False,True,1.644872114901837,0.471556864010824,1.327402140839562,ES
20191030_a16,20191030,2019-10-30,16,additional_2018_2022,contaminated_2016_2022,8.7,2019-10-30 14:59:30.636000-04:00,2019-10-30 15:00:00-04:00,-0.2857591320632924,-0.0001814552712756,0.7027027027027027,2.771601417127347,-0.4292788579343746,-0.5723186595911995,2.1210807217533065,2.112659829138691,True,False,False,True,0.0,0.6543481742049041,2.2672131206341404,ES
20191030_a18,20191030,2019-10-30,18,additional_2018_2022,contaminated_2016_2022,8.7,2019-10-30 15:01:48.455999999-04:00,2019-10-30 15:02:00-04:00,-0.1607591320632924,-0.0001814552712756,0.6666666666666666,2.20923828860364,-1.5532716858868447,-1.5918427384264224,2.1954841899482,2.0576471876069,True,False,False,True,1.6443311720022955,0.471556864010824,1.7956464985491494,ES
20191030_a19,20191030,2019-10-30,19,additional_2018_2022,contaminated_2016_2022,8.7,2019-10-30 15:02:45.556000-04:00,2019-10-30 15:03:00-04:00,0.0392408679367075,-0.0001814552712756,0.6190476190476191,0.7019759587033935,-1.7906614905047278,-0.8448299832917244,0.6109283132646119,0.6514772399937888,True,False,False,True,4.109983206923049,0.17909076770029592,0.5781239228892672,ES
20191030_a20,20191030,2019-10-30,20,additional_2018_2022,contaminated_2016_2022,8.7,2019-10-30 15:04:09.116000-04:00,2019-10-30 15:05:00-04:00,-0.3036162749204353,-0.0001814552712756,0.5,3.503677153151591,0.150307663122353,-0.0913900463568623,1.4950268869592287,1.4526749439890771,True,False,False,True,-0.8218615167970189,0.6804612185183442,2.5705800113429413,ES
20191030_a21,20191030,2019-10-30,21,additional_2018_2022,contaminated_2016_2022,8.7,2019-10-30 15:05:11.225999999-04:00,2019-10-30 15:06:00-04:00,-0.0607591320632924,-0.0001814552712756,0.5333333333333333,1.37754412599919,-0.1518340374828672,0.0910921679740168,0.1011351928093561,0.0531274632024346,True,False,False,True,0.0,0.32532381585555986,1.0117851111193708,ES
20191030_a22,20191030,2019-10-30,22,additional_2018_2022,contaminated_2016_2022,8.7,2019-10-30 15:06:39.536000-04:00,2019-10-30 15:07:00-04:00,0.0059075346033742,-0.0001814552712756,0.5882352941176471,0.491309357616138,-0.90665330281488,-0.0358671980962269,-0.2947041243212955,-0.2653344602576331,True,False,False,True,1.6436554935104484,0.2278351170853839,0.4424058144356753,ES
20191030_a23,20191030,2019-10-30,23,additional_2018_2022,contaminated_2016_2022,8.7,2019-10-30 15:07:15.436000-04:00,2019-10-30 15:08:00-04:00,-0.1607591320632924,-0.0001814552712756,0.5,3.534105835333744,-0.5035656969879726,-0.6984035860224185,2.0569006566956527,2.0681860072576925,True,False,False,True,-4.109307639498789,0.471556864010824,2.39412255563077,ES
20191030_a24,20191030,2019-10-30,24,additional_2018_2022,contaminated_2016_2022,8.7,2019-10-30 15:08:25.146000-04:00,2019-10-30 15:09:00-04:00,-0.1607591320632924,-0.0001814552712756,0.7727272727272727,2.495526036816364,-1.0232121662682718,-0.4037630415826731,2.475451302811911,2.4943567084348386,True,False,False,True,0.8220642036761687,0.471556864010824,1.9580458797742573,ES
20191030_a26,20191030,2019-10-30,26,additional_2018_2022,contaminated_2016_2022,8.7,2019-10-30 15:10:15.128000-04:00,2019-10-30 15:11:00-04:00,-0.5607591320632925,-0.0001814552712756,0.6666666666666666,0.4986629707280121,-0.6125864068578015,-1.182958441085515,-0.5797839123775886,-0.573738977467851,True,False,False,True,1.643385377569659,1.0564890566318805,1.4090715197401344,ES
20191030_a27,20191030,2019-10-30,27,additional_2018_2022,contaminated_2016_2022,8.7,2019-10-30 15:12:23.565999999-04:00,2019-10-30 15:13:00-04:00,-0.1607591320632924,-0.0001814552712756,0.5131578947368421,-0.9768632525080077,-1.3535039046425483,0.0556153452802778,-0.4256359828481256,-0.3859422384670338,True,False,False,True,-2.4653819412374554,0.471556864010824,0.041091960913249806,ES
20191030_a28,20191030,2019-10-30,28,additional_2018_2022,contaminated_2016_2022,8.7,2019-10-30 15:14:21.916000-04:00,2019-10-30 15:15:00-04:00,-0.1019356026515277,-0.0001814552712756,0.4615384615384615,-0.1358425312710084,-0.8198929168693744,-0.569724524674298,-0.188111018335594,-0.1492037173059082,True,False,False,True,0.8219290679843163,0.38553742391949214,0.3525904835148999,ES
20191030_a29,20191030,2019-10-30,29,additional_2018_2022,contaminated_2016_2022,8.7,2019-10-30 15:16:42.505999999-04:00,2019-10-30 15:17:00-04:00,-0.3425773138814743,-0.0001814552712756,0.6666666666666666,1.748346233638905,0.4310635218852582,-0.7868517058023256,1.8464212800603783,1.848032203685186,True,False,False,True,-0.8216589298404973,0.7374351333840314,1.863880526095482,ES
20191030_a30,20191030,2019-10-30,30,additional_2018_2022,contaminated_2016_2022,8.7,2019-10-30 15:17:32.966000-04:00,2019-10-30 15:18:00-04:00,-0.1607591320632924,-0.0001814552712756,0.7142857142857143,1.4556723326662269,0.7420308758783335,-0.3218153436699537,2.0720050990762964,2.072981884691788,True,False,False,True,-1.643520424441218,0.471556864010824,1.4336506105411384,ES
20191211_a00,20191211,2019-12-11,0,additional_2018_2022,contaminated_2016_2022,8.8,2019-12-11 14:38:42.296000-05:00,2019-12-11 14:39:00-05:00,0.3580605553030787,0.0001450957632036,0.4285714285714285,1.2799336748318335,-0.3279285004762209,-0.6397689019739791,1.071098216125703,1.1149695111681557,True,False,False,True,-2.3878696336644087,-0.287128979254632,0.3356951913551882,ES
20191211_a01,20191211,2019-12-11,1,additional_2018_2022,contaminated_2016_2022,8.8,2019-12-11 14:39:47.915999999-05:00,2019-12-11 14:40:00-05:00,-0.3328485356060121,0.0001450957632036,0.6842105263157895,0.2326613059292298,0.0804911301821092,0.3448885728893044,0.3149182206132987,0.2604915551818014,True,False,False,True,0.0,0.723208444363556,0.9817745107562484,ES
20191211_a02,20191211,2019-12-11,2,additional_2018_2022,contaminated_2016_2022,8.8,2019-12-11 14:41:54.916000-05:00,2019-12-11 14:42:00-05:00,-0.0880932908507673,0.0001450957632036,0.6,0.4440667269329973,-0.999390995773837,0.2890377893091699,2.252426214898456,2.3103104453382177,True,False,False,True,0.0,0.3652953894380844,0.8572208927658372,ES
20191211_a03,20191211,2019-12-11,3,additional_2018_2022,contaminated_2016_2022,8.8,2019-12-11 14:46:35.406000-05:00,2019-12-11 14:47:00-05:00,-0.2419394446969212,0.0001450957632036,0.5306122448979592,1.9500142558060516,0.1854387521859941,-0.267234323796956,2.4456516428891475,2.4671482414720267,True,False,False,True,0.7957032031263224,0.5902693096769522,1.8447090997747289,ES
20191211_a04,20191211,2019-12-11,4,additional_2018_2022,contaminated_2016_2022,8.8,2019-12-11 14:47:27.796000-05:00,2019-12-11 14:48:00-05:00,-0.2419394446969212,0.0001450957632036,0.5666666666666667,1.4556872065987474,-0.4819452209236218,0.7572122208849075,2.4813141888872017,2.484947252779669,True,False,False,True,-1.5914697256475967,0.5902693096769522,1.6196966915949318,ES
20191211_a06,20191211,2019-12-11,6,additional_2018_2022,contaminated_2016_2022,8.8,2019-12-11 14:48:43.686000-05:00,2019-12-11 14:49:00-05:00,0.2580605553030788,0.0001450957632036,0.25,0.254173420275936,-0.5571641904449336,,1.803663350703723,1.8515161052372928,True,False,False,True,0.0,-0.14089593109936815,0.11442283360991479,ES
20191211_a07,20191211,2019-12-11,7,additional_2018_2022,contaminated_2016_2022,8.8,2019-12-11 14:50:25.976000-05:00,2019-12-11 14:51:00-05:00,-0.2419394446969212,0.0001450957632036,0.5121951219512195,1.190377519609721,0.1485904446544963,0.816797450835448,2.036246426111028,2.07735630728275,True,False,False,True,-0.7958931915537405,0.5902693096769522,1.4493871954909805,ES
20191211_a08,20191211,2019-12-11,8,additional_2018_2022,contaminated_2016_2022,8.8,2019-12-11 14:52:01.995999999-05:00,2019-12-11 14:53:00-05:00,-0.1510303537878303,0.0001450957632036,0.6382978723404256,1.4493476080257568,-0.8199503253814128,0.0216282716563116,1.7460259174111747,1.8204467041325396,True,False,False,True,3.1824329968649554,0.45733017499034856,1.3788722657061538,ES
20191211_a09,20191211,2019-12-11,9,additional_2018_2022,contaminated_2016_2022,8.8,2019-12-11 14:53:42.246000-05:00,2019-12-11 14:54:00-05:00,0.0913938886364121,0.0001450957632036,0.4516129032258064,1.3475659993185636,0.826189299929811,-0.2851611785702546,0.8447314145461079,0.9246918174154978,True,False,False,True,0.7954500262725797,0.10282581582607203,0.8104596899982248,ES
20191211_a11,20191211,2019-12-11,11,additional_2018_2022,contaminated_2016_2022,8.8,2019-12-11 14:55:38.265999999-05:00,2019-12-11 14:56:00-05:00,-0.2419394446969212,0.0001450957632036,0.5,-2.8951747684497096,-0.0685983677674535,,-1.108655011201196,-1.1105617894686592,True,False,False,True,0.0,0.5902693096769522,-0.7774145779991832,ES
20191211_a12,20191211,2019-12-11,12,additional_2018_2022,contaminated_2016_2022,8.8,2019-12-11 14:58:40.185999999-05:00,2019-12-11 14:59:00-05:00,-0.1705108732683498,0.0001450957632036,0.5102040816326531,0.2133474914008176,1.0496429522022934,0.1140147381507089,-0.6948728656709676,-0.6311789190892817,True,False,False,True,2.385780758064881,0.48581713242319224,0.5803930020363139,ES
20191211_a13,20191211,2019-12-11,13,additional_2018_2022,contaminated_2016_2022,8.8,2019-12-11 14:59:41.535999999-05:00,2019-12-11 15:00:00-05:00,-0.9919394446969212,0.0001450957632036,0.5625,2.202801438567204,-0.1281264042260644,0.2736564292101227,1.703480009001644,1.6342984199155348,True,False,False,True,-1.590457259814113,1.687017170841433,3.197686548355238,ES
20191211_a14,20191211,2019-12-11,14,additional_2018_2022,contaminated_2016_2022,8.8,2019-12-11 15:02:29.345999999-05:00,2019-12-11 15:03:00-05:00,-0.1794394446969212,0.0001450957632036,0.6236559139784946,2.017271774737335,0.3050465323029228,-0.2299821115379444,2.0011929485714126,2.0649965497535163,True,False,False,True,-0.7955133053794692,0.49887365457991223,1.7188084324551909,ES
20191211_a15,20191211,2019-12-11,15,additional_2018_2022,contaminated_2016_2022,8.8,2019-12-11 15:03:34.466000-05:00,2019-12-11 15:04:00-05:00,-0.2419394446969212,0.0001450957632036,0.5,-2.105156285407672,1.2878942135479672,-0.0345053033129979,-0.173691166718199,-0.1482267466376504,True,False,False,True,-1.5912164883598003,0.5902693096769522,-0.31193822008417404,ES
20191211_a16,20191211,2019-12-11,16,additional_2018_2022,contaminated_2016_2022,8.8,2019-12-11 15:04:56.155999999-05:00,2019-12-11 15:05:00-05:00,-0.0601212628787393,0.0001450957632036,0.5526315789473685,-0.2705481616414987,-0.517854109750213,-0.7492345562670767,0.6809245631673501,0.7766051155885746,True,False,False,True,0.0,0.3243910403037447,0.30966172574469486,ES
20191211_a17,20191211,2019-12-11,17,additional_2018_2022,contaminated_2016_2022,8.8,2019-12-11 15:07:18.756000-05:00,2019-12-11 15:08:00-05:00,-0.2419394446969212,0.0001450957632036,0.4756097560975609,-0.4499974352591175,0.4638471918554013,0.6930003807016447,-1.0526461151059685,-0.9965027400203056,True,False,False,True,-1.5910898999356138,0.5902693096769522,0.3604087331623791,ES
20191211_a18,20191211,2019-12-11,18,additional_2018_2022,contaminated_2016_2022,8.8,2019-12-11 15:08:20.895999999-05:00,2019-12-11 15:09:00-05:00,-0.2419394446969212,0.0001450957632036,0.52,0.8271446288237541,-1.2545997053422464,-0.0523801076996039,1.613460446032302,1.6910674542875173,True,False,False,True,2.3867297937403698,0.5902693096769522,1.2361281847802845,ES
20191211_a21,20191211,2019-12-11,21,additional_2018_2022,contaminated_2016_2022,8.8,2019-12-11 15:10:44.335999999-05:00,2019-12-11 15:11:00-05:00,-0.2419394446969212,0.0001450957632036,0.5192307692307693,-0.5670575362824476,-0.2708004642215124,-0.62092188937938,-0.6540903214378287,-0.5909147212190707,True,False,False,True,-0.7956398938035019,0.5902693096769522,0.3487593996041813,ES
20191211_a22,20191211,2019-12-11,22,additional_2018_2022,contaminated_2016_2022,8.8,2019-12-11 15:13:59.655999999-05:00,2019-12-11 15:14:00-05:00,-0.2419394446969212,0.0001450957632036,0.6842105263157895,0.3728345271572632,-0.3650364025551207,-0.396783135268209,0.7878819189012624,0.8857269430433113,True,False,False,True,2.3882498222822637,0.5902693096769522,0.9377218627384505,ES
20191211_a23,20191211,2019-12-11,23,additional_2018_2022,contaminated_2016_2022,8.8,2019-12-11 15:14:51.706000-05:00,2019-12-11 15:15:00-05:00,-0.2419394446969212,0.0001450957632036,0.5454545454545454,-0.5847950326839779,-1.0186722713939218,0.0791944586298256,0.3922944490149421,0.3263948999484177,True,False,False,True,-2.38824982228142,0.5902693096769522,0.45222598067225533,ES
20191211_a24,20191211,2019-12-11,24,additional_2018_2022,contaminated_2016_2022,8.8,2019-12-11 15:15:47.616000-05:00,2019-12-11 15:16:00-05:00,-0.0990823018397783,0.0001450957632036,0.5357142857142857,1.3347550146829907,-1.284931148887829,-0.0897237615058982,1.9373463328942924,1.9303600741057263,True,False,False,True,-0.7962100406293771,0.3813649551694321,1.2551532533058396,ES
20191211_a25,20191211,2019-12-11,25,additional_2018_2022,contaminated_2016_2022,8.8,2019-12-11 15:17:44.356000-05:00,2019-12-11 15:18:00-05:00,-0.0840447078548159,0.0001450957632036,0.546875,-0.5293462352196041,0.7469951505247748,0.0244280677177906,-1.115518841512752,-1.0056873142935698,True,False,False,True,0.0,0.35937502311600894,0.040090016133046,ES
20191211_a26,20191211,2019-12-11,26,additional_2018_2022,contaminated_2016_2022,8.8,2019-12-11 15:18:59.585999999-05:00,2019-12-11 15:19:00-05:00,-0.4086061113635879,0.0001450957632036,0.6,0.2834039574064476,-0.5736479495514922,-0.7477403334455555,0.4717698510129475,0.5619490121291014,True,False,False,True,1.5924834813504254,0.8339910566023925,1.154848872294444,ES
20191211_a27,20191211,2019-12-11,27,additional_2018_2022,contaminated_2016_2022,8.8,2019-12-11 15:20:22.196000-05:00,2019-12-11 15:21:00-05:00,-0.1169394446969212,0.0001450957632036,0.5957446808510638,0.9764409113112128,1.4336373799276043,-0.1774144106809979,0.4077864070342592,0.4618962930116688,True,False,False,True,0.7961466506336388,0.40747799948287217,0.9573625700795807,ES
20191211_a28,20191211,2019-12-11,28,additional_2018_2022,contaminated_2016_2022,8.8,2019-12-11 15:21:49.536000-05:00,2019-12-11 15:22:00-05:00,-0.0419394446969212,0.0001450957632036,0.6842105263157895,0.0251670440023717,0.4637701883912654,-0.3942915912168827,1.514822571825574,1.5823371237240378,True,False,False,True,1.5921031716475322,0.2978032133664241,0.5036611080647722,ES
20200129_a00,20200129,2020-01-29,0,additional_2018_2022,contaminated_2016_2022,8.7,2020-01-29 14:39:26.666000-05:00,2020-01-29 14:40:00-05:00,-0.5560067544422077,-3.6175523640658014e-05,0.5869565217391305,1.4232688716845483,-1.2324869281100377,0.3401094171799561,1.7281546986603509,1.6982941918380776,False,False,False,True,-0.7603695399620696,1.0495395099767195,2.0750462120552307,ES
20200129_a01,20200129,2020-01-29,1,additional_2018_2022,contaminated_2016_2022,8.7,2020-01-29 14:43:24.546000-05:00,2020-01-29 14:44:00-05:00,0.0439932455577923,-3.6175523640658014e-05,0.5777777777777777,0.2213566886278073,-0.9540551217217446,0.181494724543278,-0.1832529045556012,-0.1651639822498283,False,False,False,True,-1.5210282180063852,0.172141221045135,0.2625566962359656,ES
20200129_a02,20200129,2020-01-29,2,additional_2018_2022,contaminated_2016_2022,8.7,2020-01-29 14:45:54.466000-05:00,2020-01-29 14:46:00-05:00,-0.0148302838539724,-3.6175523640658014e-05,0.581081081081081,-0.986062831048348,-0.5812940632782547,-0.0254711324030893,-1.5333188646185103,-1.496793409145854,False,False,False,True,-0.7606008750581328,0.2581606611364668,-0.33728149801467094,ES
20200129_a03,20200129,2020-01-29,3,additional_2018_2022,contaminated_2016_2022,8.7,2020-01-29 14:48:32.536000-05:00,2020-01-29 14:49:00-05:00,-0.0115623099977632,-3.6175523640658014e-05,0.6153846153846154,0.8910159655845027,-0.918723955970074,-0.309699250157942,1.5966459075390336,1.5007279765244652,False,False,False,True,1.5214910641755182,0.25338180335361493,0.8599174583653615,ES
20200129_a04,20200129,2020-01-29,4,additional_2018_2022,contaminated_2016_2022,8.7,2020-01-29 14:51:32.516000-05:00,2020-01-29 14:52:00-05:00,-0.1702924687279219,-3.6175523640658014e-05,0.5909090909090909,0.6965932740391938,-1.3499368098297977,1.1071379486912047,1.49422584346752,1.4955789560086643,False,False,False,True,-3.803872387911353,0.48549775280641505,1.0373341978250519,ES
20200129_a05,20200129,2020-01-29,5,additional_2018_2022,contaminated_2016_2022,8.7,2020-01-29 14:55:28.106000-05:00,2020-01-29 14:56:00-05:00,-0.1867759852114384,-3.6175523640658014e-05,0.5407407407407407,-0.543411931726769,-0.7025136616448916,-0.0792715646824697,-0.8720231865306425,-0.841951882566144,False,False,False,True,0.0,0.5096021014034366,0.23971269316835517,ES
20200129_a06,20200129,2020-01-29,6,additional_2018_2022,contaminated_2016_2022,8.7,2020-01-29 14:56:47.965999999-05:00,2020-01-29 14:57:00-05:00,0.2439932455577923,-3.6175523640658014e-05,0.44,-0.6830795960837974,-0.6715666008063769,-0.8338639894598155,-0.9763060562554992,-0.8534811423965452,False,False,False,True,0.7610060503653933,-0.1203248752653932,-0.5914499558578972,ES
20200129_a07,20200129,2020-01-29,7,additional_2018_2022,contaminated_2016_2022,8.7,2020-01-29 14:57:29.106000-05:00,2020-01-29 14:58:00-05:00,0.1689932455577923,-3.6175523640658014e-05,0.7391304347826086,-0.0548794557117416,-0.1951415405111329,0.9176111380304148,-0.0110627751061159,-0.0484885585337824,False,False,False,True,-1.5220700181589386,-0.010650089148945108,-0.06612845793637373,ES
20200129_a09,20200129,2020-01-29,9,additional_2018_2022,contaminated_2016_2022,8.7,2020-01-29 14:59:52.646000-05:00,2020-01-29 15:00:00-05:00,-0.0148302838539724,-3.6175523640658014e-05,0.5714285714285714,-0.9212425397336056,-0.5755150486403882,0.6454417680427011,-1.6317465789693104,-1.5806009806503276,False,False,False,True,-0.7612957256922088,0.2581606611364668,-0.3177817524553228,ES
20200129_a11,20200129,2020-01-29,11,additional_2018_2022,contaminated_2016_2022,8.7,2020-01-29 15:02:40.306000-05:00,2020-01-29 15:03:00-05:00,0.0439932455577923,-3.6175523640658014e-05,0.5333333333333333,0.7585692056856127,-2.298517058989057,-0.4491702841660664,1.4212806706623071,1.2683540201445578,False,False,False,True,-5.333943053274068,0.172141221045135,0.6824728458148648,ES
20200129_a12,20200129,2020-01-29,12,additional_2018_2022,contaminated_2016_2022,8.7,2020-01-29 15:04:49.916000-05:00,2020-01-29 15:05:00-05:00,-0.1702924687279219,-3.6175523640658014e-05,0.6666666666666666,-1.1955766270157564,0.3737924326427609,-0.1098827381584819,-0.8655985748649445,-0.8640994112072878,False,False,False,True,6.095702718466798,0.48549775280641505,-0.09038642270981816,ES
20200129_a13,20200129,2020-01-29,13,additional_2018_2022,contaminated_2016_2022,8.7,2020-01-29 15:06:33.906000-05:00,2020-01-29 15:07:00-05:00,-0.1226734211088743,-3.6175523640658014e-05,0.5849056603773585,1.0627561970032269,-1.2131712908189014,-0.3996227949168419,0.3849118981380623,0.3911882058096722,False,False,False,True,-2.285801373813656,0.41586296797057504,1.0049305535121753,ES
20200129_a14,20200129,2020-01-29,14,additional_2018_2022,contaminated_2016_2022,8.7,2020-01-29 15:08:44.965999999-05:00,2020-01-29 15:09:00-05:00,0.0439932455577923,-3.6175523640658014e-05,0.6078431372549019,0.7608491977229517,-0.389428086866338,0.5574434310267637,1.719064526564636,1.7101243022129409,False,False,False,True,2.2847568737285733,0.172141221045135,0.7153096829745003,ES
20200129_a15,20200129,2020-01-29,15,additional_2018_2022,contaminated_2016_2022,8.7,2020-01-29 15:09:37.896000-05:00,2020-01-29 15:10:00-05:00,0.0439932455577923,-3.6175523640658014e-05,0.4347826086956521,0.2065388704811774,-2.0969980394457397,1.955400139627396,0.3241582593156192,0.1884902019028727,False,False,False,True,-6.856359541822224,0.172141221045135,0.30985195191586673,ES
20200129_a17,20200129,2020-01-29,17,additional_2018_2022,contaminated_2016_2022,8.7,2020-01-29 15:10:14.166000-05:00,2020-01-29 15:11:00-05:00,0.0439932455577923,-3.6175523640658014e-05,0.4,-0.9352179926081372,-1.5649200586338938,-0.2180742717247245,-0.1733525715564735,-0.2491234439591783,False,False,False,True,7.617887166604488,0.172141221045135,-0.27175236432368044,ES
20200129_a18,20200129,2020-01-29,18,additional_2018_2022,contaminated_2016_2022,8.7,2020-01-29 15:13:03.056000-05:00,2020-01-29 15:14:00-05:00,-0.039340087775541,-3.6175523640658014e-05,0.5454545454545454,1.083447337074281,-0.8103384861269675,0.1288585636212747,2.0590172669480213,1.924256058743745,False,False,False,True,-6.100816173364767,0.294002094507855,1.0470493044051408,ES
20200129_a19,20200129,2020-01-29,19,additional_2018_2022,contaminated_2016_2022,8.7,2020-01-29 15:14:32.456000-05:00,2020-01-29 15:15:00-05:00,0.0439932455577923,-3.6175523640658014e-05,0.5135135135135135,1.457367324674682,-0.157170485680036,-0.361252759116985,1.4326035069563428,1.429232986584733,False,False,False,True,-3.8149010495855564,0.172141221045135,1.0071472509279635,ES
20200129_a20,20200129,2020-01-29,20,additional_2018_2022,contaminated_2016_2022,8.7,2020-01-29 15:16:13.736000-05:00,2020-01-29 15:17:00-05:00,0.0439932455577923,-3.6175523640658014e-05,0.5853658536585366,0.2246621189338408,-0.8996233640327688,0.1513032876207364,2.270565122012355,2.2414405696972346,False,False,False,True,-2.2884168069662856,0.172141221045135,0.5259743611785285,ES
20200129_a21,20200129,2020-01-29,21,additional_2018_2022,contaminated_2016_2022,8.7,2020-01-29 15:18:45.856000-05:00,2020-01-29 15:19:00-05:00,-0.1098529082883615,-3.6175523640658014e-05,0.5432098765432098,-0.9607540543157828,-0.6702782428573961,0.1876729644419347,-0.6938472516301933,-0.6858242049477358,False,False,False,True,3.0511060496046802,0.39711514128400277,-0.06934396365950339,ES
20200129_a22,20200129,2020-01-29,22,additional_2018_2022,contaminated_2016_2022,8.7,2020-01-29 15:20:56.256000-05:00,2020-01-29 15:21:00-05:00,0.0439932455577923,-3.6175523640658014e-05,0.6172839506172839,-0.0456025148575521,-1.3379897918243893,1.2165189821984108,0.0620521243071516,0.0525748152369561,False,False,False,True,-1.5261350659150967,0.172141221045135,0.16516478737634405,ES
20200129_a23,20200129,2020-01-29,23,additional_2018_2022,contaminated_2016_2022,8.7,2020-01-29 15:22:31.086000-05:00,2020-01-29 15:23:00-05:00,0.0439932455577923,-3.6175523640658014e-05,0.5102040816326531,1.5513038010678686,-0.1981076763190281,0.3445248404785381,1.4075240081129667,1.3599220671902457,False,False,False,True,-4.581201882062552,0.172141221045135,1.047952762612811,ES
20200129_a24,20200129,2020-01-29,24,additional_2018_2022,contaminated_2016_2022,8.7,2020-01-29 15:24:47.886000-05:00,2020-01-29 15:25:00-05:00,-0.0810067544422077,-3.6175523640658014e-05,0.5076923076923077,-0.3892108344655731,-1.4077706037252082,0.7648400945968881,-1.6436432569442838,-1.5814084359462215,False,False,False,True,6.863156558715755,0.3549325312392151,0.04326498368189477,ES
20200429_a00,20200429,2020-04-29,0,additional_2018_2022,contaminated_2016_2022,8.8,2020-04-29 14:39:28.386000-04:00,2020-04-29 14:40:00-04:00,0.440327765358271,-7.089684509042904e-05,0.5576923076923077,1.548528458843648,-0.9610565606193232,0.4051463641333612,1.8786734046319375,1.7963250519866296,False,False,False,True,-0.8514623871636665,-0.4074308281506338,0.4019535210680232,ES
20200429_a01,20200429,2020-04-29,1,additional_2018_2022,contaminated_2016_2022,8.8,2020-04-29 14:41:54.836000-04:00,2020-04-29 14:42:00-04:00,0.1326354576659633,-7.089684509042904e-05,0.5454545454545454,0.0424436969635213,-1.5648008750478768,0.0921256134091244,0.0286505608754083,0.0730917803116048,False,False,False,True,3.4045451005496465,0.04251701232710198,0.046915606999244186,ES
20200429_a02,20200429,2020-04-29,2,additional_2018_2022,contaminated_2016_2022,8.8,2020-04-29 14:44:58.385999999-04:00,2020-04-29 14:45:00-04:00,0.3199264275656289,-7.089684509042904e-05,0.6021505376344086,-1.7459019561133804,-1.217573241342034,0.536401986190399,-1.0483751969720505,-1.015657886220397,False,False,False,True,-4.255500298272417,-0.2313642818767372,-1.2242642658898686,ES
20200429_a03,20200429,2020-04-29,3,additional_2018_2022,contaminated_2016_2022,8.8,2020-04-29 14:50:11.496000-04:00,2020-04-29 14:51:00-04:00,0.2095585345890403,-7.089684509042904e-05,0.6035502958579881,-1.1549601926249349,-1.762372820293348,0.4775060649306917,-0.7273727117262601,-0.7225760577686963,False,False,False,True,0.0,-0.06996994779233207,-0.7229269463895645,ES
20200429_a04,20200429,2020-04-29,4,additional_2018_2022,contaminated_2016_2022,8.8,2020-04-29 14:53:58.076000-04:00,2020-04-29 14:54:00-04:00,0.3634046884351941,-7.089684509042904e-05,0.5813953488372093,0.4080907616000294,-1.1470584772448331,0.6913786041778657,-0.0859369504305228,-0.0848217797318118,False,False,False,True,3.4129693164058494,-0.29494386803119976,-0.2007289984920929,ES
20200429_a05,20200429,2020-04-29,5,additional_2018_2022,contaminated_2016_2022,8.8,2020-04-29 14:57:26.245999999-04:00,2020-04-29 14:58:00-04:00,0.3234046884351941,-7.089684509042904e-05,0.5847457627118644,-0.4334559995298878,-1.2027141802160268,0.5358237012390803,-0.7085557347158516,-0.6424616289206008,False,False,False,True,5.959729434414632,-0.23645064876909416,-0.5865790682470253,ES
20200429_a06,20200429,2020-04-29,6,additional_2018_2022,contaminated_2016_2022,8.8,2020-04-29 15:00:00.786000-04:00,2020-04-29 15:01:00-04:00,0.2864816115121172,-7.089684509042904e-05,0.6447368421052632,0.9749621188162984,-1.989305265240051,1.2553905405924537,1.568118464403077,1.5340648666915964,False,False,False,True,0.8509551977214568,-0.18245690791176594,0.3730908896223777,ES
20200429_a07,20200429,2020-04-29,7,additional_2018_2022,contaminated_2016_2022,8.8,2020-04-29 15:02:32.065999999-04:00,2020-04-29 15:03:00-04:00,0.4259046884351941,-7.089684509042904e-05,0.5675675675675675,0.9493107080873646,-0.7922988146542436,0.6172732583652216,2.0011508714165527,1.952243096564912,False,False,False,True,5.101173380470556,-0.3863395231282398,0.16294563877409207,ES
20200429_a08,20200429,2020-04-29,8,additional_2018_2022,contaminated_2016_2022,8.8,2020-04-29 15:04:20.726000-04:00,2020-04-29 15:05:00-04:00,0.1634046884351941,-7.089684509042904e-05,0.5416666666666666,-0.0103846517869378,-1.2508870438537327,1.3087031840105363,0.6763730075836852,0.741853664015867,False,False,False,True,-5.098572510177939,-0.002477771720671651,0.03763527404583639,ES
20200429_a09,20200429,2020-04-29,9,additional_2018_2022,contaminated_2016_2022,8.8,2020-04-29 15:06:34.106000-04:00,2020-04-29 15:07:00-04:00,0.1326354576659633,-7.089684509042904e-05,0.6461538461538462,1.2215805726367288,-2.412071130260468,0.7091995314678007,0.9954965658226852,0.9837780312738752,False,False,False,True,3.3993371619936927,0.04251701232710198,0.6959132598586979,ES
20200429_a11,20200429,2020-04-29,11,additional_2018_2022,contaminated_2016_2022,8.8,2020-04-29 15:09:11.616000-04:00,2020-04-29 15:10:00-04:00,0.3078491328796385,-7.089684509042904e-05,0.5853658536585366,1.042088496774336,-0.7874336746016815,-0.4625515968352883,2.143509825220708,2.0851089498730806,False,False,False,True,-5.1003061289231395,-0.21370328572271968,0.4281031473235722,ES
20200429_a12,20200429,2020-04-29,12,additional_2018_2022,contaminated_2016_2022,8.8,2020-04-29 15:12:57.886000-04:00,2020-04-29 15:13:00-04:00,0.0590568623482376,-7.089684509042904e-05,0.5304347826086957,0.2889451711573084,-0.7660229515648884,0.6901789484415267,0.1881986534499033,0.2382694853131843,False,False,False,True,0.8497981734452734,0.15011323505003868,0.3070713710352096,ES
20200429_a13,20200429,2020-04-29,13,additional_2018_2022,contaminated_2016_2022,8.8,2020-04-29 15:16:18.686000-04:00,2020-04-29 15:17:00-04:00,0.2522935773240831,-7.089684509042904e-05,0.6630434782608695,-0.0017289444541818,-1.7844299228168752,0.952728035605224,0.1716805443800607,0.1723700044623823,False,False,False,True,11.902739034923169,-0.13246270341423988,-0.16809472917167034,ES
20200429_a14,20200429,2020-04-29,14,additional_2018_2022,contaminated_2016_2022,8.8,2020-04-29 15:18:37.166000-04:00,2020-04-29 15:19:00-04:00,0.0856269106574163,-7.089684509042904e-05,0.5714285714285714,-0.2582940996214121,-1.9544752656622304,1.2547049910919448,0.4436510863583578,0.4702691760688993,False,False,False,True,3.399915034875272,0.11125904351120042,0.03443156899704969,ES
20200610_a00,20200610,2020-06-10,0,additional_2018_2022,contaminated_2016_2022,9.1,2020-06-10 14:44:31.026000-04:00,2020-06-10 14:45:00-04:00,0.0823369321317021,0.0002124194576222,0.5851063829787234,-0.1778112284521663,-1.532921960178027,1.74732729177458,-0.1901045338356017,-0.1306090481569725,False,True,False,True,-7.017270569814246,0.11607007939300595,0.009816825674488883,ES
20200610_a01,20200610,2020-06-10,1,additional_2018_2022,contaminated_2016_2022,9.1,2020-06-10 14:47:22.886000-04:00,2020-06-10 14:48:00-04:00,0.1618823866771566,0.0002124194576222,0.5227272727272727,1.034901542223295,-1.742828559941095,1.3085950940678766,0.1411673320801285,0.076046525592426,False,True,False,True,-1.5610365314244945,-0.0002516634577721666,0.4670355302540666,ES
20200610_a02,20200610,2020-06-10,2,additional_2018_2022,contaminated_2016_2022,9.1,2020-06-10 14:49:42.885999999-04:00,2020-06-10 14:50:00-04:00,-0.2212344964397264,0.0002124194576222,0.5636363636363636,0.2819965049447185,-0.948529907825968,2.409951620893944,-0.0769464284865948,-0.0885511098656306,False,True,False,True,-7.817997427365351,0.5599918327214861,0.7670662732315652,ES
20200610_a03,20200610,2020-06-10,3,additional_2018_2022,contaminated_2016_2022,9.1,2020-06-10 14:52:26.206000-04:00,2020-06-10 14:53:00-04:00,0.2073369321317021,0.0002124194576222,0.5747126436781609,0.5046757312960104,-0.4791392576052676,1.6104448762475525,1.1572008881151137,1.1047273012349703,False,True,False,True,-10.958047433405568,-0.06672123080107417,0.25033008540875884,ES
20200610_a04,20200610,2020-06-10,4,additional_2018_2022,contaminated_2016_2022,9.1,2020-06-10 14:55:54.956000-04:00,2020-06-10 14:56:00-04:00,0.0473369321317021,0.0002124194576222,0.5353535353535354,0.3268282464550301,-1.3562484192831916,1.7515192176891807,-0.1698612663047706,-0.1878696351895376,False,True,False,True,14.09553874726856,0.16725164624734837,0.306944188185128,ES
20200610_a05,20200610,2020-06-10,5,additional_2018_2022,contaminated_2016_2022,9.1,2020-06-10 14:59:24.826000-04:00,2020-06-10 15:00:00-04:00,0.096225821020591,0.0002124194576222,0.5346534653465347,0.5239036777472301,-1.2792376325076145,1.2700291396355936,0.3928253791236666,0.3736655294342453,False,True,False,True,-5.476237179688621,0.0957599338158859,0.372491967497429,ES
20200610_a06,20200610,2020-06-10,6,additional_2018_2022,contaminated_2016_2022,9.1,2020-06-10 15:00:54.476000-04:00,2020-06-10 15:01:00-04:00,0.2073369321317021,0.0002124194576222,0.5714285714285714,0.1256524073484436,-1.0773396985624455,0.9541614205412512,-0.1420947073762002,-0.2044833623805811,False,True,False,True,-10.178117927007147,-0.06672123080107417,-0.06378502078023235,ES
20200610_a07,20200610,2020-06-10,7,additional_2018_2022,contaminated_2016_2022,9.1,2020-06-10 15:04:25.645999999-04:00,2020-06-10 15:05:00-04:00,0.2073369321317021,0.0002124194576222,0.656,0.250598862228603,-0.759740411729974,1.356181665226634,0.0664908601654007,0.0536351927459394,False,True,False,True,13.32131999685076,-0.06672123080107417,0.01631294312975784,ES
20200610_a08,20200610,2020-06-10,8,additional_2018_2022,contaminated_2016_2022,9.1,2020-06-10 15:10:14.546000-04:00,2020-06-10 15:11:00-04:00,0.0359083607031307,0.0002124194576222,0.5875,-1.4509151320813432,-0.858871997732725,0.9069488722144728,-0.952837708549396,-0.933760322238916,False,True,False,True,11.710060278753474,0.18396399460794993,-0.579477301291009,ES
20200610_a09,20200610,2020-06-10,9,additional_2018_2022,contaminated_2016_2022,9.1,2020-06-10 15:12:14.075999999-04:00,2020-06-10 15:13:00-04:00,0.2787655035602736,0.0002124194576222,0.5396825396825397,1.4153598097904443,-1.771192187748264,2.21703487832049,1.0304014480342534,1.0095092590554215,False,True,False,True,-1.561767924461818,-0.17117340805483428,0.5330881369262186,ES
20200610_a10,20200610,2020-06-10,10,additional_2018_2022,contaminated_2016_2022,9.1,2020-06-10 15:16:35.596000-04:00,2020-06-10 15:17:00-04:00,0.0004403804075641,0.0002124194576222,0.5,0.2929625189948325,-1.726512646137647,1.858941611544364,-0.3167676385868099,-0.2947080087286765,False,True,False,True,-7.032623849136842,0.23582990331326542,0.3578254981833823,ES
20200610_a11,20200610,2020-06-10,11,additional_2018_2022,contaminated_2016_2022,9.1,2020-06-10 15:18:58.766000-04:00,2020-06-10 15:19:00-04:00,0.0534907782855482,0.0002124194576222,0.5932203389830508,-0.4370139864033323,-0.7105320695383035,2.011470932017416,-0.4509019312659737,-0.5300349078177166,False,True,False,True,3.122804303620553,0.15825268943779375,-0.08741565927683623,ES
20200610_a12,20200610,2020-06-10,12,additional_2018_2022,contaminated_2016_2022,9.1,2020-06-10 15:21:06.396000-04:00,2020-06-10 15:22:00-04:00,0.0740035987983688,0.0002124194576222,0.6338028169014085,0.3263491839129867,-1.3962651717956232,0.7383604383573397,-0.332772669871373,-0.358215089796408,False,True,False,True,-2.3434753847042717,0.1282561667392779,0.24257369811179375,ES
20200610_a13,20200610,2020-06-10,13,additional_2018_2022,contaminated_2016_2022,9.1,2020-06-10 15:24:24.475999999-04:00,2020-06-10 15:25:00-04:00,-0.2301630678682978,0.0002124194576222,0.5565217391304348,0.1452412315305447,-1.047035115314889,1.389481132752228,-0.1376466108549982,-0.1635617853957674,False,True,False,True,0.0,0.573048354878206,0.7129422784445167,ES
20200610_a14,20200610,2020-06-10,14,additional_2018_2022,contaminated_2016_2022,9.1,2020-06-10 15:28:39.696000-04:00,2020-06-10 15:29:00-04:00,0.1216226464174164,0.0002124194576222,0.6015625,-0.8369726149499024,-1.8774265327898787,1.1109632413021835,-1.7414306368329118,-1.6758649493090838,False,True,False,True,13.245551042475155,0.05862138190343791,-0.529759553683854,ES
20200916_a00,20200916,2020-09-16,0,additional_2018_2022,contaminated_2016_2022,8.6,2020-09-16 14:43:15.155999999-04:00,2020-09-16 14:44:00-04:00,0.0511859928424943,0.0,0.5238095238095238,-0.3213066625464989,-0.2169163465661527,0.4003853136843957,0.6172559553705658,0.543872049373361,False,False,False,True,-7.3222526519692135,0.16162304744461026,0.08418642391772924,ES
20200916_a01,20200916,2020-09-16,1,additional_2018_2022,contaminated_2016_2022,8.6,2020-09-16 14:44:39.306000-04:00,2020-09-16 14:45:00-04:00,0.2178526595091609,0.0,0.6041666666666666,1.0822190403112764,-0.0675162323509293,0.7321650839882823,-0.5601057778329496,-0.5227366561296977,False,False,False,True,-8.79378629144531,-0.08209869948082982,0.3159462287186099,ES
20200916_a02,20200916,2020-09-16,2,additional_2018_2022,contaminated_2016_2022,8.6,2020-09-16 14:46:54.495999999-04:00,2020-09-16 14:47:00-04:00,0.2178526595091609,0.0,0.4107142857142857,-1.0651387586565615,-0.8657920736822078,0.6384563609046247,-0.1638552848526424,-0.1699093955256908,False,False,False,True,0.0,-0.08209869948082982,-0.6357515981831654,ES
20200916_a03,20200916,2020-09-16,3,additional_2018_2022,contaminated_2016_2022,8.6,2020-09-16 14:47:43.246000-04:00,2020-09-16 14:48:00-04:00,0.2178526595091609,0.0,0.6785714285714286,-1.1067747646158397,-0.8893403806372736,1.721313043452093,0.1876717412361927,0.2048455379416065,False,False,False,True,-1.4665982280444883,-0.08209869948082982,-0.6175071680947013,ES
20200916_a04,20200916,2020-09-16,4,additional_2018_2022,contaminated_2016_2022,8.6,2020-09-16 14:49:35.276000-04:00,2020-09-16 14:50:00-04:00,0.12694356860007,0.0,0.4390243902439024,0.4412336826870358,-0.7484067802770281,0.2244503611304114,0.3628782434430689,0.2777977473758831,False,False,False,True,-8.064220956800659,0.050840435205773915,0.27716318397571393,ES
20200916_a05,20200916,2020-09-16,5,additional_2018_2022,contaminated_2016_2022,8.6,2020-09-16 14:51:00.016000-04:00,2020-09-16 14:52:00-04:00,0.0511859928424942,0.0,0.6818181818181818,0.5303986307887438,-0.6883928210291529,-0.0117927439576514,0.2759064815889402,0.335822813759039,False,False,False,True,-2.9364263902087044,0.16162304744461042,0.4420003657555154,ES
20200916_a06,20200916,2020-09-16,6,additional_2018_2022,contaminated_2016_2022,8.6,2020-09-16 14:53:43.696000-04:00,2020-09-16 14:54:00-04:00,0.3354997183326904,0.0,0.5652173913043478,0.452700715452297,-0.3695599713972355,0.2226995882587997,1.1011239666393902,1.1483754798953976,False,False,False,True,2.2049906377230033,-0.2541375796634935,-0.004455377929918236,ES
20200916_a07,20200916,2020-09-16,7,additional_2018_2022,contaminated_2016_2022,8.6,2020-09-16 14:54:58.956000-04:00,2020-09-16 14:55:00-04:00,-0.282147340490839,0.0,0.6363636363636364,-0.4483038121300707,-1.4767367560765778,1.148131270497648,0.4047313822237106,0.3564578801844085,False,False,False,True,3.6739042993795334,0.6490665412954906,0.5872408140366536,ES
20200916_a08,20200916,2020-09-16,8,additional_2018_2022,contaminated_2016_2022,8.6,2020-09-16 14:57:55.736000-04:00,2020-09-16 14:58:00-04:00,0.1761859928424942,0.0,0.6046511627906976,1.5567179525076558,-0.5755561516734659,0.4821852255235995,1.1929505493649997,1.1936135976616344,False,False,False,True,0.0,-0.021168262749469702,0.7957495163203618,ES
20200916_a09,20200916,2020-09-16,9,additional_2018_2022,contaminated_2016_2022,8.6,2020-09-16 15:01:16.845999999-04:00,2020-09-16 15:02:00-04:00,0.0413820712738668,0.0,0.5957446808510638,-0.3423863301541224,-0.4773150796538034,1.396110079845995,-0.3627116075094277,-0.3061358729168948,False,False,False,True,-2.9355643833294045,0.17595962079316566,-0.012967889995003423,ES
20200916_a10,20200916,2020-09-16,10,additional_2018_2022,contaminated_2016_2022,8.6,2020-09-16 15:03:57.046000-04:00,2020-09-16 15:04:00-04:00,0.1702336118901133,0.0,0.6020408163265306,-0.2744252586831964,-0.4762715569534178,1.65248689554408,0.3406759087580126,0.3102077066359441,False,False,False,True,-1.468428783843128,-0.012463914644989804,-0.13238898929162685,ES
20200916_a11,20200916,2020-09-16,11,additional_2018_2022,contaminated_2016_2022,8.6,2020-09-16 15:05:19.646000-04:00,2020-09-16 15:06:00-04:00,0.342852659509161,0.0,0.3829787234042553,-0.8349692680430192,-1.2251804743858588,0.3887213082952746,-0.4627307262846116,-0.4514101686529826,False,False,False,True,5.146869713999823,-0.26489000967491005,-0.7803023776324172,ES
20200916_a12,20200916,2020-09-16,12,additional_2018_2022,contaminated_2016_2022,8.6,2020-09-16 15:08:45.146000-04:00,2020-09-16 15:09:00-04:00,0.0178526595091609,0.0,0.5377358490566038,-1.1040904157342273,-0.8673184342961056,0.9231700895595074,-1.1465190960546263,-1.0237733014850448,False,False,False,True,-11.777697349666482,0.21036739682969838,-0.40794504725788067,ES
20200916_a13,20200916,2020-09-16,13,additional_2018_2022,contaminated_2016_2022,8.6,2020-09-16 15:13:23.656000-04:00,2020-09-16 15:14:00-04:00,0.2892812309377324,0.0,0.6016260162601627,0.0578674301850336,-0.4303727750324999,1.5811624795156394,-0.2828402205495602,-0.2133335030303856,False,False,False,True,1.4752526396898522,-0.18655087673458992,-0.25387796349451536,ES
20200916_a14,20200916,2020-09-16,14,additional_2018_2022,contaminated_2016_2022,8.6,2020-09-16 15:14:16.856000-04:00,2020-09-16 15:15:00-04:00,0.3845193261758276,0.0,0.5333333333333333,-0.5648702865726034,-0.8457082527948672,1.7578704891774644,-0.0830612018880771,-0.0180296537943046,False,False,False,True,-10.332104240180819,-0.32582044640627006,-0.6878209497937033,ES
20200916_a15,20200916,2020-09-16,15,additional_2018_2022,contaminated_2016_2022,8.6,2020-09-16 15:16:56.046000-04:00,2020-09-16 15:17:00-04:00,-0.032147340490839,0.0,0.5633802816901409,0.8839485371557022,-0.3976048033396404,1.520713816816105,0.172032764439599,0.1367325507260454,False,False,False,True,0.7383615759998988,0.28348392090733027,0.7406991373995159,ES
20200916_a16,20200916,2020-09-16,16,additional_2018_2022,contaminated_2016_2022,8.6,2020-09-16 15:18:39.116000-04:00,2020-09-16 15:19:00-04:00,-0.2366927950362935,0.0,0.55,-0.9468503172073854,-1.0097637912103128,1.0190183600031586,-1.3779437229482925,-1.3237851796770046,False,False,False,True,5.160529437389635,0.5825969739521886,0.08650275397495177,ES
20200916_a17,20200916,2020-09-16,17,additional_2018_2022,contaminated_2016_2022,8.6,2020-09-16 15:20:29.846000-04:00,2020-09-16 15:21:00-04:00,0.1590291300973962,0.0,0.6060606060606061,-0.2200242202292077,-0.2004863532260276,0.366701836597074,-0.0863389411057119,-0.0440352651924068,False,False,False,True,2.949417511426622,0.003920740610502016,-0.13313338582978712,ES
20200916_a18,20200916,2020-09-16,18,additional_2018_2022,contaminated_2016_2022,8.6,2020-09-16 15:23:25.976000-04:00,2020-09-16 15:24:00-04:00,0.0178526595091609,0.0,0.6261682242990654,-0.983562035126876,-0.6453429502386391,1.6006502574585113,-1.0814365138172792,-1.0489887107840363,False,False,False,True,-12.54751613123412,0.21036739682969838,-0.345207744824809,ES
20200916_a19,20200916,2020-09-16,19,additional_2018_2022,contaminated_2016_2022,8.6,2020-09-16 15:24:50.556000-04:00,2020-09-16 15:25:00-04:00,-0.032147340490839,0.0,0.7346938775510204,0.7250515343470803,-0.7211101840627827,1.1973632818917388,0.1984672303838869,0.3453368265463399,False,False,False,True,8.120778564477785,0.28348392090733027,0.669968724081999,ES
20200916_a20,20200916,2020-09-16,20,additional_2018_2022,contaminated_2016_2022,8.6,2020-09-16 15:26:58.666000-04:00,2020-09-16 15:28:00-04:00,0.1678526595091609,0.0,0.5362318840579711,0.2388879131358994,0.040726690221783,0.7746412223021838,0.2527400553309458,0.247878751723524,False,False,False,True,5.168531144704351,-0.008982175403197734,0.10000809158881263,ES
20200916_a21,20200916,2020-09-16,21,additional_2018_2022,contaminated_2016_2022,8.6,2020-09-16 15:29:49.646000-04:00,2020-09-16 15:30:00-04:00,0.2734082150647166,0.0,0.6547619047619048,-0.2254589346608773,-0.519858485906028,1.5424329939551296,-0.4183907246591541,-0.3881204331233636,False,False,False,True,-5.171203897603919,-0.16333928178931,-0.37165908082078175,ES
20200916_a22,20200916,2020-09-16,22,additional_2018_2022,contaminated_2016_2022,8.6,2020-09-16 15:31:55.796000-04:00,2020-09-16 15:32:00-04:00,0.1590291300973962,0.0,0.6216216216216216,0.4607138768284268,-0.5792961105682222,0.9589468719669736,0.0565682754152545,0.0292087770886975,False,False,False,True,-9.622146480894003,0.003920740610502016,0.19722478543311583,ES
20200916_a23,20200916,2020-09-16,23,additional_2018_2022,contaminated_2016_2022,8.6,2020-09-16 15:34:17.216000-04:00,2020-09-16 15:35:00-04:00,-0.2169299491864912,0.0,0.6133333333333333,0.5475865008556883,-0.5046167265129784,1.1097408225519774,0.2805315999786924,0.2848937531365199,False,False,False,True,11.81073437655087,0.5536971620637965,0.920609060406042,ES
20201105_a00,20201105,2020-11-05,0,additional_2018_2022,contaminated_2016_2022,9.0,2020-11-05 14:42:34.695999999-05:00,2020-11-05 14:43:00-05:00,0.3370515647546972,3.537694130972824e-05,0.6142857142857143,0.7678136709338816,0.3636800276719446,0.3174687632102033,-0.15673958338503,-0.1647596258204995,False,False,False,True,5.683432946392053,-0.2564068919890825,0.004438194743108692,ES
20201105_a01,20201105,2020-11-05,1,additional_2018_2022,contaminated_2016_2022,9.0,2020-11-05 14:43:57.146000-05:00,2020-11-05 14:44:00-05:00,-0.1254484352453028,3.537694130972824e-05,0.7647058823529411,-1.3001688000663385,0.0560290714087427,0.2543070060270079,-1.4695805399540405,-1.4345420886323008,False,False,False,True,0.0,0.4199209557290139,-0.28189889244593636,ES
20201105_a02,20201105,2020-11-05,2,additional_2018_2022,contaminated_2016_2022,9.0,2020-11-05 14:46:29.826000-05:00,2020-11-05 14:47:00-05:00,0.1207054109085433,3.537694130972824e-05,0.6388888888888888,-1.5187532341597023,0.0911739991752754,-0.3774195796559513,-1.7328553223278094,-1.701439449076635,False,False,False,True,1.421565145616673,0.059962683346825474,-0.8428246507984656,ES
20201105_a03,20201105,2020-11-05,3,additional_2018_2022,contaminated_2016_2022,9.0,2020-11-05 14:49:29.095999999-05:00,2020-11-05 14:50:00-05:00,0.163440453643586,3.537694130972824e-05,0.5777777777777777,-0.3372081075549315,1.1250278656608417,-0.3042279626067952,-0.6615002165726194,-0.6241034650289771,False,False,False,True,-7.826118289240092,-0.002530072275082229,-0.25649706294652996,ES
20201105_a04,20201105,2020-11-05,4,additional_2018_2022,contaminated_2016_2022,9.0,2020-11-05 14:52:41.616000-05:00,2020-11-05 14:53:00-05:00,0.0437823339854664,3.537694130972824e-05,0.6770833333333334,-0.5218209682717472,0.1418043297690065,-0.3294514162475434,-1.443532382619933,-1.3637196422603453,False,False,False,True,2.1348514580276534,0.17244964346625938,-0.21558753803182604,ES
20201105_a05,20201105,2020-11-05,5,additional_2018_2022,contaminated_2016_2022,9.0,2020-11-05 14:53:42.035999999-05:00,2020-11-05 14:54:00-05:00,0.2745515647546972,3.537694130972824e-05,0.4444444444444444,-0.5251878611593644,-0.2478180193270723,0.2254630755815059,-1.1842153703872065,-1.1179244864974265,False,False,False,True,4.268336125128821,-0.16501123689204245,-0.5941390898189851,ES
20201105_a06,20201105,2020-11-05,6,additional_2018_2022,contaminated_2016_2022,9.0,2020-11-05 14:58:07.536000-05:00,2020-11-05 14:59:00-05:00,0.2004774906806231,3.537694130972824e-05,0.5431034482758621,-0.9220367076229344,-0.7479416720178993,0.1198856470329278,-1.3180220109472405,-1.2906419078341662,False,False,False,True,2.8433324047114263,-0.056690460480735616,-0.662223001828474,ES
20201105_a07,20201105,2020-11-05,7,additional_2018_2022,contaminated_2016_2022,9.0,2020-11-05 14:59:29.565999999-05:00,2020-11-05 15:00:00-05:00,0.2745515647546972,3.537694130972824e-05,0.4285714285714285,0.5340660957888941,0.0816422510175856,-1.0931969814104396,1.0757378690966342,1.1144158590930937,False,False,False,True,-4.265301834764937,-0.16501123689204245,0.1373749984298882,ES
20201105_a08,20201105,2020-11-05,8,additional_2018_2022,contaminated_2016_2022,9.0,2020-11-05 15:00:52.525999999-05:00,2020-11-05 15:01:00-05:00,0.2745515647546972,3.537694130972824e-05,0.5897435897435898,0.8494451503897884,-0.3682054623238609,0.2432130884808804,-0.0824001005666446,-0.0909403625476383,False,False,False,True,0.0,-0.16501123689204245,0.15975638116093527,ES
20201105_a09,20201105,2020-11-05,9,additional_2018_2022,contaminated_2016_2022,9.0,2020-11-05 15:02:55.075999999-05:00,2020-11-05 15:03:00-05:00,0.1976284878316203,3.537694130972824e-05,0.5538461538461539,0.6143972810843444,0.6956452551564895,-0.0951190891996396,0.4339888509009501,0.4304485809582997,False,False,False,True,-1.421767259095084,-0.052524276772608514,0.24095742995904523,ES
20201105_a10,20201105,2020-11-05,10,additional_2018_2022,contaminated_2016_2022,9.0,2020-11-05 15:05:29.446000-05:00,2020-11-05 15:06:00-05:00,0.1078848980880305,3.537694130972824e-05,0.6153846153846154,-0.5636243807169655,-0.2834813442286305,-0.3266923855946128,-0.1059846011241164,-0.087819187724526,False,False,False,True,-2.843332404711655,0.07871051003339774,-0.2045940467144613,ES
20201105_a11,20201105,2020-11-05,11,additional_2018_2022,contaminated_2016_2022,9.0,2020-11-05 15:06:54.816000-05:00,2020-11-05 15:07:00-05:00,0.2745515647546972,3.537694130972824e-05,0.7058823529411765,-0.3021212499250962,0.3471360515553706,-0.403039517496887,0.1651663639306239,0.1172192823896045,False,False,False,True,-4.977423930400466,-0.16501123689204245,-0.3468691067558033,ES
20201105_a12,20201105,2020-11-05,12,additional_2018_2022,contaminated_2016_2022,9.0,2020-11-05 15:08:30.573368421-05:00,2020-11-05 15:09:00-05:00,0.3578848980880306,3.537694130972824e-05,0.6938775510204082,-0.574717950888508,-0.53184011527121,-0.3173912402375233,0.0276090654796686,-0.0269017734125468,False,False,False,True,0.7116171502740726,-0.28687211035476257,-0.6338626384411072,ES
20201105_a13,20201105,2020-11-05,13,additional_2018_2022,contaminated_2016_2022,9.0,2020-11-05 15:10:45.036000-05:00,2020-11-05 15:11:00-05:00,0.3200061102092427,3.537694130972824e-05,0.56,0.5261151267497053,-0.9661811515153264,-0.0021385215473552,-0.3962927075518864,-0.3933900014061021,False,False,False,True,-3.5583390049162156,-0.23148080423534434,-0.10311775847703541,ES
20201105_a14,20201105,2020-11-05,14,additional_2018_2022,contaminated_2016_2022,9.0,2020-11-05 15:12:30.736000-05:00,2020-11-05 15:13:00-05:00,0.1634404536435861,3.537694130972824e-05,0.75,1.7766923732146993,-0.3323144109982232,0.015567853355434,-0.6919194062574735,-0.6690004609289965,False,False,False,True,-2.137437220919905,-0.00253007227508234,0.7187576652377629,ES
20201105_a15,20201105,2020-11-05,15,additional_2018_2022,contaminated_2016_2022,9.0,2020-11-05 15:14:40.076000-05:00,2020-11-05 15:15:00-05:00,0.0745515647546972,3.537694130972824e-05,0.5909090909090909,-0.4492895143866269,-1.0797608822770848,-1.1962210586502462,-0.2934874567465145,-0.2828419469172589,False,False,False,True,3.56239539231093,0.12745485941848572,-0.11322903554882513,ES
20201105_a16,20201105,2020-11-05,16,additional_2018_2022,contaminated_2016_2022,9.0,2020-11-05 15:17:03.926000-05:00,2020-11-05 15:18:00-05:00,0.2745515647546972,3.537694130972824e-05,0.5245901639344263,-0.4456369809889414,-0.6383360705657254,-0.0776577664318158,-0.3124108212823536,-0.3064989904434592,False,False,False,True,7.127076062498987,-0.16501123689204245,-0.4642711409028255,ES
20201105_a17,20201105,2020-11-05,17,additional_2018_2022,contaminated_2016_2022,9.0,2020-11-05 15:19:09.016000-05:00,2020-11-05 15:20:00-05:00,0.1569045059311677,3.537694130972824e-05,0.6486486486486487,-0.4457138815744541,0.3316859397200569,0.1173562391113175,-0.673812617823852,-0.5872271702290434,False,False,False,True,7.124029652298948,0.007027643290621277,-0.29657603634935786,ES
20201216_a00,20201216,2020-12-16,0,additional_2018_2022,contaminated_2016_2022,8.7,2020-12-16 14:43:10.246000-05:00,2020-12-16 14:44:00-05:00,0.2030435317233722,-3.536067892506711e-05,0.58,0.2336038228291219,0.1993869129809311,-1.0715388550316574,0.3506662181190443,0.374508922572625,False,False,False,True,-1.3524479328156538,-0.06044286051446274,0.0463039528030581,ES
20201216_a01,20201216,2020-12-16,1,additional_2018_2022,contaminated_2016_2022,8.7,2020-12-16 14:45:57.456000-05:00,2020-12-16 14:46:00-05:00,0.0830435317233722,-3.536067892506711e-05,0.6310679611650486,0.6221121172816059,0.0996419257833455,-1.3061289470899469,0.792449192611251,0.7507056301044895,False,False,False,True,2.704712978824604,0.11503679727185412,0.4837180720683119,ES
20201216_a02,20201216,2020-12-16,2,additional_2018_2022,contaminated_2016_2022,8.7,2020-12-16 14:47:43.975999999-05:00,2020-12-16 14:48:00-05:00,0.1030435317233722,-3.536067892506711e-05,0.5526315789473685,2.140923215535496,0.1601351560791141,-1.0278805844902963,1.6184562853098925,1.5903390217560158,False,False,False,True,-0.6760639559077344,0.08579018764080126,1.2398446079094623,ES
20201216_a04,20201216,2020-12-16,4,additional_2018_2022,contaminated_2016_2022,8.7,2020-12-16 14:49:54.166000-05:00,2020-12-16 14:50:00-05:00,0.2030435317233722,-3.536067892506711e-05,0.4705882352941176,-0.2529130370030122,0.4461244780603003,-0.5927733060946078,-1.1845762810810716,-1.0674142018416488,False,False,False,True,-0.675926864970304,-0.06044286051446274,-0.3427505351647659,ES
20201216_a05,20201216,2020-12-16,5,additional_2018_2022,contaminated_2016_2022,8.7,2020-12-16 14:53:44.286000-05:00,2020-12-16 14:54:00-05:00,0.2799666086464492,-3.536067892506711e-05,0.5692307692307692,1.8614059791712825,-0.063696386106106,-1.4535655738591742,1.5556915564852074,1.5439089872459402,False,False,False,True,-3.379405932604527,-0.17292982063389684,0.793514201280038,ES
20201216_a06,20201216,2020-12-16,6,additional_2018_2022,contaminated_2016_2022,8.7,2020-12-16 14:55:31.146000-05:00,2020-12-16 14:56:00-05:00,0.2030435317233722,-3.536067892506711e-05,0.5769230769230769,0.437013035080083,0.2458768126954537,-0.8661035027627233,0.8052563199471844,0.7742952707372223,False,False,False,True,1.35189942074158,-0.06044286051446274,0.18897668722810812,ES
20201216_a07,20201216,2020-12-16,7,additional_2018_2022,contaminated_2016_2022,8.7,2020-12-16 14:58:02.846000-05:00,2020-12-16 14:59:00-05:00,0.1575889862688268,-3.536067892506711e-05,0.5697674418604651,-0.4730526793999173,-0.9007453001978314,-1.1921574247914413,-0.711275579061557,-0.716582623706555,False,False,False,True,0.675744163516274,0.006026706828838935,-0.3144294402842951,ES
20201216_a08,20201216,2020-12-16,8,additional_2018_2022,contaminated_2016_2022,8.7,2020-12-16 15:01:39.716000-05:00,2020-12-16 15:02:00-05:00,-0.0277256990458585,-3.536067892506711e-05,0.5689655172413793,0.1995244431293747,0.0495573741412475,-0.9247730578155494,0.7854661909194857,0.8274476935658619,False,False,False,True,3.3805483571323003,0.27701801984383884,0.48160277243597127,ES
20201216_a09,20201216,2020-12-16,9,additional_2018_2022,contaminated_2016_2022,8.7,2020-12-16 15:02:21.186000-05:00,2020-12-16 15:03:00-05:00,0.2030435317233722,-3.536067892506711e-05,0.68,2.0901945495529786,0.1131353244231076,-1.034263252952232,0.2627177283018924,0.3408180113725382,False,False,False,True,1.3519908085219665,-0.06044286051446274,0.8963129223732578,ES
20201216_a10,20201216,2020-12-16,10,additional_2018_2022,contaminated_2016_2022,8.7,2020-12-16 15:07:15.806000-05:00,2020-12-16 15:08:00-05:00,0.1792340079138484,-3.536067892506711e-05,0.5617283950617284,0.5745607616778132,0.093028047490017,-1.3413609240000572,0.2935658413817676,0.2636032434174594,False,False,False,True,0.0,-0.025625468096542814,0.23978660966084475,ES
20201216_a11,20201216,2020-12-16,11,additional_2018_2022,contaminated_2016_2022,8.7,2020-12-16 15:10:43.646000-05:00,2020-12-16 15:11:00-05:00,0.0666798953597359,-3.536067892506711e-05,0.5137614678899083,-0.1257784510765903,0.0479150408334101,-1.668859297867748,-0.756111934457454,-0.6841054902549194,False,False,False,True,-0.6765213275925555,0.1389658415154427,0.0009498358526277006,ES
20201216_a12,20201216,2020-12-16,12,additional_2018_2022,contaminated_2016_2022,8.7,2020-12-16 15:14:10.845999999-05:00,2020-12-16 15:15:00-05:00,0.0291304882451113,-3.536067892506711e-05,0.5925925925925926,0.5254840296636754,-0.0431086487398097,-1.2352948027714197,0.4624600796520988,0.3883537991915045,False,False,False,True,-0.6762468303501727,0.19387548410338784,0.4983114620105549,ES
20201216_a13,20201216,2020-12-16,13,additional_2018_2022,contaminated_2016_2022,8.7,2020-12-16 15:16:56.576000-05:00,2020-12-16 15:17:00-05:00,0.4252657539455944,-3.536067892506711e-05,0.5,-0.2803820803302036,0.6215754350737759,-2.0634393150314985,0.3438808591511941,0.3001339509193158,False,False,False,True,2.027917673491468,-0.385405189748383,-0.5820199721769025,ES
20201216_a16,20201216,2020-12-16,16,additional_2018_2022,contaminated_2016_2022,8.7,2020-12-16 15:18:56.226000-05:00,2020-12-16 15:19:00-05:00,-0.011242182562342,-3.536067892506711e-05,0.6851851851851852,0.2798082375184855,-1.0144019798188595,-0.7835691912814307,0.4445287776752096,0.4643727431082919,False,False,False,True,-0.6757441635170428,0.25291367124681724,0.45347323761913105,ES
20201216_a17,20201216,2020-12-16,17,additional_2018_2022,contaminated_2016_2022,8.7,2020-12-16 15:20:16.965999999-05:00,2020-12-16 15:21:00-05:00,-0.2969564682766277,-3.536067892506711e-05,0.4137931034482758,0.7815599679936319,0.3811761614058915,-1.0412683445647262,1.4805244604807752,1.3597440269785406,False,False,False,True,-6.7553876783717435,0.6707223802618575,1.297315724397615,ES
20201216_a18,20201216,2020-12-16,18,additional_2018_2022,contaminated_2016_2022,8.7,2020-12-16 15:21:29.265999999-05:00,2020-12-16 15:22:00-05:00,0.0780435317233722,-3.536067892506711e-05,0.4333333333333333,0.9368885247514788,0.238248848625288,-1.5092217047009129,1.7040347174735484,1.7866352925111222,False,False,False,True,4.054054109578051,0.12234844967961733,0.7354828459970465,ES
20201216_a19,20201216,2020-12-16,19,additional_2018_2022,contaminated_2016_2022,8.7,2020-12-16 15:25:10.696000-05:00,2020-12-16 15:26:00-05:00,0.0363768650567055,-3.536067892506711e-05,0.5826771653543307,0.8236315786323469,-0.0476516311510242,-0.8883464902961353,1.779356934624903,1.7877856151896874,False,False,False,True,-2.70197245631978,0.1832788864109774,0.7641615846066127,ES
20201216_a20,20201216,2020-12-16,20,additional_2018_2022,contaminated_2016_2022,8.7,2020-12-16 15:27:29.806000-05:00,2020-12-16 15:28:00-05:00,-0.0277256990458585,-3.536067892506711e-05,0.6142857142857143,0.385964334026935,-0.0986318683862597,-1.355608811546501,0.0456884049487708,0.0237219899952527,False,False,False,True,-2.0266846885786047,0.27701801984383884,0.48894978916041143,ES
20201216_a21,20201216,2020-12-16,21,additional_2018_2022,contaminated_2016_2022,8.7,2020-12-16 15:28:26.356000-05:00,2020-12-16 15:29:00-05:00,-0.2969564682766277,-3.536067892506711e-05,0.64,-1.235541198445935,-1.2309859537414412,-0.813908099323544,-0.8558944120757194,-0.8664772190719123,False,False,False,True,-0.6756072022301669,0.6707223802618575,0.11426379022582056,ES
20210127_a00,20210127,2021-01-27,0,additional_2018_2022,contaminated_2016_2022,8.9,2021-01-27 14:41:37.475999999-05:00,2021-01-27 14:42:00-05:00,0.3097118349131554,3.535442814217582e-05,0.5737704918032787,-1.93228689836322,0.5150324642742186,0.0764285327752323,-1.2425231422048315,-1.2039080364792258,False,False,False,True,11.968086534925202,-0.21642717168438153,-1.3133485890006193,ES
20210127_a01,20210127,2021-01-27,1,additional_2018_2022,contaminated_2016_2022,8.9,2021-01-27 14:43:33.926000-05:00,2021-01-27 14:44:00-05:00,0.1366349118362324,3.535442814217582e-05,0.6862745098039216,-1.4823417377191834,0.8473480260453721,-0.7146373095711565,-1.5640713767235883,-1.5225166905326235,False,False,False,True,-1.9940842234310316,0.03666848858434468,-0.8358898667737293,ES
20210127_a02,20210127,2021-01-27,2,additional_2018_2022,contaminated_2016_2022,8.9,2021-01-27 14:47:34.096000-05:00,2021-01-27 14:48:00-05:00,0.2384867636880842,3.535442814217582e-05,0.5766423357664233,-0.6537942862432813,0.0473234002902918,-0.6157884928034444,-0.1875287053313762,-0.1312890738183706,False,False,False,True,-13.305836571588506,-0.11227257898120202,-0.48405461617137147,ES
20210127_a03,20210127,2021-01-27,3,additional_2018_2022,contaminated_2016_2022,8.9,2021-01-27 14:49:06.346000-05:00,2021-01-27 14:50:00-05:00,0.2048167300180505,3.535442814217582e-05,0.6428571428571429,0.1981427198402973,1.078484721800096,-0.6439557324965397,1.270756810514615,1.278333612566363,False,False,False,True,-2.668089663640255,-0.06303586243060805,0.12497810495576694,ES
20210127_a04,20210127,2021-01-27,4,additional_2018_2022,contaminated_2016_2022,8.9,2021-01-27 14:52:24.786000-05:00,2021-01-27 14:53:00-05:00,0.1107728428707151,3.535442814217582e-05,0.6283185840707964,-0.3384389135536884,0.9211375302528888,-0.7129070694180764,-0.0334511200081171,0.0510824624022381,False,False,False,True,7.348275156133615,0.07448738034863717,-0.09768112364033743,ES
20210127_a05,20210127,2021-01-27,5,additional_2018_2022,contaminated_2016_2022,8.9,2021-01-27 14:55:30.385999999-05:00,2021-01-27 14:56:00-05:00,0.0229985481998687,3.535442814217582e-05,0.5353535353535354,-1.51015708248996,1.711152670763054,-0.7735671425271945,-1.3657793363746158,-1.3066833003357952,False,False,False,True,15.356370902919775,0.20284240694259936,-0.6283333896315607,ES
20210127_a06,20210127,2021-01-27,6,additional_2018_2022,contaminated_2016_2022,8.9,2021-01-27 14:56:20.256000-05:00,2021-01-27 14:57:00-05:00,-0.3633650881637676,3.535442814217582e-05,0.5,-1.0371918965009677,1.5482387225872445,-1.6310767728334847,-1.494532166645712,-1.5292031478105557,False,False,False,True,1.3341338156004634,0.7678337293606652,0.2543697692455359,ES
20210127_a07,20210127,2021-01-27,7,additional_2018_2022,contaminated_2016_2022,8.9,2021-01-27 14:59:03.776000-05:00,2021-01-27 15:00:00-05:00,0.3866349118362324,3.535442814217582e-05,0.6333333333333333,-0.3755032522766383,0.6287753546903898,-0.7444386870995158,0.874371923439358,0.8484569203314444,False,False,False,True,-4.6752380213749785,-0.32891413180381557,-0.5016912854525695,ES
20210127_a08,20210127,2021-01-27,8,additional_2018_2022,contaminated_2016_2022,8.9,2021-01-27 15:00:22.096000-05:00,2021-01-27 15:01:00-05:00,0.1991349118362324,3.535442814217582e-05,0.7450980392156863,-0.3510300097053803,0.1053678761323457,-0.4315929382383873,0.1547767456590304,0.2017023776836899,False,False,False,True,4.675238021375767,-0.05472716651269538,-0.23836920460330835,ES
20210127_a09,20210127,2021-01-27,9,additional_2018_2022,contaminated_2016_2022,8.9,2021-01-27 15:02:51.846000-05:00,2021-01-27 15:03:00-05:00,0.053301578502899,3.535442814217582e-05,0.620253164556962,-0.1633452351676071,0.7274423059837887,-0.951515848580766,-0.0898777279626489,-0.0532509271814701,False,False,False,True,16.019226493334322,0.15852936204706478,0.07812524788503938,ES
20210127_a10,20210127,2021-01-27,10,additional_2018_2022,contaminated_2016_2022,8.9,2021-01-27 15:05:36.675999999-05:00,2021-01-27 15:06:00-05:00,0.1761085960467587,3.535442814217582e-05,0.6296296296296297,-1.1258165706905352,0.1004168085090605,-0.5038732650577893,-0.0973994035476453,-0.1430215258482868,False,False,False,True,9.34142991796922,-0.021055083055891155,-0.5835451105110101,ES
20210127_a11,20210127,2021-01-27,11,additional_2018_2022,contaminated_2016_2022,8.9,2021-01-27 15:06:46.236000-05:00,2021-01-27 15:07:00-05:00,0.2199682451695657,3.535442814217582e-05,0.5517241379310345,-0.9938655110812256,0.1748397269733506,-1.8515324549638263,0.401389720876537,0.4106736400746449,False,False,False,True,6.0006002400590495,-0.08519238487837538,-0.5461431464268725,ES
20210127_a12,20210127,2021-01-27,12,additional_2018_2022,contaminated_2016_2022,8.9,2021-01-27 15:09:41.746000-05:00,2021-01-27 15:10:00-05:00,0.2712502964516169,3.535442814217582e-05,0.5670103092783505,-1.0045997238736908,0.8947295418316512,-1.2936138546410032,0.1257730019705459,0.1037417405089032,False,False,False,True,2.6695141642783544,-0.1601836916246645,-0.6704539872062691,ES
20210127_a13,20210127,2021-01-27,13,additional_2018_2022,contaminated_2016_2022,8.9,2021-01-27 15:11:14.056000-05:00,2021-01-27 15:12:00-05:00,0.1866349118362323,3.535442814217582e-05,0.6428571428571429,-0.8245509828492658,0.3684477459258986,-1.158524757260646,-0.2105322626759925,-0.1535952442772504,False,False,False,True,-8.67042439351032,-0.03644803549328729,-0.4746254589770222,ES
20210127_a14,20210127,2021-01-27,14,additional_2018_2022,contaminated_2016_2022,8.9,2021-01-27 15:12:50.626000-05:00,2021-01-27 15:13:00-05:00,0.1366349118362324,3.535442814217582e-05,0.5757575757575758,-1.36116870751288,2.199619545982903,-0.0416613924884899,0.1608905835042136,0.2196624119959426,False,False,False,True,12.669624606778878,0.03666848858434468,-0.5957009059840144,ES
20210127_a15,20210127,2021-01-27,15,additional_2018_2022,contaminated_2016_2022,8.9,2021-01-27 15:14:15.306000-05:00,2021-01-27 15:15:00-05:00,0.0925172647774088,3.535442814217582e-05,0.5636363636363636,-0.2652648913404108,1.4270445001472911,-1.2080137924994108,-0.0685441521835425,-0.0104698831697636,False,False,False,True,-6.661337842911575,0.1011830686528436,-0.035542672911053286,ES
20210127_a16,20210127,2021-01-27,16,additional_2018_2022,contaminated_2016_2022,8.9,2021-01-27 15:18:18.226000-05:00,2021-01-27 15:19:00-05:00,0.0903386155399361,3.535442814217582e-05,0.6642335766423357,-1.100314057610037,1.1056080878708747,-0.2760701746540311,0.1115676118359931,0.1585945755139849,False,False,False,True,-11.998401652728852,0.10436897384141133,-0.39903462177380383,ES
20210127_a17,20210127,2021-01-27,17,additional_2018_2022,contaminated_2016_2022,8.9,2021-01-27 15:21:16.835999999-05:00,2021-01-27 15:22:00-05:00,0.1366349118362324,3.535442814217582e-05,0.5784313725490197,0.0961049718975665,0.6266385734829197,-0.5914355155511415,-0.0666981821925086,-0.02199298282759,False,False,False,True,-11.344300706117583,0.03666848858434468,0.05456526800784578,ES
20210127_a18,20210127,2021-01-27,18,additional_2018_2022,contaminated_2016_2022,8.9,2021-01-27 15:25:36.256000-05:00,2021-01-27 15:26:00-05:00,0.1921904673917879,3.535442814217582e-05,0.5394736842105263,-2.0926713706379085,1.1440393208267237,-1.0722032702658972,-0.8484383392191054,-0.8084050774799941,False,False,False,True,3.337672338317947,-0.04457209372413534,-1.1394479982240215,ES
20210428_a00,20210428,2021-04-28,0,additional_2018_2022,contaminated_2016_2022,8.9,2021-04-28 14:37:58.225999999-04:00,2021-04-28 14:38:00-04:00,0.1624508482114106,7.07964601769362e-05,0.6153846153846154,-2.253206046360969,2.4908191276952616,-2.8274699004912773,-0.9396292011098628,-0.9226800139481404,False,False,False,True,-2.3876320772409465,-0.0010829420869020168,-1.1713398372600548,ES
20210428_a01,20210428,2021-04-28,1,additional_2018_2022,contaminated_2016_2022,8.9,2021-04-28 14:40:06.886000-04:00,2021-04-28 14:41:00-04:00,-0.0375491517885894,7.07964601769362e-05,0.6285714285714286,1.8692351646325764,1.7217880202059428,-2.687885305440479,1.4319376169244986,1.375626949539868,False,False,False,True,4.772130846946639,0.29138315422362615,1.340715246597975,ES
20210428_a02,20210428,2021-04-28,2,additional_2018_2022,contaminated_2016_2022,8.9,2021-04-28 14:42:15.425999999-04:00,2021-04-28 14:43:00-04:00,-0.0875491517885894,7.07964601769362e-05,0.6136363636363636,0.970081555532944,1.9101899352721887,-3.489207801641127,1.5295837161948418,1.4717783868189809,False,False,False,True,0.0,0.3644996783012582,1.0226066720037936,ES
20210428_a03,20210428,2021-04-28,3,additional_2018_2022,contaminated_2016_2022,8.9,2021-04-28 14:44:12.756000-04:00,2021-04-28 14:45:00-04:00,-0.4089777232171608,7.07964601769362e-05,0.5909090909090909,0.4062844732959769,1.8799762732377585,-3.1406055333505107,0.0743634077720646,0.1253775095642862,False,False,False,True,4.7707079442605,0.8345344759431784,1.169966723979173,ES
20210428_a04,20210428,2021-04-28,4,additional_2018_2022,contaminated_2016_2022,8.9,2021-04-28 14:46:32.886000-04:00,2021-04-28 14:47:00-04:00,-0.1007070465254315,7.07964601769362e-05,0.6103896103896104,-0.4424686304391597,2.9111795803579192,-2.623254022332135,-1.2241219458866828,-1.170412827096427,False,False,False,True,-5.965875370837305,0.38374086884800346,0.09793237498621463,ES
20210428_a05,20210428,2021-04-28,5,additional_2018_2022,contaminated_2016_2022,8.9,2021-04-28 14:49:06.896000-04:00,2021-04-28 14:50:00-04:00,-0.1232634375028751,7.07964601769362e-05,0.6351351351351351,-1.368045199660353,1.9200536822211764,-3.8152503670666977,-0.576806261578887,-0.5447643702158892,False,False,False,True,1.1938872984581854,0.41672576692813823,-0.2218669186977867,ES
20210428_a06,20210428,2021-04-28,6,additional_2018_2022,contaminated_2016_2022,8.9,2021-04-28 14:52:12.726000-04:00,2021-04-28 14:53:00-04:00,-0.0549404561364154,7.07964601769362e-05,0.5555555555555556,-0.4321143548142766,1.6471370167286938,-2.6503630019871967,-1.2635533824312242,-1.2326145229602838,False,False,False,True,0.5967833379860458,0.3168149886854111,0.01826213653851838,ES
20210428_a07,20210428,2021-04-28,7,additional_2018_2022,contaminated_2016_2022,8.9,2021-04-28 14:57:52.206000-04:00,2021-04-28 14:58:00-04:00,0.1868410921138496,7.07964601769362e-05,0.581151832460733,0.631599070434074,1.959915989727813,-2.795378975787273,-0.3336390837870264,-0.3026099433191422,False,False,False,True,-0.5970683943621886,-0.03674953919794205,0.1859100512435815,ES
20210428_a08,20210428,2021-04-28,8,additional_2018_2022,contaminated_2016_2022,8.9,2021-04-28 15:00:02.886000-04:00,2021-04-28 15:01:00-04:00,0.0571876903166737,7.07964601769362e-05,0.5818181818181818,1.0213064373920664,0.4426843456529331,-2.642639842902032,-0.015070540514211,0.0574962043367293,False,False,False,True,-1.7908844031987885,0.15284658228706027,0.6276568295549715,ES
20210428_a09,20210428,2021-04-28,9,additional_2018_2022,contaminated_2016_2022,8.9,2021-04-28 15:02:00.246000-04:00,2021-04-28 15:03:00-04:00,0.1624508482114106,7.07964601769362e-05,0.625,-1.4370840784639316,1.6060830359563127,-2.725980196753539,-1.290638385352206,-1.2570639328461828,False,False,False,True,1.1944577176180893,-0.0010829420869020168,-0.8310279730020322,ES
20210428_a11,20210428,2021-04-28,11,additional_2018_2022,contaminated_2016_2022,8.9,2021-04-28 15:03:54.906000-04:00,2021-04-28 15:04:00-04:00,-0.1232634375028751,7.07964601769362e-05,0.5,-0.5967099984545865,1.8218025392044013,-3.51577885596308,0.1990511156329835,0.2677147407534317,False,False,False,True,-1.1943863854155086,0.41672576692813823,0.2179802638383111,ES
20210428_a12,20210428,2021-04-28,12,additional_2018_2022,contaminated_2016_2022,8.9,2021-04-28 15:07:14.476000-04:00,2021-04-28 15:08:00-04:00,0.1624508482114106,7.07964601769362e-05,0.6017699115044248,-0.1828551320027462,1.6666222975526257,-2.8600651387727165,0.4176954414842903,0.4579344365639803,False,False,False,True,3.582945219269858,-0.0010829420869020168,-0.0681345642454349,ES
20210428_a13,20210428,2021-04-28,13,additional_2018_2022,contaminated_2016_2022,8.9,2021-04-28 15:09:16.335999999-04:00,2021-04-28 15:10:00-04:00,-0.0875491517885894,7.07964601769362e-05,0.6031746031746031,1.345533627076788,1.3477904445415292,-2.0208216479719527,0.9453384015692196,0.9285216529961974,False,False,False,True,1.1940298521654036,0.3644996783012582,1.134044796141899,ES
20210428_a14,20210428,2021-04-28,14,additional_2018_2022,contaminated_2016_2022,8.9,2021-04-28 15:11:00.226000-04:00,2021-04-28 15:12:00-04:00,-0.0597713740108116,7.07964601769362e-05,0.5538461538461539,0.7266774313944406,0.6250952527334728,-2.5785596769772607,0.119388839171437,0.1835237045942403,False,False,False,True,-1.7940974243025638,0.32387938714701814,0.7107221328251005,ES
20210428_a15,20210428,2021-04-28,15,additional_2018_2022,contaminated_2016_2022,8.9,2021-04-28 15:13:58.446000-04:00,2021-04-28 15:14:00-04:00,-0.1292158184552561,7.07964601769362e-05,0.631578947368421,0.2372452493765908,1.593963393209066,-2.882945354533257,-0.1784747132896023,-0.1510324764008807,False,False,False,True,2.3919153376017412,0.42543011503261824,0.5741548189184401,ES
20210428_a16,20210428,2021-04-28,16,additional_2018_2022,contaminated_2016_2022,8.9,2021-04-28 15:14:47.196000-04:00,2021-04-28 15:15:00-04:00,0.3624508482114106,7.07964601769362e-05,0.7777777777777778,-0.63181293441793,0.625949120589263,-2.335841270380424,0.2274892845414147,0.2825956037097584,False,False,False,True,-2.3919153376015947,-0.2935490383974302,-0.6469654395366853,ES
20210428_a17,20210428,2021-04-28,17,additional_2018_2022,contaminated_2016_2022,8.9,2021-04-28 15:18:26.456000-04:00,2021-04-28 15:19:00-04:00,-0.0140197400238835,7.07964601769362e-05,0.5811965811965812,0.8374907867158411,1.615310755687534,-2.9746727259637558,-0.1545149359953153,-0.1152906440484,False,False,False,True,-3.5870150441403,0.2569753781870934,0.6525550917075226,ES
20210428_a19,20210428,2021-04-28,19,additional_2018_2022,contaminated_2016_2022,8.9,2021-04-28 15:20:13.996000-04:00,2021-04-28 15:21:00-04:00,-0.201185515424953,7.07964601769362e-05,0.6,0.4135217041056955,0.9748780119670528,-2.7476663803050303,0.3724194633009456,0.3446412763557371,False,False,False,True,0.5979609533276736,0.5306735966595129,0.8407499160232004,ES
20210428_a20,20210428,2021-04-28,20,additional_2018_2022,contaminated_2016_2022,8.9,2021-04-28 15:21:08.216000-04:00,2021-04-28 15:22:00-04:00,0.1624508482114106,7.07964601769362e-05,0.5714285714285714,0.2152639530095176,1.33677839643439,-2.8119726595375614,-0.3618926597957988,-0.3111231493837182,False,False,False,True,1.1957431557947007,-0.0010829420869020168,0.032947602446460056,ES
20210428_a21,20210428,2021-04-28,21,additional_2018_2022,contaminated_2016_2022,8.9,2021-04-28 15:22:39.386000-04:00,2021-04-28 15:23:00-04:00,-0.0875491517885894,7.07964601769362e-05,0.6,-0.4728958414401114,2.256581930808148,-2.277376622300422,0.3448749557393381,0.3449348223872036,False,False,False,True,0.597817964607493,0.3644996783012582,0.22822839813622134,ES
20210428_a22,20210428,2021-04-28,22,additional_2018_2022,contaminated_2016_2022,8.9,2021-04-28 15:24:26.666000-04:00,2021-04-28 15:25:00-04:00,0.0571876903166737,7.07964601769362e-05,0.4634146341463415,1.0001261068415963,2.1967574465950226,-2.279128755199133,0.0160579389676848,0.023086213879719,False,False,False,True,4.184475656599022,0.15284658228706027,0.6211749239837857,ES
20210428_a23,20210428,2021-04-28,23,additional_2018_2022,contaminated_2016_2022,8.9,2021-04-28 15:25:48.966000-04:00,2021-04-28 15:26:00-04:00,-0.1708824851219227,7.07964601769362e-05,0.627906976744186,0.4918432509262616,3.0084406617910475,-3.124073847233032,0.2453408840507604,0.3036146064054095,False,False,False,True,1.7929179788045506,0.4863605517639782,0.8103030720334746,ES
20210728_a00,20210728,2021-07-28,0,additional_2018_2022,contaminated_2016_2022,8.6,2021-07-28 14:40:36.825999999-04:00,2021-07-28 14:41:00-04:00,-0.0134454667000541,-0.0001770726351949,0.5882352941176471,2.300116820818744,0.4417355962563302,-0.9493172517582794,1.88109247935046,1.8861835461990728,False,False,False,True,4.546229549235102,0.2561356008009151,1.5458349846867097,ES
20210728_a01,20210728,2021-07-28,1,additional_2018_2022,contaminated_2016_2022,8.6,2021-07-28 14:41:20.186000-04:00,2021-07-28 14:42:00-04:00,-0.5546219372882895,-0.0001770726351949,0.6296296296296297,-1.1342576698463325,0.5283625293617852,0.1307388629613844,-0.890165508616402,-0.8937681688601588,False,False,False,True,0.0,1.047514449641168,0.6093225853732924,ES
20210728_a03,20210728,2021-07-28,3,additional_2018_2022,contaminated_2016_2022,8.6,2021-07-28 14:44:06.046000-04:00,2021-07-28 14:45:00-04:00,-0.0657330483994005,-0.0001770726351949,0.6395348837209303,1.8763243519792896,1.086846071707215,-1.36306480410092,1.559069712718099,1.5540735377824084,False,False,False,True,1.7039161714468938,0.33259732532654335,1.4069874501800088,ES
20210728_a04,20210728,2021-07-28,4,additional_2018_2022,contaminated_2016_2022,8.6,2021-07-28 14:45:31.966000-04:00,2021-07-28 14:46:00-04:00,-0.0657330483994005,-0.0001770726351949,0.7037037037037037,1.6501388490194564,0.7595355074943763,-0.8167589575996664,1.6906690301317384,1.7633937281741277,False,False,False,True,0.0,0.33259732532654335,1.3163338162366556,ES
20210728_a06,20210728,2021-07-28,6,additional_2018_2022,contaminated_2016_2022,8.6,2021-07-28 14:48:15.625999999-04:00,2021-07-28 14:49:00-04:00,-0.1651482530777631,-0.0001770726351949,0.417910447761194,-0.2221068040202105,0.5094083570156704,0.429455025680896,-1.4328560465082756,-1.3890660724827566,False,False,False,True,0.5674563769423979,0.4779752094575077,0.29065986895690954,ES
20210728_a07,20210728,2021-07-28,7,additional_2018_2022,contaminated_2016_2022,8.6,2021-07-28 14:50:47.636000-04:00,2021-07-28 14:51:00-04:00,-0.0379552706216227,-0.0001770726351949,0.4810126582278481,0.4187257942312489,0.0173312761477176,-0.3506478723912182,0.5423583750101184,0.5759972182998371,False,False,False,True,-7.376514647756903,0.2919770341723033,0.5750608268879723,ES
20210728_a08,20210728,2021-07-28,8,additional_2018_2022,contaminated_2016_2022,8.6,2021-07-28 14:53:18.236000-04:00,2021-07-28 14:54:00-04:00,-0.248739584347113,-0.0001770726351949,0.6941176470588235,-0.7312648577179429,1.1325838260173264,-0.4972068073062319,-1.5942668958843524,-1.5169592923487925,False,False,False,True,-2.2718237162513835,0.6002133611662424,0.1843322966750325,ES
20210728_a09,20210728,2021-07-28,9,additional_2018_2022,contaminated_2016_2022,8.6,2021-07-28 14:56:00.156000-04:00,2021-07-28 14:57:00-04:00,-0.1768441595105117,-0.0001770726351949,0.6,2.260460841252485,0.9933535498860226,-0.6256362395538164,1.8617929473682175,1.845362795155569,False,False,False,True,-1.1354604304235294,0.49507848994350356,1.8119492846452632,ES
20210728_a10,20210728,2021-07-28,10,additional_2018_2022,contaminated_2016_2022,8.6,2021-07-28 14:58:48.246000-04:00,2021-07-28 14:59:00-04:00,-0.1853911680575202,-0.0001770726351949,0.5591397849462365,-0.7014708770838706,0.7147199278653191,-0.4360230322368802,-0.5204997604650438,-0.4323982131945614,False,False,False,True,0.5679720559284982,0.507577041067885,0.20163747362751133,ES
20210728_a11,20210728,2021-07-28,11,additional_2018_2022,contaminated_2016_2022,8.6,2021-07-28 15:02:31.876000-04:00,2021-07-28 15:03:00-04:00,-0.2126864534173217,-0.0001770726351949,0.6037735849056604,0.4614920612601422,1.0306415825647952,-0.42898082987852,0.2420216439258979,0.2507084230841117,False,False,False,True,-5.678914344227408,0.5474917688522003,0.8692056060532173,ES
20210728_a12,20210728,2021-07-28,12,additional_2018_2022,contaminated_2016_2022,8.6,2021-07-28 15:06:10.566000-04:00,2021-07-28 15:07:00-04:00,-0.1469296295959817,-0.0001770726351949,0.4563106796116505,1.5063831424618364,0.4664097193746588,-0.3252650681084988,2.137490152793154,2.126420004299446,False,False,False,True,2.840828404662662,0.451333561008168,1.4398621372466462,ES
20210728_a13,20210728,2021-07-28,13,additional_2018_2022,contaminated_2016_2022,8.6,2021-07-28 15:08:30.776000-04:00,2021-07-28 15:09:00-04:00,-0.0796219372882894,-0.0001770726351949,0.5671641791044776,-0.2692758498357895,0.4559021073360266,-0.4818715180121112,-0.7629425632367322,-0.7335239006624636,False,False,False,True,1.1364927844944983,0.35290747090366337,0.19034737691216744,ES
20210728_a14,20210728,2021-07-28,14,additional_2018_2022,contaminated_2016_2022,8.6,2021-07-28 15:09:58.655999999-04:00,2021-07-28 15:10:00-04:00,-0.0546219372882894,-0.0001770726351949,0.7045454545454546,-0.1245970938129498,1.4836961239145554,-0.3453685847569139,-0.1140247925321222,-0.0557698262205802,False,False,False,True,2.840505629097,0.31634920886484735,0.2827352084353228,ES
20210728_a15,20210728,2021-07-28,15,additional_2018_2022,contaminated_2016_2022,8.6,2021-07-28 15:12:08.556000-04:00,2021-07-28 15:13:00-04:00,-0.1084680911344433,-0.0001770726351949,0.6376811594202898,1.5635431687283197,1.799344045168524,0.3866552462160678,1.6332457025043452,1.6619710132537762,False,False,False,True,-3.408316324746198,0.3950900809484512,1.3450597506250683,ES
20210728_a16,20210728,2021-07-28,16,additional_2018_2022,contaminated_2016_2022,8.6,2021-07-28 15:15:21.805999999-04:00,2021-07-28 15:16:00-04:00,-0.1469296295959817,-0.0001770726351949,0.6454545454545455,1.665003059136491,1.041940167021586,0.0059900881142921,1.9992527311363384,1.9709303467970516,False,False,False,True,-3.4071550585139962,0.451333561008168,1.4985319428116302,ES
20210728_a17,20210728,2021-07-28,17,additional_2018_2022,contaminated_2016_2022,8.6,2021-07-28 15:16:58.836000-04:00,2021-07-28 15:17:00-04:00,-0.0796219372882894,-0.0001770726351949,0.4878048780487805,-0.1853289541551142,0.7560372894322337,0.0432454956688134,0.4173667994107438,0.4360780347045767,False,False,False,True,-2.8401829268714014,0.35290747090366337,0.35517585815654573,ES
20210728_a19,20210728,2021-07-28,19,additional_2018_2022,contaminated_2016_2022,8.6,2021-07-28 15:19:39.495999999-04:00,2021-07-28 15:20:00-04:00,0.0453780627117105,-0.0001770726351949,0.5555555555555556,-0.2921509148246521,-0.3261434290623933,-0.0927933802372776,0.528432646097701,0.8493864773861461,False,False,False,True,-3.9776117807151246,0.1701161607095834,0.09838707888217135,ES
20210728_a20,20210728,2021-07-28,20,additional_2018_2022,contaminated_2016_2022,8.6,2021-07-28 15:22:46.595999999-04:00,2021-07-28 15:23:00-04:00,-0.2046219372882894,-0.0001770726351949,0.5,0.4239027828599962,0.2616671358902094,-0.3637774338636902,0.109743381068869,0.0992592062003571,False,False,False,True,-2.842928235209782,0.5356987810977435,0.8235466744389737,ES
20210728_a21,20210728,2021-07-28,21,additional_2018_2022,contaminated_2016_2022,8.6,2021-07-28 15:25:12.306000-04:00,2021-07-28 15:26:00-04:00,-0.0072535162356578,-0.0001770726351949,0.5930232558139535,0.6480562360396357,0.887986378430498,-0.5896376403986201,0.296192425207732,0.3564480144921264,False,False,False,True,2.2735023401330765,0.24708092289656436,0.6011053608643413,ES
20210922_a00,20210922,2021-09-22,0,additional_2018_2022,contaminated_2016_2022,8.6,2021-09-22 14:41:07.976000-04:00,2021-09-22 14:42:00-04:00,-0.0466646527205959,-7.092701610045271e-05,0.5081967213114754,2.076018724377279,-1.3283426526689444,0.3030753263450721,0.6768926369303494,0.7537911177681837,False,False,False,True,10.821587272783434,0.30471302909112075,1.3718343405886184,ES
20210922_a01,20210922,2021-09-22,1,additional_2018_2022,contaminated_2016_2022,8.6,2021-09-22 14:43:38.956000-04:00,2021-09-22 14:44:00-04:00,-0.0466646527205959,-7.092701610045271e-05,0.5789473684210527,-0.9511817020821224,-1.4674368469087915,0.8307705006739283,-1.413053438242945,-1.446163785204939,False,False,False,True,-4.556068192029406,0.30471302909112075,-0.25247622277120385,ES
20210922_a02,20210922,2021-09-22,2,additional_2018_2022,contaminated_2016_2022,8.6,2021-09-22 14:45:35.706000-04:00,2021-09-22 14:46:00-04:00,0.203335347279404,-7.092701610045271e-05,0.5967741935483871,0.9729790496859524,-0.3004613450503267,0.0227214585145872,0.4904361222062002,0.5186065191881886,False,False,False,True,-3.418803452103047,-0.06086959129703928,0.40295805354498304,ES
20210922_a03,20210922,2021-09-22,3,additional_2018_2022,contaminated_2016_2022,8.6,2021-09-22 14:47:50.575999999-04:00,2021-09-22 14:48:00-04:00,0.203335347279404,-7.092701610045271e-05,0.5873015873015873,-0.5403533183765065,-1.4169748274358267,0.5668603908661956,-0.373721429124982,-0.3116248474153525,False,False,False,True,-10.269284334706711,-0.06086959129703928,-0.38977542623257594,ES
20210922_a04,20210922,2021-09-22,4,additional_2018_2022,contaminated_2016_2022,8.6,2021-09-22 14:50:03.726000-04:00,2021-09-22 14:51:00-04:00,0.203335347279404,-7.092701610045271e-05,0.5342465753424658,-0.5990449094816778,-1.2152108264044206,0.435555315533667,-0.6234504857580476,-0.585453880296519,False,False,False,True,3.427983807779449,-0.06086959129703928,-0.4435958470585347,ES
20210922_a05,20210922,2021-09-22,5,additional_2018_2022,contaminated_2016_2022,8.6,2021-09-22 14:52:27.155999999-04:00,2021-09-22 14:53:00-04:00,0.0700020139460707,-7.092701610045271e-05,0.6153846153846154,-0.03075139136639,-0.7062199579284456,-0.2035663799632981,-0.6687593852454138,-0.701636304165908,False,False,False,True,2.8533112870839936,0.13410780624331278,0.04843410091132633,ES
20210922_a06,20210922,2021-09-22,6,additional_2018_2022,contaminated_2016_2022,8.6,2021-09-22 14:53:02.225999999-04:00,2021-09-22 14:54:00-04:00,0.078335347279404,-7.092701610045271e-05,0.6470588235294118,1.8848048894717824,-2.51811158359372,0.4022839975818042,0.5183588410221837,0.5871869682783372,False,False,False,True,5.703855961166649,0.12192171889704079,1.047208042538116,ES
20210922_a07,20210922,2021-09-22,7,additional_2018_2022,contaminated_2016_2022,8.6,2021-09-22 14:56:36.046000-04:00,2021-09-22 14:57:00-04:00,0.053335347279404,-7.092701610045271e-05,0.5877192982456141,0.521828543297188,-2.5933454409674943,0.4664268728653913,0.4161677128326571,0.4010811613119525,False,False,False,True,-8.561888704771064,0.1584799809358568,0.4492339339474925,ES
20210922_a08,20210922,2021-09-22,8,additional_2018_2022,contaminated_2016_2022,8.6,2021-09-22 14:57:37.786000-04:00,2021-09-22 14:58:00-04:00,-0.1299979860539292,-7.092701610045271e-05,0.4583333333333333,0.5721176949505262,0.2060223130108093,-0.4153923046648021,-0.5474165548652726,-0.463748363374634,False,False,False,True,7.4203034313159995,0.42657390255384076,0.6911592677271824,ES
20210922_a09,20210922,2021-09-22,9,additional_2018_2022,contaminated_2016_2022,8.6,2021-09-22 14:59:16.216000-04:00,2021-09-22 15:00:00-04:00,0.203335347279404,-7.092701610045271e-05,0.6122448979591837,-0.0842841322024735,-1.310193686890046,-0.4726247374508576,-0.7950934823905446,-0.745735690547373,False,False,False,True,-3.4234851412765117,-0.06086959129703928,-0.22363762016502092,ES
20210922_a10,20210922,2021-09-22,10,additional_2018_2022,contaminated_2016_2022,8.6,2021-09-22 15:02:11.695999999-04:00,2021-09-22 15:03:00-04:00,0.0604782044222612,-7.092701610045271e-05,0.6236559139784946,-0.8457843066925755,-1.2884710086512856,0.8091926720490584,-0.6726471836319464,-0.6839930996914263,False,False,False,True,-0.5704343859390308,0.1480347632104807,-0.31254996738379004,ES
20210922_a11,20210922,2021-09-22,11,additional_2018_2022,contaminated_2016_2022,8.6,2021-09-22 15:03:25.296000-04:00,2021-09-22 15:04:00-04:00,-0.0823789384348816,-7.092701610045271e-05,0.4827586206896552,-0.2331487689288556,-1.7728245168782666,1.0580121450114268,-1.111209718546878,-1.0882302025863029,False,False,False,True,-2.852660124893356,0.35693911771800074,0.17473542435824307,ES
20210922_a12,20210922,2021-09-22,12,additional_2018_2022,contaminated_2016_2022,8.6,2021-09-22 15:05:05.835999999-04:00,2021-09-22 15:06:00-04:00,-0.0466646527205959,-7.092701610045271e-05,0.5263157894736842,1.3591488770775968,0.0559209906794851,1.620030911819846,0.5572175527601014,0.5422137710364973,False,False,False,True,4.567252876835368,0.30471302909112075,1.0272306659911326,ES
20210922_a14,20210922,2021-09-22,14,additional_2018_2022,contaminated_2016_2022,8.6,2021-09-22 15:06:45.755999999-04:00,2021-09-22 15:07:00-04:00,0.0604782044222612,-7.092701610045271e-05,0.5151515151515151,0.6665583926888987,-0.7203304809155205,-0.0082618593425698,0.5714909512088533,0.5917932364050797,False,False,False,True,6.8465798304071575,0.1480347632104807,0.5202794356140117,ES
20210922_a15,20210922,2021-09-22,15,additional_2018_2022,contaminated_2016_2022,8.6,2021-09-22 15:08:34.096000-04:00,2021-09-22 15:09:00-04:00,0.203335347279404,-7.092701610045271e-05,0.5116279069767442,0.5867536914888408,-1.351146060182877,0.5792937817203925,0.5925144976089993,0.6030812804029256,False,False,False,True,5.132738428575739,-0.06086959129703928,0.23507306288369917,ES
20210922_a16,20210922,2021-09-22,16,additional_2018_2022,contaminated_2016_2022,8.6,2021-09-22 15:10:25.745999999-04:00,2021-09-22 15:11:00-04:00,0.0268647590441099,-7.092701610045271e-05,0.6461538461538462,-0.4302298265473053,-0.5610403611572322,1.1920435671957588,-0.2397138796476081,-0.1482364662539195,False,False,False,True,9.109542875454622,0.1971887289769561,-0.015045485229578326,ES
20210922_a17,20210922,2021-09-22,17,additional_2018_2022,contaminated_2016_2022,8.6,2021-09-22 15:12:30.285999999-04:00,2021-09-22 15:13:00-04:00,-0.0274338834898267,-7.092701610045271e-05,0.6129032258064516,-1.3996852516020204,-1.9655965152826052,-0.1213462052219579,-1.6846922669758746,-1.6612420163155857,False,False,False,True,-2.8453549772274607,0.2765912890612623,-0.5227970863246906,ES
20210922_a18,20210922,2021-09-22,18,additional_2018_2022,contaminated_2016_2022,8.6,2021-09-22 15:14:39.956000-04:00,2021-09-22 15:15:00-04:00,-0.0907822997794194,-7.092701610045271e-05,0.6268656716417911,-0.4939006831688333,-1.8370281560787975,0.7754630418093181,-0.9368562256898056,-0.9507727241772332,False,False,False,True,0.0,0.36922760915961955,0.08738023484753105,ES
20210922_a21,20210922,2021-09-22,21,additional_2018_2022,contaminated_2016_2022,8.6,2021-09-22 15:16:32.196000-04:00,2021-09-22 15:17:00-04:00,0.0604782044222612,-7.092701610045271e-05,0.6428571428571429,0.5280319649429633,-2.133114249796152,1.0817978446259078,-0.9096692682007052,-0.8093533855574337,False,False,False,True,1.1375270174930023,0.1480347632104807,0.2980779052755975,ES
20210922_a22,20210922,2021-09-22,22,additional_2018_2022,contaminated_2016_2022,8.6,2021-09-22 15:19:09.336000-04:00,2021-09-22 15:20:00-04:00,0.1557162996603564,-7.092701610045271e-05,0.5609756097560976,-1.056063590437686,-1.2031541595457278,0.8355184994164798,-1.7951082312645898,-1.7280596534961354,False,False,False,True,1.13636363758608,0.00876519353880062,-0.6966886515858622,ES
20210922_a23,20210922,2021-09-22,23,additional_2018_2022,contaminated_2016_2022,8.6,2021-09-22 15:20:33.725999999-04:00,2021-09-22 15:21:00-04:00,0.1124262563703131,-7.092701610045271e-05,0.6216216216216216,-1.5473944951529597,-1.782021600315831,-1.033630545066427,-1.718520742284924,-1.6817403941185596,False,False,False,True,0.0,0.0720695433895644,-0.8400344507057048,ES
20210922_a24,20210922,2021-09-22,24,additional_2018_2022,contaminated_2016_2022,8.6,2021-09-22 15:21:02.975999999-04:00,2021-09-22 15:22:00-04:00,-0.4633313193872626,-7.092701610045271e-05,0.375,1.87436739716284,-2.249848608434399,-0.6037565313643296,0.3268643636253979,0.3337463088373278,False,False,False,True,5.680204640086013,0.9140173964047211,1.9717873319667496,ES
20210922_a26,20210922,2021-09-22,26,additional_2018_2022,contaminated_2016_2022,8.6,2021-09-22 15:23:49.426000-04:00,2021-09-22 15:24:00-04:00,0.1477797917238485,-7.092701610045271e-05,0.5052631578947369,-0.6595301193572551,-1.3100416878949064,0.9720827869555992,-0.2220329222994777,-0.2000243307639543,False,False,False,True,2.2735023401330765,0.02037099101144063,-0.33133152687802186,ES
20210922_a27,20210922,2021-09-22,27,additional_2018_2022,contaminated_2016_2022,8.6,2021-09-22 15:24:54.825999999-04:00,2021-09-22 15:25:00-04:00,0.103335347279404,-7.092701610045271e-05,0.6764705882352942,0.2987699072498974,-0.6792417375640142,1.5170232979262903,-0.8802124900203699,-0.8036820098391088,False,False,False,True,-5.115816510607471,0.08536345685822477,0.11994601575416053,ES
20211103_a00,20211103,2021-11-03,0,additional_2018_2022,contaminated_2016_2022,8.6,2021-11-03 14:40:37.836000-04:00,2021-11-03 14:41:00-04:00,-0.1400131852542435,-0.0001780880467302,0.5692307692307692,-0.7755771631479008,0.8356682395970456,-1.0801844461439036,-1.3532387385857303,-1.2983609446866542,False,False,False,True,-0.5400005401317046,0.441219433623282,-0.0011141846972445857,ES
20211103_a01,20211103,2021-11-03,1,additional_2018_2022,contaminated_2016_2022,8.6,2021-11-03 14:41:13.176000-04:00,2021-11-03 14:42:00-04:00,0.1933201480790897,-0.0001780880467302,0.75,0.3988750655202748,-0.193085546975274,-3.416641931318213,1.404068077795155,1.462717704742177,False,False,False,True,4.319188059805243,-0.04622406022759812,0.2522827695577099,ES
20211103_a02,20211103,2021-11-03,2,additional_2018_2022,contaminated_2016_2022,8.6,2021-11-03 14:43:11.616000-04:00,2021-11-03 14:44:00-04:00,0.3471663019252436,-0.0001780880467302,0.5079365079365079,0.8981423165836807,0.8468310971290413,0.2506968057492892,0.0316508082727688,0.0939040042323229,False,False,False,True,1.0790396557541222,-0.27119798046646604,0.06713529432757903,ES
20211103_a04,20211103,2021-11-03,4,additional_2018_2022,contaminated_2016_2022,8.6,2021-11-03 14:46:26.856000-04:00,2021-11-03 14:47:00-04:00,0.2599868147457564,-0.0001780880467302,0.6666666666666666,0.9740433478969966,0.3956947247514782,-1.0522846840542086,1.6684080090405182,1.6608261518830376,False,False,False,True,8.084728389271808,-0.1437127589977742,0.42982953562601856,ES
20211103_a05,20211103,2021-11-03,5,additional_2018_2022,contaminated_2016_2022,8.6,2021-11-03 14:47:29.555999999-04:00,2021-11-03 14:48:00-04:00,0.1933201480790897,-0.0001780880467302,0.5384615384615384,1.3285867250593522,1.0749176989656368,-0.3066832089915937,1.0908292202761825,1.101784779191249,False,False,False,True,-1.077644270669747,-0.04622406022759812,0.649205149748801,ES
20211103_a06,20211103,2021-11-03,6,additional_2018_2022,contaminated_2016_2022,8.6,2021-11-03 14:48:09.748500-04:00,2021-11-03 14:49:00-04:00,0.1933201480790897,-0.0001780880467302,0.7222222222222222,-0.3832334781909469,1.0558210850723473,0.4627165837140912,0.19335146450159,0.129570985036853,False,False,False,True,6.463776147484044,-0.04622406022759812,-0.23896231576507881,ES
20211103_a07,20211103,2021-11-03,7,additional_2018_2022,contaminated_2016_2022,8.6,2021-11-03 14:51:31.296000-04:00,2021-11-03 14:52:00-04:00,-0.0923941376351959,-0.0001780880467302,0.5691056910569106,1.4196592975021625,0.1560303269198663,-1.1015860305754075,0.9110376731924684,0.9713294219545278,False,False,False,True,4.845613468704842,0.37158464878744196,1.1731919558436614,ES
20211103_a08,20211103,2021-11-03,8,additional_2018_2022,contaminated_2016_2022,8.6,2021-11-03 14:55:21.166000-04:00,2021-11-03 14:56:00-04:00,0.0683201480790897,-0.0001780880467302,0.5816326530612245,1.3044613943379877,0.0892824460597746,-0.5338858979044769,1.1032885286500411,1.12930728233285,False,False,False,True,1.0761945770182986,0.136567249966482,0.8585632871356585,ES
20211103_a10,20211103,2021-11-03,10,additional_2018_2022,contaminated_2016_2022,8.6,2021-11-03 14:56:29.526000-04:00,2021-11-03 14:57:00-04:00,-0.0066798519209102,-0.0001780880467302,0.782608695652174,-1.2354684269830978,0.5032830508145097,-0.0408881435555074,-0.8169843550525181,-0.6654610876890209,False,False,False,True,-2.690703635230052,0.24624203608292994,-0.3905689875433268,ES
20211103_a11,20211103,2021-11-03,11,additional_2018_2022,contaminated_2016_2022,8.6,2021-11-03 14:57:39.206000-04:00,2021-11-03 14:58:00-04:00,0.0115019662609079,-0.0001780880467302,0.4827586206896552,0.7492539818792289,-0.0259085030132011,0.5658651437696774,0.1920744862711834,0.2902622085012823,False,False,False,True,-1.0764262658403587,0.21965420914560932,0.6039475553539075,ES
20211103_a12,20211103,2021-11-03,12,additional_2018_2022,contaminated_2016_2022,8.6,2021-11-03 15:00:00.006000-04:00,2021-11-03 15:01:00-04:00,0.0683201480790897,-0.0001780880467302,0.5384615384615384,-0.6098795337600585,0.6192532887721062,-0.2601132086676469,-1.6832808477080572,-1.6692554383393616,False,False,False,True,-3.2292788224653335,0.136567249966482,-0.3249650897168727,ES
20211103_a13,20211103,2021-11-03,13,additional_2018_2022,contaminated_2016_2022,8.6,2021-11-03 15:02:20.885999999-04:00,2021-11-03 15:03:00-04:00,0.0504630052219469,-0.0001780880467302,0.6265060240963856,0.8619403883732558,0.4317083449308638,0.3987847288907669,0.166142491010768,0.2496080634198035,False,False,False,True,-1.6144221749047263,0.16268029427992195,0.5850204666455019,ES
20211103_a14,20211103,2021-11-03,14,additional_2018_2022,contaminated_2016_2022,8.6,2021-11-03 15:04:06.566000-04:00,2021-11-03 15:05:00-04:00,0.0683201480790897,-0.0001780880467302,0.5370370370370371,1.5504355680651427,0.3546031228187103,-0.2529302625454431,1.5524238551228404,1.5512095257667835,False,False,False,True,0.5381696850304917,0.136567249966482,1.0203567041623596,ES
20211103_a15,20211103,2021-11-03,15,additional_2018_2022,contaminated_2016_2022,8.6,2021-11-03 15:06:33.595999999-04:00,2021-11-03 15:07:00-04:00,0.1933201480790897,-0.0001780880467302,0.6111111111111112,0.5377297290001036,0.7225907324004943,-0.4217844175892948,0.8443537090545603,0.837299767453655,False,False,False,True,1.0763683342830697,-0.04622406022759812,0.2568206618549363,ES
20211103_a16,20211103,2021-11-03,16,additional_2018_2022,contaminated_2016_2022,8.6,2021-11-03 15:10:06.215999999-04:00,2021-11-03 15:11:00-04:00,0.0010124557713974,-0.0001780880467302,0.5086206896551724,1.041428075352635,0.1858909742840333,-0.5314551193083499,1.6291533136592815,1.6282747964221524,False,False,False,True,-2.6896904328486415,0.23499334007098666,0.9109602912861987,ES
20211103_a17,20211103,2021-11-03,17,additional_2018_2022,contaminated_2016_2022,8.6,2021-11-03 15:11:42.146000-04:00,2021-11-03 15:12:00-04:00,0.1933201480790897,-0.0001780880467302,0.4727272727272727,-1.247645973402493,-0.2807269091354247,-0.5950554516407569,-1.4756710576275278,-1.4606960698924372,False,False,False,True,-1.0760208758427663,-0.04622406022759812,-0.8172184187335424,ES
20211103_a18,20211103,2021-11-03,18,additional_2018_2022,contaminated_2016_2022,8.6,2021-11-03 15:14:45.785999999-04:00,2021-11-03 15:15:00-04:00,0.157605862364804,-0.0001780880467302,0.5660377358490566,0.4665331819243411,0.7007377647463046,-0.5520715444669193,0.2468992244951584,0.3143798850036116,False,False,False,True,1.0757893614797107,0.0060020283992819334,0.222727643762134,ES
20211103_a20,20211103,2021-11-03,20,additional_2018_2022,contaminated_2016_2022,8.6,2021-11-03 15:16:27.466000-04:00,2021-11-03 15:17:00-04:00,0.1933201480790897,-0.0001780880467302,0.4375,-1.0577765109461394,1.4926026648365407,-0.8482157345645324,0.0532800596071954,0.0521246705014075,False,False,False,True,-1.0759051062076546,-0.04622406022759812,-0.5661502034627559,ES
20211103_a21,20211103,2021-11-03,21,additional_2018_2022,contaminated_2016_2022,8.6,2021-11-03 15:18:00.905999999-04:00,2021-11-03 15:19:00-04:00,0.1933201480790897,-0.0001780880467302,0.6222222222222222,-1.4158374978016204,0.0565432610125066,-0.6188373395034173,-0.4890670633827651,-0.5009423520855453,False,False,False,True,-3.7661744183895864,-0.04622406022759812,-0.7897755492270745,ES
20211103_a23,20211103,2021-11-03,23,additional_2018_2022,contaminated_2016_2022,8.6,2021-11-03 15:26:09.586000-04:00,2021-11-03 15:27:00-04:00,0.0418049965639382,-0.0001780880467302,0.5947712418300654,0.4027748135496816,0.269832627470771,-1.2889928335851757,0.2717727102615163,0.268650950255189,False,False,False,True,0.5381986492503057,0.17534116425007473,0.3989337182107784,ES
20211215_a00,20211215,2021-12-15,0,additional_2018_2022,contaminated_2016_2022,8.6,2021-12-15 14:40:14.856000-05:00,2021-12-15 14:41:00-05:00,0.0380630850186489,-0.0006087517009238,0.6739130434782609,-0.6647481300692653,0.1854669659639347,-0.4815456286632091,-0.2820776788160284,-0.238854640973095,False,False,False,True,6.456125473081692,0.18081307556202503,-0.14775977364823595,ES
20211215_a01,20211215,2021-12-15,1,additional_2018_2022,contaminated_2016_2022,8.6,2021-12-15 14:42:30.216000-05:00,2021-12-15 14:43:00-05:00,-0.086936914981351,-0.0006087517009238,0.4411764705882353,0.2500565844140078,-0.3664698950858673,0.4647294171706188,1.427736414051279,1.4398599815743107,False,False,False,True,-12.37790433311259,0.363604385756105,0.6773716259700155,ES
20211215_a02,20211215,2021-12-15,2,additional_2018_2022,contaminated_2016_2022,8.6,2021-12-15 14:43:22.556000-05:00,2021-12-15 14:44:00-05:00,-0.086936914981351,-0.0006087517009238,0.5714285714285714,-1.676782776360179,0.1299140090904502,-0.504558564689347,-1.0184805621858954,-1.0830424838454602,False,False,False,True,-4.308951914133919,0.363604385756105,-0.4756174885102523,ES
20211215_a03,20211215,2021-12-15,3,additional_2018_2022,contaminated_2016_2022,8.6,2021-12-15 14:45:09.806000-05:00,2021-12-15 14:46:00-05:00,-0.1536035816480177,-0.0006087517009238,0.6071428571428571,-2.420390211985416,-0.4830886776742086,-0.4582637424481757,-1.1618591994793002,-1.1152378298217351,False,False,False,True,4.845091747765211,0.4610930845262811,-0.7182230987793228,ES
20211215_a04,20211215,2021-12-15,4,additional_2018_2022,contaminated_2016_2022,8.6,2021-12-15 14:48:10.616000-05:00,2021-12-15 14:49:00-05:00,-0.1457604443931157,-0.0006087517009238,0.6627906976744186,0.7107664781573207,-0.0800407557777562,-0.5593995738876298,1.4023425655838757,1.4420673289237664,False,False,False,True,-8.611874152999507,0.44962382584743676,0.9910699061664358,ES
20211215_a05,20211215,2021-12-15,5,additional_2018_2022,contaminated_2016_2022,8.6,2021-12-15 14:49:37.226000-05:00,2021-12-15 14:50:00-05:00,-0.3091591372035732,-0.0006087517009238,0.5531914893617021,-1.926623866110318,-0.2252061621798387,-1.4845250867686757,-0.9403854951942976,-0.9404230881831666,False,False,False,True,-9.697754113839125,0.6885667149900252,-0.19325002934856406,ES
20211215_a06,20211215,2021-12-15,6,additional_2018_2022,contaminated_2016_2022,8.6,2021-12-15 14:52:26.396000-05:00,2021-12-15 14:53:00-05:00,-0.2233005513449873,-0.0006087517009238,0.5444444444444444,0.2053194361111569,0.1223129761659511,-0.3959971694080401,1.0635614410628655,1.1218215465044372,False,False,False,True,8.605852510475552,0.5630130877860104,0.8569187754988109,ES
20211215_a07,20211215,2021-12-15,7,additional_2018_2022,contaminated_2016_2022,8.6,2021-12-15 14:53:11.595999999-05:00,2021-12-15 14:54:00-05:00,-0.4202702483146843,-0.0006087517009238,0.7368421052631579,0.8581331320361117,0.1059435845302583,-0.2827186287264636,1.1138558572072472,1.1237037206370626,False,False,False,True,-1.6130333126349048,0.8510478796069852,1.509866161431502,ES
20211215_a08,20211215,2021-12-15,8,additional_2018_2022,contaminated_2016_2022,8.6,2021-12-15 14:56:02.816000-05:00,2021-12-15 14:57:00-05:00,-0.2774131054575415,-0.0006087517009238,0.6847826086956522,0.1876796284221968,-0.2296976226159257,-0.8347723768299072,0.7020314637398819,0.7377056408344213,False,False,False,True,2.6921523920837305,0.6421435250994652,0.9050585771072333,ES
20211215_a09,20211215,2021-12-15,9,additional_2018_2022,contaminated_2016_2022,8.6,2021-12-15 14:57:41.196000-05:00,2021-12-15 14:58:00-05:00,-0.0155083435527796,-0.0006087517009238,0.5344827586206896,-0.6973574898333005,-0.9242341715380752,-2.136654635896513,-0.8836415798803327,-0.8342139269601899,False,False,False,True,-5.38502974779423,0.259152208502345,-0.13311611317569422,ES
20211215_a10,20211215,2021-12-15,10,additional_2018_2022,contaminated_2016_2022,8.6,2021-12-15 14:59:35.386000-05:00,2021-12-15 15:00:00-05:00,-0.1778460058904419,-0.0006087517009238,0.54,-2.845906208236238,-0.2912178879914468,-0.4503124976510448,-0.9250273864454804,-0.8968783829413821,False,False,False,True,5.383580210781283,0.49654352044270866,-0.8474028286103222,ES
20211215_a11,20211215,2021-12-15,11,additional_2018_2022,contaminated_2016_2022,8.6,2021-12-15 15:03:11.245999999-05:00,2021-12-15 15:04:00-05:00,-0.246936914981351,-0.0006087517009238,0.6224489795918368,-1.8324065146987432,0.1083961103700078,0.9079767813249734,-1.2081430314010568,-1.1714312731286425,False,False,False,True,1.6130333126356668,0.5975772628045275,-0.28732547417203247,ES
20211215_a12,20211215,2021-12-15,12,additional_2018_2022,contaminated_2016_2022,8.6,2021-12-15 15:04:10.766000-05:00,2021-12-15 15:05:00-05:00,0.1630630850186489,-0.0006087517009238,0.6333333333333333,-2.3345755365189373,-0.0989353164332471,-1.409263689931314,-1.3259121127368083,-1.184669183869117,False,False,False,True,16.65279319061249,-0.0019782346320550426,-1.2513051321580493,ES
20211215_a13,20211215,2021-12-15,13,additional_2018_2022,contaminated_2016_2022,8.6,2021-12-15 15:07:32.066000-05:00,2021-12-15 15:08:00-05:00,-0.2593507080847993,-0.0006087517009238,0.5206611570247934,-2.483686812648056,0.4847560316487163,-0.4604830962279485,-1.0986301274474717,-1.0871367171897486,False,False,False,True,7.5067027653753735,0.615730330851388,-0.5553396117707289,ES
20211215_a14,20211215,2021-12-15,14,additional_2018_2022,contaminated_2016_2022,8.6,2021-12-15 15:09:44.206000-05:00,2021-12-15 15:10:00-05:00,-0.086936914981351,-0.0006087517009238,0.5555555555555556,0.3427079084518845,-0.5092429424474512,-0.4197084041951853,0.4314950400788583,0.5205854973534304,False,False,False,True,1.0716390729851717,0.363604385756105,0.6139334645783199,ES
20211215_a15,20211215,2021-12-15,15,additional_2018_2022,contaminated_2016_2022,8.6,2021-12-15 15:11:06.746000-05:00,2021-12-15 15:12:00-05:00,0.0559202278757918,-0.0006087517009238,0.65625,-2.0048160416185965,-0.4019709965135419,0.4746731208828547,-0.2438715690312547,-0.2050868366345715,False,False,False,True,-2.6796002196829516,0.15470003124858495,-0.7952985301713097,ES
20211215_a16,20211215,2021-12-15,16,additional_2018_2022,contaminated_2016_2022,8.6,2021-12-15 15:13:55.846000-05:00,2021-12-15 15:14:00-05:00,-0.1424924705369065,-0.0006087517009238,0.6363636363636364,0.3086300100202568,-0.3830049290707067,-0.990630140136742,0.7870475110259681,0.8559305444050261,False,False,False,True,8.032774148696749,0.44484496806458496,0.7335264138713454,ES
20211215_a17,20211215,2021-12-15,17,additional_2018_2022,contaminated_2016_2022,8.6,2021-12-15 15:16:56.216000-05:00,2021-12-15 15:17:00-05:00,-0.4758258038702399,-0.0006087517009238,0.5648148148148148,-0.2858265417768309,0.1402036969445753,-0.1989978409353329,1.1998089709569637,1.1714814713377653,False,False,False,True,11.750882668264811,0.9322884619154654,1.0869336349459418,ES
20211215_a18,20211215,2021-12-15,18,additional_2018_2022,contaminated_2016_2022,8.6,2021-12-15 15:18:45.096000-05:00,2021-12-15 15:19:00-05:00,-0.286936914981351,-0.0006087517009238,0.5142857142857142,-2.3375320474993817,0.1471157489282409,-2.150127053634716,-1.1510237279367368,-1.1163428928175565,False,False,False,True,3.2039301817299473,0.6560704820666332,-0.44490373574326847,ES
20211215_a19,20211215,2021-12-15,19,additional_2018_2022,contaminated_2016_2022,8.6,2021-12-15 15:20:47.956000-05:00,2021-12-15 15:21:00-05:00,-0.1583654864099224,-0.0006087517009238,0.5737704918032787,0.3136243843129261,-0.1871575149954842,1.028467167867638,0.6698668129657942,0.7140117066821189,False,False,False,True,1.0675776672888486,0.468056563009865,0.7511663397493205,ES
20211215_a20,20211215,2021-12-15,20,additional_2018_2022,contaminated_2016_2022,8.6,2021-12-15 15:22:31.596000-05:00,2021-12-15 15:23:00-05:00,-0.0202702483146843,-0.0006087517009238,0.4761904761904761,-1.5527491673079334,-0.1542941468204242,-1.5760282115970257,-0.9326045692000764,-0.8660140980770258,False,False,False,True,-2.1327646041918618,0.2661156869859289,-0.5259428436278534,ES
20211215_a22,20211215,2021-12-15,22,additional_2018_2022,contaminated_2016_2022,8.6,2021-12-15 15:23:31.326000-05:00,2021-12-15 15:24:00-05:00,-0.086936914981351,-0.0006087517009238,0.5142857142857142,-0.618966936308572,-0.0429164421688055,-1.1372884832846122,0.1550182449590439,0.164221589855404,False,False,False,True,-3.733233823790653,0.363604385756105,0.13927734017850016,ES
20211215_a23,20211215,2021-12-15,23,additional_2018_2022,contaminated_2016_2022,8.6,2021-12-15 15:26:22.925999999-05:00,2021-12-15 15:27:00-05:00,-0.4202702483146843,-0.0006087517009238,0.6153846153846154,-2.255723412066099,0.9877220446470012,0.1970513717630821,-0.6332240523708471,-0.5609967997274713,False,False,False,True,5.337033803365856,0.8510478796069852,-0.1179636300542436,ES
20211215_a24,20211215,2021-12-15,24,additional_2018_2022,contaminated_2016_2022,8.6,2021-12-15 15:28:43.196000-05:00,2021-12-15 15:29:00-05:00,-0.3222310326284098,-0.0006087517009238,0.5125,-1.629092277123431,-0.0578533123592474,-0.4577753326901695,-0.0581583092660581,-0.0398272899972982,False,False,False,True,4.799104259331549,0.7076821461214322,0.06155359391553422,ES
20211215_a25,20211215,2021-12-15,25,additional_2018_2022,contaminated_2016_2022,8.6,2021-12-15 15:30:27.496000-05:00,2021-12-15 15:31:00-05:00,-0.149436914981351,-0.0006087517009238,0.6730769230769231,1.3108136993033106,0.1873441516359821,-0.1192103470073143,1.4488435941360027,1.4980334317681845,False,False,False,True,2.6668800328751474,0.45500004085314505,1.2802349897222376,ES
20211215_a26,20211215,2021-12-15,26,additional_2018_2022,contaminated_2016_2022,8.6,2021-12-15 15:31:26.836000-05:00,2021-12-15 15:32:00-05:00,-0.086936914981351,-0.0006087517009238,0.625,-0.5007237522094504,-0.4131069127735304,0.1785778102336815,0.9576587110769516,0.9822097902812782,False,False,False,True,1.599786698519314,0.363604385756105,0.27967388432274665,ES
20220126_a00,20220126,2022-01-26,0,additional_2018_2022,contaminated_2016_2022,8.6,2022-01-26 14:40:15.336000-05:00,2022-01-26 14:41:00-05:00,-0.0471111014057469,3.596734165367543e-05,0.7659574468085106,-2.276358252950125,1.6942993728628866,0.7409519616092263,-0.8418255126037173,-0.8463971693433822,True,False,False,True,-16.458106493009335,0.30536588461186615,-0.8041377788171948,ES
20220126_a01,20220126,2022-01-26,1,additional_2018_2022,contaminated_2016_2022,8.6,2022-01-26 14:43:50.475999999-05:00,2022-01-26 14:44:00-05:00,0.061863257568612,3.596734165367543e-05,0.5581395348837209,-0.3711133640919044,1.2341382898393294,-0.1738685295944035,1.813172224184848,1.819016631587403,True,False,False,True,-32.47033528742927,0.14600935777600155,0.17004422082824386,ES
20220126_a02,20220126,2022-01-26,2,additional_2018_2022,contaminated_2016_2022,8.6,2022-01-26 14:46:30.905999999-05:00,2022-01-26 14:47:00-05:00,-0.0804444347390802,3.596734165367543e-05,0.6282051282051282,0.8645741906714287,1.6407571835368306,0.2459902204230223,1.5208728215743494,1.5545940205885396,True,False,False,True,-10.31636955319339,0.3541102339969541,0.9603801999738519,ES
20220126_a03,20220126,2022-01-26,3,additional_2018_2022,contaminated_2016_2022,8.6,2022-01-26 14:48:02.205999999-05:00,2022-01-26 14:49:00-05:00,-0.1304444347390802,3.596734165367543e-05,0.6136363636363636,-1.9667373410464184,1.3026383175736296,0.485976109825988,-1.39653437868614,-1.4008017657218206,True,False,False,True,5.170482406287248,0.4272267580745862,-0.5738893509173785,ES
20220126_a04,20220126,2022-01-26,4,additional_2018_2022,contaminated_2016_2022,8.6,2022-01-26 14:50:14.566000-05:00,2022-01-26 14:51:00-05:00,-0.0127973759155508,3.596734165367543e-05,0.5416666666666666,0.4017623257015538,2.118437813880854,0.7586161996943213,1.1350118736928425,1.121893796431787,True,False,False,True,40.663267278792034,0.25518787789192254,0.5863444795115428,ES
20220126_a05,20220126,2022-01-26,5,additional_2018_2022,contaminated_2016_2022,8.6,2022-01-26 14:51:27.466000-05:00,2022-01-26 14:52:00-05:00,-0.2554444347390802,3.596734165367543e-05,0.5294117647058824,0.5642257652452464,1.186639059381357,0.4134573825644933,1.3652359880036808,1.4502218645192526,True,False,False,True,-12.01063943748505,0.6100180682686662,1.111615679320039,ES
20220126_a06,20220126,2022-01-26,6,additional_2018_2022,contaminated_2016_2022,8.6,2022-01-26 14:53:04.686000-05:00,2022-01-26 14:54:00-05:00,-0.5304444347390802,3.596734165367543e-05,0.5833333333333334,0.0850721859684139,2.0760185968370486,0.5346283594690608,0.3975916775799146,0.3612358073615882,True,False,False,True,-4.577444721454751,1.0121589506956425,1.268778034671834,ES
20220126_a07,20220126,2022-01-26,7,additional_2018_2022,contaminated_2016_2022,8.6,2022-01-26 14:58:01.006000-05:00,2022-01-26 14:59:00-05:00,-0.2594766928035963,3.596734165367543e-05,0.6095890410958904,-0.2860916917924783,1.9590010140931269,0.4454938822234893,1.6510859040603958,1.6447091510410432,True,False,False,True,9.159606777332959,0.6159145621458946,0.7555917039560629,ES
20220126_a08,20220126,2022-01-26,8,additional_2018_2022,contaminated_2016_2022,8.6,2022-01-26 15:02:15.245999999-05:00,2022-01-26 15:03:00-05:00,-0.3425656468602923,3.596734165367543e-05,0.689922480620155,0.198763871851114,1.751589118159815,0.1844851188525949,1.730516585501545,1.7620163873813632,True,False,False,True,-28.262455726771993,0.7374180723433281,1.1342053362943418,ES
20220126_a09,20220126,2022-01-26,9,additional_2018_2022,contaminated_2016_2022,8.6,2022-01-26 15:06:14.316000-05:00,2022-01-26 15:07:00-05:00,-0.2073675116621571,3.596734165367543e-05,0.5895522388059702,-1.5089912292697736,1.4566994929417163,0.6356382751023087,-1.1334994760274413,-1.1183941683241514,True,False,False,True,3.4670056975052024,0.5397137181940201,-0.19904120637072353,ES
20220126_a10,20220126,2022-01-26,10,additional_2018_2022,contaminated_2016_2022,8.6,2022-01-26 15:08:52.856000-05:00,2022-01-26 15:09:00-05:00,-0.3804444347390802,3.596734165367543e-05,0.6111111111111112,-2.21738404574801,1.2020084362906014,-0.0413965248254841,-0.8562788605974934,-0.7922130268241719,True,False,False,True,-23.1884161874901,0.7928093784627464,-0.19385982926414763,ES
20220126_a11,20220126,2022-01-26,11,additional_2018_2022,contaminated_2016_2022,8.6,2022-01-26 15:10:55.466000-05:00,2022-01-26 15:11:00-05:00,-0.0395353438299893,3.596734165367543e-05,0.509090909090909,-2.843699157276663,1.9236394678216528,-0.734036478813392,-1.322984641526067,-1.2358228381868257,True,False,False,True,20.23063607253787,0.2942876233879825,-1.1313906999431584,ES
20220126_a12,20220126,2022-01-26,12,additional_2018_2022,contaminated_2016_2022,8.6,2022-01-26 15:13:31.896000-05:00,2022-01-26 15:14:00-05:00,-0.1304444347390802,3.596734165367543e-05,0.6818181818181818,-1.7095549616253018,1.2317782001449311,1.0473519466247805,-0.8210474334338977,-0.7179088999074702,True,False,False,True,-15.61370853562364,0.4272267580745862,-0.39342270209271457,ES
20220126_a13,20220126,2022-01-26,13,additional_2018_2022,contaminated_2016_2022,8.6,2022-01-26 15:14:58.026000-05:00,2022-01-26 15:15:00-05:00,-0.2554444347390802,3.596734165367543e-05,0.4838709677419355,-0.1943085519180306,1.6685269245225258,-0.4854719602770513,1.4363032006463097,1.4101455969234589,True,False,False,True,-5.7890472845175065,0.6100180682686662,0.7680832541432558,ES
20220126_a14,20220126,2022-01-26,14,additional_2018_2022,contaminated_2016_2022,8.6,2022-01-26 15:16:41.016000-05:00,2022-01-26 15:17:00-05:00,-0.2480914935626096,3.596734165367543e-05,0.5970149253731343,-2.4234289808613614,0.6627513566339337,0.2499922337304588,-1.1594265483081714,-1.1109466434482806,True,False,False,True,-20.83213530428546,0.5992656382572498,-0.5536792946642013,ES
20220126_a15,20220126,2022-01-26,15,additional_2018_2022,contaminated_2016_2022,8.6,2022-01-26 15:17:33.785999999-05:00,2022-01-26 15:18:00-05:00,-0.1304444347390802,3.596734165367543e-05,0.6363636363636364,-0.0372833929741651,0.2121555864457803,0.8612871119029579,1.950001880087715,1.970690659138344,True,False,False,True,-1.7379717912997945,0.4272267580745862,0.6763980294770081,ES
20220126_a16,20220126,2022-01-26,16,additional_2018_2022,contaminated_2016_2022,8.6,2022-01-26 15:20:22.256000-05:00,2022-01-26 15:21:00-05:00,-0.312262616557262,3.596734165367543e-05,0.5617977528089888,-1.472636753636684,0.3075500314467831,0.0094264059486779,-0.697581856959987,-0.6933652656118062,True,False,False,True,17.408464908237868,0.6931050274477937,0.04825136679245112,ES
20220126_a17,20220126,2022-01-26,17,additional_2018_2022,contaminated_2016_2022,8.6,2022-01-26 15:21:48.346000-05:00,2022-01-26 15:22:00-05:00,-0.1304444347390802,3.596734165367543e-05,0.525,-0.7362600774796633,1.1295854448980331,0.4190500917850944,0.0273645800348075,0.1463551705696607,True,False,False,True,-14.505790352901453,0.4272267580745862,0.14765290320185195,ES
20220126_a18,20220126,2022-01-26,18,additional_2018_2022,contaminated_2016_2022,8.6,2022-01-26 15:22:25.346000-05:00,2022-01-26 15:23:00-05:00,-0.1304444347390802,3.596734165367543e-05,0.5625,-1.5415999983564943,-0.1717828575855297,-0.9228710491410425,-0.9842007836994288,-1.0006140049008925,True,False,False,True,-9.294760748171232,0.4272267580745862,-0.33309099817900634,ES
20220126_a19,20220126,2022-01-26,19,additional_2018_2022,contaminated_2016_2022,8.6,2022-01-26 15:24:40.276000-05:00,2022-01-26 15:25:00-05:00,-0.0395353438299893,3.596734165367543e-05,0.5714285714285714,0.5343145954640767,1.1294304950845877,0.2718996022730903,0.9671327004642356,0.9543155697963422,True,False,False,True,-4.64576082688018,0.2942876233879825,0.676671086355549,ES
20220126_a20,20220126,2022-01-26,20,additional_2018_2022,contaminated_2016_2022,8.6,2022-01-26 15:25:56.026000-05:00,2022-01-26 15:26:00-05:00,-0.0471111014057469,3.596734165367543e-05,0.574468085106383,-1.6868386986617945,2.0564991945908004,0.2756199462898772,-0.6697469757011881,-0.6544869371918928,True,False,False,True,16.831600944011697,0.30536588461186615,-0.5128903115432146,ES
20220504_a00,20220504,2022-05-04,0,additional_2018_2022,contaminated_2016_2022,8.6,2022-05-04 14:41:16.915999999-04:00,2022-05-04 14:42:00-04:00,-0.2516513104277273,0.0008169327887115,0.6052631578947368,0.325562440183935,-0.4613161700897786,-0.7214486007311477,1.2919431928071303,1.2864075507050283,True,False,False,True,-24.487126638393182,0.6044712669678566,0.9866672696801476,ES
20220504_a01,20220504,2022-05-04,1,additional_2018_2022,contaminated_2016_2022,8.6,2022-05-04 14:43:32.736000-04:00,2022-05-04 14:44:00-04:00,-0.4095460472698327,0.0008169327887115,0.5517241379310345,0.3169377094304575,-0.7394654674664342,0.0037643776969947,1.0801682966683892,1.0960423328044018,True,False,False,True,6.547814156975085,0.8353655535288,1.236951804913589,ES
20220504_a02,20220504,2022-05-04,2,additional_2018_2022,contaminated_2016_2022,8.6,2022-05-04 14:45:34.426000-04:00,2022-05-04 14:46:00-04:00,-0.3849846437610607,0.0008169327887115,0.7068965517241379,0.9706472543234984,-0.4743811268737899,-0.284815040896854,1.61155419326254,1.6295821777579482,True,False,False,True,27.874169220587362,0.7994486645082088,1.5531897179597633,ES
20220504_a03,20220504,2022-05-04,3,additional_2018_2022,contaminated_2016_2022,8.6,2022-05-04 14:46:33.275999999-04:00,2022-05-04 14:47:00-04:00,-0.1405401993166163,0.0008169327887115,0.5789473684210527,0.6024342723584887,0.5555586717651025,-0.0462735104081442,1.3486117894663072,1.459379923500995,True,False,False,True,13.021605864836124,0.44199010235089664,0.9260355741105898,ES
20220504_a04,20220504,2022-05-04,4,additional_2018_2022,contaminated_2016_2022,8.6,2022-05-04 14:48:39.556000-04:00,2022-05-04 14:49:00-04:00,-0.1463881525329905,0.0008169327887115,0.5384615384615384,-1.5768595529264704,-0.2097198423550815,-0.5170661198794331,-0.9685052168943225,-1.0160100135554078,True,False,False,True,-12.422729273669093,0.45054174259389446,-0.319778762457931,ES
20220504_a05,20220504,2022-05-04,5,additional_2018_2022,contaminated_2016_2022,8.6,2022-05-04 14:50:32.216000-04:00,2022-05-04 14:51:00-04:00,-0.3104748398394921,0.0008169327887115,0.5409836065573771,-1.078625618377439,-1.7198231412710558,-0.0109669143835855,0.360944744487009,0.3792553679575765,True,False,False,True,17.753584968483146,0.6904907070591886,0.3404727289702062,ES
20220504_a06,20220504,2022-05-04,6,additional_2018_2022,contaminated_2016_2022,8.6,2022-05-04 14:52:17.855999999-04:00,2022-05-04 14:53:00-04:00,-0.2516513104277273,0.0008169327887115,0.5471698113207547,-0.3050516229454829,-1.300028995491323,-0.7592085817635414,0.7749370774972126,0.7999160934082991,True,False,False,True,24.783160144670006,0.6044712669678566,0.6395846641608505,ES
20220504_a07,20220504,2022-05-04,7,additional_2018_2022,contaminated_2016_2022,8.6,2022-05-04 14:54:00.746000-04:00,2022-05-04 14:55:00-04:00,-0.2516513104277273,0.0008169327887115,0.6341463414634146,0.0150676319868058,-0.9097653786729792,-0.7383201150100822,0.8649368353636788,0.8949292341064682,True,False,False,True,1.7670446224748029,0.6044712669678566,0.7973697104383026,ES
20220504_a08,20220504,2022-05-04,8,additional_2018_2022,contaminated_2016_2022,8.6,2022-05-04 14:56:24.196000-04:00,2022-05-04 14:57:00-04:00,-0.1990197314803589,0.0008169327887115,0.6461538461538462,-0.676820287346275,-0.2420044629526154,-0.640034763392373,0.1861981530095804,0.2054335336611404,True,False,False,True,-8.837305786210578,0.5275065047808755,0.3123700002848364,ES
20220504_a09,20220504,2022-05-04,9,additional_2018_2022,contaminated_2016_2022,8.6,2022-05-04 14:58:41.645999999-04:00,2022-05-04 14:59:00-04:00,-0.1990197314803589,0.0008169327887115,0.6666666666666666,-0.6560676447828899,-0.2133120594226829,0.5326197680946029,1.2618684087420249,1.280521160771696,True,False,False,True,5.303945670500449,0.5275065047808755,0.436778782838304,ES
20220504_a10,20220504,2022-05-04,10,additional_2018_2022,contaminated_2016_2022,8.6,2022-05-04 15:00:20.566000-04:00,2022-05-04 15:01:00-04:00,-0.1516513104277273,0.0008169327887115,0.6346153846153846,-1.522540911391658,-0.7568306303995697,0.2616923078784837,-0.8823540672789587,-0.886536958511984,True,False,False,True,8.238686983985897,0.45823821881259247,-0.27621134856257207,ES
20220504_a11,20220504,2022-05-04,11,additional_2018_2022,contaminated_2016_2022,8.6,2022-05-04 15:01:40.655999999-04:00,2022-05-04 15:02:00-04:00,-0.5016513104277274,0.0008169327887115,0.5686274509803921,-1.07726730346593,-0.819973082896298,-0.6629620646441261,-0.8120078342827753,-0.8094640386651853,True,False,False,True,-3.530034748664574,0.9700538873560169,0.5511568109105162,ES
20220504_a12,20220504,2022-05-04,12,additional_2018_2022,contaminated_2016_2022,8.6,2022-05-04 15:02:53.245999999-04:00,2022-05-04 15:03:00-04:00,-0.2516513104277273,0.0008169327887115,0.5151515151515151,-2.5688709607339377,-0.7524154461204454,-0.2694256618844642,-0.8727524740366862,-0.8372398319283819,True,False,False,True,-19.436352085710144,0.6044712669678566,-0.5841646675828478,ES
20220504_a13,20220504,2022-05-04,13,additional_2018_2022,contaminated_2016_2022,8.6,2022-05-04 15:06:41.696000-04:00,2022-05-04 15:07:00-04:00,-0.2516513104277273,0.0008169327887115,0.6371681415929203,0.1565557110792338,-0.9761792367632376,-1.4842187185924136,1.604753401252457,1.6044150736958491,True,False,False,True,1.7665243679081326,0.6044712669678566,0.9418210802998469,ES
20220504_a14,20220504,2022-05-04,14,additional_2018_2022,contaminated_2016_2022,8.6,2022-05-04 15:08:03.496000-04:00,2022-05-04 15:09:00-04:00,-0.3516513104277274,0.0008169327887115,0.7352941176470589,-1.6466415743330785,-0.3767584284115174,-0.4223955242740431,-0.6152693181870187,-0.5022528661753595,True,False,False,True,-2.9388427049032333,0.7507043151231209,0.045562060469925114,ES
20220504_a15,20220504,2022-05-04,15,additional_2018_2022,contaminated_2016_2022,8.6,2022-05-04 15:10:51.856000-04:00,2022-05-04 15:11:00-04:00,-0.293317977094394,0.0008169327887115,0.5384615384615384,-0.4093401534762894,-0.0386743881707712,-0.2204780369235049,0.3309793245672788,0.2935547264133249,True,False,False,True,3.524643166372928,0.6654017036992167,0.6169938058796839,ES
20220504_a16,20220504,2022-05-04,16,additional_2018_2022,contaminated_2016_2022,8.6,2022-05-04 15:12:00.266000-04:00,2022-05-04 15:13:00-04:00,-0.2516513104277273,0.0008169327887115,0.6046511627906976,-1.2086385927273178,-0.5545372133153885,-0.147044390173628,-0.9803051849895664,-1.037330087863794,True,False,False,True,2.346178672267407,0.6044712669678566,0.03399318968664766,ES
20220504_a17,20220504,2022-05-04,17,additional_2018_2022,contaminated_2016_2022,8.6,2022-05-04 15:13:31.096000-04:00,2022-05-04 15:14:00-04:00,-0.2516513104277273,0.0008169327887115,0.5609756097560976,0.4161742820375264,-0.7670632159943079,-0.7390392745935224,1.0728600348614803,0.9934068775838,True,False,False,True,1.7591696764522478,0.6044712669678566,1.005228496661514,ES
20220504_a18,20220504,2022-05-04,18,additional_2018_2022,contaminated_2016_2022,8.6,2022-05-04 15:16:01.056000-04:00,2022-05-04 15:17:00-04:00,-0.2516513104277273,0.0008169327887115,0.5694444444444444,-2.778924894228284,0.5720421584219788,-0.6220926193570366,-1.0066704485749467,-0.9933754998669432,True,False,False,True,3.512263690030019,0.6044712669678566,-0.6956889293531352,ES
20220504_a19,20220504,2022-05-04,19,additional_2018_2022,contaminated_2016_2022,8.6,2022-05-04 15:18:25.976000-04:00,2022-05-04 15:19:00-04:00,-0.1087941675705845,0.0008169327887115,0.6282051282051282,-1.787722468031293,-1.035939300269766,-1.0379160045785505,-0.8110941850056687,-0.7869786549824425,True,False,False,True,-5.281535288993925,0.3955669124603365,-0.46650847624018754,ES
20220615_a00,20220615,2022-06-15,0,additional_2018_2022,contaminated_2016_2022,8.6,2022-06-15 14:42:21.966000-04:00,2022-06-15 14:43:00-04:00,0.1910156313954002,-0.0007886731513125,0.5584415584415584,-0.4522235218702393,1.1654747369405971,0.2244279556627142,-1.3385975211154535,-1.3851450969748444,True,False,False,True,15.743902491084375,-0.04285409523579237,-0.4303556088166688,ES
20220615_a01,20220615,2022-06-15,1,additional_2018_2022,contaminated_2016_2022,8.6,2022-06-15 14:45:44.186000-04:00,2022-06-15 14:46:00-04:00,0.1341594441044303,-0.0007886731513125,0.6548672566371682,0.987918459633368,0.5512723572096374,-0.1689033691491875,1.000368479169114,1.0454634538783685,True,False,False,True,-7.846727663447723,0.040288440504658796,0.585601191610656,ES
20220615_a02,20220615,2022-06-15,2,additional_2018_2022,contaminated_2016_2022,8.6,2022-06-15 14:48:28.956000-04:00,2022-06-15 14:49:00-04:00,-0.0397535993738305,-0.0007886731513125,0.5476190476190477,0.8934102044281917,1.2409119429892177,-0.8433482142849297,1.387517215981631,1.3768448085032754,True,False,False,True,-3.9406279243679814,0.2946067851225093,0.8881414202372186,ES
20220615_a03,20220615,2022-06-15,3,additional_2018_2022,contaminated_2016_2022,8.6,2022-06-15 14:49:12.196000-04:00,2022-06-15 14:50:00-04:00,-0.2619758215960527,-0.0007886731513125,0.64,0.7302893317068466,1.2911437190320068,-0.1083245984672602,1.2469353013015032,1.2043433262803251,True,False,False,True,15.753203126530396,0.6195691143564295,1.1873120658913219,ES
20220615_a04,20220615,2022-06-15,4,additional_2018_2022,contaminated_2016_2022,8.6,2022-06-15 14:51:22.356000-04:00,2022-06-15 14:52:00-04:00,0.0371694775492464,-0.0007886731513125,0.5344827586206896,-1.0840168937051942,1.120928485503199,0.350684671463267,-0.6864293054262438,-0.6603108530185032,True,False,False,True,-24.341316580861577,0.18211982500307544,-0.3834227378532076,ES
20220615_a05,20220615,2022-06-15,5,additional_2018_2022,contaminated_2016_2022,8.6,2022-06-15 14:52:08.306000-04:00,2022-06-15 14:53:00-04:00,-0.4397535993738305,-0.0007886731513125,0.35,-0.987336580573403,2.2774369998635144,0.5251308378910814,-0.8253057501233029,-0.881930120705802,True,False,False,True,-13.181310812484298,0.8795389777435657,0.4828237909206622,ES
20220615_a06,20220615,2022-06-15,6,additional_2018_2022,contaminated_2016_2022,8.6,2022-06-15 14:54:40.675999999-04:00,2022-06-15 14:55:00-04:00,-0.230229789850021,-0.0007886731513125,0.5882352941176471,0.904558586331624,0.6162570968432721,-0.214432886088837,1.1980211122579802,1.2543600006449869,True,False,False,True,9.88630826939435,0.5731459244658694,1.2070901799006353,ES
20220615_a08,20220615,2022-06-15,8,additional_2018_2022,contaminated_2016_2022,8.6,2022-06-15 14:56:40.086000-04:00,2022-06-15 14:57:00-04:00,-0.0397535993738305,-0.0007886731513125,0.5849056603773585,-1.1612291823439789,1.5447214264215077,1.4212014689851769,-1.0623800497688294,-1.0636815239610724,True,False,False,True,-23.12598077151689,0.2946067851225093,-0.3243977042870917,ES
20220615_a09,20220615,2022-06-15,9,additional_2018_2022,contaminated_2016_2022,8.6,2022-06-15 14:59:24.326000-04:00,2022-06-15 15:00:00-04:00,-0.0397535993738305,-0.0007886731513125,0.603448275862069,0.583697609657146,1.2275342632205866,-0.1351239032617172,1.1014840497633978,1.08580775262241,True,False,False,True,40.21232222489068,0.2946067851225093,0.7142515262247692,ES
20220615_a10,20220615,2022-06-15,10,additional_2018_2022,contaminated_2016_2022,8.6,2022-06-15 15:00:51.916000-04:00,2022-06-15 15:01:00-04:00,-0.6647535993738305,-0.0007886731513125,0.5,-0.1469900677991146,1.8340038329339663,-1.255223929696804,-1.2297086895191387,-1.281261820293481,True,False,False,True,-11.849902637460586,1.2085633360929098,1.2232027436109167,ES
20220615_a11,20220615,2022-06-15,11,additional_2018_2022,contaminated_2016_2022,8.6,2022-06-15 15:02:05.195999999-04:00,2022-06-15 15:03:00-04:00,-0.4147535993738305,-0.0007886731513125,0.5217391304347826,-0.1801193477578517,0.8103524302747642,0.7044671366704666,0.4256196935666767,0.4003756024599929,True,False,False,True,-13.85361569986864,0.8429807157047496,0.9461436136006115,ES
20220615_a12,20220615,2022-06-15,12,additional_2018_2022,contaminated_2016_2022,8.6,2022-06-15 15:03:59.296000-04:00,2022-06-15 15:04:00-04:00,-0.0397535993738305,-0.0007886731513125,0.5918367346938775,1.275905514961604,1.0242876918504296,-0.2646964395910386,0.6737599625621721,0.6795845179848822,True,False,False,True,17.14926876334804,0.2946067851225093,0.9890174152620269,ES
20220615_a13,20220615,2022-06-15,13,additional_2018_2022,contaminated_2016_2022,8.6,2022-06-15 15:05:50.736000-04:00,2022-06-15 15:06:00-04:00,-0.1574006581973599,-0.0007886731513125,0.6,1.586096846809662,1.2765939651881772,-0.3758326085362992,0.8120206344031926,0.8443778153572046,True,False,False,True,21.744152474037808,0.46664566530517293,1.353659538213989,ES
20220615_a15,20220615,2022-06-15,15,additional_2018_2022,contaminated_2016_2022,8.6,2022-06-15 15:07:51.535999999-04:00,2022-06-15 15:08:00-04:00,0.1602464006261695,-0.0007886731513125,0.44,-1.4525066819900003,0.8304835771547414,0.4775371291406405,-0.6186682755322861,-0.7242439098539043,True,False,False,True,-10.533940008900675,0.0021406888119811507,-0.7625842072229468,ES
20220615_a16,20220615,2022-06-15,16,additional_2018_2022,contaminated_2016_2022,8.6,2022-06-15 15:09:25.836000-04:00,2022-06-15 15:10:00-04:00,-0.0397535993738305,-0.0007886731513125,0.627906976744186,1.6837817293136983,1.1513925955474724,0.1112176422740077,1.2810234240206702,1.186983285015623,True,False,False,True,-8.556854232821665,0.2946067851225093,1.2426299806089875,ES
20220615_a17,20220615,2022-06-15,17,additional_2018_2022,contaminated_2016_2022,8.6,2022-06-15 15:10:20.445999999-04:00,2022-06-15 15:11:00-04:00,-0.0397535993738305,-0.0007886731513125,0.6153846153846154,1.094043215849406,0.7658951734653613,0.1443596524811379,1.2107613164862354,1.1371941999599553,True,False,False,True,8.556854232822106,0.2946067851225093,0.9621476793231295,ES
20220615_a18,20220615,2022-06-15,18,additional_2018_2022,contaminated_2016_2022,8.6,2022-06-15 15:11:52.365999999-04:00,2022-06-15 15:12:00-04:00,-0.0397535993738305,-0.0007886731513125,0.5925925925925926,-1.7625197783533617,-0.1508900926745311,1.300698235918655,-1.2853678546867322,-1.246882192982283,True,False,False,True,-36.90770682681809,0.2946067851225093,-0.6265272295161987,ES
20220615_a19,20220615,2022-06-15,19,additional_2018_2022,contaminated_2016_2022,8.6,2022-06-15 15:13:00.555999999-04:00,2022-06-15 15:14:00-04:00,-0.2540393136595448,-0.0007886731513125,0.5,1.201601019067729,1.194090255428669,-0.2727488856907883,1.1971994520414062,1.204417837046034,True,False,False,True,-2.637826446315854,0.6079633168837895,1.3862517304647373,ES
20220615_a20,20220615,2022-06-15,20,additional_2018_2022,contaminated_2016_2022,8.6,2022-06-15 15:14:42.596000-04:00,2022-06-15 15:15:00-04:00,-0.1508647104849416,-0.0007886731513125,0.5652173913043478,-0.3373686797770315,1.5482243226378896,0.151291319775004,1.028025690888393,1.0024042305471297,True,False,False,True,3.297174351476831,0.45708794973946937,0.4749007843291999,ES
20220615_a21,20220615,2022-06-15,21,additional_2018_2022,contaminated_2016_2022,8.6,2022-06-15 15:16:28.785999999-04:00,2022-06-15 15:17:00-04:00,0.1602464006261694,-0.0007886731513125,0.66,-0.965841128956413,1.168386119100295,-0.1232051265866305,-0.8620029148509135,-0.9175433251025192,True,False,False,True,-4.6169575070704205,0.0021406888119812617,-0.5632823545636927,ES
20220615_a22,20220615,2022-06-15,22,additional_2018_2022,contaminated_2016_2022,8.6,2022-06-15 15:18:03.805999999-04:00,2022-06-15 15:19:00-04:00,-0.1508647104849416,-0.0007886731513125,0.6170212765957447,-0.5888781073829648,0.187062818626109,-0.1196062145000056,-1.42723135384216,-1.396277440983086,True,False,False,True,14.506134681422699,0.45708794973946937,0.09643863957502263,ES
20220615_a23,20220615,2022-06-15,23,additional_2018_2022,contaminated_2016_2022,8.6,2022-06-15 15:19:55.376000-04:00,2022-06-15 15:20:00-04:00,-0.1230869327071638,-0.0007886731513125,0.5961538461538461,1.283794956859264,0.8506825581370695,-0.1837576074911213,1.3111042697619029,1.3338889052992993,True,False,False,True,21.721252575185837,0.41646765858522933,1.2068214309722074,ES
20220615_a25,20220615,2022-06-15,25,additional_2018_2022,contaminated_2016_2022,8.6,2022-06-15 15:24:05.586000-04:00,2022-06-15 15:25:00-04:00,-0.0027165623367934,-0.0007886731513125,0.6174496644295302,1.2040140591013833,0.7403626651050145,-0.2372163668495677,1.0103260904612494,1.0396893536748293,True,False,False,True,0.6551577294575928,0.24044639691685585,0.9267133167558426,ES
20220615_a26,20220615,2022-06-15,26,additional_2018_2022,contaminated_2016_2022,8.6,2022-06-15 15:27:01.396000-04:00,2022-06-15 15:28:00-04:00,-0.0873726469928781,-0.0007886731513125,0.5918367346938775,-1.3552300668054087,1.0486696990418942,-0.2318967085629102,-1.535744790470961,-1.542039213642089,True,False,False,True,0.0,0.36424156995834933,-0.3812160383322808,ES
20220727_a00,20220727,2022-07-27,0,additional_2018_2022,contaminated_2016_2022,8.6,2022-07-27 14:39:05.716000-04:00,2022-07-27 14:40:00-04:00,0.4111953354088981,-7.443799315165478e-05,0.5666666666666667,0.51030205884112,-0.0384493063256542,-2.8629228954786208,0.9280905150482542,0.9265291300586328,True,False,False,True,19.361090268664007,-0.36482958783396857,-0.12899687868441878,ES
20220727_a01,20220727,2022-07-27,1,additional_2018_2022,contaminated_2016_2022,8.6,2022-07-27 14:42:49.106000-04:00,2022-07-27 14:43:00-04:00,-0.19691277269921,-7.443799315165478e-05,0.5163934426229508,1.093154111900987,0.4421690718188197,-0.06032098088188,1.2607481562117078,1.2591068612290637,True,False,False,True,10.606770609140389,0.5244254347318265,1.242660027988864,ES
20220727_a02,20220727,2022-07-27,2,additional_2018_2022,contaminated_2016_2022,8.6,2022-07-27 14:44:48.126000-04:00,2022-07-27 14:45:00-04:00,0.1611953354088981,-7.443799315165478e-05,0.5471698113207547,1.6746478941647625,-1.2173445292161145,-0.2033611995096496,1.6242824473631297,1.6394710701313986,True,False,False,True,2.4908151321259435,0.0007530325541915128,0.9226596755652402,ES
20220727_a03,20220727,2022-07-27,3,additional_2018_2022,contaminated_2016_2022,8.6,2022-07-27 14:45:46.186000-04:00,2022-07-27 14:46:00-04:00,-0.2138046645911019,-7.443799315165478e-05,0.5757575757575758,-1.0880179391728864,-0.8732370083423269,-0.2595337172404314,-1.199913003292701,-1.146339692950156,True,False,False,True,-6.228589425907458,0.5491269631364318,2.257933729923889e-05,ES
20220727_a04,20220727,2022-07-27,4,additional_2018_2022,contaminated_2016_2022,8.6,2022-07-27 14:47:25.885999999-04:00,2022-07-27 14:48:00-04:00,-0.2706228464092837,-7.443799315165478e-05,0.6,-0.9714856059175156,-0.1266206622892416,0.4661089065581537,-1.2224354548819845,-1.1901219965744383,True,False,False,True,-0.6233053886769568,0.6322139223155592,0.15119480027326201,ES
20220727_a05,20220727,2022-07-27,5,additional_2018_2022,contaminated_2016_2022,8.6,2022-07-27 14:48:47.316000-04:00,2022-07-27 14:49:00-04:00,-0.5888046645911019,-7.443799315165478e-05,0.575,-1.2806001035965568,-0.5367049960882392,-0.7118474176190939,-1.3041446205448388,-1.3087378791251292,True,False,False,True,-1.8702658949188824,1.097500893718672,0.557341374663726,ES
20220727_a06,20220727,2022-07-27,6,additional_2018_2022,contaminated_2016_2022,8.6,2022-07-27 14:49:54.286000-04:00,2022-07-27 14:50:00-04:00,-0.1888046645911019,-7.443799315165478e-05,0.6153846153846154,-1.1568829986132496,0.5648629064027127,-0.0663184221666811,-1.3246155160734676,-1.3112933455462126,True,False,False,True,-4.989086477043438,0.5125687010976159,-0.08900252156663346,ES
20220727_a07,20220727,2022-07-27,7,additional_2018_2022,contaminated_2016_2022,8.6,2022-07-27 14:51:12.796000-04:00,2022-07-27 14:52:00-04:00,-0.5433501191365564,-7.443799315165478e-05,0.5116279069767442,1.4916264723276664,0.2647288599525946,-0.3406800861407997,1.330652673139329,1.3451362959619744,True,False,False,True,22.40618351970543,1.0310313263753703,2.042069914198087,ES
20220727_a08,20220727,2022-07-27,8,additional_2018_2022,contaminated_2016_2022,8.6,2022-07-27 14:52:18.156000-04:00,2022-07-27 14:53:00-04:00,-0.2138046645911019,-7.443799315165478e-05,0.4864864864864865,0.5325025051541171,0.0947129146100211,0.5495283610879834,1.416435947034531,1.4796887664933331,True,False,False,True,-4.35309854204658,0.5491269631364318,1.0293776436653,ES
20220727_a09,20220727,2022-07-27,9,additional_2018_2022,contaminated_2016_2022,8.6,2022-07-27 14:53:42.196000-04:00,2022-07-27 14:54:00-04:00,-0.5173760931625304,-7.443799315165478e-05,0.3684210526315789,0.6435359209831332,0.5905069693535703,-0.860519345479959,0.8616210145474055,0.8686946523639296,True,False,False,True,-1.8660778208599542,0.9930487164649121,1.5538928176001188,ES
20220727_a10,20220727,2022-07-27,10,additional_2018_2022,contaminated_2016_2022,8.6,2022-07-27 14:54:11.735999999-04:00,2022-07-27 14:55:00-04:00,-0.0888046645911019,-7.443799315165478e-05,0.5384615384615384,1.8513498882837711,-0.5145168420186504,0.925184165281067,0.3051746852801959,0.3158130342175652,True,False,False,True,2.4880263859145213,0.36633565294235176,1.3020607132368622,ES
20220727_a11,20220727,2022-07-27,11,additional_2018_2022,contaminated_2016_2022,8.6,2022-07-27 14:55:20.355999999-04:00,2022-07-27 14:56:00-04:00,-0.2316618074482447,-7.443799315165478e-05,0.4827586206896552,-0.9293101662758636,0.8393391753132267,-2.135073620778741,-1.335636426054594,-1.305158155466991,True,False,False,True,-9.333292529558086,0.5752400074498718,0.0903150413815926,ES
20220727_a12,20220727,2022-07-27,12,additional_2018_2022,contaminated_2016_2022,8.6,2022-07-27 14:57:34.826000-04:00,2022-07-27 14:58:00-04:00,-0.0263046645911018,-7.443799315165478e-05,0.5714285714285714,0.0924930018734013,0.1453722629318555,-1.5086892730508683,-0.0304098320310316,-0.0329057109485966,True,False,False,True,-1.2464165540255128,0.2749399978453116,0.34249155718362195,ES
20220727_a13,20220727,2022-07-27,13,additional_2018_2022,contaminated_2016_2022,8.6,2022-07-27 14:59:16.446000-04:00,2022-07-27 15:00:00-04:00,-0.0221379979244352,-7.443799315165478e-05,0.6086956521739131,-0.8451197463111223,0.2836202479009302,0.3008947022770016,-0.9803915334816754,-0.8991082662222506,True,False,False,True,-3.1153618744757376,0.2688469541721757,-0.20021389098336062,ES
20220727_a14,20220727,2022-07-27,14,additional_2018_2022,contaminated_2016_2022,8.6,2022-07-27 15:01:58.046000-04:00,2022-07-27 15:02:00-04:00,-0.1288046645911019,-7.443799315165478e-05,0.5142857142857142,-1.4992859307262063,-0.6931399117633723,-0.5069280757647501,-1.1200969424490488,-1.115809973852763,True,False,False,True,0.6231888575859968,0.4248288722044574,-0.3308834600931101,ES
20220727_a15,20220727,2022-07-27,15,additional_2018_2022,contaminated_2016_2022,8.6,2022-07-27 15:04:32.566000-04:00,2022-07-27 15:05:00-04:00,-0.2388046645911019,-7.443799315165478e-05,0.5274725274725275,-0.588764611453463,-0.5505151556287493,-1.0134774358172545,-1.0048672634004183,-0.964578985528936,True,False,False,True,-8.700516365145088,0.5856852251752479,0.2957771646471805,ES
20220727_a16,20220727,2022-07-27,16,additional_2018_2022,contaminated_2016_2022,8.6,2022-07-27 15:05:31.555999999-04:00,2022-07-27 15:06:00-04:00,-0.3388046645911019,-7.443799315165478e-05,0.5357142857142857,2.155967741811748,-0.5889863183608027,-0.1563053528348296,0.7274887767454604,0.7721794953474741,True,False,False,True,9.94221171811837,0.7319182733305121,1.9265286013162686,ES
20220727_a17,20220727,2022-07-27,17,additional_2018_2022,contaminated_2016_2022,8.6,2022-07-27 15:06:32.321862068-04:00,2022-07-27 15:07:00-04:00,-0.2138046645911019,-7.443799315165478e-05,0.7692307692307693,-1.6658666761714818,0.0863480776308471,0.5363494954754334,-0.8914640640625303,-0.7861798219494692,True,False,False,True,-3.7269396046032557,0.5491269631364318,-0.23453753865766094,ES
20220727_a18,20220727,2022-07-27,18,additional_2018_2022,contaminated_2016_2022,8.6,2022-07-27 15:07:55.236000-04:00,2022-07-27 15:08:00-04:00,-0.1602332360196733,-7.443799315165478e-05,0.575,1.4536130573800872,-0.0323411141461114,-0.5167463562288748,1.0465619924138054,1.000926041899807,True,False,False,True,-9.944683522048006,0.4707878301961118,1.322333160608658,ES
20220727_a19,20220727,2022-07-27,19,additional_2018_2022,contaminated_2016_2022,8.6,2022-07-27 15:09:20.995999999-04:00,2022-07-27 15:10:00-04:00,-0.0221379979244352,-7.443799315165478e-05,0.5454545454545454,-1.544147131084368,0.7617311492485462,-0.0975989285768305,-1.2424435361671669,-1.18327521794491,True,False,False,True,2.485089476009505,0.2688469541721757,-0.5517538883370794,ES
20220727_a20,20220727,2022-07-27,20,additional_2018_2022,contaminated_2016_2022,8.6,2022-07-27 15:10:43.836000-04:00,2022-07-27 15:11:00-04:00,-0.4888046645911019,-7.443799315165478e-05,0.6585365853658537,0.8063668383043402,0.1708249312401419,-0.6572516619384909,1.0428849898202337,1.1273055949649815,True,False,False,True,-3.1062653621615564,0.9512678455634082,1.598509256682767,ES
20220727_a21,20220727,2022-07-27,21,additional_2018_2022,contaminated_2016_2022,8.6,2022-07-27 15:12:57.996000-04:00,2022-07-27 15:13:00-04:00,-0.2792808550672924,-7.443799315165478e-05,0.5932203389830508,1.4799170784175024,1.103857687177013,0.1711135566531613,0.7138804203246161,0.7183818724148097,True,False,False,True,-3.108776099896805,0.644874792285712,1.5077608896383845,ES
20220727_a22,20220727,2022-07-27,22,additional_2018_2022,contaminated_2016_2022,8.6,2022-07-27 15:15:33.656000-04:00,2022-07-27 15:16:00-04:00,-0.0530903788768161,-7.443799315165478e-05,0.6136363636363636,1.3865597851039688,0.2990677497982083,-0.2669942530921876,0.9279529639219312,0.9211015846657832,True,False,False,True,5.5930150915776,0.3141095643154716,1.0907541326976107,ES
20220727_a23,20220727,2022-07-27,23,additional_2018_2022,contaminated_2016_2022,8.6,2022-07-27 15:16:51.116000-04:00,2022-07-27 15:17:00-04:00,-0.1797137555001928,-7.443799315165478e-05,0.675,-0.4203844245175007,0.0793959272205537,0.5399703385753012,-1.383768191736641,-1.289397022326342,True,False,False,True,4.968635590697077,0.4992747876289555,0.22965988959214076,ES
20220727_a24,20220727,2022-07-27,24,additional_2018_2022,contaminated_2016_2022,8.6,2022-07-27 15:19:00.216000-04:00,2022-07-27 15:20:00-04:00,-0.3195738953603326,-7.443799315165478e-05,0.515625,1.2281840368499488,-0.4244047259149602,0.0441260760117873,0.9635407714563174,0.9480143667767864,True,False,False,True,-1.2428535934465905,0.7037965333006535,1.4885383370522307,ES
20220727_a25,20220727,2022-07-27,25,additional_2018_2022,contaminated_2016_2022,8.6,2022-07-27 15:20:45.236000-04:00,2022-07-27 15:21:00-04:00,-0.6443602201466575,-7.443799315165478e-05,0.6046511627906976,-0.0483100091357032,0.471694464619952,-1.342410578500794,0.1595412491226589,0.1242582615806382,True,False,False,True,13.041455038902988,1.1787414760271524,1.3813894218154736,ES
20220727_a26,20220727,2022-07-27,26,additional_2018_2022,contaminated_2016_2022,8.6,2022-07-27 15:23:04.496000-04:00,2022-07-27 15:24:00-04:00,-0.3745189503053876,-7.443799315165478e-05,0.5735294117647058,0.1499660100410652,0.3287199930368681,-0.6762314217961612,0.1122019644717507,0.105735226084654,True,False,False,True,0.6203281537910964,0.784144361957392,0.9949323765911338,ES
20220727_a27,20220727,2022-07-27,27,additional_2018_2022,contaminated_2016_2022,8.6,2022-07-27 15:25:10.745999999-04:00,2022-07-27 15:26:00-04:00,-0.2064517234146313,-7.443799315165478e-05,0.6984126984126984,-0.8686262027706797,0.2304917337811231,0.3764280155352014,-0.0616106286866784,-0.0639652503441126,True,False,False,True,6.197707046852455,0.5383745331250154,0.2101698565830185,ES
20220921_a00,20220921,2022-09-21,0,additional_2018_2022,contaminated_2016_2022,8.7,2022-09-21 14:41:28.776000-04:00,2022-09-21 14:42:00-04:00,-0.4500128885638854,-0.0018561309140497,0.5679012345679012,0.4311061507401881,0.5454829135490262,-0.3088907098721164,0.8279236301033284,0.8459985382401635,True,False,False,True,35.40510312726512,0.8945414490452465,1.3338391843010964,ES
20220921_a01,20220921,2022-09-21,1,additional_2018_2022,contaminated_2016_2022,8.7,2022-09-21 14:42:49.596000-04:00,2022-09-21 14:43:00-04:00,-0.0653975039485008,-0.0018561309140497,0.5945945945945946,-1.9195630092098364,-0.1615861201553055,-0.5296339042208236,-1.3030020691064654,-1.2814054649851008,True,False,False,True,39.76148379639417,0.3321066484480769,-0.656134573194924,ES
20220921_a03,20220921,2022-09-21,3,additional_2018_2022,contaminated_2016_2022,8.7,2022-09-21 14:44:15.525999999-04:00,2022-09-21 14:45:00-04:00,-0.3511117896627865,-0.0018561309140497,0.6046511627906976,0.5043849327067597,0.4879985078713871,-0.5167010690895308,1.265496093801921,1.260510023217183,True,False,False,True,14.689448593824574,0.7499153574631172,1.2410301377130342,ES
20220921_a04,20220921,2022-09-21,4,additional_2018_2022,contaminated_2016_2022,8.7,2022-09-21 14:47:28.836000-04:00,2022-09-21 14:48:00-04:00,-0.1706606618432376,-0.0018561309140497,0.6160714285714286,-0.5576747291615874,0.1424030538868685,1.5909194246885476,0.0484777955302437,0.0232358965525957,True,False,False,True,-24.371484613279577,0.48603617282203904,0.3030932444488108,ES
20220921_a05,20220921,2022-09-21,5,additional_2018_2022,contaminated_2016_2022,8.7,2022-09-21 14:48:01.326000-04:00,2022-09-21 14:49:00-04:00,-0.0653975039485008,-0.0018561309140497,0.5,-0.9000962777883966,-0.4161642751509206,0.3507981638913846,-1.034070111322108,-1.0072327297616486,True,False,False,True,5.7771930868303105,0.3321066484480769,-0.15553245530841892,ES
20220921_a06,20220921,2022-09-21,6,additional_2018_2022,contaminated_2016_2022,8.7,2022-09-21 14:50:06.576000-04:00,2022-09-21 14:51:00-04:00,-0.2472156857666826,-0.0018561309140497,0.490566037735849,-1.8722705743516297,-0.3284203182170259,0.7352977857074645,-1.3622620578148832,-1.248469963438734,True,False,False,True,-7.06736513081293,0.5979849178212843,-0.3217378629651295,ES
20220921_a07,20220921,2022-09-21,7,additional_2018_2022,contaminated_2016_2022,8.7,2022-09-21 14:51:18.876000-04:00,2022-09-21 14:52:00-04:00,-0.0653975039485008,-0.0018561309140497,0.6,0.2848044058293499,0.5856061175347853,0.482912391024462,1.329726802582475,1.3395024373046134,True,False,False,True,21.82986420677456,0.3321066484480769,0.6452250004179241,ES
20220921_a08,20220921,2022-09-21,8,additional_2018_2022,contaminated_2016_2022,8.7,2022-09-21 14:52:42.705999999-04:00,2022-09-21 14:53:00-04:00,-0.0653975039485008,-0.0018561309140497,0.4893617021276595,1.0948243409362717,1.2849799709970244,0.0300668655948524,1.6182547718207074,1.7313208213683735,True,False,False,True,9.615693551567906,0.3321066484480769,1.0509679170920962,ES
20220921_a10,20220921,2022-09-21,10,additional_2018_2022,contaminated_2016_2022,8.7,2022-09-21 14:54:46.885999999-04:00,2022-09-21 14:55:00-04:00,0.2203167817657849,-0.0018561309140497,0.4871794871794871,0.0554303248987861,0.9855760126615022,0.1252768399668501,0.9641353067548192,0.9702366734228142,True,False,False,True,1.9185879251769002,-0.08570206056696333,-0.000986921207465019,ES
20220921_a11,20220921,2022-09-21,11,additional_2018_2022,contaminated_2016_2022,8.7,2022-09-21 14:55:37.185999999-04:00,2022-09-21 14:56:00-04:00,-0.0653975039485008,-0.0018561309140497,0.4666666666666667,0.8579125795886421,0.1944254411851052,0.3314144897164583,1.1772068222662897,1.221210970040218,True,False,False,True,-26.250935457722196,0.3321066484480769,0.8942325291223364,ES
20220921_a13,20220921,2022-09-21,13,additional_2018_2022,contaminated_2016_2022,8.7,2022-09-21 14:58:02.796000-04:00,2022-09-21 14:59:00-04:00,-0.0653975039485008,-0.0018561309140497,0.5538461538461539,-0.94816361467853,-0.2104968677413629,0.4248920843336191,-1.1354814244923517,-1.1457508956654618,True,False,False,True,1.9200614478638602,0.3321066484480769,-0.18860557958011337,ES
20220921_a14,20220921,2022-09-21,14,additional_2018_2022,contaminated_2016_2022,8.7,2022-09-21 15:01:05.445999999-04:00,2022-09-21 15:02:00-04:00,-0.3987308372818341,-0.0018561309140497,0.6,0.0094397060340569,1.12844862839767,0.2421632168163324,1.2156599225945095,1.2069011539713668,True,False,False,True,15.388564206307272,0.8195501422989572,1.0901097379917495,ES
20220921_a16,20220921,2022-09-21,16,additional_2018_2022,contaminated_2016_2022,8.7,2022-09-21 15:03:47.056000-04:00,2022-09-21 15:04:00-04:00,0.1846024960514992,-0.0018561309140497,0.8235294117647058,-1.5278359268030632,0.3378236905300184,-1.6347694304757363,-1.1333057304581209,-1.1419917305837373,True,False,False,True,5.131494660389291,-0.03347597194008334,-0.8950888038842135,ES
20220921_a17,20220921,2022-09-21,17,additional_2018_2022,contaminated_2016_2022,8.7,2022-09-21 15:06:22.615999999-04:00,2022-09-21 15:07:00-04:00,-0.3320641706151674,-0.0018561309140497,0.6811594202898551,-1.3485734064168726,0.5591753772068204,0.3435868013043679,-0.878536322810333,-0.9126492352250009,True,False,False,True,-17.936075527768008,0.7220614435287811,0.12108960411486319,ES
20220921_a18,20220921,2022-09-21,18,additional_2018_2022,contaminated_2016_2022,8.7,2022-09-21 15:08:19.236000-04:00,2022-09-21 15:09:00-04:00,-0.4820641706151675,-0.0018561309140497,0.5873015873015873,-1.8064228111384668,0.474116853032119,-0.7966885599254938,-1.3120885816680958,-1.302182820540675,True,False,False,True,-17.98446113877108,0.9414110157616773,0.12591949999462193,ES
20220921_a19,20220921,2022-09-21,19,additional_2018_2022,contaminated_2016_2022,8.7,2022-09-21 15:09:11.476000-04:00,2022-09-21 15:10:00-04:00,0.3346024960514991,-0.0018561309140497,0.5641025641025641,-1.5660698810039693,0.6326820058488254,-0.3870810339671087,-1.0759329734228535,-1.011402003931427,True,False,False,True,-54.794657646255956,-0.2528255441729793,-1.169698579609924,ES
20220921_a21,20220921,2022-09-21,21,additional_2018_2022,contaminated_2016_2022,8.7,2022-09-21 15:11:43.586000-04:00,2022-09-21 15:12:00-04:00,-0.5653975039485009,-0.0018561309140497,0.6,-1.542898775381147,0.7794399482969521,-0.2689145881501588,-0.7879665607637883,-0.7088902177519821,True,False,False,True,18.101892711295182,1.0632718892243975,0.44997012744305687,ES
20220921_a22,20220921,2022-09-21,22,additional_2018_2022,contaminated_2016_2022,8.7,2022-09-21 15:14:02.295999999-04:00,2022-09-21 15:15:00-04:00,-0.1487308372818341,-0.0018561309140497,0.6197183098591549,0.0979233640738389,0.593445990959193,-0.1968711363674431,1.6186316616907297,1.6463789920114067,True,False,False,True,7.7120826444489685,0.4539675219107969,0.7356841508277666,ES
20230322_a01,20230322,2023-03-22,1,primary_2023_2026,confirmation_2023_2026_powell,10.4,2023-03-22 14:42:30.366000-04:00,2023-03-22 14:43:00-04:00,0.1891703586081589,0.001703642008026,0.6081081081081081,-0.1876475757893702,1.0282233450953957,-1.1305242499744634,-0.1940075664248572,-0.2524470995217768,True,False,False,False,1.8464379187705826,-0.04015569659222973,-0.18249233119378172,ES
20230322_a02,20230322,2023-03-22,2,primary_2023_2026,confirmation_2023_2026_powell,10.4,2023-03-22 14:43:37.146000-04:00,2023-03-22 14:44:00-04:00,-0.3259811565433562,0.001703642008026,0.5384615384615384,-1.516817728213887,1.3856401385346724,-0.1795199812649326,-1.076553363792466,-1.1758624413541665,True,False,False,False,-9.235600816553161,0.7131660666318579,0.011410510387167672,ES
20230322_a03,20230322,2023-03-22,3,primary_2023_2026,confirmation_2023_2026_powell,10.4,2023-03-22 14:44:11.595999999-04:00,2023-03-22 14:45:00-04:00,0.3406855101233104,0.001703642008026,0.6666666666666666,-0.4538961479865313,0.1630719655969979,-0.9174650824389124,-0.8743661014508777,-0.7381948163195803,True,False,False,False,3.695263945478927,-0.26172092106990263,-0.6440400232277839,ES
20230322_a05,20230322,2023-03-22,5,primary_2023_2026,confirmation_2023_2026_powell,10.4,2023-03-22 14:46:48.016000-04:00,2023-03-22 14:47:00-04:00,0.007352176789977,0.001703642008026,0.5555555555555556,1.5967879731271215,0.7330333675620374,-1.2449984225059076,0.915645761550688,0.912340241989655,True,False,False,False,6.758209946040644,0.22572257278097776,1.0807629316310459,ES
20230322_a07,20230322,2023-03-22,7,primary_2023_2026,confirmation_2023_2026_powell,10.4,2023-03-22 14:48:18.826000-04:00,2023-03-22 14:49:00-04:00,0.007352176789977,0.001703642008026,0.5357142857142857,-1.2846775961703711,0.826165143135254,-1.301605610851068,-0.844344678784506,-0.7443722369917847,True,False,False,False,-11.062627887484267,0.22572257278097776,-0.4408735324481907,ES
20230322_a08,20230322,2023-03-22,8,primary_2023_2026,confirmation_2023_2026_powell,10.4,2023-03-22 14:49:41.656000-04:00,2023-03-22 14:50:00-04:00,0.0906855101233104,0.001703642008026,0.6585365853658537,0.9345909759914546,1.2968177703642407,-0.4238638290275711,1.248587923960962,1.2535291321882602,True,False,False,False,4.303587413873974,0.10386169931825759,0.6636425118548556,ES
20230322_a09,20230322,2023-03-22,9,primary_2023_2026,confirmation_2023_2026_powell,10.4,2023-03-22 14:50:44.576000-04:00,2023-03-22 14:51:00-04:00,0.1323521767899771,0.001703642008026,0.56,-0.162345334324617,1.1409683564116733,-1.6665478566022227,0.045333680807265,0.1006345330081856,True,False,False,False,-3.073802009877851,0.0429312625868975,-0.04560169730728991,ES
20230322_a11,20230322,2023-03-22,11,primary_2023_2026,confirmation_2023_2026_powell,10.4,2023-03-22 14:53:40.456000-04:00,2023-03-22 14:54:00-04:00,0.007352176789977,0.001703642008026,0.5263157894736842,-0.4793386780923811,0.078525465848839,0.7118343382921778,-0.6242509155775312,-0.5918998238021079,True,False,False,False,-7.39918642710575,0.22572257278097776,-0.04460115612336932,ES
20230322_a12,20230322,2023-03-22,12,primary_2023_2026,confirmation_2023_2026_powell,10.4,2023-03-22 14:54:43.396000-04:00,2023-03-22 14:55:00-04:00,0.007352176789977,0.001703642008026,0.5882352941176471,-1.4512192050832002,1.0093441778813332,0.0900781836318211,-1.0533907054370972,-1.0195071758687544,True,False,False,False,-4.318721725513779,0.22572257278097776,-0.5402745785418355,ES
20230322_a14,20230322,2023-03-22,14,primary_2023_2026,confirmation_2023_2026_powell,10.4,2023-03-22 14:56:59.686000-04:00,2023-03-22 14:57:00-04:00,0.007352176789977,0.001703642008026,0.5833333333333334,-0.7916350693867499,0.31055883318827,-0.8592989549918293,-0.915821351966948,-0.8435429355928665,True,False,False,False,-8.031880818553603,0.22572257278097776,-0.2202780350404382,ES
20230322_a16,20230322,2023-03-22,16,primary_2023_2026,confirmation_2023_2026_powell,10.4,2023-03-22 14:57:54.226000-04:00,2023-03-22 14:58:00-04:00,-0.1593144898766895,0.001703642008026,0.5294117647058824,-1.08880894389284,0.3993965708171227,0.1113826561230194,0.2537500027988502,0.2428731255476263,True,False,False,False,-16.701206987246653,0.46944431970641765,0.059248803175843884,ES
20230322_a17,20230322,2023-03-22,17,primary_2023_2026,confirmation_2023_2026_powell,10.4,2023-03-22 14:58:25.016000-04:00,2023-03-22 14:59:00-04:00,-0.4926478232100229,0.001703642008026,0.4615384615384615,0.8785197580242846,2.711683969503839,-0.5878663811726446,1.4817031868223,1.537964769144849,True,False,False,False,-10.529902797103816,0.956887813557298,1.685480848747779,ES
20230322_a18,20230322,2023-03-22,18,primary_2023_2026,confirmation_2023_2026_powell,10.4,2023-03-22 14:59:36.206000-04:00,2023-03-22 15:00:00-04:00,-0.1355049660671657,0.001703642008026,0.7777777777777778,-2.7130871077861194,0.9027151156247608,2.041896671580232,-0.680634758667327,-0.6300816117655811,True,False,False,False,4.33718523481731,0.43462692728849767,-0.8340869456311261,ES
20230322_a19,20230322,2023-03-22,19,primary_2023_2026,confirmation_2023_2026_powell,10.4,2023-03-22 15:00:33.165999999-04:00,2023-03-22 15:01:00-04:00,0.1502093196471199,0.001703642008026,0.8,-0.9539741483236952,2.157186304739765,-1.5432618156913551,-1.1187197036827363,-1.2388509694797891,True,False,False,False,-19.2218319918585,0.016818218273457586,-0.567587082194769,ES
20230322_a20,20230322,2023-03-22,20,primary_2023_2026,confirmation_2023_2026_powell,10.4,2023-03-22 15:02:34.436000-04:00,2023-03-22 15:03:00-04:00,0.098261267699068,0.001703642008026,0.7291666666666666,1.3162894860824117,0.7089767400346149,-0.5830039911757817,1.4526267817158611,1.413699091532446,True,False,False,False,-2.481851473929676,0.09278343809437392,0.8488183304042483,ES
20230322_a21,20230322,2023-03-22,21,primary_2023_2026,confirmation_2023_2026_powell,10.4,2023-03-22 15:04:27.696000-04:00,2023-03-22 15:05:00-04:00,0.1184632879010881,0.001703642008026,0.48,-0.2148976501018734,0.8250141224909184,0.0561637222569319,0.972226129461372,0.93477770939816,True,False,False,False,-1.2447874541498336,0.06324140816401769,0.0533515627835387,ES
20230322_a23,20230322,2023-03-22,23,primary_2023_2026,confirmation_2023_2026_powell,10.4,2023-03-22 15:05:30.866000-04:00,2023-03-22 15:06:00-04:00,0.007352176789977,0.001703642008026,0.7142857142857143,0.7116543666361421,-0.3843362914659897,-1.226590846157677,1.018090609567274,0.8689686812308169,True,False,False,False,10.576415581354453,0.22572257278097776,0.6819779167906881,ES
20230322_a24,20230322,2023-03-22,24,primary_2023_2026,confirmation_2023_2026_powell,10.4,2023-03-22 15:06:32.356000-04:00,2023-03-22 15:07:00-04:00,0.007352176789977,0.001703642008026,0.6190476190476191,-0.643696368115315,0.3540433234983935,-1.4141583292234805,-1.5657242655419663,-1.5774864579669234,True,False,False,False,-13.066610451970767,0.22572257278097776,-0.22116075701544677,ES
20230322_a25,20230322,2023-03-22,25,primary_2023_2026,confirmation_2023_2026_powell,10.4,2023-03-22 15:07:56.276000-04:00,2023-03-22 15:08:00-04:00,-0.3926478232100229,0.001703642008026,0.4878048780487805,-0.9293115736803484,-0.1406044252626953,0.5884722828505591,-1.1169556184066782,-1.0913674975812009,True,False,False,False,-15.577783004996771,0.810654765402034,0.39595304679754434,ES
20230322_a26,20230322,2023-03-22,26,primary_2023_2026,confirmation_2023_2026_powell,10.4,2023-03-22 15:09:28.126000-04:00,2023-03-22 15:10:00-04:00,-0.1926478232100228,0.001703642008026,0.5869565217391305,-0.0512232220667118,0.9122791637763332,-0.3144002006336401,1.600411914194199,1.6220306247351557,True,False,False,False,4.359333713750803,0.5181886690915056,0.7417126390059915,ES
20230322_a27,20230322,2023-03-22,27,primary_2023_2026,confirmation_2023_2026_powell,10.4,2023-03-22 15:10:26.016000-04:00,2023-03-22 15:11:00-04:00,-0.1593144898766895,0.001703642008026,0.6666666666666666,0.6176824910132939,1.636645165191137,-0.1296964646102773,1.325768345895348,1.297043791697384,True,False,False,False,-12.460284460560395,0.46944431970641765,0.9635777612677274,ES
20230322_a29,20230322,2023-03-22,29,primary_2023_2026,confirmation_2023_2026_powell,10.4,2023-03-22 15:11:20.305999999-04:00,2023-03-22 15:12:00-04:00,0.007352176789977,0.001703642008026,0.6153846153846154,0.2857474928094333,1.3738763591714809,-1.6916059111101471,1.5035921736566646,1.4791860638064651,True,False,False,False,4.985977043148953,0.22572257278097776,0.53664623677952,ES
20230322_a30,20230322,2023-03-22,30,primary_2023_2026,confirmation_2023_2026_powell,10.4,2023-03-22 15:12:03.046000-04:00,2023-03-22 15:13:00-04:00,0.007352176789977,0.001703642008026,0.76,-0.3583643419736235,1.236342558838446,-1.4169973566932492,0.0160303082747514,0.0204036663208357,True,False,False,False,2.491901333601691,0.22572257278097776,0.07973156079458094,ES
20230322_a32,20230322,2023-03-22,32,primary_2023_2026,confirmation_2023_2026_powell,10.4,2023-03-22 15:14:15.736000-04:00,2023-03-22 15:15:00-04:00,-0.1176478232100229,0.001703642008026,0.5102040816326531,-0.6069903215442455,1.4072991847111416,0.5338338211239965,-0.4121330134160701,-0.3977730550414664,True,False,False,False,4.970796672501368,0.40851388297505775,0.13814467047208606,ES
20230503_a00,20230503,2023-05-03,0,primary_2023_2026,confirmation_2023_2026_powell,10.4,2023-05-03 14:41:08.286000-04:00,2023-05-03 14:42:00-04:00,-0.0708774818823203,-0.0002267573696145,0.5903614457831325,0.7596865586851266,1.6556360346176864,-1.293988145680915,1.031417280227142,1.0073356869499015,True,False,False,False,-23.465008811235364,0.340120187218937,0.8428146682197574,ES
20230503_a01,20230503,2023-05-03,1,primary_2023_2026,confirmation_2023_2026_powell,10.4,2023-05-03 14:42:42.746000-04:00,2023-05-03 14:43:00-04:00,-0.0182459029349519,-0.0002267573696145,0.5306122448979592,1.3461673517059878,1.1902382046107325,-0.4502768382894563,1.0062747888094423,1.024129021650408,True,False,False,False,-4.820438753259825,0.26315542503195594,1.0193138530289196,ES
20230503_a02,20230503,2023-05-03,2,primary_2023_2026,confirmation_2023_2026_powell,10.4,2023-05-03 14:43:03.035999999-04:00,2023-05-03 14:44:00-04:00,-0.0182459029349519,-0.0002267573696145,0.8,-2.1693375984226466,0.8403233404174992,-0.0122821021230305,-1.202396128926881,-1.245185031460741,True,False,False,False,2.410509834499634,0.26315542503195594,-0.8436985964439174,ES
20230503_a03,20230503,2023-05-03,3,primary_2023_2026,confirmation_2023_2026_powell,10.4,2023-05-03 14:45:34.976000-04:00,2023-05-03 14:46:00-04:00,-0.1134839981730471,-0.0002267573696145,0.4729729729729729,-0.2193297967163433,1.7130751171313114,-1.1943638963829606,-1.0944254567421237,-1.1105485947931015,True,False,False,False,-1.204166417253862,0.40242499470363596,0.23746817611316862,ES
20230503_a06,20230503,2023-05-03,6,primary_2023_2026,confirmation_2023_2026_powell,10.4,2023-05-03 14:48:48.266000-04:00,2023-05-03 14:49:00-04:00,-0.0182459029349519,-0.0002267573696145,0.6521739130434783,1.4127962093037785,2.898223890863045,-1.0106704341285502,0.7697383660473157,0.8568310248615264,True,False,False,False,-9.640297185718639,0.26315542503195594,1.0249108932368605,ES
20230503_a07,20230503,2023-05-03,7,primary_2023_2026,confirmation_2023_2026_powell,10.4,2023-05-03 14:50:19.086000-04:00,2023-05-03 14:51:00-04:00,-0.0182459029349519,-0.0002267573696145,0.7413793103448276,0.4384251392577378,1.078882220298407,0.6302869162313569,-0.0492265771098539,-0.0282352321774192,True,False,False,False,-12.070007500352277,0.26315542503195594,0.4864799185808071,ES
20230503_a08,20230503,2023-05-03,8,primary_2023_2026,confirmation_2023_2026_powell,10.4,2023-05-03 14:51:25.236000-04:00,2023-05-03 14:52:00-04:00,-0.0182459029349519,-0.0002267573696145,0.6578947368421053,-0.5884239197246268,2.2155601487697787,-0.393886926262121,-0.9701164984718386,-0.9143911202883248,True,False,False,False,1.2077294700669488,0.26315542503195594,-0.08712064434502712,ES
20230503_a09,20230503,2023-05-03,9,primary_2023_2026,confirmation_2023_2026_powell,10.4,2023-05-03 14:52:33.496000-04:00,2023-05-03 14:53:00-04:00,-0.1611030457920947,-0.0002267573696145,0.6486486486486487,0.5847200723253104,1.2304114453610406,0.0572621722030523,0.1613744993321223,0.1696805820563262,True,False,False,False,15.083414123973554,0.472059779539476,0.8271843927169137,ES
20230503_a10,20230503,2023-05-03,10,primary_2023_2026,confirmation_2023_2026_powell,10.4,2023-05-03 14:53:20.216000-04:00,2023-05-03 14:54:00-04:00,0.2317540970650481,-0.0002267573696145,0.6190476190476191,0.6848197334828752,1.2398652729338715,-1.2566837387800034,0.0413676005481786,0.0082926513535567,True,False,False,False,-3.0146815217316747,-0.10242719535620431,0.17181057532591948,ES
20230503_a11,20230503,2023-05-03,11,primary_2023_2026,confirmation_2023_2026_powell,10.4,2023-05-03 14:54:58.646000-04:00,2023-05-03 14:55:00-04:00,-0.0182459029349519,-0.0002267573696145,0.5555555555555556,2.281725777003464,2.213041913049661,-0.5797419837445181,1.3879456960568108,1.2876453506868326,True,False,False,False,-1.8093543669879424,0.26315542503195594,1.4931079826540452,ES
20230503_a12,20230503,2023-05-03,12,primary_2023_2026,confirmation_2023_2026_powell,10.4,2023-05-03 14:56:42.516000-04:00,2023-05-03 14:57:00-04:00,0.0442540970650481,-0.0002267573696145,0.5964912280701754,-0.5724999896726091,1.6130676826371702,-1.2806252873406518,-1.2991776875443677,-1.3582148978238962,True,False,False,False,-22.29655327269092,0.1717597699349159,-0.22446708329091433,ES
20230503_a14,20230503,2023-05-03,14,primary_2023_2026,confirmation_2023_2026_powell,10.4,2023-05-03 14:57:44.576000-04:00,2023-05-03 14:58:00-04:00,-0.5182459029349519,-0.0002267573696145,0.3888888888888889,2.1040393213937554,1.989126662806801,0.2656784282730028,0.957048841303649,0.9205700591420084,True,False,False,False,10.853181650209606,0.9943206658082764,2.241653720460679,ES
20230503_a15,20230503,2023-05-03,15,primary_2023_2026,confirmation_2023_2026_powell,10.4,2023-05-03 14:58:46.915999999-04:00,2023-05-03 14:59:00-04:00,0.0650874303983814,-0.0002267573696145,0.5,1.5347934315022247,1.0156624758726431,-0.0212189070542106,0.6281142277367016,0.6495274076362326,True,False,False,False,3.6151112040403155,0.14129455156923593,0.9201365052776802,ES
20230503_a16,20230503,2023-05-03,16,primary_2023_2026,confirmation_2023_2026_powell,10.4,2023-05-03 15:01:22.476000-04:00,2023-05-03 15:02:00-04:00,-0.3364277211167701,-0.0002267573696145,0.5694444444444444,0.2005834352607013,1.3418272046254087,0.0155349004563867,-0.0393160886326373,-0.0659513949294531,True,False,False,False,-10.851218812535826,0.728442396435069,0.9353961374371067,ES
20230503_a17,20230503,2023-05-03,17,primary_2023_2026,confirmation_2023_2026_powell,10.4,2023-05-03 15:03:09.196000-04:00,2023-05-03 15:04:00-04:00,-0.0182459029349519,-0.0002267573696145,0.4776119402985074,0.3646546582572224,1.3207651921805044,-0.0475338809759996,0.0390725801073773,0.0435161057483065,True,False,False,False,11.457172537998401,0.26315542503195594,0.4617562424209182,ES
20230503_a18,20230503,2023-05-03,18,primary_2023_2026,confirmation_2023_2026_powell,10.4,2023-05-03 15:04:32.276000-04:00,2023-05-03 15:05:00-04:00,0.1246112399221909,-0.0002267573696145,0.5405405405405406,0.4052600415219231,1.0084566900010492,-1.224371256863757,-1.065893949559538,-1.0553653681253383,True,False,False,False,21.673699032195838,0.054251070524435896,0.11211329710044649,ES
20230503_a20,20230503,2023-05-03,20,primary_2023_2026,confirmation_2023_2026_powell,10.4,2023-05-03 15:06:38.846000-04:00,2023-05-03 15:07:00-04:00,-0.0658649505539995,-0.0002267573696145,0.6521739130434783,-0.2351801044927313,1.756718698790516,-0.5245014348069572,-1.1060834000094932,-1.0827108454865595,True,False,False,False,-20.512827705573606,0.33279020986779595,0.14538388854772671,ES
20230503_a21,20230503,2023-05-03,21,primary_2023_2026,confirmation_2023_2026_powell,10.4,2023-05-03 15:07:45.326000-04:00,2023-05-03 15:08:00-04:00,-0.2404681251571741,-0.0002267573696145,0.6190476190476191,-0.6662923952809413,2.1257639221923226,1.016566519490281,-1.064056383518195,-1.0584901760461225,True,False,False,False,-4.228202171052532,0.5881177542658761,0.25649034209593835,ES
20230503_a22,20230503,2023-05-03,22,primary_2023_2026,confirmation_2023_2026_powell,10.4,2023-05-03 15:09:26.476000-04:00,2023-05-03 15:10:00-04:00,-0.1182459029349519,-0.0002267573696145,0.5434782608695652,1.5567532525596484,1.0160792127875329,-1.1093330880548402,0.5933855327123182,0.6470699452498145,True,False,False,False,-21.17683441538854,0.40938847318722005,1.2480820867729174,ES
20230503_a23,20230503,2023-05-03,23,primary_2023_2026,confirmation_2023_2026_powell,10.4,2023-05-03 15:10:16.516000-04:00,2023-05-03 15:11:00-04:00,-0.3515792362682852,-0.0002267573696145,0.5882352941176471,1.4742832396102752,2.95090346746628,-2.275985925874336,0.9124600091399552,0.7617363838807485,True,False,False,False,9.081278057134085,0.7505989188828361,1.6531267509566212,ES
20230503_a24,20230503,2023-05-03,24,primary_2023_2026,confirmation_2023_2026_powell,10.4,2023-05-03 15:11:58.566000-04:00,2023-05-03 15:12:00-04:00,-0.0182459029349519,-0.0002267573696145,0.6170212765957447,0.3369161508859664,1.762180823356654,-0.8327295418538042,-0.3761991571767784,-0.3570183532720445,True,False,False,False,-12.110937655674581,0.26315542503195594,0.40459585840787204,ES
20230503_a25,20230503,2023-05-03,25,primary_2023_2026,confirmation_2023_2026_powell,10.4,2023-05-03 15:13:32.966000-04:00,2023-05-03 15:14:00-04:00,-0.3039601886492376,-0.0002267573696145,0.5454545454545454,1.1735047048781726,1.4280345206990184,-1.3596247590505064,0.8250243351747395,0.8410035734584075,True,False,False,False,-6.662427186874507,0.6809641340469961,1.421064824997501,ES
20230503_a26,20230503,2023-05-03,26,primary_2023_2026,confirmation_2023_2026_powell,10.4,2023-05-03 15:16:19.045999999-04:00,2023-05-03 15:17:00-04:00,-0.0682459029349519,-0.0002267573696145,0.5894736842105263,1.5194679771685364,1.6059275414217389,1.2946285120933931,1.746505732364391,1.786969005428127,True,False,False,False,13.318805698124367,0.33627194910958796,1.2662134247486267,ES
20230503_a27,20230503,2023-05-03,27,primary_2023_2026,confirmation_2023_2026_powell,10.4,2023-05-03 15:17:08.055999999-04:00,2023-05-03 15:18:00-04:00,-0.0182459029349519,-0.0002267573696145,0.6842105263157895,2.1500107154910317,0.7695304755139205,-1.2553478080890714,0.8751407861100052,0.9352299792803652,True,False,False,False,-4.235877949027498,0.26315542503195594,1.3774086137997041,ES
20230503_a29,20230503,2023-05-03,29,primary_2023_2026,confirmation_2023_2026_powell,10.4,2023-05-03 15:18:34.676000-04:00,2023-05-03 15:19:00-04:00,-0.0182459029349519,-0.0002267573696145,0.5,1.7983692483566835,1.7992997754757365,,1.0084691084291402,1.2804167405199856,True,False,False,False,-7.870917368170432,0.26315542503195594,1.2288673257481861,ES
20230503_a30,20230503,2023-05-03,30,primary_2023_2026,confirmation_2023_2026_powell,10.4,2023-05-03 15:19:55.116000-04:00,2023-05-03 15:20:00-04:00,0.072663187974139,-0.0002267573696145,0.4666666666666667,0.8613088085274961,0.9637563945207672,-0.1582324853869702,0.9989429315539872,0.9508595136905424,True,False,False,False,-10.301470385317536,0.13021629034535223,0.6346805767942363,ES
20230920_a01,20230920,2023-09-20,1,primary_2023_2026,confirmation_2023_2026_powell,10.7,2023-09-20 14:41:39.486000-04:00,2023-09-20 14:42:00-04:00,-0.3303221557143032,-0.0013476051131988,0.6666666666666666,1.5180482530422088,-1.3517166205678866,,1.0232760829463272,1.0605979766531202,True,False,False,False,2.78326701677151,0.7195140420399284,1.6479364216618326,ES
20230920_a02,20230920,2023-09-20,2,primary_2023_2026,confirmation_2023_2026_powell,10.7,2023-09-20 14:42:49.346000-04:00,2023-09-20 14:43:00-04:00,-0.1969888223809699,-0.0013476051131988,0.625,-1.7966759911173886,-0.0901521007693325,-0.2840615406732646,0.0786136396788825,0.0292504640507585,True,False,False,False,6.676681937228653,0.5245366444995764,-0.22104233930457867,ES
20230920_a03,20230920,2023-09-20,3,primary_2023_2026,confirmation_2023_2026_powell,10.7,2023-09-20 14:44:48.676000-04:00,2023-09-20 14:45:00-04:00,0.0863445109523633,-0.0013476051131988,0.6935483870967742,-1.451046815430483,-0.22501829046977,1.3758306861384253,-0.4157604023981895,-0.4430850516517896,True,False,False,False,-5.009323011270575,0.11020967472632828,-0.6106609468561339,ES
20230920_a04,20230920,2023-09-20,4,primary_2023_2026,confirmation_2023_2026_powell,10.7,2023-09-20 14:46:12.636000-04:00,2023-09-20 14:47:00-04:00,0.1458683204761729,-0.0013476051131988,0.5531914893617021,-2.2053783186216176,-0.2596731261643701,0.7696989133871787,-0.9318414246908624,-0.9772801896518992,True,False,False,False,-11.144545898815501,0.023166193681528113,-1.119291189194505,ES
20230920_a05,20230920,2023-09-20,5,primary_2023_2026,confirmation_2023_2026_powell,10.7,2023-09-20 14:48:37.596000-04:00,2023-09-20 14:49:00-04:00,-0.2469888223809699,-0.0013476051131988,0.4838709677419355,-0.9479133448159502,-0.7114751647752374,0.856863303372556,-1.239883229615917,-1.1771424521838716,True,False,False,False,-3.9028742376043586,0.5976531685772084,0.1188001784632235,ES
20230920_a06,20230920,2023-09-20,6,primary_2023_2026,confirmation_2023_2026_powell,10.7,2023-09-20 14:50:28.736000-04:00,2023-09-20 14:51:00-04:00,-0.3606251860173336,-0.0013476051131988,0.5319148936170213,0.7116546583836456,-0.8293004314072078,0.4873626253665388,1.4226207444610506,1.4083701521431424,True,False,False,False,3.907013138192802,0.7638270869354631,1.3704247578565292,ES
20230920_a07,20230920,2023-09-20,7,primary_2023_2026,confirmation_2023_2026_powell,10.7,2023-09-20 14:52:01.076000-04:00,2023-09-20 14:53:00-04:00,-0.1969888223809699,-0.0013476051131988,0.46,-1.7521185766215024,-1.0039616052395122,1.7898999557710351,-1.0062033267735206,-1.0279752031011964,True,False,False,False,-7.808143174167456,0.5245366444995764,-0.3161960125236122,ES
20230920_a08,20230920,2023-09-20,8,primary_2023_2026,confirmation_2023_2026_powell,10.7,2023-09-20 14:54:14.606000-04:00,2023-09-20 14:55:00-04:00,-0.0594888223809699,-0.0013476051131988,0.5342465753424658,-0.0150759662822701,0.1356021143873191,1.3842525790590243,1.2469470104755522,1.2380288177950076,True,False,False,False,8.92309467493204,0.3234662032860882,0.48721760950550963,ES
20230920_a09,20230920,2023-09-20,9,primary_2023_2026,confirmation_2023_2026_powell,10.7,2023-09-20 14:55:17.286000-04:00,2023-09-20 14:56:00-04:00,0.3363445109523634,-0.0013476051131988,0.52,0.7899669601209767,0.1049802929420826,1.8255848727674928,1.682141676280633,1.6558273487713835,True,False,False,False,0.0,-0.2553729456618321,0.2121900906113583,ES
20230920_a10,20230920,2023-09-20,10,primary_2023_2026,confirmation_2023_2026_powell,10.7,2023-09-20 14:57:17.326000-04:00,2023-09-20 14:58:00-04:00,-0.0739118993040468,-0.0013476051131988,0.6363636363636364,-1.405958986606034,0.5962738626479027,0.8361950424957544,-0.8975065676666304,-0.9165180845521008,True,False,False,False,0.0,0.34455750830848203,-0.36018522039659434,ES
20230920_a12,20230920,2023-09-20,12,primary_2023_2026,confirmation_2023_2026_powell,10.7,2023-09-20 14:58:51.455999999-04:00,2023-09-20 14:59:00-04:00,-0.2827031080952557,-0.0013476051131988,0.5714285714285714,0.7278800625672524,-0.6550884673957867,0.0592215273627946,1.8920660496919084,1.88516976282052,True,False,False,False,-5.578178311653414,0.6498792572040886,1.291396107780247,ES
20230920_a13,20230920,2023-09-20,13,primary_2023_2026,confirmation_2023_2026_powell,10.7,2023-09-20 15:01:18.495999999-04:00,2023-09-20 15:02:00-04:00,0.06551117761903,-0.0013476051131988,0.4352941176470588,-0.9216107512196992,-0.3381924920097278,1.276756791448516,-0.9502328070604636,-0.9524071291612404,True,False,False,False,-3.3465335802310867,0.14067489309200823,-0.3861006100855709,ES
20230920_a14,20230920,2023-09-20,14,primary_2023_2026,confirmation_2023_2026_powell,10.7,2023-09-20 15:03:25.056666666-04:00,2023-09-20 15:04:00-04:00,0.4315826061904586,-0.0013476051131988,0.5490196078431373,0.7797761929068496,-0.0828439253926045,-0.0969039062887986,1.3475375887073249,1.3528401898655449,True,False,False,False,3.9059231029733685,-0.394642515333512,0.0047554609351916355,ES
20230920_a15,20230920,2023-09-20,15,primary_2023_2026,confirmation_2023_2026_powell,10.7,2023-09-20 15:04:45.866000-04:00,2023-09-20 15:05:00-04:00,-0.2469888223809699,-0.0013476051131988,0.71875,0.1765682546111516,-0.2409180042607771,0.0593675139687409,0.6447237176306985,0.5120542900053748,True,False,False,False,2.7891668939359637,0.5976531685772084,0.8404479965626565,ES
20230920_a16,20230920,2023-09-20,16,primary_2023_2026,confirmation_2023_2026_powell,10.7,2023-09-20 15:06:49.526000-04:00,2023-09-20 15:07:00-04:00,-0.0525443779365255,-0.0013476051131988,0.576271186440678,-1.1600076090819311,0.3085607210965064,0.4763459357906288,-1.3851116351595618,-1.3828333724339696,True,False,False,False,-10.049129921156513,0.3133111304975283,-0.33584681718251086,ES
20230920_a17,20230920,2023-09-20,17,primary_2023_2026,confirmation_2023_2026_powell,10.7,2023-09-20 15:07:59.026000-04:00,2023-09-20 15:08:00-04:00,0.50301117761903,-0.0013476051131988,0.4193548387096774,-1.421923454625252,0.9125633283274914,-0.1940808934665059,-0.837537110593511,-0.8048903966283444,True,False,False,False,1.1171312082216394,-0.49909469258727235,-1.3728473446229357,ES
20230920_a19,20230920,2023-09-20,19,primary_2023_2026,confirmation_2023_2026_powell,10.7,2023-09-20 15:09:23.485999999-04:00,2023-09-20 15:10:00-04:00,0.00301117761903,-0.0013476051131988,0.65625,-1.3761728516963068,0.7323847263061053,0.4645476174545444,-0.4971805874758341,-0.431877289679743,True,False,False,False,1.6754628505298386,0.23207054818904832,-0.4385618128192752,ES
20230920_a20,20230920,2023-09-20,20,primary_2023_2026,confirmation_2023_2026_powell,10.7,2023-09-20 15:10:23.146000-04:00,2023-09-20 15:11:00-04:00,0.00301117761903,-0.0013476051131988,0.53125,-0.8290973981718629,0.6220855632956793,0.3288717159528102,-0.9788991818273418,-0.927378317709142,True,False,False,False,0.0,0.23207054818904832,-0.23673878755306166,ES
20230920_a21,20230920,2023-09-20,21,primary_2023_2026,confirmation_2023_2026_powell,10.7,2023-09-20 15:11:34.496000-04:00,2023-09-20 15:12:00-04:00,0.10301117761903,-0.0013476051131988,0.6333333333333333,-1.0915685597494686,-0.7591406933006488,-0.3867552311730882,0.8113805999722784,0.8522883044921358,True,False,False,False,-5.5859681935115955,0.08583750003378426,-0.3425199506633549,ES
20230920_a22,20230920,2023-09-20,22,primary_2023_2026,confirmation_2023_2026_powell,10.7,2023-09-20 15:12:29.716000-04:00,2023-09-20 15:13:00-04:00,-0.1398459652381128,-0.0013476051131988,0.4848484848484848,-2.1576342287060344,1.2333117612631717,0.5715419182268144,-1.1994718556537418,-1.1609919293000568,True,False,False,False,-6.148514768473735,0.44097490269656836,-0.6247354048229425,ES
20230920_a23,20230920,2023-09-20,23,primary_2023_2026,confirmation_2023_2026_powell,10.7,2023-09-20 15:13:38.696000-04:00,2023-09-20 15:14:00-04:00,0.12801117761903,-0.0013476051131988,0.4583333333333333,2.3853063704901465,0.3145116187064765,0.6524902354807487,1.3698005147937558,1.4086203234681685,True,False,False,False,-5.0334163977602735,0.04927923799496814,1.2826462846483326,ES
20230920_a24,20230920,2023-09-20,24,primary_2023_2026,confirmation_2023_2026_powell,10.7,2023-09-20 15:15:31.906000-04:00,2023-09-20 15:16:00-04:00,0.1458683204761729,-0.0013476051131988,0.5365853658536586,-1.690404182572214,0.3338514632687848,0.5239506717766155,-1.1651655682389324,-1.1439052677338983,True,False,False,False,3.9146604532029117,0.023166193681528113,-0.9058172190301174,ES
20230920_a25,20230920,2023-09-20,25,primary_2023_2026,confirmation_2023_2026_powell,10.7,2023-09-20 15:16:44.825999999-04:00,2023-09-20 15:17:00-04:00,-0.108099933492081,-0.0013476051131988,0.5405405405405406,-2.319389754093212,0.4768601653889976,1.4630652830248108,-0.8982771130683673,-0.9396066930130446,True,False,False,False,-9.509160274651414,0.39455171280600826,-0.7231335322149803,ES
20230920_a26,20230920,2023-09-20,26,primary_2023_2026,confirmation_2023_2026_powell,10.7,2023-09-20 15:17:37.895999999-04:00,2023-09-20 15:18:00-04:00,-0.1398459652381128,-0.0013476051131988,0.5789473684210527,1.3512657262014456,0.1277340831421952,0.8691785444165541,1.1402574649408657,0.878591296757821,True,False,False,False,-4.478280415192232,0.44097490269656836,1.2492070808078282,ES
20230920_a27,20230920,2023-09-20,27,primary_2023_2026,confirmation_2023_2026_powell,10.7,2023-09-20 15:18:23.215999999-04:00,2023-09-20 15:19:00-04:00,0.3363445109523634,-0.0013476051131988,0.6363636363636364,-0.1853663282152658,-0.3406459967175779,-0.0640881791467837,1.3497495242129236,1.2277282412817596,True,False,False,False,3.918824402845226,-0.2553729456618321,-0.27475603206197713,ES
20230920_a28,20230920,2023-09-20,28,primary_2023_2026,confirmation_2023_2026_powell,10.7,2023-09-20 15:20:41.475999999-04:00,2023-09-20 15:21:00-04:00,-0.0525443779365255,-0.0013476051131988,0.6612903225806451,-0.5063180130006782,0.3315012300602717,0.6473775104209348,0.2636071230551219,0.2643103977844547,True,False,False,False,0.0,0.3133111304975283,0.1427010238681332,ES
20230920_a29,20230920,2023-09-20,29,primary_2023_2026,confirmation_2023_2026_powell,10.7,2023-09-20 15:22:08.225999999-04:00,2023-09-20 15:23:00-04:00,0.10301117761903,-0.0013476051131988,0.4285714285714285,-0.4272904144328113,-0.7893237335941335,-0.1589333625401472,0.1028966910427227,0.1250076880122839,True,False,False,False,6.716292858950025,0.08583750003378426,-0.11064697701123002,ES
20230920_a30,20230920,2023-09-20,30,primary_2023_2026,confirmation_2023_2026_powell,10.7,2023-09-20 15:25:00.636000-04:00,2023-09-20 15:26:00-04:00,0.00301117761903,-0.0013476051131988,0.4915254237288136,-1.781506435570665,-0.1769469901466656,1.0195894348606174,-0.7911291633265779,-0.8130828104538347,True,False,False,False,-6.711034310373763,0.23207054818904832,-0.6575583948049406,ES
20240131_a01,20240131,2024-01-31,1,primary_2023_2026,confirmation_2023_2026_powell,10.5,2024-01-31 14:40:07.846000-05:00,2024-01-31 14:41:00-05:00,-0.2743653618065033,-0.0002279981760145,0.4761904761904761,0.2003480274242779,0.3454365328374162,-0.8281205004485732,1.031384888465969,1.0276535463883825,True,True,False,False,6.094154878568147,0.6376867166585936,0.9407289861726642,ES
20240131_a02,20240131,2024-01-31,2,primary_2023_2026,confirmation_2023_2026_powell,10.5,2024-01-31 14:41:13.206000-05:00,2024-01-31 14:42:00-05:00,-0.4943653618065033,-0.0002279981760145,0.5588235294117647,-0.7406946837663987,1.1943110938536723,-0.8847692811219134,-0.1523744215515141,-0.1145677891326228,True,True,False,False,-0.5076786395299554,0.9593994226001745,0.7645766015273681,ES
20240131_a03,20240131,2024-01-31,3,primary_2023_2026,confirmation_2023_2026_powell,10.5,2024-01-31 14:42:57.535999999-05:00,2024-01-31 14:43:00-05:00,0.1484917810506394,-0.0002279981760145,0.6060606060606061,-2.5388458126383138,0.013168566964975,0.5356885066954985,-0.7950445714150147,-0.7881531435270771,True,True,False,False,2.5381354992970477,0.019329827316334147,-1.2636501718949424,ES
20240131_a04,20240131,2024-01-31,4,primary_2023_2026,confirmation_2023_2026_powell,10.5,2024-01-31 14:44:39.086000-05:00,2024-01-31 14:45:00-05:00,-0.1372225046636462,-0.0002279981760145,0.7272727272727273,0.5047122954648581,-0.371065699929608,-1.0979547021271443,1.2488361833598545,1.2519655214858771,True,True,False,False,4.568412048692323,0.43713853633137423,0.8643346404801366,ES
20240131_a05,20240131,2024-01-31,5,primary_2023_2026,confirmation_2023_2026_powell,10.5,2024-01-31 14:45:37.876000-05:00,2024-01-31 14:46:00-05:00,-0.1943653618065033,-0.0002279981760145,0.45,-0.8917501772204904,0.1988703194786051,-1.5555995609155489,0.9597161431410433,0.8675519079994137,True,True,False,False,2.5369764450957635,0.5207002781343822,0.2872745090522952,ES
20240131_a06,20240131,2024-01-31,6,primary_2023_2026,confirmation_2023_2026_powell,10.5,2024-01-31 14:46:48.355999999-05:00,2024-01-31 14:47:00-05:00,-0.4229367903779319,-0.0002279981760145,0.5384615384615384,1.122979753630854,-0.1651948714598152,-0.2986068213993026,0.6185321131251759,0.5826776231412825,True,True,False,False,-9.643936488382646,0.8549472453464145,1.584272493239018,ES
20240131_a07,20240131,2024-01-31,7,primary_2023_2026,confirmation_2023_2026_powell,10.5,2024-01-31 14:48:43.776000-05:00,2024-01-31 14:49:00-05:00,-0.1943653618065033,-0.0002279981760145,0.6097560975609756,-1.1239024719248354,0.2849496158801889,-1.928696375343272,-0.7799559047946275,-0.8683794970656763,True,True,False,False,-7.114544461088248,0.5207002781343822,-0.005855489124796082,ES
20240131_a10,20240131,2024-01-31,10,primary_2023_2026,confirmation_2023_2026_powell,10.5,2024-01-31 14:50:55.546000-05:00,2024-01-31 14:51:00-05:00,-0.280079647520789,-0.0002279981760145,0.3333333333333333,-0.1236031478721825,-0.8587696227902903,0.6296008477639412,-1.0391206789747411,-1.04576759971179,True,True,False,False,-9.671426780176173,0.6460428908388943,0.5798179420035798,ES
20240131_a11,20240131,2024-01-31,11,primary_2023_2026,confirmation_2023_2026_powell,10.5,2024-01-31 14:52:16.776000-05:00,2024-01-31 14:53:00-05:00,-0.3693653618065033,-0.0002279981760145,0.5121951219512195,-1.210604046588824,0.6615619698745933,-1.3067985682342642,-0.3563254087687772,-0.3183155718100869,True,True,False,False,6.618639347589518,0.7766081124060944,0.30609798954456063,ES
20240131_a12,20240131,2024-01-31,12,primary_2023_2026,confirmation_2023_2026_powell,10.5,2024-01-31 14:53:30.286000-05:00,2024-01-31 14:54:00-05:00,0.0056346381934966,-0.0002279981760145,0.6382978723404256,0.4201408403666571,-0.0223080777808973,-1.2739198103654126,0.9146066730575176,0.9144108683433666,True,True,False,False,-2.036037877338244,0.2282341818238542,0.5390068443659134,ES
20240131_a13,20240131,2024-01-31,13,primary_2023_2026,confirmation_2023_2026_powell,10.5,2024-01-31 14:55:09.235999999-05:00,2024-01-31 14:56:00-05:00,0.0056346381934966,-0.0002279981760145,0.6176470588235294,-1.2682885429354571,-0.003041737638696,-1.8424360895723213,-0.3954821408237587,-0.3993268983674097,True,True,False,False,-8.652500857919645,0.2282341818238542,-0.3823698371340659,ES
20240131_a14,20240131,2024-01-31,14,primary_2023_2026,confirmation_2023_2026_powell,10.5,2024-01-31 14:56:41.845999999-05:00,2024-01-31 14:57:00-05:00,-0.3789807464218879,-0.0002279981760145,0.5614035087719298,-0.1977609656029033,-0.4398252755865752,-1.190768652865242,0.3230063013258978,0.3166322585524737,True,True,False,False,6.108735681718163,0.7906689824210236,0.8642958678934995,ES
20240131_a15,20240131,2024-01-31,15,primary_2023_2026,confirmation_2023_2026_powell,10.5,2024-01-31 14:58:10.656000-05:00,2024-01-31 14:59:00-05:00,-0.0776986951398366,-0.0002279981760145,0.55,-2.032032511954469,1.542449429160196,-0.4554684913354974,-0.7779186978209723,-0.7460695477882049,True,True,False,False,-10.190045208446534,0.3500950552865741,-0.6305841626652828,ES
20240131_a17,20240131,2024-01-31,17,primary_2023_2026,confirmation_2023_2026_powell,10.5,2024-01-31 15:00:46.286000-05:00,2024-01-31 15:01:00-05:00,-0.03603202847317,-0.0002279981760145,0.5,-0.8124851291701698,-0.3535792406442695,-0.9679571653322476,-1.4516483467054122,-1.4147497698544544,True,True,False,False,-12.758684014051632,0.28916461855521414,-0.21103921680232,ES
20240131_a18,20240131,2024-01-31,18,primary_2023_2026,confirmation_2023_2026_powell,10.5,2024-01-31 15:01:31.686000-05:00,2024-01-31 15:02:00-05:00,-0.4229367903779319,-0.0002279981760145,0.7692307692307693,-1.4843419583834871,-0.6411848678064026,-0.7787379456382529,-0.91305859519929,-0.9449486032191486,True,True,False,False,-13.797687244021883,0.8549472453464145,0.21391052649961106,ES
20240131_a19,20240131,2024-01-31,19,primary_2023_2026,confirmation_2023_2026_powell,10.5,2024-01-31 15:02:55.679243243-05:00,2024-01-31 15:03:00-05:00,0.1167457493046077,-0.0002279981760145,0.5909090909090909,0.4919287677390021,-0.338656402733022,-2.021377978237618,1.3737913128223551,1.3320385833797503,True,True,False,False,-1.0228086333966946,0.06575301720689414,0.4264032292623502,ES
20240131_a20,20240131,2024-01-31,20,primary_2023_2026,confirmation_2023_2026_powell,10.5,2024-01-31 15:03:47.426000-05:00,2024-01-31 15:04:00-05:00,0.08896797152683,-0.0002279981760145,0.6129032258064516,-1.488804408674716,-0.4142653191055728,-1.7172025448227326,-1.036794184155884,-1.032533391897421,True,True,False,False,-4.6041694124509664,0.10637330836113407,-0.6990197469444583,ES
20240131_a21,20240131,2024-01-31,21,primary_2023_2026,confirmation_2023_2026_powell,10.5,2024-01-31 15:05:53.226000-05:00,2024-01-31 15:06:00-05:00,-0.41103202847317,-0.0002279981760145,0.6229508196721312,0.7346869675145499,0.0603473506902364,-0.68837356250202,1.0414721366061848,1.052844645268945,True,True,False,False,-2.560622757442631,0.8375385491374545,1.4287991953123118,ES
20240131_a23,20240131,2024-01-31,23,primary_2023_2026,confirmation_2023_2026_powell,10.5,2024-01-31 15:07:50.306000-05:00,2024-01-31 15:08:00-05:00,0.123281697017026,-0.0002279981760145,0.6833333333333333,1.567461643907259,0.4012904642001227,-1.5401159182307769,1.4519323920824077,1.4675888445096,True,True,False,False,4.60629022654543,0.056195301641190576,0.9211340739678766,ES
20240131_a24,20240131,2024-01-31,24,primary_2023_2026,confirmation_2023_2026_powell,10.5,2024-01-31 15:08:45.586000-05:00,2024-01-31 15:09:00-05:00,0.1723013048601633,-0.0002279981760145,0.5294117647058824,1.0107865670734264,-0.1624484037528715,-1.455855758863831,1.391249646997916,1.3988288670088964,True,True,False,False,2.046454524691539,-0.015487565101585998,0.5710197293404788,ES
20240131_a25,20240131,2024-01-31,25,primary_2023_2026,confirmation_2023_2026_powell,10.5,2024-01-31 15:09:36.796000-05:00,2024-01-31 15:10:00-05:00,0.0056346381934966,-0.0002279981760145,0.6296296296296297,-1.239491047838021,-0.0677642715539094,-0.0808480760167037,-1.0525031314141622,-1.1238463048279197,True,True,False,False,4.6032274551433625,0.2282341818238542,-0.4391614000852892,ES
20240131_a26,20240131,2024-01-31,26,primary_2023_2026,confirmation_2023_2026_powell,10.5,2024-01-31 15:10:17.986000-05:00,2024-01-31 15:11:00-05:00,-0.16103202847317,-0.0002279981760145,0.5769230769230769,0.887661282989483,0.1709591056113691,-0.765245673873465,1.1072562188616426,1.1314087885642394,True,True,False,False,-9.20810378137762,0.47195592874929426,1.0682387365698878,ES
20240131_a27,20240131,2024-01-31,27,primary_2023_2026,confirmation_2023_2026_powell,10.5,2024-01-31 15:11:30.426000-05:00,2024-01-31 15:12:00-05:00,0.3806346381934967,-0.0002279981760145,0.6470588235294118,-0.7364056004564242,-0.1052642708309434,-0.3179849216987845,-0.0563402797779151,-0.0014423068850055,True,True,False,False,7.162224688427335,-0.32013974875838624,-0.7575588690030901,ES
20240131_a29,20240131,2024-01-31,29,primary_2023_2026,confirmation_2023_2026_powell,10.5,2024-01-31 15:12:58.455999999-05:00,2024-01-31 15:13:00-05:00,0.0056346381934966,-0.0002279981760145,0.6,1.8621084703133923,0.8915338688620524,-0.7435335033284682,1.7546719855284578,1.9148270818803017,True,True,False,False,2.5566947190120803,0.2282341818238542,1.2961350900228883,ES
20240131_a31,20240131,2024-01-31,31,primary_2023_2026,confirmation_2023_2026_powell,10.5,2024-01-31 15:14:55.155999999-05:00,2024-01-31 15:15:00-05:00,0.0056346381934966,-0.0002279981760145,0.5,0.5479822389612843,1.27624381169697,-0.1405380389208201,1.2091814449553069,1.1930682507279833,True,True,False,False,3.580104884167501,0.2282341818238542,0.6296221799646339,ES
20240131_a32,20240131,2024-01-31,32,primary_2023_2026,confirmation_2023_2026_powell,10.5,2024-01-31 15:16:48.996000-05:00,2024-01-31 15:17:00-05:00,0.1056346381934966,-0.0002279981760145,0.5614035087719298,0.2610278907844691,0.6055039890089455,-0.2117492554210508,1.4243722298310515,1.427573517046661,True,True,False,False,0.5116005424091935,0.08200113366859013,0.34440414990905055,ES
20240131_a33,20240131,2024-01-31,33,primary_2023_2026,confirmation_2023_2026_powell,10.5,2024-01-31 15:18:41.236000-05:00,2024-01-31 15:19:00-05:00,0.0056346381934966,-0.0002279981760145,0.6363636363636364,-1.9465721994142733,-0.0161931602955836,-2.2330249732138903,-1.0119843991932245,-0.9372224491360852,True,True,False,False,-3.0718820638864774,0.2282341818238542,-0.7621370562529164,ES
20240131_a34,20240131,2024-01-31,34,primary_2023_2026,confirmation_2023_2026_powell,10.5,2024-01-31 15:19:11.056000-05:00,2024-01-31 15:20:00-05:00,-0.2443653618065033,-0.0002279981760145,0.55,-0.8304061587078088,-0.2080402182049982,-2.0109461178840533,0.5649239905027652,0.4770656520158297,True,True,False,False,10.235415427871581,0.5938168022120143,0.3612134610456857,ES
20240131_a35,20240131,2024-01-31,35,primary_2023_2026,confirmation_2023_2026_powell,10.5,2024-01-31 15:20:51.466000-05:00,2024-01-31 15:21:00-05:00,-0.2443653618065033,-0.0002279981760145,0.5,0.0636715531405767,0.8523523506838675,-0.7154427148938921,-0.6108887514000425,-0.6057866821112158,True,True,False,False,3.068739794949302,0.5938168022120143,0.6495817142836655,ES
20240501_a00,20240501,2024-05-01,0,primary_2023_2026,confirmation_2023_2026_powell,10.4,2024-05-01 14:40:23.615999999-04:00,2024-05-01 14:41:00-04:00,-0.1795885707223936,0.000308297044202,0.7708333333333334,0.6945793166952093,0.0071699595834139,0.8825502553379242,1.4335123102123564,1.411714431272479,True,False,False,False,12.261815794363281,0.4990917261125533,1.0462235393254002,ES
20240501_a06,20240501,2024-05-01,6,primary_2023_2026,confirmation_2023_2026_powell,10.4,2024-05-01 14:42:40.526000-04:00,2024-05-01 14:43:00-04:00,-0.2153028564366793,0.000308297044202,0.6,0.744620061746597,-0.1904062155303495,1.8964975082937323,1.5259552476458411,1.4784338958127117,True,False,False,False,1.9605921050945805,0.5513178147394333,1.1418803249695397,ES
20240501_a07,20240501,2024-05-01,7,primary_2023_2026,confirmation_2023_2026_powell,10.4,2024-05-01 14:44:35.666000-04:00,2024-05-01 14:45:00-04:00,-0.2986361897700126,0.000308297044202,0.55,1.4068827264181936,-0.5139071881891262,0.0235135011770943,1.992321473406209,1.9829482141784909,True,False,False,False,-18.11018335952508,0.6731786882021533,1.64433859597758,ES
20240501_a08,20240501,2024-05-01,8,primary_2023_2026,confirmation_2023_2026_powell,10.4,2024-05-01 14:45:13.345999999-04:00,2024-05-01 14:46:00-04:00,-0.2153028564366793,0.000308297044202,0.2352941176470588,-0.223398173924288,-0.4233093815359626,1.7422100504654985,0.301572455947338,0.333143729306905,True,False,False,False,-1.959823622147429,0.5513178147394333,0.5631211450367299,ES
20240501_a09,20240501,2024-05-01,9,primary_2023_2026,confirmation_2023_2026_powell,10.4,2024-05-01 14:46:49.156000-04:00,2024-05-01 14:47:00-04:00,0.4096971435633207,0.000308297044202,0.6086956521739131,0.5681306083290114,0.2373655576781724,1.4739033278647171,1.3101038986386897,1.325227971672992,True,False,False,False,4.898839073133347,-0.3626387362309673,-0.058830517630029666,ES
20240501_a10,20240501,2024-05-01,10,primary_2023_2026,confirmation_2023_2026_powell,10.4,2024-05-01 14:48:47.926000-04:00,2024-05-01 14:49:00-04:00,0.0346971435633206,0.000308297044202,0.5571428571428572,0.1722565218817697,0.1163459094706902,1.1035402577541955,0.2737368956389237,0.257633233291392,True,False,False,False,4.406472689968653,0.18573519435127325,0.30490305839794285,ES
20240501_a11,20240501,2024-05-01,11,primary_2023_2026,confirmation_2023_2026_powell,10.4,2024-05-01 14:49:42.235999999-04:00,2024-05-01 14:50:00-04:00,-0.1319695231033459,0.000308297044202,0.5,-0.0929027009761692,-0.3428188901922183,-0.2541969302724249,0.4367573830526437,0.4368761952422861,True,False,False,False,7.3394498707483296,0.42945694127671313,0.4918233899944644,ES
20240501_a12,20240501,2024-05-01,12,primary_2023_2026,confirmation_2023_2026_powell,10.4,2024-05-01 14:50:39.938941176-04:00,2024-05-01 14:51:00-04:00,0.0346971435633206,0.000308297044202,0.6296296296296297,1.7904720297823145,1.050736365876081,2.017535350783626,1.2729323234149803,1.331917513631361,True,False,False,False,1.9561815398852795,0.18573519435127325,1.1605979205046344,ES
20240501_a13,20240501,2024-05-01,13,primary_2023_2026,confirmation_2023_2026_powell,10.4,2024-05-01 14:52:23.136000-04:00,2024-05-01 14:53:00-04:00,-0.1191490102828331,0.000308297044202,0.5555555555555556,0.7467573324115273,-0.0616270663948458,0.2654623846562744,1.5987174593343074,1.6180148570188262,True,False,False,False,0.9782821373487698,0.41070911459014087,0.9820231925477662,ES
20240501_a14,20240501,2024-05-01,14,primary_2023_2026,confirmation_2023_2026_powell,10.4,2024-05-01 14:53:14.996000-04:00,2024-05-01 14:54:00-04:00,-0.2153028564366793,0.000308297044202,0.5714285714285714,0.3358246499997697,0.6307330805818704,-0.2116584597293165,1.9631953355115077,2.006794727014631,True,False,False,False,6.844961886581016,0.5513178147394333,0.9993185698721596,ES
20240501_a15,20240501,2024-05-01,15,primary_2023_2026,confirmation_2023_2026_powell,10.4,2024-05-01 14:55:58.066000-04:00,2024-05-01 14:56:00-04:00,-0.1528028564366793,0.000308297044202,0.6533333333333333,-0.8359655921980799,-0.0136815509959259,1.314391322803777,-0.4319938476138197,-0.4247579542040707,True,False,False,False,4.888780346696394,0.45992215964239325,0.09168152949051867,ES
20240501_a16,20240501,2024-05-01,16,primary_2023_2026,confirmation_2023_2026_powell,10.4,2024-05-01 14:58:19.285047619-04:00,2024-05-01 14:59:00-04:00,-0.0903028564366793,0.000308297044202,0.6461538461538462,-1.4882585639019212,0.0372788747834318,1.396667788366882,-0.2741962087578107,-0.2638010765524615,True,False,False,False,1.4655951563877496,0.36852650454535324,-0.30301437810444715,ES
20240501_a18,20240501,2024-05-01,18,primary_2023_2026,confirmation_2023_2026_powell,10.4,2024-05-01 15:00:58.655999999-04:00,2024-05-01 15:01:00-04:00,0.0346971435633206,0.000308297044202,0.5294117647058824,-1.0929258190154847,0.2744188559565623,1.5051864596800284,-0.421525216583643,-0.490277265167599,True,False,False,False,2.440036124641613,0.18573519435127325,-0.3549388718429063,ES
20240501_a21,20240501,2024-05-01,21,primary_2023_2026,confirmation_2023_2026_powell,10.4,2024-05-01 15:02:52.116000-04:00,2024-05-01 15:03:00-04:00,0.0346971435633206,0.000308297044202,0.5833333333333334,-1.755473539662759,-1.7149010345004116,1.4762690618488443,-0.4079248293813007,-0.396180407002227,True,False,False,False,0.48853171801943684,0.18573519435127325,-0.6601733960537982,ES
20240501_a24,20240501,2024-05-01,24,primary_2023_2026,confirmation_2023_2026_powell,10.4,2024-05-01 15:04:54.504666666-04:00,2024-05-01 15:05:00-04:00,-0.1081599992938221,0.000308297044202,0.5652173913043478,-0.6950194258093918,-0.278350223319623,-0.4448090073180386,0.5184130607506605,0.5753778716850416,True,False,False,False,2.9341288293051924,0.39463954885879315,0.1800734462535892,ES
20240501_a25,20240501,2024-05-01,25,primary_2023_2026,confirmation_2023_2026_powell,10.4,2024-05-01 15:06:30.366000-04:00,2024-05-01 15:07:00-04:00,-0.0562119473457702,0.000308297044202,0.5581395348837209,-1.0329383580991365,-0.6058399005266516,0.6057683753415011,-0.670880938719851,-0.6785286517744362,True,False,False,False,3.911789204447171,0.31867432903787685,-0.19436913164690306,ES
20240501_a26,20240501,2024-05-01,26,primary_2023_2026,confirmation_2023_2026_powell,10.4,2024-05-01 15:07:59.916000-04:00,2024-05-01 15:08:00-04:00,0.118030476896654,0.000308297044202,0.7441860465116279,0.7377873426830962,0.3654963795141073,1.7074697704004211,2.0233977463648314,2.020966815871448,True,False,False,False,13.678556114182834,0.06387432088855305,0.6072858788845521,ES
20240501_a27,20240501,2024-05-01,27,primary_2023_2026,confirmation_2023_2026_powell,10.4,2024-05-01 15:09:10.806000-04:00,2024-05-01 15:10:00-04:00,0.2569193657855428,0.000308297044202,0.5111111111111111,-0.2700400719094581,-0.5386174531836243,1.157987398608258,-0.4811422223750427,-0.4546608233027889,True,False,False,False,-2.931405141178909,-0.13922713488264687,-0.37007816636974694,ES
20240501_a28,20240501,2024-05-01,28,primary_2023_2026,confirmation_2023_2026_powell,10.4,2024-05-01 15:11:15.036000-04:00,2024-05-01 15:12:00-04:00,-0.0367314278652507,0.000308297044202,0.6101694915254238,0.0987305263293641,0.5375524756732893,1.545453271745014,1.5659890112295798,1.5855005407734328,True,False,False,False,4.3991495687097,0.29018737160503316,0.5340410524784379,ES
20240501_a29,20240501,2024-05-01,29,primary_2023_2026,confirmation_2023_2026_powell,10.4,2024-05-01 15:13:11.036000-04:00,2024-05-01 15:14:00-04:00,-0.0486361897700126,0.000308297044202,0.6491228070175439,0.9196731885160138,0.3168704257813184,1.1154191122514605,1.146373266795562,1.1657805774574774,True,False,False,False,-1.95388824380856,0.3075960678139931,0.8901380047214879,ES
20240501_a30,20240501,2024-05-01,30,primary_2023_2026,confirmation_2023_2026_powell,10.4,2024-05-01 15:14:58.696000-04:00,2024-05-01 15:15:00-04:00,-0.1191490102828331,0.000308297044202,0.6470588235294118,-1.396942942831226,0.3467838337030728,0.3090972482183204,-0.0915287050406494,-0.1073966427624848,True,False,False,False,-0.9771350408398718,0.41070911459014087,-0.190666269266909,ES
20240501_a31,20240501,2024-05-01,31,primary_2023_2026,confirmation_2023_2026_powell,10.4,2024-05-01 15:15:54.346000-04:00,2024-05-01 15:16:00-04:00,-0.1319695231033459,0.000308297044202,0.6521739130434783,0.8601912231471547,0.3307414499627689,0.965370623358036,1.9082866966768108,1.8569653178737184,True,False,False,False,-0.977230529459319,0.42945694127671313,1.0900513746112739,ES
20240501_a32,20240501,2024-05-01,32,primary_2023_2026,confirmation_2023_2026_powell,10.4,2024-05-01 15:17:04.066000-04:00,2024-05-01 15:18:00-04:00,-0.2153028564366793,0.000308297044202,0.6153846153846154,-2.3768064320384856,-0.7741635067654384,0.513194751866508,-0.8106173733568731,-0.7817011429199766,True,False,False,False,-0.48869883943776427,0.5513178147394333,-0.5523680567411251,ES
20240501_a34,20240501,2024-05-01,34,primary_2023_2026,confirmation_2023_2026_powell,10.4,2024-05-01 15:20:14.546000-04:00,2024-05-01 15:21:00-04:00,0.0346971435633206,0.000308297044202,0.6052631578947368,0.4501138378628244,-0.6706204988067831,1.1404302029574178,1.3599481756471352,1.385570609674968,True,False,False,False,-4.896200646186942,0.18573519435127325,0.5494477717934377,ES
20240612_a00,20240612,2024-06-12,0,primary_2023_2026,confirmation_2023_2026_powell,10.4,2024-06-12 14:40:42.385999999-04:00,2024-06-12 14:41:00-04:00,-0.1458632806851853,-0.0003055884487566,0.6052631578947368,0.3881194478788634,-0.6483330417575441,-0.4103630409179587,1.427571689939488,1.4584842396246238,True,False,False,False,2.2983750589591283,0.44977420649194005,0.8445930957957958,ES
20240612_a01,20240612,2024-06-12,1,primary_2023_2026,confirmation_2023_2026_powell,10.4,2024-06-12 14:41:33.955999999-04:00,2024-06-12 14:42:00-04:00,-0.562529947351852,-0.0003055884487566,0.5,-0.8707334441441096,-1.191123763227606,0.2554437951946078,-0.4637093613542279,-0.5084031197918502,True,False,False,False,-3.6776536984175476,1.0590785738055404,0.7906864743877544,ES
20240612_a02,20240612,2024-06-12,2,primary_2023_2026,confirmation_2023_2026_powell,10.4,2024-06-12 14:44:40.575999999-04:00,2024-06-12 14:45:00-04:00,-0.1060082082214172,-0.0003055884487566,0.6106194690265486,-1.2520846424021068,-0.7599681215881019,-0.5354302484747142,-0.907140042266676,-0.8688257673159535,True,False,False,False,-2.300595864473556,0.3914929191836826,-0.23370363250684478,ES
20240612_a03,20240612,2024-06-12,3,primary_2023_2026,confirmation_2023_2026_powell,10.4,2024-06-12 14:45:50.086000-04:00,2024-06-12 14:46:00-04:00,-0.062529947351852,-0.0003055884487566,0.5897435897435898,-1.327515273939461,-0.4293464745349304,-0.3313745464391328,-1.3149039185567777,-1.350099541837797,True,False,False,False,2.3005958644736877,0.32791333302922,-0.3883808867787141,ES
20240612_a04,20240612,2024-06-12,4,primary_2023_2026,confirmation_2023_2026_powell,10.4,2024-06-12 14:47:55.135999999-04:00,2024-06-12 14:48:00-04:00,-0.1180855029074075,-0.0003055884487566,0.5735294117647058,-0.9234365495315684,-0.251309937838834,0.1524919318963353,-1.3100928393540867,-1.3591254727098552,True,False,False,False,-3.6810380942964738,0.40915391533769996,-0.10340349053378833,ES
20240612_a05,20240612,2024-06-12,5,primary_2023_2026,confirmation_2023_2026_powell,10.4,2024-06-12 14:49:06.466000-04:00,2024-06-12 14:50:00-04:00,-0.1736410584629631,-0.0003055884487566,0.5526315789473685,1.316253660855148,-0.0180648627161839,-0.8447026106510387,1.358013030481369,1.302228214153614,True,False,False,False,5.522319514477358,0.4903944976461801,1.315502614873694,ES
20240612_a06,20240612,2024-06-12,6,primary_2023_2026,confirmation_2023_2026_powell,10.4,2024-06-12 14:50:50.185999999-04:00,2024-06-12 14:51:00-04:00,-0.062529947351852,-0.0003055884487566,0.5192307692307693,-0.942984793956156,-0.8430410127343246,-1.338363926555566,-0.8066046870424186,-0.7973464696840332,True,False,False,False,-3.6810380942964738,0.32791333302922,-0.15613691917669503,ES
20240612_a07,20240612,2024-06-12,7,primary_2023_2026,confirmation_2023_2026_powell,10.4,2024-06-12 14:53:31.195999999-04:00,2024-06-12 14:54:00-04:00,-0.062529947351852,-0.0003055884487566,0.5875,-0.0508053553053309,-0.1464583850049727,-0.319416565847149,1.2427472977185494,1.28369032408231,True,False,False,False,5.986783203980311,0.32791333302922,0.4755634609097544,ES
20240612_a08,20240612,2024-06-12,8,primary_2023_2026,confirmation_2023_2026_powell,10.4,2024-06-12 14:55:01.596000-04:00,2024-06-12 14:56:00-04:00,-0.062529947351852,-0.0003055884487566,0.5,0.8268856560613259,-0.734770895417437,-0.386097848617012,1.3457535328927577,1.2688622627429664,True,False,False,False,11.038036350441901,0.32791333302922,0.8928304728367271,ES
20240612_a09,20240612,2024-06-12,9,primary_2023_2026,confirmation_2023_2026_powell,10.4,2024-06-12 14:56:38.405999999-04:00,2024-06-12 14:57:00-04:00,-0.062529947351852,-0.0003055884487566,0.6341463414634146,-1.906078899217312,-0.9440812667604308,-0.7010902852570113,-1.1754271839288133,-1.2288980927316269,True,False,False,False,-2.2986920543489613,0.32791333302922,-0.6413057450084891,ES
20240612_a10,20240612,2024-06-12,10,primary_2023_2026,confirmation_2023_2026_powell,10.4,2024-06-12 14:58:22.495999999-04:00,2024-06-12 14:59:00-04:00,-0.1394530242749289,-0.0003055884487566,0.7142857142857143,-1.454130755883169,-0.343468289215468,-1.3025536474942163,-1.1107956474078429,-1.1455870954475225,True,False,False,False,0.0,0.44040029314865387,-0.29031632991038503,ES
20240612_a11,20240612,2024-06-12,11,primary_2023_2026,confirmation_2023_2026_powell,10.4,2024-06-12 14:59:27.116000-04:00,2024-06-12 15:00:00-04:00,-0.312529947351852,-0.0003055884487566,0.6486486486486487,-0.2776806075706865,0.1510958715874171,0.7936020162785253,1.7083302230843225,1.6517458955061464,True,False,False,False,4.136314602715371,0.6934959534173804,0.8586269754407705,ES
20240612_a12,20240612,2024-06-12,12,primary_2023_2026,confirmation_2023_2026_powell,10.4,2024-06-12 15:01:27.426000-04:00,2024-06-12 15:02:00-04:00,0.1874700526481479,-0.0003055884487566,0.6379310344827587,-1.1822227599830937,-0.6259967006342163,-0.8861853004206572,-0.6772967675824582,-0.7571186781157416,True,False,False,False,-1.377631853027741,-0.037669287358940096,-0.6914684436684013,ES
20240612_a13,20240612,2024-06-12,13,primary_2023_2026,confirmation_2023_2026_powell,10.4,2024-06-12 15:02:45.775999999-04:00,2024-06-12 15:03:00-04:00,-0.1736410584629631,-0.0003055884487566,0.5428571428571428,-1.1540673887047277,-1.264263597624346,-1.8014353701105212,-0.6987492497572084,-0.7198781641568798,True,False,False,False,-1.3777583892836844,0.4903944976461801,-0.04749302150185419,ES
20240612_a14,20240612,2024-06-12,14,primary_2023_2026,confirmation_2023_2026_powell,10.4,2024-06-12 15:04:08.086000-04:00,2024-06-12 15:05:00-04:00,-0.2053870902089949,-0.0003055884487566,0.5609756097560976,0.4018601239844153,0.707517643044963,-0.4226463223603954,0.5195763903851133,0.4866604658458243,True,False,False,False,-4.5941104313328704,0.5368176875367401,0.8584251938206208,ES
20240612_a15,20240612,2024-06-12,15,primary_2023_2026,confirmation_2023_2026_powell,10.4,2024-06-12 15:05:42.246000-04:00,2024-06-12 15:06:00-04:00,0.1682392834173787,-0.0003055884487566,0.5660377358490566,-1.7595008496475473,-0.3864391055303825,-0.8746229042436185,-0.4986165765896069,-0.4914449929863221,True,False,False,False,-0.4595271466472362,-0.00954754732908164,-0.9058917678353585,ES
20240612_a16,20240612,2024-06-12,16,primary_2023_2026,confirmation_2023_2026_powell,10.4,2024-06-12 15:06:50.486000-04:00,2024-06-12 15:07:00-04:00,-0.437529947351852,-0.0003055884487566,0.5862068965517241,1.2771803068529894,-0.2630862620859983,-0.2467607790205987,1.6463775669325411,1.603902590329162,True,False,False,False,2.297424597142971,0.8762872636114604,1.7909387306387008,ES
20240612_a17,20240612,2024-06-12,17,primary_2023_2026,confirmation_2023_2026_powell,10.4,2024-06-12 15:10:09.506000-04:00,2024-06-12 15:11:00-04:00,-0.1314954645932313,-0.0003055884487566,0.6206896551724138,0.9581691550555728,-0.744323953948432,-1.836380976295616,0.7597915242955052,0.7607856312757587,True,False,False,False,3.2131463864611995,0.42876371106733313,1.011998020570686,ES
20240612_a18,20240612,2024-06-12,18,primary_2023_2026,confirmation_2023_2026_powell,10.4,2024-06-12 15:11:39.955999999-04:00,2024-06-12 15:12:00-04:00,0.0551171114716774,-0.0003055884487566,0.6136363636363636,1.5215535143788586,-0.8308679984312338,-0.3292676138826406,1.4392355230709597,1.4875840150628772,True,False,False,False,-6.8868945124614305,0.15587445284655638,1.0180597111849095,ES
20240612_a19,20240612,2024-06-12,19,primary_2023_2026,confirmation_2023_2026_powell,10.4,2024-06-12 15:12:51.716000-04:00,2024-06-12 15:13:00-04:00,-0.1736410584629631,-0.0003055884487566,0.6363636363636364,0.763586843509249,0.3583916914121525,-0.4257575394658928,1.123470733884388,1.1764345844130384,True,False,False,False,3.6737693286087025,0.4903944976461801,1.0346473301402526,ES
20240612_a20,20240612,2024-06-12,20,primary_2023_2026,confirmation_2023_2026_powell,10.4,2024-06-12 15:14:21.816000-04:00,2024-06-12 15:15:00-04:00,-0.262529947351852,-0.0003055884487566,0.5714285714285714,0.7645111306922461,-0.7110571089461092,-1.4163466494577754,1.235147496002852,1.2885241892806112,True,False,False,False,4.129671749791601,0.6203794293397482,1.2028665838299561,ES
20240612_a22,20240612,2024-06-12,22,primary_2023_2026,confirmation_2023_2026_powell,10.4,2024-06-12 15:15:37.486000-04:00,2024-06-12 15:16:00-04:00,0.1041367193148146,-0.0003055884487566,0.5238095238095238,0.8976752943224161,-0.1374232059841935,-0.5672818693225739,1.230155657864792,1.2465640952960608,True,False,False,False,-3.670735105913829,0.08419158610377997,0.6209998534573968,ES
20240612_a23,20240612,2024-06-12,23,primary_2023_2026,confirmation_2023_2026_powell,10.4,2024-06-12 15:16:56.996000-04:00,2024-06-12 15:17:00-04:00,-0.4911013759232805,-0.0003055884487566,0.7333333333333333,-0.2601521757526063,-2.5376929396040357,-1.054263453914429,0.3115633612196684,0.3019194459406671,True,False,False,False,2.7533039821500838,0.9546263965517804,1.0308053195435734,ES
20240612_a24,20240612,2024-06-12,24,primary_2023_2026,confirmation_2023_2026_powell,10.4,2024-06-12 15:18:59.776000-04:00,2024-06-12 15:19:00-04:00,-0.3291966140185187,-0.0003055884487566,0.4509803921568627,0.0808614497762851,-0.942958642231795,-1.3660751480781657,1.5323596271809887,1.5741758761887077,True,False,False,False,4.586524870569328,0.7178681281099243,1.0350375062512884,ES
20240612_a25,20240612,2024-06-12,25,primary_2023_2026,confirmation_2023_2026_powell,10.4,2024-06-12 15:19:26.596000-04:00,2024-06-12 15:20:00-04:00,-1.062529947351852,-0.0003055884487566,0.5,-0.7190449796617051,-1.8608705471033125,-0.0408543155432009,0.5077941456265069,0.5405634377705035,True,False,False,False,0.4585578356876347,1.7902438145818609,1.841369638304081,ES
20240612_a26,20240612,2024-06-12,26,primary_2023_2026,confirmation_2023_2026_powell,10.4,2024-06-12 15:20:40.856000-04:00,2024-06-12 15:21:00-04:00,-0.2291966140185186,-0.0003055884487566,0.5714285714285714,0.5401846735994508,-1.0658728396410655,-1.2593794208408111,1.1596506891307732,1.138463282573167,True,False,False,False,4.584422213882968,0.5716350799546601,1.0325186202251508,ES
20240612_a27,20240612,2024-06-12,27,primary_2023_2026,confirmation_2023_2026_powell,10.4,2024-06-12 15:21:43.487904761-04:00,2024-06-12 15:22:00-04:00,-0.062529947351852,-0.0003055884487566,0.6428571428571429,0.6029704655710252,-1.034892628002979,-0.2983416128349198,1.483097644221271,1.5334077688515038,True,False,False,False,-14.21855531368205,0.32791333302922,0.8038408637805008,ES
20240612_a28,20240612,2024-06-12,28,primary_2023_2026,confirmation_2023_2026_powell,10.4,2024-06-12 15:22:41.456000-04:00,2024-06-12 15:23:00-04:00,-0.062529947351852,-0.0003055884487566,0.6521739130434783,-2.611863773934408,-0.6951885281731458,-1.2394499801840262,-0.3981788696197778,-0.3913728221792307,True,False,False,False,-11.481321153765217,0.32791333302922,-0.8850527366866656,ES
20240731_a00,20240731,2024-07-31,0,primary_2023_2026,confirmation_2023_2026_powell,10.4,2024-07-31 14:38:11.326000-04:00,2024-07-31 14:39:00-04:00,-0.0012849105670154,-0.0002664230798508,0.4736842105263157,1.7887429307499247,-0.2797892310765427,-0.3408753109215813,1.1547115766837297,1.1626018891486227,True,False,False,False,1.3473759873074147,0.23835284889494068,1.2102771492024362,ES
20240731_a01,20240731,2024-07-31,1,primary_2023_2026,confirmation_2023_2026_powell,10.4,2024-07-31 14:39:25.676000-04:00,2024-07-31 14:40:00-04:00,0.2903817560996511,-0.0002664230798508,0.5714285714285714,1.8008113340185636,0.4343290841725184,0.017582661301245,1.4337956364099698,1.4844485318290344,True,False,False,False,7.1829408251083295,-0.18816020822457935,0.7341924234770315,ES
20240731_a02,20240731,2024-07-31,2,primary_2023_2026,confirmation_2023_2026_powell,10.4,2024-07-31 14:40:16.645999999-04:00,2024-07-31 14:41:00-04:00,0.2665722322901274,-0.0002664230798508,0.6666666666666666,2.1008278889076912,-0.6682786730415781,1.8211909194784568,1.24848305591737,1.2443998792539332,True,False,False,False,9.420209286960329,-0.15334281580665943,0.8950405766057467,ES
20240731_a03,20240731,2024-07-31,3,primary_2023_2026,confirmation_2023_2026_powell,10.4,2024-07-31 14:41:17.995999999-04:00,2024-07-31 14:42:00-04:00,0.1237150894329845,-0.0002664230798508,0.5384615384615384,2.141683471022539,0.3541132153744042,0.8474632511299574,0.782222701356725,0.7622578240005066,True,False,False,False,1.3450200652432505,0.055561538700860724,1.1146992268809284,ES
20240731_a04,20240731,2024-07-31,4,primary_2023_2026,confirmation_2023_2026_powell,10.4,2024-07-31 14:42:29.616000-04:00,2024-07-31 14:43:00-04:00,-0.1619991962813011,-0.0002664230798508,0.7096774193548387,-0.11450632972636,-0.6329870050322015,0.2898511097535052,-0.7191992976275808,-0.679305945690917,True,False,False,False,0.8965795496210289,0.47337024771590086,0.41111101275758194,ES
20240731_a05,20240731,2024-07-31,5,primary_2023_2026,confirmation_2023_2026_powell,10.4,2024-07-31 14:44:43.556000-04:00,2024-07-31 14:45:00-04:00,0.1825386188447492,-0.0002664230798508,0.5362318840579711,0.1059914571097985,0.1660078074386922,0.3365791341757996,-0.8270617411825155,-0.8539710101231682,True,False,False,False,-0.44815918621836254,-0.030457901390471054,-0.10250457179653005,ES
20240731_a06,20240731,2024-07-31,6,primary_2023_2026,confirmation_2023_2026_powell,10.4,2024-07-31 14:46:06.136000-04:00,2024-07-31 14:47:00-04:00,-0.0762849105670154,-0.0002664230798508,0.5333333333333333,1.3154812398283398,-1.252923253569014,1.3624355039776972,-0.1496843153502405,-0.1859157731277179,True,False,False,False,-0.4481391024518495,0.3480276350113888,0.9835132518072446,ES
20240731_a07,20240731,2024-07-31,7,primary_2023_2026,confirmation_2023_2026_powell,10.4,2024-07-31 14:47:05.085999999-04:00,2024-07-31 14:48:00-04:00,-0.0012849105670154,-0.0002664230798508,0.7241379310344828,1.5039600538020634,-0.4783274625807062,1.7182139306499649,1.4305283237669046,1.382985688785069,True,False,False,False,4.928205113071908,0.23835284889494068,1.1078912695671754,ES
20240731_a08,20240731,2024-07-31,8,primary_2023_2026,confirmation_2023_2026_powell,10.4,2024-07-31 14:49:35.226000-04:00,2024-07-31 14:50:00-04:00,0.1237150894329845,-0.0002664230798508,0.6375,0.4336608970081955,-0.7728052608527347,0.6815305161531908,-0.6370048546100823,-0.6206524349122385,True,False,False,False,1.3426723675816896,0.055561538700860724,0.17260506785699647,ES
20240731_a10,20240731,2024-07-31,10,primary_2023_2026,confirmation_2023_2026_powell,10.4,2024-07-31 14:51:58.776000-04:00,2024-07-31 14:52:00-04:00,0.1237150894329845,-0.0002664230798508,0.625,-0.3769666169772284,-0.9610948282536392,1.5191532541949369,-0.9682890094472172,-0.9681523017390772,True,False,False,False,-7.60983944152115,0.055561538700860724,-0.23798231205930953,ES
20240731_a11,20240731,2024-07-31,11,primary_2023_2026,confirmation_2023_2026_powell,10.4,2024-07-31 14:53:58.706000-04:00,2024-07-31 14:54:00-04:00,0.2237150894329845,-0.0002664230798508,0.546875,1.1308049324127154,-0.0136528380222455,0.3720868257779708,-0.7012491700604406,-0.6668829080685592,True,False,False,False,-4.028918737489889,-0.09067150945440339,0.31309219346360384,ES
20240731_a12,20240731,2024-07-31,12,primary_2023_2026,confirmation_2023_2026_powell,10.4,2024-07-31 14:54:45.315999999-04:00,2024-07-31 14:55:00-04:00,0.1237150894329845,-0.0002664230798508,0.7083333333333334,0.7565270581892705,-1.4900432516644326,-0.4435025875177527,0.3479584440117353,0.2873045798393493,True,False,False,False,-6.270715962893523,0.055561538700860724,0.4271780290051302,ES
20240731_a13,20240731,2024-07-31,13,primary_2023_2026,confirmation_2023_2026_powell,10.4,2024-07-31 14:55:50.146000-04:00,2024-07-31 14:56:00-04:00,-0.0762849105670154,-0.0002664230798508,0.5294117647058824,1.96034012573572,-0.5641915489082034,0.4502498488790621,1.0009303808574543,0.9739459266409048,True,False,False,False,5.37514010701982,0.3480276350113888,1.4048125089187726,ES
20240731_a14,20240731,2024-07-31,14,primary_2023_2026,confirmation_2023_2026_powell,10.4,2024-07-31 14:57:30.185999999-04:00,2024-07-31 14:58:00-04:00,0.2348262005440956,-0.0002664230798508,0.5185185185185185,0.4213485539896363,-0.3294498703406603,0.3783847055397046,-0.752326317141854,-0.7642235371179565,True,False,False,False,-1.7906706109267132,-0.10691962591609927,-0.04024271093265197,ES
20240731_a15,20240731,2024-07-31,15,primary_2023_2026,confirmation_2023_2026_powell,10.4,2024-07-31 14:58:37.185999999-04:00,2024-07-31 14:59:00-04:00,-0.0581030923851972,-0.0002664230798508,0.56,0.1419246578577172,-2.1288374403989967,0.9584308845516571,0.5942128058920321,0.5308520826813208,True,False,False,False,0.0,0.32143980807406797,0.4877974088765335,ES
20240731_a16,20240731,2024-07-31,16,primary_2023_2026,confirmation_2023_2026_powell,10.4,2024-07-31 14:59:58.656000-04:00,2024-07-31 15:00:00-04:00,-0.1262849105670154,-0.0002664230798508,0.5555555555555556,2.140218218555603,-1.462584659847605,0.1683641911452096,1.0076971371795005,0.985282902056198,True,False,False,False,2.238288166562675,0.4211441590890208,1.5764765901197613,ES
20240731_a17,20240731,2024-07-31,17,primary_2023_2026,confirmation_2023_2026_powell,10.4,2024-07-31 15:01:28.156000-04:00,2024-07-31 15:02:00-04:00,-0.1490121832942881,-0.0002664230798508,0.75,1.7491744078185782,-0.8834888198250876,0.2800173695070165,1.2836550000365332,1.286947226632439,True,False,False,False,3.13388402717174,0.45437894276067164,1.464772527036571,ES
20240731_a18,20240731,2024-07-31,18,primary_2023_2026,confirmation_2023_2026_powell,10.4,2024-07-31 15:02:41.715999999-04:00,2024-07-31 15:03:00-04:00,0.3055332712511663,-0.0002664230798508,0.7021276595744681,1.7372941913400464,-0.445132839188786,1.2339210741494486,1.0917847921553758,1.0827557160088686,True,False,False,False,-0.8952551483147342,-0.21031673067234669,0.64172020633872,ES
20240731_a19,20240731,2024-07-31,19,primary_2023_2026,confirmation_2023_2026_powell,10.4,2024-07-31 15:04:17.056000-04:00,2024-07-31 15:05:00-04:00,0.1237150894329845,-0.0002664230798508,0.5909090909090909,-0.1684825455903528,-0.1474376652741477,-0.6265384792926603,-1.271137787367303,-1.2815152471334283,True,False,False,False,2.241197705429614,0.055561538700860724,-0.17379934601237146,ES
20240731_a20,20240731,2024-07-31,20,primary_2023_2026,confirmation_2023_2026_powell,10.4,2024-07-31 15:06:52.605999999-04:00,2024-07-31 15:07:00-04:00,0.1237150894329845,-0.0002664230798508,0.5454545454545454,2.7859571764144118,-0.9520566546996008,0.20045661982894,1.2490769838683276,1.1809460552818016,True,False,False,False,0.8958967932880352,0.055561538700860724,1.4627521966142023,ES
20240731_a21,20240731,2024-07-31,21,primary_2023_2026,confirmation_2023_2026_powell,10.4,2024-07-31 15:07:36.246000-04:00,2024-07-31 15:08:00-04:00,0.1237150894329845,-0.0002664230798508,0.6,0.7494050420339218,-0.6506758307158386,-0.1718496358373961,-0.0568890781325264,-0.0907190563162751,True,False,False,False,-1.7919541307700388,0.055561538700860724,0.3806733327268211,ES
20240731_a22,20240731,2024-07-31,22,primary_2023_2026,confirmation_2023_2026_powell,10.4,2024-07-31 15:09:08.976000-04:00,2024-07-31 15:10:00-04:00,0.0403817560996512,-0.0002664230798508,0.5869565217391305,1.478487254843865,-1.066938585370214,0.0903420023436292,1.4161820480995242,1.4069829244328582,True,False,False,False,4.930414030537441,0.17742241216358073,1.0215038129762302,ES
20240731_a27,20240731,2024-07-31,27,primary_2023_2026,confirmation_2023_2026_powell,10.4,2024-07-31 15:11:43.866000-04:00,2024-07-31 15:12:00-04:00,-0.2096182439003487,-0.0002664230798508,0.625,1.4319154392831626,-1.633287975647116,-0.9605399429054314,0.0356964520326351,-0.0207363264486708,True,False,False,False,0.896820770970884,0.5430050325517408,1.2910032151657884,ES
20240731_a28,20240731,2024-07-31,28,primary_2023_2026,confirmation_2023_2026_powell,10.4,2024-07-31 15:13:08.386000-04:00,2024-07-31 15:14:00-04:00,0.2348262005440956,-0.0002664230798508,0.6585365853658537,1.0817931150177746,-0.8576891277791132,0.4694355925462276,0.3592644428963283,0.2777520645773415,True,False,False,False,-0.8969012069330163,-0.10691962591609927,0.3841060922056545,ES
20240731_a29,20240731,2024-07-31,29,primary_2023_2026,confirmation_2023_2026_powell,10.4,2024-07-31 15:14:15.686000-04:00,2024-07-31 15:15:00-04:00,-0.0301310644131693,-0.0002664230798508,0.5789473684210527,2.33135457513539,0.463362416552162,0.5721705970510791,1.0459197367291533,1.0633593847536358,True,False,False,False,7.172958256082912,0.2805354589397285,1.5004187593731106,ES
20240731_a30,20240731,2024-07-31,30,primary_2023_2026,confirmation_2023_2026_powell,10.4,2024-07-31 15:16:05.086000-04:00,2024-07-31 15:17:00-04:00,0.1237150894329845,-0.0002664230798508,0.6595744680851063,2.403096934467753,-1.1978705468055109,-0.5681333768292088,1.416304075741279,1.3989695942570377,True,False,False,False,3.135709031898735,0.055561538700860724,1.3033779812361277,ES
20240731_a31,20240731,2024-07-31,31,primary_2023_2026,confirmation_2023_2026_powell,10.4,2024-07-31 15:18:02.556000-04:00,2024-07-31 15:19:00-04:00,0.0612150894329845,-0.0002664230798508,0.46875,1.3680206304069946,-0.0989845854209782,0.0370460060082725,1.2039550260626677,1.2218820487558424,True,False,False,False,-13.928517517021977,0.1469571937979008,0.9111871385284238,ES
20240918_a00,20240918,2024-09-18,0,primary_2023_2026,confirmation_2023_2026_powell,10.4,2024-09-18 14:40:07.855999999-04:00,2024-09-18 14:41:00-04:00,0.1111647942904303,0.0015737999775171,0.5128205128205128,0.9260278563160904,-0.0966215397125055,0.8481804637593753,1.0621512793624923,1.0197155216188325,True,True,True,False,-6.555228028903288,0.07391421784029983,0.603869215566922,ES
20240918_a01,20240918,2024-09-18,1,primary_2023_2026,confirmation_2023_2026_powell,10.4,2024-09-18 14:41:32.786000-04:00,2024-09-18 14:42:00-04:00,0.1230695561951921,0.0015737999775171,0.5769230769230769,-0.7059080900217987,-1.6461400454887023,0.3046718997628706,-0.7382124325051947,-0.7305366454275264,True,True,True,False,-5.684675579983184,0.05650552163133993,-0.3645584267839269,ES
20240918_a02,20240918,2024-09-18,2,primary_2023_2026,confirmation_2023_2026_powell,10.4,2024-09-18 14:43:45.376000-04:00,2024-09-18 14:44:00-04:00,0.1175750507006867,0.0015737999775171,0.4915254237288136,-0.8187801999399301,-1.0581201169779608,1.0178180993110588,-0.9356220657642904,-0.9047087707378308,True,True,True,False,-3.0667455498726803,0.06454030449701365,-0.4282395620843419,ES
20240918_a03,20240918,2024-09-18,3,primary_2023_2026,confirmation_2023_2026_powell,10.4,2024-09-18 14:44:56.156000-04:00,2024-09-18 14:45:00-04:00,0.3194981276237636,0.0015737999775171,0.6666666666666666,-0.284496061858052,-0.4068400829320184,-0.4211615899425889,-0.2439396089492644,-0.2080871283448155,True,True,True,False,8.759636159274507,-0.2307379658165003,-0.46118984824329706,ES
20240918_a04,20240918,2024-09-18,4,primary_2023_2026,confirmation_2023_2026_powell,10.4,2024-09-18 14:45:47.246000-04:00,2024-09-18 14:46:00-04:00,0.3194981276237636,0.0015737999775171,0.6521739130434783,1.332900023230059,-0.5807931785768516,0.1761192263434292,1.0746653951418337,0.9861098408370178,True,True,True,False,19.6803107407656,-0.2307379658165003,0.42821520528793666,ES
20240918_a05,20240918,2024-09-18,5,primary_2023_2026,confirmation_2023_2026_powell,10.4,2024-09-18 14:46:41.066000-04:00,2024-09-18 14:47:00-04:00,0.7944981276237636,0.0015737999775171,0.7222222222222222,-2.1891215124882755,-2.117200968592659,0.3140146433364388,-0.7104110285703445,-0.7109445142013372,True,True,True,False,-16.616384075954613,-0.9253449445540047,-2.2255487486246235,ES
20240918_a06,20240918,2024-09-18,6,primary_2023_2026,confirmation_2023_2026_powell,10.4,2024-09-18 14:47:30.675999999-04:00,2024-09-18 14:48:00-04:00,0.1944981276237636,0.0015737999775171,0.75,-0.0498175575809588,-1.3687461380334474,1.0037957886516993,-1.3609392075686142,-1.3669278055564262,True,True,True,False,10.060143002642395,-0.04794665562242023,-0.2525775561309309,ES
20240918_a07,20240918,2024-09-18,7,primary_2023_2026,confirmation_2023_2026_powell,10.4,2024-09-18 14:48:56.145999999-04:00,2024-09-18 14:49:00-04:00,0.1944981276237636,0.0015737999775171,0.6326530612244898,-0.0406875480472345,-1.6643939258266105,-0.3161141128055537,-0.9206386603958412,-0.8986401839672368,True,True,True,False,-0.8743551636241583,-0.04794665562242023,-0.2013596015388957,ES
20240918_a08,20240918,2024-09-18,8,primary_2023_2026,confirmation_2023_2026_powell,10.4,2024-09-18 14:49:44.986000-04:00,2024-09-18 14:50:00-04:00,0.1944981276237636,0.0015737999775171,0.4782608695652174,-0.9314118959053468,-1.2424938326356127,0.8085405770819867,-1.2423584616590195,-1.273146672311755,True,True,True,False,0.4371871380246325,-0.04794665562242023,-0.6480021534200104,ES
20240918_a09,20240918,2024-09-18,9,primary_2023_2026,confirmation_2023_2026_powell,10.4,2024-09-18 14:51:33.896000-04:00,2024-09-18 14:52:00-04:00,0.3763163094419455,0.0015737999775171,0.5,1.754094954230406,-1.789395412113019,0.5930881484277195,1.55561883861993,1.559478176767697,True,True,True,False,10.48080798154777,-0.31382492499562786,0.5748777902211608,ES
20240918_a10,20240918,2024-09-18,10,primary_2023_2026,confirmation_2023_2026_powell,10.4,2024-09-18 14:52:23.686000-04:00,2024-09-18 14:53:00-04:00,0.0278314609570969,0.0015737999775171,0.6153846153846154,1.563026512103832,-0.4104507187117553,-1.9005330470249548,1.4185189717260502,1.5251642089563675,True,True,True,False,-0.4364620387836135,0.19577509130301993,1.082893287148953,ES
20240918_a11,20240918,2024-09-18,11,primary_2023_2026,confirmation_2023_2026_powell,10.4,2024-09-18 14:53:30.816000-04:00,2024-09-18 14:54:00-04:00,-0.4055018723762363,0.0015737999775171,0.6551724137931034,-1.2668203619450462,-1.318435553996291,0.0931822577854984,-0.9733390469953406,-1.015205532070185,True,True,True,False,-6.549217602616566,0.8294516333091642,0.2775920732963281,ES
20240918_a12,20240918,2024-09-18,12,primary_2023_2026,confirmation_2023_2026_powell,10.4,2024-09-18 14:54:21.746000-04:00,2024-09-18 14:55:00-04:00,0.3944981276237637,0.0015737999775171,0.7,1.955190697500706,0.3512062197414695,-1.109289716801826,1.2357209966150398,1.1284149793754097,True,True,True,False,2.6202017705258194,-0.3404127519329486,0.601938174234364,ES
20240918_a13,20240918,2024-09-18,13,primary_2023_2026,confirmation_2023_2026_powell,10.4,2024-09-18 14:56:36.056000-04:00,2024-09-18 14:57:00-04:00,-0.0228931767240624,0.0015737999775171,0.5375,0.0252328857136042,-0.693917064592071,-0.4456944430402568,-0.908207768210218,-0.9152319767666008,True,True,True,False,-2.182881849273227,0.26995127514989287,0.21169094482902778,ES
20240918_a14,20240918,2024-09-18,14,primary_2023_2026,confirmation_2023_2026_powell,10.4,2024-09-18 14:57:28.905999999-04:00,2024-09-18 14:58:00-04:00,0.1944981276237636,0.0015737999775171,0.44,-0.3566649266347582,-0.1424028054324669,1.363590035938413,-0.8843561212270096,-0.8180772131722525,True,True,True,False,-19.66740871277321,-0.04794665562242023,-0.34374974056659136,ES
20240918_a15,20240918,2024-09-18,15,primary_2023_2026,confirmation_2023_2026_powell,10.4,2024-09-18 14:59:29.806000-04:00,2024-09-18 15:00:00-04:00,-0.3055018723762364,0.0015737999775171,0.6415094339622641,-0.615046271859872,-0.9038579010006276,-0.7824570178372684,-0.8463754430502709,-0.8771187080663557,True,True,True,False,-8.766931697271335,0.6832185851539002,0.41748491883013156,ES
20240918_a16,20240918,2024-09-18,16,primary_2023_2026,confirmation_2023_2026_powell,10.4,2024-09-18 15:00:43.185999999-04:00,2024-09-18 15:01:00-04:00,0.2854072185328545,0.0015737999775171,0.6216216216216216,-1.6916033797594825,-0.5538709434158146,0.5096502940225246,-1.1822181091440302,-1.2245038782920523,True,True,True,False,-14.481626228077063,-0.18088579030902396,-1.1528829387310664,ES
20240918_a17,20240918,2024-09-18,17,primary_2023_2026,confirmation_2023_2026_powell,10.4,2024-09-18 15:01:48.276000-04:00,2024-09-18 15:02:00-04:00,0.1175750507006867,0.0015737999775171,0.5476190476190477,0.8618589505048015,-0.4790394446597125,-1.0436683526345112,0.8787350951935174,0.8711277541733219,True,True,True,False,14.043097054854766,0.06454030449701365,0.543349944868781,ES
20240918_a18,20240918,2024-09-18,18,primary_2023_2026,confirmation_2023_2026_powell,10.4,2024-09-18 15:02:46.546000-04:00,2024-09-18 15:03:00-04:00,0.7944981276237638,0.0015737999775171,0.4615384615384615,-0.4625438567377994,-1.2680994579141676,1.1525326228215316,0.2485895597537752,0.3225115842777697,True,True,True,False,-4.825090564059621,-0.9253449445540052,-1.3239840989829672,ES
20240918_a19,20240918,2024-09-18,19,primary_2023_2026,confirmation_2023_2026_powell,10.4,2024-09-18 15:03:33.276000-04:00,2024-09-18 15:04:00-04:00,-0.2055018723762363,0.0015737999775171,0.5789473684210527,1.1856607514753474,-0.4380864241614102,1.3957237372597364,1.484963127501042,1.4230143432755462,True,True,True,False,-2.1940891327022793,0.5369855369986359,1.324471584375997,ES
20240918_a20,20240918,2024-09-18,20,primary_2023_2026,confirmation_2023_2026_powell,10.4,2024-09-18 15:05:18.525999999-04:00,2024-09-18 15:06:00-04:00,0.0944981276237636,0.0015737999775171,0.490566037735849,1.261453718814312,-0.79427721388284,-0.4318708863926581,1.745095302163179,1.7217767967002622,True,True,True,False,-1.3185943803030304,0.09828639253284385,0.8612485380951477,ES
20240918_a21,20240918,2024-09-18,21,primary_2023_2026,confirmation_2023_2026_powell,10.4,2024-09-18 15:06:51.125999999-04:00,2024-09-18 15:07:00-04:00,0.2659266990523351,0.0015737999775171,0.6101694915254238,1.237582595380133,-0.8607677123294423,-1.2014863225988073,0.5334110273760992,0.5632661533275185,True,True,True,False,6.151953439181098,-0.1523988328761804,0.42026862180251157,ES
20240918_a22,20240918,2024-09-18,22,primary_2023_2026,confirmation_2023_2026_powell,10.4,2024-09-18 15:09:11.875999999-04:00,2024-09-18 15:10:00-04:00,0.2611647942904302,0.0015737999775171,0.5789473684210527,1.2588842698961578,-1.3537886745357064,-0.2985078522843489,1.717560441076209,1.718093813520083,True,True,True,False,-1.3178992704734478,-0.1454353543925962,0.5648594694621081,ES
20240918_a23,20240918,2024-09-18,23,primary_2023_2026,confirmation_2023_2026_powell,10.4,2024-09-18 15:10:17.835999999-04:00,2024-09-18 15:11:00-04:00,-0.1388352057095696,0.0015737999775171,0.5517241379310345,1.2886742905565671,-0.2965262979347317,-0.9229004585187192,1.10142220988775,1.121226389882721,True,True,True,False,10.538334162260353,0.43949683822845986,1.214317006536683,ES
20240918_a24,20240918,2024-09-18,24,primary_2023_2026,confirmation_2023_2026_powell,10.4,2024-09-18 15:11:44.736000-04:00,2024-09-18 15:12:00-04:00,0.5021904353160714,0.0015737999775171,0.5510204081632653,0.403093903192245,-1.5212168338946492,1.2934247157376877,1.3565932204660651,1.3423489016059629,True,True,True,False,13.595598875092378,-0.49789449610015624,-0.2924556354589902,ES
20240918_a26,20240918,2024-09-18,26,primary_2023_2026,confirmation_2023_2026_powell,10.4,2024-09-18 15:14:21.646000-04:00,2024-09-18 15:15:00-04:00,0.1944981276237636,0.0015737999775171,0.6285714285714286,-0.8061139660527253,-1.7438046599843242,0.0670172165538371,-1.047708553809669,-1.0286161877901785,True,True,True,False,-6.12798758562131,-0.04794665562242023,-0.5692288009795797,ES
20240918_a27,20240918,2024-09-18,27,primary_2023_2026,confirmation_2023_2026_powell,10.4,2024-09-18 15:16:01.376000-04:00,2024-09-18 15:17:00-04:00,0.0694981276237636,0.0015737999775171,0.5416666666666666,1.25097234060153,-1.3467723413594916,-0.4025002227429397,1.0380292707901635,0.9854744140483934,True,True,True,False,2.6255907730033186,0.13484465457165984,0.8247732303503318,ES
20240918_a30,20240918,2024-09-18,30,primary_2023_2026,confirmation_2023_2026_powell,10.4,2024-09-18 15:17:51.196000-04:00,2024-09-18 15:18:00-04:00,0.1944981276237636,0.0015737999775171,0.6666666666666666,-1.2421127545627628,-0.2497838344541753,0.3428162607646893,-0.6568609531062638,-0.6880389169206497,True,True,True,False,-10.506501863911362,-0.04794665562242023,-0.729334011461582,ES
20240918_a32,20240918,2024-09-18,32,primary_2023_2026,confirmation_2023_2026_powell,10.4,2024-09-18 15:19:47.486000-04:00,2024-09-18 15:20:00-04:00,0.2659266990523351,0.0015737999775171,0.6,-0.7699128580914667,-1.7863580261511076,0.5774787205155172,-0.7847518226964962,-0.7461841120845255,True,True,True,False,-27.17392976499915,-0.1523988328761804,-0.6496619458611397,ES
20240918_a33,20240918,2024-09-18,33,primary_2023_2026,confirmation_2023_2026_powell,10.4,2024-09-18 15:20:22.006000-04:00,2024-09-18 15:21:00-04:00,0.1944981276237636,0.0015737999775171,0.4705882352941176,-0.7879462143923444,-0.0376039731116979,-0.1324938794446556,-1.134605883601302,-1.1982551541717374,True,True,True,False,7.019699318657176,-0.04794665562242023,-0.5700934039469847,ES
20241107_a00,20241107,2024-11-07,0,primary_2023_2026,confirmation_2023_2026_powell,17.7,2024-11-07 14:38:31.116000-05:00,2024-11-07 14:39:00-05:00,0.2555589842883756,-0.0002658564375237,0.5853658536585366,-1.3102899648176738,-0.6054557526396447,0.1925838461350134,-0.9658282286653578,-0.9735744861375188,True,False,False,False,-1.2505992471017107,-0.13723780755279907,-0.9009417549739624,ES
20241107_a01,20241107,2024-11-07,1,primary_2023_2026,confirmation_2023_2026_powell,17.7,2024-11-07 14:40:19.466000-05:00,2024-11-07 14:41:00-05:00,0.1888923176217089,-0.0002658564375237,0.627906976744186,-0.5528052390593958,0.342245122604995,0.7739441210352528,-0.9096467239986328,-0.9247687438610912,True,False,False,False,-7.5122076902041,-0.039749108782623055,-0.4274099541598536,ES
20241107_a02,20241107,2024-11-07,2,primary_2023_2026,confirmation_2023_2026_powell,17.7,2024-11-07 14:41:35.736000-05:00,2024-11-07 14:42:00-05:00,0.0888923176217089,-0.0002658564375237,0.7222222222222222,0.8451505112761515,-0.750156621918539,0.8426989898302463,0.163575116179104,0.1814621808662148,True,False,False,False,2.5046963186668867,0.10648393937264111,0.5095862751884054,ES
20241107_a03,20241107,2024-11-07,3,primary_2023_2026,confirmation_2023_2026_powell,17.7,2024-11-07 14:43:09.495999999-05:00,2024-11-07 14:44:00-05:00,0.3464680751974665,-0.0002658564375237,0.5853658536585366,0.3581519485340915,-0.7322234984993674,1.0578334865445045,0.257181681021442,0.3119458506075021,True,False,False,False,3.3376444884087935,-0.2701769422394027,-0.15752577680862379,ES
20241107_a04,20241107,2024-11-07,4,primary_2023_2026,confirmation_2023_2026_powell,17.7,2024-11-07 14:44:00.526000-05:00,2024-11-07 14:45:00-05:00,-0.0301553014259101,-0.0002658564375237,0.5625,0.9487831198433728,0.1778689778166717,-0.3621847296102928,1.229987026719872,1.1716790463198448,True,False,False,False,-2.920378001105477,0.2805709014622411,0.8801290253975104,ES
20241107_a05,20241107,2024-11-07,5,primary_2023_2026,confirmation_2023_2026_powell,17.7,2024-11-07 14:46:05.045999999-05:00,2024-11-07 14:47:00-05:00,0.1502958263936387,-0.0002658564375237,0.576271186440678,-0.2561919681321935,0.1320132188027356,2.2571651967803623,0.4489546524939745,0.44075827034051,True,False,False,False,-0.8340631390630866,0.016691716821163216,-0.0774305568284363,ES
20241107_a06,20241107,2024-11-07,6,primary_2023_2026,confirmation_2023_2026_powell,17.7,2024-11-07 14:48:16.156909090-05:00,2024-11-07 14:49:00-05:00,0.2120807234188103,-0.0002658564375237,0.524390243902439,0.927164215362029,0.139076022514679,1.239738951170433,0.8172424005858354,0.8623175774277309,True,False,False,False,2.0838108808661255,-0.07365822139833633,0.4012941948896427,ES
20241107_a08,20241107,2024-11-07,8,primary_2023_2026,confirmation_2023_2026_powell,17.7,2024-11-07 14:49:14.066000-05:00,2024-11-07 14:50:00-05:00,0.1305589842883756,-0.0002658564375237,0.625,0.6347929576706315,-0.7141842799403474,0.4128847251399983,0.7116659825380872,0.657597216423954,True,False,False,False,0.8334027840466609,0.04555350264128105,0.39764469605538894,ES
20241107_a09,20241107,2024-11-07,9,primary_2023_2026,confirmation_2023_2026_powell,17.7,2024-11-07 14:50:56.086000-05:00,2024-11-07 14:51:00-05:00,0.0737408024701937,-0.0002658564375237,0.5283018867924528,0.7722708176092268,-0.1393648342210783,-0.1753930059553132,1.1212789795678704,1.1017567550173282,True,False,False,False,-2.5004167491500082,0.12864046182040847,0.6046327113330672,ES
20241107_a10,20241107,2024-11-07,10,primary_2023_2026,confirmation_2023_2026_powell,17.7,2024-11-07 14:52:10.295999999-05:00,2024-11-07 14:53:00-05:00,0.2555589842883756,-0.0002658564375237,0.6458333333333334,0.4981582851825723,1.108865896936886,-0.173003643837436,1.0741555880124511,1.0793245872824735,True,False,False,False,-0.4168664152181685,-0.13723780755279907,0.15388953974180158,ES
20241107_a14,20241107,2024-11-07,14,primary_2023_2026,confirmation_2023_2026_powell,17.7,2024-11-07 14:55:56.445999999-05:00,2024-11-07 14:56:00-05:00,0.2555589842883756,-0.0002658564375237,0.5238095238095238,-0.8031529798078232,0.4905665983141036,0.0355435227089471,-0.9388663146963792,-1.0008634909248946,True,False,False,False,-0.4166579863518188,-0.13723780755279907,-0.6633160737770394,ES
20241107_a15,20241107,2024-11-07,15,primary_2023_2026,confirmation_2023_2026_powell,17.7,2024-11-07 14:59:27.695999999-05:00,2024-11-07 15:00:00-05:00,0.0703737991031904,-0.0002658564375237,0.6792452830188679,0.5276565781672449,0.3204994536902918,0.9960730143269996,1.086180512019344,1.0564427412359356,True,False,False,False,-6.661393310152818,0.13356413347546778,0.49356179541450407,ES
20241107_a19,20241107,2024-11-07,19,primary_2023_2026,confirmation_2023_2026_powell,17.7,2024-11-07 15:02:49.926000-05:00,2024-11-07 15:03:00-05:00,-0.1444410157116244,-0.0002658564375237,0.375,-0.5255771519711478,-0.9109615713187604,2.2810044017299407,-1.1928909333666733,-1.1359535684309554,True,False,False,False,-2.0817286750035686,0.44769438506825726,0.13948593517507413,ES
20241107_a20,20241107,2024-11-07,20,primary_2023_2026,confirmation_2023_2026_powell,17.7,2024-11-07 15:04:13.086000-05:00,2024-11-07 15:05:00-05:00,0.0055589842883755,-0.0002658564375237,0.6666666666666666,-1.0872026173358664,-0.3629854299494552,1.2830183112799427,-1.0212421256609987,-0.979891173187658,True,False,False,False,-0.41638040519851605,0.2283448128353613,-0.3651997173806375,ES
20241107_a23,20241107,2024-11-07,23,primary_2023_2026,confirmation_2023_2026_powell,17.7,2024-11-07 15:07:02.246000-05:00,2024-11-07 15:08:00-05:00,0.2555589842883756,-0.0002658564375237,0.6162790697674418,0.0160470973871265,-0.7350400507124565,-0.081510624933855,1.0842004831145549,1.080816851222922,True,False,False,False,-0.41636306865612965,-0.13723780755279907,-0.06820236504305388,ES
20241107_a24,20241107,2024-11-07,24,primary_2023_2026,confirmation_2023_2026_powell,17.7,2024-11-07 15:08:31.336000-05:00,2024-11-07 15:09:00-05:00,-0.0301553014259101,-0.0002658564375237,0.575,-1.1451073688589015,-0.7078175768222702,0.6411312440393391,-0.5931628301410978,-0.6070635763438351,True,False,False,False,-0.8327781483831378,0.2805709014622411,-0.2836883916972949,ES
20241107_a25,20241107,2024-11-07,25,primary_2023_2026,confirmation_2023_2026_powell,17.7,2024-11-07 15:09:51.786000-05:00,2024-11-07 15:10:00-05:00,0.1930589842883756,-0.0002658564375237,0.6571428571428571,0.3994822693476373,0.0087622812759437,1.7869711780357989,1.3267839606417375,1.2836951637931466,True,False,False,False,4.163197395685658,-0.04584215245575901,0.24477353558419973,ES
20241107_a27,20241107,2024-11-07,27,primary_2023_2026,confirmation_2023_2026_powell,17.7,2024-11-07 15:11:16.836000-05:00,2024-11-07 15:12:00-05:00,0.4222256509550423,-0.0002658564375237,0.5294117647058824,-0.7351843401531812,-0.7138236064797275,0.2746761168355811,0.795564287523975,0.836043481058487,True,False,False,False,-4.578278231177471,-0.38095955447823926,-0.7390052812448742,ES
20241107_a28,20241107,2024-11-07,28,primary_2023_2026,confirmation_2023_2026_powell,17.7,2024-11-07 15:12:01.346000-05:00,2024-11-07 15:13:00-05:00,0.1127018414312327,-0.0002658564375237,0.56,0.534205330487492,-0.846454419229982,0.6280916950810392,1.096552272726667,1.135734317923183,True,False,False,False,3.3298647550130895,0.07166654695472108,0.4234750681847923,ES
20241107_a29,20241107,2024-11-07,29,primary_2023_2026,confirmation_2023_2026_powell,17.7,2024-11-07 15:13:22.646000-05:00,2024-11-07 15:14:00-05:00,-0.2444410157116244,-0.0002658564375237,0.7058823529411765,-1.1939690418312203,-0.1907562497076948,1.541793078905166,-1.2599847392497587,-1.2489046074759764,True,False,False,False,2.4966711181613688,0.5939274332235214,-0.0017094078806044188,ES
20241218_a00,20241218,2024-12-18,0,primary_2023_2026,confirmation_2023_2026_powell,17.7,2024-12-18 14:41:25.926000-05:00,2024-12-18 14:42:00-05:00,0.138907171122657,-0.0018221851036367,0.5609756097560976,-0.4854809103914113,0.2911856770943216,0.4661234036604135,-0.4949138886542443,-0.4751085907907432,True,False,False,False,-6.169412250713287,0.03334569456781494,-0.2643309917578369,ES
20241218_a01,20241218,2024-12-18,1,primary_2023_2026,confirmation_2023_2026_powell,17.7,2024-12-18 14:42:11.626000-05:00,2024-12-18 14:43:00-05:00,-0.0694261622106763,-0.0018221851036367,0.5,-1.0139004955613058,-0.3110302819974818,0.4670514306867552,-0.2442583481485294,-0.2040612058510112,True,False,False,False,-0.4114295118969209,0.337997878224615,-0.11685274486010946,ES
20241218_a02,20241218,2024-12-18,2,primary_2023_2026,confirmation_2023_2026_powell,17.7,2024-12-18 14:45:11.266000-05:00,2024-12-18 14:46:00-05:00,0.4378202146009178,-0.0018221851036367,0.5714285714285714,1.0438962517542412,-0.182470873999943,0.1720442522049128,0.6640208461894868,0.6452983305883543,True,False,False,False,-14.4243673137648,-0.40376396024411576,0.04312626345589998,ES
20241218_a03,20241218,2024-12-18,3,primary_2023_2026,confirmation_2023_2026_powell,17.7,2024-12-18 14:46:43.596000-05:00,2024-12-18 14:47:00-05:00,0.263907171122657,-0.0018221851036367,0.5681818181818182,-0.4369745760464689,-1.1160747650066238,0.3731086752765205,-0.753679158430605,-0.7107811340327009,True,False,False,False,-2.062323420866895,-0.14944561562626518,-0.4886908250045257,ES
20241218_a04,20241218,2024-12-18,4,primary_2023_2026,confirmation_2023_2026_powell,17.7,2024-12-18 14:48:32.615999999-05:00,2024-12-18 14:49:00-05:00,0.263907171122657,-0.0018221851036367,0.576271186440678,0.7024708976255711,-0.36772858325274,-0.5882002036613204,1.426933958300005,1.4250736772555808,True,False,False,False,13.608530111047669,-0.14944561562626518,0.27147533331410933,ES
20241218_a05,20241218,2024-12-18,5,primary_2023_2026,confirmation_2023_2026_powell,17.7,2024-12-18 14:50:22.216000-05:00,2024-12-18 14:51:00-05:00,0.263907171122657,-0.0018221851036367,0.4909090909090909,2.151040755439781,1.660111050441855,0.1523438191342617,1.028428050423835,1.028708552868052,True,False,False,False,3.2985610326718597,-0.14944561562626518,0.8994712012293343,ES
20241218_a06,20241218,2024-12-18,6,primary_2023_2026,confirmation_2023_2026_powell,17.7,2024-12-18 14:51:48.806000-05:00,2024-12-18 14:52:00-05:00,0.1805738377893236,-0.0018221851036367,0.7096774193548387,-0.5077991257054335,0.2987607512538881,-0.7261918040076747,-0.9350089266125,-0.884186155166871,True,False,False,False,-5.773196036638602,-0.027584742163545117,-0.3946969376749699,ES
20241218_a07,20241218,2024-12-18,7,primary_2023_2026,confirmation_2023_2026_powell,17.7,2024-12-18 14:53:23.556000-05:00,2024-12-18 14:54:00-05:00,0.013907171122657,-0.0018221851036367,0.5490196078431373,0.1545794470851821,0.1052519503406009,-0.8922273359101894,0.2531412835845468,0.26425744561837,True,False,False,False,-1.2385690414863786,0.21613700476189499,0.33097902419309244,ES
20241218_a08,20241218,2024-12-18,8,primary_2023_2026,confirmation_2023_2026_powell,17.7,2024-12-18 14:55:27.705999999-05:00,2024-12-18 14:56:00-05:00,0.1462601122991276,-0.0018221851036367,0.6379310344827587,-0.7543174114865184,-0.4275079587651273,-1.229680897229224,-0.7256936712651177,-0.7145628769267421,True,False,False,False,-11.573596960052958,0.022593264556398374,-0.4262966545385815,ES
20241218_a09,20241218,2024-12-18,9,primary_2023_2026,confirmation_2023_2026_powell,17.7,2024-12-18 14:58:44.566000-05:00,2024-12-18 14:59:00-05:00,0.4120553192708051,-0.0018221851036367,0.6637931034482759,-0.5751072027097184,0.5982301910370402,-0.1389506209040347,-0.8276614876141526,-0.8269800781458412,True,False,False,False,-2.4818001451009595,-0.36608716844887856,-0.8203143319381967,ES
20241218_a10,20241218,2024-12-18,10,primary_2023_2026,confirmation_2023_2026_powell,17.7,2024-12-18 15:00:43.746000-05:00,2024-12-18 15:01:00-05:00,-0.0437851365696507,-0.0018221851036367,0.5576923076923077,-0.5607949623131319,0.3225010563424824,-0.7355243424238841,-0.689087270502736,-0.680739440136834,True,False,False,False,-2.8958527454411307,0.30050222485147043,0.00044651700451250886,ES
20241218_a11,20241218,2024-12-18,11,primary_2023_2026,confirmation_2023_2026_powell,17.7,2024-12-18 15:01:33.656000-05:00,2024-12-18 15:02:00-05:00,0.013907171122657,-0.0018221851036367,0.3703703703703703,-0.5348254898360337,0.0752392996592034,-0.4097947095644046,0.4351683897543347,0.3416110290838004,True,False,False,False,1.6548756812405474,0.21613700476189499,0.03128819869232216,ES
20241218_a12,20241218,2024-12-18,12,primary_2023_2026,confirmation_2023_2026_powell,17.7,2024-12-18 15:02:58.346000-05:00,2024-12-18 15:03:00-05:00,0.013907171122657,-0.0018221851036367,0.6842105263157895,1.042468854492715,0.5931135466074757,-1.111570764041555,0.5644754134006188,0.5649916648472879,True,False,False,False,-12.832455450283941,0.21613700476189499,0.7752008861002508,ES
20241218_a13,20241218,2024-12-18,13,primary_2023_2026,confirmation_2023_2026_powell,17.7,2024-12-18 15:04:09.786000-05:00,2024-12-18 15:05:00-05:00,-0.0437851365696507,-0.0018221851036367,0.6428571428571429,0.4280591714027221,0.2992127113399384,-2.1104933040351788,-0.5587245157483394,-0.5646768487384156,True,False,False,False,5.803108971144107,0.30050222485147043,0.47208938257773575,ES
20241218_a15,20241218,2024-12-18,15,primary_2023_2026,confirmation_2023_2026_powell,17.7,2024-12-18 15:05:53.556000-05:00,2024-12-18 15:06:00-05:00,-0.0694261622106763,-0.0018221851036367,0.7272727272727273,-0.4403312114011331,0.6124642898353182,-1.3499274208195746,-0.7263793394682413,-0.630088046329242,True,False,False,False,16.148068846532055,0.337997878224615,0.09719103653020086,ES
20241218_a16,20241218,2024-12-18,16,primary_2023_2026,confirmation_2023_2026_powell,17.7,2024-12-18 15:06:56.925999999-05:00,2024-12-18 15:07:00-05:00,0.513907171122657,-0.0018221851036367,0.5483870967741935,1.83942955771383,1.1180723749062136,0.4514734297339604,0.973881976252178,0.9205675928799316,True,False,False,False,-3.724163657965178,-0.5150282360144256,0.31101679557346107,ES
20241218_a17,20241218,2024-12-18,17,primary_2023_2026,confirmation_2023_2026_powell,17.7,2024-12-18 15:08:30.316000-05:00,2024-12-18 15:09:00-05:00,-0.1207082134927276,-0.0018221851036367,0.5777777777777777,-0.2870126920635491,-0.0524783797280803,-0.4688384684465272,-0.5986450390621135,-0.5504222303667327,True,False,False,False,0.8281916440204311,0.4129891849709043,0.27171959787964345,ES
20241218_a18,20241218,2024-12-18,18,primary_2023_2026,confirmation_2023_2026_powell,17.7,2024-12-18 15:10:01.826000-05:00,2024-12-18 15:11:00-05:00,0.013907171122657,-0.0018221851036367,0.7142857142857143,-0.3364109355089498,-0.9665999989920052,0.2571931559877725,-1.3651763095416591,-1.36745620337976,True,False,False,False,-3.7304926755403938,0.21613700476189499,-0.06901252927495477,ES
20241218_a20,20241218,2024-12-18,20,primary_2023_2026,confirmation_2023_2026_powell,17.7,2024-12-18 15:12:52.865999999-05:00,2024-12-18 15:13:00-05:00,-0.236092828877343,-0.0018221851036367,0.8333333333333334,1.479709490945275,-0.9910894412844484,,1.1309668858320576,1.1598585834210595,True,False,False,False,-2.4882843407943933,0.5817196251500553,1.4764459600616775,ES
20241218_a21,20241218,2024-12-18,21,primary_2023_2026,confirmation_2023_2026_powell,17.7,2024-12-18 15:14:41.666000-05:00,2024-12-18 15:15:00-05:00,0.18698409419958,-0.0018221851036367,0.6515151515151515,-0.325258468000383,-0.2770600415989977,-0.3257060101700041,-0.8566317566372367,-0.8263774010656224,True,False,False,False,-7.880384472847231,-0.036958655506831195,-0.31307675639941523,ES
20241218_a22,20241218,2024-12-18,22,primary_2023_2026,confirmation_2023_2026_powell,17.7,2024-12-18 15:16:00.356000-05:00,2024-12-18 15:17:00-05:00,0.013907171122657,-0.0018221851036367,0.6,-0.5742025598926553,-0.1546244197887131,0.0707580470897044,-0.9155186121986076,-0.9161021406945534,True,False,False,False,-7.057895794614392,0.21613700476189499,-0.13109322442519117,ES
20241218_a23,20241218,2024-12-18,23,primary_2023_2026,confirmation_2023_2026_powell,17.7,2024-12-18 15:17:28.106000-05:00,2024-12-18 15:18:00-05:00,0.263907171122657,-0.0018221851036367,0.5853658536585366,0.1727810198174451,-0.5866737633976256,0.7837058593403936,0.3161706914066657,0.3175499291524705,True,False,False,False,2.9066749919175563,-0.14944561562626518,-0.0922602506880626,ES
20241218_a25,20241218,2024-12-18,25,primary_2023_2026,confirmation_2023_2026_powell,17.7,2024-12-18 15:18:18.036000-05:00,2024-12-18 15:19:00-05:00,0.063907171122657,-0.0018221851036367,0.4827586206896552,1.0041112470337972,-0.1940293023828367,-0.9718483065581628,0.1074761501928728,0.1790821532762386,True,False,False,False,-0.8303923608676836,0.14302048068426296,0.6209933020127112,ES
20241218_a26,20241218,2024-12-18,26,primary_2023_2026,confirmation_2023_2026_powell,17.7,2024-12-18 15:19:09.376000-05:00,2024-12-18 15:20:00-05:00,-0.236092828877343,-0.0018221851036367,0.2580645161290322,-0.7945748234379353,0.2877724909445302,-0.1529481885504764,-1.2256993811835522,-1.2355433377647889,True,False,False,False,14.521920275023627,0.5817196251500553,0.17218584231332734,ES
20241218_a27,20241218,2024-12-18,27,primary_2023_2026,confirmation_2023_2026_powell,17.7,2024-12-18 15:20:38.646000-05:00,2024-12-18 15:21:00-05:00,0.263907171122657,-0.0018221851036367,0.6590909090909091,0.998287554172388,1.4972966102305536,0.6392931523397203,1.458360237724835,1.4416632868212478,True,False,False,False,7.460212547587613,-0.14944561562626518,0.41175962699009594,ES
20241218_a28,20241218,2024-12-18,28,primary_2023_2026,confirmation_2023_2026_powell,17.7,2024-12-18 15:22:16.186000-05:00,2024-12-18 15:23:00-05:00,0.0331379403534262,-0.0018221851036367,0.6226415094339622,0.8685819487501227,0.9695226449538712,1.278323705709273,0.6971393275302814,0.6748652780753295,True,False,False,False,-7.87646428947256,0.18801526473203656,0.6751468951507197,ES
20241218_a30,20241218,2024-12-18,30,primary_2023_2026,confirmation_2023_2026_powell,17.7,2024-12-18 15:23:59.656000-05:00,2024-12-18 15:24:00-05:00,0.263907171122657,-0.0018221851036367,0.7368421052631579,0.6027190404328508,-0.8222135093330694,,1.3128610336071331,1.332115680314767,True,False,False,False,-2.0737852877041707,-0.14944561562626518,0.21312668294091897,ES
20250129_a00,20250129,2025-01-29,0,primary_2023_2026,confirmation_2023_2026_powell,17.7,2025-01-29 14:38:08.306000-05:00,2025-01-29 14:39:00-05:00,0.0239124519103681,-0.0004937333839726,0.5625,1.7998021446297017,-0.2578261630756036,-0.7121596006729615,1.5187380399944237,1.506005582981606,True,False,False,False,9.071417412444776,0.20150597768953202,1.2100624010479646,ES
20250129_a03,20250129,2025-01-29,3,primary_2023_2026,confirmation_2023_2026_powell,17.7,2025-01-29 14:39:36.465999999-05:00,2025-01-29 14:40:00-05:00,0.2461346741325903,-0.0004937333839726,0.5,0.3056127636409566,-0.0644209489728217,1.0635830887852615,1.3320126673997716,1.33043008116185,True,False,False,False,16.884591677362426,-0.12345635154438817,0.10880869236305424,ES
20250129_a04,20250129,2025-01-29,4,primary_2023_2026,confirmation_2023_2026_powell,17.7,2025-01-29 14:40:38.356000-05:00,2025-01-29 14:41:00-05:00,-0.1010875480896318,-0.0004937333839726,0.7027027027027027,-0.5949406364359525,0.1582283337713816,0.6925612595241121,-0.5595784357965433,-0.5088257676461322,True,False,False,False,7.404056115462538,0.384297287883612,0.09894645556783681,ES
20250129_a05,20250129,2025-01-29,5,primary_2023_2026,confirmation_2023_2026_powell,17.7,2025-01-29 14:41:33.895999999-05:00,2025-01-29 14:42:00-05:00,0.4239124519103682,-0.0004937333839726,0.4230769230769231,0.6440863226295181,-0.1665009911974535,1.6875284530617611,-1.126047526175985,-1.0255937370141246,True,False,False,False,-13.989469035953983,-0.3834262149315244,-0.3086010562769739,ES
20250129_a06,20250129,2025-01-29,6,primary_2023_2026,confirmation_2023_2026_powell,17.7,2025-01-29 14:42:55.475999999-05:00,2025-01-29 14:43:00-05:00,-0.1010875480896318,-0.0004937333839726,0.5121951219512195,1.5702582339179978,-0.9409040853157532,1.1449639027420615,0.9579643112374472,0.9756647564424116,True,False,False,False,2.881785079947164,0.384297287883612,1.2631553345080777,ES
20250129_a07,20250129,2025-01-29,7,primary_2023_2026,confirmation_2023_2026_powell,17.7,2025-01-29 14:44:40.625999999-05:00,2025-01-29 14:45:00-05:00,0.0239124519103681,-0.0004937333839726,0.6170212765957447,-0.3931881880148492,-0.9373835301655588,1.070022145496266,-0.3226277338696284,-0.2786395424287702,True,False,False,False,-4.938678180881016,0.20150597768953202,-0.0015713656056641212,ES
20250129_a08,20250129,2025-01-29,8,primary_2023_2026,confirmation_2023_2026_powell,17.7,2025-01-29 14:45:51.636000-05:00,2025-01-29 14:46:00-05:00,0.0239124519103681,-0.0004937333839726,0.52,0.9217723378313492,-0.2219270240159483,0.6438197870500602,1.4734116095179737,1.4376477863558292,True,False,False,False,7.407102927030476,0.20150597768953202,0.7987945330107908,ES
20250129_a09,20250129,2025-01-29,9,primary_2023_2026,confirmation_2023_2026_powell,17.7,2025-01-29 14:46:59.146000-05:00,2025-01-29 14:47:00-05:00,0.0239124519103681,-0.0004937333839726,0.7142857142857143,-0.7021330908883858,-0.6514733115882014,0.6671579245783056,0.0231781555151502,0.0925271418163966,True,False,False,False,6.990850495467916,0.20150597768953202,-0.10767187895627889,ES
20250129_a11,20250129,2025-01-29,11,primary_2023_2026,confirmation_2023_2026_powell,17.7,2025-01-29 14:48:13.346000-05:00,2025-01-29 14:49:00-05:00,0.0239124519103681,-0.0004937333839726,0.6521739130434783,-0.6697484546087961,0.4277689891284572,2.041612693185681,-1.0164356753770978,-0.9728389541849132,True,False,False,False,-2.880480648684679,0.20150597768953202,-0.20363582094386012,ES
20250129_a12,20250129,2025-01-29,12,primary_2023_2026,confirmation_2023_2026_powell,17.7,2025-01-29 14:49:42.576000-05:00,2025-01-29 14:50:00-05:00,0.0239124519103681,-0.0004937333839726,0.5,1.6910092873914253,-0.1744719086448505,0.8833853118491811,1.4284673131613246,1.4030871188383085,True,False,False,False,3.291910160581269,0.20150597768953202,1.1500690985575694,ES
20250129_a13,20250129,2025-01-29,13,primary_2023_2026,confirmation_2023_2026_powell,17.7,2025-01-29 14:51:16.426000-05:00,2025-01-29 14:52:00-05:00,-0.1299337019357857,-0.0004937333839726,0.4390243902439024,-0.2090734133596007,-0.6107167946627667,0.8376114610441128,0.3677456873823164,0.3786768278039059,True,False,False,False,0.8222669905547737,0.4264798979283998,0.4271139166097543,ES
20250129_a14,20250129,2025-01-29,14,primary_2023_2026,confirmation_2023_2026_powell,17.7,2025-01-29 14:52:45.676000-05:00,2025-01-29 14:53:00-05:00,-0.1094208814229651,-0.0004937333839726,0.5348837209302325,0.1635314251017521,0.4381616662904638,0.0281826487797659,-0.6810268812741823,-0.6446301526551408,True,False,False,False,-4.523305379670936,0.39648337522988397,0.4516860962497756,ES
20250129_a15,20250129,2025-01-29,15,primary_2023_2026,confirmation_2023_2026_powell,17.7,2025-01-29 14:53:55.475999999-05:00,2025-01-29 14:54:00-05:00,-0.5760875480896318,-0.0004937333839726,0.6206896551724138,0.0775751772264597,-1.0860872277330542,-0.8563322283342405,-0.9840137267610144,-1.0196720089418474,True,False,False,False,2.467612597345525,1.0789042666211164,1.1978919365060412,ES
20250129_a18,20250129,2025-01-29,18,primary_2023_2026,confirmation_2023_2026_powell,17.7,2025-01-29 14:56:41.935999999-05:00,2025-01-29 14:57:00-05:00,-0.1094208814229651,-0.0004937333839726,0.5535714285714286,0.495591469888882,-1.0640673351550831,0.1365525521286225,1.2740042713312114,1.3141519262222292,True,False,False,False,16.053680357264064,0.39648337522988397,0.8140468339768627,ES
20250129_a19,20250129,2025-01-29,19,primary_2023_2026,confirmation_2023_2026_powell,17.7,2025-01-29 14:57:21.985999999-05:00,2025-01-29 14:58:00-05:00,0.0239124519103681,-0.0004937333839726,0.6,0.3541537862971873,1.1660446851455966,1.2834514166537483,0.4585039186704258,0.5429070419060729,True,False,False,False,-4.936849567500544,0.20150597768953202,0.4277325216926535,ES
20250129_a20,20250129,2025-01-29,20,primary_2023_2026,confirmation_2023_2026_powell,17.7,2025-01-29 14:58:32.636000-05:00,2025-01-29 14:59:00-05:00,0.100835528833445,-0.0004937333839726,0.6904761904761905,1.925670290635219,-0.9071124011742656,1.0168109433945989,1.6376683112302652,1.727379271593095,True,False,False,False,-2.4694406842365417,0.08901901757009817,1.1461287109796807,ES
20250129_a21,20250129,2025-01-29,21,primary_2023_2026,confirmation_2023_2026_powell,17.7,2025-01-29 14:59:10.616000-05:00,2025-01-29 15:00:00-05:00,0.0239124519103681,-0.0004937333839726,0.5454545454545454,1.4159579267998772,1.2003775701926698,1.9727511580954653,0.1984506073054612,0.180925227004462,True,False,False,False,-1.646700427746301,0.20150597768953202,0.8914753690531672,ES
20250129_a23,20250129,2025-01-29,23,primary_2023_2026,confirmation_2023_2026_powell,17.7,2025-01-29 15:02:08.326000-05:00,2025-01-29 15:03:00-05:00,0.0715314995294157,-0.0004937333839726,0.4492753623188406,1.7193707053619798,-1.3349412269521246,0.4219082383595125,1.457381336581608,1.4687902109409208,True,False,False,False,-8.241645498857476,0.13187119285369198,1.0827800396350509,ES
20250129_a24,20250129,2025-01-29,24,primary_2023_2026,confirmation_2023_2026_powell,17.7,2025-01-29 15:04:07.366000-05:00,2025-01-29 15:05:00-05:00,0.0239124519103681,-0.0004937333839726,0.6129032258064516,0.6377062497971315,-0.5887153898071245,0.2103685950860255,-0.3631806731290782,-0.2948238241563023,True,False,False,False,9.478869015271679,0.20150597768953202,0.47129024568066225,ES
20250129_a25,20250129,2025-01-29,25,primary_2023_2026,confirmation_2023_2026_powell,17.7,2025-01-29 15:05:26.266000-05:00,2025-01-29 15:06:00-05:00,0.1489124519103681,-0.0004937333839726,0.5714285714285714,2.730968071497622,0.0439609742315047,0.1497970215700165,1.1544562395799074,1.1529436544980436,True,False,False,False,-4.532437911086007,0.01871466749545192,1.38301455861211,ES
20250129_a26,20250129,2025-01-29,26,primary_2023_2026,confirmation_2023_2026_powell,17.7,2025-01-29 15:06:26.946000-05:00,2025-01-29 15:07:00-05:00,-0.1189446909467747,-0.0004937333839726,0.5652173913043478,1.1729111435618746,-0.4673740320813813,0.9057951733346682,0.0503325176822019,0.0736293260227246,True,False,False,False,-3.70973397218351,0.4104103321970521,1.013672976787903,ES
20250129_a27,20250129,2025-01-29,27,primary_2023_2026,confirmation_2023_2026_powell,17.7,2025-01-29 15:07:34.076000-05:00,2025-01-29 15:08:00-05:00,0.0239124519103681,-0.0004937333839726,0.5666666666666667,-0.0948287362360023,-1.2381897820828929,-0.0277573443305094,0.4330284557264813,0.4018355241712839,True,False,False,False,3.2974733409550296,0.20150597768953202,0.21718454489938951,ES
20250129_a28,20250129,2025-01-29,28,primary_2023_2026,confirmation_2023_2026_powell,17.7,2025-01-29 15:09:12.976000-05:00,2025-01-29 15:10:00-05:00,-0.0669966389987227,-0.0004937333839726,0.5833333333333334,1.2175915436021685,-0.7131205496448401,0.2446485576228221,1.238971892323931,1.227714457956976,True,False,False,False,8.647135660590799,0.3344451123761356,1.0701201263174012,ES
20250129_a29,20250129,2025-01-29,29,primary_2023_2026,confirmation_2023_2026_powell,17.7,2025-01-29 15:10:46.776000-05:00,2025-01-29 15:11:00-05:00,0.100835528833445,-0.0004937333839726,0.4545454545454545,0.3667559818468153,-0.8602908075105701,0.4072833900481189,0.066927831081192,-0.0204987826854077,True,False,False,False,-5.3521070052171655,0.08901901757009817,0.25688466971609897,ES
20250129_a30,20250129,2025-01-29,30,primary_2023_2026,confirmation_2023_2026_powell,17.7,2025-01-29 15:11:20.866000-05:00,2025-01-29 15:12:00-05:00,-0.2260875480896318,-0.0004937333839726,0.6666666666666666,0.4699360763268001,-0.3222415968981935,1.4730191742482182,-0.7526389926615988,-0.7158425629467309,True,False,False,False,1.6470394503177401,0.5670885980776921,0.790457218693501,ES
20250129_a31,20250129,2025-01-29,31,primary_2023_2026,confirmation_2023_2026_powell,17.7,2025-01-29 15:13:23.066000-05:00,2025-01-29 15:14:00-05:00,0.0715314995294157,-0.0004937333839726,0.5737704918032787,-0.842503875490189,-0.2307963438862302,0.6563994812383813,-0.3680525941520662,-0.372107949598562,True,False,False,False,4.120652769695316,0.13187119285369198,-0.2979058339226215,ES
20250129_a33,20250129,2025-01-29,33,primary_2023_2026,confirmation_2023_2026_powell,17.7,2025-01-29 15:14:49.786000-05:00,2025-01-29 15:15:00-05:00,0.1489124519103681,-0.0004937333839726,0.5652173913043478,-0.1053269545177975,-0.364994623362748,0.6118758805904767,-0.5467154280197425,-0.7252999753914097,True,False,False,False,-1.6481252612503552,0.01871466749545192,-0.11143543144853063,ES
20250129_a34,20250129,2025-01-29,34,primary_2023_2026,confirmation_2023_2026_powell,17.7,2025-01-29 15:15:45.996000-05:00,2025-01-29 15:16:00-05:00,0.0239124519103681,-0.0004937333839726,0.6190476190476191,-1.1510100411444124,-0.1359313193815436,1.336035632804374,-0.5498457104011888,-0.5149452814845465,True,False,False,False,-6.595218705671602,0.20150597768953202,-0.3766089585533119,ES
20250129_a35,20250129,2025-01-29,35,primary_2023_2026,confirmation_2023_2026_powell,17.7,2025-01-29 15:18:01.445999999-05:00,2025-01-29 15:19:00-05:00,0.0239124519103681,-0.0004937333839726,0.5769230769230769,1.5302031135381002,-0.6093181165376523,0.7569842812269139,1.4081771862918524,1.4414143424385806,True,False,False,False,6.597122244790877,0.20150597768953202,1.0734681947620346,ES
20250129_a36,20250129,2025-01-29,36,primary_2023_2026,confirmation_2023_2026_powell,17.7,2025-01-29 15:19:44.676000-05:00,2025-01-29 15:20:00-05:00,0.0239124519103681,-0.0004937333839726,0.5961538461538461,-0.0205401550726736,0.3315884975795511,0.3018515738386496,0.1290104543941602,0.1739310056698709,True,False,False,False,3.2969297640483033,0.20150597768953202,0.2191251084175738,ES
20250129_a37,20250129,2025-01-29,37,primary_2023_2026,confirmation_2023_2026_powell,17.7,2025-01-29 15:20:47.146000-05:00,2025-01-29 15:21:00-05:00,-0.1760875480896318,-0.0004937333839726,0.4761904761904761,0.5608997385819563,-0.227463022286898,1.9481368009129316,0.0721661969867609,0.0673807150670899,True,False,False,False,9.47223265436333,0.49397207400006005,0.832913638494837,ES
20250319_a01,20250319,2025-03-19,1,primary_2023_2026,confirmation_2023_2026_powell,17.7,2025-03-19 14:40:50.685999999-04:00,2025-03-19 14:41:00-04:00,-0.2026335459483488,0.001021180030257,0.5555555555555556,-1.1068714297207292,1.677111919464905,1.6779644234444882,1.371946576985078,1.3750111257081652,True,False,False,False,11.372087128560146,0.532791095832093,0.24619200195889251,ES
20250319_a02,20250319,2025-03-19,2,primary_2023_2026,confirmation_2023_2026_powell,17.7,2025-03-19 14:42:26.395999999-04:00,2025-03-19 14:43:00-04:00,0.1306997873849845,0.001021180030257,0.603448275862069,-0.2901038839781198,1.7510151764262771,-1.2590602294376698,0.7770903213342034,0.8060990556589461,True,False,False,False,6.9884257048158895,0.04534760198121285,-0.023744262693814633,ES
20250319_a03,20250319,2025-03-19,3,primary_2023_2026,confirmation_2023_2026_powell,17.7,2025-03-19 14:44:08.566000-04:00,2025-03-19 14:45:00-04:00,-0.0947904086934468,0.001021180030257,0.5,-1.7996117605307576,0.6356537262867519,0.3702052260286335,-0.5654228740590072,-0.5529775317824234,True,False,False,False,-2.6183722602140653,0.3750887889979847,-0.4703487540899175,ES
20250319_a04,20250319,2025-03-19,4,primary_2023_2026,confirmation_2023_2026_powell,17.7,2025-03-19 14:45:42.076000-04:00,2025-03-19 14:46:00-04:00,-0.2859668792816821,0.001021180030257,0.6444444444444445,-2.896377311401954,-0.1538543955357943,1.364597166263386,-0.7845265977328948,-0.6927461832975079,True,False,False,False,-0.4364620387836135,0.6546519692948131,-0.6661730916483264,ES
20250319_a05,20250319,2025-03-19,5,primary_2023_2026,confirmation_2023_2026_powell,17.7,2025-03-19 14:46:45.826000-04:00,2025-03-19 14:47:00-04:00,-0.2359668792816821,0.001021180030257,0.6111111111111112,-1.3235231396248592,0.0329136952896664,-0.8188534461428122,0.82282744508783,0.7836233548089341,True,False,False,False,-1.3095004274586581,0.581535445217181,0.14575290005665553,ES
20250319_a06,20250319,2025-03-19,6,primary_2023_2026,confirmation_2023_2026_powell,17.7,2025-03-19 14:48:13.225999999-04:00,2025-03-19 14:49:00-04:00,-0.1693002126150154,0.001021180030257,0.6888888888888889,-1.0162035458185792,0.6563071905722726,-0.8096121019266053,-0.0846193651748354,0.0139808321568805,True,False,False,False,-3.492382276732396,0.48404674644700496,0.07425465944431439,ES
20250319_a08,20250319,2025-03-19,8,primary_2023_2026,confirmation_2023_2026_powell,17.7,2025-03-19 14:49:52.505999999-04:00,2025-03-19 14:50:00-04:00,0.1068902635754607,0.001021180030257,0.6440677966101694,-0.2641910062875379,0.501157529634399,-0.4478036557517288,1.7247834437564462,1.6803122117104838,True,False,False,False,3.492382276733362,0.08016499439913283,0.13114614457909393,ES
20250319_a12,20250319,2025-03-19,12,primary_2023_2026,confirmation_2023_2026_powell,17.7,2025-03-19 14:51:41.916000-04:00,2025-03-19 14:52:00-04:00,0.0473664540516511,0.001021180030257,0.5348837209302325,-1.186319003953772,0.6832398133234296,-0.0063797765903732,1.147409415057682,1.0929745163848892,True,False,False,False,9.158907677344496,0.16720847544393297,-0.2529389860933865,ES
20250319_a13,20250319,2025-03-19,13,primary_2023_2026,confirmation_2023_2026_powell,17.7,2025-03-19 14:53:06.108727272-04:00,2025-03-19 14:54:00-04:00,-0.1193002126150154,0.001021180030257,0.6578947368421053,-1.0150138358101224,0.8625141495919031,-0.3540563508942414,0.8959177929191554,0.862186335110528,True,False,False,False,-6.534951329348547,0.41093022236937293,0.09177644604365509,ES
20250319_a14,20250319,2025-03-19,14,primary_2023_2026,confirmation_2023_2026_powell,17.7,2025-03-19 14:54:07.596000-04:00,2025-03-19 14:55:00-04:00,-0.5359668792816821,0.001021180030257,0.6176470588235294,-0.110847615808662,0.8661398885215145,1.1249663411680757,1.0267021675528814,0.9529310634407908,True,False,False,False,4.7925063546639315,1.0202345896829734,1.2549156998985203,ES
20250319_a16,20250319,2025-03-19,16,primary_2023_2026,confirmation_2023_2026_powell,17.7,2025-03-19 14:56:07.516000-04:00,2025-03-19 14:57:00-04:00,-0.0359668792816821,0.001021180030257,0.5769230769230769,0.0412545094723148,-1.909680043211139,-1.3669247494393042,1.2892684186753247,1.2793664585939797,True,False,False,False,1.3059092411626838,0.28906934890665287,0.47656190675590715,ES
20250319_a18,20250319,2025-03-19,18,primary_2023_2026,confirmation_2023_2026_powell,17.7,2025-03-19 14:57:44.256000-04:00,2025-03-19 14:58:00-04:00,-0.2026335459483488,0.001021180030257,0.5789473684210527,-0.5424888688889663,0.4952323280570996,-0.1273876817994853,1.163034069340193,1.134373941089344,True,False,False,False,-3.482803692149391,0.532791095832093,0.485141958635086,ES
20250319_a19,20250319,2025-03-19,19,primary_2023_2026,confirmation_2023_2026_powell,17.7,2025-03-19 14:58:36.626000-04:00,2025-03-19 14:59:00-04:00,-0.0359668792816821,0.001021180030257,0.6521739130434783,-1.8628496304501552,-0.2650415412017634,-0.1892715183577341,-0.8686941233606494,-0.7141710949139589,True,False,False,False,2.612216480524531,0.28906934890665287,-0.6351389129345112,ES
20250319_a20,20250319,2025-03-19,20,primary_2023_2026,confirmation_2023_2026_powell,17.7,2025-03-19 14:59:48.795999999-04:00,2025-03-19 15:00:00-04:00,-0.0359668792816821,0.001021180030257,0.5116279069767442,-2.5689589271251285,1.005555379976671,1.4664131694199052,-1.0093754239327724,-1.0000078507734242,True,False,False,False,7.8328985728088165,0.28906934890665287,-0.9770035688270508,ES
20250319_a21,20250319,2025-03-19,21,primary_2023_2026,confirmation_2023_2026_powell,17.7,2025-03-19 15:00:35.656000-04:00,2025-03-19 15:01:00-04:00,0.1068902635754607,0.001021180030257,0.5666666666666667,-0.5903793137831737,1.545063633346818,-0.3919826356547498,1.5692610623327985,1.6260307367993112,True,False,False,False,-5.221250608108091,0.08016499439913283,-0.036441205164445406,ES
20250319_a22,20250319,2025-03-19,22,primary_2023_2026,confirmation_2023_2026_powell,17.7,2025-03-19 15:01:46.116000-04:00,2025-03-19 15:02:00-04:00,-0.1073954507102535,0.001021180030257,0.6896551724137931,0.3267687270749094,-0.4413011758406738,-0.9967201655561696,1.2446277471942395,1.1819671088960688,True,False,False,False,3.0460608142223062,0.3935215261604129,0.7292136621005275,ES
20250319_a23,20250319,2025-03-19,23,primary_2023_2026,confirmation_2023_2026_powell,17.7,2025-03-19 15:03:31.826000-04:00,2025-03-19 15:04:00-04:00,-0.1609668792816821,0.001021180030257,0.5396825396825397,-0.7655306601213572,1.0496010923577028,0.7141090253712713,1.4186163837732753,1.403584344164222,True,False,False,False,2.609603355102448,0.471860659100733,0.33611054675776997,ES
20250319_a24,20250319,2025-03-19,24,primary_2023_2026,confirmation_2023_2026_powell,17.7,2025-03-19 15:06:49.706000-04:00,2025-03-19 15:07:00-04:00,-0.0693002126150154,0.001021180030257,0.5855855855855856,-0.6737011553536374,1.0164026087260656,0.0457071441640872,1.561619574568775,1.559887340062632,True,False,False,False,7.381516151145128,0.33781369829174085,0.23313610736533363,ES
20250319_a25,20250319,2025-03-19,25,primary_2023_2026,confirmation_2023_2026_powell,17.7,2025-03-19 15:08:36.556000-04:00,2025-03-19 15:09:00-04:00,0.1458513025364996,0.001021180030257,0.543859649122807,-1.51540427827942,0.5434761131725295,0.7633465409114388,-0.8719225738937649,-0.8519486599687848,True,False,False,False,1.7349815701736588,0.02319107953344557,-0.7934850242168291,ES
20250319_a26,20250319,2025-03-19,26,primary_2023_2026,confirmation_2023_2026_powell,17.7,2025-03-19 15:09:50.266000-04:00,2025-03-19 15:10:00-04:00,-0.1609668792816821,0.001021180030257,0.5588235294117647,-1.1055660312601725,0.6738902611280035,-0.0976251685616335,-0.3334256702751664,-0.3518914751262603,True,False,False,False,2.6017952533910034,0.471860659100733,-0.008277548515707167,ES
20250319_a27,20250319,2025-03-19,27,primary_2023_2026,confirmation_2023_2026_powell,17.7,2025-03-19 15:10:36.026000-04:00,2025-03-19 15:11:00-04:00,-0.1788240221388249,0.001021180030257,0.5,-2.8464677775540013,1.6651002760022988,-0.3457544703264605,-0.6031566199065203,-0.6118195518696886,True,False,False,False,-10.844811820933872,0.4979737034141729,-0.8115955891893446,ES
20250319_a28,20250319,2025-03-19,28,primary_2023_2026,confirmation_2023_2026_powell,17.7,2025-03-19 15:11:44.386000-04:00,2025-03-19 15:12:00-04:00,0.1306997873849845,0.001021180030257,0.5,0.4639049036483703,1.6878062180437872,-0.7861048544709562,1.47489442892113,1.4607546709630197,True,False,False,False,-1.3021681117429234,0.04534760198121285,0.3997523548141604,ES
20250319_a30,20250319,2025-03-19,30,primary_2023_2026,confirmation_2023_2026_powell,17.7,2025-03-19 15:13:30.566000-04:00,2025-03-19 15:14:00-04:00,-0.0359668792816821,0.001021180030257,0.627906976744186,-2.6602544794394416,0.8117355936268221,2.2773021680356624,-0.5225571060708628,-0.5841635546520503,True,False,False,False,8.682063403500152,0.28906934890665287,-0.9673068186126174,ES
20250319_a31,20250319,2025-03-19,31,primary_2023_2026,confirmation_2023_2026_powell,17.7,2025-03-19 15:14:53.056000-04:00,2025-03-19 15:15:00-04:00,-0.0359668792816821,0.001021180030257,0.5098039215686274,-2.919362742053831,1.673429652601127,0.4012520905241853,-1.0937408764180052,-1.0552297657206386,True,False,False,False,1.7355838113587054,0.28906934890665287,-1.1482056744075395,ES
20250319_a32,20250319,2025-03-19,32,primary_2023_2026,confirmation_2023_2026_powell,17.7,2025-03-19 15:16:14.325999999-04:00,2025-03-19 15:17:00-04:00,-0.3216811649959678,0.001021180030257,0.717948717948718,-0.5244211748109324,0.352549731648966,0.214087665836444,1.3515691346408172,1.3390149532887516,True,False,False,False,-1.73633720104616,0.7068780579216931,0.7223848542113196,ES
20250319_a34,20250319,2025-03-19,34,primary_2023_2026,confirmation_2023_2026_powell,17.7,2025-03-19 15:17:47.196000-04:00,2025-03-19 15:18:00-04:00,-0.0359668792816821,0.001021180030257,0.5,-2.4765837932296835,-0.3269460410490373,-0.1789842413255213,-0.7406409799562509,-0.8093788538106166,True,False,False,False,-7.817589974688765,0.28906934890665287,-0.9055630267216431,ES
20250319_a35,20250319,2025-03-19,35,primary_2023_2026,confirmation_2023_2026_powell,17.7,2025-03-19 15:18:49.896000-04:00,2025-03-19 15:19:00-04:00,-0.0359668792816821,0.001021180030257,0.45,-3.0306033325395254,1.8268224640329167,-0.629068421329608,-0.2528344537362581,-0.3093908211850297,True,False,False,False,0.8688852208090959,0.28906934890665287,-1.1099506486862651,ES
20250319_a36,20250319,2025-03-19,36,primary_2023_2026,confirmation_2023_2026_powell,17.7,2025-03-19 15:20:12.756000-04:00,2025-03-19 15:21:00-04:00,-0.0359668792816821,0.001021180030257,0.5555555555555556,-1.5582285252301844,2.1678667311576296,-0.286686446930671,0.1318788391084974,0.0923561598251268,True,False,False,False,-0.86971647297842,0.28906934890665287,-0.38734542125176286,ES
20250507_a00,20250507,2025-05-07,0,primary_2023_2026,confirmation_2023_2026_powell,11.0,2025-05-07 14:38:59.846000-04:00,2025-05-07 14:39:00-04:00,-0.07731489323877,0.0005272871078301,0.5517241379310345,0.7175522290659001,-1.431437018209351,2.968344210286261,1.1510614334035096,1.043096916837398,True,False,False,False,6.655869613185351,0.3495338100677665,0.8473687882565516,ES
20250507_a01,20250507,2025-05-07,1,primary_2023_2026,confirmation_2023_2026_powell,11.0,2025-05-07 14:40:06.466000-04:00,2025-05-07 14:41:00-04:00,-0.2201720360959129,0.0005272871078301,0.3636363636363636,-0.278366206217605,-2.0593838124540254,0.4624958416929453,0.134172379565459,0.0904777596188694,True,False,False,False,0.443488480459143,0.5584381645752867,0.5283494373092819,ES
20250507_a02,20250507,2025-05-07,2,primary_2023_2026,confirmation_2023_2026_powell,11.0,2025-05-07 14:41:53.496000-04:00,2025-05-07 14:42:00-04:00,-0.2789955655076775,0.0005272871078301,0.6530612244897959,-1.72223716869471,-0.7793265744529313,-0.3449901127593767,-0.9417921679011751,-0.927825496325392,True,False,False,False,2.6606359076742963,0.6444576046666184,-0.15168561949557915,ES
20250507_a03,20250507,2025-05-07,3,primary_2023_2026,confirmation_2023_2026_powell,11.0,2025-05-07 14:42:49.726000-04:00,2025-05-07 14:43:00-04:00,-0.2201720360959129,0.0005272871078301,0.4571428571428571,0.5018134687272103,-0.2176204429547135,-0.2668251039876449,0.509829405809891,0.5053702339812124,True,False,False,False,-2.217344074363783,0.5584381645752867,0.9295786127013218,ES
20250507_a04,20250507,2025-05-07,4,primary_2023_2026,confirmation_2023_2026_powell,11.0,2025-05-07 14:45:41.706000-04:00,2025-05-07 14:46:00-04:00,-0.2586335745574514,0.0005272871078301,0.6262626262626263,0.7484843880759999,-1.12429108307596,0.2032790976017369,1.2534473162082391,1.2496341738571262,True,False,False,False,-4.886174444797525,0.6146816446350037,1.1905685116020301,ES
20250507_a05,20250507,2025-05-07,5,primary_2023_2026,confirmation_2023_2026_powell,11.0,2025-05-07 14:46:49.355999999-04:00,2025-05-07 14:47:00-04:00,-0.3451720360959129,0.0005272871078301,0.7142857142857143,-1.9476376775866844,-2.942901163158931,1.2722349966109865,-1.0088942864345267,-0.992968934630882,True,False,False,False,-2.2217778757880753,0.7412294747693668,-0.14713780621275663,ES
20250507_a06,20250507,2025-05-07,6,primary_2023_2026,confirmation_2023_2026_powell,11.0,2025-05-07 14:47:56.206000-04:00,2025-05-07 14:48:00-04:00,-0.129262945186822,0.0005272871078301,0.6410256410256411,0.1404816155421018,-2.9237996284799643,0.1331905676298221,1.593083809440326,1.6189532013966057,True,False,False,False,-18.68244838583068,0.425499029888683,0.7185190286089088,ES
20250507_a07,20250507,2025-05-07,7,primary_2023_2026,confirmation_2023_2026_powell,11.0,2025-05-07 14:48:55.476000-04:00,2025-05-07 14:49:00-04:00,-0.2201720360959129,0.0005272871078301,0.6956521739130435,-0.735461911237195,-1.8460617153125884,-1.5059725782570996,-0.8130914041275151,-0.8860125151850625,True,False,False,False,4.006321137963169,0.5584381645752867,0.21566663828655713,ES
20250507_a08,20250507,2025-05-07,8,primary_2023_2026,confirmation_2023_2026_powell,11.0,2025-05-07 14:49:27.696000-04:00,2025-05-07 14:50:00-04:00,-0.0201720360959128,0.0005272871078301,0.7333333333333333,0.1703885692032032,-2.5167280312970526,1.608840564155442,1.1395907925181656,1.0964027898610786,True,False,False,False,-4.45156702507874,0.2659720682647584,0.4926647600106439,ES
20250507_a09,20250507,2025-05-07,9,primary_2023_2026,confirmation_2023_2026_powell,11.0,2025-05-07 14:51:11.156000-04:00,2025-05-07 14:52:00-04:00,0.0105971946733178,0.0005272871078301,0.574468085106383,0.4778314316075335,-1.7820780936665117,0.965943116375886,1.1115884417522592,1.1336181597962245,True,False,False,False,-6.679283338600194,0.2209772842169851,0.5780322052385956,ES
20250507_a10,20250507,2025-05-07,10,primary_2023_2026,confirmation_2023_2026_powell,11.0,2025-05-07 14:52:55.366000-04:00,2025-05-07 14:53:00-04:00,-0.3035053694292462,0.0005272871078301,0.5434782608695652,-0.6441800414040829,-1.6744512644638812,0.5877311394588053,0.2036028039245783,0.2508729079760313,True,False,False,False,2.672248713180448,0.6802990380380067,0.5125588103235547,ES
20250507_a13,20250507,2025-05-07,13,primary_2023_2026,confirmation_2023_2026_powell,11.0,2025-05-07 14:55:11.176000-04:00,2025-05-07 14:56:00-04:00,-0.4076720360959128,0.0005272871078301,0.6415094339622641,0.7763329018281168,-1.4303412536501068,0.2462346424583915,1.7380072308655172,1.7511063763181849,True,False,False,False,15.528986859606599,0.8326251298664067,1.516523483348554,ES
20250507_a14,20250507,2025-05-07,14,primary_2023_2026,confirmation_2023_2026_powell,11.0,2025-05-07 14:56:47.816000-04:00,2025-05-07 14:57:00-04:00,-0.2916006075244843,0.0005272871078301,0.5517241379310345,0.3283285324911061,-2.2361608598018488,0.4942452020094265,0.2310410917374999,0.2534528935508114,True,False,False,False,11.96251887188681,0.6628903418290468,0.9447749338049457,ES
20250507_a15,20250507,2025-05-07,15,primary_2023_2026,confirmation_2023_2026_powell,11.0,2025-05-07 14:57:35.665999999-04:00,2025-05-07 14:58:00-04:00,-0.2201720360959129,0.0005272871078301,0.6764705882352942,1.0988016309591546,-1.9340475062724212,-0.3978814739870517,1.4405684124598856,1.5029621154571968,True,False,False,False,-7.53028761415044,0.5584381645752867,1.3052524573246218,ES
20250507_a16,20250507,2025-05-07,16,primary_2023_2026,confirmation_2023_2026_powell,11.0,2025-05-07 14:59:44.616000-04:00,2025-05-07 15:00:00-04:00,-0.3451720360959129,0.0005272871078301,0.6101694915254238,-0.9482531951656566,-0.7203106956542485,0.8506494003274819,0.2018789055872141,0.2264036003557861,True,False,False,False,-6.201825307314264,0.7412294747693668,0.444687957992297,ES
20250507_a18,20250507,2025-05-07,18,primary_2023_2026,confirmation_2023_2026_powell,11.0,2025-05-07 15:01:23.416000-04:00,2025-05-07 15:02:00-04:00,-0.2201720360959129,0.0005272871078301,0.5641025641025641,-0.6446582967182843,-1.489780434422644,1.2896480482518038,-0.6813304201414025,-0.6222649803574088,True,False,False,False,-10.641128963674818,0.5584381645752867,0.27176103178087163,ES
20250507_a19,20250507,2025-05-07,19,primary_2023_2026,confirmation_2023_2026_powell,11.0,2025-05-07 15:02:50.295999999-04:00,2025-05-07 15:03:00-04:00,-0.1487434646673414,0.0005272871078301,0.6122448979591837,0.2270013025514313,-2.0043299367166902,0.8938542202581582,1.2976946593535448,1.301603847326197,True,False,False,False,5.765606102726175,0.45398598732152656,0.7612025405276224,ES
20250507_a20,20250507,2025-05-07,20,primary_2023_2026,confirmation_2023_2026_powell,11.0,2025-05-07 15:03:47.145999999-04:00,2025-05-07 15:04:00-04:00,-0.2201720360959129,0.0005272871078301,0.4736842105263157,-1.2407170171135369,-1.597972214573397,1.0467308076090145,-0.6103639278428342,-0.6567726878837526,True,False,False,False,4.432820676338257,0.5584381645752867,0.0034260224073661694,ES
20250507_a22,20250507,2025-05-07,22,primary_2023_2026,confirmation_2023_2026_powell,11.0,2025-05-07 15:05:56.936000-04:00,2025-05-07 15:06:00-04:00,-0.3535053694292462,0.0005272871078301,0.5,-0.8691450341647953,-2.137247159616136,-0.1059706007215474,-0.7813840853385162,-0.7241930149383013,True,False,False,False,4.877508133499448,0.7534155621156389,0.3909790038678948,ES
20250507_a23,20250507,2025-05-07,23,primary_2023_2026,confirmation_2023_2026_powell,11.0,2025-05-07 15:07:00.135999999-04:00,2025-05-07 15:08:00-04:00,-0.3035053694292462,0.0005272871078301,0.6285714285714286,-0.1657052845633762,-1.7664696166175349,1.6968577656298411,-0.4576548790732209,-0.4225994137756517,True,False,False,False,9.304180906464133,0.6802990380380067,0.6634657344318211,ES
20250507_a24,20250507,2025-05-07,24,primary_2023_2026,confirmation_2023_2026_powell,11.0,2025-05-07 15:08:53.965999999-04:00,2025-05-07 15:09:00-04:00,-0.0951720360959129,0.0005272871078301,0.6153846153846154,-0.4522357956754578,-1.3498574391145606,1.676913635218133,-0.0169327891092965,-0.0747231047637692,True,False,False,False,-2.6574541745546263,0.3756468543812066,0.21254443157901348,ES
20250507_a25,20250507,2025-05-07,25,primary_2023_2026,confirmation_2023_2026_powell,11.0,2025-05-07 15:09:40.356000-04:00,2025-05-07 15:10:00-04:00,-0.2201720360959129,0.0005272871078301,0.4210526315789473,-1.2698359881091603,-2.823572400770671,0.7493154233472995,-0.7920142222211085,-0.7124856593081517,True,False,False,False,-9.307067394630804,0.5584381645752867,-0.02943974429056001,ES
20250507_a28,20250507,2025-05-07,28,primary_2023_2026,confirmation_2023_2026_powell,11.0,2025-05-07 15:12:38.745999999-04:00,2025-05-07 15:13:00-04:00,-0.2656265815504584,0.0005272871078301,0.5625,-0.7298804006250584,-1.9958698918263544,-0.2418236992155112,-0.0881542638893075,-0.1162476928553966,True,False,False,False,5.321271909520493,0.6249077319185886,0.37532786799205486,ES
20250507_a29,20250507,2025-05-07,29,primary_2023_2026,confirmation_2023_2026_powell,11.0,2025-05-07 15:14:02.995999999-04:00,2025-05-07 15:15:00-04:00,-0.2201720360959129,0.0005272871078301,0.7307692307692307,-0.0299238764916916,-2.357300475553646,0.5562402543531483,0.4046404841244181,0.4625151887863241,True,False,False,False,2.216852521880346,0.5584381645752867,0.6722167941740228,ES
20250507_a30,20250507,2025-05-07,30,primary_2023_2026,confirmation_2023_2026_powell,11.0,2025-05-07 15:15:10.776000-04:00,2025-05-07 15:16:00-04:00,-0.2201720360959129,0.0005272871078301,0.4857142857142857,-0.3956029766213689,-1.5730056287601863,-0.4371328137915266,0.2146709832720225,0.1689502006446142,True,False,False,False,-10.201593220253967,0.5584381645752867,0.48267316779145797,ES
20250507_a31,20250507,2025-05-07,31,primary_2023_2026,confirmation_2023_2026_powell,11.0,2025-05-07 15:16:25.305999999-04:00,2025-05-07 15:17:00-04:00,-0.0951720360959129,0.0005272871078301,0.7407407407407407,0.4753077521084202,-1.2574732768179873,0.7651719713169458,1.4410204911134936,1.4340754937777695,True,False,False,False,0.8875083209740936,0.3756468543812066,0.7974965045468053,ES
20250507_a35,20250507,2025-05-07,35,primary_2023_2026,confirmation_2023_2026_powell,11.0,2025-05-07 15:17:59.586000-04:00,2025-05-07 15:18:00-04:00,-0.2201720360959129,0.0005272871078301,0.5833333333333334,1.4372786597148752,-0.9031902238080256,-0.3184948760469167,1.462353818017574,1.5501581764200338,True,False,False,False,-2.662643132798476,0.5584381645752867,1.4642548301825247,ES
20250507_a36,20250507,2025-05-07,36,primary_2023_2026,confirmation_2023_2026_powell,11.0,2025-05-07 15:18:57.496000-04:00,2025-05-07 15:19:00-04:00,0.029827963904087,0.0005272871078301,0.52,-0.8425417243771405,-1.8274511598420933,1.659626783087077,-0.8264311086663175,-0.8610268421224986,True,False,False,False,15.521411573056504,0.19285554418712667,-0.2737146256615264,ES
20250618_a01,20250618,2025-06-18,1,primary_2023_2026,confirmation_2023_2026_powell,9.8,2025-06-18 14:41:58.706000-04:00,2025-06-18 14:42:00-04:00,0.1840374418726434,0.0004521988167465,0.4782608695652174,-3.059050351263453,-0.4085281697905903,-1.5626429940350426,-1.431802757366598,-1.386261258085118,True,False,False,True,1.2360175530230946,-0.0326496759906138,-1.6347378150355198,ES
20250618_a02,20250618,2025-06-18,2,primary_2023_2026,confirmation_2023_2026_powell,9.8,2025-06-18 14:43:36.766000-04:00,2025-06-18 14:44:00-04:00,-0.0659625581273566,0.0004521988167465,0.6046511627906976,-1.0327964955907143,-0.1764523851094673,-0.977092470750606,-0.3061973451150757,-0.2883115627702862,True,False,False,True,-1.2363741283859515,0.33293294439754645,-0.1382836911946408,ES
20250618_a05,20250618,2025-06-18,5,primary_2023_2026,confirmation_2023_2026_powell,9.8,2025-06-18 14:46:38.446000-04:00,2025-06-18 14:47:00-04:00,0.00070410853931,0.0004521988167465,0.3508771929824561,-1.6274388703118512,-0.2131587517899468,-1.1683189587922278,0.2699596101260486,0.2965734260585679,True,False,False,True,-1.237598235938993,0.23544424562737049,-0.4689502359044,ES
20250618_a06,20250618,2025-06-18,6,primary_2023_2026,confirmation_2023_2026_powell,9.8,2025-06-18 14:48:07.515999999-04:00,2025-06-18 14:49:00-04:00,-0.0659625581273566,0.0004521988167465,0.7,-1.2069904745968787,-1.1295463474186276,-0.3574605545303036,-1.1257971187980924,-1.110376776616249,True,False,False,True,-0.8254570973361328,0.33293294439754645,-0.30638925141604373,ES
20250618_a07,20250618,2025-06-18,7,primary_2023_2026,confirmation_2023_2026_powell,9.8,2025-06-18 14:49:45.556000-04:00,2025-06-18 14:50:00-04:00,-0.1326292247940232,0.0004521988167465,0.6346153846153846,-1.731123028897695,-1.581088583051989,-1.512787628655316,-0.742570991235794,-0.7252312487803344,True,False,False,True,-4.541232403361428,0.4304216431677224,-0.39119962684535453,ES
20250618_a08,20250618,2025-06-18,8,primary_2023_2026,confirmation_2023_2026_powell,9.8,2025-06-18 14:50:43.566000-04:00,2025-06-18 14:51:00-04:00,-0.1909625581273566,0.0004521988167465,0.6129032258064516,-0.4735852050006798,0.2026280418066812,0.5221925138528516,1.1270523150947267,1.098261360744172,True,False,False,True,-0.41292453809932333,0.5157242545916265,0.49273064922530907,ES
20250618_a09,20250618,2025-06-18,9,primary_2023_2026,confirmation_2023_2026_powell,9.8,2025-06-18 14:52:58.796000-04:00,2025-06-18 14:53:00-04:00,-0.0034625581273566,0.0004521988167465,0.6470588235294118,-1.8612689796922604,0.2550337832714071,0.4859193502578495,-1.0837158209094648,-1.056304049909092,True,False,False,True,-7.025519454173663,0.24153728930050639,-0.7143542504370062,ES
20250618_a10,20250618,2025-06-18,10,primary_2023_2026,confirmation_2023_2026_powell,9.8,2025-06-18 14:54:12.936000-04:00,2025-06-18 14:55:00-04:00,0.0768945847297862,0.0004521988167465,0.4545454545454545,-1.60973869839009,-1.0776835431867262,-0.5670343717191296,-1.240381190744321,-1.184772739938777,True,False,False,True,-8.270957007628438,0.12402858989002638,-0.75555556402469,ES
20250618_a11,20250618,2025-06-18,11,primary_2023_2026,confirmation_2023_2026_powell,9.8,2025-06-18 14:55:26.816000-04:00,2025-06-18 14:56:00-04:00,-0.0659625581273566,0.0004521988167465,0.6923076923076923,-1.3023405576765252,-0.7707427430410663,,-0.7911886572495513,-0.7312679537680459,True,False,False,True,-8.691873645868512,0.33293294439754645,-0.314814136997405,ES
20250618_a15,20250618,2025-06-18,15,primary_2023_2026,confirmation_2023_2026_powell,9.8,2025-06-18 14:56:48.105999999-04:00,2025-06-18 14:57:00-04:00,-0.510407002571801,0.0004521988167465,0.5555555555555556,-2.493781369393698,0.1491906123487234,0.703870225259146,-1.1682731202680612,-1.09729840437602,True,False,False,True,-5.384249130882731,0.9828576028653868,-0.12720125168353058,ES
20250618_a16,20250618,2025-06-18,16,primary_2023_2026,confirmation_2023_2026_powell,9.8,2025-06-18 14:58:33.256000-04:00,2025-06-18 14:59:00-04:00,-0.0659625581273566,0.0004521988167465,0.5733333333333334,0.7480178914500861,-1.3374043055340372,0.0150079177645733,1.0498133400394285,0.9773569618231188,True,False,False,True,0.0,0.33293294439754645,0.8307580761227601,ES
20250618_a17,20250618,2025-06-18,17,primary_2023_2026,confirmation_2023_2026_powell,9.8,2025-06-18 15:00:18.586000-04:00,2025-06-18 15:01:00-04:00,-0.0659625581273566,0.0004521988167465,0.5263157894736842,-0.914290544043072,0.2034219604400898,0.3899621251752508,0.240919602368797,0.2084953104505063,True,False,False,True,7.875811304737421,0.33293294439754645,-0.02503666736457367,ES
20250618_a18,20250618,2025-06-18,18,primary_2023_2026,confirmation_2023_2026_powell,9.8,2025-06-18 15:02:28.766000-04:00,2025-06-18 15:03:00-04:00,0.0393005997673802,0.0004521988167465,0.6428571428571429,-1.131084026066086,-1.0396488780264874,-0.7162265654577213,-1.3002074964810963,-1.3177215163360243,True,False,False,True,1.242416086745457,0.1790034200235843,-0.4744531089161153,ES
20250618_a19,20250618,2025-06-18,19,primary_2023_2026,confirmation_2023_2026_powell,9.8,2025-06-18 15:04:15.575999999-04:00,2025-06-18 15:05:00-04:00,-0.1992958914606899,0.0004521988167465,0.6981132075471698,-0.2660557793901365,-1.2442099469058687,0.5600574095581051,1.128071317521175,1.120930834706277,True,False,False,True,-2.482827125226169,0.5279103419378985,0.6035155405364823,ES
20250618_a20,20250618,2025-06-18,20,primary_2023_2026,confirmation_2023_2026_powell,9.8,2025-06-18 15:05:36.135999999-04:00,2025-06-18 15:06:00-04:00,-0.0034625581273566,0.0004521988167465,0.5102040816326531,-0.0981854228189915,0.0285098649923027,-0.5239574958428184,1.036583452982349,1.053228433836753,True,False,False,True,-1.2415933797632084,0.24153728930050639,0.3280500216219611,ES
20250618_a22,20250618,2025-06-18,22,primary_2023_2026,confirmation_2023_2026_powell,9.8,2025-06-18 15:08:30.306000-04:00,2025-06-18 15:09:00-04:00,-0.0659625581273566,0.0004521988167465,0.6153846153846154,-0.971827512359526,0.0813756294277844,-0.9647960044201322,0.5407779606872046,0.5484179265403171,True,False,False,True,0.0,0.33293294439754645,-0.019667038177149182,ES
20250618_a23,20250618,2025-06-18,23,primary_2023_2026,confirmation_2023_2026_powell,9.8,2025-06-18 15:09:47.666000-04:00,2025-06-18 15:10:00-04:00,-0.0659625581273566,0.0004521988167465,0.5757575757575758,-0.0156714791027217,-1.3111498112472364,-1.0028809561727663,1.3705874209047,1.384017730045937,True,False,False,True,0.828431779115944,0.33293294439754645,0.511489794715216,ES
20250618_a24,20250618,2025-06-18,24,primary_2023_2026,confirmation_2023_2026_powell,9.8,2025-06-18 15:11:48.586000-04:00,2025-06-18 15:12:00-04:00,-0.1770736692384677,0.0004521988167465,0.6029411764705882,-0.1452597850425146,-0.1425978507127988,-0.9722491355721612,0.588262648621221,0.5185372317171936,True,False,False,True,-8.284661424102408,0.49541410901450655,0.5628506080527718,ES
20250618_a25,20250618,2025-06-18,25,primary_2023_2026,confirmation_2023_2026_powell,9.8,2025-06-18 15:12:59.766000-04:00,2025-06-18 15:13:00-04:00,-0.0659625581273566,0.0004521988167465,0.5161290322580645,0.1602271045414192,-0.6520287469588981,-0.2537540696253201,1.1341942474484703,1.161734090146341,True,False,False,True,19.043682012848013,0.33293294439754645,0.56768187686486,ES
20250618_a27,20250618,2025-06-18,27,primary_2023_2026,confirmation_2023_2026_powell,9.8,2025-06-18 15:14:22.996000-04:00,2025-06-18 15:15:00-04:00,0.10070410853931,0.0004521988167465,0.68,-1.241171974254313,-0.9448758160603892,-1.5113702798572248,-0.1900962898633229,-0.2980831635707741,True,False,False,True,-4.13616252742918,0.08921119747210637,-0.5146083348455525,ES
20250618_a28,20250618,2025-06-18,28,primary_2023_2026,confirmation_2023_2026_powell,9.8,2025-06-18 15:15:57.886000-04:00,2025-06-18 15:16:00-04:00,-0.0659625581273566,0.0004521988167465,0.4680851063829787,0.5826194054605651,-0.5574687876508589,0.3294038642994487,1.0718214337258063,0.9976692171082732,True,False,False,True,-1.2411824347244629,0.33293294439754645,0.7565457862099332,ES
20250618_a29,20250618,2025-06-18,29,primary_2023_2026,confirmation_2023_2026_powell,9.8,2025-06-18 15:17:58.716000-04:00,2025-06-18 15:18:00-04:00,-0.137391129555928,0.0004521988167465,0.5217391304347826,-1.1812069203186308,-1.5590384986634191,-0.0110456522400195,0.1983298834588765,0.127859526169507,True,False,False,True,4.138901594617881,0.43738512165130644,-0.02788006204555543,ES
20250618_a30,20250618,2025-06-18,30,primary_2023_2026,confirmation_2023_2026_powell,9.8,2025-06-18 15:20:27.656000-04:00,2025-06-18 15:21:00-04:00,-0.326832123344748,0.0004521988167465,0.6470588235294118,0.0834051650920024,-0.4440652935716133,0.260618624846859,1.0919302988314914,1.0898569556037587,True,False,False,True,5.374899350037816,0.7144104613243225,0.9850631556069007,ES
20250618_a31,20250618,2025-06-18,31,primary_2023_2026,confirmation_2023_2026_powell,9.8,2025-06-18 15:22:02.446000-04:00,2025-06-18 15:23:00-04:00,-0.0659625581273566,0.0004521988167465,0.6190476190476191,-0.9458947961466116,0.1003520525718288,-0.1901404823554353,-0.3407432279216584,-0.2976752211042657,True,False,False,True,1.6531658162957628,0.33293294439754645,-0.10174481515685965,ES
20250730_a01,20250730,2025-07-30,1,primary_2023_2026,confirmation_2023_2026_powell,9.9,2025-07-30 14:38:43.766000-04:00,2025-07-30 14:39:00-04:00,-0.0055152451852744,0.000301602262017,0.4545454545454545,-0.960803124435818,-0.4431843044022079,0.5618677163806589,-0.9282210195890066,-0.9338204311651568,True,False,False,True,-1.9482923279429503,0.24453899615438818,-0.27734356635580004,ES
20250730_a02,20250730,2025-07-30,2,primary_2023_2026,confirmation_2023_2026_powell,9.9,2025-07-30 14:39:44.886000-04:00,2025-07-30 14:40:00-04:00,-0.2055152451852744,0.000301602262017,0.6666666666666666,-1.2284297585301545,0.2356805857507473,0.8713598223357224,-0.4822818628743992,-0.5069197164307108,True,False,False,True,-4.287579726964772,0.5370050924649163,-0.002918229452404858,ES
20250730_a03,20250730,2025-07-30,3,primary_2023_2026,confirmation_2023_2026_powell,9.9,2025-07-30 14:40:49.796000-04:00,2025-07-30 14:41:00-04:00,0.1373418976718684,0.000301602262017,0.7941176470588235,-0.2847082237065612,1.6905252424625856,0.0470266661871867,0.2578041679940089,0.191995860055212,True,False,False,True,-1.9495077554681874,0.03563464164686808,-0.08831568727346334,ES
20250730_a04,20250730,2025-07-30,4,primary_2023_2026,confirmation_2023_2026_powell,9.9,2025-07-30 14:42:51.625999999-04:00,2025-07-30 14:43:00-04:00,-0.1305152451852744,0.000301602262017,0.5454545454545454,0.7906235488216714,-0.0959376870111227,1.3307124581979846,1.2075922016479543,1.1594389811498766,True,False,False,True,3.1178144373527314,0.4273303063484683,0.9805163611975687,ES
20250730_a05,20250730,2025-07-30,5,primary_2023_2026,confirmation_2023_2026_powell,9.9,2025-07-30 14:43:30.936000-04:00,2025-07-30 14:44:00-04:00,-0.5055152451852745,0.000301602262017,0.631578947368421,-0.5084840445060438,-0.8250852420437478,1.2355886904034674,-0.6527081497071557,-0.6276171500346447,True,False,False,True,0.7793017460300791,0.9757042369307087,0.8382174966144589,ES
20250730_a06,20250730,2025-07-30,6,primary_2023_2026,confirmation_2023_2026_powell,9.9,2025-07-30 14:45:24.905999999-04:00,2025-07-30 14:46:00-04:00,-0.0964243360943653,0.000301602262017,0.6274509803921569,-1.1591473046699672,-0.0562252270947487,0.1518051683453739,-0.8599978861978214,-0.8816573648927052,True,False,False,True,-4.2857421808079845,0.3774781308409919,-0.20245859269135144,ES
20250730_a07,20250730,2025-07-30,7,primary_2023_2026,confirmation_2023_2026_powell,9.9,2025-07-30 14:46:26.256000-04:00,2025-07-30 14:47:00-04:00,-0.1483723880424172,0.000301602262017,0.5483870967741935,-0.6166345058198329,-0.0693252573318796,2.2278725549037763,-0.7051455628164686,-0.70682419816602,True,False,False,True,-0.3897192073609967,0.4534433506619082,0.1562858067942013,ES
20250730_a08,20250730,2025-07-30,8,primary_2023_2026,confirmation_2023_2026_powell,9.9,2025-07-30 14:48:20.756000-04:00,2025-07-30 14:49:00-04:00,0.0778180881480588,0.000301602262017,0.6153846153846154,-1.29465821022093,-0.7358452515080078,0.9220666082513296,-0.5008341497064523,-0.534217574221937,True,False,False,True,-0.7803355446800209,0.12267812269166833,-0.5323983684160623,ES
20250730_a09,20250730,2025-07-30,9,primary_2023_2026,confirmation_2023_2026_powell,9.9,2025-07-30 14:49:44.356000-04:00,2025-07-30 14:50:00-04:00,0.2087704691004398,0.000301602262017,0.6956521739130435,-0.8823535726606538,-0.4717146657696941,1.166549067969058,-0.7495914459937074,-0.8040854454335987,True,False,False,True,-12.493657190660237,-0.06881753560689191,-0.597729747437693,ES
20250730_a10,20250730,2025-07-30,10,primary_2023_2026,confirmation_2023_2026_powell,9.9,2025-07-30 14:50:39.666000-04:00,2025-07-30 14:51:00-04:00,-0.0055152451852744,0.000301602262017,0.3181818181818182,1.0385777529169409,-1.3568726367282555,1.592783818720622,1.589395826697886,1.5532901887316493,True,False,False,True,8.981744233605863,0.24453899615438818,0.9168444819531585,ES
20250730_a11,20250730,2025-07-30,11,primary_2023_2026,confirmation_2023_2026_powell,9.9,2025-07-30 14:51:36.256000-04:00,2025-07-30 14:52:00-04:00,-0.2555152451852744,0.000301602262017,0.4444444444444444,-1.084598293646048,-0.4093950901650794,-0.2973703653112989,-0.7992838127345512,-0.6984823749761967,True,False,False,True,-4.685120922775405,0.6101216165425485,0.11750553618157916,ES
20250730_a13,20250730,2025-07-30,13,primary_2023_2026,confirmation_2023_2026_powell,9.9,2025-07-30 14:52:57.306000-04:00,2025-07-30 14:53:00-04:00,0.1944847548147255,0.000301602262017,0.5416666666666666,1.2308615728650203,-0.7340746547468396,1.3807632486071135,0.7680847628325043,0.7366132449905428,True,False,False,True,1.1715317791403066,-0.04792710015613977,0.5674816240242417,ES
20250730_a14,20250730,2025-07-30,14,primary_2023_2026,confirmation_2023_2026_powell,9.9,2025-07-30 14:54:45.386000-04:00,2025-07-30 14:55:00-04:00,0.0997479127094624,0.000301602262017,0.6808510638297872,0.3100344308428704,-0.3345015350265083,0.6622962515616174,1.5418290180130352,1.5552554948574262,True,False,False,True,-3.5173424886320253,0.090609471780426,0.38994726130410634,ES
20250730_a15,20250730,2025-07-30,15,primary_2023_2026,confirmation_2023_2026_powell,9.9,2025-07-30 14:55:40.975999999-04:00,2025-07-30 14:56:00-04:00,-0.1166263562963855,0.000301602262017,0.5757575757575758,-0.0977278615552565,0.1251163861477602,0.4934547926039747,0.2611680561230508,0.2850084055376081,True,False,False,True,-8.603496678673544,0.4070201607713483,0.44394457168884915,ES
20250730_a19,20250730,2025-07-30,19,primary_2023_2026,confirmation_2023_2026_powell,9.9,2025-07-30 14:57:39.746000-04:00,2025-07-30 14:58:00-04:00,-0.0055152451852744,0.000301602262017,0.5897435897435898,-0.4571847001800578,-0.113520181077584,1.3594218457215883,-1.2738932276230666,-1.309474961987019,True,False,False,True,-1.5656802912834045,0.24453899615438818,-0.08111655541482199,ES
20250730_a20,20250730,2025-07-30,20,primary_2023_2026,confirmation_2023_2026_powell,9.9,2025-07-30 14:59:01.935999999-04:00,2025-07-30 15:00:00-04:00,-0.1305152451852744,0.000301602262017,0.673469387755102,-0.9235451393460932,-0.2065545194953324,0.6733675480117488,-0.8245966521229798,-0.8056099618670182,True,False,False,True,-7.44762200506778,0.4273303063484683,-0.02984203233095596,ES
20250730_a21,20250730,2025-07-30,21,primary_2023_2026,confirmation_2023_2026_powell,9.9,2025-07-30 15:00:37.086000-04:00,2025-07-30 15:01:00-04:00,-0.1593613990314283,0.000301602262017,0.6041666666666666,-1.8363062992831376,-0.9381685677228356,0.784371899960574,-0.8798592720298241,-0.9072708007752972,True,False,False,True,3.1365169236990957,0.4695129163932561,-0.4076634828520425,ES
20250730_a22,20250730,2025-07-30,22,primary_2023_2026,confirmation_2023_2026_powell,9.9,2025-07-30 15:01:33.915999999-04:00,2025-07-30 15:02:00-04:00,0.1194847548147255,0.000301602262017,0.64,-1.2901708575884323,-0.594779533276537,2.3177891831798,-1.2118662720720386,-1.1273432310498572,True,False,False,True,8.620690189053242,0.06174768596030822,-0.6792725016931183,ES
20250730_a23,20250730,2025-07-30,23,primary_2023_2026,confirmation_2023_2026_powell,9.9,2025-07-30 15:02:24.916000-04:00,2025-07-30 15:03:00-04:00,-0.0055152451852744,0.000301602262017,0.4705882352941176,1.4939540035604657,-0.6482764517191905,1.4126293777431655,0.9150555706302552,0.872895553907664,True,False,False,True,-11.75733008930457,0.24453899615438818,1.0556631034489306,ES
20250730_a24,20250730,2025-07-30,24,primary_2023_2026,confirmation_2023_2026_powell,9.9,2025-07-30 15:03:23.136000-04:00,2025-07-30 15:04:00-04:00,-0.0055152451852744,0.000301602262017,0.5185185185185185,-0.0459620414610772,-1.1478292352990571,0.2973206495335875,-0.9455309129478874,-0.9370989856670474,True,False,False,True,-3.529896296923275,0.24453899615438818,0.14427887530826766,ES
20250730_a25,20250730,2025-07-30,25,primary_2023_2026,confirmation_2023_2026_powell,9.9,2025-07-30 15:04:50.826000-04:00,2025-07-30 15:05:00-04:00,-0.0055152451852744,0.000301602262017,0.5652173913043478,-0.6708459920999674,-1.196802322077393,0.5637067043387248,0.248570051097391,0.2275971525596196,True,False,False,True,-4.708467480851358,0.24453899615438818,-0.01753070944602647,ES
20250730_a26,20250730,2025-07-30,26,primary_2023_2026,confirmation_2023_2026_powell,9.9,2025-07-30 15:06:55.035999999-04:00,2025-07-30 15:07:00-04:00,0.1121318136382549,0.000301602262017,0.5689655172413793,-0.2835554773905004,-0.52734420755245,0.242027747611176,0.3604875876644937,0.4166492499838898,True,False,False,True,1.5685659418061815,0.07250011597172473,-0.03261549718382656,ES
20250730_a27,20250730,2025-07-30,27,primary_2023_2026,confirmation_2023_2026_powell,9.9,2025-07-30 15:08:50.436000-04:00,2025-07-30 15:09:00-04:00,-0.5055152451852745,0.000301602262017,0.6935483870967742,-1.086744532043767,-0.9235147011738248,0.3616448744832875,-0.828247161686912,-0.8243225793787973,True,False,False,True,5.09554151152583,0.9757042369307087,0.551812402721777,ES
20250730_a28,20250730,2025-07-30,28,primary_2023_2026,confirmation_2023_2026_powell,9.9,2025-07-30 15:11:00.806000-04:00,2025-07-30 15:12:00-04:00,-0.0610708007408299,0.000301602262017,0.5079365079365079,0.3534826240535177,-0.468348031486137,1.500987061614622,0.3303191780987141,0.3660396486827807,True,False,False,True,3.525333474297885,0.32577957846286815,0.5627648695507231,ES
20250730_a29,20250730,2025-07-30,29,primary_2023_2026,confirmation_2023_2026_powell,9.9,2025-07-30 15:12:12.976000-04:00,2025-07-30 15:13:00-04:00,-0.0055152451852744,0.000301602262017,0.5789473684210527,-0.1717755391361222,-1.3601190775481444,1.2814421334015094,-0.2493141276069606,-0.3192242650010125,True,False,False,True,5.481597631386098,0.24453899615438818,0.16034603185271004,ES
20250730_a31,20250730,2025-07-30,31,primary_2023_2026,confirmation_2023_2026_powell,9.9,2025-07-30 15:14:50.486000-04:00,2025-07-30 15:15:00-04:00,-0.0055152451852744,0.000301602262017,0.6153846153846154,-0.017031256313354,0.4880251081401692,0.7154055942066802,0.3386376900660048,0.3546249013528038,True,False,False,True,2.740315936426893,0.24453899615438818,0.29472554658232364,ES
20250917_a00,20250917,2025-09-17,0,primary_2023_2026,confirmation_2023_2026_powell,12.8,2025-09-17 14:38:57.685999999-04:00,2025-09-17 14:39:00-04:00,-0.1514707087277039,0.0011227124733355,0.7272727272727273,-1.1815596945688966,-0.1089033662435724,,-0.8507987948128979,-0.8461264791371766,True,False,True,False,-19.943187359198767,0.457974119441628,-0.11532380708150677,ES
20250917_a01,20250917,2025-09-17,1,primary_2023_2026,confirmation_2023_2026_powell,12.8,2025-09-17 14:40:35.336000-04:00,2025-09-17 14:41:00-04:00,0.2651959579389627,0.0011227124733355,0.6511627906976745,-1.3320328261692476,-2.068465401057708,-1.429983817322958,-0.7890355636230485,-0.7487257421972994,True,False,True,False,0.37634307439165704,-0.15133024787197225,-0.909036877993945,ES
20250917_a02,20250917,2025-09-17,2,primary_2023_2026,confirmation_2023_2026_powell,12.8,2025-09-17 14:41:43.216000-04:00,2025-09-17 14:42:00-04:00,-0.262581819838815,0.0011227124733355,0.6052631578947368,-0.2798988046222107,-2.0417849573735074,-1.4400717124664772,1.5247557926821778,1.5406668132737105,True,False,True,False,-13.557281582434884,0.6204552840585882,0.7504205870638314,ES
20250917_a03,20250917,2025-09-17,3,primary_2023_2026,confirmation_2023_2026_powell,12.8,2025-09-17 14:42:41.056000-04:00,2025-09-17 14:43:00-04:00,0.1818626246056293,0.0011227124733355,0.5806451612903226,0.4672859975957198,-0.8655600973665947,-0.3342582901234245,1.5682615879444028,1.5483476038155104,True,False,True,False,4.897805504333869,-0.029469374409252014,0.3215647730062362,ES
20250917_a04,20250917,2025-09-17,4,primary_2023_2026,confirmation_2023_2026_powell,12.8,2025-09-17 14:43:51.016000-04:00,2025-09-17 14:44:00-04:00,-0.3181373753943706,0.0011227124733355,0.59375,-1.5345261691833207,-1.4000353195023554,-0.2910955319028365,-0.5708207006609761,-0.5165606851618494,True,False,True,False,-2.2601423985919715,0.7016958663670683,0.04343400012015902,ES
20250917_a05,20250917,2025-09-17,5,primary_2023_2026,confirmation_2023_2026_powell,12.8,2025-09-17 14:44:59.936000-04:00,2025-09-17 14:45:00-04:00,-0.1514707087277039,0.0011227124733355,0.53125,-1.607888126322174,-1.824266495546315,-1.0408974257099786,-0.2595942199951651,-0.1975881755192715,True,False,True,False,-16.59063010160342,0.457974119441628,-0.24956930028112898,ES
20250917_a06,20250917,2025-09-17,6,primary_2023_2026,confirmation_2023_2026_powell,12.8,2025-09-17 14:46:00.516000-04:00,2025-09-17 14:47:00-04:00,-0.5800421372991325,0.0011227124733355,0.6470588235294118,-0.2200445732279456,-1.2165607066659958,-1.603283658738942,1.1799454030140828,1.105102377140876,True,False,True,False,12.821965025484609,1.0846871829641884,1.2980136306165688,ES
20250917_a07,20250917,2025-09-17,7,primary_2023_2026,confirmation_2023_2026_powell,12.8,2025-09-17 14:47:05.686000-04:00,2025-09-17 14:48:00-04:00,-0.3181373753943706,0.0011227124733355,0.5416666666666666,1.2455053550170756,-1.0334769457134718,-1.267217290685538,1.2901093349386346,1.321098228330764,True,False,True,False,11.676304081815397,0.7016958663670683,1.5288906995005869,ES
20250917_a08,20250917,2025-09-17,8,primary_2023_2026,confirmation_2023_2026_powell,12.8,2025-09-17 14:49:10.586000-04:00,2025-09-17 14:50:00-04:00,-0.1969252541822494,0.0011227124733355,0.6388888888888888,-1.6040068060551698,-1.944405750833324,-0.45853790856824,-0.7533794852086658,-0.7538140522671682,True,False,True,False,-9.420631879010175,0.5244436867849299,-0.2207651500959348,ES
20250917_a09,20250917,2025-09-17,9,primary_2023_2026,confirmation_2023_2026_powell,12.8,2025-09-17 14:50:20.986000-04:00,2025-09-17 14:51:00-04:00,-0.1514707087277039,0.0011227124733355,0.627906976744186,-1.6406092854536602,-1.6582976980342805,-1.6815884942740018,-0.7190001889063468,-0.6994478192302888,True,False,True,False,-6.033865250757735,0.457974119441628,-0.3137463947621797,ES
20250917_a10,20250917,2025-09-17,10,primary_2023_2026,confirmation_2023_2026_powell,12.8,2025-09-17 14:52:13.866000-04:00,2025-09-17 14:53:00-04:00,-0.1514707087277039,0.0011227124733355,0.6226415094339622,0.2241170096918337,-1.711541377884234,-1.391112115346009,0.8167385469936163,0.8210960403938662,True,False,True,False,-9.823925825980183,0.457974119441628,0.7133190322257728,ES
20250917_a11,20250917,2025-09-17,11,primary_2023_2026,confirmation_2023_2026_powell,12.8,2025-09-17 14:53:34.135999999-04:00,2025-09-17 14:54:00-04:00,-0.1514707087277039,0.0011227124733355,0.6,-1.490130847253677,-1.6224862609691688,-0.5302044386171486,-1.033497545556082,-1.004078667993607,True,False,True,False,4.157297060953496,0.457974119441628,-0.2776568108628326,ES
20250917_a12,20250917,2025-09-17,12,primary_2023_2026,confirmation_2023_2026_powell,12.8,2025-09-17 14:55:12.552666666-04:00,2025-09-17 14:56:00-04:00,-0.0800421372991325,0.0011227124733355,0.7142857142857143,0.29161154672088,-1.850033642981571,-0.7419271013035104,1.3987863253601294,1.4027080707235795,True,False,True,False,10.183108236304912,0.35352194218786803,0.6814267689124389,ES
20250917_a14,20250917,2025-09-17,14,primary_2023_2026,confirmation_2023_2026_powell,12.8,2025-09-17 14:57:46.446000-04:00,2025-09-17 14:58:00-04:00,-0.1899322471892424,0.0011227124733355,0.5921052631578947,-1.5176978423990584,-1.5387437678048796,-0.3962486189803698,-0.7500211031444074,-0.7754292491338389,True,False,True,False,7.906478076077483,0.514217599501345,-0.19271795138040843,ES
20250917_a16,20250917,2025-09-17,16,primary_2023_2026,confirmation_2023_2026_powell,12.8,2025-09-17 14:59:56.396000-04:00,2025-09-17 15:00:00-04:00,-0.351470708727704,0.0011227124733355,0.5333333333333333,-1.149769899220022,-1.5345411562161009,0.666686321711111,-0.991345007494611,-1.0475778649436496,True,False,True,False,4.889148069333768,0.7504402157521564,0.23510451877616984,ES
20250917_a17,20250917,2025-09-17,17,primary_2023_2026,confirmation_2023_2026_powell,12.8,2025-09-17 15:01:13.906000-04:00,2025-09-17 15:02:00-04:00,-0.3053168625738578,0.0011227124733355,0.675,1.111829163366059,-0.7375053425875303,-0.2357878386303171,1.1980269978691112,1.2678584375519322,True,False,True,False,-6.75878667963999,0.682948039680496,1.4347042132541734,ES
20250917_a18,20250917,2025-09-17,18,primary_2023_2026,confirmation_2023_2026_powell,12.8,2025-09-17 15:02:38.806000-04:00,2025-09-17 15:03:00-04:00,-0.2764707087277039,0.0011227124733355,0.5476190476190477,1.124304877432066,-2.289811923745265,-0.3696065972994483,1.2726675466853228,1.286995345636866,True,False,True,False,-4.132464322385223,0.6407654296357082,1.397861580681105,ES
20250917_a20,20250917,2025-09-17,20,primary_2023_2026,confirmation_2023_2026_powell,12.8,2025-09-17 15:03:48.276000-04:00,2025-09-17 15:04:00-04:00,-0.351470708727704,0.0011227124733355,0.6666666666666666,0.0887001356764995,-1.810882616786036,-1.012193306281256,1.090396098705653,1.1290242472857526,True,False,True,False,6.010292807049704,0.7504402157521564,1.0305557844880673,ES
20250917_a21,20250917,2025-09-17,21,primary_2023_2026,confirmation_2023_2026_powell,12.8,2025-09-17 15:05:44.806000-04:00,2025-09-17 15:06:00-04:00,-0.2848040420610373,0.0011227124733355,0.5970149253731343,-1.1339877530043103,-1.9559756902777032,-0.5170486228810137,-0.4061684276948927,-0.4162661529953435,True,False,True,False,3.0023268258254188,0.6529515169819803,0.18795939946496143,ES
20250917_a23,20250917,2025-09-17,23,primary_2023_2026,confirmation_2023_2026_powell,12.8,2025-09-17 15:07:41.545999999-04:00,2025-09-17 15:08:00-04:00,-0.1514707087277039,0.0011227124733355,0.6,0.7138269123892669,-1.4768573777835263,-1.4821079072822658,1.3264273059239302,1.3413243028867416,True,False,True,False,5.625457216737782,0.457974119441628,0.9943976963861866,ES
20250917_a24,20250917,2025-09-17,24,primary_2023_2026,confirmation_2023_2026_powell,12.8,2025-09-17 15:08:10.786000-04:00,2025-09-17 15:09:00-04:00,0.098529291272296,0.0011227124733355,0.6,-0.3612654074140345,-1.5209142181366364,-1.13927700025399,-0.0927448544731388,0.1785230618011903,True,False,True,False,-6.375518226794292,0.09239149905346794,-0.0931055985647107,ES
20250917_a25,20250917,2025-09-17,25,primary_2023_2026,confirmation_2023_2026_powell,12.8,2025-09-17 15:11:18.295999999-04:00,2025-09-17 15:12:00-04:00,-0.3053168625738578,0.0011227124733355,0.594059405940594,-0.3495882140825138,-1.2113020848820888,-0.2956316192131772,-0.1150946511256267,-0.1320796187275126,True,False,True,False,-3.003679529979629,0.682948039680496,0.6180852063621234,ES
20250917_a26,20250917,2025-09-17,26,primary_2023_2026,confirmation_2023_2026_powell,12.8,2025-09-17 15:12:43.956000-04:00,2025-09-17 15:13:00-04:00,-0.551470708727704,0.0011227124733355,0.5961538461538461,-0.807481641824047,-2.783447614408729,0.1923430908928944,-0.9385412832210336,-1.0036541189265942,True,False,True,False,-12.399257633205472,1.0429063120626845,0.7498947434329313,ES
20250917_a27,20250917,2025-09-17,27,primary_2023_2026,confirmation_2023_2026_powell,12.8,2025-09-17 15:14:03.835999999-04:00,2025-09-17 15:15:00-04:00,-0.1514707087277039,0.0011227124733355,0.4883720930232558,0.8787705722154683,-1.3634308778920003,-0.1686820988895759,1.226758082103426,1.2524238651059596,True,False,True,False,8.642230984846131,0.457974119441628,1.060110945085316,ES
20250917_a29,20250917,2025-09-17,29,primary_2023_2026,confirmation_2023_2026_powell,12.8,2025-09-17 15:16:52.565999999-04:00,2025-09-17 15:17:00-04:00,-0.1514707087277039,0.0011227124733355,0.4210526315789473,-0.1907215865967083,-1.3288082652694262,-0.8021911867913504,-0.0018155196297536,-0.1675985290686065,True,False,True,False,4.502138591841528,0.457974119441628,0.4339333322322932,ES
20250917_a30,20250917,2025-09-17,30,primary_2023_2026,confirmation_2023_2026_powell,12.8,2025-09-17 15:17:48.336000-04:00,2025-09-17 15:18:00-04:00,-0.2514707087277039,0.0011227124733355,0.6666666666666666,-0.4230241067672893,-0.4609949731637231,0.1526769925867399,0.1551350945060287,0.1659784132823496,True,False,True,False,-10.50814477838828,0.6042071675968921,0.5185104540672593,ES
20250917_a31,20250917,2025-09-17,31,primary_2023_2026,confirmation_2023_2026_powell,12.8,2025-09-17 15:18:57.906000-04:00,2025-09-17 15:19:00-04:00,-0.1514707087277039,0.0011227124733355,0.6666666666666666,0.4967572023643555,-1.7449353950384614,-0.4944880758436091,1.0637197864530803,1.018272410281855,True,False,True,False,3.754035632345503,0.457974119441628,0.8658806405984814,ES
20250917_a32,20250917,2025-09-17,32,primary_2023_2026,confirmation_2023_2026_powell,12.8,2025-09-17 15:19:58.195999999-04:00,2025-09-17 15:20:00-04:00,-0.262581819838815,0.0011227124733355,0.6956521739130435,-1.1130854561723091,-2.788826156402776,-2.1961753123147965,-0.6741341338591891,-0.6568138692651082,True,False,True,False,4.502983302476912,0.6204552840585882,0.13006764495991224,ES
20250917_a34,20250917,2025-09-17,34,primary_2023_2026,confirmation_2023_2026_powell,12.8,2025-09-17 15:23:10.016000-04:00,2025-09-17 15:24:00-04:00,0.0151959579389626,0.0011227124733355,0.7413793103448276,1.2130338706257626,-1.4771720823231398,0.2112969568356156,1.3827641356408602,1.3665721162849602,True,False,True,False,5.623137483925111,0.21425237251618814,0.9392267425878373,ES
20251029_a00,20251029,2025-10-29,0,primary_2023_2026,confirmation_2023_2026_powell,13.6,2025-10-29 14:39:52.726000-04:00,2025-10-29 14:40:00-04:00,-0.3661999596775526,-0.0001123469273115,0.6071428571428571,0.7127072347053753,-1.1057653301450612,-1.0686942565123976,1.1516027158211826,1.0967971429069945,True,False,False,False,3.9906401879168922,0.7719792483865582,1.3517628886992554,ES
20251029_a01,20251029,2025-10-29,1,primary_2023_2026,confirmation_2023_2026_powell,13.6,2025-10-29 14:41:22.035999999-04:00,2025-10-29 14:42:00-04:00,-0.3423904358680287,-0.0001123469273115,0.5777777777777777,0.1447677104097085,-0.8769945219981159,-1.4905654073937542,-0.6878612267430868,-0.6147499636379099,True,False,False,False,-2.1777003570380438,0.737161855968638,0.8507986588749271,ES
20251029_a02,20251029,2025-10-29,2,primary_2023_2026,confirmation_2023_2026_powell,13.6,2025-10-29 14:43:17.655999999-04:00,2025-10-29 14:44:00-04:00,-0.2661999596775526,-0.0001123469273115,0.5087719298245614,0.8248551842429502,-1.1318451583524236,-0.9740707160984228,1.2206950597322368,1.2213377457665118,True,False,False,False,-13.784599708763249,0.6257462002312941,1.2356923316093458,ES
20251029_a03,20251029,2025-10-29,3,primary_2023_2026,confirmation_2023_2026_powell,13.6,2025-10-29 14:44:54.336000-04:00,2025-10-29 14:45:00-04:00,0.100466706989114,-0.0001123469273115,0.5192307692307693,-0.8267128163515088,-0.6372102941900328,-1.907241938475495,-0.7572574602360954,-0.7422636243707491,True,False,False,False,10.88415737097695,0.08955835699532583,-0.38287462813801637,ES
20251029_a04,20251029,2025-10-29,4,primary_2023_2026,confirmation_2023_2026_powell,13.6,2025-10-29 14:46:15.055999999-04:00,2025-10-29 14:47:00-04:00,-0.1995332930108859,-0.0001123469273115,0.5151515151515151,0.0184395173080182,-0.8819483709759104,0.5994721049723003,-0.1925084323174397,-0.133740226428932,True,False,False,False,-16.309374254693846,0.5282575014611179,0.5946806145381338,ES
20251029_a05,20251029,2025-10-29,5,primary_2023_2026,confirmation_2023_2026_powell,13.6,2025-10-29 14:47:22.326000-04:00,2025-10-29 14:48:00-04:00,-0.1995332930108859,-0.0001123469273115,0.4827586206896552,1.7808528209944077,-0.0022616164700791,0.219544572421387,0.9548297315204174,0.9045315011504816,True,False,False,False,10.875871141645288,0.5282575014611179,1.5329338173785572,ES
20251029_a06,20251029,2025-10-29,6,primary_2023_2026,confirmation_2023_2026_powell,13.6,2025-10-29 14:48:46.936000-04:00,2025-10-29 14:49:00-04:00,-0.2995332930108859,-0.0001123469273115,0.5434782608695652,0.7504292457718681,-1.35029188547998,0.1653266734129834,1.0080620020447977,1.0214651541001911,True,False,False,False,2.1737555335224004,0.674490549616382,1.2369999833202623,ES
20251029_a07,20251029,2025-10-29,7,primary_2023_2026,confirmation_2023_2026_powell,13.6,2025-10-29 14:50:45.285999999-04:00,2025-10-29 14:51:00-04:00,-0.3995332930108859,-0.0001123469273115,0.589041095890411,0.2688274759657612,-0.8496936444614064,-0.5885106473307461,-0.0606026149086168,-0.0609478560276514,True,False,False,False,7.598647082820877,0.8207235977716462,1.0753734987234125,ES
20251029_a08,20251029,2025-10-29,8,primary_2023_2026,confirmation_2023_2026_powell,13.6,2025-10-29 14:53:40.795999999-04:00,2025-10-29 14:54:00-04:00,-0.1995332930108859,-0.0001123469273115,0.4587155963302752,-0.4120328042516399,-0.5480223132609481,-0.745169237244018,-1.0204649638008354,-1.0160009487458677,True,False,False,False,6.509710547772262,0.5282575014611179,0.307054742237296,ES
20251029_a10,20251029,2025-10-29,10,primary_2023_2026,confirmation_2023_2026_powell,13.6,2025-10-29 14:55:04.655999999-04:00,2025-10-29 14:56:00-04:00,-0.6540787475563404,-0.0001123469273115,0.5714285714285714,-0.6600675277283921,-0.3396687373299592,-0.4492301654301072,-0.7988209048288453,-0.8017593224266014,True,False,False,False,-11.56863582982876,1.1929531748941364,1.0129729596095884,ES
20251029_a11,20251029,2025-10-29,11,primary_2023_2026,confirmation_2023_2026_powell,13.6,2025-10-29 14:56:27.845999999-04:00,2025-10-29 14:57:00-04:00,-0.1995332930108859,-0.0001123469273115,0.6216216216216216,1.4708818732665545,-0.451495822061589,-1.0104474836448545,1.082365330328104,1.1244513792650277,True,False,False,False,11.568635829827844,0.5282575014611179,1.4030631164874017,ES
20251029_a12,20251029,2025-10-29,12,primary_2023_2026,confirmation_2023_2026_powell,13.6,2025-10-29 14:57:41.205999999-04:00,2025-10-29 14:58:00-04:00,-0.1995332930108859,-0.0001123469273115,0.5476190476190477,0.9265365764247302,0.0753045244545026,-1.201684143004098,0.1688200822283658,0.139466423340813,True,False,False,False,-3.252443878842239,0.5282575014611179,1.0535921059318771,ES
20251029_a13,20251029,2025-10-29,13,primary_2023_2026,confirmation_2023_2026_powell,13.6,2025-10-29 14:58:58.286000-04:00,2025-10-29 14:59:00-04:00,-0.1995332930108859,-0.0001123469273115,0.7419354838709677,-0.7590328990938133,-1.3395751542027825,-0.5234776284565157,-1.098379073591223,-1.0943709395566472,True,False,False,False,-2.5305015950668106,0.5282575014611179,0.1381167109924552,ES
20251029_a14,20251029,2025-10-29,14,primary_2023_2026,confirmation_2023_2026_powell,13.6,2025-10-29 15:00:58.886000-04:00,2025-10-29 15:01:00-04:00,-0.2995332930108859,-0.0001123469273115,0.6181818181818182,-0.7946716268152334,-0.888353096324734,0.2907534444023638,-1.0164089773421006,-1.0656994663361057,True,False,False,False,-9.036526251550061,0.674490549616382,0.30572492303455545,ES
20251029_a15,20251029,2025-10-29,15,primary_2023_2026,confirmation_2023_2026_powell,13.6,2025-10-29 15:03:00.936000-04:00,2025-10-29 15:04:00-04:00,-0.4995332930108859,-0.0001123469273115,0.578125,-0.4524210518597846,-0.6530678897960801,-0.2807763949695406,-0.8125976915110179,-0.8274410294507368,True,False,False,False,-2.173125687654134,0.9669566459269102,0.836614226224764,ES
20251029_a16,20251029,2025-10-29,16,primary_2023_2026,confirmation_2023_2026_powell,13.6,2025-10-29 15:04:22.106000-04:00,2025-10-29 15:05:00-04:00,-0.1995332930108859,-0.0001123469273115,0.5098039215686274,0.7991220224034452,-0.8752579725399963,-1.267046444441545,1.0838893036719115,1.0639116660988794,True,False,False,False,15.20197194458386,0.5282575014611179,1.092275524191948,ES
20251029_a17,20251029,2025-10-29,17,primary_2023_2026,confirmation_2023_2026_powell,13.6,2025-10-29 15:06:46.455999999-04:00,2025-10-29 15:07:00-04:00,-0.6281047215823145,-0.0001123469273115,0.5777777777777777,0.5901085690207545,-0.5678513117400515,-0.5094031691519083,1.234797688489314,1.227002689860185,True,False,False,False,7.2283063612006355,1.1549705649836781,1.7631597126369742,ES
20251029_a18,20251029,2025-10-29,18,primary_2023_2026,confirmation_2023_2026_powell,13.6,2025-10-29 15:09:07.115999999-04:00,2025-10-29 15:10:00-04:00,0.0636246017259561,-0.0001123469273115,0.5681818181818182,-0.6471957765083464,-0.7984287386963709,-0.2482607682746765,-0.6248820183349375,-0.6431700537923691,True,False,False,False,3.975352864915897,0.14343369052621258,-0.22104512498663842,ES
20251029_a19,20251029,2025-10-29,19,primary_2023_2026,confirmation_2023_2026_powell,13.6,2025-10-29 15:10:16.756000-04:00,2025-10-29 15:11:00-04:00,0.0004667069891141,-0.0001123469273115,0.4722222222222222,0.3384318990690109,-0.9252122818955684,-0.9220326006340084,-0.2162662815877333,-0.2771708043041493,True,False,False,False,0.3613304186415075,0.2357914051505898,0.3895527749288916,ES
20251029_a20,20251029,2025-10-29,20,primary_2023_2026,confirmation_2023_2026_powell,13.6,2025-10-29 15:11:57.965999999-04:00,2025-10-29 15:12:00-04:00,-0.1995332930108859,-0.0001123469273115,0.5471698113207547,0.7110335043947997,-1.2891834120302277,-0.6939870411570712,0.5021076606465619,0.4251027445524924,True,False,False,False,-6.144393434477721,0.5282575014611179,0.9894087509686944,ES
20251029_a21,20251029,2025-10-29,21,primary_2023_2026,confirmation_2023_2026_powell,13.6,2025-10-29 15:13:48.916000-04:00,2025-10-29 15:14:00-04:00,-0.0884221818997748,-0.0001123469273115,0.5849056603773585,-1.4895678567331525,0.9030386823720412,-0.4910925571202317,-0.9329319834966392,-0.926537301660085,True,False,False,False,-1.4461316004957294,0.3657763368441579,-0.3772229417468334,ES
20251029_a22,20251029,2025-10-29,22,primary_2023_2026,confirmation_2023_2026_powell,13.6,2025-10-29 15:14:57.755999999-04:00,2025-10-29 15:15:00-04:00,-0.3245332930108859,-0.0001123469273115,0.575,0.2370161466917544,-1.037329710163184,-2.2244205942060367,0.144309478139509,0.1443865319710897,True,False,False,False,0.36152636434889546,0.7110488116551981,0.9510005036303184,ES
20251029_a23,20251029,2025-10-29,23,primary_2023_2026,confirmation_2023_2026_powell,13.6,2025-10-29 15:16:12.515999999-04:00,2025-10-29 15:17:00-04:00,-0.3245332930108859,-0.0001123469273115,0.6,-0.1342055062849196,0.039468163227401,-0.2423857381281174,0.3868784840777703,0.3769418967915001,True,False,False,False,-6.149505520350737,0.7110488116551981,0.8050546481567873,ES
20251029_a24,20251029,2025-10-29,24,primary_2023_2026,confirmation_2023_2026_powell,13.6,2025-10-29 15:17:09.856000-04:00,2025-10-29 15:18:00-04:00,-0.4495332930108858,-0.0001123469273115,0.6666666666666666,-0.8314602790496585,-0.7000354587140755,-0.9199874567044614,-0.8621563409413816,-0.8394865621491943,True,False,False,False,4.702903224962108,0.8938401218492781,0.5681936155239125,ES
20251029_a25,20251029,2025-10-29,25,primary_2023_2026,confirmation_2023_2026_powell,13.6,2025-10-29 15:18:54.545999999-04:00,2025-10-29 15:19:00-04:00,-0.421755515233108,-0.0001123469273115,0.4603174603174603,1.2798843364787509,-0.5770773659870736,0.1870179539801156,1.0260170623235574,1.0179960703995323,True,False,False,False,1.4466022953878375,0.8532198306950379,1.69831993062223,ES
20251029_a27,20251029,2025-10-29,27,primary_2023_2026,confirmation_2023_2026_powell,13.6,2025-10-29 15:20:10.756000-04:00,2025-10-29 15:21:00-04:00,-0.1086242021017949,-0.0001123469273115,0.3953488372093023,-0.474453357212074,-0.6195523506804088,-0.7466898498256066,-1.0030143561117362,-1.00502282272541,True,False,False,False,-1.8078932669059535,0.3953183667745141,0.12060830965859556,ES
20251029_a28,20251029,2025-10-29,28,primary_2023_2026,confirmation_2023_2026_powell,13.6,2025-10-29 15:21:05.286000-04:00,2025-10-29 15:22:00-04:00,-0.1995332930108859,-0.0001123469273115,0.4375,0.7266377819704509,-1.2313170454413152,,1.148642307974068,1.1627278421019105,True,False,False,False,2.1694327018596207,0.5282575014611179,1.06563423414761,ES
20251029_a29,20251029,2025-10-29,29,primary_2023_2026,confirmation_2023_2026_powell,13.6,2025-10-29 15:24:19.796000-04:00,2025-10-29 15:25:00-04:00,-0.3423904358680287,-0.0001123469273115,0.5765765765765766,-0.5815919476865715,-0.6956485997866997,-0.1794125920075978,-0.8410520598976,-0.843293335524156,True,False,False,False,10.845988048041818,0.737161855968638,0.49822523389069373,ES
20251029_a31,20251029,2025-10-29,31,primary_2023_2026,confirmation_2023_2026_powell,13.6,2025-10-29 15:25:56.935999999-04:00,2025-10-29 15:26:00-04:00,-0.3423904358680287,-0.0001123469273115,0.8,-0.9011661035676152,-0.1589261729103111,-1.7995877170719738,-1.0507968715362508,-1.05906738531195,True,False,False,False,-3.613891839410994,0.737161855968638,0.3279125273311184,ES
20260128_a00,20260128,2026-01-28,0,primary_2023_2026,confirmation_2023_2026_powell,9.4,2026-01-28 14:36:49.126000-05:00,2026-01-28 14:37:00-05:00,-0.0431919833590755,0.0,0.5416666666666666,0.8374435549152353,0.5632749485519095,-0.8242919342320136,0.835666925075063,0.8344354213751748,True,False,False,True,-1.7849811731884893,0.2996348388314155,0.8093674105542623,ES
20260128_a01,20260128,2026-01-28,1,primary_2023_2026,confirmation_2023_2026_powell,9.4,2026-01-28 14:38:19.146000-05:00,2026-01-28 14:39:00-05:00,-0.2250101651772573,0.0,0.3953488372093023,0.3547137467668385,-0.4284475375923703,-0.2643993618028872,0.8869163556239377,0.8800872559134167,True,False,False,True,-4.285408250713476,0.565513108204623,0.9102169514630247,ES
20260128_a02,20260128,2026-01-28,2,primary_2023_2026,confirmation_2023_2026_powell,9.4,2026-01-28 14:39:01.356000-05:00,2026-01-28 14:40:00-05:00,-0.0431919833590755,0.0,0.9230769230769232,1.0767863512260825,-0.5701850659370824,,0.6177941678348735,0.6001527521896706,True,False,False,True,-1.4288776190631896,0.2996348388314155,0.8969037411751989,ES
20260128_a07,20260128,2026-01-28,7,primary_2023_2026,confirmation_2023_2026_powell,9.4,2026-01-28 14:40:38.596000-05:00,2026-01-28 14:41:00-05:00,-0.0431919833590755,0.0,0.6428571428571429,-0.0216332729118331,0.279324577525711,-0.2604237633855945,-1.2362436979267517,-1.1830933124709369,True,False,False,True,2.5004018633250213,0.2996348388314155,0.19058225823424257,ES
20260128_a08,20260128,2026-01-28,8,primary_2023_2026,confirmation_2023_2026_powell,9.4,2026-01-28 14:41:03.119333333-05:00,2026-01-28 14:42:00-05:00,-0.0431919833590755,0.0,0.8181818181818182,0.5354031256028552,0.3333558508306275,-0.5365855617601163,0.7961023797321798,0.6590519829333661,True,False,False,True,0.0,0.2996348388314155,0.66533363164401,ES
20260128_a10,20260128,2026-01-28,10,primary_2023_2026,confirmation_2023_2026_powell,9.4,2026-01-28 14:42:36.556000-05:00,2026-01-28 14:43:00-05:00,-0.0431919833590755,0.0,0.6,0.2801289029340096,0.9386905611391338,-2.4844380077694157,0.89621061542256,0.8646084504505582,True,False,False,True,-3.9294836806902063,0.2996348388314155,0.5578542139296476,ES
20260128_a11,20260128,2026-01-28,11,primary_2023_2026,confirmation_2023_2026_powell,9.4,2026-01-28 14:43:59.215999999-05:00,2026-01-28 14:44:00-05:00,-0.0431919833590755,0.0,0.5,-1.1826624269530936,0.551492685302171,0.2354150973583668,-1.0929024640665732,-1.1624463662092206,True,False,False,True,2.85795943642933,0.2996348388314155,-0.3315470371373497,ES
20260128_a12,20260128,2026-01-28,12,primary_2023_2026,confirmation_2023_2026_powell,9.4,2026-01-28 14:44:58.306000-05:00,2026-01-28 14:45:00-05:00,-0.3289062690733612,0.0,0.5333333333333333,1.4774383141252387,-0.4284524113032416,-0.4362950429676367,0.7661377738922882,0.7933279694843595,True,False,False,True,4.285408250713093,0.7174435478464558,1.599212183748008,ES
20260128_a13,20260128,2026-01-28,13,primary_2023_2026,confirmation_2023_2026_powell,9.4,2026-01-28 14:46:22.276000-05:00,2026-01-28 14:47:00-05:00,-0.2431919833590755,0.0,0.6052631578947368,0.1904417851499852,-0.4442493023533688,-0.1641625335525711,-0.4942844048248336,-0.5750947972974244,True,False,False,True,2.49897364883317,0.5921009351419437,0.7186494464431121,ES
20260128_a14,20260128,2026-01-28,14,primary_2023_2026,confirmation_2023_2026_powell,9.4,2026-01-28 14:48:00.126000-05:00,2026-01-28 14:49:00-05:00,-0.1860491262162183,0.0,0.6,-1.08477733911339,-0.9253286228085232,0.690528059490232,-0.8994788517617912,-0.9055971144896046,True,False,False,True,-3.9242967985467296,0.5085391933389356,-0.015084239582578679,ES
20260128_a17,20260128,2026-01-28,17,primary_2023_2026,confirmation_2023_2026_powell,9.4,2026-01-28 14:49:58.356000-05:00,2026-01-28 14:50:00-05:00,0.3568080166409245,0.0,0.3157894736842105,0.9045944127540024,-1.6364762928836525,-1.0218427531577452,1.010948615851805,1.092774269097944,True,False,False,True,-0.7136739940227462,-0.28529735378964083,0.15773162615445568,ES
20260128_a18,20260128,2026-01-28,18,primary_2023_2026,confirmation_2023_2026_powell,9.4,2026-01-28 14:50:57.485999999-05:00,2026-01-28 14:51:00-05:00,-0.6431919833590755,0.0,0.6153846153846154,0.1243137439942784,-0.9740580889931838,-0.8691992512627128,-0.1214516980186137,-0.0994744381181698,True,False,False,True,0.7136739940224114,1.177033127763,1.4292570591477536,ES
20260128_a21,20260128,2026-01-28,21,primary_2023_2026,confirmation_2023_2026_powell,9.4,2026-01-28 14:52:34.966000-05:00,2026-01-28 14:53:00-05:00,-0.0431919833590755,0.0,0.5,-0.8023528196613675,-0.8481946951869066,-0.5281639117235319,-0.366610353126594,-0.4815810450294286,True,False,False,True,-2.140640059549584,0.2996348388314155,-0.07799122951765998,ES
20260128_a23,20260128,2026-01-28,23,primary_2023_2026,confirmation_2023_2026_powell,9.4,2026-01-28 14:54:55.556000-05:00,2026-01-28 14:55:00-05:00,-0.0431919833590755,0.0,0.6451612903225806,-1.1681754207739472,0.3030480655015043,-0.8525857867721475,-0.7869828169508427,-0.7602502932202428,True,False,False,True,-3.210788276098765,0.2996348388314155,-0.292191402285929,ES
20260128_a25,20260128,2026-01-28,25,primary_2023_2026,confirmation_2023_2026_powell,9.4,2026-01-28 14:56:53.266000-05:00,2026-01-28 14:57:00-05:00,-0.0431919833590755,0.0,0.6666666666666666,0.2559714122582588,-0.0294010027780537,-0.3699499656805382,-0.1614484348541224,-0.153534537599442,True,False,False,True,0.0,0.2996348388314155,0.43379163910882196,ES
20260128_a27,20260128,2026-01-28,27,primary_2023_2026,confirmation_2023_2026_powell,9.4,2026-01-28 14:59:24.206000-05:00,2026-01-28 15:00:00-05:00,-0.2098586500257421,0.0,0.6172839506172839,0.0181051631912188,0.7775406047830672,-0.6543725693893963,-0.0962114180295413,-0.0464917941987209,True,False,False,True,5.354752470653285,0.5433565857568556,0.6229094919902504,ES
20260128_a28,20260128,2026-01-28,28,primary_2023_2026,confirmation_2023_2026_powell,9.4,2026-01-28 15:00:43.126000-05:00,2026-01-28 15:01:00-05:00,-0.4431919833590755,0.0,0.62,-0.2911271439991398,0.1959865662769286,-1.2888269620111157,0.4441393555487407,0.4449570645764813,True,False,False,True,2.49790355822657,0.884567031452472,0.9466044496757755,ES
20260128_a29,20260128,2026-01-28,29,primary_2023_2026,confirmation_2023_2026_powell,9.4,2026-01-28 15:02:53.586000-05:00,2026-01-28 15:03:00-05:00,0.0679191277520356,0.0,0.7164179104477612,1.345572977043985,0.3690840746483752,0.1191504127929012,0.6175497508380238,0.6236299774583832,True,False,False,True,-1.070339120132736,0.13715367421445543,0.8264553610018568,ES
20260128_a30,20260128,2026-01-28,30,primary_2023_2026,confirmation_2023_2026_powell,9.4,2026-01-28 15:05:11.306000-05:00,2026-01-28 15:06:00-05:00,-0.0431919833590755,0.0,0.5421686746987951,0.0330392105748326,0.653344036575345,-0.0278009600450861,0.1354781275927377,0.1356827561398141,True,False,False,True,1.0701863918187353,0.2996348388314155,0.3622887347493865,ES
20260128_a31,20260128,2026-01-28,31,primary_2023_2026,confirmation_2023_2026_powell,9.4,2026-01-28 15:07:02.436000-05:00,2026-01-28 15:08:00-05:00,-0.0431919833590755,0.0,0.543859649122807,0.1259621204678932,-0.5920555844802036,-0.6562074073616794,-0.0921029057587903,-0.088184398210071,True,False,False,True,0.0,0.2996348388314155,0.3810127804679004,ES
20260128_a32,20260128,2026-01-28,32,primary_2023_2026,confirmation_2023_2026_powell,9.4,2026-01-28 15:08:25.026000-05:00,2026-01-28 15:09:00-05:00,-0.0431919833590755,0.0,0.6666666666666666,-1.0124300222937594,-0.0930054398881262,-0.6003580137435129,-0.9065899528644238,-0.9016286045932136,True,False,False,True,3.922897288232842,0.2996348388314155,-0.23286383278197412,ES
20260128_a33,20260128,2026-01-28,33,primary_2023_2026,confirmation_2023_2026_powell,9.4,2026-01-28 15:09:46.666000-05:00,2026-01-28 15:10:00-05:00,0.1234746833075911,0.0,0.64,1.0563141273154513,-0.2351559698912178,-0.8070047518205418,0.816130066597902,0.8170551965304697,True,False,False,True,1.782626526638812,0.05591309190597549,0.616334089857224,ES
20260128_a34,20260128,2026-01-28,34,primary_2023_2026,confirmation_2023_2026_powell,9.4,2026-01-28 15:10:49.956000-05:00,2026-01-28 15:11:00-05:00,-0.2098586500257421,0.0,0.5185185185185185,0.2532694212067791,0.719385161957087,-1.833375924674997,0.999930712894376,1.0110196276013552,True,False,False,True,-1.782626526638386,0.5433565857568556,0.8487519445869385,ES
20260128_a35,20260128,2026-01-28,35,primary_2023_2026,confirmation_2023_2026_powell,9.4,2026-01-28 15:12:25.956000-05:00,2026-01-28 15:13:00-05:00,-0.0431919833590755,0.0,0.5476190476190477,-0.0171805191061146,1.4948237426435618,0.104920196408129,-0.0541914689172673,-0.0654514190680579,True,False,False,True,0.0,0.2996348388314155,0.31879978638760664,ES
20260128_a36,20260128,2026-01-28,36,primary_2023_2026,confirmation_2023_2026_powell,9.4,2026-01-28 15:13:10.166000-05:00,2026-01-28 15:14:00-05:00,0.2068080166409245,0.0,0.5,0.1472813686961844,-1.794486780572956,0.0817963992134441,0.1436865832794578,0.1235005642163475,True,False,False,True,-2.4962111211015934,-0.06594778155674474,-0.02234526328921177,ES
20260128_a37,20260128,2026-01-28,37,primary_2023_2026,confirmation_2023_2026_powell,9.4,2026-01-28 15:15:57.165999999-05:00,2026-01-28 15:16:00-05:00,-0.0431919833590755,0.0,0.6373626373626373,0.6336223333509874,-0.1553479972050361,-0.2629708237829507,0.6795151362593354,0.6638319782589731,True,False,False,True,-1.06995738105127,0.2996348388314155,0.698355263467297,ES
20260128_a39,20260128,2026-01-28,39,primary_2023_2026,confirmation_2023_2026_powell,9.4,2026-01-28 15:17:38.515999999-05:00,2026-01-28 15:18:00-05:00,-0.0431919833590755,0.0,0.5094339622641509,-1.124270154963671,-0.8004357786112914,-0.136605698313007,-1.3171758432215068,-1.3286069431854075,True,False,False,True,0.0,0.2996348388314155,-0.3284538289825757,ES
20260318_a00,20260318,2026-03-18,0,primary_2023_2026,confirmation_2023_2026_powell,11.7,2026-03-18 14:38:13.926000-04:00,2026-03-18 14:39:00-04:00,-0.0216521534639487,0.0002255130421708,0.6142857142857143,0.466010908908115,1.4215470271508055,-1.5008746382760263,-0.6485928560839839,-0.6182249836359185,True,False,False,False,-7.076745737355397,0.2681364890083128,0.4412538367853672,ES
20260318_a01,20260318,2026-03-18,1,primary_2023_2026,confirmation_2023_2026_powell,11.7,2026-03-18 14:39:28.676000-04:00,2026-03-18 14:40:00-04:00,0.0783478465360512,0.0002255130421708,0.5666666666666667,1.289467606200212,2.040252951652193,-0.8736387383750602,-0.2562039552399675,-0.2182134393211577,True,False,False,False,-2.9811813151668707,0.12190344085304886,0.6889446069006844,ES
20260318_a02,20260318,2026-03-18,2,primary_2023_2026,confirmation_2023_2026_powell,11.7,2026-03-18 14:40:34.516000-04:00,2026-03-18 14:41:00-04:00,0.0033478465360512,0.0002255130421708,0.5384615384615384,2.116224780770092,0.8150570946456661,0.7441102694144784,0.2295523038929685,0.3005883153487554,True,False,False,False,2.6085822503475233,0.23157822696949687,1.2550019580900347,ES
20260318_a05,20260318,2026-03-18,5,primary_2023_2026,confirmation_2023_2026_powell,11.7,2026-03-18 14:43:53.466000-04:00,2026-03-18 14:44:00-04:00,-0.1216521534639487,0.0002255130421708,0.6666666666666666,-0.255968172488011,0.8649249237337682,,-0.928737436345521,-1.0606066251133544,True,False,False,False,-3.723978741878635,0.41436953716357683,0.25251539107958487,ES
20260318_a07,20260318,2026-03-18,7,primary_2023_2026,confirmation_2023_2026_powell,11.7,2026-03-18 14:45:05.706000-04:00,2026-03-18 14:46:00-04:00,-0.1216521534639487,0.0002255130421708,0.8157894736842105,-0.0250086440900498,2.130785035875805,-1.0847346194308127,-0.9568422070132542,-0.9545115231573036,True,False,False,False,0.0,0.41436953716357683,0.3564244883667017,ES
20260318_a08,20260318,2026-03-18,8,primary_2023_2026,confirmation_2023_2026_powell,11.7,2026-03-18 14:46:18.366000-04:00,2026-03-18 14:47:00-04:00,-0.0105410423528376,0.0002255130421708,0.5384615384615384,1.804247302110144,1.2364151892366528,-0.7025807652543619,0.7670042544051388,0.8661090540429921,True,False,False,False,0.7451009615253836,0.2518883725466168,1.1923065114884115,ES
20260318_a09,20260318,2026-03-18,9,primary_2023_2026,confirmation_2023_2026_powell,11.7,2026-03-18 14:48:51.886000-04:00,2026-03-18 14:49:00-04:00,-0.335937867749663,0.0002255130421708,0.6,-0.161002925510804,1.333598771983259,0.7882365929663651,-1.4130982041636688,-1.439613727811256,True,False,False,False,-3.7257824574069565,0.727726068924857,0.6205437274727021,ES
20260318_a10,20260318,2026-03-18,10,primary_2023_2026,confirmation_2023_2026_powell,11.7,2026-03-18 14:49:56.685999999-04:00,2026-03-18 14:50:00-04:00,-0.3216521534639488,0.0002255130421708,0.5945945945945946,1.1962597970815487,0.2378629978965367,-0.2788771220389718,-0.9444358774419652,-0.8894061055116569,True,False,False,False,-5.964363108295986,0.7068356334741053,1.2737734890071573,ES
20260318_a11,20260318,2026-03-18,11,primary_2023_2026,confirmation_2023_2026_powell,11.7,2026-03-18 14:51:27.826000-04:00,2026-03-18 14:52:00-04:00,-0.2216521534639488,0.0002255130421708,0.5227272727272727,-0.1866460903781265,1.2408225256334238,0.1342187334722558,-1.4558711352583855,-1.4637995341800416,True,False,False,False,-8.20528167772671,0.5606025853188411,0.4037012388356243,ES
20260318_a12,20260318,2026-03-18,12,primary_2023_2026,confirmation_2023_2026_powell,11.7,2026-03-18 14:52:34.846000-04:00,2026-03-18 14:53:00-04:00,-0.1216521534639487,0.0002255130421708,0.5681818181818182,0.5971532735770949,0.9871696683391408,-0.821330047731781,0.024568998935516,0.0260312717399438,True,False,False,False,-2.9852974324258366,0.41436953716357683,0.7491590580625023,ES
20260318_a13,20260318,2026-03-18,13,primary_2023_2026,confirmation_2023_2026_powell,11.7,2026-03-18 14:53:35.946000-04:00,2026-03-18 14:54:00-04:00,-0.3216521534639488,0.0002255130421708,0.3333333333333333,-0.4633985776324494,1.3702028891839444,-0.6601573243848927,-1.273468111264216,-1.2330097609908135,True,False,False,False,-0.7464636289064428,0.7068356334741053,0.47041940895595913,ES
20260318_a14,20260318,2026-03-18,14,primary_2023_2026,confirmation_2023_2026_powell,11.7,2026-03-18 14:55:57.945999999-04:00,2026-03-18 14:56:00-04:00,-0.1216521534639487,0.0002255130421708,0.4933333333333333,2.074605249951782,1.8634897439486569,-1.1283686801451134,1.2643072211775752,1.2685608942009747,True,False,False,False,-2.239056620169219,0.41436953716357683,1.5653683417848478,ES
20260318_a15,20260318,2026-03-18,15,primary_2023_2026,confirmation_2023_2026_powell,11.7,2026-03-18 14:57:24.035999999-04:00,2026-03-18 14:58:00-04:00,-0.2216521534639488,0.0002255130421708,0.5365853658536586,0.0761201316845757,1.817274605035775,-0.943375405890966,-0.86501050624975,-0.8472911282050907,True,False,False,False,-1.4929272598926489,0.5606025853188411,0.5883933677193205,ES
20260318_a16,20260318,2026-03-18,16,primary_2023_2026,confirmation_2023_2026_powell,11.7,2026-03-18 14:58:28.255999999-04:00,2026-03-18 14:59:00-04:00,-0.1216521534639487,0.0002255130421708,0.6153846153846154,0.8181463948467294,1.4968727280403689,-0.7344357277310426,-0.0098892439425424,-0.034614831779587,True,False,False,False,-2.6132566926761167,0.41436953716357683,0.8477767308017317,ES
20260318_a17,20260318,2026-03-18,17,primary_2023_2026,confirmation_2023_2026_powell,11.7,2026-03-18 14:59:19.106000-04:00,2026-03-18 15:00:00-04:00,-0.1216521534639487,0.0002255130421708,0.5714285714285714,0.7902770441032567,2.790514397965324,0.0802118793268904,-0.888358941862748,-0.8859269466880408,True,False,False,False,4.479617814195751,0.41436953716357683,0.7411202444179996,ES
20260318_a18,20260318,2026-03-18,18,primary_2023_2026,confirmation_2023_2026_powell,11.7,2026-03-18 15:00:24.996000-04:00,2026-03-18 15:01:00-04:00,-0.1216521534639487,0.0002255130421708,0.6,1.1615818748711475,2.075994532751253,-0.932355872062934,-0.9414397537827712,-0.8830830496241888,True,False,False,False,-1.8663332205500798,0.41436953716357683,0.9073280297784738,ES
20260318_a19,20260318,2026-03-18,19,primary_2023_2026,confirmation_2023_2026_powell,11.7,2026-03-18 15:02:01.475999999-04:00,2026-03-18 15:03:00-04:00,0.2783478465360512,0.0002255130421708,0.4736842105263157,2.4085441430539163,1.141912348592505,0.198308132058887,1.0721753469598294,1.0998204834366283,True,False,False,False,4.104094824885261,-0.1705626554574794,0.998013007325446,ES
20260318_a21,20260318,2026-03-18,21,primary_2023_2026,confirmation_2023_2026_powell,11.7,2026-03-18 15:03:49.806000-04:00,2026-03-18 15:04:00-04:00,-0.3034703352821306,0.0002255130421708,0.6486486486486487,2.253542601028097,1.3014175175065683,0.4826141021744581,0.8321030341341779,0.898077464230482,True,False,False,False,6.712160448892628,0.6802478065367844,1.9208989740890177,ES
20260318_a23,20260318,2026-03-18,23,primary_2023_2026,confirmation_2023_2026_powell,11.7,2026-03-18 15:04:56.265999999-04:00,2026-03-18 15:05:00-04:00,-0.1216521534639487,0.0002255130421708,0.7058823529411765,0.5640283267450878,1.0765509342036712,-1.412184661744785,0.0671427598215917,0.0758528977102442,True,False,False,False,-0.7456009547147796,0.41436953716357683,0.7383696368875092,ES
20260318_a24,20260318,2026-03-18,24,primary_2023_2026,confirmation_2023_2026_powell,11.7,2026-03-18 15:06:17.735999999-04:00,2026-03-18 15:07:00-04:00,-0.1216521534639487,0.0002255130421708,0.6206896551724138,0.7003079668554634,1.2152173365524543,-0.841745916758561,-0.2926606985071507,-0.2868390047804279,True,False,False,False,-7.082813291196032,0.41436953716357683,0.7630513879385509,ES
20260318_a25,20260318,2026-03-18,25,primary_2023_2026,confirmation_2023_2026_powell,11.7,2026-03-18 15:07:15.266000-04:00,2026-03-18 15:08:00-04:00,-0.1216521534639487,0.0002255130421708,0.5,0.836816773100058,0.9716900029868024,-1.0329507145192085,1.1798641031688388,1.2586506108603863,True,False,False,False,4.101340450099625,0.41436953716357683,0.983397354849551,ES
20260318_a26,20260318,2026-03-18,26,primary_2023_2026,confirmation_2023_2026_powell,11.7,2026-03-18 15:10:09.876000-04:00,2026-03-18 15:11:00-04:00,-0.0105410423528376,0.0002255130421708,0.5957446808510638,0.8430315921124172,1.3322923183304292,-0.0317689843454879,-0.1290992185304203,-0.0730265323126697,True,False,False,False,-4.103941707011225,0.2518883725466168,0.6517322763570781,ES
20260318_a27,20260318,2026-03-18,27,primary_2023_2026,confirmation_2023_2026_powell,11.7,2026-03-18 15:11:44.816000-04:00,2026-03-18 15:12:00-04:00,-0.1216521534639487,0.0002255130421708,0.4705882352941176,0.2998025163460808,2.173321024924113,1.0750668369463068,-0.8357028408163588,-0.8168065077345367,True,False,False,False,0.0,0.41436953716357683,0.5197047901054835,ES
20260318_a28,20260318,2026-03-18,28,primary_2023_2026,confirmation_2023_2026_powell,11.7,2026-03-18 15:13:30.866000-04:00,2026-03-18 15:14:00-04:00,0.1783478465360512,0.0002255130421708,0.6037735849056604,2.4440066782706533,0.8597731558220216,0.4321037708158387,0.7465157298722542,0.7077357774970814,True,False,False,False,0.3730438513489391,-0.024329607302215284,1.1550282841977415,ES
20260318_a29,20260318,2026-03-18,29,primary_2023_2026,confirmation_2023_2026_powell,11.7,2026-03-18 15:14:21.066000-04:00,2026-03-18 15:15:00-04:00,0.1283478465360512,0.0002255130421708,0.625,0.8662790794583398,2.372728206415462,-0.2006103001511638,-0.2597135363171806,-0.252273018071624,True,False,False,False,0.0,0.0487869167754168,0.40500243119508056,ES
20260318_a31,20260318,2026-03-18,31,primary_2023_2026,confirmation_2023_2026_powell,11.7,2026-03-18 15:15:58.486000-04:00,2026-03-18 15:16:00-04:00,-0.1216521534639487,0.0002255130421708,0.48,0.6520811155407639,1.1772222520117164,-0.7797373373740786,-0.4447034804296364,-0.343262797961798,True,False,False,False,-5.970372206153859,0.41436953716357683,0.7245007024534119,ES
20260318_a32,20260318,2026-03-18,32,primary_2023_2026,confirmation_2023_2026_powell,11.7,2026-03-18 15:17:28.286000-04:00,2026-03-18 15:18:00-04:00,-0.2125612443730397,0.0002255130421708,0.6511627906976745,1.9809678399122248,1.2449468226662253,-0.7086902518086658,0.8929664361582516,0.8922827879909384,True,False,False,False,1.8661242519680838,0.5473086718501807,1.641807771040702,ES
20260318_a33,20260318,2026-03-18,33,primary_2023_2026,confirmation_2023_2026_powell,11.7,2026-03-18 15:18:47.985999999-04:00,2026-03-18 15:19:00-04:00,-0.1216521534639487,0.0002255130421708,0.575,0.7323268536311022,3.0782827180217835,-0.0647670646790136,0.032148278742112,0.0391406381307516,True,False,False,False,-4.852647587713781,0.41436953716357683,0.8125383310349321,ES
20260429_a00,20260429,2026-04-29,0,primary_2023_2026,confirmation_2023_2026_powell,12.2,2026-04-29 14:40:59.045999999-04:00,2026-04-29 14:41:00-04:00,-0.2675946608207484,-0.0003395970115462,0.4745762711864407,0.0249882442103477,0.6734805329323152,-0.946214182979855,-1.115532841883058,-1.1233279149247313,True,False,False,False,-2.7986706497174043,0.6277857142256456,0.6185508046527499,ES
20260429_a01,20260429,2026-04-29,1,primary_2023_2026,confirmation_2023_2026_powell,12.2,2026-04-29 14:42:07.875999999-04:00,2026-04-29 14:43:00-04:00,-0.2675946608207484,-0.0003395970115462,0.5789473684210527,0.1562911322777457,0.500938045901645,-0.2784955694910204,-0.9019072308937068,-0.8894823998478457,True,False,False,False,-0.6996431822628916,0.6277857142256456,0.7021289981428469,ES
20260429_a02,20260429,2026-04-29,2,primary_2023_2026,confirmation_2023_2026_powell,12.2,2026-04-29 14:44:08.236000-04:00,2026-04-29 14:45:00-04:00,-0.1342613274874151,-0.0003395970115462,0.631578947368421,0.5620593729820624,-0.8635680049945245,0.3376796088279717,-0.9346343971306732,-0.9404642603963888,True,False,False,False,3.5006651621236218,0.4328083166852935,0.6526529938483999,ES
20260429_a03,20260429,2026-04-29,3,primary_2023_2026,confirmation_2023_2026_powell,12.2,2026-04-29 14:46:12.366000-04:00,2026-04-29 14:47:00-04:00,-0.2675946608207484,-0.0003395970115462,0.5972222222222222,0.4074907264346177,0.763935084713118,-0.2589140802753715,0.9326990758996164,0.8880660149494078,True,False,False,False,6.298771947761899,0.6277857142256456,1.014207790805092,ES
20260429_a05,20260429,2026-04-29,5,primary_2023_2026,confirmation_2023_2026_powell,12.2,2026-04-29 14:47:56.086000-04:00,2026-04-29 14:48:00-04:00,-0.2675946608207484,-0.0003395970115462,0.7272727272727273,1.2354971434838429,1.351612229045322,-1.7630472052804744,-0.2028079124973047,-0.1414022297136177,True,False,False,False,0.0,0.6277857142256456,1.2762940643593756,ES
20260429_a06,20260429,2026-04-29,6,primary_2023_2026,confirmation_2023_2026_powell,12.2,2026-04-29 14:48:43.186000-04:00,2026-04-29 14:49:00-04:00,-0.2675946608207484,-0.0003395970115462,0.6875,1.0759392411019424,1.3260628852956358,1.5090087956471454,0.5962958209440181,0.6717486059304281,True,False,False,False,1.7488938291132357,0.6277857142256456,1.2877220799853992,ES
20260429_a08,20260429,2026-04-29,8,primary_2023_2026,confirmation_2023_2026_powell,12.2,2026-04-29 14:51:30.935999999-04:00,2026-04-29 14:52:00-04:00,-0.2120391052651928,-0.0003395970115462,0.5375,-0.2819105696139171,0.6563430240181269,0.4513485238097202,-1.1923508488326406,-1.193934311997081,True,False,False,False,2.0973887586941364,0.5465451319171655,0.3708718658590874,ES
20260429_a10,20260429,2026-04-29,10,primary_2023_2026,confirmation_2023_2026_powell,12.2,2026-04-29 14:53:36.146000-04:00,2026-04-29 14:54:00-04:00,-0.2675946608207484,-0.0003395970115462,0.627906976744186,1.931637080702772,1.4847074775320217,-0.9766801251393488,0.9177211786752584,0.8907718276892851,True,False,False,False,-2.0979021055970226,0.6277857142256456,1.7181198217856233,ES
20260429_a11,20260429,2026-04-29,11,primary_2023_2026,confirmation_2023_2026_powell,12.2,2026-04-29 14:54:56.856000-04:00,2026-04-29 14:55:00-04:00,-0.2675946608207484,-0.0003395970115462,0.5161290322580645,1.8065081885217216,0.583007312600447,-0.5905302564050723,0.4994953663813408,0.5017443887614653,True,False,False,False,5.2439302710177085,0.6277857142256456,1.6155632223031502,ES
20260429_a12,20260429,2026-04-29,12,primary_2023_2026,confirmation_2023_2026_powell,12.2,2026-04-29 14:56:45.256000-04:00,2026-04-29 14:57:00-04:00,-0.2675946608207484,-0.0003395970115462,0.54,-0.1774553710660769,-0.0625111011495059,-0.3573512009062547,-0.9721700352600796,-0.9525203672757472,True,False,False,False,3.1448189367628654,0.6277857142256456,0.5401425062145693,ES
20260429_a13,20260429,2026-04-29,13,primary_2023_2026,confirmation_2023_2026_powell,12.2,2026-04-29 14:58:08.916000-04:00,2026-04-29 14:59:00-04:00,-0.3300946608207484,-0.0003395970115462,0.6363636363636364,-0.9652945248399432,0.1802226513491865,0.1879096349162799,-1.083708418430102,-1.0831133164661966,True,False,False,False,1.39698948992563,0.7191813693226856,0.2731541971299745,ES
20260429_a14,20260429,2026-04-29,14,primary_2023_2026,confirmation_2023_2026_powell,12.2,2026-04-29 14:59:13.725999999-04:00,2026-04-29 15:00:00-04:00,-0.2675946608207484,-0.0003395970115462,0.4864864864864865,1.7099077860002874,0.9952386266758712,-0.7606627411019559,0.948962348276814,1.0050646631768088,True,False,False,False,0.0,0.6277857142256456,1.6188180352237647,ES
20260429_a15,20260429,2026-04-29,15,primary_2023_2026,confirmation_2023_2026_powell,12.2,2026-04-29 15:00:40.146000-04:00,2026-04-29 15:01:00-04:00,-0.2675946608207484,-0.0003395970115462,0.5652173913043478,0.5907720993850191,1.8479215071523865,-0.0247873894913525,-0.0239899324228361,-0.0041109174670911,True,False,False,False,0.34921688118014654,0.6277857142256456,0.996942570377054,ES
20260429_a16,20260429,2026-04-29,16,primary_2023_2026,confirmation_2023_2026_powell,12.2,2026-04-29 15:02:01.996000-04:00,2026-04-29 15:03:00-04:00,-0.4104518036778913,-0.0003395970115462,0.8846153846153846,0.4813869405736022,-0.2212925840797423,0.8062568104149447,-1.2560018172054568,-1.2508156050563903,True,False,False,False,1.3971358737355126,0.8366900687331658,1.0653303898005868,ES
20260429_a17,20260429,2026-04-29,17,primary_2023_2026,confirmation_2023_2026_powell,12.2,2026-04-29 15:03:18.836000-04:00,2026-04-29 15:04:00-04:00,-0.1675946608207484,-0.0003395970115462,0.5789473684210527,-0.468531477016411,0.4831320947075067,-0.5821216863089234,-0.7568517859103879,-0.7203678255352687,True,False,False,False,-1.3971358737359485,0.4815526660703815,0.25303016370264386,ES
20260429_a18,20260429,2026-04-29,18,primary_2023_2026,confirmation_2023_2026_powell,12.2,2026-04-29 15:04:17.146000-04:00,2026-04-29 15:05:00-04:00,-0.4104518036778913,-0.0003395970115462,0.5882352941176471,2.4580053813938685,0.4287465847374407,0.5562885597059148,1.193268743721742,1.0445324769691402,True,False,False,False,-5.240998704896922,0.8366900687331658,2.2416875911709058,ES
20260429_a19,20260429,2026-04-29,19,primary_2023_2026,confirmation_2023_2026_powell,12.2,2026-04-29 15:05:53.536000-04:00,2026-04-29 15:06:00-04:00,-0.2087711314089837,-0.0003395970115462,0.6101694915254238,1.9244268602366708,0.302946834231536,0.4050456819916818,0.9548839841271072,0.9778940786090494,True,False,False,False,4.193165202259399,0.5417662741343138,1.6155976091703983,ES
20260429_a21,20260429,2026-04-29,21,primary_2023_2026,confirmation_2023_2026_powell,12.2,2026-04-29 15:07:11.156000-04:00,2026-04-29 15:08:00-04:00,0.0181196248935372,-0.0003395970115462,0.5357142857142857,1.7612564651003115,0.0684557058788249,-1.4996201831456708,0.9105922485462148,0.9293069690448088,True,False,False,False,0.6986411432610068,0.2099770052106055,1.1374728113144756,ES
20260429_a23,20260429,2026-04-29,23,primary_2023_2026,confirmation_2023_2026_powell,12.2,2026-04-29 15:08:55.476000-04:00,2026-04-29 15:09:00-04:00,-0.2675946608207484,-0.0003395970115462,0.4901960784313725,-0.0757743195906986,0.08533738363979,0.6210678533907826,-1.249391781799532,-1.2529291563727774,True,False,False,False,1.0478702047702078,0.6277857142256456,0.5576226154844792,ES
20260429_a24,20260429,2026-04-29,24,primary_2023_2026,confirmation_2023_2026_powell,12.2,2026-04-29 15:10:57.855999999-04:00,2026-04-29 15:11:00-04:00,-0.3264181902325132,-0.0003395970115462,0.6506024096385542,0.8863979698710449,0.3109706200994976,-0.076603851820806,-0.4687190970170047,-0.4451028347538108,True,False,False,False,1.3966968143107508,0.7138051543169774,1.189471047155279,ES
20260429_a25,20260429,2026-04-29,25,primary_2023_2026,confirmation_2023_2026_powell,12.2,2026-04-29 15:11:40.546000-04:00,2026-04-29 15:12:00-04:00,-0.4675946608207484,-0.0003395970115462,0.4615384615384615,1.7714697952595682,0.0859952686752305,2.1036587246715803,0.6934328451164843,0.7579258595480626,True,False,False,False,2.4437501212572976,0.9202518105361738,1.970755817292595,ES
20260429_a26,20260429,2026-04-29,26,primary_2023_2026,confirmation_2023_2026_powell,12.2,2026-04-29 15:13:21.746000-04:00,2026-04-29 15:14:00-04:00,-0.2675946608207484,-0.0003395970115462,0.7111111111111111,1.9566799717685968,1.153472204474033,-1.75560718470808,1.1545110815464494,1.0994950879173673,True,False,False,False,3.1405391516963665,0.6277857142256456,1.7549836780506318,ES
20260429_a28,20260429,2026-04-29,28,primary_2023_2026,confirmation_2023_2026_powell,12.2,2026-04-29 15:14:42.046000-04:00,2026-04-29 15:15:00-04:00,0.1074053391792515,-0.0003395970115462,0.7391304347826086,1.2472776153926337,0.5501465803387688,-1.3913380628882088,0.1078330135672476,0.1695107179604227,True,False,False,False,0.0,0.0794117836434054,0.6573135162847464,ES
20260429_a29,20260429,2026-04-29,29,primary_2023_2026,confirmation_2023_2026_powell,12.2,2026-04-29 15:16:40.635999999-04:00,2026-04-29 15:17:00-04:00,-0.2199756132017008,-0.0003395970115462,0.6388888888888888,-0.2717345708271574,1.264738950042752,-0.274908943265429,-0.8987971210250816,-0.9244800027636833,True,False,False,False,0.0,0.5581509293898056,0.42082940085415843,ES
20260429_a31,20260429,2026-04-29,31,primary_2023_2026,confirmation_2023_2026_powell,12.2,2026-04-29 15:18:58.575999999-04:00,2026-04-29 15:19:00-04:00,-0.2675946608207484,-0.0003395970115462,0.5714285714285714,0.4313260977701637,0.616132868498527,0.8363540309625797,-0.3381375475009854,-0.3011957211228975,True,False,False,False,1.3955760262684442,0.6277857142256456,0.8896088692116373,ES
20260429_a32,20260429,2026-04-29,32,primary_2023_2026,confirmation_2023_2026_powell,12.2,2026-04-29 15:20:36.336000-04:00,2026-04-29 15:21:00-04:00,-0.0857764790025666,-0.0003395970115462,0.5098039215686274,0.3621618811864319,0.8844309102212906,-0.0890228447623426,-0.9998127538219176,-0.9946204332073524,True,False,False,False,-0.3489731465516616,0.3619074448524382,0.4681450007579736,ES
20260429_a33,20260429,2026-04-29,33,primary_2023_2026,confirmation_2023_2026_powell,12.2,2026-04-29 15:23:18.726000-04:00,2026-04-29 15:24:00-04:00,-0.2199756132017008,-0.0003395970115462,0.5510204081632653,0.8715181751622512,0.7790001132109449,-0.3788446664191421,-0.386305464756857,-0.380654547464044,True,False,False,False,2.442641554497691,0.5581509293898056,1.0047249971543235,ES
20260429_a34,20260429,2026-04-29,34,primary_2023_2026,confirmation_2023_2026_powell,12.2,2026-04-29 15:24:35.105999999-04:00,2026-04-29 15:25:00-04:00,-0.2675946608207484,-0.0003395970115462,0.6,0.1514378307885617,1.1978202102663609,0.347754346799397,-0.7060556321470822,-0.7816631399181956,True,False,False,False,-1.046736798988212,0.6277857142256456,0.7207850305619432,ES
20260429_a35,20260429,2026-04-29,35,primary_2023_2026,confirmation_2023_2026_powell,12.2,2026-04-29 15:25:55.064000-04:00,2026-04-29 15:26:00-04:00,-0.1766855699116575,-0.0003395970115462,0.5319148936170213,0.7463005317998886,0.2853749880781632,-1.4407889888894525,-0.2482548039222349,-0.2278772485121751,True,False,False,False,-0.34893661569867074,0.4948465795390419,0.8855848565379959,ES
