date,ret
2006-05-08,0.0
2006-05-09,0.0
2006-05-10,0.0
2006-05-11,0.0
2006-05-12,0.0
2006-05-15,0.0
2006-05-16,0.0
2006-05-17,0.0
2006-05-18,0.0
2006-05-19,0.0
2006-05-22,0.0
2006-05-23,0.0
2006-05-24,0.0
2006-05-25,0.0
2006-05-26,0.0022759107307342777
2006-05-30,-0.0034760103479041394
2006-05-31,-0.01239617474643066
2006-06-01,-0.0012112936976521114
2006-06-02,0.0
2006-06-05,0.0
2006-06-06,0.0
2006-06-07,0.0
2006-06-08,0.0
2006-06-09,0.0
2006-06-12,0.0
2006-06-13,0.0
2006-06-14,0.0
2006-06-15,0.0
2006-06-16,0.0
2006-06-19,0.0
2006-06-20,0.0
2006-06-21,0.0
2006-06-22,0.0
2006-06-23,0.0
2006-06-26,0.0
2006-06-27,0.0
2006-06-28,-0.01420608921893076
2006-06-29,0.016550158272444132
2006-06-30,0.013978792905647061
2006-07-03,-0.0011875796927354818
2006-07-05,0.0
2006-07-06,0.0
2006-07-07,0.0
2006-07-10,0.0
2006-07-11,0.0
2006-07-12,0.0
2006-07-13,0.0
2006-07-14,0.0
2006-07-17,0.0
2006-07-18,0.0
2006-07-19,0.0
2006-07-20,0.0
2006-07-21,0.0
2006-07-24,0.0
2006-07-25,0.0
2006-07-26,0.0
2006-07-27,-0.0016316835658119987
2006-07-28,0.010611432090636199
2006-07-31,0.006317654140425036
2006-08-01,-0.0011827367900779722
2006-08-02,0.0
2006-08-03,0.0
2006-08-04,0.0
2006-08-07,0.0
2006-08-08,0.0
2006-08-09,0.0
2006-08-10,0.0
2006-08-11,0.0
2006-08-14,0.0
2006-08-15,0.0
2006-08-16,0.0
2006-08-17,0.0
2006-08-18,0.0
2006-08-21,0.0
2006-08-22,0.0
2006-08-23,0.0
2006-08-24,0.0
2006-08-25,0.0
2006-08-28,0.0
2006-08-29,0.0022083447478412413
2006-08-30,0.004860338277783646
2006-08-31,0.005336439310595557
2006-09-01,-0.0011952188196411335
2006-09-05,0.0
2006-09-06,0.0
2006-09-07,0.0
2006-09-08,0.0
2006-09-11,0.0
2006-09-12,0.0
2006-09-13,0.0
2006-09-14,0.0
2006-09-15,0.0
2006-09-18,0.0
2006-09-19,0.0
2006-09-20,0.0
2006-09-21,0.0
2006-09-22,0.0
2006-09-25,0.0
2006-09-26,0.0
2006-09-27,-0.002156563623815576
2006-09-28,-0.0038425283146925103
2006-09-29,-0.004330156603679784
2006-10-02,-0.0012039109385953398
2006-10-03,0.0
2006-10-04,0.0
2006-10-05,0.0
2006-10-06,0.0
2006-10-09,0.0
2006-10-10,0.0
2006-10-11,0.0
2006-10-12,0.0
2006-10-13,0.0
2006-10-16,0.0
2006-10-17,0.0
2006-10-18,0.0
2006-10-19,0.0
2006-10-20,0.0
2006-10-23,0.0
2006-10-24,0.0
2006-10-25,0.0
2006-10-26,0.0
2006-10-27,0.011875239035345913
2006-10-30,0.001919259745711341
2006-10-31,0.017850401592059206
2006-11-01,-0.0011842148757572621
2006-11-02,0.0
2006-11-03,0.0
2006-11-06,0.0
2006-11-07,0.0
2006-11-08,0.0
2006-11-09,0.0
2006-11-10,0.0
2006-11-13,0.0
2006-11-14,0.0
2006-11-15,0.0
2006-11-16,0.0
2006-11-17,0.0
2006-11-20,0.0
2006-11-21,0.0
2006-11-22,0.0
2006-11-24,0.0
2006-11-27,0.0
2006-11-28,0.005985163785932147
2006-11-29,-0.0047873313604283995
2006-11-30,0.021046546904836278
2006-12-01,-0.0011814448193477277
2006-12-04,0.0
2006-12-05,0.0
2006-12-06,0.0
2006-12-07,0.0
2006-12-08,0.0
2006-12-11,0.0
2006-12-12,0.0
2006-12-13,0.0
2006-12-14,0.0
2006-12-15,0.0
2006-12-18,0.0
2006-12-19,0.0
2006-12-20,0.0
2006-12-21,0.0
2006-12-22,0.0
2006-12-26,0.0
2006-12-27,-0.0091985567463128
2006-12-28,-0.007251099038179784
2006-12-29,-0.0015088733748998347
2007-01-03,-0.0009061705490673527
2007-01-04,0.0
2007-01-05,0.0
2007-01-08,0.0
2007-01-09,0.0
2007-01-10,0.0
2007-01-11,0.0
2007-01-12,0.0
2007-01-16,0.0
2007-01-17,0.0
2007-01-18,0.0
2007-01-19,0.0
2007-01-22,0.0
2007-01-23,0.0
2007-01-24,0.0
2007-01-25,0.0
2007-01-26,0.0
2007-01-29,-0.004131666881721639
2007-01-30,0.003909006565541765
2007-01-31,0.014666114696317204
2007-02-01,-0.0011869882185879886
2007-02-02,0.0
2007-02-05,0.0
2007-02-06,0.0
2007-02-07,0.0
2007-02-08,0.0
2007-02-09,0.0
2007-02-12,0.0
2007-02-13,0.0
2007-02-14,0.0
2007-02-15,0.0
2007-02-16,0.0
2007-02-20,0.0
2007-02-21,0.0
2007-02-22,0.0
2007-02-23,0.0
2007-02-26,0.011353732607750943
2007-02-27,0.033699141296286414
2007-02-28,-0.013876287309062325
2007-03-01,-0.0012126372306311853
2007-03-02,0.0
2007-03-05,0.0
2007-03-06,0.0
2007-03-07,0.0
2007-03-08,0.0
2007-03-09,0.0
2007-03-12,0.0
2007-03-13,0.0
2007-03-14,0.0
2007-03-15,0.0
2007-03-16,0.0
2007-03-19,0.0
2007-03-20,0.0
2007-03-21,0.0
2007-03-22,0.0
2007-03-23,0.0
2007-03-26,0.0005670118319362657
2007-03-27,0.00034366391387379437
2007-03-28,0.0010816684440389116
2007-03-29,-0.002653044619967104
2007-03-30,-0.0020962063543472514
2007-04-02,-0.0005771649292826786
2007-04-03,0.0
2007-04-04,0.0
2007-04-05,0.0
2007-04-09,0.0
2007-04-10,0.00041724274703055906
2007-04-11,-0.0004810857455084165
2007-04-12,0.00037585379117801096
2007-04-13,0.00037908540354232107
2007-04-16,0.0007738287408074429
2007-04-17,0.0008520487677005644
2007-04-18,5.780440839990869e-05
2007-04-19,-0.000532319135040908
2007-04-20,0.000725279026543758
2007-04-23,7.559359012063813e-05
2007-04-24,0.001359974533070645
2007-04-25,-0.003205401968856368
2007-04-26,-0.008312017493994342
2007-04-27,0.00012408563866325855
2007-04-30,0.012141764873912326
2007-05-01,-0.0009571006413011485
2007-05-02,0.0006354187299349104
2007-05-03,3.126278917605414e-05
2007-05-04,0.000670702529705044
2007-05-07,0.000266182427788034
2007-05-08,-0.000318585617276458
2007-05-09,-0.00013314237243121021
2007-05-10,-0.0010215037795641357
2007-05-11,0.0005745776382551766
2007-05-14,-0.0007680624930081273
2007-05-15,-0.0007497270182938303
2007-05-16,0.0003360327374356868
2007-05-17,-0.0012716647429641857
2007-05-18,-0.00012110335982538277
2007-05-21,0.0005900539680943126
2007-05-22,-0.0004249117747854188
2007-05-23,-0.0004401351859063622
2007-05-24,0.002061762986312323
2007-05-25,-0.0016522355417815235
2007-05-29,-0.006337818485974612
2007-05-30,0.001461706955755154
2007-05-31,-0.0005774484335797322
2007-06-01,-0.0013586708927514994
2007-06-04,0.0002331541682034246
2007-06-05,-0.0010727884297751765
2007-06-06,-0.0015841340406964543
2007-06-07,-0.004377221177002483
2007-06-08,0.0024945502133558394
2007-06-11,-0.0011449878551394199
2007-06-12,-0.0030739426819558573
2007-06-13,0.002745490964600217
2007-06-14,0.0003930203405524432
2007-06-15,0.0022229786301709697
2007-06-18,-0.00032750979260371635
2007-06-19,0.0015057163989049948
2007-06-20,-0.0028771598515417995
2007-06-21,0.0006782888852872855
2007-06-22,-0.0008865362992669712
2007-06-25,0.0013508102655515493
2007-06-26,0.0010926522357584732
2007-06-27,8.226601677077548e-05
2007-06-28,-0.0013558038094541242
2007-06-29,0.010527196950534048
2007-07-02,0.001687220917528934
2007-07-03,0.0003636155386114491
2007-07-05,-0.0005357577231920796
2007-07-06,0.0009053563892023375
2007-07-09,0.0006876623621940728
2007-07-10,-0.0007404469630798518
2007-07-11,0.00020804864739356468
2007-07-12,0.0019454631515924436
2007-07-13,0.0011466556368230562
2007-07-16,-0.00034947361321212295
2007-07-17,-0.0004554455634346333
2007-07-18,0.0004344644102155087
2007-07-19,0.0006273764043787319
2007-07-20,-0.0006769006730801185
2007-07-23,0.00024417253307452335
2007-07-24,-0.0032143396162725314
2007-07-25,-0.00011484265820174607
2007-07-26,0.004536988576601993
2007-07-27,0.006535671680176419
2007-07-30,-0.009156196248798716
2007-07-31,0.014650578575342549
2007-08-01,-0.0010427440314058696
2007-08-02,0.0012230346924976265
2007-08-03,-0.0033865222294001403
2007-08-06,0.002141750639470388
2007-08-07,0.00116203200603262
2007-08-08,0.0012680859529659036
2007-08-09,-0.004476573777312007
2007-08-10,-0.0008513972919563807
2007-08-13,0.0005568615970235823
2007-08-14,-0.0032504122383842675
2007-08-15,-0.0042219163305646686
2007-08-16,0.0016687088912007788
2007-08-17,0.0018251414444901354
2007-08-20,-0.0008225688348904485
2007-08-21,0.000157045270136848
2007-08-22,0.002970710153096452
2007-08-23,0.00036281878426625214
2007-08-24,0.0026901314582408547
2007-08-27,-0.0018840731746007874
2007-08-28,-0.007321143509677135
2007-08-29,-0.005860213068037248
2007-08-30,0.01294182622443321
2007-08-31,0.0032595132755950545
2007-09-04,0.0019551671301127962
2007-09-05,-0.0008414201561405935
2007-09-06,0.0006425868642929053
2007-09-07,-0.0014910299989954626
2007-09-10,2.710215892700812e-05
2007-09-11,0.0032928091543336997
2007-09-12,0.0009317342610007477
2007-09-13,-0.0006445723214113879
2007-09-14,-0.000532994434682758
2007-09-17,-0.0005732892114395685
2007-09-18,0.00503186095008288
2007-09-19,0.0011429565462221865
2007-09-20,-0.0003997284666469462
2007-09-21,0.0009230964667098333
2007-09-24,0.0013111984305751209
2007-09-25,0.0016295150369968513
2007-09-26,-0.0010970777709601775
2007-09-27,0.009711502750532439
2007-09-28,0.0018061508905996106
2007-10-01,0.0007416522680667205
2007-10-02,-0.0029411000404845743
2007-10-03,-0.0014246293403690137
2007-10-04,0.0006698135670001542
2007-10-05,0.0035038133273606075
2007-10-08,-0.0022458351668576443
2007-10-09,0.002870083910021914
2007-10-10,0.0006747817171711758
2007-10-11,0.00031757691397495716
2007-10-12,0.0033412441489120066
2007-10-15,-0.00013895799726426825
2007-10-16,-0.0020484765522368604
2007-10-17,-0.00040445488280901507
2007-10-18,0.0022614321630338484
2007-10-19,-0.00653894749504158
2007-10-22,-0.0002770040819628087
2007-10-23,0.0032457888392875985
2007-10-24,-0.0011046267181097748
2007-10-25,0.003182650092439879
2007-10-26,0.010233586641861988
2007-10-29,0.0031580522074057178
2007-10-30,-0.0013582687284156784
2007-10-31,-0.007951970466421661
2007-11-01,-0.0033873050475993383
2007-11-02,0.006655054725581612
2007-11-05,-0.0026311238519260718
2007-11-06,0.006239965396677427
2007-11-07,-0.0029880560846992556
2007-11-08,-0.0006028361853516336
2007-11-09,-0.0013856704565040157
2007-11-12,-0.007867439537494077
2007-11-13,0.004031230660930356
2007-11-14,0.0027895766111190245
2007-11-15,-0.003958722392606514
2007-11-16,0.0013196771032688676
2007-11-19,-0.002250597466769062
2007-11-20,0.006497832390648747
2007-11-21,-0.002862689521485258
2007-11-23,0.005581069326606074
2007-11-26,-0.04200879239354292
2007-11-27,0.023806179229618023
2007-11-28,0.007543731435119039
2007-11-29,0.007075091058208621
2007-11-30,0.003852509761628206
2007-12-03,0.000774863803013631
2007-12-04,0.0003063602441396547
2007-12-05,-0.0011183764697863666
2007-12-06,4.426470475548499e-05
2007-12-07,-0.001484463455819427
2007-12-10,-0.0005748476782185132
2007-12-11,0.0015623365595601082
2007-12-12,0.0013640729759286782
2007-12-13,-0.0026447017898873636
2007-12-14,-0.0003648769855760506
2007-12-17,-0.0009253994988749178
2007-12-18,0.000778203778320998
2007-12-19,0.001107992895225645
2007-12-20,0.00034051582816734585
2007-12-21,-0.0002585887284490536
2007-12-24,-7.061071271824432e-05
2007-12-26,0.00044016417560136065
2007-12-27,0.010546480920438014
2007-12-28,0.015620508605168067
2007-12-31,0.0064337169128855475
2008-01-02,0.0017791499168533492
2008-01-03,0.00201758614058371
2008-01-04,-0.002151145871708021
2008-01-07,-0.0005818107876792827
2008-01-08,0.001590384125615788
2008-01-09,0.0005089303008424714
2008-01-10,-0.0001263395002934284
2008-01-11,8.450369129805923e-05
2008-01-14,0.0027492211390202667
2008-01-15,-0.002317243065872798
2008-01-16,-0.003478876484854156
2008-01-17,-8.284528256821344e-05
2008-01-18,0.0010994603227658633
2008-01-22,-0.0005984108922682003
2008-01-23,-0.003313944726281245
2008-01-24,0.0028437027057092576
2008-01-25,-0.010362086354128709
2008-01-28,0.00808934187227932
2008-01-29,5.217613146017824e-05
2008-01-30,-0.0020234904918746805
2008-01-31,0.007745585292513596
2008-02-01,-0.0021092433794750497
2008-02-04,0.0001943396117587108
2008-02-05,0.002339092717355902
2008-02-06,0.0005866097153613053
2008-02-07,-0.0022163985436568804
2008-02-08,0.0032881292613301818
2008-02-11,0.0010354943758190526
2008-02-12,-0.002447529361942301
2008-02-13,-0.0022568167679749337
2008-02-14,0.00028307794158087443
2008-02-15,0.000522928474250688
2008-02-19,-0.00012821841374414898
2008-02-20,0.0012620788729462964
2008-02-21,0.0024999375516926887
2008-02-22,-0.0008476043388846843
2008-02-25,-0.0010544328403342725
2008-02-26,0.0018647432288649785
2008-02-27,0.007702501881503696
2008-02-28,0.04277841165072732
2008-02-29,0.03767775737563034
2008-03-03,-0.0002768310725053051
2008-03-04,-0.0006595873229434416
2008-03-05,0.0007191569302228651
2008-03-06,0.0012631175884440004
2008-03-07,0.00020892949423574145
2008-03-10,0.001129917725898935
2008-03-11,-0.0016817925782096302
2008-03-12,0.0012981348049130887
2008-03-13,-0.00020976665364500394
2008-03-14,0.0014017996903583306
2008-03-17,-0.0005153082109782378
2008-03-18,-0.002415955754304288
2008-03-19,-0.00024941998624728167
2008-03-20,-0.0028607318002273423
2008-03-24,-0.002200970276079537
2008-03-25,0.0002657398313508781
2008-03-26,-2.6992414171950437e-05
2008-03-27,-0.000817385600165869
2008-03-28,0.0018725852499835416
2008-03-31,0.000533424598808962
2008-04-01,-0.0037176016642486713
2008-04-02,0.0009083358403665506
2008-04-03,7.510592331326583e-05
2008-04-04,0.0005718858293436447
2008-04-07,0.00013224728300293686
2008-04-08,-6.24366668301727e-05
2008-04-09,0.0018854042925667612
2008-04-10,-0.0007706092372464976
2008-04-11,0.001222325206519292
2008-04-14,7.241057562449556e-05
2008-04-15,-0.0003252799018839726
2008-04-16,-0.0013892381815363212
2008-04-17,-0.0004723178275543794
2008-04-18,-0.001270778746036248
2008-04-21,-0.00011298059909444257
2008-04-22,0.0010042614435667458
2008-04-23,-0.0010649279729406434
2008-04-24,-0.008017759533984925
2008-04-25,-0.0035221892150975554
2008-04-28,0.002257207200642842
2008-04-29,0.0028881680096239414
2008-04-30,0.007157156822204876
2008-05-01,-0.002148249104108392
2008-05-02,-0.00025805811063323605
2008-05-05,0.0008306052616230804
2008-05-06,-0.0005167362780222968
2008-05-07,0.0009617295594301275
2008-05-08,0.00107108177188171
2008-05-09,0.0005096330974377588
2008-05-12,-0.0010126221426683163
2008-05-13,-0.0012308704144452201
2008-05-14,-0.0002577221756425834
2008-05-15,0.000721851290196106
2008-05-16,0.0002888706377593902
2008-05-19,0.00036696157291565015
2008-05-20,0.001403338852673751
2008-05-21,0.001378095325928635
2008-05-22,-0.0016141344992227382
2008-05-23,0.0024204642195179717
2008-05-27,-0.003264501374210992
2008-05-28,-0.017837632253015333
2008-05-29,-0.012469897685986922
2008-05-30,0.0064700665080723785
2008-06-02,0.0002887105520951885
2008-06-03,-0.0005480852589545802
2008-06-04,-0.0006496292995784432
2008-06-05,-0.0001730771627867001
2008-06-06,0.0032460480825089494
2008-06-09,-0.0007612977018356188
2008-06-10,-0.001148106189396496
2008-06-11,0.0014397928390148652
2008-06-12,-0.0013231775119919892
2008-06-13,-0.00044000003847187273
2008-06-16,0.0003935044572253367
2008-06-17,0.0007282596983353338
2008-06-18,0.0013889221390316008
2008-06-19,-0.0009306460963607047
2008-06-20,0.0013308088000556183
2008-06-23,-0.00024008408853994057
2008-06-24,-0.004995545113345214
2008-06-25,0.001979403036727594
2008-06-26,0.00240119523565696
2008-06-27,0.008119442738563767
2008-06-30,0.0021707770545772733
2008-07-01,-0.00042550575532377034
2008-07-02,0.0018148769407256458
2008-07-03,-0.0003163436998429035
2008-07-07,0.0002406804035541602
2008-07-08,-0.002074924399980556
2008-07-09,0.002425849403871338
2008-07-10,0.0003253380280423964
2008-07-11,0.000570571905816626
2008-07-14,0.001760597684296698
2008-07-15,0.000648670380687247
2008-07-16,-0.0032148795358578307
2008-07-17,-0.0014955020839593316
2008-07-18,-0.0013280699126236402
2008-07-21,0.00019265398803245567
2008-07-22,-0.0026119208723810127
2008-07-23,-0.001798478758834598
2008-07-24,0.002108080912329254
2008-07-25,-0.0024226933786567826
2008-07-28,0.004383942199611909
2008-07-29,-0.010450216906022365
2008-07-30,0.0019755655853601318
2008-07-31,0.017699625944068948
2008-08-01,-0.0006756342726052587
2008-08-04,-0.00023809702531695537
2008-08-05,-0.002296074632962613
2008-08-06,-0.0006482339303910099
2008-08-07,0.0016459518865696752
2008-08-08,-0.001853061505323176
2008-08-11,-0.002028313038899424
2008-08-12,0.0010964331265451138
2008-08-13,0.0006351732246019737
2008-08-14,-0.0008053409689023364
2008-08-15,-0.0005193241742642115
2008-08-18,0.0011668078032186667
2008-08-19,0.0011480249475343018
2008-08-20,-0.00014215246831242282
2008-08-21,0.001137590694678012
2008-08-22,-0.0020902501963088152
2008-08-25,0.0005759042812270321
2008-08-26,-0.00025599188206868736
2008-08-27,0.0040051558972509825
2008-08-28,-0.005549939263117762
2008-08-29,-0.0045686812689899985
2008-09-02,-0.001253007320347179
2008-09-03,-5.473668986117746e-05
2008-09-04,0.001964034400285495
2008-09-05,-0.0005064449443573424
2008-09-08,-0.0011464453755841144
2008-09-09,0.0012756611820645982
2008-09-10,-0.0015361033680110967
2008-09-11,-0.0006813517777597238
2008-09-12,0.00024251326566346437
2008-09-15,0.007488226528260848
2008-09-16,0.001089942516356673
2008-09-17,0.011999153331493026
2008-09-18,-0.009402485830393383
2008-09-19,-0.005618947151127951
2008-09-22,0.004623722954372101
2008-09-23,0.0008292924487582342
2008-09-24,-0.0030321136915469524
2008-09-25,0.00857816807266724
2008-09-26,-0.0012158654131322229
2008-09-29,0.018718813804315438
2008-09-30,-0.025298699733599817
2008-10-01,-0.0003682091424313425
2008-10-02,0.0019632800431268935
2008-10-03,0.0005204221264632403
2008-10-06,0.002230983034667862
2008-10-07,0.0010866610384449033
2008-10-08,-0.00012624713468401685
2008-10-09,0.0010617099845665757
2008-10-10,-0.0002147193834702258
2008-10-13,-0.0044070098404946955
2008-10-14,0.0009511736463281233
2008-10-15,0.003141248660531297
2008-10-16,-0.001342678857683888
2008-10-17,0.0004882891024879262
2008-10-20,-0.0009292163357040832
2008-10-21,0.0011774287434697822
2008-10-22,0.0018860058939396886
2008-10-23,-0.00032931014241876756
2008-10-24,0.0011576901962607263
2008-10-27,-0.004703506232698736
2008-10-28,0.02400366017507555
2008-10-29,-0.0002420667516220373
2008-10-30,-0.004403457404643009
2008-10-31,-0.0016355247859119893
2008-11-03,-0.00030060842951400873
2008-11-04,-0.001282869015086078
2008-11-05,0.0013026656402002174
2008-11-06,0.0011027419904621372
2008-11-07,-0.0007768697642952998
2008-11-10,0.00029176926387145186
2008-11-11,0.0009621387997783168
2008-11-12,0.001511438474172662
2008-11-13,-0.0020923452141701783
2008-11-14,0.00151937773110433
2008-11-17,0.0006320744961515335
2008-11-18,0.000558670265106185
2008-11-19,0.00221534181231292
2008-11-20,0.002853136736141869
2008-11-21,0.011625187191530278
2008-11-24,0.013821216588774015
2008-11-25,0.011077986003387377
2008-11-26,0.007029568580804781
2008-11-28,0.002876405377882737
2008-12-01,0.0016224703797338186
2008-12-02,-0.0009156014164551767
2008-12-03,-0.0004916792804660919
2008-12-04,0.000761099927688891
2008-12-05,-0.0007593783804612362
2008-12-08,-0.001188940596355719
2008-12-09,0.0007694529131490348
2008-12-10,-0.000494396586378693
2008-12-11,0.00025491663207978976
2008-12-12,-0.0005640665981549254
2008-12-15,0.00041962901881348097
2008-12-16,-0.0016104817823185057
2008-12-17,-0.00014984945650900892
2008-12-18,0.0006117821769186122
2008-12-19,0.0003816044080648271
2008-12-22,2.5899959799185785e-05
2008-12-23,0.00015239169424700622
2008-12-24,0.0007622360095648926
2008-12-26,-0.0024075881100279195
2008-12-29,0.002538567892299122
2008-12-30,0.0035893925048802316
2008-12-31,-0.015590535628165167
2009-01-02,-0.0011564126663142214
2009-01-05,-0.00042105878899205515
2009-01-06,-0.0006573856718456219
2009-01-07,0.0008103481365980766
2009-01-08,-0.00020730133584015686
2009-01-09,0.0004746860613144617
2009-01-12,0.0010576970610317528
2009-01-13,6.61918889349691e-05
2009-01-14,0.001144819867124408
2009-01-15,-0.00019686078592306795
2009-01-16,-0.0007350090353628124
2009-01-20,0.002144363826098489
2009-01-21,-0.0014432300307629644
2009-01-22,0.0001793492726037031
2009-01-23,-0.00020961180871999942
2009-01-26,0.0012753164231706995
2009-01-27,-0.0023777375733047648
2009-01-28,-0.00015772737111119565
2009-01-29,-0.005233117815774751
2009-01-30,-0.001771909366358369
2009-02-02,0.0006338437752486788
2009-02-03,-0.0006569636876481982
2009-02-04,-3.356844712696418e-06
2009-02-05,-0.00023646895503551176
2009-02-06,-0.0013188103724365368
2009-02-09,-0.00018458429606244236
2009-02-10,0.0013822952881596565
2009-02-11,-0.00012064709119575479
2009-02-12,-6.833398059992903e-05
2009-02-13,5.165713446954208e-05
2009-02-17,0.0019391297475096433
2009-02-18,-4.071778828031518e-06
2009-02-19,0.00012361991547679436
2009-02-20,-2.400045315304238e-05
2009-02-23,-0.004810504802988234
2009-02-24,0.007420452303880941
2009-02-25,-0.021594204473561262
2009-02-26,-0.007330430197134485
2009-02-27,-0.0038628555118281503
2009-03-02,0.0012025236510312257
2009-03-03,0.00012572920557870864
2009-03-04,-0.0009616991451599054
2009-03-05,0.0012706434784716945
2009-03-06,-0.0002434196440453316
2009-03-09,0.0011005587268202372
2009-03-10,-0.0021551680229975126
2009-03-11,-0.00017854585954916666
2009-03-12,-0.001714265745310644
2009-03-13,-0.00034798260521041893
2009-03-16,-4.876056525789998e-05
2009-03-17,-0.0008804399622652681
2009-03-18,-0.001503039318981938
2009-03-19,-0.0004381870714615426
2009-03-20,0.0008678230921943734
2009-03-23,-0.0024933423830064624
2009-03-24,0.0013461697530972386
2009-03-25,-0.00840096702687787
2009-03-26,-0.0038454629992814133
2009-03-27,0.002541010090128457
2009-03-30,0.0256577940010678
2009-03-31,0.0034429260982020695
2009-04-01,-0.0014405798102822076
2009-04-02,-0.001638309011196488
2009-04-03,-0.0007420841194544533
2009-04-06,0.0004060681261615575
2009-04-07,0.0010117896018594051
2009-04-08,-0.0005071325394815317
2009-04-09,-0.001483756685649862
2009-04-13,-0.0003219666988984561
2009-04-14,0.0006958051246830775
2009-04-15,-0.00048319034034267607
2009-04-16,-0.0005256827276557119
2009-04-17,1.4343690635376187e-05
2009-04-20,0.0020202981698234615
2009-04-21,-0.0009245821058300083
2009-04-22,-0.00010237079080083829
2009-04-23,-0.0007201709738356414
2009-04-24,-0.007505207891969194
2009-04-27,0.00603050345558839
2009-04-28,-0.014524109558374968
2009-04-29,-0.022009613436866835
2009-04-30,-0.004777400887089322
2009-05-01,-0.001098419025936633
2009-05-04,-0.0011645582334943953
2009-05-05,6.131419921177294e-05
2009-05-06,-0.000742374195226667
2009-05-07,0.0003115400406388019
2009-05-08,-0.0010703905372136252
2009-05-11,0.0005814186835976433
2009-05-12,-0.00028859934535863064
2009-05-13,0.0010537848972234777
2009-05-14,-0.0003368068332646161
2009-05-15,0.00037001160556836336
2009-05-18,-0.0011250630496998774
2009-05-19,-0.00048271371815322597
2009-05-20,-0.0004278116773140579
2009-05-21,5.4344249455072376e-05
2009-05-22,-0.002604084684022532
2009-05-26,-0.006089998850238819
2009-05-27,-0.024276590640006732
2009-05-28,0.009849084571297153
2009-05-29,0.01718339783033539
2009-06-01,-0.0018018207687896014
2009-06-02,-8.9854549426811e-05
2009-06-03,0.0008027381945607766
2009-06-04,-0.000637322440749651
2009-06-05,3.0414826981740642e-05
2009-06-08,0.00014209559322633444
2009-06-09,-0.00031640559046772513
2009-06-10,-0.00013755870385969912
2009-06-11,-0.00013983591024938766
2009-06-12,0.0004774704811340603
2009-06-15,0.0013404107916447062
2009-06-16,0.0003696718456397116
2009-06-17,-3.8149339839270416e-05
2009-06-18,-0.0005034207855958
2009-06-19,8.889917322524452e-06
2009-06-22,0.001359272728792296
2009-06-23,-0.00011260089595321835
2009-06-24,0.00044321550625638
2009-06-25,-0.0008252950377764472
2009-06-26,0.0024180470461328406
2009-06-29,0.0056600267140743815
2009-06-30,-0.007201464418817359
2009-07-01,-0.0012756441498408006
2009-07-02,0.0013048149793474888
2009-07-06,0.0004302980414407053
2009-07-07,0.0008970790733857798
2009-07-08,0.0006551023361297125
2009-07-09,-0.00035685248734478465
2009-07-10,0.00040603885240243564
2009-07-13,-0.0007530060115972563
2009-07-14,-0.0005305824131687487
2009-07-15,-0.0022358165623046103
2009-07-16,-4.7095717378345715e-05
2009-07-17,-0.0004316033905776825
2009-07-20,-0.0009738493542125579
2009-07-21,0.0005480530206448903
2009-07-22,-0.0004116007137131809
2009-07-23,-0.0012353658614799798
2009-07-24,-4.0556234643831996e-05
2009-07-27,-0.005644518601145214
2009-07-28,0.004074092321289991
2009-07-29,0.0032161233769376976
2009-07-30,0.009648419537487754
2009-07-31,0.034479547762330705
2009-08-03,-0.0024688561091722313
2009-08-04,-0.00021632244669117387
2009-08-05,-0.0001514687189629793
2009-08-06,0.00039905796378870815
2009-08-07,-0.0004939995486073708
2009-08-10,0.0002867565551481817
2009-08-11,0.0005412546443379938
2009-08-12,-0.0005280239034424823
2009-08-13,-5.981391679663424e-05
2009-08-14,0.0006090381892703226
2009-08-17,0.0013053173651754013
2009-08-18,-0.0007072550442522995
2009-08-19,-0.00016877187663755773
2009-08-20,-0.00034517309760123503
2009-08-21,-0.0008810037516347888
2009-08-24,0.0001536843435495549
2009-08-25,0.0005798740230757992
2009-08-26,0.0006760142635274461
2009-08-27,-0.008916124535174432
2009-08-28,0.0065403539868348695
2009-08-31,0.010578084400977584
2009-09-01,-5.1464561092537294e-05
2009-09-02,0.0006197169067990729
2009-09-03,-0.00019116807885411572
2009-09-04,-0.0006354390888043805
2009-09-08,-0.0006855350206603247
2009-09-09,-0.0003632993909143809
2009-09-10,-8.490483646695142e-05
2009-09-11,0.0002936850574261929
2009-09-14,-0.0004868056640163617
2009-09-15,-0.00023740360168297302
2009-09-16,-0.0006707230450084872
2009-09-17,0.00017388340722616482
2009-09-18,-0.00031732082388785665
2009-09-21,0.0002461330518046235
2009-09-22,-5.7277136429506426e-05
2009-09-23,0.00030085784787889684
2009-09-24,0.00587695966982247
2009-09-25,0.0050381484871039155
2009-09-28,-0.0018129216334969668
2009-09-29,-0.0003237730146309516
2009-09-30,0.004224688985267391
2009-10-01,-0.002016803983353965
2009-10-02,-0.00027713067914928504
2009-10-05,0.000861527951882648
2009-10-06,0.0010278836905712346
2009-10-07,0.0011454647284242052
2009-10-08,2.082259996249271e-05
2009-10-09,-0.002099275738842641
2009-10-12,0.0006532597152326594
2009-10-13,0.0008666467031758916
2009-10-14,-0.0005146575765618722
2009-10-15,-0.000938867498587996
2009-10-16,0.0005182851301707424
2009-10-19,0.0014782419103899645
2009-10-20,0.0003215663917341245
2009-10-21,-0.00012647070682014023
2009-10-22,-0.00046993045464146897
2009-10-23,-0.0008281088636591095
2009-10-26,-0.0027793937537159735
2009-10-27,0.010732875170614564
2009-10-28,0.0162706018505055
2009-10-29,-0.022315989072039827
2009-10-30,0.030685438988541154
2009-11-02,-0.0005389552684682678
2009-11-03,0.0001959745177433476
2009-11-04,0.00024112930890150095
2009-11-05,0.0005012093670771038
2009-11-06,0.00041657270046563274
2009-11-09,0.0013975616377049894
2009-11-10,-0.00010121239975287297
2009-11-11,0.000613085039356442
2009-11-12,-0.000986562384703969
2009-11-13,0.0010751189433270874
2009-11-16,0.0015501282589169057
2009-11-17,1.770003342342011e-05
2009-11-18,-0.00015320952282697398
2009-11-19,-0.0005877996943459929
2009-11-20,-0.0002945211054116637
2009-11-23,-0.005272533586875342
2009-11-24,0.004602624543645852
2009-11-25,0.010786268727292771
2009-11-27,0.019904950775094746
2009-11-30,0.005208037900444752
2009-12-01,-0.0003846768790641936
2009-12-02,0.00014898829398946213
2009-12-03,-0.0003975646057261613
2009-12-04,-0.0006088450475043081
2009-12-07,-0.00025363419900143065
2009-12-08,-0.0006296311867298264
2009-12-09,-0.0001946874046976577
2009-12-10,6.544268455025963e-05
2009-12-11,-0.0002957241973366117
2009-12-14,0.0008645731740657949
2009-12-15,-0.0005625030090511467
2009-12-16,0.0006663196158753392
2009-12-17,-0.0010856741746802468
2009-12-18,0.00034910180687640357
2009-12-21,-0.0002810379754065172
2009-12-22,-2.0124121750838685e-05
2009-12-23,0.0006520188963895835
2009-12-24,-0.005460298981747907
2009-12-28,-0.003473217793114598
2009-12-29,0.008625791842562281
2009-12-30,0.006336801765327371
2009-12-31,-0.013553720884168135
2010-01-04,0.00039309456653837635
2010-01-05,0.0002096766284464245
2010-01-06,0.0004528084339808694
2010-01-07,4.690133071640264e-06
2010-01-08,0.00048363313713456615
2010-01-11,0.00016725594867055755
2010-01-12,-0.0011586965015675029
2010-01-13,0.0006952935164939422
2010-01-14,4.060059785797888e-05
2010-01-15,-0.0010034689977561472
2010-01-19,0.0009235529252517812
2010-01-20,-0.001646787209538772
2010-01-21,-0.0015821607798160004
2010-01-22,-0.0014813836568107282
2010-01-25,0.0018689943588315644
2010-01-26,-0.001988518054067856
2010-01-27,-0.002410338987098668
2010-01-28,-0.0031880955421799183
2010-01-29,0.0017012596959153764
2010-02-01,0.00127375828596043
2010-02-02,0.0010717472268242203
2010-02-03,-0.00037538747462909056
2010-02-04,-0.0037925224953792415
2010-02-05,-0.0005139590719569176
2010-02-08,-0.0008928252606612739
2010-02-09,0.0016058059230285653
2010-02-10,-0.0007270769036617197
2010-02-11,0.001502590213126459
2010-02-12,-0.0003136176898959775
2010-02-16,0.0025351698370855583
2010-02-17,0.0003986046651352884
2010-02-18,0.0010648467116800198
2010-02-19,4.788544731018428e-05
2010-02-22,-0.0014092022177998288
2010-02-23,0.012267618584537997
2010-02-24,-0.0011667695522832807
2010-02-25,0.01296927901874169
2010-02-26,0.005908227204727523
2010-03-01,-0.0005364215690512674
2010-03-02,0.000987372761217544
2010-03-03,0.0006081502610872142
2010-03-04,-0.00013676599066083362
2010-03-05,0.0013968220750562679
2010-03-08,3.6339932848449256e-05
2010-03-09,0.0002432331946184832
2010-03-10,0.0002727920880435319
2010-03-11,0.0002503756552844112
2010-03-12,0.0002879267438411916
2010-03-15,-0.00047947002051236434
2010-03-16,0.001837841984093884
2010-03-17,0.0007182010501479547
2010-03-18,-0.0005994408348509263
2010-03-19,-0.0016532114729674078
2010-03-22,0.0009818567822800156
2010-03-23,0.0003768397516498378
2010-03-24,-0.0022530602647190695
2010-03-25,-0.0073593179590050765
2010-03-26,0.006119768705465389
2010-03-29,-0.00758111533303042
2010-03-30,0.0031295667827488066
2010-03-31,0.00951744843084433
2010-04-01,-0.00022420427112708542
2010-04-05,0.0007253925056456186
2010-04-06,0.0005610874032654847
2010-04-07,-0.00024076737019300336
2010-04-08,4.331855988108516e-05
2010-04-09,0.0010711571372467752
2010-04-12,2.270630455023245e-05
2010-04-13,0.0005186570851333612
2010-04-14,0.0015339645764852114
2010-04-15,-2.267439595614919e-05
2010-04-16,-0.0026325503322639655
2010-04-19,-0.0004270495090279891
2010-04-20,0.0013867447325427893
2010-04-21,0.0005197792837926456
2010-04-22,-4.166760091848678e-05
2010-04-23,0.0014638769882128928
2010-04-26,0.0014635870794047752
2010-04-27,0.013398317827051734
2010-04-28,-0.020075088356467048
2010-04-29,0.004553742890816686
2010-04-30,0.024375560729442323
2010-05-03,-0.00020375737315383272
2010-05-04,-0.00253976319496878
2010-05-05,-0.0014715132371172573
2010-05-06,-0.0029427297133882437
2010-05-07,-0.00041962763303827913
2010-05-10,0.003938461321731402
2010-05-11,0.00036693602899364657
2010-05-12,0.0014421135018062537
2010-05-13,-0.0010683063653248684
2010-05-14,-0.0018580728449132647
2010-05-17,-0.0005523062373761368
2010-05-18,-0.0010663697460484502
2010-05-19,-0.001170674700334774
2010-05-20,-0.0037868860467834024
2010-05-21,0.0017980391813162972
2010-05-24,-0.010637308542872701
2010-05-25,-0.0068625939938270035
2010-05-26,-0.003400023561558469
2010-05-27,0.03211868941995087
2010-05-28,-0.012161091850490026
2010-06-01,-0.0010570715841946787
2010-06-02,0.0009989619983006325
2010-06-03,-0.0003937603630405003
2010-06-04,-0.0002696863588757598
2010-06-07,0.00023479998287539023
2010-06-08,4.335133918588477e-05
2010-06-09,-0.00033902404034943907
2010-06-10,0.00024964105694699334
2010-06-11,0.001426086590133822
2010-06-14,-0.0003043121814518713
2010-06-15,0.001186662964336987
2010-06-16,0.00022173972705802095
2010-06-17,0.0011886231963323753
2010-06-18,0.0002534366739721642
2010-06-21,-0.0003678632919758844
2010-06-22,-8.661092308719799e-05
2010-06-23,0.0003538401615395368
2010-06-24,-0.001886136129575697
2010-06-25,0.0010529000909509751
2010-06-28,0.014991822399937097
2010-06-29,0.007138040220357537
2010-06-30,0.0023188371223317275
2010-07-01,-0.002160260379926736
2010-07-02,-0.0005362468771546409
2010-07-06,0.0003516056897640029
2010-07-07,0.0014791685490747114
2010-07-08,0.00011175263464791791
2010-07-09,0.0005821013190732404
2010-07-12,-4.6149322747691916e-05
2010-07-13,0.0006407444259133002
2010-07-14,0.0008219142109258589
2010-07-15,-4.9917260844182256e-05
2010-07-16,-0.0020978465698703193
2010-07-19,-0.0001679908686421869
2010-07-20,0.001486991667414435
2010-07-21,0.0003900630914130243
2010-07-22,0.0014140994722697232
2010-07-23,0.00026423093693046025
2010-07-26,-0.0018808538072196746
2010-07-27,-0.0036513319148223375
2010-07-28,0.008093382586247533
2010-07-29,0.004143054465018657
2010-07-30,0.010882413199056324
2010-08-02,0.0007946383521622458
2010-08-03,0.0004501824390680518
2010-08-04,-4.498903076742044e-06
2010-08-05,0.00019822145350162273
2010-08-06,0.0005841349574584673
2010-08-09,0.00048674225613454323
2010-08-10,-5.406784376182903e-05
2010-08-11,-0.001832695177847634
2010-08-12,-0.0008932491993784977
2010-08-13,0.0008808902233274224
2010-08-16,0.0020177629998097604
2010-08-17,0.0005720329777342408
2010-08-18,0.00015144276708733655
2010-08-19,-0.0007387305583617572
2010-08-20,-0.00041747259911165114
2010-08-23,-0.0003301873378075369
2010-08-24,0.00021777151873025402
2010-08-25,0.005848982735576665
2010-08-26,-0.005897478609649599
2010-08-27,-0.019889658663896463
2010-08-30,0.01186249650277253
2010-08-31,0.008949875068640686
2010-09-01,-4.0894126119481e-05
2010-09-02,0.000324655360053377
2010-09-03,-0.00012327709207814194
2010-09-07,0.001129391366497387
2010-09-08,-0.0001224245635725464
2010-09-09,-0.0012578893480057877
2010-09-10,0.0004773246390063529
2010-09-13,0.0015588158631395324
2010-09-14,0.0008994550490629253
2010-09-15,-0.00019547166168052828
2010-09-16,-0.0006075719616995327
2010-09-17,0.0005010075444403471
2010-09-20,0.00176244842240883
2010-09-21,0.001374385323494279
2010-09-22,-0.000278236376094612
2010-09-23,-0.000366936640389824
2010-09-24,-0.015759197693381695
2010-09-27,0.012814750679568176
2010-09-28,0.008085894207491147
2010-09-29,-0.005579114589379809
2010-09-30,-0.0015850688608174694
2010-10-01,-0.0004896029710003706
2010-10-04,-0.00032628746534408393
2010-10-05,0.0023776127474260285
2010-10-06,0.000896944267547483
2010-10-07,-0.0008104435751431534
2010-10-08,0.0016001169890109078
2010-10-11,0.0002775329028019647
2010-10-12,-0.0002958712820356638
2010-10-13,0.0016273222906591513
2010-10-14,-0.0005565576449078594
2010-10-15,-0.0007938086705819967
2010-10-18,0.0010881598832875724
2010-10-19,-0.0021246213216172035
2010-10-20,0.0014954923073561876
2010-10-21,-0.0013367433917337822
2010-10-22,0.0008102185991729565
2010-10-25,6.101589035220098e-05
2010-10-26,-0.003951800881615342
2010-10-27,-0.010143798340014746
2010-10-28,0.010159725489544687
2010-10-29,0.007663437848676631
2010-11-01,-0.0006481732724708602
2010-11-02,0.0017647386777963137
2010-11-03,0.0001258443771596818
2010-11-04,0.003903272437333723
2010-11-05,-0.00033153082400754494
2010-11-08,0.00019645769996320622
2010-11-09,-0.0028769597031561007
2010-11-10,0.0007828342808862149
2010-11-11,-0.0008736393893691363
2010-11-12,-0.003443690028548704
2010-11-15,-0.002198158878308178
2010-11-16,-0.001981152639965594
2010-11-17,0.00021586079601514522
2010-11-18,0.0031595104065993093
2010-11-19,0.0005328537266453956
2010-11-22,0.0005451386479225201
2010-11-23,0.002475201225236386
2010-11-24,-0.008241450648252732
2010-11-26,0.016037789774752637
2010-11-29,0.00708816960586358
2010-11-30,0.006390243127165286
2010-12-01,0.00024386630009337628
2010-12-02,0.0009281026473594899
2010-12-03,0.0005376831109087812
2010-12-06,0.0012318674550384808
2010-12-07,-0.0019404972592968932
2010-12-08,-0.0014287484735924112
2010-12-09,0.000275344868230768
2010-12-10,-0.00019792888750416252
2010-12-13,0.000671371986790491
2010-12-14,-0.001064321256556555
2010-12-15,-0.0015134593026728013
2010-12-16,0.0012038181097146655
2010-12-17,0.0018120605646120898
2010-12-20,0.0006469191770951343
2010-12-21,0.0014924099676879485
2010-12-22,5.72322702193957e-05
2010-12-23,-0.000536862933418367
2010-12-27,0.005779847401237561
2010-12-28,-0.020382537198358183
2010-12-29,0.03177305472765687
2010-12-30,-0.004652872801661186
2010-12-31,0.009978466614592741
2011-01-03,-0.00029830569355755455
2011-01-04,-0.0004738230516514947
2011-01-05,-0.000385225126847114
2011-01-06,-0.00029253711325912034
2011-01-07,-7.535352202420344e-05
2011-01-10,0.00033069377308629383
2011-01-11,0.00037919176256002583
2011-01-12,0.0007557418878817622
2011-01-13,0.00019891929328165115
2011-01-14,5.861340820751725e-05
2011-01-18,0.00019910017639921095
2011-01-19,-0.0006062094958017289
2011-01-20,-0.0013913497735773255
2011-01-21,0.00031916574731890424
2011-01-24,0.00039421588365931305
2011-01-25,0.0012548471733285966
2011-01-26,-0.0017629123097451147
2011-01-27,0.004671327362593667
2011-01-28,0.0095690115325873
2011-01-31,-0.006803868080823436
2011-02-01,0.0008723216649843644
2011-02-02,-0.0002751811802521875
2011-02-03,-0.0002201960084690824
2011-02-04,-0.00037888718055310107
2011-02-07,0.000523850059538959
2011-02-08,0.0002934232582309574
2011-02-09,5.689521341151305e-05
2011-02-10,-0.0007174635763316055
2011-02-11,0.0009057299811750814
2011-02-14,0.0003821879648161632
2011-02-15,-0.00011194065905049373
2011-02-16,0.0006028667152085456
2011-02-17,0.0008850693011878953
2011-02-18,0.0006510225568273401
2011-02-22,0.01758352350517308
2011-02-23,0.002241405027892981
2011-02-24,0.0052755484474058985
2011-02-25,0.002708391286569594
2011-02-28,-0.0034465680441182903
2011-03-01,-0.0014801841403510876
2011-03-02,-8.038782988582559e-05
2011-03-03,0.0007869589458334887
2011-03-04,0.00034433136797647337
2011-03-07,-0.0009597905125756874
2011-03-08,0.00032660466427592277
2011-03-09,0.0002457962491072047
2011-03-10,-0.0018370477881119818
2011-03-11,0.0005235921642451362
2011-03-14,-0.0003647448284167489
2011-03-15,-0.0019260040872195576
2011-03-16,-0.0012369128195242936
2011-03-17,0.0020747430527691727
2011-03-18,0.0012054945754333187
2011-03-21,0.0018211856855067574
2011-03-22,-7.775071608653498e-05
2011-03-23,0.00021523077358362376
2011-03-24,0.0006146545051833951
2011-03-25,0.001900149081361041
2011-03-28,-0.0014193715996478993
2011-03-29,-0.002986573301174017
2011-03-30,0.009748657843982106
2011-03-31,-0.004470158480099452
2011-04-01,0.0003501479044864857
2011-04-04,0.001146883228954591
2011-04-05,7.386464409240605e-05
2011-04-06,-8.647939600856285e-05
2011-04-07,-0.0003306818683769061
2011-04-08,0.0005783024651552554
2011-04-11,-0.0010296848807608678
2011-04-12,-0.0005932616775779156
2011-04-13,0.0012489006069788986
2011-04-14,0.0006294947591871075
2011-04-15,0.002065173161747946
2011-04-18,-0.0016050998849870051
2011-04-19,0.001697471794230174
2011-04-20,0.002724219667983738
2011-04-21,0.0014534009217003212
2011-04-25,0.00012771425858589588
2011-04-26,0.0015340854989295692
2011-04-27,-0.003867962043227804
2011-04-28,0.00839050868204403
2011-04-29,0.004864542215547513
2011-05-02,-0.0018420964933536096
2011-05-03,-0.0014747160635155733
2011-05-04,-0.0017541626775155232
2011-05-05,-0.004283316575145513
2011-05-06,0.0007117200932682926
2011-05-09,0.002774640162725465
2011-05-10,0.0010847640352587811
2011-05-11,-0.003664252324565351
2011-05-12,-0.00010461265339152992
2011-05-13,-0.0013545978294198277
2011-05-16,-0.0008602193677672826
2011-05-17,0.0008233481633429169
2011-05-18,0.0015099629072911674
2011-05-19,0.00031003802091675607
2011-05-20,-0.0010364602170222345
2011-05-23,-0.0028411002991356803
2011-05-24,-0.0006742958331054097
2011-05-25,0.003135004595774975
2011-05-26,0.013377581176837917
2011-05-27,0.0020370765323494055
2011-05-31,0.0078441815313535
2011-06-01,-0.0021548234032919096
2011-06-02,-0.001421296865274724
2011-06-03,2.3199817091358366e-05
2011-06-06,-0.0020755831623619496
2011-06-07,0.0013765742212195823
2011-06-08,-0.0009502513361170447
2011-06-09,-2.9948755744754912e-05
2011-06-10,-0.003366139927666958
2011-06-13,-0.0007101935334318205
2011-06-14,0.0014695287582287165
2011-06-15,-0.0018187858776453542
2011-06-16,-0.0012059146548361573
2011-06-17,0.0014373461917854585
2011-06-20,0.0009046114924150574
2011-06-21,0.0031631529827011854
2011-06-22,-0.0015912910237547873
2011-06-23,4.68652657540087e-05
2011-06-24,-0.01888401028835916
2011-06-27,0.013859928449158654
2011-06-28,-0.00808677515194439
2011-06-29,-0.003671400852371105
2011-06-30,-6.896022858615917e-06
2011-07-01,0.0005461033436391252
2011-07-05,0.0014758786712883874
2011-07-06,0.0004754179195980888
2011-07-07,0.0019002147147516141
2011-07-08,0.00018928658073469768
2011-07-11,-0.00288405392825128
2011-07-12,-7.155964270500699e-06
2011-07-13,0.002524553975477591
2011-07-14,-0.002109929185637806
2011-07-15,0.002003590139523965
2011-07-18,-0.0010925765330942827
2011-07-19,0.0025405713983589024
2011-07-20,0.0004161052967344023
2011-07-21,0.0014373751766123418
2011-07-22,0.0015594043368441916
2011-07-25,-0.0011685336683288704
2011-07-26,0.002031643354976164
2011-07-27,-0.007278680471322373
2011-07-28,0.004553062627928047
2011-07-29,0.02692976511637171
2011-08-01,-0.0009944873383907538
2011-08-02,-0.0007381906563938309
2011-08-03,-1.1022888549400826e-05
2011-08-04,-0.005993897691877616
2011-08-05,-0.002959723602458426
2011-08-08,-0.007596074288194018
2011-08-09,0.009504803773702641
2011-08-10,-0.001395711679633676
2011-08-11,0.0011395757435397945
2011-08-12,0.0020130453490637495
2011-08-15,0.003358160066769862
2011-08-16,-2.678694101813273e-05
2011-08-17,0.0020987597576842447
2011-08-18,-0.005282869965086879
2011-08-19,-0.0008574036738384812
2011-08-22,0.0005010274709606579
2011-08-23,0.001632446678577572
2011-08-24,-0.0036091169762806755
2011-08-25,-0.02258404121697896
2011-08-26,0.007227223482120492
2011-08-29,0.008160120481643387
2011-08-30,0.007995461686146085
2011-08-31,-0.0003527531485597565
2011-09-01,-0.00040813839254610684
2011-09-02,0.00041093732664043345
2011-09-06,-0.0014562979288006738
2011-09-07,0.001130487240835703
2011-09-08,-0.00017602657065906048
2011-09-09,-0.002388885094077647
2011-09-12,-0.0010445217692591179
2011-09-13,0.0005981524662555824
2011-09-14,0.0007110340677114319
2011-09-15,0.0003041703501652945
2011-09-16,0.0005455366810872213
2011-09-19,-0.0011350982505334345
2011-09-20,0.0003304962408789032
2011-09-21,-0.0023684802617201907
2011-09-22,-0.004205140414702875
2011-09-23,-0.002807329991897265
2011-09-26,0.016372532269508352
2011-09-27,0.016637497011708725
2011-09-28,-0.012038492085017252
2011-09-29,0.0039022042682246
2011-09-30,-0.009561705903538728
2011-10-03,0.0012346053339444424
2011-10-04,-0.0010110244406090119
2011-10-05,0.0002737875443504865
2011-10-06,-8.331143050315528e-05
2011-10-07,-0.0011839695812791947
2011-10-10,0.0005295929051865472
2011-10-11,0.0005773134192020152
2011-10-12,-0.0008380427509673571
2011-10-13,0.00043515234538164907
2011-10-14,0.0003787734980818467
2011-10-17,0.00034484592959811104
2011-10-18,0.00041918952705077156
2011-10-19,-0.0007446876358907858
2011-10-20,-0.00046237667714985124
2011-10-21,0.0005213129341282574
2011-10-24,0.00019725264979718495
2011-10-25,0.020778456681467005
2011-10-26,-0.014481248693643619
2011-10-27,-0.03938351118669727
2011-10-28,0.014041379425165076
2011-10-31,0.022450537156822898
2011-11-01,-0.0006427239335360695
2011-11-02,0.0004547451516964978
2011-11-03,0.0003544034035789715
2011-11-04,6.596416977264623e-05
2011-11-07,0.00046787801934417673
2011-11-08,-0.00021574422365556713
2011-11-09,-0.0010470447805127332
2011-11-10,-0.0002727789770555188
2011-11-11,0.0006409427983289054
2011-11-14,-0.0002309132711236676
2011-11-15,-3.461849163993169e-06
2011-11-16,-0.0005063531991727451
2011-11-17,-0.001167184273010449
2011-11-18,6.59031410715917e-05
2011-11-21,-0.000812449079250973
2011-11-22,0.00032779797155765486
2011-11-23,-0.004865029997376699
2011-11-25,0.001046874769161158
2011-11-28,0.004434511800727381
2011-11-29,-0.000762445775049542
2011-11-30,0.0025820197550796347
2011-12-01,-0.0001739480891800682
2011-12-02,0.0008177110211355348
2011-12-05,0.0002398306080836338
2011-12-06,-7.350248851428876e-05
2011-12-07,0.00028508541019375936
2011-12-08,-0.0007799256711051919
2011-12-09,-5.5336237337992745e-05
2011-12-12,-0.0004807035955404318
2011-12-13,-0.0003112958340367382
2011-12-14,-0.0007742633664030462
2011-12-15,6.98183357883581e-05
2011-12-16,0.0013142795724607136
2011-12-19,7.206868569187112e-05
2011-12-20,0.0009667697607546581
2011-12-21,-0.0005636260339567636
2011-12-22,0.0004450184502424829
2011-12-23,0.0004339538303934576
2011-12-27,0.00032801638992048136
2011-12-28,0.002535606847399025
2011-12-29,0.0014722167604095545
2011-12-30,0.0023325600367882864
2012-01-03,-0.001332823748274476
2012-01-04,-0.00031935715905257866
2012-01-05,8.875470349440234e-05
2012-01-06,0.0008582456879325337
2012-01-09,-0.00031182977931206655
2012-01-10,-0.0003890450280330679
2012-01-11,0.000712206237643687
2012-01-12,0.00036267331146744606
2012-01-13,0.0007237524912086557
2012-01-17,0.0004383127755482963
2012-01-18,-0.0003611440991475822
2012-01-19,-0.0008262418573489462
2012-01-20,-0.0009518369292758157
2012-01-23,-0.00046120553227982895
2012-01-24,0.0003408944032718811
2012-01-25,0.0027163527037835887
2012-01-26,0.0069659693441162344
2012-01-27,0.009955456454924887
2012-01-30,0.012989292025704736
2012-01-31,0.0134838261559328
2012-02-01,-0.0006713461651793613
2012-02-02,0.0005146625445282273
2012-02-03,-0.0014052412428138554
2012-02-06,0.0005974193407616095
2012-02-07,-0.0002123613402215846
2012-02-08,-0.00012232086736672934
2012-02-09,-0.0009227095995291301
2012-02-10,0.00017610774923156782
2012-02-13,0.0008014830893795323
2012-02-14,-3.5671058545633386e-05
2012-02-15,-0.0006220322439272552
2012-02-16,6.762890248506369e-05
2012-02-17,-0.0005312922068211223
2012-02-21,-0.00013522665994685908
2012-02-22,0.0009921813018125166
2012-02-23,0.0008583338801933612
2012-02-24,0.00013648657485135812
2012-02-27,0.010541286099974845
2012-02-28,0.001484357639613491
2012-02-29,-0.014397972848278892
2012-03-01,-0.0018738158997441453
2012-03-02,0.00012634719602966439
2012-03-05,-0.0004984014617056413
2012-03-06,-0.00015933975787356923
2012-03-07,0.0001891094630921437
2012-03-08,0.00010013118054875659
2012-03-09,0.0002066142633619894
2012-03-12,0.0003620074876716522
2012-03-13,-0.0002581892045363772
2012-03-14,-0.0026626826527935965
2012-03-15,7.307705628473266e-05
2012-03-16,2.188038477126446e-05
2012-03-19,-1.1666849431600585e-05
2012-03-20,0.0005061324669811925
2012-03-21,0.0009154867440651294
2012-03-22,0.0001826903686469006
2012-03-23,0.0008008217358293684
2012-03-26,-0.00693245025549826
2012-03-27,0.007544377318801611
2012-03-28,-0.002435600020182735
2012-03-29,0.011347137467703177
2012-03-30,-0.015025715786181936
2012-04-02,-0.0005596291087065836
2012-04-03,-0.0013109469640096936
2012-04-04,0.0011415674640789385
2012-04-05,0.0007440111175023654
2012-04-09,0.0013545558712779375
2012-04-10,0.000636986544618482
2012-04-11,-0.00015267748682914393
2012-04-12,-0.0003835080707894518
2012-04-13,0.0017030684399168374
2012-04-16,-9.450831718943364e-05
2012-04-17,0.00078831328636253
2012-04-18,0.00022384593334184025
2012-04-19,-0.0005299187942353703
2012-04-20,-0.00021269959164796514
2012-04-23,0.000838908894749511
2012-04-24,0.0030827973877041123
2012-04-25,0.008712596132003172
2012-04-26,0.00885746171066854
2012-04-27,0.002745783931515781
2012-04-30,0.000493657666541988
2012-05-01,-0.0007271625023712214
2012-05-02,0.0013400293459791142
2012-05-03,0.0002461735945369125
2012-05-04,0.0008619445766167837
2012-05-07,0.00033507837125671796
2012-05-08,0.0009601329985792139
2012-05-09,0.00024222037246873621
2012-05-10,-0.00047738041658261586
2012-05-11,0.001447902974750376
2012-05-14,0.0013401997448642994
2012-05-15,0.00028694056374341524
2012-05-16,-0.0002403787727648986
2012-05-17,-0.0014140150222976303
2012-05-18,-0.0008898816724328987
2012-05-21,0.0006705246873055146
2012-05-22,0.0005983045276241861
2012-05-23,0.0015161254426914266
2012-05-24,0.004625688622778885
2012-05-25,-0.007739679436026029
2012-05-29,0.003845186875239542
2012-05-30,0.005949831791986274
2012-05-31,0.004128117245026613
2012-06-01,0.0008578638136630079
2012-06-04,-0.0018682310584667058
2012-06-05,4.0252081319805905e-06
2012-06-06,-0.002395154394096951
2012-06-07,0.0004942648002240095
2012-06-08,0.001506658302979187
2012-06-11,0.0002784756951237654
2012-06-12,-0.0011872869297224677
2012-06-13,0.0012215792151082255
2012-06-14,-0.0002072464291725065
2012-06-15,0.001146917797677379
2012-06-18,0.0008504055452855101
2012-06-19,-0.0016431705599208443
2012-06-20,0.0007238230094961128
2012-06-21,0.0011067918096755362
2012-06-22,-0.0013016821851138715
2012-06-25,0.006443084862277599
2012-06-26,-0.0026387486141402506
2012-06-27,0.002209093874226109
2012-06-28,0.010284477567918263
2012-06-29,-0.02029001233387852
2012-07-02,0.0007212730094313937
2012-07-03,-0.0010582552832673752
2012-07-05,0.0017274281528539281
2012-07-06,0.0019751488936174673
2012-07-09,0.00011972165503125972
2012-07-10,0.0004673358232441019
2012-07-11,-0.00019252917351296735
2012-07-12,0.0011452660003476386
2012-07-13,-0.00010301023710454577
2012-07-16,-1.8712457093510143e-06
2012-07-17,-0.00036277961104605076
2012-07-18,0.0006635036021351635
2012-07-19,-0.00031028024071336153
2012-07-20,0.0017014044870652984
2012-07-23,0.0010926083869821008
2012-07-24,0.0008840791933110452
2012-07-25,-0.0014776717150215713
2012-07-26,0.00645523557922968
2012-07-27,-0.01736528036369341
2012-07-30,0.00856823110479922
2012-07-31,0.003891582982488349
2012-08-01,-0.0007170147981935721
2012-08-02,0.0007909771209042616
2012-08-03,-0.0019926613794578447
2012-08-06,-7.181175471736168e-05
2012-08-07,-0.0016037317459826595
2012-08-08,-0.0008580683121729738
2012-08-09,-0.0003873231113438713
2012-08-10,0.0005134919825945922
2012-08-13,0.00028834774609798715
2012-08-14,-0.001516415461544935
2012-08-15,-0.0018613014928828425
2012-08-16,-0.000998514889066833
2012-08-17,0.000955542662820816
2012-08-20,-0.0003998555587419462
2012-08-21,-0.0007568010821527225
2012-08-22,0.0015105023517826893
2012-08-23,-0.00012321867730172355
2012-08-24,0.0009033366129137928
2012-08-27,0.003323571170205035
2012-08-28,0.0009631592137658663
2012-08-29,-0.003231035987422349
2012-08-30,0.008071977734426864
2012-08-31,0.020487825465145725
2012-09-04,-0.001429717362000912
2012-09-05,9.583257864795084e-05
2012-09-06,-0.00011561117819245943
2012-09-07,-0.0011331835788354746
2012-09-10,1.3577380632068713e-05
2012-09-11,-0.0003331457958414318
2012-09-12,-0.0008306983950448873
2012-09-13,0.0011762710920671976
2012-09-14,-0.0016073456814800421
2012-09-17,0.001731903724820696
2012-09-18,-0.00017647320044263898
2012-09-19,0.0007384189600935802
2012-09-20,-0.0010349861601132175
2012-09-21,0.00017872792929087244
2012-09-24,0.004063993426777328
2012-09-25,0.01036234225124154
2012-09-26,0.01487755396052877
2012-09-27,-0.01101331481649586
2012-09-28,0.0015145036370935129
2012-10-01,-0.0007120542305424802
2012-10-02,0.0003280163252893068
2012-10-03,-1.2644197659921165e-05
2012-10-04,0.0008086331588270964
2012-10-05,-0.0006960808394321201
2012-10-08,-0.0002773353976274956
2012-10-09,-0.0011239258443766996
2012-10-10,-1.5104219454040148e-05
2012-10-11,0.0006916921566057236
2012-10-12,-0.00048167703168780826
2012-10-15,0.00039695235286469304
2012-10-16,0.0006444016762203619
2012-10-17,1.800871093834977e-05
2012-10-18,-0.0006574931077695214
2012-10-19,-0.0015136830215201362
2012-10-22,-0.0001494509383317307
2012-10-23,-0.0013079746851430059
2012-10-24,-0.0006461803766187805
2012-10-25,0.0012106142535209577
2012-10-26,-0.001188304121296073
2012-10-31,0.012934734262151125
2012-11-01,-0.0006440418239098485
2012-11-02,0.000979150207707779
2012-11-05,2.9121271674815448e-05
2012-11-06,-0.0020385543678095573
2012-11-07,-0.0004958060229339361
2012-11-08,-0.001688080722581734
2012-11-09,-0.0007132132935630958
2012-11-12,0.00043306689089204673
2012-11-13,-0.00037565668435629216
2012-11-14,-0.0029109333327196956
2012-11-15,-0.000564061598152003
2012-11-16,0.0014350793385069871
2012-11-19,0.0021402049351203897
2012-11-20,-0.00042873056426790887
2012-11-21,-0.0002145082554262978
2012-11-23,0.0005070176226715833
2012-11-26,-0.0006622307369392247
2012-11-27,-0.0022829344197939066
2012-11-28,0.004858029768806146
2012-11-29,0.004075325666834434
2012-11-30,0.00012849003751801017
2012-12-03,-0.00040961261801183854
2012-12-04,0.000407343139667791
2012-12-05,0.00021484513427317813
2012-12-06,0.000560821139117265
2012-12-07,-0.0008628018842765159
2012-12-10,0.000696585926874622
2012-12-11,0.00036048981166789584
2012-12-12,-0.0006656563638333423
2012-12-13,-0.002138046205709969
2012-12-14,0.0006544292272947229
2012-12-17,0.00017341859602658312
2012-12-18,0.0013135792270870972
2012-12-19,0.00025114620572083864
2012-12-20,0.0012852955119160472
2012-12-21,-0.0009692065113432215
2012-12-24,-0.0014789517789527582
2012-12-26,0.0061781342687952994
2012-12-27,0.007118885376961369
2012-12-28,0.010432605627083098
2012-12-31,-0.022176810708831002
2013-01-02,0.0008048681545979032
2013-01-03,-0.002022548025934773
2013-01-04,0.00020662410090333393
2013-01-07,0.00010012931215585924
2013-01-08,0.00011647022398490395
2013-01-09,0.0002944310443878405
2013-01-10,0.0011105815784565654
2013-01-11,0.0002113292849906872
2013-01-14,0.00024010813300741143
2013-01-15,0.00020457171123933386
2013-01-16,-7.099753609301035e-05
2013-01-17,0.00044879462100750223
2013-01-18,0.0005014815588846093
2013-01-22,0.0006222771271693768
2013-01-23,-1.9622415851608167e-05
2013-01-24,-0.0006146668509846122
2013-01-25,-0.013821843811786574
2013-01-28,-0.0030137918099947
2013-01-29,-0.006855802011120758
2013-01-30,0.003094224880730547
2013-01-31,0.003626799360367915
2013-02-01,-0.0010120825254021288
2013-02-04,-0.0008045624289316984
2013-02-05,0.00014800378266387312
2013-02-06,0.0003558176256988411
2013-02-07,-0.0008728712974973238
2013-02-08,0.001371366648406296
2013-02-11,0.0001152693994086328
2013-02-12,0.0005100547830135938
2013-02-13,-0.00015118609512101245
2013-02-14,0.0006457215921178142
2013-02-15,-4.863886003880218e-05
2013-02-19,0.0009298371756407138
2013-02-20,-0.0009976349429210605
2013-02-21,-0.0017668131552465705
2013-02-22,0.0008364749299149875
2013-02-25,0.003282641933837519
2013-02-26,-0.008040788273992298
2013-02-27,-0.001246572198924068
2013-02-28,0.005115397134601786
2013-03-01,0.0005103584102437822
2013-03-04,-0.00011179888343435572
2013-03-05,0.0010851833999238327
2013-03-06,-0.000757085052749189
2013-03-07,-0.0012403828642049267
2013-03-08,-0.00012508563484141266
2013-03-11,-9.496074389200465e-05
2013-03-12,-0.0006211843750455764
2013-03-13,0.00045434666315414
2013-03-14,0.0011808372901298651
2013-03-15,-9.273266624420667e-05
2013-03-18,1.664945116361865e-05
2013-03-19,0.00028854309831196305
2013-03-20,-7.299658036568615e-05
2013-03-21,-0.0014064793152626157
2013-03-22,-0.0032709021156113105
2013-03-25,0.003236122278611728
2013-03-26,0.00046539702193375076
2013-03-27,0.013663831535175303
2013-03-28,-0.006011010092781243
2013-04-01,-0.00117893779613716
2013-04-02,0.0015660922425878836
2013-04-03,0.0014925965799161894
2013-04-04,0.0032488988363243154
2013-04-05,0.0004567710766199103
2013-04-08,0.0005476507549749393
2013-04-09,-0.0011637572169312042
2013-04-10,0.0017156327998473198
2013-04-11,0.001067325371289828
2013-04-12,0.005843606266112602
2013-04-15,0.004397989092255338
2013-04-16,-0.0003138549322421666
2013-04-17,-0.0002254887842617096
2013-04-18,-0.002656967586846803
2013-04-19,0.001984682694799763
2013-04-22,2.497441840023703e-05
2013-04-23,0.0036807062132775633
2013-04-24,-0.0008492907246668513
2013-04-25,-0.0008625456936098195
2013-04-26,0.008758693978634522
2013-04-29,-0.0004023635684581461
2013-04-30,0.00030432640483243407
2013-05-01,-0.0007162867730451828
2013-05-02,0.002171884577427756
2013-05-03,-0.0022096226744729667
2013-05-06,0.0004826499218982211
2013-05-07,0.0008682531631924889
2013-05-08,0.0007603912633244575
2013-05-09,-0.0008313225569341039
2013-05-10,-0.001577129269264019
2013-05-13,-0.0012642755379825925
2013-05-14,0.00048487800004935435
2013-05-15,0.0035441521699527165
2013-05-16,0.0014329069897124392
2013-05-17,0.000548986890723482
2013-05-20,-0.001982033711981789
2013-05-21,0.003351142716469125
2013-05-22,-0.007390970972667579
2013-05-23,-0.003360148672935651
2013-05-24,0.00011693109843786805
2013-05-28,-0.03535432820423553
2013-05-29,0.014056320452236955
2013-05-30,-0.0016321953223806718
2013-05-31,-0.0044321051971033636
2013-06-03,-0.0011412969498088715
2013-06-04,-0.0004529108540666446
2013-06-05,-0.0021118350750405014
2013-06-06,0.0015997086510012742
2013-06-07,0.0018037247508922263
2013-06-10,-5.5585152995512564e-05
2013-06-11,-0.0013068179135447208
2013-06-12,-0.00031236718962014996
2013-06-13,0.0018635202858293205
2013-06-14,-0.0008359577843877021
2013-06-17,0.0012502963496470545
2013-06-18,0.0007790734950880908
2013-06-19,-0.002148918699401208
2013-06-20,-0.002254040555970778
2013-06-21,0.0007931586439138656
2013-06-24,-0.0021942180146774615
2013-06-25,0.0029806963960147055
2013-06-26,0.006940421623902975
2013-06-27,0.008250646732498895
2013-06-28,-0.0030863217540479057
2013-07-01,0.0004890191879950758
2013-07-02,-0.0002586173095783115
2013-07-03,0.00025431422187768203
2013-07-05,0.00147555884024056
2013-07-08,0.00047562567069606783
2013-07-09,0.000749582149574637
2013-07-10,0.0009409971970076533
2013-07-11,0.002577120466479299
2013-07-12,-0.0002593633156506425
2013-07-15,0.00045746710789883427
2013-07-16,-0.0003286343935241841
2013-07-17,0.0007947203366261064
2013-07-18,0.001007571114442994
2013-07-19,-0.0010187068001574896
2013-07-22,9.96944084117035e-05
2013-07-23,0.0001611743605083232
2013-07-24,-0.0003140745437611668
2013-07-25,-9.340757250043891e-05
2013-07-26,-4.672452529154212e-05
2013-07-29,-0.006422352356104023
2013-07-30,-0.0009176486560432784
2013-07-31,0.0016924997370182191
2013-08-01,0.0007704767601619757
2013-08-02,-0.0003212800770338369
2013-08-05,0.0006485593709617339
2013-08-06,-0.0005729597047059617
2013-08-07,-0.0011526942754419302
2013-08-08,-7.947334001423232e-05
2013-08-09,-0.0005985103682722083
2013-08-12,-0.0009510708023877556
2013-08-13,0.0020834780406351725
2013-08-14,-0.0012444275316597709
2013-08-15,-0.0026134270473104574
2013-08-16,-0.0006568404659077312
2013-08-19,-0.0005926505923745708
2013-08-20,0.000896989747599133
2013-08-21,-0.00036312839385595165
2013-08-22,0.0015048781700285592
2013-08-23,-0.0012290320151002677
2013-08-26,-0.0012809689218029518
2013-08-27,-0.003415272154299535
2013-08-28,-0.009529970281223222
2013-08-29,0.0035687938522977387
2013-08-30,-0.004565781811344172
2013-09-03,0.000186284692358291
2013-09-04,0.0044169953335712
2013-09-05,0.0018911082515559313
2013-09-06,-0.0011282803216526181
2013-09-09,0.0028991589090368143
2013-09-10,0.004299907861348891
2013-09-11,-0.0009613715309227364
2013-09-12,0.0009052355157200187
2013-09-13,7.241791674551503e-05
2013-09-16,0.002591295415151534
2013-09-17,0.0011198807749388021
2013-09-18,-0.003426839551572434
2013-09-19,0.0013822524549681149
2013-09-20,0.0007722415922313332
2013-09-23,-0.001523763592211699
2013-09-24,0.004983356646696217
2013-09-25,0.005696687232257409
2013-09-26,-0.008832710551014629
2013-09-27,0.006195616131862642
2013-09-30,0.0074264880127057585
2013-10-01,0.0009307249544952622
2013-10-02,-0.0012930292986357706
2013-10-03,-0.001783073059447895
2013-10-04,0.0012643490712760256
2013-10-07,-0.0024859654529739593
2013-10-08,-0.0024470400811067213
2013-10-09,0.0009912790193947244
2013-10-10,0.0043720687817050685
2013-10-11,0.0023522392658012693
2013-10-14,0.0018957811213104483
2013-10-15,-0.0016687677002673344
2013-10-16,0.0013544890323222382
2013-10-17,0.0007755157048353483
2013-10-18,0.0013466211155910902
2013-10-21,-5.7774632852343724e-05
2013-10-22,-0.00027944750427787716
2013-10-23,-0.0007316877786007775
2013-10-24,0.0008829034931372047
2013-10-25,-0.0009496115238419616
2013-10-28,-0.002056340901066313
2013-10-29,0.001953942022490121
2013-10-30,-0.007547636193625557
2013-10-31,-0.0028146341297374876
2013-11-01,-5.8797319737740624e-05
2013-11-04,0.0013245575549714825
2013-11-05,-0.00026525024056141543
2013-11-06,-6.418082574938148e-05
2013-11-07,-0.003852417111971982
2013-11-08,0.004566449430068989
2013-11-11,0.0002986445960031608
2013-11-12,0.00019681063451503712
2013-11-13,0.0011803847647724917
2013-11-14,-0.0008645882175847723
2013-11-15,0.0017132755205418347
2013-11-18,-0.0013185163742339507
2013-11-19,0.0004826666873118062
2013-11-20,0.0013119334649723657
2013-11-21,0.0012571818142875248
2013-11-22,-0.0006375241944134247
2013-11-25,0.0005210480747456202
2013-11-26,0.0060551235432851
2013-11-27,-0.006769088692795377
2013-11-29,-0.0013328268350641698
2013-12-02,-0.00041118306711674464
2013-12-03,-0.0017965668865060189
2013-12-04,7.218394815117576e-05
2013-12-05,0.0012026403828826093
2013-12-06,0.0023013566992305607
2013-12-09,0.00015452167627122505
2013-12-10,-0.0031014090818489324
2013-12-11,-0.002791301002387414
2013-12-12,0.0011858055632072637
2013-12-13,-0.0007913925862645178
2013-12-16,0.0017606794670846616
2013-12-17,-0.0012545706117723509
2013-12-18,0.005592562400351326
2013-12-19,0.00016832991219959854
2013-12-20,-0.0005249494955855908
2013-12-23,0.003646041423678016
2013-12-24,-0.005017086833380805
2013-12-26,-0.0033807784323395674
2013-12-27,-0.002790641132683079
2013-12-30,0.009624974976964238
2013-12-31,-0.01558741941271671
2014-01-02,-0.002316035037354984
2014-01-03,-0.00039963590233153286
2014-01-06,-0.0005108156952035758
2014-01-07,0.0009019178264665485
2014-01-08,0.0013482578142243926
2014-01-09,-0.00033042981776463463
2014-01-10,-0.0015753003615401454
2014-01-13,-0.0023876558389171586
2014-01-14,0.0029538536727457686
2014-01-15,0.0010028563337816656
2014-01-16,-0.00044738855745501076
2014-01-17,-0.0018508047301803898
2014-01-21,0.0020417425889153974
2014-01-22,0.0004161783247145142
2014-01-23,-0.0021494525108127216
2014-01-24,-0.004862667656487585
2014-01-27,5.0777849608428524e-05
2014-01-28,0.002755456448959921
2014-01-29,0.002084507473977696
2014-01-30,0.0039982445968229745
2014-01-31,0.0037490433418872183
2014-02-03,-0.003787774431576643
2014-02-04,0.0013491503405795185
2014-02-05,-0.00015107751435593583
2014-02-06,0.0019034421260643696
2014-02-07,0.001402025613536759
2014-02-10,0.0007817112897650448
2014-02-11,0.0015294002808987528
2014-02-12,0.00036320089254213145
2014-02-13,-0.00030198252789597797
2014-02-14,-0.0005817768989129478
2014-02-18,-0.0002527178837107042
2014-02-19,-0.0001938170942306412
2014-02-20,0.0009888276467157047
2014-02-21,-0.0001806730769447589
2014-02-24,-0.005298879285984721
2014-02-25,0.0059537211125590414
2014-02-26,0.009402690973873796
2014-02-27,0.0022938935102573333
2014-02-28,-0.00399927008843509
2014-03-03,-0.003071235167580304
2014-03-04,0.004572391355799902
2014-03-05,-0.00013652501864310577
2014-03-06,-0.00017333765623272308
2014-03-07,0.00031634524071142605
2014-03-10,-0.00021321963746831458
2014-03-11,-0.0008541679617293681
2014-03-12,-0.00042081494964070243
2014-03-13,-0.0029496006887972373
2014-03-14,-0.00102221412855812
2014-03-17,0.0032760052419325983
2014-03-18,0.0014689262021695998
2014-03-19,-0.0006141557729574023
2014-03-20,0.0015163333066440003
2014-03-21,-0.0014577012844581815
2014-03-24,-0.000425754487977637
2014-03-25,-0.0005682423159677218
2014-03-26,0.001265699390682201
2014-03-27,0.0015981378651342504
2014-03-28,-0.011272616116985318
2014-03-31,0.000610536109948786
2014-04-01,0.0009407262569691836
2014-04-02,0.00043475465980445763
2014-04-03,-0.0012850408649552972
2014-04-04,-0.003234259272379419
2014-04-07,-0.0014856542775675075
2014-04-08,0.0006087710215541583
2014-04-09,0.002461878636667269
2014-04-10,-0.0055146398926834515
2014-04-11,-0.002846742494051428
2014-04-14,0.001192389951578477
2014-04-15,0.0018960424889846435
2014-04-16,0.0016382997973908547
2014-04-17,0.0003864823398801685
2014-04-21,0.0018115179710419284
2014-04-22,0.0014923684481680047
2014-04-23,-0.001299141146209189
2014-04-24,-0.0004840613661277632
2014-04-25,-0.0014356733347772907
2014-04-28,-0.0052627337348521526
2014-04-29,0.0033032554306412086
2014-04-30,0.009661810723537036
2014-05-01,-0.0014412765344765782
2014-05-02,-0.0011605641896638302
2014-05-05,5.0548048953773914e-05
2014-05-06,-0.0008707710328788214
2014-05-07,0.0017532699777391336
2014-05-08,-0.0005096403524981268
2014-05-09,-0.0001755201362674781
2014-05-12,0.001388450861376474
2014-05-13,-0.0009365059373880805
2014-05-14,-0.002474013824063086
2014-05-15,-0.0015978981995367271
2014-05-16,0.0017023243916036393
2014-05-19,0.0013666326311554432
2014-05-20,-0.0019428805321266428
2014-05-21,0.0011555456043265615
2014-05-22,-1.1484221031630914e-05
2014-05-23,0.0005493575193061684
2014-05-27,0.004597499920326515
2014-05-28,0.01118401948250561
2014-05-29,-0.0015946180950095928
2014-05-30,-0.0006971472242116046
2014-06-02,-0.002088555370963653
2014-06-03,-0.0017442653702961402
2014-06-04,-3.095812782654337e-05
2014-06-05,0.0026226580037531995
2014-06-06,0.000999996963910194
2014-06-09,-0.000968031989799469
2014-06-10,-0.001257234338656826
2014-06-11,-0.0001366464626815844
2014-06-12,-0.0008072175673780089
2014-06-13,-0.00010871938957236495
2014-06-16,0.0003230349413884497
2014-06-17,-0.0012857979438910395
2014-06-18,0.0037708897658460883
2014-06-19,-0.0033747632971551835
2014-06-20,0.0011087095839555502
2014-06-23,-0.00039202334695749997
2014-06-24,0.01422332824502245
2014-06-25,-0.001289518610047662
2014-06-26,0.008575809109658406
2014-06-27,-0.00022308001860096112
2014-06-30,0.002833517408797822
2014-07-01,-0.0011114262187161559
2014-07-02,-0.001101525826815366
2014-07-03,-0.0004387309336428502
2014-07-07,-0.000530830975619501
2014-07-08,8.406630720143449e-05
2014-07-09,0.000913426173968689
2014-07-10,-0.0006165422205095929
2014-07-11,0.000669588528172928
2014-07-14,-0.00040497010095232863
2014-07-15,-0.0019537801901616247
2014-07-16,0.00073568397001476
2014-07-17,-0.00048002492479568606
2014-07-18,0.0013129540019037808
2014-07-21,0.00010349770918334318
2014-07-22,0.0007245340418952993
2014-07-23,0.0007174061959871737
2014-07-24,-0.0015993975705066573
2014-07-25,0.0048287895123343754
2014-07-28,-0.001504599245484154
2014-07-29,0.004067920713314995
2014-07-30,-0.02590050120708692
2014-07-31,-0.0002580823310956395
2014-08-01,-0.0005397277513427277
2014-08-04,0.0008854591505652271
2014-08-05,-0.0013263593839657824
2014-08-06,-0.0002469715606407091
2014-08-07,-5.568466118320793e-07
2014-08-08,0.0013421478182687005
2014-08-11,0.0010710009073472387
2014-08-12,-0.0004803104141698886
2014-08-13,0.0016745537614820162
2014-08-14,0.0013402561687913582
2014-08-15,0.0007802155596793608
2014-08-18,0.00093668824459511
2014-08-19,-0.00014866024338591673
2014-08-20,-0.0007674566004417878
2014-08-21,0.0008785192629781245
2014-08-22,-0.0005663473640436329
2014-08-25,-0.0008699044566359731
2014-08-26,-0.00018854849267348957
2014-08-27,0.008841616534682897
2014-08-28,0.004193956655911497
2014-08-29,-0.0004824816589364523
2014-09-02,-0.0013823707915823185
2014-09-03,0.00035387554156244037
2014-09-04,-0.0025338059197826572
2014-09-05,0.0005777610582960421
2014-09-08,-0.0010079907347889667
2014-09-09,-0.0018667317036599317
2014-09-10,-0.00030516080474096653
2014-09-11,0.00016580102984624565
2014-09-12,-0.0025699919493483237
2014-09-15,-0.0009725709143876398
2014-09-16,0.0011764128821513163
2014-09-17,-0.0010479144799019292
2014-09-18,0.0014252816391795895
2014-09-19,0.001089875161935404
2014-09-22,-0.0011660533778216453
2014-09-23,-0.0010984283044415883
2014-09-24,-0.003988875109497695
2014-09-25,0.004976329478053816
2014-09-26,-0.009303524978505224
2014-09-29,0.010581631729967856
2014-09-30,-0.002029260115644543
2014-10-01,-0.0012035775796481573
2014-10-02,-0.0006458891935336949
2014-10-03,0.00414609778529496
2014-10-06,-0.0018900014615129488
2014-10-07,-0.001151633626404304
2014-10-08,0.0040269459232871495
2014-10-09,-0.004083698100912283
2014-10-10,-0.001754149690135802
2014-10-13,-0.0010512222165408106
2014-10-14,0.0028478817826238572
2014-10-15,-0.0005501712496112095
2014-10-16,-0.0012046941329540953
2014-10-17,0.0024121565753860903
2014-10-20,0.0026358020566213188
2014-10-21,0.0029809170721240325
2014-10-22,-0.0004234642422975645
2014-10-23,0.0006782057625267505
2014-10-24,0.0015955897069446225
2014-10-27,-0.0028309043370510476
2014-10-28,0.01078183177489043
2014-10-29,-0.00829325194845201
2014-10-30,0.005514758307739958
2014-10-31,0.002275270309048873
2014-11-03,-0.00032158030543440126
2014-11-04,4.70382123626686e-05
2014-11-05,0.0019960994513417837
2014-11-06,-0.001139601000525696
2014-11-07,0.00039757757906056125
2014-11-10,0.0009390535080344756
2014-11-11,-0.0009942399199502935
2014-11-12,-0.00022446551930041717
2014-11-13,0.0006268434148482769
2014-11-14,-0.0023719163515603103
2014-11-17,-0.000521302696913005
2014-11-18,0.0009607002274336327
2014-11-19,-0.0016150374821321326
2014-11-20,0.0004179366545071193
2014-11-21,0.0027661924126026675
2014-11-24,0.001615002874681045
2014-11-25,0.007830969152016282
2014-11-26,0.006490569660136434
2014-11-28,0.016177029080019396
2014-12-01,-0.006542570648314193
2014-12-02,0.0005589194842900635
2014-12-03,0.00102252748572613
2014-12-04,0.0008726047673866119
2014-12-05,-0.0007206449877673448
2014-12-08,0.0002615466908075267
2014-12-09,-0.0001232086221706386
2014-12-10,-0.001328754088061979
2014-12-11,0.0004284423831411982
2014-12-12,-0.0005494226615863948
2014-12-15,0.00048549626442120154
2014-12-16,0.00024974050904024136
2014-12-17,0.0038416459716612383
2014-12-18,0.0007027087393053312
2014-12-19,0.002327517029292981
2014-12-22,0.0032777151838211636
2014-12-23,-0.0034098250634850935
2014-12-24,0.000990767681531668
2014-12-26,0.00017851431703877724
2014-12-29,0.012361271719206632
2014-12-30,0.0032865476694465003
2014-12-31,0.004740786313948356
2015-01-02,0.001562789391980709
2015-01-05,0.0009375126435249218
2015-01-06,0.0010335536747702
2015-01-07,0.001754965660083562
2015-01-08,0.00029932334198753995
2015-01-09,0.0006886944774023473
2015-01-12,0.0008668923481031213
2015-01-13,-0.0005903134401452518
2015-01-14,0.0013272575349784954
2015-01-15,0.0011501450229174266
2015-01-16,-0.0027530788368830025
2015-01-20,0.001173899501096808
2015-01-21,-0.0025099315044925883
2015-01-22,0.002121693286853653
2015-01-23,0.004035067729600793
2015-01-26,0.0027731024926047313
2015-01-27,-0.007871929868774644
2015-01-28,0.009377460439816934
2015-01-29,-0.00048526525855220544
2015-01-30,0.009378978028827532
2015-02-02,-0.00017305093179092375
2015-02-03,-0.0027067860780006143
2015-02-04,0.0011282805478336976
2015-02-05,-0.0006811489757676423
2015-02-06,-0.00480794748940704
2015-02-09,-0.0017204351184689703
2015-02-10,0.000452750267976445
2015-02-11,0.00018106180677131283
2015-02-12,0.0006691500468567086
2015-02-13,-0.0014810425593517298
2015-02-17,-0.002469000674428045
2015-02-18,0.0028081457869609597
2015-02-19,-0.0015690819427954977
2015-02-20,0.0015445846498321348
2015-02-23,0.011031856728664045
2015-02-24,0.013027639784990571
2015-02-25,0.002730518356870331
2015-02-26,-0.01747080060155333
2015-02-27,0.013217674214806947
2015-03-02,-0.0016458371443469596
2015-03-03,-0.000630923237755043
2015-03-04,-0.00012157927487433329
2015-03-05,0.0003975677056082897
2015-03-06,-0.002656113878160324
2015-03-09,0.0008912422226508321
2015-03-10,0.00029210775663484516
2015-03-11,0.0014189966249711658
2015-03-12,0.0007735395803791709
2015-03-13,-0.00032888950906277833
2015-03-16,0.001139760868801558
2015-03-17,0.0008663834232191651
2015-03-18,0.0023569207155537493
2015-03-19,-0.00026007961430236996
2015-03-20,0.0005680107017547596
2015-03-23,-0.0011050501593808288
2015-03-24,0.0008486785819711101
2015-03-25,-0.004003895649743105
2015-03-26,-0.0014887002733102932
2015-03-27,0.012935035681977715
2015-03-30,0.0032090567661569396
2015-03-31,0.006871745459022179
2015-04-01,-0.00079217593780834
2015-04-02,-0.00015337211678423732
2015-04-06,0.00011050556900238541
2015-04-07,0.000732990222007787
2015-04-08,0.0015988592250441981
2015-04-09,-0.00036560673936301096
2015-04-10,-0.00011282403981953991
2015-04-13,0.000299486473950068
2015-04-14,0.0004771995809624329
2015-04-15,-7.983516138819676e-05
2015-04-16,-0.0005104751198024938
2015-04-17,-0.0008628020952220851
2015-04-20,0.0013428137639746283
2015-04-21,-0.0004426093530814671
2015-04-22,-0.0004549995113000069
2015-04-23,0.00017280165970523433
2015-04-24,0.0027260405676102274
2015-04-27,-0.0017565953183007513
2015-04-28,-0.01831766355148575
2015-04-29,-0.013227608696200644
2015-04-30,0.0006301255054523706
2015-05-01,-0.00044879515805236876
2015-05-04,-0.0005674468759600282
2015-05-05,-0.0023759287761955473
2015-05-06,-0.0018776621280926038
2015-05-07,0.0019026415135102923
2015-05-08,0.0026207574456504797
2015-05-11,-0.0025988369978555354
2015-05-12,-0.000881647893191913
2015-05-13,-0.0014023687306637229
2015-05-14,0.0018786120715855118
2015-05-15,0.0016941560861643487
2015-05-18,-0.0009994562972904296
2015-05-19,0.00024451036650705607
2015-05-20,0.0003758249224673488
2015-05-21,0.0010733127719472625
2015-05-22,-0.0009502658469810663
2015-05-26,0.012203639247547407
2015-05-27,-0.005665956315835749
2015-05-28,0.002230518123727813
2015-05-29,0.0037830249240388756
2015-06-01,-0.00041246861878628364
2015-06-02,-0.0026183602859689422
2015-06-03,-0.0007616260824538227
2015-06-04,0.0011960088751559119
2015-06-05,-0.00043302709566485744
2015-06-08,-0.001274752206041969
2015-06-09,-0.0012807874638412567
2015-06-10,-0.00045264082197665805
2015-06-11,0.0026028135018540694
2015-06-12,-0.0006739604300413527
2015-06-15,-0.0008414868987867692
2015-06-16,0.001995885884251438
2015-06-17,-0.0009252188616765052
2015-06-18,0.0009333584781045902
2015-06-19,0.0013055516076604142
2015-06-22,-0.001643449850068295
2015-06-23,-8.668986709937018e-05
2015-06-24,0.005952287051652613
2015-06-25,-0.001581523199744676
2015-06-26,-0.016968494031431986
2015-06-29,0.044169176191756074
2015-06-30,-0.009691069073996144
2015-07-01,-0.000645372488086913
2015-07-02,-0.00020945835943950088
2015-07-06,0.0013056937846453447
2015-07-07,0.0011930711806068734
2015-07-08,0.0001898127164450483
2015-07-09,-0.0011256057085454554
2015-07-10,-0.0008236066962242454
2015-07-13,0.000694442305596113
2015-07-14,0.00041537912655938207
2015-07-15,0.0008259825959948594
2015-07-16,0.0005706999563073744
2015-07-17,0.000725794388324438
2015-07-20,0.0009207052317529285
2015-07-21,-0.0001718108480274705
2015-07-22,0.0009773719736127166
2015-07-23,0.0001751969535827116
2015-07-24,-4.94423075491443e-05
2015-07-27,0.0015872056132798132
2015-07-28,-0.00208702392220977
2015-07-29,-0.003616186687543518
2015-07-30,0.002261360059942683
2015-07-31,0.009707823280061041
2015-08-03,0.0004826884292122716
2015-08-04,-0.0005037835962686044
2015-08-05,-0.00013247936722366694
2015-08-06,-0.0006125804675821421
2015-08-07,-6.751263534177523e-05
2015-08-10,-0.001015294245658386
2015-08-11,0.00022304896765373762
2015-08-12,-0.00037981770343962666
2015-08-13,0.0001050301152556857
2015-08-14,0.0007083100962495027
2015-08-17,0.0010344020333725988
2015-08-18,0.0002484553928653318
2015-08-19,-0.0006174457876009722
2015-08-20,-0.001999550502144051
2015-08-21,-0.0013457361473234316
2015-08-24,-0.002095669396197848
2015-08-25,-0.002865945890521186
2015-08-26,0.03713061450992379
2015-08-27,0.01409080282662511
2015-08-28,-0.00019538259602945422
2015-08-31,-0.005186434358347129
2015-09-01,-5.686943673547444e-05
2015-09-02,0.0001809982447170383
2015-09-03,-7.055674361129283e-05
2015-09-04,0.0006124289721448165
2015-09-08,-0.0003764211204445204
2015-09-09,0.00025168113528365544
2015-09-10,-0.00037522394623306157
2015-09-11,-7.349281221562095e-05
2015-09-14,0.0003725929797814726
2015-09-15,0.00030157884285296
2015-09-16,-0.0009809759613943327
2015-09-17,-0.000802446871623215
2015-09-18,0.0003843196035407277
2015-09-21,0.00022467601807464485
2015-09-22,0.0009656675981624761
2015-09-23,0.00018323039722607402
2015-09-24,-0.0012530321865253115
2015-09-25,0.0008037745912157653
2015-09-28,0.006011263179767168
2015-09-29,0.00431255928341249
2015-09-30,0.0020448352941251336
2015-10-01,-0.0002981768007847555
2015-10-02,-0.0009377074475207068
2015-10-05,-0.0011260518588441177
2015-10-06,-0.0009384028976409564
2015-10-07,-0.0004712553637804819
2015-10-08,-0.0004017335930178899
2015-10-09,-0.00037651381613915987
2015-10-12,0.0006973915345880863
2015-10-13,8.299077708524248e-05
2015-10-14,-0.0006826725195041971
2015-10-15,0.00015827148657930027
2015-10-16,0.00027833001373757
2015-10-19,0.0008699401833882493
2015-10-20,-0.0005967159766752275
2015-10-21,0.0009965301320864586
2015-10-22,0.00024099334903259346
2015-10-23,-0.0003188281765467293
2015-10-26,0.004185039412356517
2015-10-27,0.004326361763573129
2015-10-28,-0.017669460869178033
2015-10-29,-0.01600741909613415
2015-10-30,0.0054121574856800785
2015-11-02,-0.0005725109571770039
2015-11-03,-9.289005856251931e-05
2015-11-04,0.0009073411980855059
2015-11-05,0.0005104179412512466
2015-11-06,0.0002507520038973023
2015-11-09,-0.00017041373969142666
2015-11-10,0.0008780010164631231
2015-11-11,1.166875141978328e-05
2015-11-12,7.526897674774112e-05
2015-11-13,0.0004386996521208079
2015-11-16,0.0002277477273588271
2015-11-17,0.0004911462017856957
2015-11-18,0.00036801224610443276
2015-11-19,-0.00017424817830265566
2015-11-20,0.0006373150262899786
2015-11-23,0.0007971064830817282
2015-11-24,-0.0005153306356452729
2015-11-25,0.0014474769467184975
2015-11-27,0.004238846759485529
2015-11-30,0.0013768248483196134
2015-12-01,-0.0015289581476355177
2015-12-02,0.0008004663781667727
2015-12-03,-0.0023188939855600314
2015-12-04,0.0003751669034044523
2015-12-07,0.0017617065335051776
2015-12-08,0.0009107563574173214
2015-12-09,-0.0009212449860308609
2015-12-10,0.0009212307817266579
2015-12-11,0.001121615911497108
2015-12-14,0.001456377494475397
2015-12-15,-0.00032075328800549436
2015-12-16,-0.0005077046884900829
2015-12-17,0.002107245076897625
2015-12-18,-0.0019008817685118612
2015-12-21,0.0001174419962910309
2015-12-22,-0.00036027822236386344
2015-12-23,-0.0008328672506345928
2015-12-24,-0.002071147143375236
2015-12-28,0.0011288891281030253
2015-12-29,-0.011352948575756368
2015-12-30,-0.000219427685095319
2015-12-31,0.0004667184558189969
2016-01-04,-0.0006878622461014159
2016-01-05,0.0006862821490607194
2016-01-06,-0.00027369503945096
2016-01-07,-0.000784558327782373
2016-01-08,0.0008583590376106892
2016-01-11,0.00244287225605922
2016-01-12,-0.00010838891576365324
2016-01-13,-0.0010710426380590716
2016-01-14,0.0014019369620084828
2016-01-15,0.0013050337564845622
2016-01-19,0.0007690218595420879
2016-01-20,-0.0003486134046749222
2016-01-21,2.1374100488368016e-05
2016-01-22,-0.0014108561320001183
2016-01-25,-0.02288032221356346
2016-01-26,0.008296678280393587
2016-01-27,-0.008908581471970694
2016-01-28,0.0020007185656374096
2016-01-29,0.010598281660740977
2016-02-01,-0.00021272781020697368
2016-02-02,0.0009632422324491588
2016-02-03,-0.0016803164599155165
2016-02-04,-0.0006049996045996024
2016-02-05,0.0008598193008600805
2016-02-08,0.00039696190023340674
2016-02-09,0.001110676172725159
2016-02-10,-0.0005720814072650499
2016-02-11,-0.0005333770545563479
2016-02-12,-0.0007761710497151833
2016-02-16,0.0008333053067076263
2016-02-17,-0.0012096577748103945
2016-02-18,-0.0011684068664157997
2016-02-19,0.00013264448411796876
2016-02-22,-0.0007247326882018411
2016-02-23,-0.0030958767671995764
2016-02-24,0.0003509466050727137
2016-02-25,0.007210956069028213
2016-02-26,-0.011841566288299106
2016-02-29,0.002058109184976733
2016-03-01,-0.003184506213364448
2016-03-02,-0.0005728326110929834
2016-03-03,-0.0008918828689000481
2016-03-04,-0.0010178045956269373
2016-03-07,-0.00031612153458620673
2016-03-08,0.0013560753091630797
2016-03-09,-0.0008367375924033992
2016-03-10,-0.0004854376867448558
2016-03-11,-0.0024567104153265904
2016-03-14,0.0003624513783844761
2016-03-15,0.0010249826376489226
2016-03-16,-0.0020498332295363483
2016-03-17,-0.0018568985155258707
2016-03-18,-0.0002856428353948055
2016-03-21,-0.00020289498907020037
2016-03-22,0.00024723154076102265
2016-03-23,0.0017463522913631912
2016-03-24,-0.0023523722290265253
2016-03-28,0.0026348616946473215
2016-03-29,0.01745801799573465
2016-03-30,-0.006880221944249831
2016-03-31,0.013190454656832318
2016-04-01,-0.000438086301460373
2016-04-04,0.00047053716311788713
2016-04-05,0.0008307707857150076
2016-04-06,-0.0007170805258354693
2016-04-07,0.0010260991576455315
2016-04-08,-0.0011081149617043176
2016-04-11,-0.0006101190106754433
2016-04-12,-0.0014746114181253978
2016-04-13,-0.0006735695911812595
2016-04-14,-0.0005016125982396957
2016-04-15,0.0010324941300749871
2016-04-18,-0.00022592678789026634
2016-04-19,-0.0009033583326979061
2016-04-20,-0.0016733841056479509
2016-04-21,-0.000253107399370848
2016-04-22,-0.0005223813919003904
2016-04-25,-0.00027896721484168966
2016-04-26,-0.0021849394207406315
2016-04-27,0.01157045370023752
2016-04-28,0.010215898973972452
2016-04-29,0.00042097183326440265
2016-05-02,-0.0011317254121878727
2016-05-03,0.0013900793762778828
2016-05-04,0.0005773578052870633
2016-05-05,0.0005719927992046468
2016-05-06,-0.00034463715046833507
2016-05-09,5.820876585449511e-05
2016-05-10,-0.0006804221061892545
2016-05-11,0.00033473971589957966
2016-05-12,-0.0005726300344636356
2016-05-13,0.0008430577601886024
2016-05-16,-0.001137353689282785
2016-05-17,0.00014020301576066037
2016-05-18,-0.002449167768876006
2016-05-19,0.00021578110212637616
2016-05-20,-0.0004960097724052293
2016-05-23,0.00016292190102054418
2016-05-24,-0.0009998078456174974
2016-05-25,-0.0001844146634057635
2016-05-26,0.010330082640066008
2016-05-27,-0.0073067927266135466
2016-05-31,0.00409319796958227
2016-06-01,-0.0010394186758902486
2016-06-02,0.0005310418312621814
2016-06-03,0.0022857301208068477
2016-06-06,-0.0013433891355428983
2016-06-07,-3.5882303850125995e-05
2016-06-08,5.215721671455052e-05
2016-06-09,0.0008519564099347689
2016-06-10,0.0012725261975761431
2016-06-13,0.0008847068646881937
2016-06-14,-2.0752894053363478e-05
2016-06-15,0.0009207014920422074
2016-06-16,0.001026522197885842
2016-06-17,-0.0017981587970007191
2016-06-20,-0.0020399728851608133
2016-06-21,-0.0011255615325290707
2016-06-22,0.0007352692237777323
2016-06-23,-0.0018916808038507056
2016-06-24,-0.01894678307573291
2016-06-27,-0.010270750098448404
2016-06-28,0.0035974552622253177
2016-06-29,-0.005718084590361991
2016-06-30,0.008806573554221115
2016-07-01,0.0015679097469953214
2016-07-05,0.0023294311767064913
2016-07-06,0.00099413637377175
2016-07-07,-0.00026465129442294503
2016-07-08,0.0021002695347643505
2016-07-11,-0.0015823845859495099
2016-07-12,-0.002884778993557023
2016-07-13,0.0020223905420891633
2016-07-14,-0.0017128222528988567
2016-07-15,-0.0014754183842550289
2016-07-18,0.00027026453693808453
2016-07-19,0.0006464570512405186
2016-07-20,-0.0010441461797966562
2016-07-21,0.0014504658857972521
2016-07-22,-0.0003110179443022365
2016-07-25,-0.0004999830664446815
2016-07-26,0.00039093070467740795
2016-07-27,0.015302299608287537
2016-07-28,0.0011294698191756057
2016-07-29,0.012118228760183982
2016-08-01,-0.002087339415559956
2016-08-02,-0.001629997784447599
2016-08-03,2.999205317489495e-05
2016-08-04,0.001054701322125475
2016-08-05,-0.0012217710102434393
2016-08-08,0.0002250959398198658
2016-08-09,0.0017406743761226536
2016-08-10,0.0007952474012923608
2016-08-11,-0.0014398547728672485
2016-08-12,0.000832151708084553
2016-08-15,-0.0004021277878598213
2016-08-16,-0.0010345638556305806
2016-08-17,0.0006333947771704857
2016-08-18,0.00109369152723462
2016-08-19,-0.001713211410291242
2016-08-22,0.0005622223243421541
2016-08-23,0.00044726079153431373
2016-08-24,-0.0013515596333853418
2016-08-25,-0.0011402796882218008
2016-08-26,-0.003473785259330135
2016-08-29,0.014203050514180334
2016-08-30,-0.0006239471887048913
2016-08-31,-0.003659739821923887
2016-09-01,-0.00041499910211827547
2016-09-02,0.0008093767275551196
2016-09-06,0.0026731943478634206
2016-09-07,-0.0002703208785953305
2016-09-08,-0.0024029190914548085
2016-09-09,-0.005685646508104613
2016-09-12,0.001837919552122488
2016-09-13,-0.0036470696231629216
2016-09-14,0.0008431451728396494
2016-09-15,0.001291077785242776
2016-09-16,-0.0004377604505807233
2016-09-19,0.0006000279784027187
2016-09-20,0.00014965934877766887
2016-09-21,0.003830313684425474
2016-09-22,0.00262523790572731
2016-09-23,-0.0005150408182592562
2016-09-26,2.8493711699578204e-05
2016-09-27,0.000810547918059561
2016-09-28,-0.002450917936863329
2016-09-29,0.001299883815636128
2016-09-30,-0.009181552953864717
2016-10-03,-0.002121291639741099
2016-10-04,-0.0034190749714777618
2016-10-05,-0.00026129493949417454
2016-10-06,-0.0010470193523095309
2016-10-07,3.6453203522331656e-05
2016-10-10,0.0004507257422313607
2016-10-11,-0.002981034300688848
2016-10-12,0.000295796100331505
2016-10-13,-8.532328463342673e-06
2016-10-14,-0.0012576111419492632
2016-10-17,0.0006619120788333177
2016-10-18,0.002032993695861709
2016-10-19,0.0008280312441689513
2016-10-20,-0.0005709770013847155
2016-10-21,7.602284489441438e-06
2016-10-24,0.0001858655778919632
2016-10-25,-6.574625030067503e-05
2016-10-26,-0.0020153376662133114
2016-10-27,-0.014935110273697873
2016-10-28,0.0005301712844329177
2016-10-31,0.0035890278302279422
2016-11-01,-0.002104052296928383
2016-11-02,-0.0004413296646216581
2016-11-03,-0.0014401941109932696
2016-11-04,0.0013107427770606556
2016-11-07,0.002578808156774763
2016-11-08,-0.00014164808208255047
2016-11-09,-0.004268657088623756
2016-11-10,-0.002962674950612841
2016-11-11,-0.0021469318054860896
2016-11-14,-0.0008307110672827146
2016-11-15,0.002223412050632664
2016-11-16,0.0009688653910833747
2016-11-17,-0.0017165882530825699
2016-11-18,-0.0012620135528770087
2016-11-21,0.0008102760865643916
2016-11-22,0.0021874239673568656
2016-11-23,-0.011901633627439494
2016-11-25,-0.005896635083818817
2016-11-28,0.01714750730046807
2016-11-29,0.0024917312667359394
2016-11-30,-0.021201977148715
2016-12-01,-0.0017457347208813677
2016-12-02,0.0002630414750256275
2016-12-05,0.0003510257764802258
2016-12-06,0.0003767044751726056
2016-12-07,0.0006175692306524533
2016-12-08,0.0005921505630727538
2016-12-09,9.472040719611956e-05
2016-12-12,-0.00015971877036192845
2016-12-13,0.0001940623444965031
2016-12-14,-0.0008344882616647939
2016-12-15,-0.00023953677646617244
2016-12-16,2.6288832566197977e-05
2016-12-19,0.000362973696269658
2016-12-20,0.00043966068452926723
2016-12-21,-0.0003780279985706803
2016-12-22,-9.688721360141489e-05
2016-12-23,-6.848665092809511e-05
2016-12-27,-0.001676459192713737
2016-12-28,0.01089065835242263
2016-12-29,0.006893988733023179
2016-12-30,0.007060509540651973
2017-01-03,9.725059177746048e-05
2017-01-04,0.0008868735570922297
2017-01-05,0.0007132491834602687
2017-01-06,-0.00038673552083830817
2017-01-09,1.0363975291313117e-05
2017-01-10,0.00016438658306937832
2017-01-11,0.0004901601908705748
2017-01-12,9.746499818682545e-05
2017-01-13,-3.083846431450962e-05
2017-01-17,0.00029578300721657086
2017-01-18,-0.0006399938491952667
2017-01-19,-0.0007611768790283098
2017-01-20,0.0004887628506097129
2017-01-23,0.0006742465307850757
2017-01-24,9.248196184840095e-05
2017-01-25,-0.0017155367268689194
2017-01-26,0.00029998636205804936
2017-01-27,0.00326325472076892
2017-01-30,-0.001114622411142278
2017-01-31,0.011699825901695096
2017-02-01,-0.0008295977070435422
2017-02-02,0.0001605626183585249
2017-02-03,0.0005472819312427752
2017-02-06,-0.00010028803612250809
2017-02-07,-0.0004127236375208147
2017-02-08,0.0002935453427196479
2017-02-09,0.0004481443707177103
2017-02-10,0.0007271625031778059
2017-02-13,5.625931458197294e-05
2017-02-14,0.00017597796662860497
2017-02-15,0.0006696638695610868
2017-02-16,7.494369375716794e-05
2017-02-17,-0.0001579728122403929
2017-02-21,0.0006421265867813734
2017-02-22,0.0015458542709606501
2017-02-23,0.0021652276660796598
2017-02-24,0.013666450469337696
2017-02-27,-0.012450715962277035
2017-02-28,-0.0004783971631854058
2017-03-01,-9.730133981450795e-06
2017-03-02,-0.0013356004705645512
2017-03-03,0.00021504036949134816
2017-03-06,-0.0005114870964703073
2017-03-07,-0.000899879249477547
2017-03-08,-0.0011712434439788276
2017-03-09,-0.0007041302881622106
2017-03-10,0.000308516290585793
2017-03-13,0.00032167074746516276
2017-03-14,-0.0007160211824884405
2017-03-15,0.0024886420815103394
2017-03-16,1.8628793246495743e-06
2017-03-17,0.00021427919031192876
2017-03-20,3.1799130004599986e-05
2017-03-21,-0.0016844622503713557
2017-03-22,0.00042338594295501927
2017-03-23,0.00014369804054711384
2017-03-24,0.0005057733468542534
2017-03-27,-0.0005808176917877434
2017-03-28,0.0025093905901671537
2017-03-29,0.008934048741680106
2017-03-30,-0.008491748998423525
2017-03-31,0.006227669395274792
2017-04-03,-0.0011747244777621528
2017-04-04,0.0003107380306036363
2017-04-05,-0.00046584133029307424
2017-04-06,0.00036929899628025345
2017-04-07,-0.00012152725601898496
2017-04-10,0.00013197818958802013
2017-04-11,0.00043340492677272646
2017-04-12,-0.0001813999359447541
2017-04-13,-0.0005329127513164745
2017-04-17,0.000932182944871132
2017-04-18,-0.000786987762370892
2017-04-19,-0.0007478046157553827
2017-04-20,0.001180025802280502
2017-04-21,-0.0004458675460138269
2017-04-24,0.00691431144765596
2017-04-25,0.006333013717715303
2017-04-26,0.0035309832864199872
2017-04-27,0.0015070655223683965
2017-04-28,0.0005195980896530267
2017-05-01,0.0005596894083450551
2017-05-02,-7.165899632093401e-05
2017-05-03,-6.3784004646316e-05
2017-05-04,-0.000786953059911987
2017-05-05,0.0013052540262153529
2017-05-08,-0.0001562766558353971
2017-05-09,0.00045114498845660644
2017-05-10,0.0012747703326827686
2017-05-11,-0.00026935633621715525
2017-05-12,-0.0004068011920040518
2017-05-15,0.0007198913085963848
2017-05-16,-0.00035105553344304285
2017-05-17,-0.0037651927127759343
2017-05-18,0.001147290429525086
2017-05-19,0.0015408954397250377
2017-05-22,0.0006601568704975158
2017-05-23,0.0006438203373369941
2017-05-24,0.00014199628825875522
2017-05-25,-0.0001696201583250723
2017-05-26,0.0011633880266350624
2017-05-30,0.008711354293875508
2017-05-31,0.0012944399415822942
2017-06-01,0.00018938412181812746
2017-06-02,0.0018981009630756466
2017-06-05,-0.0004747338230675261
2017-06-06,-0.000617852791164353
2017-06-07,0.0004938108797183236
2017-06-08,0.0002762633447891113
2017-06-09,-0.0016571652644520062
2017-06-12,-0.0005024379003183629
2017-06-13,0.0013801619178063376
2017-06-14,-0.0006596928339111856
2017-06-15,-0.0018342481109871191
2017-06-16,-0.0005302098313283268
2017-06-19,0.0021957076415894832
2017-06-20,-0.0021911113306082516
2017-06-21,0.0002044441436848797
2017-06-22,0.001078604230979207
2017-06-23,0.001391790211910169
2017-06-26,0.00020966714035104044
2017-06-27,-0.0035917625248681993
2017-06-28,-0.003822182571095027
2017-06-29,-0.014002857680193718
2017-06-30,-0.00842207378808836
2017-07-03,-0.0008371066930695662
2017-07-05,0.0008445239957304519
2017-07-06,-0.0002629950115493735
2017-07-07,0.0022085967559594805
2017-07-10,0.0005604749622541733
2017-07-11,-0.00035650918254354915
2017-07-12,0.0013403632911831935
2017-07-13,0.0009512100032774663
2017-07-14,0.0004907190272817932
2017-07-17,-0.001029861148772575
2017-07-18,-0.00046163785874327146
2017-07-19,0.00047460382216221644
2017-07-20,0.0009565118591368631
2017-07-21,-0.0007562090463527272
2017-07-24,0.0003598626760049812
2017-07-25,-0.0059942598048309155
2017-07-26,0.002480902605470961
2017-07-27,-0.006447148876968288
2017-07-28,0.0055590703197770505
2017-07-31,0.000897201485775112
2017-08-01,-0.0010619132320631155
2017-08-02,0.000337596786488813
2017-08-03,-0.0015901653211993023
2017-08-04,0.0010405621447087518
2017-08-07,0.0005292248499741362
2017-08-08,-0.0016192841429478234
2017-08-09,-0.0022614393906515867
2017-08-10,-0.0056930413791167955
2017-08-11,0.0010114887218203388
2017-08-14,0.002695016573225888
2017-08-15,0.0010478827132454774
2017-08-16,-0.0004335730344904458
2017-08-17,-0.004588671634542644
2017-08-18,0.0015428538915291347
2017-08-21,-0.0005287671194600313
2017-08-22,0.0030813687366973044
2017-08-23,-0.0009810339542079265
2017-08-24,0.0007636170329322707
2017-08-25,-0.0008943704779859156
2017-08-28,-0.0022499341401469065
2017-08-29,0.003404141850906481
2017-08-30,-1.9963902136006087e-05
2017-08-31,0.005604457431606659
2017-09-01,-0.0002967572343922208
2017-09-05,-0.0030458589754451047
2017-09-06,0.0012256462640259753
2017-09-07,-5.16321257462227e-05
2017-09-08,-0.0011338530810996708
2017-09-11,0.002907363688825014
2017-09-12,0.0019036841482384392
2017-09-13,-4.06622733311303e-05
2017-09-14,3.4831196161732595e-05
2017-09-15,0.0010128020510663078
2017-09-18,0.0013272306600442016
2017-09-19,0.0014709021114695392
2017-09-20,-0.00016725553691077612
2017-09-21,-0.00010536430659344856
2017-09-22,0.00034243822270419447
2017-09-25,0.005048908838547253
2017-09-26,-0.0024741780098483765
2017-09-27,-0.01711949827707825
2017-09-28,-0.0008515866558830961
2017-09-29,-0.004521570320563361
2017-10-02,-0.0006370234364521639
2017-10-03,0.0007941643449488303
2017-10-04,-0.0003927332421823419
2017-10-05,0.001101579013992561
2017-10-06,-0.0006638264318223087
2017-10-09,-0.000765385291688191
2017-10-10,0.0010566740915758654
2017-10-11,-0.0001467164290300523
2017-10-12,-0.0010608059262377945
2017-10-13,9.65703663563122e-05
2017-10-16,0.0008927322759775683
2017-10-17,0.00020031642651606522
2017-10-18,0.0011810725474305976
2017-10-19,-0.0009849796342044509
2017-10-20,0.0018567466712643198
2017-10-23,-0.001294880049512291
2017-10-24,0.0014302752240287978
2017-10-25,0.00040603356636184027
2017-10-26,-0.002741931203795975
2017-10-27,0.007270847893076807
2017-10-30,0.012590634618475408
2017-10-31,-0.0021895485550469333
2017-11-01,-0.0014789506615958588
2017-11-02,9.431249118784886e-05
2017-11-03,0.0003164781619970199
2017-11-06,0.00031995157170417365
2017-11-07,-0.0007775116537990451
2017-11-08,0.00013497440085612027
2017-11-09,-0.001098805107858887
2017-11-10,0.0010579259340553167
2017-11-13,-0.0003608350077767823
2017-11-14,-0.00136907192675882
2017-11-15,-0.0015395668862501625
2017-11-16,0.0034698810025970608
2017-11-17,-0.0007552258327352369
2017-11-20,0.000979404504997236
2017-11-21,0.0023336015215885846
2017-11-22,-2.8406150910475826e-05
2017-11-24,-0.0006176868998295048
2017-11-27,-0.0009270812071865389
2017-11-28,-0.002141479956969748
2017-11-29,-0.010505066493448534
2017-11-30,-0.011883413179722998
2017-12-01,-0.0005152070152706893
2017-12-04,-0.0009541470973223975
2017-12-05,-0.00041564145073421006
2017-12-06,-0.000398053439413926
2017-12-07,2.112268600473323e-05
2017-12-08,0.0008019562076552296
2017-12-11,0.00047775554560010037
2017-12-12,-0.00030833746089705105
2017-12-13,0.0016135157926360137
2017-12-14,-0.0007069209543530213
2017-12-15,0.0012328113115791775
2017-12-18,0.00137629430087564
2017-12-19,-0.0026612032356962234
2017-12-20,-0.001131406600615756
2017-12-21,0.0012285996094718536
2017-12-22,0.0007798776182141071
2017-12-26,0.0019444621568849173
2017-12-27,0.013638106474679178
2017-12-28,-0.004283902366996054
2017-12-29,0.0069748492380869425
2018-01-02,-0.00018802569923649038
2018-01-03,0.0011981621944508745
2018-01-04,0.0006593371324707813
2018-01-05,0.0005968550456938151
2018-01-08,-0.00014563794907837267
2018-01-09,-0.0017525958909680645
2018-01-10,-0.0005400859171514374
2018-01-11,0.001811385454713333
2018-01-12,0.001994734558162415
2018-01-16,-0.00010949240227746109
2018-01-17,0.0006124815948120363
2018-01-18,-0.0015861036071619327
2018-01-19,0.0006174557434551747
2018-01-22,0.001548253659038645
2018-01-23,0.0024803890104915776
2018-01-24,0.0007988784541200785
2018-01-25,0.0035746780820807415
2018-01-26,-0.021067750031048868
2018-01-29,-0.00366745517890396
2018-01-30,0.00018798340051527784
2018-01-31,0.0010568812518990723
2018-02-01,-0.0011901083793050193
2018-02-02,-0.0028635081216178662
2018-02-05,-0.003957754464799835
2018-02-06,0.0018242052368107997
2018-02-07,-0.0018179594236413749
2018-02-08,-0.003904081209827262
2018-02-09,4.2622161762717145e-06
2018-02-12,0.0021404532168490514
2018-02-13,0.00028400037256922094
2018-02-14,0.0026384563559100262
2018-02-15,0.002140413828446391
2018-02-16,0.00024518217390645633
2018-02-20,-0.0013454957680092798
2018-02-21,-0.0010457712750820993
2018-02-22,-0.000917226641325149
2018-02-23,0.0024807108283326803
2018-02-26,0.004731433553159455
2018-02-27,-0.010125862988522236
2018-02-28,0.0012218847704950386
2018-03-01,-0.0022536110221522774
2018-03-02,0.0014589965036912323
2018-03-05,0.00073967506286175
2018-03-06,0.0007200533585319645
2018-03-07,-0.0001835221242879073
2018-03-08,-0.0005520885640447652
2018-03-09,0.0017946731334833948
2018-03-12,-0.00028952564756237927
2018-03-13,-0.0010228672977521639
2018-03-14,-0.0006034030098674832
2018-03-15,-0.0002500962395289662
2018-03-16,0.0004042639672859507
2018-03-19,-0.0010460808160202254
2018-03-20,0.0004533939252382246
2018-03-21,0.0009032004118763526
2018-03-22,-0.003293688920043383
2018-03-23,-0.0018198004804015953
2018-03-26,0.004295064852889869
2018-03-27,0.010758155400765973
2018-03-28,-0.0019329870672031818
2018-03-29,0.006774913654980574
2018-04-02,-0.002902388149332054
2018-04-03,0.0008092892301146499
2018-04-04,0.0006820278806795414
2018-04-05,0.0005594494596881469
2018-04-06,-0.0015184465366990753
2018-04-09,0.0012002122458329707
2018-04-10,0.00245206335405617
2018-04-11,-3.2112485452733385e-05
2018-04-12,0.0005887677854313639
2018-04-13,-0.0005327005881457206
2018-04-16,0.0006878249234305859
2018-04-17,0.00048136316120806036
2018-04-18,0.00018611722002969379
2018-04-19,-0.0011330771012824912
2018-04-20,-0.0011494765680817472
2018-04-23,-0.0003173180961234938
2018-04-24,0.0004951945007178668
2018-04-25,-0.004111034922872624
2018-04-26,0.007944442226167026
2018-04-27,0.005547444605268752
2018-04-30,0.004450499866983651
2018-05-01,-0.0010018637489478718
2018-05-02,-0.000853970060491319
2018-05-03,-9.74711153313905e-05
2018-05-04,0.0005714315327510206
2018-05-07,0.00025371965881285856
2018-05-08,0.0004772102731458231
2018-05-09,0.0011993402459156768
2018-05-10,0.00013008522448386642
2018-05-11,-0.00019127567645172097
2018-05-14,0.0013453694772257497
2018-05-15,0.0006766849197057076
2018-05-16,0.0013818154722409766
2018-05-17,0.0005464097348971677
2018-05-18,-0.002125038159171641
2018-05-21,0.0005412560874359539
2018-05-22,5.5488593004784655e-05
2018-05-23,-0.0018379598983540738
2018-05-24,0.0053578175880681506
2018-05-25,0.00899578264818557
2018-05-29,0.03656996620183223
2018-05-30,-0.016326722983042823
2018-05-31,-0.000584354813571912
2018-06-01,-0.0004355888090101643
2018-06-04,0.000287808585659774
2018-06-05,-0.00016340495992692598
2018-06-06,0.0006857195963757669
2018-06-07,-0.0006805818706026491
2018-06-08,0.00020208068130873378
2018-06-11,6.495401897558377e-05
2018-06-12,-0.0001398636785961097
2018-06-13,0.00022840805501602904
2018-06-14,-0.0012109218666968703
2018-06-15,-0.00037592878494602494
2018-06-18,-3.884877865922025e-05
2018-06-19,-0.0006797067051668277
2018-06-20,0.0005446785530630791
2018-06-21,-0.0007651731940640923
2018-06-22,0.00032316258706028547
2018-06-25,0.0011923033297521833
2018-06-26,-0.0003405727860298602
2018-06-27,0.005972285552157953
2018-06-28,-0.0020047214873056356
2018-06-29,-0.0007368799821813537
2018-07-02,-0.0007301746964973604
2018-07-03,-0.00038005591760533554
2018-07-05,0.0008227979517907548
2018-07-06,0.0009711134500215465
2018-07-09,0.0006422304948869277
2018-07-10,2.9477307426926377e-05
2018-07-11,-0.0013412654801304772
2018-07-12,0.000642164606236899
2018-07-13,0.0002104352405095215
2018-07-16,-0.0004493588303511631
2018-07-17,0.0005269552184044608
2018-07-18,0.00014602389216919836
2018-07-19,-6.380024369139452e-05
2018-07-20,0.000497200359350292
2018-07-23,0.000538307651499419
2018-07-24,5.110709304801242e-05
2018-07-25,-0.004589259944377722
2018-07-26,-0.0002093431269449772
2018-07-27,0.006547404312185097
2018-07-30,-0.0018464923331363964
2018-07-31,0.002631471422945637
2018-08-01,-0.0006552817901656961
2018-08-02,0.00032316603949121206
2018-08-03,-0.00014363804190319516
2018-08-06,0.0003672429841437879
2018-08-07,0.0007725935352884765
2018-08-08,-0.0004707726944425134
2018-08-09,-0.0004312893613449184
2018-08-10,-0.0014195230827316026
2018-08-13,0.00014418183961501232
2018-08-14,0.0008418628734156698
2018-08-15,-0.0009223784693368437
2018-08-16,0.0007225518739687636
2018-08-17,2.4959767534260537e-05
2018-08-20,-0.00041594084993840655
2018-08-21,0.0006591642528605039
2018-08-22,-8.01438009894165e-05
2018-08-23,7.768213152282486e-05
2018-08-24,-6.887742727273352e-05
2018-08-27,0.00010308623794526083
2018-08-28,0.0008295646294515296
2018-08-29,-0.0019008855007885148
2018-08-30,0.005986701643490621
2018-08-31,0.0012673543040575893
2018-09-04,-0.0006630774841037989
2018-09-05,-0.0005703916930627029
2018-09-06,-0.0010782768481197385
2018-09-07,0.000819765836839494
2018-09-10,0.0003447470822074699
2018-09-11,0.0015468681140208941
2018-09-12,-0.0006474715537285027
2018-09-13,0.0005672877528418409
2018-09-14,0.0010871025667888053
2018-09-17,-0.00116006113161116
2018-09-18,0.0021682383832595108
2018-09-19,-0.0002832161855183173
2018-09-20,0.0003567631812494763
2018-09-21,3.2681584848056636e-05
2018-09-24,-0.00014246389178698032
2018-09-25,-0.0012047723620085015
2018-09-26,0.010252258371016544
2018-09-27,-0.0004367974438522515
2018-09-28,0.0017209912682734265
2018-10-01,-0.00019313558485734264
2018-10-02,-0.0016519644232694786
2018-10-03,0.0024908219027264047
2018-10-04,-0.0008019959660246921
2018-10-05,-0.0005707192360780171
2018-10-08,0.0005037896138460612
2018-10-09,-0.0008865504758855979
2018-10-10,-0.004838105598434364
2018-10-11,-0.005814266172718069
2018-10-12,0.0024453964633690166
2018-10-15,-0.0005545496790243743
2018-10-16,0.0035474797102574562
2018-10-17,0.0009290548492664517
2018-10-18,-0.0026161570658494483
2018-10-19,0.00031605292714190577
2018-10-22,-0.00015896652304101504
2018-10-23,-0.002321682839737786
2018-10-24,-0.006114454215717173
2018-10-25,0.02236486271802105
2018-10-26,-0.02896599678643465
2018-10-29,-0.0034790906850886796
2018-10-30,0.00660792679161385
2018-10-31,0.004106336104998921
2018-11-01,-0.0017803180391088808
2018-11-02,0.000763036432799042
2018-11-05,-0.00042756464370037617
2018-11-06,-0.00015869658783180005
2018-11-07,-0.0008324153874300351
2018-11-08,0.0010087645449145441
2018-11-09,0.00027218522141763963
2018-11-12,0.0005126705176163707
2018-11-13,-0.00045792387292002196
2018-11-14,-0.0002669534796424285
2018-11-15,-8.245349825988331e-05
2018-11-16,-0.0011949107259266957
2018-11-19,1.0294961256509988e-05
2018-11-20,0.0006949381154753142
2018-11-21,-0.0009292684349378181
2018-11-23,0.00027596793416585373
2018-11-26,0.004387884938785998
2018-11-27,0.00041143777703747886
2018-11-28,0.002495392581943994
2018-11-29,0.003395784207147253
2018-11-30,0.004657102325910899
2018-12-03,-0.0022078933963728163
2018-12-04,-0.001077032554659958
2018-12-06,0.0005964127646071536
2018-12-07,-0.0012421635706022544
2018-12-10,0.000892696624345027
2018-12-11,0.0002613638648708181
2018-12-12,-0.0009209546638953552
2018-12-13,-0.00020031200183105561
2018-12-14,0.0008634048304144319
2018-12-17,-0.0012107364267834413
2018-12-18,-0.00032002315328333487
2018-12-19,-8.218208693434714e-05
2018-12-20,-0.0001915603338172055
2018-12-21,0.0010761802460291492
2018-12-24,-0.024986094338612673
2018-12-26,0.04400883668315988
2018-12-27,0.0007038234872358003
2018-12-28,-0.002851259692907943
2018-12-31,0.0012436691973017457
2019-01-02,-0.0002668778120197145
2019-01-03,-0.00046171673467819896
2019-01-04,-0.0006592441163615708
2019-01-07,-0.00038302155148797106
2019-01-08,-0.00036997978860344545
2019-01-09,-0.0007932695109771667
2019-01-10,0.00028009519678483854
2019-01-11,-0.0001581055358045183
2019-01-14,0.00045356583469121655
2019-01-15,-0.000185400736857444
2019-01-16,-0.00030531268242205454
2019-01-17,-0.00017133606164935163
2019-01-18,4.3477721047774206e-05
2019-01-22,0.0002756012883253553
2019-01-23,-0.00018755505871440324
2019-01-24,-0.0003165293329376349
2019-01-25,-0.0049285661197072
2019-01-28,0.0019157991484024166
2019-01-29,0.007163462641945858
2019-01-30,0.002165820638726638
2019-01-31,0.01021634685927244
2019-02-01,-0.0008931142496386835
2019-02-04,2.018967700003431e-05
2019-02-05,-0.00016144697782294573
2019-02-06,0.0006019559984233442
2019-02-07,0.0006240810388218627
2019-02-08,-5.843720449991778e-05
2019-02-11,0.0004120404556818007
2019-02-12,-0.0007975422874293949
2019-02-13,0.00025729685769193154
2019-02-14,-9.927197381274162e-05
2019-02-15,-0.0008249285919388762
2019-02-19,-0.000799909317697747
2019-02-20,-0.00023676853349633648
2019-02-21,0.0004588790143033572
2019-02-22,0.00033800970811083755
2019-02-25,-0.0012790941659834448
2019-02-26,0.007828716828961496
2019-02-27,-0.010030219440545975
2019-02-28,-0.006715540651398445
2019-03-01,-0.00011088501118123497
2019-03-04,0.000350696605413063
2019-03-05,-9.255941716878472e-05
2019-03-06,5.703800471287669e-05
2019-03-07,0.0007725376000289638
2019-03-08,-0.00047401996993491955
2019-03-11,0.0003942897232197768
2019-03-12,5.010037169432858e-05
2019-03-13,-0.0005006948419986162
2019-03-14,0.00039668839957124883
2019-03-15,-0.00014675726174315714
2019-03-18,-0.0004310934159300046
2019-03-19,-0.00025349549335352406
2019-03-20,-7.1727818274761625e-06
2019-03-21,0.0012044215823849504
2019-03-22,0.0008515567858900745
2019-03-25,0.0004558933139969227
2019-03-26,4.317175717116264e-05
2019-03-27,0.005946094829856449
2019-03-28,0.0012389529226849339
2019-03-29,-0.0036526708295003905
2019-04-01,-0.001858082509666217
2019-04-02,0.00038931921810618844
2019-04-03,-0.0008798074566269581
2019-04-04,0.000319745856261868
2019-04-05,0.0006544235934564817
2019-04-08,-0.0009564223533663669
2019-04-09,3.633965376399051e-05
2019-04-10,0.0010324750522942125
2019-04-11,0.0005564217344928848
2019-04-12,-0.0006409850792653337
2019-04-15,-8.848161161732692e-06
2019-04-16,-0.0009103370948775045
2019-04-17,-0.00046586828429811487
2019-04-18,0.0009651000840539273
2019-04-22,-0.0008818763736848193
2019-04-23,0.0021535626941792817
2019-04-24,0.007304291509886968
2019-04-25,-0.001385083773891154
2019-04-26,0.006791091212680368
2019-04-29,-0.008004584272133413
2019-04-30,0.006330449207102378
2019-05-01,-0.0009775534876506583
2019-05-02,-0.0002259600490749785
2019-05-03,0.000655841484143174
2019-05-06,0.0006380178805819143
2019-05-07,-0.00047910158634416274
2019-05-08,-0.0005897617319242465
2019-05-09,0.0005367396982584943
2019-05-10,0.0003260577042761798
2019-05-13,-0.0009060447874543119
2019-05-14,0.0002024175593123314
2019-05-15,0.001068211447496269
2019-05-16,0.0007901750031831978
2019-05-17,0.0005648347571085126
2019-05-20,-0.0015300241004257075
2019-05-21,0.0009173361620286323
2019-05-22,0.0009482120983833546
2019-05-23,0.00016089740397936508
2019-05-24,0.000670593404841264
2019-05-28,-0.012149720404748498
2019-05-29,-0.004381356986622449
2019-05-30,0.007067641208965493
2019-05-31,0.00511274219521125
2019-06-03,-0.0010408859534371633
2019-06-04,-0.00016368814511876986
2019-06-05,0.0014845085402842718
2019-06-06,-0.00019721734019615057
2019-06-07,0.0006739410394778039
2019-06-10,-0.0004054728779205792
2019-06-11,-0.00025536664571687784
2019-06-12,0.0007468066167981815
2019-06-13,0.00013768755040115984
2019-06-14,0.0007595656865442006
2019-06-17,0.000163071057893557
2019-06-18,0.0006183549305930234
2019-06-19,0.0008326748604231874
2019-06-20,-0.0008309422824853673
2019-06-21,-0.0022694665213006354
2019-06-24,0.008581549978586941
2019-06-25,0.011597644656698812
2019-06-26,-0.013010635526457348
2019-06-27,0.008172981989434632
2019-06-28,-0.0012259200224691536
2019-07-01,-0.0005890054397538971
2019-07-02,0.0018874489840398241
2019-07-03,0.0011925433078509226
2019-07-05,-0.0017765916996387537
2019-07-08,-0.00046067226203293406
2019-07-09,-0.00022983072471013553
2019-07-10,0.0004345458750848893
2019-07-11,-0.001713095649316814
2019-07-12,0.00032572242253701836
2019-07-15,0.0009357787119789403
2019-07-16,-0.0008742803359632313
2019-07-17,0.0006937974915836118
2019-07-18,0.000388094669659836
2019-07-19,-0.0012768535453743647
2019-07-22,0.000698389245165939
2019-07-23,0.000502428903225042
2019-07-24,0.0005124468726901525
2019-07-25,-0.0015285029685075241
2019-07-26,-0.002007371109548873
2019-07-29,0.0027150721124412657
2019-07-30,0.0017537664821078117
2019-07-31,0.01148743720393034
2019-08-01,0.001570049106353297
2019-08-02,0.00025428905880803894
2019-08-05,0.001318486659868084
2019-08-06,0.0021843539729136606
2019-08-07,0.0015750811604436036
2019-08-08,0.0011058356520562253
2019-08-09,-0.0006467481290042
2019-08-12,0.0023737173254685926
2019-08-13,-0.0006701586606389061
2019-08-14,0.002271331208769471
2019-08-15,0.0025045266578592345
2019-08-16,-0.0007696383844562712
2019-08-19,-0.001530282752052103
2019-08-20,0.0013676736926678012
2019-08-21,-0.0002866254032886387
2019-08-22,-0.0003537901637283774
2019-08-23,0.0022056548734174465
2019-08-26,0.00893350956077657
2019-08-27,-0.007193170094907833
2019-08-28,0.002982014981312396
2019-08-29,0.004162020501015526
2019-08-30,-5.678053941526524e-05
2019-09-03,0.0014274086571403792
2019-09-04,-0.0006044368237754492
2019-09-05,-0.004997695305830296
2019-09-06,-0.00029957549761119515
2019-09-09,-0.003339834375302965
2019-09-10,-0.0032851665272665416
2019-09-11,-0.00039049658277703366
2019-09-12,-0.0009374073005496702
2019-09-13,-0.005078818170761513
2019-09-16,0.003032376195108853
2019-09-17,0.0014746313976478082
2019-09-18,0.00010073446966869164
2019-09-19,0.0005803291821911864
2019-09-20,0.0034939127430504238
2019-09-23,0.0016961588999338732
2019-09-24,0.013743220787190973
2019-09-25,-0.0168376660869613
2019-09-26,0.007578477591061315
2019-09-27,0.0062636292023734155
2019-09-30,0.0011397089536206292
2019-10-01,-0.0007820837320177156
2019-10-02,0.0003887047539172219
2019-10-03,0.0013589914647833005
2019-10-04,0.0011343675724319678
2019-10-07,-0.0011499465741686365
2019-10-08,0.00030472303028401685
2019-10-09,-0.00033821643891128087
2019-10-10,-0.0025383783686612855
2019-10-11,-0.0024592957506836505
2019-10-14,0.0017479359373306779
2019-10-15,-0.0018657720038529463
2019-10-16,-6.0227650904069485e-05
2019-10-17,-9.002328784823525e-05
2019-10-18,0.00017170349746835985
2019-10-21,-0.0009800378474229964
2019-10-22,0.0006705628064961067
2019-10-23,-5.3768222405402476e-05
2019-10-24,0.0010776055633486777
2019-10-25,-0.0025016474435926774
2019-10-28,-0.005145707883686856
2019-10-29,0.0016218019481192474
2019-10-30,0.01661774966200489
2019-10-31,0.022683812112780827
2019-11-01,-5.120823286726851e-05
2019-11-04,-0.0002408701292603956
2019-11-05,-0.0015133700475845127
2019-11-06,0.0007477315341074439
2019-11-07,-0.001682309336048271
2019-11-08,-0.0004894540763254795
2019-11-11,-0.00010383558828662381
2019-11-12,5.789673367851889e-05
2019-11-13,0.0003926687337332183
2019-11-14,0.0010766171029488567
2019-11-15,0.0004829000037594206
2019-11-18,0.0005069157093494748
2019-11-19,0.000693964376945212
2019-11-20,-0.00015170825360220818
2019-11-21,-0.0013467925890822644
2019-11-22,-0.0008221925130068417
2019-11-25,-0.0014139112132401936
2019-11-26,0.005259906674699317
2019-11-27,-0.009656738776939712
2019-11-29,-0.0018998390568258953
2019-12-02,-0.0029263116405533252
2019-12-03,0.0010724443898618753
2019-12-04,0.00016275770819116467
2019-12-05,-0.00013400688299169096
2019-12-06,0.0005923301211681279
2019-12-09,-0.0003510250313413656
2019-12-10,-8.782997770366481e-06
2019-12-11,0.0013737416461096033
2019-12-12,-0.00024935766246641903
2019-12-13,0.0013190830831960097
2019-12-16,0.0005803792512727148
2019-12-17,0.00021945248489943815
2019-12-18,0.00037549002450851563
2019-12-19,0.0007938223538704691
2019-12-20,0.0006814926649044357
2019-12-23,0.00016291924070121306
2019-12-24,0.0023086777361333985
2019-12-26,-0.0010686956388778139
2019-12-27,0.003954626134591865
2019-12-30,-0.0002778113126622958
2019-12-31,-0.012960348867784724
2020-01-02,0.0005291023700790198
2020-01-03,0.00048255703995156446
2020-01-06,4.0837042668344514e-05
2020-01-07,-0.00046903588716392037
2020-01-08,-0.0001783729958931478
2020-01-09,0.0007725683049141145
2020-01-10,0.0008070135620164276
2020-01-13,0.0006276003684143606
2020-01-14,5.666178582644481e-05
2020-01-15,0.0007337342680791297
2020-01-16,0.0010427751418176333
2020-01-17,0.0004088952389110635
2020-01-21,-0.0005021641413389173
2020-01-22,-1.6647842493504304e-05
2020-01-23,0.0002143605399207053
2020-01-24,-0.0007763161037567392
2020-01-27,0.007931728456604217
2020-01-28,-0.005593316078849691
2020-01-29,0.015756181384025552
2020-01-30,0.0021263584116962006
2020-01-31,0.020346413081687026
2020-02-03,-0.00035793701491424547
2020-02-04,0.0006219410351136214
2020-02-05,0.0005185308683248283
2020-02-06,0.0008875571705632551
2020-02-07,0.0004741555284951089
2020-02-10,0.0015851264812409562
2020-02-11,-0.00041309837239202264
2020-02-12,0.00019381715792450831
2020-02-13,0.0007169640531015699
2020-02-14,0.0007416142153367693
2020-02-18,0.000976927454389157
2020-02-19,0.0003806688866655829
2020-02-20,0.0011556649111774014
2020-02-21,-0.0002707480866230111
2020-02-24,0.03422668760686135
2020-02-25,0.023398304483842648
2020-02-26,-9.045925658852325e-05
2020-02-27,0.027021727631121373
2020-02-28,0.0251155439030444
2020-03-02,-0.00042455985751794264
2020-03-03,0.0010427204795036165
2020-03-04,0.000583520506241826
2020-03-05,0.0003654328174228607
2020-03-06,0.000981886499443919
2020-03-09,-0.0014340051039320799
2020-03-10,-0.0020628737529489087
2020-03-11,-0.0025885884462561893
2020-03-12,-0.002111965075999667
2020-03-13,0.0029093417275129663
2020-03-16,-0.0026711103753186373
2020-03-17,-0.0025219961902502963
2020-03-18,-0.0037060995646308057
2020-03-19,-0.0011254492614432828
2020-03-20,0.0027726207571650476
2020-03-23,0.004263937968479825
2020-03-24,0.0020152197822274035
2020-03-25,0.0037438034339261463
2020-03-26,0.008880021111476828
2020-03-27,-0.0009670495586738185
2020-03-30,0.005955387125906688
2020-03-31,-0.0027757085835699116
2020-04-01,0.0015756409537052624
2020-04-02,-0.0002151920665208562
2020-04-03,0.0006632624744031479
2020-04-06,-0.001317176558158871
2020-04-07,-0.0005419800745088185
2020-04-08,-0.0009069498866726571
2020-04-09,-0.0006900968984441799
2020-04-13,0.00038860344856706506
2020-04-14,-0.0003811906001098101
2020-04-15,0.0015253416930237765
2020-04-16,0.0001303163759496822
2020-04-17,-0.0010654142714378052
2020-04-20,0.0007943518017413075
2020-04-21,0.0013637428027314087
2020-04-22,-0.0003993977787521414
2020-04-23,0.00019814959438348774
2020-04-24,-0.0013191381407581095
2020-04-27,-0.004873506626753135
2020-04-28,0.006016378298079867
2020-04-29,-0.004375788521799704
2020-04-30,-0.0024801900392163122
2020-05-01,0.0005170213568088175
2020-05-04,-4.373458972633722e-09
2020-05-05,-0.0003075061263466617
2020-05-06,-9.056232715448484e-05
2020-05-07,0.0006491234223101761
2020-05-08,-0.001141117719891553
2020-05-11,9.036673499031344e-05
2020-05-12,0.0008240489999471457
2020-05-13,0.0009094978726159003
2020-05-14,0.000636390014206577
2020-05-15,0.0005417221072941343
2020-05-18,-0.0022911574232517135
2020-05-19,0.0008205816209028172
2020-05-20,-0.00032951326946406453
2020-05-21,-0.0003123701111262361
2020-05-22,0.0008065750005297044
2020-05-26,-0.0029613473345020953
2020-05-27,8.083525030178267e-05
2020-05-28,-0.0009158116096657398
2020-05-29,0.003662707739547987
2020-06-01,-0.0008281468525724217
2020-06-02,-0.0008577818239510435
2020-06-03,-0.0022204554257000725
2020-06-04,-0.0004945170408264244
2020-06-05,-0.001740117476243872
2020-06-08,0.0004778624540368698
2020-06-09,0.0006437210883546683
2020-06-10,0.0019520857097066377
2020-06-11,0.001508835187453457
2020-06-12,-0.0009109386808977554
2020-06-15,-3.908241152386467e-05
2020-06-16,-0.0006034735813064529
2020-06-17,0.00037707464819769504
2020-06-18,0.0006376524099876235
2020-06-19,0.0006778027032083375
2020-06-22,-0.0004418342326305003
2020-06-23,0.00024093631271628995
2020-06-24,0.00455882598423775
2020-06-25,-0.0010028536316949348
2020-06-26,0.011755486871456203
2020-06-29,0.0017927097715991027
2020-06-30,-0.007241490370400455
2020-07-01,-0.0015805238321179437
2020-07-02,-0.0001017174090096746
2020-07-06,-0.000357755997295674
2020-07-07,0.0011290769358367303
2020-07-08,-0.00047905703798648567
2020-07-09,0.0012660273536238558
2020-07-10,-0.0005297751493428575
2020-07-13,0.0005331265305934803
2020-07-14,-1.2902231969937729e-05
2020-07-15,-0.0006827842393597979
2020-07-16,0.0003745093740542563
2020-07-17,-5.6976988573817694e-05
2020-07-20,0.0008395990805668954
2020-07-21,0.00030249929124449984
2020-07-22,0.0013415286990131842
2020-07-23,2.9601776221484228e-05
2020-07-24,-2.6118004266092514e-05
2020-07-27,-0.004824751703920897
2020-07-28,0.0063703140759700915
2020-07-29,0.0016070437512582204
2020-07-30,0.0056274560144488625
2020-07-31,0.000607713397459734
2020-08-03,-0.0011741217539827046
2020-08-04,0.001636321401806844
2020-08-05,0.00021872510097005514
2020-08-06,0.0014608945940713513
2020-08-07,-0.0018425758990775125
2020-08-10,-0.0004556444813721054
2020-08-11,-0.0034789699134692847
2020-08-12,-0.00025755551196468866
2020-08-13,0.0002641056782675908
2020-08-14,-0.0006754648873673408
2020-08-17,0.0015585111396789852
2020-08-18,0.0016837046990982219
2020-08-19,-0.002238350649977701
2020-08-20,0.0013854319217493835
2020-08-21,0.00040678334013300203
2020-08-24,-0.0002826529290790737
2020-08-25,-0.008396273321120471
2020-08-26,-0.004452688925886838
2020-08-27,-0.01453813288343366
2020-08-28,0.0052569122949403
2020-08-31,0.005170765545568047
2020-09-01,-0.0004773557399001469
2020-09-02,0.00039754127075874226
2020-09-03,-0.001485273682637586
2020-09-04,-0.0010671983255910557
2020-09-08,-0.0007068522829197922
2020-09-09,0.0009705039558670098
2020-09-10,-0.000481282845661997
2020-09-11,0.00023479663539459477
2020-09-14,0.0006297713757298613
2020-09-15,0.00019404229872242417
2020-09-16,-0.00047378890637438814
2020-09-17,-0.0001682153938867928
2020-09-18,-0.0006290598435761222
2020-09-21,-0.000999496055335612
2020-09-22,0.000130680258814468
2020-09-23,-0.0018121030187212863
2020-09-24,-0.001069459888022624
2020-09-25,0.0063344925606681765
2020-09-28,0.003477076606028002
2020-09-29,-0.0006699436262922078
2020-09-30,1.5516616280057143e-05
2020-10-01,0.0001583229637785429
2020-10-02,-0.0006641304709453127
2020-10-05,-5.7002129799077906e-05
2020-10-06,-0.0005905029992566534
2020-10-07,0.0005557978896562395
2020-10-08,0.0008226867279242064
2020-10-09,0.001159089633986239
2020-10-12,0.0013150704344512083
2020-10-13,-0.0005782398418829721
2020-10-14,-0.00015707314914929074
2020-10-15,-0.0006338704206700133
2020-10-16,8.530065707813608e-07
2020-10-19,-0.0008073927363561434
2020-10-20,-0.00010006939497222118
2020-10-21,6.62437680441357e-05
2020-10-22,-0.0007554187530535529
2020-10-23,0.0009124761198584502
2020-10-26,0.01502703833838183
2020-10-27,0.008714804528515785
2020-10-28,0.005666183215974053
2020-10-29,-0.017592835503603518
2020-10-30,-0.010064223122767278
2020-11-02,-0.0009703912603609213
2020-11-03,-0.0001843490014981962
2020-11-04,0.0019235193413693538
2020-11-05,0.0008188845082236419
2020-11-06,-0.000439073778526936
2020-11-09,-0.0024715230281870527
2020-11-10,-0.0010610138447804233
2020-11-11,0.0003688566412057678
2020-11-12,0.0009766890511650782
2020-11-13,1.5934588455129402e-05
2020-11-16,-1.3850826692235251e-05
2020-11-17,0.0002767652404074644
2020-11-18,0.00010224298171359342
2020-11-19,0.0004284899302100707
2020-11-20,0.00018538212893743651
2020-11-23,-0.010647407947881552
2020-11-24,-0.014278492076690873
2020-11-25,0.0013725520876371824
2020-11-27,0.010038386236840119
2020-11-30,-0.000854763022397875
2020-12-01,-0.0008151608675553264
2020-12-02,-3.962959147780333e-06
2020-12-03,0.0006275192254832242
2020-12-04,-0.0002463963327454799
2020-12-07,0.000451665701757462
2020-12-08,0.000246207718370389
2020-12-09,-0.0006990352002896501
2020-12-10,0.000568502075860163
2020-12-11,-4.394066434841537e-05
2020-12-14,-7.487691615443864e-05
2020-12-15,0.0006828649933932695
2020-12-16,0.00012950927984161097
2020-12-17,0.0004399992248899456
2020-12-18,-0.00018927874087762967
2020-12-21,-0.00021817322160958932
2020-12-22,-7.203028078966242e-05
2020-12-23,0.0003592402263314247
2020-12-24,0.00027792508342162436
2020-12-28,-0.0011153923317441697
2020-12-29,-0.0011124277898396247
2020-12-30,0.0026774527818181925
2020-12-31,0.0016716680113530778
2021-01-04,-0.0009173347494169336
2021-01-05,0.0001854364047633316
2021-01-06,-0.0008489932937219347
2021-01-07,0.00010550703466162193
2021-01-08,-0.0007578795055014986
2021-01-11,-0.001013198270220523
2021-01-12,0.0005243000771143893
2021-01-13,0.000505020887985899
2021-01-14,-0.00012360184277021346
2021-01-15,-0.0007657793498705243
2021-01-19,0.001188603718623953
2021-01-20,0.0009592849294029002
2021-01-21,0.00010377625724488647
2021-01-22,-0.0002700496126120405
2021-01-25,0.004944719908528094
2021-01-26,-0.00017256101739030117
2021-01-27,0.010461898356236827
2021-01-28,-0.011367167543377354
2021-01-29,-0.00047598777916419555
2021-02-01,-0.0002570855311715984
2021-02-02,1.8873111273316855e-05
2021-02-03,-2.856482790698504e-05
2021-02-04,1.0289244551826083e-05
2021-02-05,0.0003950826123415482
2021-02-08,0.0009503398615362488
2021-02-09,0.0002774917767430843
2021-02-10,0.0001356731009808886
2021-02-11,-0.00010938219777708238
2021-02-12,-8.962985822970545e-05
2021-02-16,-0.000856658069405643
2021-02-17,-8.686115856130607e-05
2021-02-18,-0.0007223146694880775
2021-02-19,-0.0004922242091789276
2021-02-22,0.00016015817022064108
2021-02-23,0.0011830001282912724
2021-02-24,-0.009428143990908492
2021-02-25,-0.03798993237215335
2021-02-26,0.03357431258897309
2021-03-01,-0.0007824081113762758
2021-03-02,-4.320942905798577e-05
2021-03-03,-0.00023466457232523434
2021-03-04,-0.0003150516140616133
2021-03-05,0.000175975857853255
2021-03-08,-0.00030903474042926946
2021-03-09,0.00038754057366895773
2021-03-10,0.00018671031502115218
2021-03-11,0.00029437499519814646
2021-03-12,-0.00016148085575596813
2021-03-15,0.00011137053106754796
2021-03-16,-3.23578440077964e-05
2021-03-17,0.00012381569155712157
2021-03-18,-0.0005878100310283968
2021-03-19,0.00012065436446114184
2021-03-22,0.0001404447390280999
2021-03-23,-0.00027096134060162255
2021-03-24,-5.86934977335802e-05
2021-03-25,-0.0015585947413913632
2021-03-26,-0.0036091909385827237
2021-03-29,-0.007157522504516734
2021-03-30,-0.001466641133512383
2021-03-31,-0.0031373896663712147
2021-04-01,-0.00016312830992209123
2021-04-05,0.0002032200562549152
2021-04-06,4.9162149910886576e-05
2021-04-07,-4.937706629600953e-05
2021-04-08,0.0002371611389935452
2021-04-09,-3.839367640282548e-05
2021-04-12,-9.058813353817312e-05
2021-04-13,0.000275892811670747
2021-04-14,6.802719573733241e-05
2021-04-15,0.0004320413508182792
2021-04-16,0.00010793533358967691
2021-04-19,-9.398176621536217e-05
2021-04-20,-0.00030573905310762563
2021-04-21,0.0004796228227839653
2021-04-22,-0.0002942743030697775
2021-04-23,0.0005007914835520931
2021-04-26,-0.0005059157609635684
2021-04-27,-0.0011594014431517224
2021-04-28,0.00256691230738764
2021-04-29,-0.004635428648913856
2021-04-30,0.0023206120849325004
2021-05-03,-0.00023475100354645128
2021-05-04,-0.0005557996463445437
2021-05-05,0.00014559969966540252
2021-05-06,0.0005965272685899113
2021-05-07,0.000784271154766545
2021-05-10,-0.0004930570978027383
2021-05-11,-0.0002689133491263227
2021-05-12,-0.0013362852974231699
2021-05-13,0.00038461427848254857
2021-05-14,0.0010954365314629448
2021-05-17,0.00025805092513660227
2021-05-18,-8.884172406308043e-05
2021-05-19,-0.0006336239509282559
2021-05-20,0.0006944298000226797
2021-05-21,-9.22226951882821e-05
2021-05-24,0.001041609053731996
2021-05-25,-0.0004801461130969984
2021-05-26,-0.0014316555520161886
2021-05-27,-0.001694185217346694
2021-05-28,0.0001917877246289278
2021-06-01,0.00034615864533015585
2021-06-02,0.00033595182718976674
2021-06-03,-0.0010618836295759253
2021-06-04,0.0008201556733080851
2021-06-07,0.00032673815528105687
2021-06-08,6.405768436406838e-06
2021-06-09,-0.0002375361132181121
2021-06-10,0.0005562508589360729
2021-06-11,-0.0002479835876756593
2021-06-14,0.00012629549152999234
2021-06-15,-0.00032623342087898324
2021-06-16,-0.0011886919952012734
2021-06-17,-0.0012596550791075089
2021-06-18,-0.0014170251007109053
2021-06-21,0.0015549172481734732
2021-06-22,0.00018368320750712368
2021-06-23,1.42050563329804e-05
2021-06-24,0.00048570409890560283
2021-06-25,0.0004054220596268886
2021-06-28,0.010259664132503357
2021-06-29,0.0016355045480240843
2021-06-30,0.005513995907263364
2021-07-01,-0.0008686443572541716
2021-07-02,0.0006985666947085415
2021-07-06,-0.0012466593875287324
2021-07-07,-0.0003358502509145519
2021-07-08,-0.0010640281400557871
2021-07-09,0.0019909030505988272
2021-07-12,0.0005026537053218017
2021-07-13,-0.0008422615759208312
2021-07-14,5.8915091471987734e-05
2021-07-15,-0.0007256871026485818
2021-07-16,-0.0009168599238178879
2021-07-19,-0.0034275854394983023
2021-07-20,0.0021422696149361238
2021-07-21,0.0019081435595302873
2021-07-22,-5.005805295441745e-06
2021-07-23,0.0011214155286241707
2021-07-26,0.0002342904974944063
2021-07-27,-0.0013686765971289343
2021-07-28,0.0025735810122670642
2021-07-29,-0.006376781332065513
2021-07-30,0.006129340721430596
2021-08-02,-0.001291578641395602
2021-08-03,0.0007760796786191462
2021-08-04,-0.0009844333896551797
2021-08-05,0.0010702086969945636
2021-08-06,-0.0004510226967877759
2021-08-09,-0.0008190190270091505
2021-08-10,-4.939759660561645e-05
2021-08-11,0.0007638470796758168
2021-08-12,-5.886035203018018e-05
2021-08-13,0.0003344287828444658
2021-08-16,-0.0005752093218593119
2021-08-17,-0.002245560371372775
2021-08-18,-0.0015332042383481529
2021-08-19,-0.0012911323004177546
2021-08-20,0.0005638962929338548
2021-08-23,0.0029885714677837147
2021-08-24,0.0016562021721733256
2021-08-25,-0.004234983196805015
2021-08-26,0.0015595732710253264
2021-08-27,0.009467452341855566
2021-08-30,0.006007599926802851
2021-08-31,-0.006035873676391218
2021-09-01,-0.0005277435613135562
2021-09-02,0.0007636495379961793
2021-09-03,-0.00024392428595742998
2021-09-07,-0.0003849918475799614
2021-09-08,-0.0001255084216501344
2021-09-09,-0.0005201381494373252
2021-09-10,-0.0007613750106881612
2021-09-13,0.0007676101998925334
2021-09-14,-0.0012977214751166849
2021-09-15,0.0015760932254706029
2021-09-16,0.0004461366710784178
2021-09-17,-0.0014552955563346315
2021-09-20,-0.003742790595009859
2021-09-21,0.0003809509302084022
2021-09-22,0.0015868032753207327
2021-09-23,0.0027466404057001235
2021-09-24,0.0036989918253912566
2021-09-27,0.0014790996674001174
2021-09-28,-0.017409115458848833
2021-09-29,0.0028532819463924232
2021-09-30,-0.002281825877399501
2021-10-01,0.0002872281101284576
2021-10-04,-0.0013237063774862276
2021-10-05,0.001004411119622469
2021-10-06,-0.00049351970884925
2021-10-07,0.0015491649482112027
2021-10-08,-0.0005280029235479179
2021-10-11,-0.0006785968538915002
2021-10-12,-2.98495175109055e-05
2021-10-13,0.001230171055853213
2021-10-14,0.0020650825277847757
2021-10-15,0.0012343725490988797
2021-10-18,-5.679855080451737e-05
2021-10-19,0.0007685383196156972
2021-10-20,0.0005180231120515689
2021-10-21,-0.00017677038167237803
2021-10-22,-0.000343916651690119
2021-10-25,-0.0029341748656455733
2021-10-26,0.002590685143410097
2021-10-27,0.01882186380061656
2021-10-28,-0.013304316374210444
2021-10-29,-0.0008013221655106248
2021-11-01,-0.0005271310604541942
2021-11-02,0.000154170338627955
2021-11-03,0.0008279170953548198
2021-11-04,-2.5286479312623596e-05
2021-11-05,0.0005839932202904452
2021-11-08,0.0005219319741218892
2021-11-09,-0.00022913280705936175
2021-11-10,-0.0016623762683884457
2021-11-11,0.00046332681034980626
2021-11-12,0.0004078734124918992
2021-11-15,-0.00024345533981253047
2021-11-16,-0.00012660737982493392
2021-11-17,-0.00043507655662276877
2021-11-18,0.00012959859164258622
2021-11-19,-0.0010450257754096928
2021-11-22,-0.0010368980299933813
2021-11-23,-0.0024506039843506505
2021-11-24,0.0007088712841072194
2021-11-26,0.044591347623052856
2021-11-29,-0.009175639883307376
2021-11-30,0.01249959327500308
2021-12-01,-0.0014176247080684677
2021-12-02,0.0013538824610514247
2021-12-03,-0.0010710546207786285
2021-12-06,0.0012697506528278548
2021-12-07,0.001633957857932105
2021-12-08,0.0005376231179786067
2021-12-09,-0.0008699219155472246
2021-12-10,0.0002624958788184572
2021-12-13,-0.00092306909892954
2021-12-14,-0.00031049754216291636
2021-12-15,0.001090985236819699
2021-12-16,-0.0009734055055657275
2021-12-17,-0.0004468163547345963
2021-12-20,-0.0005583260039948373
2021-12-21,0.0017426734187816373
2021-12-22,0.0005329692755183474
2021-12-23,0.0005979188718156063
2021-12-27,-0.001435543846082922
2021-12-28,9.200092507390077e-05
2021-12-29,-0.010358618588596108
2021-12-30,0.006898660012970456
2021-12-31,-0.0022858221642488947
2022-01-03,0.0010912694509466242
2022-01-04,-0.0003466669068199464
2022-01-05,-0.0015272519145902446
2022-01-06,0.00043738998713687376
2022-01-07,-0.0006789692040585444
2022-01-10,-0.0002993733484675715
2022-01-11,0.00021264925374804341
2022-01-12,-0.000694500323665913
2022-01-13,-0.0011738723089925276
2022-01-14,0.0009298216345029523
2022-01-18,-0.0006983610068917396
2022-01-19,-0.00210719279573903
2022-01-20,-0.001237271166245585
2022-01-21,-0.0013292557255936165
2022-01-24,0.0010284359557133807
2022-01-25,-0.005120913744440576
2022-01-26,0.006585969337382687
2022-01-27,0.0007163665315820386
2022-01-28,0.014530599791936116
2022-01-31,0.008572226797380893
2022-02-01,-0.0004808151653737318
2022-02-02,0.0005423981647327813
2022-02-03,-0.0012393625029138511
2022-02-04,0.0004868595259867946
2022-02-07,-0.0007710942154525324
2022-02-08,1.3119026936744021e-08
2022-02-09,0.0009250119025716508
2022-02-10,-0.0007993034587675842
2022-02-11,-0.002020296039707525
2022-02-14,0.0004305569734433588
2022-02-15,0.0010513423855989677
2022-02-16,-0.0003118821379994382
2022-02-17,-0.0017942211429166017
2022-02-18,-0.00022588982967575096
2022-02-22,-0.0011554504176404452
2022-02-23,-0.0004288518997576087
2022-02-24,0.006565621397920194
2022-02-25,0.002315221001628508
2022-02-28,0.015835830447854617
2022-03-01,0.00036928573838539565
2022-03-02,0.001399544109408258
2022-03-03,0.0005248790384225716
2022-03-04,0.0019159094754177732
2022-03-07,0.0017123770088636454
2022-03-08,0.0011757728069486425
2022-03-09,-0.002695423821455079
2022-03-10,0.0007301464097807313
2022-03-11,0.0012790425453969002
2022-03-14,0.0006956414103818357
2022-03-15,-0.0014984636491410983
2022-03-16,-0.0019711580487489556
2022-03-17,0.0016001815042427836
2022-03-18,8.242363117714918e-05
2022-03-21,0.0025457595751270405
2022-03-22,-0.00024445216478855616
2022-03-23,0.0012739800878285735
2022-03-24,7.4801292769499e-05
2022-03-25,-0.00945142760080069
2022-03-28,-0.002069095658006295
2022-03-29,0.005636100527017347
2022-03-30,0.011796539620526158
2022-03-31,0.00901408222464549
2022-04-01,-0.00107289994471558
2022-04-04,0.000433549316494809
2022-04-05,0.003067756647820175
2022-04-06,0.0012038994333797353
2022-04-07,0.0008535314859668771
2022-04-08,0.0016092693408430456
2022-04-11,0.0009280121458195683
2022-04-12,-4.824256826852759e-05
2022-04-13,-0.0010577025313052069
2022-04-14,0.0023964114416737733
2022-04-18,0.0015180688194391429
2022-04-19,0.0016574445970476517
2022-04-20,-0.001843798410808708
2022-04-21,0.0026649156336467058
2022-04-22,0.00011887209847366669
2022-04-25,-0.000656198767839599
2022-04-26,0.004868184610806981
2022-04-27,-0.005231207052705963
2022-04-28,-0.0023599571253429554
2022-04-29,-0.0034733153300395446
2022-05-02,-0.0009119135563269577
2022-05-03,-0.0010528302981125805
2022-05-04,-0.0031975280108752333
2022-05-05,0.006163688490985196
2022-05-06,0.002337038701011667
2022-05-09,0.0012533874411623778
2022-05-10,-0.0017275830468228084
2022-05-11,0.0017672717100620356
2022-05-12,0.0009398917384425584
2022-05-13,-0.0016970179357847265
2022-05-16,-0.0002461813777895174
2022-05-17,-0.0023382664661090987
2022-05-18,0.0026922455034594814
2022-05-19,-0.002267225334579835
2022-05-20,-0.0002982337084260604
2022-05-23,-0.001175611085139157
2022-05-24,-0.015125466281080982
2022-05-25,-0.0004056300597755394
2022-05-26,0.0036763202545730084
2022-05-27,0.008837841207865803
2022-05-31,-0.014256897105922393
2022-06-01,0.0006259513982244945
2022-06-02,-0.002466992596383735
2022-06-03,0.0020341002768052324
2022-06-06,0.0011437008614804288
2022-06-07,-0.0015035362946340717
2022-06-08,0.0019967890564133346
2022-06-09,0.0028476094749735606
2022-06-10,0.0031100738170898074
2022-06-13,0.00818715615425082
2022-06-14,0.0014271355864966294
2022-06-15,-0.004856179000743131
2022-06-16,0.0018010512963983294
2022-06-17,-0.00010814357485146459
2022-06-21,-0.0006225010537918472
2022-06-22,-0.001408969555879291
2022-06-23,-0.0014616078752219919
2022-06-24,0.014526201805406048
2022-06-27,0.006067728802142892
2022-06-28,-0.005698559151485019
2022-06-29,0.0024891068082137074
2022-06-30,-0.00021501032057411884
2022-07-01,-0.0020358516565857736
2022-07-05,-0.0003891172065819688
2022-07-06,0.0008455284446622396
2022-07-07,-0.0006367535917143363
2022-07-08,0.0007429148078068737
2022-07-11,0.0012210106822194535
2022-07-12,-0.0006645808610139705
2022-07-13,-0.0006716086043978311
2022-07-14,0.0017124984381319708
2022-07-15,-0.0027039184581671323
2022-07-18,0.0010596694052843409
2022-07-19,-0.002662489879804108
2022-07-20,-0.0003712247329699675
2022-07-21,-0.0029491595260399575
2022-07-22,-0.0006806203491402104
2022-07-25,-0.002758082042803464
2022-07-26,0.00510526832944354
2022-07-27,-0.007356298790116487
2022-07-28,0.01172365506817678
2022-07-29,-0.005019757747107212
2022-08-01,-0.0017418435010180355
2022-08-02,0.0029361551152237686
2022-08-03,-0.002170880592965867
2022-08-04,-0.0013858263364031852
2022-08-05,0.0027506161936315383
2022-08-08,-0.0018099076205355352
2022-08-09,0.0010816589699723998
2022-08-10,-0.002478567709897408
2022-08-11,0.0018523833231547868
2022-08-12,-0.002916810797859457
2022-08-15,0.0008917464610681064
2022-08-16,0.00022308829942064084
2022-08-17,0.0025161009949737846
2022-08-18,0.0004656493163316239
2022-08-19,0.0037404548862611333
2022-08-22,0.0033775702973852222
2022-08-23,-0.0001238107552123438
2022-08-24,0.00016796635591532764
2022-08-25,-0.0037940360285313697
2022-08-26,0.01369274062112749
2022-08-29,-0.016431897567014082
2022-08-30,0.0033091797156777967
2022-08-31,-0.008933549053434998
2022-09-01,0.0007180862183984905
2022-09-02,0.00010041178661928265
2022-09-06,0.0020494099515585454
2022-09-07,-0.003555313021121563
2022-09-08,0.0004687616494274643
2022-09-09,-0.0019248629536328336
2022-09-12,-0.0014560711929015803
2022-09-13,0.005225189255796547
2022-09-14,-0.0005390392807176844
2022-09-15,0.0019835466707312094
2022-09-16,0.00043225638094707396
2022-09-19,-0.000325803443014432
2022-09-20,0.0026480822652288983
2022-09-21,0.0008511223688765552
2022-09-22,0.0029444178658724063
2022-09-23,0.003653354884063034
2022-09-26,0.006776151326105606
2022-09-27,0.0030026231574588383
2022-09-28,0.032675875605358805
2022-09-29,-0.006567684071512445
2022-09-30,-0.003345298697252513
2022-10-03,-0.003854044345072505
2022-10-04,-0.002932794640360224
2022-10-05,0.0016580542488341253
2022-10-06,0.001393533975057608
2022-10-07,0.0027262230862042675
2022-10-10,0.0018093512676798293
2022-10-11,0.00025323349976927377
2022-10-12,-3.775711986926146e-05
2022-10-13,-0.0008980795443971143
2022-10-14,0.002397718013389062
2022-10-17,-0.002876602837237476
2022-10-18,-0.0010198023069067832
2022-10-19,0.0026055854422340537
2022-10-20,0.0009399599673107134
2022-10-21,-0.0022937994952835754
2022-10-24,0.000493536478361315
2022-10-25,0.002701958839218851
2022-10-26,0.00917233709259898
2022-10-27,0.021696513840752094
2022-10-28,-0.026578831859489564
2022-10-31,-0.005873136716743803
2022-11-01,-0.0013060823536609188
2022-11-02,0.0015757677720362848
2022-11-03,0.0008630489120736566
2022-11-04,-0.0019163063277216927
2022-11-07,-0.00011191143312320788
2022-11-08,-0.0011982499354787812
2022-11-09,0.0011002643523044613
2022-11-10,-0.005681397405275412
2022-11-11,-0.0008806768537918648
2022-11-14,0.0007825906464108157
2022-11-15,-0.0013105534027464604
2022-11-16,-4.950244904215355e-05
2022-11-17,0.0008463102105421476
2022-11-18,0.00017467119730957398
2022-11-21,0.00041444255255167553
2022-11-22,-0.0012453588930114448
2022-11-23,-0.0015461409822340108
2022-11-25,-1.4730600805535017e-05
2022-11-28,0.0018186457734101276
2022-11-29,-0.005706897331912903
2022-11-30,0.008819596711165991
2022-12-01,-0.0022352270647368676
2022-12-02,-0.0006039747169532497
2022-12-05,0.002093922033521574
2022-12-06,7.650560939183276e-05
2022-12-07,-0.0010977152559456065
2022-12-08,-0.0004166420268868822
2022-12-09,0.0009936229105196393
2022-12-12,-0.000156334236178245
2022-12-13,-0.0016710418862838485
2022-12-14,0.00024305483159556946
2022-12-15,0.0018224222026468452
2022-12-16,0.0007601439028319464
2022-12-19,0.0013272520989861876
2022-12-20,-0.00014222304002455447
2022-12-21,-0.0009295797964125438
2022-12-22,0.0011926340886318826
2022-12-23,0.0052307330294296345
2022-12-27,0.005961683674282829
2022-12-28,-0.003475625718596522
2022-12-29,0.0047184601421374935
2022-12-30,-0.0009834971798187678
2023-01-03,-0.001211729370400865
2023-01-04,-0.002427213247542422
2023-01-05,0.001082577828530681
2023-01-06,-0.003684518851343358
2023-01-09,-0.0007253321976471352
2023-01-10,0.00013903617968871108
2023-01-11,-0.0017403541601363909
2023-01-12,-0.0021802060269369623
2023-01-13,0.00047709262380757263
2023-01-17,0.0006820099906743787
2023-01-18,-0.000839067637631344
2023-01-19,0.0003540742300318527
2023-01-20,-0.0003052152154581407
2023-01-23,-0.0006190127506817949
2023-01-24,-0.0009064426673556413
2023-01-25,-0.00030900959775450275
2023-01-26,-0.003025391623853908
2023-01-27,-0.006865743876665806
2023-01-30,-0.007873884874478477
2023-01-31,0.014652821050321103
2023-02-01,-0.0035712872634141024
2023-02-02,-0.001683730725441035
2023-02-03,0.0015313856817945194
2023-02-06,0.001914472054275883
2023-02-07,-0.0003781088260095873
2023-02-08,0.0006016038908630689
2023-02-09,0.0008438465096712278
2023-02-10,0.0014571991401600213
2023-02-13,-0.0016604293751634066
2023-02-14,0.0004153622906861995
2023-02-15,-2.7360465909272536e-05
2023-02-16,0.001663191414885205
2023-02-17,-0.00024889353908161185
2023-02-21,0.003636561173249001
2023-02-22,0.0008150402868978438
2023-02-23,-0.0007849819069480884
2023-02-24,-0.015286651621177951
2023-02-27,0.007948932634891137
2023-02-28,0.006813946223589708
2023-03-01,-0.0011114757717629292
2023-03-02,-4.4957306043997846e-05
2023-03-03,-0.0027760861917956636
2023-03-06,0.0007878888764433367
2023-03-07,0.002675443886459786
2023-03-08,1.8595563432248906e-05
2023-03-09,0.0011483765311407408
2023-03-10,-0.00120397939398049
2023-03-13,-0.001435225686385527
2023-03-14,-0.00017911982387487017
2023-03-15,0.00032676282297589465
2023-03-16,-0.000637721368029062
2023-03-17,-0.0003953395436455801
2023-03-20,-0.0007468413562020243
2023-03-21,-0.0005415192617286941
2023-03-22,-0.0007843910662411854
2023-03-23,-0.0006743058289941889
2023-03-24,-0.00013048906196962032
2023-03-27,0.015956306701799688
2023-03-28,-0.001588231106337115
2023-03-29,0.004988310587166182
2023-03-30,0.00396347787120009
2023-03-31,0.013489779002471955
2023-04-03,-0.0014097307684865202
2023-04-04,-0.0006347275145782231
2023-04-05,0.00034417430889126764
2023-04-06,-0.0003480088647198432
2023-04-10,0.0008456323283836589
2023-04-11,-0.0006616258551160898
2023-04-12,-0.000214414081682354
2023-04-13,-0.0014097268094977401
2023-04-14,0.001599390359018115
2023-04-17,0.0006034029646310369
2023-04-18,-0.0004961078929273706
2023-04-19,0.0008066831088712872
2023-04-20,4.447337019899754e-05
2023-04-21,0.00029312365554965336
2023-04-24,-0.00020441951760433004
2023-04-25,0.004977275487901898
2023-04-26,-0.0058064691714941035
2023-04-27,-0.015413472662440307
2023-04-28,0.010579455203772313
2023-05-01,0.0019359377524181872
2023-05-02,0.000720392203515088
2023-05-03,0.0006733297824967228
2023-05-04,0.0009655383721164232
2023-05-05,-0.002631200285356313
2023-05-08,0.001177327747669347
2023-05-09,0.0007555227514965651
2023-05-10,-0.002199340128521514
2023-05-11,-0.0012731887967394261
2023-05-12,0.0013217082943131069
2023-05-15,-5.936976738364875e-05
2023-05-16,0.001577514228346723
2023-05-17,-0.001965919343026289
2023-05-18,-0.0005905480604436655
2023-05-19,0.0018333878614360752
2023-05-22,-0.0010551423959320914
2023-05-23,0.00042134817342085124
2023-05-24,0.00296933511388465
2023-05-25,-0.01000301088265442
2023-05-26,-0.0007276356411081196
2023-05-30,0.02540185842376266
2023-05-31,0.014640984997962302
2023-06-01,-0.0027255887190707237
2023-06-02,-0.0010762654974003929
2023-06-05,0.0004871118796666485
2023-06-06,-0.0008363146938552223
2023-06-07,0.00026152546601824106
2023-06-08,-0.0007464854003192864
2023-06-09,0.0005438185214629524
2023-06-12,-0.00012155140354453126
2023-06-13,-0.0005994754669024647
2023-06-14,-0.00047569303755263777
2023-06-15,-0.002030874305138884
2023-06-16,0.0005376125681223808
2023-06-20,0.00029268803650666064
2023-06-21,-0.0005394619708625183
2023-06-22,0.0014723943923700036
2023-06-23,0.0010850500118910202
2023-06-26,0.0058180536926840136
2023-06-27,-0.015596482536221494
2023-06-28,0.01066837821785059
2023-06-29,-0.032837759614098454
2023-06-30,-0.0034805931402797884
2023-07-03,-0.0011627620698212245
2023-07-05,4.557173516536763e-05
2023-07-06,0.00019417059315283918
2023-07-07,0.0007304846623255582
2023-07-10,0.000131955398274664
2023-07-11,9.681596229158997e-05
2023-07-12,0.0005838965679343897
2023-07-13,0.00028783678740937953
2023-07-14,0.0002920296340701476
2023-07-17,0.00044183319509283456
2023-07-18,0.0008875244419863817
2023-07-19,-0.000856854422019535
2023-07-20,-0.0006722675098331198
2023-07-21,-0.00041085285473865373
2023-07-24,-0.0008844092240373969
2023-07-25,-0.0005899959025195052
2023-07-26,0.001216102017001677
2023-07-27,-0.021529140426844603
2023-07-28,0.005059939284386473
2023-07-31,0.00173581971313027
2023-08-01,-0.00047066359143162125
2023-08-02,-0.0011008051134639505
2023-08-03,0.001146436071977849
2023-08-04,-0.0014199600843962555
2023-08-07,0.00022138204502087492
2023-08-08,-0.001591439262105669
2023-08-09,-0.000870176873264744
2023-08-10,0.0011971312687930303
2023-08-11,-0.00015274260469475448
2023-08-14,0.0002979871208853862
2023-08-15,-0.0002561377948515636
2023-08-16,-0.0002483628785172725
2023-08-17,-9.134723888462103e-05
2023-08-18,-0.0006547536150439664
2023-08-21,0.0021025143801054634
2023-08-22,-0.0007709104901971492
2023-08-23,-0.00036072867496212774
2023-08-24,-0.000995691069392065
2023-08-25,0.00175155032787732
2023-08-28,0.0012168560314119619
2023-08-29,0.018764439805554825
2023-08-30,0.0011948575452407806
2023-08-31,0.002324886210936101
2023-09-01,-0.0006801472060383716
2023-09-05,9.166304600057132e-05
2023-09-06,-0.0007229932648442907
2023-09-07,-0.0006647393827835696
2023-09-08,-0.00030448016170378056
2023-09-11,0.0013173834399773199
2023-09-12,-0.0013180016643064819
2023-09-13,7.687309935345973e-05
2023-09-14,-0.0002736045113103226
2023-09-15,0.0005165630537970362
2023-09-18,0.0005431804003758403
2023-09-19,0.0007073261398059561
2023-09-20,-0.0002315214429654406
2023-09-21,0.0015384300128566644
2023-09-22,-0.0009498017609307648
2023-09-25,0.004352787629706615
2023-09-26,-0.003610978706931779
2023-09-27,-0.006174931513499025
2023-09-28,0.0042401708435849195
2023-09-29,-0.0008066098883291839
2023-10-02,-0.0008582788480286491
2023-10-03,-0.00022562499481710408
2023-10-04,0.000328217989647905
2023-10-05,0.0005827883205355564
2023-10-06,0.0029308721848193644
2023-10-09,-0.0014098980700944991
2023-10-10,0.0012883679896429335
2023-10-11,-0.0005064075662900533
2023-10-12,-0.00016905394186692547
2023-10-13,-0.0013768936464664129
2023-10-16,0.0023104010564522983
2023-10-17,0.0014231695497049185
2023-10-18,-0.0009399747455338982
2023-10-19,0.0006309520514645688
2023-10-20,-0.001608165320639689
2023-10-23,-0.0004501646755514049
2023-10-24,0.000527651508702496
2023-10-25,-0.0005721867402587368
2023-10-26,-0.003082941290499037
2023-10-27,0.004537334342359423
2023-10-30,-0.0098017444852852
2023-10-31,-0.007522696332430312
2023-11-01,-0.003108086618736317
2023-11-02,-0.0018783820277430826
2023-11-03,-0.00016783377737871442
2023-11-06,0.0018980074533732501
2023-11-07,-0.001054656870414921
2023-11-08,-0.0013451491209837594
2023-11-09,0.003144652192512032
2023-11-10,-0.0008657490826304321
2023-11-13,0.0003464071077209962
2023-11-14,-0.0011119352372026257
2023-11-15,0.0023566643178312197
2023-11-16,0.00038641032890046536
2023-11-17,-0.000514067922743321
2023-11-20,-0.0005176990408792717
2023-11-21,0.000473818906244274
2023-11-22,-0.0010340862133751583
2023-11-24,-0.002998275835167041
2023-11-27,0.008302223626437212
2023-11-28,0.011812228649016302
2023-11-29,0.01363221232949524
2023-11-30,-0.015529633400270124
2023-12-01,-0.001479911583832741
2023-12-04,-0.0023272370869171885
2023-12-05,-0.0016691979069422
2023-12-06,-0.0003462396163900822
2023-12-07,0.001355363535102488
2023-12-08,-0.0006989491021050416
2023-12-11,0.00011903115546794937
2023-12-12,0.0008170356723670879
2023-12-13,0.000196557969362038
2023-12-14,-0.0016993216673534233
2023-12-15,-0.0011401457402808576
2023-12-18,0.0012521646659348392
2023-12-19,0.0008453941009765366
2023-12-20,-0.0023644882389773493
2023-12-21,0.0032241050817966555
2023-12-22,0.00035489993106045567
2023-12-26,0.0008695776521007652
2023-12-27,0.00828812887805512
2023-12-28,-0.004131354579069558
2023-12-29,-0.002534001447057092
2024-01-02,-0.0021162873460032266
2024-01-03,-0.0026707461749945548
2024-01-04,0.00019382091091418714
2024-01-05,0.00020554251837804792
2024-01-08,0.002534944420170991
2024-01-09,-0.0008506735740122143
2024-01-10,0.0011267677048115519
2024-01-11,-0.0004991679983056486
2024-01-12,4.803064197410548e-06
2024-01-16,-0.0020717968512157575
2024-01-17,-0.00179920336010062
2024-01-18,0.0016187347831197743
2024-01-19,0.002408319613807902
2024-01-22,0.0005233237752737746
2024-01-23,3.083927281503413e-05
2024-01-24,0.00021922300229379848
2024-01-25,0.000194414659653262
2024-01-26,-0.0009177836618353056
2024-01-29,0.016427866131635424
2024-01-30,0.004092233894492148
2024-01-31,0.03190890045652136
2024-02-01,-0.0015361496447416558
2024-02-02,0.002614812444486093
2024-02-05,0.0013428502995433398
2024-02-06,-0.0011627536666736376
2024-02-07,0.0008313883153728932
2024-02-08,-9.032828090435596e-05
2024-02-09,0.00024612632915994143
2024-02-12,-0.0007280096999640921
2024-02-13,0.001593062753540274
2024-02-14,-0.0004107749318343091
2024-02-15,-0.0008664945306441822
2024-02-16,-1.0525388461855134e-05
2024-02-20,0.00026799379873757587
2024-02-21,0.00015101971174046028
2024-02-22,0.0015894247501939704
2024-02-23,0.0024717230530851967
2024-02-26,0.0011945882727682799
2024-02-27,-0.00804771681274468
2024-02-28,0.010929460026967257
2024-02-29,0.003437820678316802
2024-03-01,0.00031676316999388666
2024-03-04,0.00044599768359100006
2024-03-05,-0.000992120319983661
2024-03-06,0.0012488288811870218
2024-03-07,0.0015575325486934324
2024-03-08,-0.000448779432988781
2024-03-11,-0.00021350633682528947
2024-03-12,0.0009464725183024519
2024-03-13,0.00041077316606920425
2024-03-14,-0.0005288169276413675
2024-03-15,-0.00046591473445177365
2024-03-18,0.00017162061601885538
2024-03-19,7.514702273536263e-05
2024-03-20,0.002141400095091747
2024-03-21,-0.0006009282202636454
2024-03-22,0.001811984083298155
2024-03-25,-0.0003818102193440064
2024-03-26,0.0028993840959874555
2024-03-27,0.005402146907141329
2024-03-28,-0.0020037572087139846
2024-04-01,0.0006363824676167224
2024-04-02,-0.00016031942984138283
2024-04-03,0.0005758298953574889
2024-04-04,-0.0026234677034352753
2024-04-05,0.002991986887655121
2024-04-08,0.001401009291386369
2024-04-09,0.00044560037945708434
2024-04-10,-0.0005596209719536649
2024-04-11,0.002618312570162935
2024-04-12,-0.003746353833571179
2024-04-15,0.0007012863954604009
2024-04-16,-0.0007551884620378
2024-04-17,-0.002054894561696052
2024-04-18,0.000735207449141902
2024-04-19,-0.0008662054330757118
2024-04-22,0.00037003937283765594
2024-04-23,0.0016491776544119525
2024-04-24,0.0016627095969011787
2024-04-25,0.0004881384449594982
2024-04-26,0.00930176157833635
2024-04-29,0.011649069469590718
2024-04-30,-0.017645529308143962
2024-05-01,-0.0009706360711434699
2024-05-02,0.0005212583881058853
2024-05-03,0.00030161738140111204
2024-05-06,0.00025811432450981625
2024-05-07,-0.0002942677594017254
2024-05-08,0.0005399538452507234
2024-05-09,-0.0007147896670216343
2024-05-10,0.0010537853684049448
2024-05-13,-0.0005455244372130859
2024-05-14,0.00033621167353955355
2024-05-15,-0.0005538260167658306
2024-05-16,-0.00023430156326585146
2024-05-17,2.6603422222674666e-05
2024-05-20,0.00034286385487779285
2024-05-21,-0.0007927986745756677
2024-05-22,0.00023255444810522106
2024-05-23,0.00015573873031202864
2024-05-24,-0.0022638950688081776
2024-05-28,-0.005403861244611233
2024-05-29,-0.013509004664087759
2024-05-30,0.017666577426917494
2024-05-31,0.01088373632848166
2024-06-03,-0.002156459513455323
2024-06-04,-0.0016733254662490828
2024-06-05,0.0013566615776569974
2024-06-06,0.0007833846742806202
2024-06-07,-0.0004198150489130651
2024-06-10,0.0015237815407651556
2024-06-11,-0.0009987208875279873
2024-06-12,0.0008187512873395012
2024-06-13,-0.00147895051242133
2024-06-14,-0.00047717594792498805
2024-06-17,0.0013421666752067858
2024-06-18,9.237296675029221e-05
2024-06-20,0.0008529374598238164
2024-06-21,-0.0008404639292215622
2024-06-24,0.0007773466909374001
2024-06-25,-0.0010824909977033988
2024-06-26,-0.009165554156146165
2024-06-27,0.0036219996810950925
2024-06-28,-0.006086178782988346
2024-07-01,0.0011610950361797363
2024-07-02,0.00016187858977245772
2024-07-03,0.0004192154018852919
2024-07-05,0.00023448239106301966
2024-07-08,-0.0005021309271888009
2024-07-09,0.00014603109147731685
2024-07-10,0.00132542337465305
2024-07-11,0.00035764438126538434
2024-07-12,0.0003644597731902726
2024-07-15,0.0008794777162061052
2024-07-16,0.0013065627514470234
2024-07-17,-0.0029148400789674083
2024-07-18,-0.0013060187786278126
2024-07-19,-0.001306983946095968
2024-07-22,0.00259373541863828
2024-07-23,-0.00036085557308017683
2024-07-24,-0.003112972248330644
2024-07-25,-0.0014348797954998815
2024-07-26,0.0010856331846725111
2024-07-29,0.003939780639413487
2024-07-30,0.007238816969424559
2024-07-31,0.025897503689476364
2024-08-01,-0.0030335029588910356
2024-08-02,-0.003478876355522231
2024-08-05,-0.004337786343835971
2024-08-06,0.002494405189754726
2024-08-07,-0.0004820410696955709
2024-08-08,0.0028967213184036395
2024-08-09,-0.00029258128992617566
2024-08-12,-0.0004987018275901035
2024-08-13,0.0016726877205722154
2024-08-14,0.0004438051589385013
2024-08-15,0.002522242371000456
2024-08-16,0.0007208252335698624
2024-08-19,0.0010068675652297652
2024-08-20,-0.0009769239467269772
2024-08-21,0.0006758371969103949
2024-08-22,-0.000191525590667534
2024-08-23,0.0012377815340119584
2024-08-26,-0.00039911482595234135
2024-08-27,0.00029916131536858215
2024-08-28,-0.001740994836581827
2024-08-29,-0.0014541849710422126
2024-08-30,-0.0015537352813457324
2024-09-03,-0.002206072721920048
2024-09-04,0.0008858050652213858
2024-09-05,0.0006282712987130017
2024-09-06,-0.0016363236733973547
2024-09-09,0.0012109541018016394
2024-09-10,0.000801281823324325
2024-09-11,0.0006504832154079158
2024-09-12,0.0013830109862436695
2024-09-13,0.0017683516615686747
2024-09-16,0.0008326541969255163
2024-09-17,-0.0005208904836879123
2024-09-18,-0.0008446012751464362
2024-09-19,0.0026288609762819227
2024-09-20,-0.0001756108445357161
2024-09-23,0.00010597716660491399
2024-09-24,0.00186591295570626
2024-09-25,-0.0010399164159215983
2024-09-26,-0.001861421178378372
2024-09-27,0.013174418998298005
2024-09-30,-0.00944406643938826
2024-10-01,-0.0011668454107450468
2024-10-02,-0.00040800218587150447
2024-10-03,-0.0017592132026614967
2024-10-04,-0.0010044336344238322
2024-10-07,-0.0016192145028042957
2024-10-08,0.0004027145251421378
2024-10-09,-0.0004904595770550582
2024-10-10,-0.00030551281358246125
2024-10-11,0.0010338616293011657
2024-10-14,0.0003254023221348006
2024-10-15,0.0005134627501662491
2024-10-16,0.0010617606061077555
2024-10-17,-0.001403269300019315
2024-10-18,0.001702209986292885
2024-10-21,-0.002977304969851001
2024-10-22,-8.479988575018095e-05
2024-10-23,-0.0018227827274423034
2024-10-24,0.0012662378566210743
2024-10-25,-0.004298622914872502
2024-10-28,-0.0039035464579860435
2024-10-29,0.00040629399658029475
2024-10-30,-0.004087232999221589
2024-10-31,0.004224387504848425
2024-11-01,-0.0019708563062469596
2024-11-04,0.0015506509474828118
2024-11-05,0.002229274275131301
2024-11-06,-0.0025909720583115973
2024-11-07,0.0039990646088685425
2024-11-08,0.00034919101205470576
2024-11-11,-0.0014135846611169874
2024-11-12,-0.0035748439294380234
2024-11-13,-0.0015170523913679579
2024-11-14,-0.0009680413159865627
2024-11-15,-0.0009538875968056786
2024-11-18,0.0019475942839193012
2024-11-19,0.0012447915042582765
2024-11-20,-0.0007529102474389683
2024-11-21,0.00024307420115933786
2024-11-22,-0.0016474708222538653
2024-11-25,0.02329604887078762
2024-11-26,-0.010514615308266743
2024-11-27,0.015249489151421112
2024-11-29,0.010558523831270423
2024-12-02,-0.0009403693323237923
2024-12-03,-0.00015305925636983878
2024-12-04,0.0012905500226852752
2024-12-05,-0.0005797253190694309
2024-12-06,0.0005394568326024536
2024-12-09,2.737869096150085e-06
2024-12-10,-0.0007648694969617328
2024-12-11,0.0006455123049123431
2024-12-12,-0.0020330674684673347
2024-12-13,-0.0012419535256641527
2024-12-16,0.0005252252102276679
2024-12-17,-0.0006994638615416125
2024-12-18,-0.006527009100265663
2024-12-19,-0.0014366115167060076
2024-12-20,0.002064412123636246
2024-12-23,0.000306279108106427
2024-12-24,0.0009641012116728624
2024-12-26,0.0008390151004016507
2024-12-27,-0.011378453677929527
2024-12-30,0.020452663438380335
2024-12-31,-0.006287119718930226
2025-01-02,-0.0002675991508955803
2025-01-03,0.001161657803777244
2025-01-06,0.0006524268803615254
2025-01-07,0.00010769964958053887
2025-01-08,-9.783777268031088e-05
2025-01-10,0.00016416373059941755
2025-01-13,-0.0006893348819438348
2025-01-14,0.00012098419122016732
2025-01-15,-0.00028578238896296074
2025-01-16,-0.0009695883367905508
2025-01-17,0.0008080407578399621
2025-01-21,-0.0007412087688485788
2025-01-22,0.001708371682430774
2025-01-23,0.00031780554253270306
2025-01-24,-0.001063602736706971
2025-01-27,0.010680607324291958
2025-01-28,-0.00268937277440725
2025-01-29,-0.002004570324807527
2025-01-30,0.004951597031494919
2025-01-31,-0.0026461705361909868
2025-02-03,-0.0023542817308857557
2025-02-04,0.0012562992626029166
2025-02-05,-0.00013007078855224854
2025-02-06,0.0005940934333688374
2025-02-07,-0.0004808309191089041
2025-02-10,0.0015656124565702528
2025-02-11,-0.0001418931295784965
2025-02-12,0.002024837592401417
2025-02-13,-0.00019330244025940512
2025-02-14,-0.0011798706312816393
2025-02-18,0.0025295598938740354
2025-02-19,-0.0009936482351442842
2025-02-20,-0.0008770320773449893
2025-02-21,-0.003346484066137596
2025-02-24,-4.77696718932838e-05
2025-02-25,0.0010235086018502493
2025-02-26,0.008440236402838263
2025-02-27,-0.003708962202583798
2025-02-28,0.016170284078663468
2025-03-03,-0.001579209721733916
2025-03-04,-0.0009562973947488442
2025-03-05,0.0014562098955175084
2025-03-06,-0.0024224780169658225
2025-03-07,0.0003258431823785022
2025-03-10,-0.002952959900630698
2025-03-11,-0.0008270527573769994
2025-03-12,0.0007952330788589153
2025-03-13,-0.0007668462372734679
2025-03-14,0.002593555426124245
2025-03-17,0.0016495563700311738
2025-03-18,-0.0005229742092321626
2025-03-19,0.002273320184642723
2025-03-20,-0.0008816563545388011
2025-03-21,-0.000931083013869924
2025-03-24,0.0014117201727244602
2025-03-25,-0.0014872238112275896
2025-03-26,-0.005850044391397804
2025-03-27,-0.0028313603327522682
2025-03-28,0.0001960434862938069
2025-03-31,0.006370563030714596
2025-04-01,-0.0008430932570140945
2025-04-02,-0.00027479896189756733
2025-04-03,-0.006868421430602775
2025-04-04,-0.01105389524315618
2025-04-07,-0.0010845633818870662
2025-04-08,0.0006643895871897509
2025-04-09,0.013631064893637471
2025-04-10,-0.0033247233998560948
2025-04-11,0.0035471435339781408
2025-04-14,0.0007770235728407894
2025-04-15,0.00046665352446233546
2025-04-16,-0.0017623999660914458
2025-04-17,0.001746345063549151
2025-04-21,0.0002403118636540758
2025-04-22,0.0022616349465451745
2025-04-23,0.002175904133815415
2025-04-24,-0.00031170942527414193
2025-04-25,-0.004590145090136038
2025-04-28,0.003965371645246882
2025-04-29,0.005459713753624228
2025-04-30,0.00250002373722934
2025-05-01,-0.0016165015946874447
2025-05-02,-0.00020670104463926605
2025-05-05,0.0007470317577613363
2025-05-06,0.0012407185989860984
2025-05-07,-0.00045744094627771416
2025-05-08,-0.0028958346734661105
2025-05-09,0.0008571903379216111
2025-05-12,-0.0014918872538936558
2025-05-13,0.0005128381703637031
2025-05-14,-0.0018851065926096336
2025-05-15,0.003140721299141779
2025-05-16,0.00019869255201070688
2025-05-19,0.0010154041779819707
2025-05-20,-6.192221148790733e-05
2025-05-21,-0.0027095008613918625
2025-05-22,0.0004598687374545638
2025-05-23,0.012557985512473007
2025-05-27,0.0014529899346878128
2025-05-28,-0.007835800616192158
2025-05-29,0.013538516577903193
2025-05-30,0.010350890350703511
2025-06-02,-0.001672523001852799
2025-06-03,-0.001023355175342917
2025-06-04,0.002309982354827247
2025-06-05,-0.002244355708964928
2025-06-06,-0.002080712569175581
2025-06-09,0.000463897876026585
2025-06-10,0.0010210397768608546
2025-06-11,0.0005766072464024497
2025-06-12,0.0021422341851885197
2025-06-13,-0.002884527758330867
2025-06-16,0.00024748335179869483
2025-06-17,-0.00209867881757371
2025-06-18,0.0002289334766223456
2025-06-20,0.00047020042360042084
2025-06-23,0.0035158930019436835
2025-06-24,0.0036531426269969785
2025-06-25,-0.0005374420677756153
2025-06-26,0.011867389877391863
2025-06-27,-0.00905386851210827
2025-06-30,0.014947277545341054
2025-07-01,-0.0011324605848265442
2025-07-02,0.0005206979094684384
2025-07-03,2.0769869256980046e-05
2025-07-07,-0.001367225097803836
2025-07-08,-0.0003023493147740442
2025-07-09,0.000985166249146661
2025-07-10,0.00042269906213605516
2025-07-11,-0.00047155094524981554
2025-07-14,0.00021453950743933561
2025-07-15,-0.0015273530739537426
2025-07-16,0.0013203198590793868
2025-07-17,0.0003980297766219891
2025-07-18,0.00024226863369124335
2025-07-21,0.0016056204562259182
2025-07-22,0.001329270563949059
2025-07-23,0.00052184927582298
2025-07-24,-0.0009182824087589904
2025-07-25,-0.00025705588924059095
2025-07-28,-0.004360573874350687
2025-07-29,0.022310361457673792
2025-07-30,-0.01269000658842994
2025-07-31,0.003681604978554563
2025-08-01,-0.0012786523602524927
2025-08-04,0.0009702621849816167
2025-08-05,-0.00037080719130995607
2025-08-06,0.0009230556059528143
2025-08-07,0.0006238221081140777
2025-08-08,0.0005043656703020884
2025-08-11,-0.0005384989481610702
2025-08-12,0.0007375714727827042
2025-08-13,0.0005399077849190678
2025-08-14,-0.00041116525361862427
2025-08-15,0.00015896632805158695
2025-08-18,1.3052577602298605e-05
2025-08-19,-0.0013237434184526623
2025-08-20,0.0003217329199320663
2025-08-21,-0.0004514535627821686
2025-08-22,0.0021407342127928073
2025-08-25,-0.0008906754072102938
2025-08-26,0.00030849376019441443
2025-08-27,0.002610238993269533
2025-08-28,0.004850024220987065
2025-08-29,-0.002036947225040528
2025-09-02,0.0001340137848074274
2025-09-03,-8.802118521425599e-05
2025-09-04,-0.00037616724513647644
2025-09-05,-0.0005562574226544595
2025-09-08,0.00044416951677283943
2025-09-09,0.0002405215704195162
2025-09-10,9.402233656056243e-06
2025-09-11,0.0004883135772019899
2025-09-12,0.0004882845907564709
2025-09-15,0.0011668544183781667
2025-09-16,0.00035360439637678495
2025-09-17,-0.0004705265784125174
2025-09-18,0.001301384701004564
2025-09-19,0.0006243485341510688
2025-09-22,0.0018342941287727392
2025-09-23,-0.000910823473602062
2025-09-24,-0.0020659959797037406
2025-09-25,0.00026757142569233504
2025-09-26,-0.004269740571677611
2025-09-29,0.008765905911221903
2025-09-30,-0.002604526685166566
2025-10-01,-0.0009236504246162789
2025-10-02,-0.0001672812517523323
2025-10-03,0.0009024879509728614
2025-10-06,0.0018513764388153396
2025-10-07,-0.0015303340276054914
2025-10-08,0.0014029238245893355
2025-10-09,-0.0013466449505926512
2025-10-10,-0.004774457626559523
2025-10-13,0.0035610437328892674
2025-10-14,-0.0006731923619443735
2025-10-15,0.002086470125668155
2025-10-16,-0.0005555584016110887
2025-10-17,-0.00025486846916310355
2025-10-20,0.00223542863866432
2025-10-21,-0.003979643602356446
2025-10-22,-0.0006559889040072092
2025-10-23,0.0024468785400670206
2025-10-24,0.0009254670703954436
2025-10-27,0.001424553049262404
2025-10-28,0.0001144731668084124
2025-10-29,-0.02100809937780292
2025-10-30,-0.0056065568664387675
2025-10-31,0.0016506483815407439
2025-11-03,-0.0010966870253556111
2025-11-04,-0.0016999635583884035
2025-11-05,0.0004608330998255752
2025-11-06,-0.00011192995704111005
2025-11-07,4.521853177153789e-05
2025-11-10,0.0022636570233378218
2025-11-11,0.0009332699395194322
2025-11-12,0.00012218649500432647
2025-11-13,-0.002142620114134796
2025-11-14,-0.0006560116589429544
2025-11-17,-0.0013756128920862055
2025-11-18,-0.0003302941463359619
2025-11-19,-0.00022406137873008514
2025-11-20,-0.001806161066546625
2025-11-21,0.0011471464595768333
2025-11-24,0.007706835188585705
2025-11-25,0.006622836196111735
2025-11-26,0.0049646597175358395
2025-11-28,0.0011958474814722083
2025-12-01,-0.0007822711124199795
2025-12-02,0.0006078116427967115
2025-12-03,0.0009230376915636742
2025-12-04,-0.000582485377331218
2025-12-05,0.0005778832039396385
2025-12-08,-0.001294952496759505
2025-12-09,-0.00015492863485284573
2025-12-10,0.002570162650963395
2025-12-11,0.00029827662176153775
2025-12-12,-0.002152643608428529
2025-12-15,0.0004433013613507831
2025-12-16,-2.266972734492166e-05
2025-12-17,-0.00039922028069439377
2025-12-18,0.0016314578517822734
2025-12-19,0.0007547365532720807
2025-12-22,0.0014730499408169364
2025-12-23,0.0022140718484823696
2025-12-24,0.0017689045897740087
2025-12-26,0.0026505916791740537
2025-12-29,0.003420433175356776
2025-12-30,-0.0029640215294373566
2025-12-31,-0.0114954851192713
2026-01-02,-0.0006301441130733602
2026-01-05,0.002690681905282016
2026-01-06,0.0005352136794312491
2026-01-07,-0.00019380736134426549
2026-01-08,-0.0007099170889054257
2026-01-09,0.001516042727132729
2026-01-12,0.0012154012394757533
2026-01-13,-2.269155298854287e-05
2026-01-14,0.0010438954222457353
2026-01-15,-0.0007734524216476446
2026-01-16,-0.0013815352994692779
2026-01-20,-0.0012215616167681744
2026-01-21,0.0030090667761383037
2026-01-22,0.0018543635153744017
2026-01-23,0.002059143381019632
2026-01-26,0.0013593197605653992
2026-01-27,5.407817326305676e-05
2026-01-28,-0.003265746570778891
2026-01-29,0.004072144701413493
2026-01-30,-0.005870191477789457
2026-02-02,-0.00214684125132226
2026-02-03,0.0010980558444056566
2026-02-04,-0.0006686524179515391
2026-02-05,-0.0020842063673711976
2026-02-06,0.00430008121459656
2026-02-09,0.002418376346121088
2026-02-10,0.00011256902645817036
2026-02-11,0.00042274474125315496
2026-02-12,-0.002140280923737629
2026-02-13,0.001824808418623083
2026-02-17,-0.0009758794323053225
2026-02-18,0.000797048283914886
2026-02-19,0.0001296680901407233
2026-02-20,0.0021325089312691325
2026-02-23,-0.016198792542071364
2026-02-24,0.006303822846163447
2026-02-25,0.00012462762123559718
2026-02-26,0.0030379830406347804
2026-02-27,0.005595197060520405
2026-03-02,-0.001199417576567492
2026-03-03,-0.0035932906323910886
2026-03-04,0.001661212009766074
2026-03-05,-0.0026256723225219114
2026-03-06,-0.0014281870002208128
2026-03-09,0.0024432134750267172
2026-03-10,-0.0004622917409040944
2026-03-11,-0.0012820312844267407
2026-03-12,-0.003917873396916264
2026-03-13,-0.0020137303322694793
2026-03-16,0.003199832284514037
2026-03-17,0.002322415082383395
2026-03-18,-0.004143871193086185
2026-03-19,8.761659040104025e-05
2026-03-20,-0.0073198164890747085
2026-03-23,0.003317037628912462
2026-03-24,-0.0017349962436197972
2026-03-25,-0.001383264285589705
2026-03-26,-0.004014091278459706
2026-03-27,-0.005034125339630195
2026-03-30,0.01695122176591621
2026-03-31,0.013405776313032747
2026-04-01,7.5882284548691385e-06
2026-04-02,-0.0006327587098172463
2026-04-06,0.0005102764799688859
2026-04-07,0.00032196854737934444
2026-04-08,0.0033733216502872245
2026-04-09,0.00047930540288579354
2026-04-10,-0.000514937177638468
2026-04-13,0.0013940058902670517
2026-04-14,0.0017434114770761692
2026-04-15,0.0004407143206580046
2026-04-16,-0.0001913092206056694
2026-04-17,0.001328488027300521
2026-04-20,-0.0002383783593196155
2026-04-21,-0.0014639050213592817
2026-04-22,0.001796730606180019
2026-04-23,-0.0015954022198383072
2026-04-24,-0.001837747269036241
2026-04-27,-0.00752135732771407
2026-04-28,-0.001628852053679846
2026-04-29,-0.01536895702592607
2026-04-30,0.0021286068770066903
2026-05-01,-0.0012828097487587922
2026-05-04,-0.0004575118888559381
2026-05-05,0.0010478266206840892
2026-05-06,0.0018907316980646316
2026-05-07,-0.0008311438386853394
2026-05-08,0.0010756725323461049
2026-05-11,0.0008427127487841596
2026-05-12,-0.0003553727779356937
2026-05-13,0.0003290904435390718
2026-05-14,-0.00029120221651322554
2026-05-15,-0.001912257854085899
2026-05-18,0.0006134922474040417
2026-05-19,-0.0006150941229744606
2026-05-20,0.0015293449330873287
2026-05-21,0.000389887590109364
2026-05-22,-0.0013501240841224127
2026-05-26,0.00307133022362763
2026-05-27,-7.593761534098427e-06
2026-05-28,0.004482722321493545
2026-05-29,0.00212175338519984
2026-06-01,-0.0014327217293913636
2026-06-02,0.0006360091791696159
2026-06-03,-0.0014865092326153502
2026-06-04,0.0008512377604178174
2026-06-05,-0.004961447775126144
2026-06-08,0.00021222674173033575
2026-06-09,0.00038995998918693516
2026-06-10,-0.002042665002136624
2026-06-11,0.004368998552988957
2026-06-12,0.0003411499635206069
2026-06-15,0.0017137764307947787
2026-06-16,-0.00032014202186712734
2026-06-17,-0.0032674959004015324
2026-06-18,0.0018409122275475011
2026-06-22,-0.000949235972124365
2026-06-23,-0.0022986263497074555
2026-06-24,-0.0026654278235214417
2026-06-25,0.001234998908399733
2026-06-26,0.0058051331633263295
2026-06-29,0.003507186012199704
2026-06-30,-0.015132049798588598
2026-07-01,-0.0011737078894170445
2026-07-02,0.0001831038429554722
2026-07-06,0.0014113909293046489
2026-07-07,-0.00029046433451778943
2026-07-08,-0.0006990183248512957
2026-07-09,0.0010446634852517612
2026-07-10,5.944588237960075e-05
2026-07-13,-0.0008188768287331113
2026-07-14,0.0009070546159228461
2026-07-15,-5.47470487674675e-06
2026-07-16,-0.0007736383139967333
2026-07-17,-0.0011825256757318117
2026-07-20,0.0004971346469935785
2026-07-21,0.00318983340857367
2026-07-22,9.643312965830593e-05
2026-07-23,-0.0013227076363969813
2026-07-24,-3.555625611176249e-05
2026-07-27,-0.0001720583361279025
2026-07-28,-0.0012517881767055191
2026-07-29,-0.015429720725398994
2026-07-30,0.0025953465387646567
2026-07-31,-0.009514184095757832
2026-08-03,-0.000538264978993001
2026-08-04,0.0008022030549404516
2026-08-05,0.00038979757283555383
2026-08-06,0.0007067347461314731
2026-08-07,0.0008398786097254318
2026-08-10,0.0016132986791039822
2026-08-11,-0.0005095613448068586
2026-08-12,0.0012452781526176239
2026-08-13,-0.0006009458920283326
2026-08-14,0.0010300039814644505
2026-08-17,0.0011707628093666133
2026-08-18,-0.002716268254747427
2026-08-19,-0.000877933330644056
2026-08-20,0.0007795023337849573
2026-08-21,0.002133265796735634
2026-08-24,-0.001103716905295253
2026-08-25,0.002838832718311924
2026-08-26,-0.0021983140954617278
2026-08-27,-0.004880826810279097
2026-08-28,-0.01317081612720284
2026-08-31,-0.003158026184735981
2026-09-01,-0.0015656466563212814
2026-09-02,0.00043651032065530296
2026-09-03,0.0008739895197605594
2026-09-04,-7.921319507992536e-05
2026-09-08,-0.0006921712463926498
2026-09-09,3.43963129244653e-05
2026-09-10,0.00019260936808021464
2026-09-11,0.0016258832664146096
2026-09-14,-0.0011469052219283662
2026-09-15,-3.534637742885792e-05
2026-09-16,-0.00010320151589085669
2026-09-17,0.0004601996740884274
2026-09-18,0.0008854337385531807
2026-09-21,0.0007654095361630378
2026-09-22,0.0006434763409457986
2026-09-23,0.00045209256214611207
2026-09-24,-0.004540611802399776
2026-09-25,0.0009489666474811512
2026-09-28,-0.016082047468383674
2026-09-29,-0.002378350881212607
2026-09-30,-0.004783047634719721
2026-10-01,-0.001055691562471187
2026-10-02,0.00102818387710915
