date,ret
2005-01-03,9.087301587301587e-05
2005-01-04,9.126984126984126e-05
2005-01-05,9.087301587301587e-05
2005-01-06,9.007936507936508e-05
2005-01-07,9.047619047619046e-05
2005-01-10,9.246031746031747e-05
2005-01-11,9.166666666666667e-05
2005-01-12,9.126984126984126e-05
2005-01-13,9.166666666666667e-05
2005-01-14,9.206349206349206e-05
2005-01-18,9.365079365079364e-05
2005-01-19,9.246031746031747e-05
2005-01-20,9.166666666666667e-05
2005-01-21,9.166666666666667e-05
2005-01-24,9.285714285714285e-05
2005-01-25,9.365079365079364e-05
2005-01-26,9.404761904761906e-05
2005-01-27,9.523809523809524e-05
2005-01-28,9.563492063492063e-05
2005-01-31,9.841269841269841e-05
2005-02-01,9.801587301587303e-05
2005-02-02,9.801587301587303e-05
2005-02-03,9.682539682539682e-05
2005-02-04,9.642857142857143e-05
2005-02-07,9.841269841269841e-05
2005-02-08,9.841269841269841e-05
2005-02-09,9.801587301587303e-05
2005-02-10,9.801587301587303e-05
2005-02-11,9.92063492063492e-05
2005-02-14,0.00010119047619047618
2005-02-15,0.00010119047619047618
2005-02-16,0.0001003968253968254
2005-02-17,0.0001003968253968254
2005-02-18,0.00010158730158730159
2005-02-22,0.00010436507936507936
2005-02-23,0.00010436507936507936
2005-02-24,0.00010476190476190476
2005-02-25,0.00010674603174603174
2005-02-28,0.00010793650793650795
2005-03-01,0.00010714285714285715
2005-03-02,0.00010634920634920635
2005-03-03,0.00010714285714285715
2005-03-04,0.00010714285714285715
2005-03-07,0.00010753968253968253
2005-03-08,0.00010714285714285715
2005-03-09,0.00010714285714285715
2005-03-10,0.00010674603174603174
2005-03-11,0.00010714285714285715
2005-03-14,0.00010912698412698413
2005-03-15,0.00010912698412698413
2005-03-16,0.00010873015873015873
2005-03-17,0.00010833333333333334
2005-03-18,0.00010912698412698413
2005-03-21,0.0001111111111111111
2005-03-22,0.00011230158730158731
2005-03-23,0.00010992063492063491
2005-03-24,0.0001103174603174603
2005-03-28,0.00011071428571428572
2005-03-29,0.0001103174603174603
2005-03-30,0.00010992063492063491
2005-03-31,0.00010833333333333334
2005-04-01,0.00010873015873015873
2005-04-04,0.00010912698412698413
2005-04-05,0.00010873015873015873
2005-04-06,0.00010753968253968253
2005-04-07,0.00010753968253968253
2005-04-08,0.00010833333333333334
2005-04-11,0.00010753968253968253
2005-04-12,0.00010753968253968253
2005-04-13,0.00010793650793650795
2005-04-14,0.00010793650793650795
2005-04-15,0.00010833333333333334
2005-04-18,0.0001130952380952381
2005-04-19,0.0001130952380952381
2005-04-20,0.00011150793650793651
2005-04-21,0.0001119047619047619
2005-04-22,0.00011388888888888889
2005-04-25,0.00011428571428571428
2005-04-26,0.0001134920634920635
2005-04-27,0.00011230158730158731
2005-04-28,0.0001119047619047619
2005-04-29,0.00011269841269841269
2005-05-02,0.00011428571428571428
2005-05-03,0.0001130952380952381
2005-05-04,0.00011150793650793651
2005-05-05,0.00010912698412698413
2005-05-06,0.0001111111111111111
2005-05-09,0.0001134920634920635
2005-05-10,0.00011269841269841269
2005-05-11,0.00011150793650793651
2005-05-12,0.0001119047619047619
2005-05-13,0.00010952380952380952
2005-05-16,0.00011269841269841269
2005-05-17,0.0001119047619047619
2005-05-18,0.0001111111111111111
2005-05-19,0.00011150793650793651
2005-05-20,0.00011230158730158731
2005-05-23,0.00011547619047619047
2005-05-24,0.00011428571428571428
2005-05-25,0.00011468253968253969
2005-05-26,0.00011428571428571428
2005-05-27,0.00011507936507936507
2005-05-31,0.00011626984126984129
2005-06-01,0.00011547619047619047
2005-06-02,0.00011547619047619047
2005-06-03,0.00011666666666666667
2005-06-06,0.00011746031746031746
2005-06-07,0.00011746031746031746
2005-06-08,0.00011746031746031746
2005-06-09,0.00011626984126984129
2005-06-10,0.00011666666666666667
2005-06-13,0.00011785714285714286
2005-06-14,0.00011706349206349207
2005-06-15,0.00011666666666666667
2005-06-16,0.00011547619047619047
2005-06-17,0.00011587301587301588
2005-06-20,0.00011746031746031746
2005-06-21,0.00011746031746031746
2005-06-22,0.00011785714285714286
2005-06-23,0.00011904761904761905
2005-06-24,0.00011984126984126985
2005-06-27,0.0001226190476190476
2005-06-28,0.00012222222222222221
2005-06-29,0.00012142857142857144
2005-06-30,0.00012142857142857144
2005-07-01,0.00012301587301587303
2005-07-05,0.000125
2005-07-06,0.0001238095238095238
2005-07-07,0.00012222222222222221
2005-07-08,0.00012301587301587303
2005-07-11,0.00012420634920634922
2005-07-12,0.00012460317460317462
2005-07-13,0.000125
2005-07-14,0.0001253968253968254
2005-07-15,0.0001261904761904762
2005-07-18,0.0001281746031746032
2005-07-19,0.0001285714285714286
2005-07-20,0.0001281746031746032
2005-07-21,0.00012976190476190477
2005-07-22,0.00013095238095238096
2005-07-25,0.00013373015873015875
2005-07-26,0.0001333333333333333
2005-07-27,0.00013214285714285715
2005-07-28,0.00013214285714285715
2005-07-29,0.00013253968253968253
2005-08-01,0.00013531746031746032
2005-08-02,0.00013531746031746032
2005-08-03,0.00013412698412698412
2005-08-04,0.00013452380952380953
2005-08-05,0.0001365079365079365
2005-08-08,0.0001376984126984127
2005-08-09,0.0001365079365079365
2005-08-10,0.00013611111111111113
2005-08-11,0.00013611111111111113
2005-08-12,0.0001365079365079365
2005-08-15,0.0001376984126984127
2005-08-16,0.0001373015873015873
2005-08-17,0.0001365079365079365
2005-08-18,0.00013571428571428572
2005-08-19,0.0001365079365079365
2005-08-22,0.0001373015873015873
2005-08-23,0.0001373015873015873
2005-08-24,0.0001369047619047619
2005-08-25,0.0001373015873015873
2005-08-26,0.0001376984126984127
2005-08-29,0.0001376984126984127
2005-08-30,0.0001373015873015873
2005-08-31,0.0001365079365079365
2005-09-01,0.00013492063492063494
2005-09-02,0.00013412698412698412
2005-09-06,0.0001369047619047619
2005-09-07,0.00013531746031746032
2005-09-08,0.00013492063492063494
2005-09-09,0.00013531746031746032
2005-09-12,0.0001365079365079365
2005-09-13,0.00013492063492063494
2005-09-14,0.00013293650793650793
2005-09-15,0.00013373015873015875
2005-09-16,0.00013571428571428572
2005-09-19,0.0001392857142857143
2005-09-20,0.00014047619047619049
2005-09-21,0.00013253968253968253
2005-09-22,0.00013452380952380953
2005-09-23,0.00013492063492063494
2005-09-26,0.0001373015873015873
2005-09-27,0.00013571428571428572
2005-09-28,0.00013452380952380953
2005-09-29,0.0001373015873015873
2005-09-30,0.0001376984126984127
2005-10-03,0.00014047619047619049
2005-10-04,0.00014087301587301586
2005-10-05,0.0001388888888888889
2005-10-06,0.0001396825396825397
2005-10-07,0.00014047619047619049
2005-10-10,0.00014047619047619049
2005-10-11,0.00014484126984126984
2005-10-12,0.00014365079365079365
2005-10-13,0.00014523809523809525
2005-10-14,0.00014642857142857144
2005-10-17,0.00015000000000000001
2005-10-18,0.00014960317460317458
2005-10-19,0.00014960317460317458
2005-10-20,0.00014920634920634917
2005-10-21,0.00014960317460317458
2005-10-24,0.00015238095238095237
2005-10-25,0.00015238095238095237
2005-10-26,0.0001511904761904762
2005-10-27,0.00015039682539682542
2005-10-28,0.000151984126984127
2005-10-31,0.00015436507936507937
2005-11-01,-0.004975279463508038
2005-11-02,0.006736560484841324
2005-11-03,0.00022845321921254256
2005-11-04,-0.0031892623898242376
2005-11-07,0.0023545396749195236
2005-11-08,-0.0009833836423994455
2005-11-09,0.0024370898431904085
2005-11-10,0.006117980381321902
2005-11-11,0.0025979562452801033
2005-11-14,-0.001396527537103204
2005-11-15,-0.0018552172795767898
2005-11-16,-0.0010231643082138189
2005-11-17,0.008646363054195564
2005-11-18,0.002970880282259548
2005-11-21,0.0023345736618557334
2005-11-22,0.0041596307725367794
2005-11-23,0.0030469171229561068
2005-11-25,-0.0010266501843494633
2005-11-28,-0.003032017973941362
2005-11-29,-0.00034002379835783905
2005-11-30,-0.0037684430730297244
2005-12-01,0.00874582344143356
2005-12-02,6.130529591780064e-05
2005-12-05,-0.00022225836801308563
2005-12-06,0.0004049773841728428
2005-12-07,-0.0034689894005514956
2005-12-08,0.001414641894427237
2005-12-09,0.003101200883774568
2005-12-12,0.0029059960921857314
2005-12-13,0.0033563191628824323
2005-12-14,0.00113194125085422
2005-12-15,-0.0038843773707114585
2005-12-16,0.0016903216243891988
2005-12-19,-0.003953334193240835
2005-12-20,0.0005533959753670383
2005-12-21,0.0025518891365216554
2005-12-22,0.00340270064312321
2005-12-23,0.0007540353499184127
2005-12-27,-0.004713581476242291
2005-12-28,0.0017172033607903128
2005-12-29,-0.0017937282031850934
2005-12-30,-0.0024977278450905847
2006-01-03,0.014543609113023749
2006-01-04,0.004487276264683174
2006-01-05,0.0007339230175878937
2006-01-06,0.006001434303565296
2006-01-09,0.0024386575204531106
2006-01-10,-0.0011501815750523865
2006-01-11,0.002198635077875547
2006-01-12,-0.0022548351796131735
2006-01-13,-0.0009645005198024401
2006-01-17,-0.003601038250356213
2006-01-18,-0.003437035518511091
2006-01-19,0.005085224689019905
2006-01-20,-0.008258870124525133
2006-01-23,0.004352954778486374
2006-01-24,0.00242090201862312
2006-01-25,-0.00022111571855104058
2006-01-26,0.003737138506849199
2006-01-27,0.005334672157789374
2006-01-30,-0.0005481976574583041
2006-01-31,-0.0004138086613325491
2006-02-01,0.0026662437301941057
2006-02-02,-0.00591044433598762
2006-02-03,-0.0031825534300097057
2006-02-06,0.0010625373693224484
2006-02-07,-0.004755710875581572
2006-02-08,0.0017091792676827088
2006-02-09,0.0010842301373117224
2006-02-10,0.0001729651036338807
2006-02-13,-0.001390396431842628
2006-02-14,0.005513494196815743
2006-02-15,0.0007212035220229981
2006-02-16,0.004822219372907069
2006-02-17,0.001077121860210218
2006-02-21,-0.0006373803471534417
2006-02-22,0.005035952785137684
2006-02-23,-4.2798639034357785e-05
2006-02-24,0.0001886300928103627
2006-02-27,0.0008774264190352167
2006-02-28,-0.004406666151991805
2006-03-01,0.005077691512152119
2006-03-02,-0.0005661756702475659
2006-03-03,-0.0027828319970896586
2006-03-06,0.001994499641825656
2006-03-07,-0.005068824632665755
2006-03-08,0.0022081061718451237
2006-03-09,0.00014703826187554322
2006-03-10,0.00680410894091839
2006-03-13,0.0007964291643090696
2006-03-14,0.00572058698263509
2006-03-15,0.005458902586453103
2006-03-16,0.0032163252050566183
2006-03-17,0.002996388998554198
2006-03-20,-0.0031962621028506512
2006-03-21,-0.005576293572968008
2006-03-22,0.0036019549742423804
2006-03-23,-0.002223881639837029
2006-03-24,0.0015453137674188786
2006-03-27,-0.002875878454819951
2006-03-28,-0.0008738146506255374
2006-03-29,0.007682440731222158
2006-03-30,-0.0007440193510751933
2006-03-31,-0.0009012066686298636
2006-04-03,-0.0013382729239133375
2006-04-04,0.0015522268912838873
2006-04-05,0.0025017566408125067
2006-04-06,-0.0007705745772407061
2006-04-07,-0.007257819782115751
2006-04-10,-0.001157071992562431
2006-04-11,-0.0034501213714314143
2006-04-12,-0.0005365385476006073
2006-04-13,-0.0023048869113022623
2006-04-17,0.00035662056521459966
2006-04-18,0.0121951196682695
2006-04-19,0.004289177106026304
2006-04-20,-0.0003360081192476934
2006-04-21,0.001477648321695956
2006-04-24,-0.0011116716512085665
2006-04-25,-0.0023929095873543005
2006-04-26,0.0007472412778167535
2006-04-27,0.002692002763352724
2006-04-28,0.0014915788868858837
2006-05-01,-0.004033352611619409
2006-05-02,0.002574140145125759
2006-05-03,-0.0015003576365623078
2006-05-04,0.00516312512608532
2006-05-05,0.007490337781023484
2006-05-08,0.0005427018913302242
2006-05-09,0.0015723799726791766
2006-05-10,-0.001379802524791802
2006-05-11,-0.00805885589908439
2006-05-12,-0.007647277202727191
2006-05-15,0.0015199374369839428
2006-05-16,-0.001274894408059008
2006-05-17,-0.013870665512866037
2006-05-18,-0.0030839986510311007
2006-05-19,0.002968434692956715
2006-05-22,-0.006392519214996901
2006-05-23,-0.0035613813136413804
2006-05-24,0.0018573604787396364
2006-05-25,0.00898244457556208
2006-05-26,0.005123165551990091
2006-05-30,-0.008169769903187423
2006-05-31,0.0041221020831402
2006-06-01,0.0069425136034669205
2006-06-02,0.004770718724137658
2006-06-05,-0.006208502351591174
2006-06-06,-0.0052084802245075165
2006-06-07,-0.002769627740684377
2006-06-08,-0.004923562024141936
2006-06-09,0.0005411997462525655
2006-06-12,-0.006194455006797979
2006-06-13,-0.010556907635422502
2006-06-14,0.002778007033382153
2006-06-15,0.01535864601883173
2006-06-16,-0.0033984964178602616
2006-06-19,-0.003864406093010682
2006-06-20,0.0008970719541353776
2006-06-21,0.006465836613968467
2006-06-22,-0.0032716796280192416
2006-06-23,-0.0020395397961152756
2006-06-26,0.004658296405434562
2006-06-27,-0.005569141213618595
2006-06-28,0.004273101336618909
2006-06-29,0.015914455482475116
2006-06-30,0.004150583871415665
2006-07-03,0.005636492462725675
2006-07-05,-0.005210484826045073
2006-07-06,0.0032341693236633997
2006-07-07,-0.002969928761554442
2006-07-10,0.0036862432410990817
2006-07-11,0.001841112908773007
2006-07-12,-0.005305906025954413
2006-07-13,-0.0093944428044693
2006-07-14,-0.005144943216882228
2006-07-17,-0.003016248240845702
2006-07-18,0.0037829247466502737
2006-07-19,0.010893889598510982
2006-07-20,-0.00398749413529692
2006-07-21,-0.004613705069940086
2006-07-24,0.01062710521639058
2006-07-25,0.0017606111392040715
2006-07-26,0.002458332880307253
2006-07-27,0.0005170413641077226
2006-07-28,0.00897625597286068
2006-07-31,-0.0014921459634615504
2006-08-01,-0.003341797036328077
2006-08-02,0.0033773280346087366
2006-08-03,0.0021909320332604157
2006-08-04,0.003996652268477559
2006-08-07,-0.003894595856271156
2006-08-08,-0.004370505256294047
2006-08-09,-0.0009766068621149212
2006-08-10,0.0013061248849405432
2006-08-11,-0.004129440853065375
2006-08-14,0.002442184857632267
2006-08-15,0.009988898557678557
2006-08-16,0.004734037298499477
2006-08-17,-0.0005300053909420607
2006-08-18,0.0033190463175014253
2006-08-21,-4.506106433073342e-05
2006-08-22,0.0009366436032988892
2006-08-23,-0.0029523891501711573
2006-08-24,0.00027339314667961944
2006-08-25,0.00026057511109393936
2006-08-28,0.004178020794024703
2006-08-29,0.0020779347832121146
2006-08-30,0.0015926123158448574
2006-08-31,0.0004459950225680492
2006-09-01,0.001858028756968943
2006-09-05,0.0028403389201097726
2006-09-06,-0.006188882836156657
2006-09-07,-0.004763800332486862
2006-09-08,0.0027575250075500667
2006-09-11,-0.0006878853652031093
2006-09-12,0.0074272007241017665
2006-09-13,0.0017773830343857822
2006-09-14,-0.001138389054773478
2006-09-15,0.0015698566992669847
2006-09-18,-0.0005641319001357083
2006-09-19,0.0003676907246699144
2006-09-20,0.0026586318756407845
2006-09-21,-0.0012367057453919305
2006-09-22,-0.000421030233963492
2006-09-25,0.0033848160886036116
2006-09-26,0.0011999803549191692
2006-09-27,0.003266195806194335
2006-09-28,-7.955944736458985e-05
2006-09-29,-0.0009810475822547592
2006-10-02,-0.0001867462087902482
2006-10-03,0.002563439995884175
2006-10-04,0.007522410181289697
2006-10-05,0.0012650828167608894
2006-10-06,-0.004314961194063046
2006-10-09,0.0016861444999285466
2006-10-10,-0.0006441911015740347
2006-10-11,-0.001345999886208427
2006-10-12,0.0058503414272742344
2006-10-13,0.0028448348424642417
2006-10-16,0.0018655592391865164
2006-10-17,-0.0022780284474689426
2006-10-18,0.0017605386574899254
2006-10-19,0.0012175183128572877
2006-10-20,0.0004015400808143846
2006-10-23,0.0017739098367771757
2006-10-24,-9.951870662419079e-05
2006-10-25,0.003861321074861822
2006-10-26,0.004860896494140909
2006-10-27,-0.003286475980903993
2006-10-30,0.0007017279613303531
2006-10-31,0.0013713660389503006
2006-11-01,-0.0024939336695040623
2006-11-02,-0.003697695675661745
2006-11-03,-0.004807163309829447
2006-11-06,0.007285786986793492
2006-11-07,-0.00047643900757673963
2006-11-08,0.001643105506232664
2006-11-09,-0.001748869465745377
2006-11-10,0.0021631810071034065
2006-11-13,-0.0003443838239426441
2006-11-14,0.006681655967763818
2006-11-15,0.0002487733636224968
2006-11-16,0.0009776892314212707
2006-11-17,-0.0005245112616548738
2006-11-20,0.0055963630608346915
2006-11-21,0.004740958119603905
2006-11-22,0.0035732025674749673
2006-11-24,-0.0007609182836878042
2006-11-27,-0.009561486574015218
2006-11-28,0.003578376065400836
2006-11-29,0.0069734104596651985
2006-11-30,0.004128409846557235
2006-12-01,-0.0014191050287396534
2006-12-04,0.004208925108819095
2006-12-05,0.0008170160681937322
2006-12-06,-0.004690393270966209
2006-12-07,-0.0021924486505158214
2006-12-08,-0.0019545854425011555
2006-12-11,0.002794689011021534
2006-12-12,-0.00019912270075816974
2006-12-13,-0.00100431853282823
2006-12-14,0.004737238574991753
2006-12-15,-0.0012957164142671784
2006-12-18,-0.00555424598654386
2006-12-19,0.001902348300075296
2006-12-20,0.001993047970375139
2006-12-21,-0.003778439985092752
2006-12-22,-0.0028301237764541964
2006-12-26,-0.0003869278109166485
2006-12-27,0.004473808659141376
2006-12-28,0.0012725876167476446
2006-12-29,0.000610450707093424
2007-01-03,-0.005078552134720193
2007-01-04,-0.004379182283915872
2007-01-05,-0.009634843833031037
2007-01-08,0.002715579110944333
2007-01-09,0.0008883573352171936
2007-01-10,-0.0015917305127531867
2007-01-11,0.003956694521636939
2007-01-12,0.008689870955673307
2007-01-16,-0.002052895335465821
2007-01-17,0.0015096235052369789
2007-01-18,-0.003426714938059683
2007-01-19,0.007502148945778053
2007-01-22,-0.0027681831011397984
2007-01-23,0.00904503767338638
2007-01-24,0.003814098895661422
2007-01-25,-0.00695024477420092
2007-01-26,0.003308009695842662
2007-01-29,-0.003483235405754015
2007-01-30,0.009138797239646834
2007-01-31,0.0065239366062421755
2007-02-01,0.004685401713017435
2007-02-02,0.00044104550021023656
2007-02-05,-0.00032491839688539634
2007-02-06,0.0051513443537363765
2007-02-07,0.005666777826966587
2007-02-08,-0.0025119225540654122
2007-02-09,-0.005218201386200081
2007-02-12,-0.005309626974027299
2007-02-13,0.008027130763007533
2007-02-14,0.003777254472038718
2007-02-15,0.0023263869520377877
2007-02-16,-0.0004322426633995136
2007-02-20,0.0025410214076930057
2007-02-21,-0.0017359719624063087
2007-02-22,-0.0007984390415213983
2007-02-23,-0.002809784582577818
2007-02-26,-0.00040632890002086373
2007-02-27,-0.020414775167829958
2007-02-28,0.004238134323177046
2007-03-01,-0.005303863896566896
2007-03-02,-0.009696635510993756
2007-03-05,-0.016684686001224525
2007-03-06,0.018534387174252487
2007-03-07,0.00011682587067851635
2007-03-08,0.007554284608410011
2007-03-09,-0.0007157311409807798
2007-03-12,0.0012819579330516362
2007-03-13,-0.014073494433095024
2007-03-14,0.0026942375677674324
2007-03-15,0.0015350183542921503
2007-03-16,-0.0020760917381414945
2007-03-19,0.008202108918682782
2007-03-20,0.004128571969272965
2007-03-21,0.010584697877598748
2007-03-22,0.001882746155084991
2007-03-23,0.0006493330138426234
2007-03-26,-0.00233657998209047
2007-03-27,-0.0029374352396644987
2007-03-28,-0.002622495305027117
2007-03-29,0.005884655687586227
2007-03-30,2.3029040364885844e-05
2007-04-02,0.0002956949645074314
2007-04-03,0.004607772625028428
2007-04-04,0.002613821347616785
2007-04-05,0.0009586595768460437
2007-04-09,-0.002453596319515805
2007-04-10,0.005727632504579194
2007-04-11,-0.005326029517691788
2007-04-12,0.002242133095216925
2007-04-13,0.00459936812110473
2007-04-16,0.0029114559036773624
2007-04-17,0.0019745511265536475
2007-04-18,-0.0005298416434454944
2007-04-19,-0.0027236851368114268
2007-04-20,0.008253569299913721
2007-04-23,0.0012752668091720043
2007-04-24,-0.003742070826865951
2007-04-25,0.007392279887352693
2007-04-26,-0.0025631444559186534
2007-04-27,-6.206644112860538e-05
2007-04-30,-0.006541623490923021
2007-05-01,-0.0010353959837714477
2007-05-02,0.002479469824240521
2007-05-03,0.0026204307600781185
2007-05-04,0.0010054519739040035
2007-05-07,0.00012621454408590083
2007-05-08,-0.0044794241339929375
2007-05-09,0.0021271972686429663
2007-05-10,-0.009033289981269732
2007-05-11,0.010337544090218254
2007-05-14,-0.003317713046467885
2007-05-15,-0.0006594896168544695
2007-05-16,-0.002910169745825475
2007-05-17,-0.003770441151764392
2007-05-18,0.0003493421783458128
2007-05-21,0.0020082148546036738
2007-05-22,-0.00048326526091968525
2007-05-23,6.896662728017589e-05
2007-05-24,-0.007904113893619447
2007-05-25,0.0054644179885883215
2007-05-29,0.0032243490090850813
2007-05-30,0.009959952355961255
2007-05-31,0.0017254300096558595
2007-06-01,0.0032002781917277456
2007-06-04,0.003487769418705877
2007-06-05,-0.006406782113519083
2007-06-06,-0.006364730605950886
2007-06-07,-0.014290832025900757
2007-06-08,0.003934753308107997
2007-06-11,0.0012897921999306394
2007-06-12,-0.011178286116628855
2007-06-13,0.013203001233890621
2007-06-14,0.002569829356987574
2007-06-15,0.007049085027206248
2007-06-18,-0.0023189836156427557
2007-06-19,0.00010546346112616511
2007-06-20,-0.011550100638100136
2007-06-21,0.0028656695371189755
2007-06-22,-0.005259572305136406
2007-06-25,-0.004392865248827094
2007-06-26,-0.006086668308263543
2007-06-27,0.009101510592668838
2007-06-28,-0.0016712176187392291
2007-06-29,0.0016624356680319252
2007-07-02,0.006323281159723875
2007-07-03,0.001982108644862217
2007-07-05,0.0007127062858090658
2007-07-06,0.00425093081277657
2007-07-09,0.00026359600767283676
2007-07-10,-0.003775802240769273
2007-07-11,0.003817595471227246
2007-07-12,0.006550620987958164
2007-07-13,0.0008238906072010583
2007-07-16,-0.003942478387634185
2007-07-17,-0.001924847581610261
2007-07-18,0.0013166527277988012
2007-07-19,0.002670813101985791
2007-07-20,-0.004092552947040531
2007-07-23,0.0009791918080873177
2007-07-24,-0.007936059665929964
2007-07-25,0.001701922943093938
2007-07-26,-0.013462520624965738
2007-07-27,-0.004704387304645855
2007-07-30,0.004393401175393891
2007-07-31,-0.000800579319989219
2007-08-01,0.0005578703017763488
2007-08-02,0.002692448456541159
2007-08-03,-0.009663336563795262
2007-08-06,0.0019498870292458505
2007-08-07,0.003938266734919328
2007-08-08,0.004361341235727769
2007-08-09,-0.012112553805788974
2007-08-10,-0.003886838376725092
2007-08-13,8.313592004861888e-05
2007-08-14,-0.003552851133302278
2007-08-15,-0.00556899385428767
2007-08-16,-0.0017233426810167214
2007-08-17,0.00595686692794284
2007-08-20,0.0015139972285132593
2007-08-21,0.0008368506920817332
2007-08-22,0.0069431262410713
2007-08-23,0.0014652388053963893
2007-08-24,0.008424170523217318
2007-08-27,-0.003162640028733419
2007-08-28,-0.009485617846161675
2007-08-29,0.00961636624284338
2007-08-30,-0.00036275103660883366
2007-08-31,0.005633201295262952
2007-09-04,0.005768512452168215
2007-09-05,-0.0030131147885718167
2007-09-06,3.553005342345081e-05
2007-09-07,-0.0017560399161048454
2007-09-10,0.0006530151189503182
2007-09-11,0.005817046942022435
2007-09-12,0.002376259719700999
2007-09-13,-0.00041501051821194325
2007-09-14,-0.0007304116535849231
2007-09-17,-0.0014186671168465294
2007-09-18,0.01289746655609974
2007-09-19,0.004051656737949692
2007-09-20,-0.0007253305459926813
2007-09-21,0.0038285106832319
2007-09-24,8.194860830125264e-06
2007-09-25,-0.0015270089106664217
2007-09-26,0.0024443918211043743
2007-09-27,0.00973873369768695
2007-09-28,-0.0008883472712830663
2007-10-01,0.0032250108045324996
2007-10-02,-0.004297895641460891
2007-10-03,-0.0012027369590530516
2007-10-04,0.0041884149302225055
2007-10-05,0.003232933128275776
2007-10-08,-0.006076439101686644
2007-10-09,0.004941432485468522
2007-10-10,0.0018474556856672756
2007-10-11,0.002413865737391502
2007-10-12,0.002251580531166167
2007-10-15,0.0003101576389912623
2007-10-16,-0.003876155878323154
2007-10-17,0.002929499170155664
2007-10-18,0.004115515521766445
2007-10-19,-0.008477559040866878
2007-10-22,5.481970769069477e-05
2007-10-23,0.003056516842182702
2007-10-24,0.0009464797456092523
2007-10-25,0.005907974094612465
2007-10-26,0.008561268374911658
2007-10-29,0.005596835882936408
2007-10-30,-0.007252217282040185
2007-10-31,0.009214581687470523
2007-11-01,-0.009848205658939927
2007-11-02,0.006200045634686877
2007-11-05,-0.0061015696183148865
2007-11-06,0.010552911825282254
2007-11-07,-0.008909358213609024
2007-11-08,-0.0007743389093097609
2007-11-09,-0.005393772402806434
2007-11-12,-0.009308208313472193
2007-11-13,0.006564962970830754
2007-11-14,0.0038703835542594264
2007-11-15,-0.0070054432961704225
2007-11-16,0.0016756310454872456
2007-11-19,-0.005110836895356676
2007-11-20,0.010095347599575304
2007-11-21,-0.006808537532394488
2007-11-23,0.009724029555329642
2007-11-26,-0.007250755525257098
2007-11-27,0.001523045635239146
2007-11-28,0.008907166618925485
2007-11-29,-2.7088031652721787e-05
2007-11-30,0.0009967840489373888
2007-12-03,0.00020936367979853223
2007-12-04,-0.0019233598710235577
2007-12-05,0.0034247348227341855
2007-12-06,0.0073785024571402565
2007-12-07,-0.0025850320788000404
2007-12-10,0.003023305449900422
2007-12-11,-0.006212559884668439
2007-12-12,0.0096508879791664
2007-12-13,-0.00801302657066464
2007-12-14,-0.009925484268723373
2007-12-17,-0.0067534968633414134
2007-12-18,0.0031751527581697593
2007-12-19,0.0018776899855573999
2007-12-20,0.0015251845481977484
2007-12-21,0.006657387852556785
2007-12-24,0.0033582601550329696
2007-12-26,0.002438714232846796
2007-12-27,-0.001681533673150685
2007-12-28,0.002192329246760491
2007-12-31,-0.0015178992243867807
2008-01-02,0.008373039728898685
2008-01-03,0.002045127583861628
2008-01-04,-0.0005657141150847492
2008-01-07,-0.0032036894374134384
2008-01-08,0.002309552955686226
2008-01-09,-0.002223936172263858
2008-01-10,-0.0013931256056593285
2008-01-11,0.0031726453186996404
2008-01-14,0.002678677987698059
2008-01-15,-0.001096951126361345
2008-01-16,-0.0021822416700821396
2008-01-17,-0.0008802718794176775
2008-01-18,0.0005171086825060886
2008-01-22,0.0017386845221029762
2008-01-23,-0.004677854327364581
2008-01-24,0.003164722002090712
2008-01-25,0.006415344837559454
2008-01-28,0.00026823712852214155
2008-01-29,0.0009296085750416209
2008-01-30,-0.0017573601505800538
2008-01-31,0.0020789709666047796
2008-02-01,-0.002809791828237203
2008-02-04,0.0024152268170590345
2008-02-05,-0.00022377656218069254
2008-02-06,-0.0012311762549734422
2008-02-07,0.0002519229666767883
2008-02-08,0.0076991330090063845
2008-02-11,0.0018080476305146734
2008-02-12,-0.004437341108417094
2008-02-13,0.0008464735972824706
2008-02-14,0.0029901680538594443
2008-02-15,-0.0004648843410255596
2008-02-19,0.0050668147258902925
2008-02-20,0.0009078259479396264
2008-02-21,0.0010159836767714362
2008-02-22,0.0022336185063137276
2008-02-25,0.0006478829875629858
2008-02-26,0.0048131390217709315
2008-02-27,0.00022882616607022718
2008-02-28,0.004302465204655266
2008-02-29,-0.0011075334544137989
2008-03-03,0.002441126169743958
2008-03-04,-0.0014244566693260023
2008-03-05,0.0035483326333258037
2008-03-06,0.003134079884250812
2008-03-07,-0.0012890683472666874
2008-03-10,0.0052594110848289835
2008-03-11,0.0009652441683926845
2008-03-12,0.004514010262686572
2008-03-13,-0.0008123559808197309
2008-03-14,0.001833693715478695
2008-03-17,-0.007036762247086599
2008-03-18,0.003049670012348873
2008-03-19,-0.007031158276374269
2008-03-20,-0.007399300044811487
2008-03-24,0.00012995567522598375
2008-03-25,0.0027875808996242046
2008-03-26,0.006127126606499873
2008-03-27,0.0019747696745558417
2008-03-28,-0.0039789901327939164
2008-03-31,-0.004308900693397675
2008-04-01,-0.0027245733695570287
2008-04-02,0.0053952433407881036
2008-04-03,0.0010903894301572431
2008-04-04,0.0029647015656932988
2008-04-07,0.000901117030127343
2008-04-08,0.000857656620696468
2008-04-09,0.004566818703025401
2008-04-10,-0.0015957448894201474
2008-04-11,0.00011731941691507047
2008-04-14,0.0008897629778280327
2008-04-15,0.0015393451954891545
2008-04-16,0.0005832899898054242
2008-04-17,-0.0013564601335647646
2008-04-18,-5.888824563093891e-05
2008-04-21,0.0003097773004352579
2008-04-22,0.0014268758204454535
2008-04-23,-0.002076332261315653
2008-04-24,-0.004896215117782491
2008-04-25,0.0034217315962632305
2008-04-28,0.0008569542385590591
2008-04-29,-0.004454461874505761
2008-04-30,0.0002916083064067501
2008-05-01,-0.0007815539280105446
2008-05-02,0.0033874691478264635
2008-05-05,0.003910723600816268
2008-05-06,0.003406301330540881
2008-05-07,-0.00426749418087094
2008-05-08,0.003336375071643897
2008-05-09,0.002316939135299022
2008-05-12,0.0010786612854015655
2008-05-13,0.00026559392308105967
2008-05-14,-0.0020268883862600796
2008-05-15,0.005814036798493955
2008-05-16,0.001521105208565174
2008-05-19,0.001098144403271388
2008-05-20,0.0006783176259829954
2008-05-21,0.0005370973386795391
2008-05-22,-0.005834473522601945
2008-05-23,0.00033083459730412994
2008-05-27,-0.0014130587487464238
2008-05-28,0.00023619226729642808
2008-05-29,-0.004299945642012705
2008-05-30,0.0011361742597205185
2008-06-02,0.0005401181530278237
2008-06-03,-0.0024025556775971405
2008-06-04,-0.0026404779590604305
2008-06-05,0.011149057746154633
2008-06-06,-0.0013741194520679038
2008-06-09,-0.0033124819691755544
2008-06-10,-0.001788495948972124
2008-06-11,0.004499810359445409
2008-06-12,0.00021811071496904023
2008-06-13,0.0016052354035006316
2008-06-16,0.002556676915655256
2008-06-17,-0.0029270498923129424
2008-06-18,0.0009015252512176974
2008-06-19,-0.0011457242966728797
2008-06-20,-0.0022963847485482397
2008-06-23,-0.003570498871642119
2008-06-24,0.0012697164014871484
2008-06-25,0.0025018058793929284
2008-06-26,0.0011270612963413546
2008-06-27,-3.526959153146719e-05
2008-06-30,-0.003080929762326946
2008-07-01,-0.0025023359625293896
2008-07-02,0.004356660213999947
2008-07-03,4.044563814346193e-05
2008-07-07,-0.00173234965611605
2008-07-08,-0.0067435426551389266
2008-07-09,0.0008556159878532262
2008-07-10,0.005517143296352681
2008-07-11,0.0010238254923678304
2008-07-14,0.0011902820121728963
2008-07-15,-0.005627578577097542
2008-07-16,-0.004822147746233197
2008-07-17,-0.0056383410757275786
2008-07-18,-0.004063141211648893
2008-07-21,0.0029094062285218497
2008-07-22,-0.0050278424547756575
2008-07-23,-0.004771663435352614
2008-07-24,0.0019119878870085113
2008-07-25,-0.0036353235348198757
2008-07-28,0.0021726317870318533
2008-07-29,-0.002770358552811739
2008-07-30,0.004459072321793268
2008-07-31,2.7363377644002233e-05
2008-08-01,-0.001973296436093564
2008-08-04,-0.00671053827231281
2008-08-05,-0.0023467282214073397
2008-08-06,-0.002034879567687693
2008-08-07,0.003015446319375003
2008-08-08,-0.005702823382051025
2008-08-11,-0.0011545557487703583
2008-08-12,-0.0002984167934008606
2008-08-13,0.006294309612233367
2008-08-14,-0.0011128364402307655
2008-08-15,-0.001917242651196603
2008-08-18,0.0016715433700231826
2008-08-19,0.0028771683626320544
2008-08-20,0.002216560173722919
2008-08-21,0.00812746844209364
2008-08-22,-0.00738719798977766
2008-08-25,0.00022295969003683093
2008-08-26,0.00021050965916665106
2008-08-27,0.0022181898929122396
2008-08-28,-0.004172979137321728
2008-08-29,-0.0009634191462774257
2008-09-02,-0.003861270587645422
2008-09-03,0.002507170135138349
2008-09-04,-0.007494506351863596
2008-09-05,-0.0023315150621231275
2008-09-08,0.008290252855833274
2008-09-09,-0.01387601832730608
2008-09-10,0.0001249822441755545
2008-09-11,0.0010560405316899762
2008-09-12,-0.00029737470157895584
2008-09-15,-0.015783107197145797
2008-09-16,0.005688735675812097
2008-09-17,-0.004203773795689341
2008-09-18,0.015238014007801741
2008-09-19,0.011369326899675253
2008-09-22,-0.010115129123831381
2008-09-23,-0.0007282697929721409
2008-09-24,-0.0024572388433387092
2008-09-25,0.00534976719660412
2008-09-26,0.0038782894050899464
2008-09-29,-0.02520713017513096
2008-09-30,0.01684866172646401
2008-10-01,-0.005986461084803405
2008-10-02,-0.011847655567452266
2008-10-03,-0.007861473911495227
2008-10-06,-0.00427387725964457
2008-10-07,-0.017368908263272705
2008-10-08,-0.004638047520030982
2008-10-09,-0.017833093567995287
2008-10-10,0.018319821512470368
2008-10-13,0.01271458504221935
2008-10-14,-0.014020915935285275
2008-10-15,-0.02406832927044224
2008-10-16,0.011037455985787847
2008-10-17,-0.0007912191886858206
2008-10-20,0.001913616094187939
2008-10-21,-0.004721248466789558
2008-10-22,-0.01267860590037481
2008-10-23,-0.004927414043467374
2008-10-24,-0.010832341958075134
2008-10-27,-0.011624337637356173
2008-10-28,0.02894082825313091
2008-10-29,-0.007012735089378512
2008-10-30,0.008917552665138512
2008-10-31,0.012411192653136024
2008-11-03,-0.00043471784541303715
2008-11-04,0.00240866885352256
2008-11-05,0.0010698458817742448
2008-11-06,-0.000597903487571384
2008-11-07,-0.0007112252187669696
2008-11-10,0.00021252024011268067
2008-11-11,0.0007527345252631782
2008-11-12,0.0012398529131722005
2008-11-13,-0.0014464488460211192
2008-11-14,0.0019725124072393616
2008-11-17,0.0008495329688424991
2008-11-18,0.0015545499621136894
2008-11-19,0.0021549110528147194
2008-11-20,0.004023060379729606
2008-11-21,-0.001843601407307918
2008-11-24,-0.0018739394348965656
2008-11-25,0.0034160797756424425
2008-11-26,0.001218402044142607
2008-11-28,0.0004031188862988298
2008-12-01,0.002707932333843684
2008-12-02,0.0010509195434694786
2008-12-03,0.0003127413109064921
2008-12-04,0.001249564511556631
2008-12-05,-0.0021179479849915777
2008-12-08,-0.0007535725732917258
2008-12-09,0.0016994927115048814
2008-12-10,-0.00018951981733217327
2008-12-11,0.0012089246515097727
2008-12-12,0.0005594502000061038
2008-12-15,0.000434883827459193
2008-12-16,0.003178229337876299
2008-12-17,0.001371955924447631
2008-12-18,0.0013448486638862889
2008-12-19,-0.000660115834820321
2008-12-22,-0.0005220245830168847
2008-12-23,-9.976528582981405e-05
2008-12-24,-0.00020182478751107347
2008-12-26,0.0010686176994581537
2008-12-29,0.0004430625248429443
2008-12-30,0.00028575265359447147
2008-12-31,-0.0022102340676287443
2009-01-02,-0.0028570953203438713
2009-01-05,-0.0003359541600183327
2009-01-06,-0.00011451908446205719
2009-01-07,4.2627007129117104e-05
2009-01-08,0.0005388623135853028
2009-01-09,0.0009298577807852336
2009-01-12,0.0012537203158706834
2009-01-13,0.00014297763177331362
2009-01-14,0.0011227228693919745
2009-01-15,-0.00015792606951911843
2009-01-16,-0.0018308245095032193
2009-01-20,-0.00029328514602856577
2009-01-21,-0.0017895900695358044
2009-01-22,-0.0013198161854987695
2009-01-23,4.874206741903004e-05
2009-01-26,-0.0004955880415264317
2009-01-27,0.0013175690595842336
2009-01-28,-0.0012752768779132973
2009-01-29,-0.002599411319501556
2009-01-30,-7.98849813799938e-05
2009-02-02,0.001626132945802787
2009-02-03,-0.0017183107916845153
2009-02-04,-0.0010077616182781854
2009-02-05,0.0004767950552771254
2009-02-06,-0.001203602235957782
2009-02-09,-0.0003967213939888493
2009-02-10,0.0026775890758627954
2009-02-11,0.0015515934875506457
2009-02-12,-5.170654235894091e-05
2009-02-13,-0.0015665097751926466
2009-02-17,0.0033554147582280733
2009-02-18,-0.001447414249937774
2009-02-19,-0.001087143229498749
2009-02-20,0.0005824840489399726
2009-02-23,0.00020198971936404323
2009-02-24,-0.000743837079768458
2009-02-25,-0.0018037000032582293
2009-02-26,-0.0005002039782106408
2009-02-27,-0.00016133386804952925
2009-03-02,0.002008444348407576
2009-03-03,-0.000246320276263963
2009-03-04,-0.0010110347239925767
2009-03-05,0.0023484486528194425
2009-03-06,-0.000944783611325576
2009-03-09,9.192444440101293e-05
2009-03-10,-0.0014544629466298619
2009-03-11,0.0014385950917858196
2009-03-12,0.000577322050467189
2009-03-13,-0.00014181543609882111
2009-03-16,-0.0011346140472235787
2009-03-17,-0.0003723471991149283
2009-03-18,0.006847630574152231
2009-03-19,-0.0006583419961561345
2009-03-20,4.544760216119337e-06
2009-03-23,-0.0006749214684271315
2009-03-24,-0.000283456637133183
2009-03-25,-0.0011990450217653848
2009-03-26,0.0005259714925303723
2009-03-27,-0.00011958956915948401
2009-03-30,0.0008580053428760661
2009-03-31,0.000358833470798859
2009-04-01,0.0004974247241021296
2009-04-02,-0.0013002823566890592
2009-04-03,-0.0022908526982928106
2009-04-06,-0.0004594023503786939
2009-04-07,0.0005118352409943814
2009-04-08,0.0009959725147995582
2009-04-09,-0.001173160508409644
2009-04-13,0.001186357480106658
2009-04-14,0.0010324571103002282
2009-04-15,0.0001926886020902714
2009-04-16,-0.000789453267685103
2009-04-17,-0.0016102371243888205
2009-04-20,0.001392533095058128
2009-04-21,-0.0007649010663677762
2009-04-22,-0.00048146862026801764
2009-04-23,-3.905029297630768e-05
2009-04-24,-0.0007787663717742772
2009-04-27,0.0008291542168162746
2009-04-28,-0.0009627137766816785
2009-04-29,-0.0010789777845864076
2009-04-30,-0.0003354285753043598
2009-05-01,-0.0006384025773467554
2009-05-04,0.00019923781511942736
2009-05-05,-3.703525892629569e-05
2009-05-06,9.191630953852335e-05
2009-05-07,-0.0016724253356989913
2009-05-08,0.00024298628434372597
2009-05-11,0.0018828255143041794
2009-05-12,-0.000123292960638185
2009-05-13,0.0009259885954755745
2009-05-14,2.6091549040809187e-05
2009-05-15,-0.0004856731408140188
2009-05-18,-0.001169300812461035
2009-05-19,-0.00027265117021412307
2009-05-20,0.0006299794234695501
2009-05-21,-0.0021759059499909606
2009-05-22,-0.001160664783466315
2009-05-26,-0.0013225643789744788
2009-05-27,-0.002259972334368559
2009-05-28,0.0010380270016723898
2009-05-29,0.0022591481502382813
2009-06-01,-0.0013531208178240274
2009-06-02,0.0017346901705572446
2009-06-03,-0.0060206368247769666
2009-06-04,0.001258059873210564
2009-06-05,-0.0024521341292344035
2009-06-08,-0.0003790558090739438
2009-06-09,0.002464280870628547
2009-06-10,0.00042560751894761176
2009-06-11,0.0034029100160182157
2009-06-12,-0.0010270255271841342
2009-06-15,-0.007252759679135273
2009-06-16,-0.0023046713088235855
2009-06-17,0.000563712239410458
2009-06-18,-0.0003406340809364204
2009-06-19,0.003165358276446938
2009-06-22,-0.006473429695133341
2009-06-23,0.0026067966792609775
2009-06-24,0.00020562486438557067
2009-06-25,0.004250615040633964
2009-06-26,-0.0004004010380400736
2009-06-29,0.0017004089421047439
2009-06-30,-0.002324725456727025
2009-07-01,0.00306747038948476
2009-07-02,-0.011261116787122806
2009-07-06,0.00030487153278085347
2009-07-07,-0.00875775442898114
2009-07-08,-0.0009618618052023777
2009-07-09,0.0028316638039364516
2009-07-10,-0.0028013898557986616
2009-07-13,0.008354448599241317
2009-07-14,0.002219618999917774
2009-07-15,0.012633364300929796
2009-07-16,0.0014341751903258978
2009-07-17,0.0014618459898984237
2009-07-20,0.0060114653211373265
2009-07-21,0.0022038372429417584
2009-07-22,0.00048275045491246696
2009-07-23,0.007783209165877319
2009-07-24,0.0020354647258309733
2009-07-27,0.0007955387552044887
2009-07-28,-0.0017868522586287963
2009-07-29,-0.0021180409346758856
2009-07-30,0.005980129464468167
2009-07-31,0.0033411166709372076
2009-08-03,0.00821717460820187
2009-08-04,0.011219124385848685
2009-08-05,0.00834604289278715
2009-08-06,-0.008305943311932788
2009-08-07,0.012487493508580668
2009-08-10,-0.006031777549220853
2009-08-11,-0.01246104154953545
2009-08-12,0.006930405933834767
2009-08-13,0.008343424200381595
2009-08-14,-0.010554902852247942
2009-08-17,-0.02505680243698596
2009-08-18,0.010974382866498185
2009-08-19,0.0032791882537340847
2009-08-20,0.009781726711589729
2009-08-21,0.015046976181032463
2009-08-24,-0.00034737530474825823
2009-08-25,0.001705887079457409
2009-08-26,-0.0007039763795019645
2009-08-27,0.005593831884955063
2009-08-28,0.001411653784227434
2009-08-31,-0.01187351308248445
2009-09-01,-0.023202178050026896
2009-09-02,-0.004547795216532265
2009-09-03,0.006200818818679248
2009-09-04,0.007340994205413891
2009-09-08,0.016373710567077586
2009-09-09,0.008719052179616542
2009-09-10,0.007887329399614
2009-09-11,-0.003223354680449771
2009-09-14,0.006277640879445372
2009-09-15,0.008753714854636187
2009-09-16,0.017682569471071507
2009-09-17,-0.0023701251928582748
2009-09-18,-0.0008236153738206212
2009-09-21,-0.010106779449874502
2009-09-22,0.013526841381717648
2009-09-23,-0.015085935506914859
2009-09-24,-0.014993823143013552
2009-09-25,-0.002824158336602534
2009-09-28,0.01634085336363298
2009-09-29,-0.005774235960360838
2009-09-30,0.0029710307667622986
2009-10-01,-0.01974801228068046
2009-10-02,-0.006480700725559729
2009-10-05,0.017822381393590936
2009-10-06,0.002582758037395161
2009-10-07,0.0027786646313867625
2009-10-08,0.011504034366013993
2009-10-09,0.0013183510635057516
2009-10-12,0.006323030200036994
2009-10-13,-0.0009535295322243842
2009-10-14,0.015664940680602202
2009-10-15,0.0013019525058606263
2009-10-16,-0.008374839291128922
2009-10-19,0.012307992387473154
2009-10-20,-0.006603036725825517
2009-10-21,-0.0012430837973631537
2009-10-22,0.010268529464706022
2009-10-23,-0.009502281596868056
2009-10-26,-0.010444147340282206
2009-10-27,-0.00509379970971946
2009-10-28,-0.021535334203118928
2009-10-29,0.02445192402042129
2009-10-30,-0.01956342133133815
2009-11-02,0.00629018359539546
2009-11-03,0.005205908954834859
2009-11-04,-0.00237917080501282
2009-11-05,0.009685840500137655
2009-11-06,-0.005156691614135012
2009-11-09,0.02335136638499624
2009-11-10,-0.0033829863455647757
2009-11-11,0.007258535460437976
2009-11-12,-0.009901892377759958
2009-11-13,0.006557206247675307
2009-11-16,0.017795913301818844
2009-11-17,-0.0031694627558673805
2009-11-18,0.002559824451291659
2009-11-19,-0.013603553404792135
2009-11-20,-0.0035058659542931414
2009-11-23,0.009311740034892546
2009-11-24,-0.004762658499308792
2009-11-25,0.00965676103551849
2009-11-27,-0.016151396389151307
2009-11-30,0.011297481369324736
2009-12-01,0.011234263820238066
2009-12-02,0.0017271471530542204
2009-12-03,-0.005338921999054835
2009-12-04,0.003161210742655518
2009-12-07,-0.006829194767246083
2009-12-08,-0.008120665003193306
2009-12-09,-0.0028106733721038335
2009-12-10,-0.0008014981421228251
2009-12-11,0.0040151032191633185
2009-12-14,0.008034662492451217
2009-12-15,-0.006694659942801717
2009-12-16,0.007558699809196989
2009-12-17,-0.009675494191072498
2009-12-18,0.0027704307114466697
2009-12-21,0.0013473676816391222
2009-12-22,0.00462343066154558
2009-12-23,0.008038463648799565
2009-12-24,0.005065947223429346
2009-12-28,0.005242230297567652
2009-12-29,-0.002825634006993649
2009-12-30,-0.0004639980291981649
2009-12-31,-0.008263074577007812
2010-01-04,0.012899208503857692
2010-01-05,0.0007196057507570205
2010-01-06,0.004178088407556652
2010-01-07,-0.00027313826218416405
2010-01-08,0.0006158429170340427
2010-01-11,0.0024617845233981628
2010-01-12,-0.011840930615039153
2010-01-13,0.0075740173385998874
2010-01-14,0.0008417097364730783
2010-01-15,-0.009183835334013096
2010-01-19,0.009865719626746455
2010-01-20,-0.01316601149485413
2010-01-21,-0.01635170033861763
2010-01-22,-0.015489527429596833
2010-01-25,0.005796167584602358
2010-01-26,-0.00604259717900402
2010-01-27,-0.00040636339184888773
2010-01-28,-0.008064275743955332
2010-01-29,-0.008465338991959595
2010-02-01,0.01083445361243197
2010-02-02,0.008820249673297541
2010-02-03,-0.007314133900279785
2010-02-04,-0.020161780907152663
2010-02-05,0.0043579711328388775
2010-02-08,-0.009934990821238885
2010-02-09,0.007024421349195066
2010-02-10,-0.0018435370818407288
2010-02-11,0.005607095786071526
2010-02-12,0.0009410545712417279
2010-02-16,0.013709232062974929
2010-02-17,0.0019613857828632117
2010-02-18,0.0045912314454047524
2010-02-19,-0.000587017016367341
2010-02-22,0.000762512735820487
2010-02-23,-0.005280577205152679
2010-02-24,0.005245184852801512
2010-02-25,3.889981289042775e-05
2010-02-26,0.0015714675511693504
2010-03-01,0.0024644526007668865
2010-03-02,0.004398761868415368
2010-03-03,0.0037791112519585113
2010-03-04,-8.306707184269069e-05
2010-03-05,0.01359055116072172
2010-03-08,0.0012777608790779382
2010-03-09,-0.0013288777194541135
2010-03-10,0.0037729153482177757
2010-03-11,0.0020953849540208402
2010-03-12,0.002084532936118766
2010-03-15,-0.004189227079861579
2010-03-16,0.012399202703964995
2010-03-17,0.007250385239051749
2010-03-18,-0.003314891213034188
2010-03-19,-0.007943449552300308
2010-03-22,0.004866466763564725
2010-03-23,0.0009637662882764353
2010-03-24,-0.0074109854809670805
2010-03-25,-0.0017953782425692566
2010-03-26,0.0016100378083199196
2010-03-29,0.007779910974478943
2010-03-30,0.00047881971472674145
2010-03-31,-0.0026458906920956426
2010-04-01,0.009319999295133314
2010-04-05,0.00939969756907186
2010-04-06,0.00433677077944828
2010-04-07,-0.00770407619532331
2010-04-08,0.000396024085117415
2010-04-09,0.007177637931302589
2010-04-12,-0.0004697361429699283
2010-04-13,0.005614469237708847
2010-04-14,0.007541231763963968
2010-04-15,-0.004720137967633114
2010-04-16,-0.015859436176252368
2010-04-19,-0.0014190856872186737
2010-04-20,0.008001328886744359
2010-04-21,0.0028228388118968933
2010-04-22,0.002375758210749907
2010-04-23,0.006782687389843262
2010-04-26,6.977145956825233e-05
2010-04-27,-0.022231273441295014
2010-04-28,0.0028189271209707995
2010-04-29,0.01613019888026635
2010-04-30,-0.010604427620055605
2010-05-03,0.01148648543179731
2010-05-04,-0.021286075228776347
2010-05-05,-0.01139141646257702
2010-05-06,-0.02556260170251079
2010-05-07,-0.008421094449294064
2010-05-10,0.03707227622355025
2010-05-11,-0.0027114065111710772
2010-05-12,0.009410760054360479
2010-05-13,-0.009509518331355604
2010-05-14,-0.019471256001572512
2010-05-17,-0.005485089228195128
2010-05-18,-0.010864028213151022
2010-05-19,-0.00384447697121737
2010-05-20,-0.027064697301518836
2010-05-21,0.016934106404708826
2010-05-24,-0.011879148508406434
2010-05-25,0.0003664245677998945
2010-05-26,-0.0027403932714790136
2010-05-27,0.0327605856855222
2010-05-28,-0.009760937790075253
2010-06-01,-0.011247789426446919
2010-06-02,0.007953557885297025
2010-06-03,-0.0001337528972974601
2010-06-04,-0.015716929530735904
2010-06-07,-0.002780667790813981
2010-06-08,0.005088965736598342
2010-06-09,0.00017804034940695958
2010-06-10,0.012505648079698582
2010-06-11,0.00462396208951425
2010-06-14,0.0020617121889270266
2010-06-15,0.008352903558280418
2010-06-16,-0.001359827462890074
2010-06-17,0.0016960344788659902
2010-06-18,-0.0008093890091337862
2010-06-21,-0.0022230457729169838
2010-06-22,-0.008046706150616928
2010-06-23,0.0006521633197354381
2010-06-24,-0.0077360845650491
2010-06-25,0.006179536546283832
2010-06-28,-0.0015596718980313976
2010-06-29,-0.01189016696427422
2010-06-30,-0.0037346509746622406
2010-07-01,-0.0011096431530472695
2010-07-02,-0.0041806154538752485
2010-07-06,-0.003900087203132597
2010-07-07,0.00907027143574269
2010-07-08,0.002116231461380617
2010-07-09,0.0020235970270678985
2010-07-12,0.0009639470565150421
2010-07-13,0.003918342725294558
2010-07-14,-0.00019490064722372445
2010-07-15,0.0003809130613351344
2010-07-16,-0.005364691726172385
2010-07-19,0.0019270285338381032
2010-07-20,0.0040152230966250604
2010-07-21,-0.0028488793909135987
2010-07-22,0.006274289917232785
2010-07-23,0.0019044860365746775
2010-07-26,0.0049404504855890055
2010-07-27,-0.0006804925616542632
2010-07-28,0.0004764046323336637
2010-07-29,-0.0012391580413542234
2010-07-30,0.0024221695996106056
2010-08-02,0.00921894522881776
2010-08-03,-0.0022695107340754022
2010-08-04,0.002099808597223402
2010-08-05,-0.0019243707032428454
2010-08-06,0.00017923611530031236
2010-08-09,0.0035356940907728834
2010-08-10,-0.003607999171582094
2010-08-11,-0.018553346146010046
2010-08-12,-0.004421199382236357
2010-08-13,-0.0004450950799966109
2010-08-16,0.0028175484162373094
2010-08-17,0.008250994988508016
2010-08-18,0.0002827325360756198
2010-08-19,-0.010912584334189472
2010-08-20,-0.004000499692662847
2010-08-23,-0.001935542536446971
2010-08-24,-0.0049110527718840445
2010-08-25,0.003289804127971125
2010-08-26,-0.0016780585162429913
2010-08-27,0.007966397628695625
2010-08-30,-0.0058460939124843694
2010-08-31,0.003032049159806364
2010-09-01,0.012254369080559288
2010-09-02,0.0017077559989613137
2010-09-03,0.0018149603801347117
2010-09-07,-0.0015029094423501196
2010-09-08,-0.0001330567630138054
2010-09-09,-0.003852475633846519
2010-09-10,0.00048661817431658907
2010-09-13,0.004233921205485706
2010-09-14,0.0002549292819188289
2010-09-15,0.001053299873656425
2010-09-16,-0.0017496539646358821
2010-09-17,0.0010572256669487757
2010-09-20,0.005484450466838452
2010-09-21,-0.0010537708370199417
2010-09-22,-0.0023963551530677904
2010-09-23,-0.004660489419323614
2010-09-24,0.004597314011188006
2010-09-27,-0.0009036195507831012
2010-09-28,0.0014636837453911933
2010-09-29,-0.0020477635894036103
2010-09-30,0.0003375868048336518
2010-10-01,-0.001184083689008908
2010-10-04,-0.0025174948088919624
2010-10-05,0.016944734869724032
2010-10-06,0.0019274568676068693
2010-10-07,-0.002167410131650116
2010-10-08,0.00967141069148525
2010-10-11,-0.0008629554573842402
2010-10-12,0.001994903152095162
2010-10-13,0.006850682880028991
2010-10-14,-0.001365601768679725
2010-10-15,-0.003595304928591281
2010-10-18,0.006968477405970397
2010-10-19,-0.014730600760927248
2010-10-20,0.01468019381934238
2010-10-21,-0.004430732356412226
2010-10-22,0.002756207450364423
2010-10-25,0.002700586528837423
2010-10-26,-0.00298640186887833
2010-10-27,-0.005708487963651865
2010-10-28,0.0025485502328408405
2010-10-29,0.0005376641204557497
2010-11-01,0.0020025195243444927
2010-11-02,0.008753221136966083
2010-11-03,0.0037779252594338786
2010-11-04,0.019385020594991698
2010-11-05,0.002022525211773374
2010-11-08,-0.002085342713525784
2010-11-09,-0.014596974881372682
2010-11-10,0.006736010822932403
2010-11-11,-0.00592346613582273
2010-11-12,-0.015918709842856815
2010-11-15,-0.00461549069940459
2010-11-16,-0.019174435036715787
2010-11-17,0.0006033327119026044
2010-11-18,0.014672218266676529
2010-11-19,-0.0008725671231224474
2010-11-22,-8.608290614786629e-05
2010-11-23,-0.010583154024513597
2010-11-24,0.011534500643101797
2010-11-26,-0.0042883575803464025
2010-11-29,-0.00044734946679014786
2010-11-30,-0.005810477727273611
2010-12-01,0.01433453328233747
2010-12-02,0.010635353244787593
2010-12-03,0.004985464928726646
2010-12-06,0.0002890732838858323
2010-12-07,-0.004007911417892029
2010-12-08,-0.0018133287061669057
2010-12-09,-0.0005866512915482236
2010-12-10,0.0009058153961005733
2010-12-13,0.005245562153570749
2010-12-14,-0.004124009919106775
2010-12-15,-0.006815397440779525
2010-12-16,0.0031169532698485103
2010-12-17,0.003992145779858403
2010-12-20,0.005114855269617857
2010-12-21,0.0067405351610048125
2010-12-22,0.0030235477535334176
2010-12-23,-0.0012580215589573784
2010-12-27,0.002539756577087049
2010-12-28,0.0012844826406450682
2010-12-29,0.004590087834467349
2010-12-30,-0.003562076427735872
2010-12-31,0.005622659752844372
2011-01-03,0.006770285597122743
2011-01-04,-0.007229223620414234
2011-01-05,0.0030602052705648235
2011-01-06,-0.007245986993549209
2011-01-07,-0.0018522667093885466
2011-01-10,0.0017307031733677252
2011-01-11,0.00389352854939125
2011-01-12,0.008336653578487856
2011-01-13,0.0005945208624284652
2011-01-14,0.0049405804828747835
2011-01-18,0.0031649642132815354
2011-01-19,-0.006182426820446302
2011-01-20,-0.0039417159460578164
2011-01-21,0.0037111183353592376
2011-01-24,0.0025519507435944173
2011-01-25,-0.0004887414778582285
2011-01-26,0.0068136546300298475
2011-01-27,0.0023728651442888765
2011-01-28,-0.008755561872661395
2011-01-31,0.00900227293328411
2011-02-01,0.009888765756105049
2011-02-02,0.0013894114611873569
2011-02-03,-0.0002646480902092147
2011-02-04,-0.002071143472699583
2011-02-07,0.00327513863426347
2011-02-08,0.004423255284625243
2011-02-09,7.004244991647806e-05
2011-02-10,-0.0015716017911402962
2011-02-11,0.0019060602550025636
2011-02-14,0.0018797319999590805
2011-02-15,-0.004543422448884812
2011-02-16,0.005580545897015789
2011-02-17,0.0021141300840247664
2011-02-18,0.0016824366360325244
2011-02-22,-0.01170870317561151
2011-02-23,0.0017932459424133147
2011-02-24,-0.003253710467515189
2011-02-25,0.012823889365660281
2011-02-28,0.008337729935355713
2011-03-01,-0.009075649322952357
2011-03-02,0.0004499093822616623
2011-03-03,0.008799928267293502
2011-03-04,-0.004248065782003039
2011-03-07,-0.005863893363273664
2011-03-08,0.0034728736971508583
2011-03-09,0.000360414040046952
2011-03-10,-0.014990537513158634
2011-03-11,0.002277070902808784
2011-03-14,-0.006238644499062264
2011-03-15,-0.014732734277453686
2011-03-16,-0.011755645959185535
2011-03-17,0.016959721323730657
2011-03-18,0.006649481639417806
2011-03-21,0.011122850730110333
2011-03-22,-0.0010686374446190366
2011-03-23,-0.0009699320767428536
2011-03-24,0.00608408066205872
2011-03-25,0.0004828482178566447
2011-03-28,-0.0035418813739942706
2011-03-29,0.004335374163542249
2011-03-30,0.006393141577661365
2011-03-31,0.003503647385323537
2011-04-01,0.004433860853193524
2011-04-04,0.002112562759025078
2011-04-05,-0.00011788379172461925
2011-04-06,0.002967045857585255
2011-04-07,-0.00332731937803878
2011-04-08,0.004241384974518296
2011-04-11,-0.004587043564404475
2011-04-12,-0.007793490024755429
2011-04-13,0.0018149172752439944
2011-04-14,0.0044553286491690845
2011-04-15,0.004041573800679373
2011-04-18,-0.009348094983489878
2011-04-19,0.004267054880668948
2011-04-20,0.013316483889651815
2011-04-21,0.005130528902952875
2011-04-25,0.0005598710805931847
2011-04-26,0.004956507150063901
2011-04-27,0.0064766013962243305
2011-04-28,0.003225075585874575
2011-04-29,0.00045515226907575794
2011-05-02,-0.0007541150138133337
2011-05-03,-0.006147708694605555
2011-05-04,-0.007372066033543331
2011-05-05,-0.019393437598621954
2011-05-06,-0.001410265243169626
2011-05-09,0.010523923125969406
2011-05-10,0.008576137145918886
2011-05-11,-0.014684489111968832
2011-05-12,0.0021717828546294247
2011-05-13,-0.006440611963808282
2011-05-16,-0.003945828757603649
2011-05-17,0.0008230873260693759
2011-05-18,0.00898568039557907
2011-05-19,0.0009060243462567006
2011-05-20,-0.005028374378011341
2011-05-23,-0.01219567901393101
2011-05-24,0.004301290015284371
2011-05-25,0.006491387787335851
2011-05-26,0.006213176769785339
2011-05-27,0.004501214747716647
2011-05-31,0.010527073422450767
2011-06-01,-0.016792360232023573
2011-06-02,-0.00012061543685149001
2011-06-03,0.0005103421142917952
2011-06-06,-0.010086428798067648
2011-06-07,0.006046423885372798
2011-06-08,-0.001891212179584989
2011-06-09,0.0017474801759544967
2011-06-10,-0.013924830640555608
2011-06-13,-0.0004887769731146685
2011-06-14,0.008852183981272521
2011-06-15,-0.016585066047024255
2011-06-16,0.0010800507486721234
2011-06-17,0.0034586444699418184
2011-06-20,0.0018158988167906731
2011-06-21,0.008504276777048236
2011-06-22,-0.0029483935622725
2011-06-23,-0.009538028047836433
2011-06-24,-0.0057518063635428884
2011-06-27,0.0034403460208753955
2011-06-28,0.00835869827337321
2011-06-29,0.009721508168883286
2011-06-30,0.002527208855480856
2011-07-01,0.008352552461299068
2011-07-05,0.004106599283399959
2011-07-06,0.0007646262621920918
2011-07-07,0.009760430988729363
2011-07-08,-0.0022274325721547417
2011-07-11,-0.013180974472467799
2011-07-12,0.0005125085330248691
2011-07-13,0.0047306698658304835
2011-07-14,-0.007243978763320724
2011-07-15,0.006659710762167981
2011-07-18,-0.007229489612163187
2011-07-19,0.011608772008159463
2011-07-20,0.0033673143592014565
2011-07-21,0.006514864390783304
2011-07-22,0.003711993794052626
2011-07-25,-0.0058585272842762715
2011-07-26,0.0033132859126152603
2011-07-27,-0.01626674893969471
2011-07-28,-0.0011226005103219805
2011-07-29,-4.636097601129485e-05
2011-08-01,-0.005616893135964696
2011-08-02,-0.014943098541193578
2011-08-03,-0.002256952087564601
2011-08-04,-0.03818522800966062
2011-08-05,-0.003394464001359454
2011-08-08,-0.04982341359603237
2011-08-09,0.043814044633419647
2011-08-10,-0.022303082070059377
2011-08-11,0.030164149588694844
2011-08-12,0.004779395080506399
2011-08-15,0.01784253379990508
2011-08-16,-0.004347164793845115
2011-08-17,0.004987530258552475
2011-08-18,-0.031162197230902078
2011-08-19,-0.006763577218319883
2011-08-22,0.0017305337954529598
2011-08-23,0.01916181514046844
2011-08-24,0.0013386512126178918
2011-08-25,-0.009494699970211351
2011-08-26,0.01142730274630166
2011-08-29,0.01672003865780325
2011-08-30,0.003960859790619997
2011-08-31,0.006384904024008264
2011-09-01,-0.00164940449653636
2011-09-02,0.0007824871929194297
2011-09-06,-0.00037832097336506967
2011-09-07,0.0007489755591416911
2011-09-08,-0.00036346878818491104
2011-09-09,-0.0021866437140056617
2011-09-12,-0.0010774190992760414
2011-09-13,-0.0012102047061441769
2011-09-14,-0.0008472810356297956
2011-09-15,-0.0006567548830497118
2011-09-16,-0.0005048284428582485
2011-09-19,-0.0017434236233917345
2011-09-20,-8.532517978242185e-05
2011-09-21,-0.002089543196532081
2011-09-22,-0.005155663824883083
2011-09-23,-0.005207391297558747
2011-09-26,-0.00014263204091499642
2011-09-27,0.0020814828794274575
2011-09-28,-0.005357489385378915
2011-09-29,0.002296589342330597
2011-09-30,-0.005673934138547636
2011-10-03,-0.001731366509791701
2011-10-04,-0.0010164952765556914
2011-10-05,-0.0008364292735941747
2011-10-06,-0.0013936967985473017
2011-10-07,-0.0010349126943212286
2011-10-10,-0.002108355153604986
2011-10-11,0.000663268865836972
2011-10-12,-0.0006795422512107322
2011-10-13,0.0008001701873756236
2011-10-14,-0.0009920457973970145
2011-10-17,0.0013085276509365144
2011-10-18,-0.00021186706914484946
2011-10-19,0.0003123191308094814
2011-10-20,-0.0004074733476633879
2011-10-21,-0.0003690751618752678
2011-10-24,-9.675899653675248e-05
2011-10-25,0.0017160545045607864
2011-10-26,-0.0014748824361608206
2011-10-27,-0.0024155569029457396
2011-10-28,0.0011966176547773919
2011-10-31,0.002676762846297236
2011-11-01,0.0019174501002931087
2011-11-02,0.003344119789140968
2011-11-03,0.0018130599248892408
2011-11-04,-0.0010235750989316806
2011-11-07,0.000265230998649849
2011-11-08,0.0016900129765619197
2011-11-09,-0.0075007838775695695
2011-11-10,-0.0010373677939733285
2011-11-11,0.004406962380211335
2011-11-14,-0.002480016000971238
2011-11-15,0.0012463649960149513
2011-11-16,-0.0012018759517472412
2011-11-17,-0.0032747127577240345
2011-11-18,0.0005039662511338171
2011-11-21,-0.0045308360548330364
2011-11-22,-0.00031099153489008626
2011-11-23,-0.005371576840581509
2011-11-25,-0.00039177681333599137
2011-11-28,0.004569828364154802
2011-11-29,-0.0006870939808686074
2011-11-30,0.00804196582899687
2011-12-01,-0.0003323388858853706
2011-12-02,0.000889233513128493
2011-12-05,-0.00011629139460402467
2011-12-06,-0.000520770630217733
2011-12-07,0.0009050779579322295
2011-12-08,0.0010167525543681541
2011-12-09,-0.0013761757325222626
2011-12-12,0.0006884763148816518
2011-12-13,0.0009211205721412029
2011-12-14,0.0008383397987517903
2011-12-15,-0.00017144403713609258
2011-12-16,0.0009682219795552616
2011-12-19,0.0006804328501882438
2011-12-20,-0.0018143181972689784
2011-12-21,-0.0006469736959485896
2011-12-22,0.0002467844356738123
2011-12-23,-0.0008196653905052821
2011-12-27,0.00011336326807961115
2011-12-28,0.0012629967844325172
2011-12-29,0.00024734493680852196
2011-12-30,0.0007033874299977235
2012-01-03,-0.0033658119624257734
2012-01-04,-0.004052004485708387
2012-01-05,0.0019165321941949929
2012-01-06,0.000132758205427381
2012-01-09,-0.0006545588890668331
2012-01-10,0.0018083225369190112
2012-01-11,0.002572269295112257
2012-01-12,-0.0018850217092812442
2012-01-13,0.0013483667643895843
2012-01-17,0.0018451792622837123
2012-01-18,0.0007684035309344791
2012-01-19,-0.0004169062983243994
2012-01-20,0.0005560893135716109
2012-01-23,0.0005302310403439443
2012-01-24,0.001764760909052589
2012-01-25,0.0035307033171956843
2012-01-26,0.0024755181653463736
2012-01-27,0.0006733899641041288
2012-01-30,-0.0008103331658062936
2012-01-31,0.0017319873686188784
2012-02-01,0.0013475894913442272
2012-02-02,0.0010503213467815524
2012-02-03,0.003988409613084149
2012-02-06,-0.00021652418436109394
2012-02-07,-0.0012919073528993737
2012-02-08,0.001037929543078772
2012-02-09,-0.00166109348761814
2012-02-10,-0.00219692097966753
2012-02-13,0.0033838976712076817
2012-02-14,-0.0018750754734625473
2012-02-15,-0.001970315854604653
2012-02-16,0.003400702892320883
2012-02-17,0.0004902187452403309
2012-02-21,-0.003743379325270651
2012-02-22,-0.0015573558433687159
2012-02-23,0.003667562599113247
2012-02-24,0.000855613978375768
2012-02-27,0.0006903100507761362
2012-02-28,-0.000487445045016611
2012-02-29,-0.002398649874015462
2012-03-01,0.004945851372797794
2012-03-02,-0.003979243874621896
2012-03-05,-0.0012046789911853706
2012-03-06,-0.014424068222856912
2012-03-07,0.005450571392247916
2012-03-08,0.006307132324861575
2012-03-09,0.0014791900742112674
2012-03-12,0.0006354122834584253
2012-03-13,0.010326135910056822
2012-03-14,-0.00617989266405905
2012-03-15,0.002851204470266877
2012-03-16,0.005210626409225094
2012-03-19,0.0016556061206371986
2012-03-20,-0.00558989178108471
2012-03-21,-0.00138264022420731
2012-03-22,-0.006885966844220048
2012-03-23,0.005968162923061682
2012-03-26,0.008360505527818196
2012-03-27,-0.001568069268909844
2012-03-28,-0.004955550987727264
2012-03-29,-0.003446437451695039
2012-03-30,0.005522585567020677
2012-04-02,0.008277402162387926
2012-04-03,-0.007471448409704373
2012-04-04,-0.010741673497629334
2012-04-05,-0.0003932071529104686
2012-04-09,-0.004106670887382369
2012-04-10,-0.013680752171310262
2012-04-11,0.006637100290875608
2012-04-12,0.011243137142152193
2012-04-13,-0.007893518170426161
2012-04-16,0.001994759311641392
2012-04-17,0.008565964905170365
2012-04-18,-0.004595635515423857
2012-04-19,-0.0021918684110022735
2012-04-20,0.005497505436840022
2012-04-23,-0.007708258275397228
2012-04-24,0.004850659285852821
2012-04-25,0.008662702491458507
2012-04-26,0.004180217804913511
2012-04-27,0.003372188498995232
2012-04-30,-0.0014594169756810826
2012-05-01,0.0038632661302420157
2012-05-02,-0.0046887601702882975
2012-05-03,-0.006202409624081362
2012-05-04,-0.010791119488078094
2012-05-07,0.002517800963818484
2012-05-08,-0.00454562023883609
2012-05-09,-0.0054996575655603674
2012-05-10,0.0013107129471625623
2012-05-11,-0.002234423627020865
2012-05-14,-0.010339055857536805
2012-05-15,-0.004279078272073855
2012-05-16,-0.005015360238564082
2012-05-17,-0.010964389786127682
2012-05-18,-0.00587754201954227
2012-05-21,0.014312295815553044
2012-05-22,-0.0032818256742555008
2012-05-23,-0.002916389285643861
2012-05-24,-0.00038705808641004147
2012-05-25,-0.0008761696517797235
2012-05-29,0.006777206783896483
2012-05-30,-0.014202202822526044
2012-05-31,0.0009551854105835922
2012-06-01,-0.014872032837602973
2012-06-04,-0.0026315079976914784
2012-06-05,0.004997298526494704
2012-06-06,0.007611074540003401
2012-06-07,-0.0007521832693089511
2012-06-08,0.004595007229794309
2012-06-11,-0.006412671406150231
2012-06-12,0.003073530887925745
2012-06-13,-0.001250140802908618
2012-06-14,0.004491347765962673
2012-06-15,0.004202915724440623
2012-06-18,0.0020016977426742457
2012-06-19,0.002066267672854313
2012-06-20,-0.0008227788836995517
2012-06-21,-0.007309271139245646
2012-06-22,0.0006667731323598294
2012-06-25,-0.0031336896080750086
2012-06-26,0.001228066303466301
2012-06-27,0.0028757009511966884
2012-06-28,0.0022684304196210784
2012-06-29,0.009178604122232455
2012-07-02,0.0037343426021896543
2012-07-03,0.001999208619648615
2012-07-05,-0.0016047197959313138
2012-07-06,-0.0006997164815932429
2012-07-09,0.00051101985081656
2012-07-10,-0.0037734886585187007
2012-07-11,5.3506241789923694e-05
2012-07-12,0.0001028952009343378
2012-07-13,0.005642787277642358
2012-07-16,0.00034994434015780306
2012-07-17,0.002772346855795215
2012-07-18,0.000500019778974711
2012-07-19,-0.0018544490645601404
2012-07-20,-0.002088445529075636
2012-07-23,-0.003127477680148628
2012-07-24,-0.002000790583592017
2012-07-25,6.0192208922082104e-05
2012-07-26,0.004442210380856971
2012-07-27,0.004137834145900366
2012-07-30,0.0015704604159072057
2012-07-31,-0.001350011173273423
2012-08-01,-0.00185549154162843
2012-08-02,-0.00032441905227001156
2012-08-03,0.004472278803961813
2012-08-06,0.0003111963047768498
2012-08-07,-0.002400334267754921
2012-08-08,-0.001390711777960839
2012-08-09,-0.0006160584646223587
2012-08-10,0.0011828784900871571
2012-08-13,-0.0003820208120594458
2012-08-14,-0.0013748741892118264
2012-08-15,0.00013823796638088003
2012-08-16,0.0025069778790586
2012-08-17,0.0005717173979632198
2012-08-20,-0.00044427218902913664
2012-08-21,-1.0521790528449232e-05
2012-08-22,0.001519166422210684
2012-08-23,-0.0018889245977197643
2012-08-24,0.0017893165779332633
2012-08-27,0.0011683590151982516
2012-08-28,0.0005719264087891354
2012-08-29,-3.1419854695343646e-05
2012-08-30,-0.0015226137165594632
2012-08-31,0.002880560122137196
2012-09-04,-0.0016578143992586059
2012-09-05,-0.0021194558876440617
2012-09-06,0.009342127477894424
2012-09-07,0.006456391481201473
2012-09-10,-0.003917505925328579
2012-09-11,0.0034636732714261598
2012-09-12,0.002447124951282964
2012-09-13,0.010513512485178733
2012-09-14,0.00420742236249394
2012-09-17,-0.007439355159051253
2012-09-18,-0.003851613466066439
2012-09-19,-0.002635550179359014
2012-09-20,-0.0029854759564500455
2012-09-21,0.0018326495705027757
2012-09-24,-0.0033898876143890755
2012-09-25,-0.0055238907774374235
2012-09-26,-0.003738660215500955
2012-09-27,0.007193841851166338
2012-09-28,-0.004024719397061394
2012-10-01,0.0013106503743096631
2012-10-02,0.001340543673229222
2012-10-03,-0.0028448528274994667
2012-10-04,0.007325091237048831
2012-10-05,-0.0014275590607362165
2012-10-08,-0.0022066832657667845
2012-10-09,-0.004557250446048711
2012-10-10,-0.0009102675324690335
2012-10-11,0.0037284815363611834
2012-10-12,-0.004349984346480151
2012-10-15,0.004019360517748538
2012-10-16,0.005753713183009879
2012-10-17,0.00103065688713877
2012-10-18,0.0003400035267637769
2012-10-19,-0.00988389425482139
2012-10-22,-0.0011889943996727936
2012-10-23,-0.010592411027231186
2012-10-24,-0.001616975577762636
2012-10-25,0.001003362230820093
2012-10-26,-0.0004434811754558954
2012-10-31,0.002465523779280332
2012-11-01,0.005524000620814305
2012-11-02,-0.0021868760894761656
2012-11-05,-0.0009082739591083293
2012-11-06,0.0034175929151542103
2012-11-07,-0.006791701885541446
2012-11-08,-0.005704066521862939
2012-11-09,-0.00025881300081860445
2012-11-12,-0.000333528725866407
2012-11-13,-0.0015915513308441204
2012-11-14,-0.00845989683651759
2012-11-15,-0.0007207681181559481
2012-11-16,0.002222748394562741
2012-11-19,0.010430643219789081
2012-11-20,0.0010408991728243142
2012-11-21,7.052432609889704e-05
2012-11-23,0.008386757780358366
2012-11-26,-0.00016761864478064315
2012-11-27,-0.0026764306646728134
2012-11-28,0.0030756505897774453
2012-11-29,0.003965021453516447
2012-11-30,0.0006658953857372115
2012-12-03,-0.0015366386062637405
2012-12-04,-0.000891898554671644
2012-12-05,-2.6846198100005658e-05
2012-12-06,0.0012484430102766009
2012-12-07,0.0006317065461709515
2012-12-10,-4.074097708839375e-05
2012-12-11,0.0022526153657147496
2012-12-12,0.00028468897796440906
2012-12-13,-0.005568510982496555
2012-12-14,0.0016252566770567078
2012-12-17,0.003014583578904606
2012-12-18,0.006091373474970796
2012-12-19,-4.3922901208470755e-05
2012-12-20,0.004302341838306134
2012-12-21,-0.003201843778386948
2012-12-24,-0.0017420546541416781
2012-12-26,0.0006257786159986622
2012-12-27,0.0017940823936555272
2012-12-28,-0.005711109335843401
2012-12-31,0.008582145662320517
2013-01-02,0.010565139680693836
2013-01-03,-0.005102439105103107
2013-01-04,0.0020485676376484907
2013-01-07,-0.0004972708151563809
2013-01-08,-0.0010897043659879868
2013-01-09,0.0019155837175810486
2013-01-10,0.004490816859773705
2013-01-11,5.5618656919831366e-05
2013-01-14,0.0018967847996222975
2013-01-15,0.00040255913462994286
2013-01-16,-0.0007577245716975378
2013-01-17,0.0034924285100241814
2013-01-18,0.0029488934909118747
2013-01-22,0.0029522465049443003
2013-01-23,0.0003632758018343729
2013-01-24,0.0009460181770137854
2013-01-25,0.0026595816324475052
2013-01-28,-0.0011845011331471644
2013-01-29,0.003567317149258953
2013-01-30,-0.00010815550006237906
2013-01-31,-0.002334507110455797
2013-02-01,0.006240013245011362
2013-02-04,-0.007028987912065524
2013-02-05,0.003245155630940518
2013-02-06,0.0005337536388068072
2013-02-07,-0.003519527489370459
2013-02-08,0.005002424230849064
2013-02-11,-0.0006507335097526005
2013-02-12,0.0031784462183196845
2013-02-13,0.0006051140628277158
2013-02-14,-0.0020112089196283817
2013-02-15,-0.001499931577041414
2013-02-19,0.0046583896162040745
2013-02-20,-0.008010693514654164
2013-02-21,-0.00800083244599845
2013-02-22,0.006825543821888738
2013-02-25,-0.013314825497691083
2013-02-26,0.00395594403730181
2013-02-27,0.005274103145398091
2013-02-28,-0.0016875206855456954
2013-03-01,-0.001125103141498872
2013-03-04,0.0034268716556888467
2013-03-05,0.005359369993352886
2013-03-06,0.00018955268039657548
2013-03-07,-1.3033489189915263e-06
2013-03-08,0.0016328877681850641
2013-03-11,0.0015383154040780268
2013-03-12,-0.0021980804403234143
2013-03-13,0.00018033638961986986
2013-03-14,0.0042832606954401825
2013-03-15,0.0005951603932320162
2013-03-18,-0.004411576809291058
2013-03-19,-0.002040212591198361
2013-03-20,0.003241579733163739
2013-03-21,-0.004129804112381626
2013-03-22,0.004388047712224001
2013-03-25,-0.0032969014851457917
2013-03-26,0.004576738247345828
2013-03-27,-0.0006067284884855559
2013-03-28,0.002252137251298462
2013-04-01,-0.0026009336891551853
2013-04-02,0.0033362816974202812
2013-04-03,-0.0028769633540987874
2013-04-04,0.006632011578860505
2013-04-05,-8.669129125938122e-05
2013-04-08,0.0030928270284589186
2013-04-09,0.0015070019966667856
2013-04-10,0.005818152882416602
2013-04-11,0.0036145025657356965
2013-04-12,0.0006119873279302477
2013-04-15,-0.012293955564707665
2013-04-16,0.00848023792573896
2013-04-17,-0.008862774257116762
2013-04-18,-0.00205813020419004
2013-04-19,0.006303232252072915
2013-04-22,0.0015762617294692914
2013-04-23,0.005868941026725921
2013-04-24,0.0023775352242896572
2013-04-25,0.0009704245360716066
2013-04-26,-0.00012044626060530606
2013-04-29,0.0055216311990616326
2013-04-30,0.003034421032250661
2013-05-01,-0.0038923685464643245
2013-05-02,0.003781089332764614
2013-05-03,0.0036777576056653046
2013-05-06,0.0010235760196105434
2013-05-07,0.002161821250175149
2013-05-08,0.0033609507742223643
2013-05-09,-0.003847499561159391
2013-05-10,0.00047912931322322976
2013-05-13,0.0006544575283600804
2013-05-14,0.0023796788730515214
2013-05-15,0.004436956736454926
2013-05-16,-0.002393517683228249
2013-05-17,0.003335655096534089
2013-05-20,0.001409460290033032
2013-05-21,0.002352665603205666
2013-05-22,-0.00995367276906713
2013-05-23,-0.006928437172986796
2013-05-24,-0.0023632286746460185
2013-05-28,-0.0023238958496969945
2013-05-29,-0.0066468781356214205
2013-05-30,-0.0003377132998540102
2013-05-31,-0.00999831009734799
2013-06-03,0.0024155883400002296
2013-06-04,-0.0030098027611328653
2013-06-05,-0.008929393287190213
2013-06-06,0.006141953365401808
2013-06-07,0.0052673184282807295
2013-06-10,-0.0015219728953603689
2013-06-11,-0.0074711357832521925
2013-06-12,-0.004585277474991479
2013-06-13,0.011312854311714592
2013-06-14,-0.0027032138073438297
2013-06-17,0.004988195332731881
2013-06-18,0.0040186918855410585
2013-06-19,-0.012644124839556892
2013-06-20,-0.02061385384465585
2013-06-21,0.003972771483459991
2013-06-24,-0.006537238207089567
2013-06-25,0.007836778053938622
2013-06-26,0.005800556983340201
2013-06-27,0.007190876650921498
2013-06-28,-0.0024544143789558075
2013-07-01,0.0026235504623621426
2013-07-02,0.0018637938238715021
2013-07-03,-0.0011578281401162132
2013-07-05,0.002145697157021473
2013-07-08,0.0025879970406647132
2013-07-09,0.005381520103521851
2013-07-10,0.000737882073893434
2013-07-11,0.01271714942475329
2013-07-12,-0.0024693214735775153
2013-07-15,0.0028391267626252854
2013-07-16,-0.000741512815955552
2013-07-17,0.0018424689666196878
2013-07-18,0.004116435352290921
2013-07-19,5.218589135849801e-05
2013-07-22,0.0021187071228070038
2013-07-23,-0.0002166094125229014
2013-07-24,-0.004884003173327905
2013-07-25,0.0011999395369203067
2013-07-26,-0.0008701495579070675
2013-07-29,-0.0040155929238964985
2013-07-30,-0.0006259425650764564
2013-07-31,-0.0026571742177208617
2013-08-01,0.0042494780622741235
2013-08-02,0.0009878611692819203
2013-08-05,-0.0008630737252577241
2013-08-06,-0.002127677885497872
2013-08-07,-0.0020482447449361343
2013-08-08,0.002615427678566717
2013-08-09,0.0015371545766157508
2013-08-12,-0.002204911136198749
2013-08-13,-0.0008636288799512264
2013-08-14,-0.001701840826204049
2013-08-15,-0.008133505651960572
2013-08-16,-0.005217156067459639
2013-08-19,-0.005353749353237789
2013-08-20,0.00523102838126662
2013-08-21,-0.004063745869234339
2013-08-22,0.004970371957756321
2013-08-23,0.004498600422148808
2013-08-26,-0.0027854934733427066
2013-08-27,-0.007597567639839976
2013-08-28,-0.0007358195718382967
2013-08-29,0.0002914515192603371
2013-08-30,-0.0047939180095154235
2013-09-03,0.00532510175094772
2013-09-04,0.0034470990015554046
2013-09-05,8.460692703840617e-05
2013-09-06,0.0011834983545635789
2013-09-09,0.004655357700768221
2013-09-10,0.0037442152242890556
2013-09-11,0.001332896424496994
2013-09-12,-0.0016821430337230349
2013-09-13,0.0014081598059191435
2013-09-16,0.0027361289672198927
2013-09-17,0.001018891238485101
2013-09-18,0.0076464608876675305
2013-09-19,-0.001287947017915444
2013-09-20,-0.002848993684458886
2013-09-23,-0.0009882138040497581
2013-09-24,-0.0007823217207266467
2013-09-25,-0.0003591183752617846
2013-09-26,0.001607557437557583
2013-09-27,-0.0016347941518365097
2013-09-30,-0.0024939599633261025
2013-10-01,0.0026481857942502194
2013-10-02,-0.0002531578113487967
2013-10-03,-0.0031592460366365997
2013-10-04,0.001985198190723668
2013-10-07,-0.003805674368169766
2013-10-08,-0.0038792506315975923
2013-10-09,0.0009995742306982574
2013-10-10,0.007875201244122736
2013-10-11,0.0023486033899874394
2013-10-14,0.0014860647233651027
2013-10-15,-0.0024158458605867622
2013-10-16,0.004275111094568161
2013-10-17,0.003988417059032039
2013-10-18,0.0025415131584994328
2013-10-21,0.00031477090851966984
2013-10-22,0.003150361405641457
2013-10-23,-0.0029104105608140345
2013-10-24,0.0020526571719271954
2013-10-25,0.00034221057887756813
2013-10-28,-1.2471908106324566e-05
2013-10-29,0.0014887278283899925
2013-10-30,-0.0017131964478160327
2013-10-31,-0.001684144643197381
2013-11-01,-0.0004623009590801001
2013-11-04,0.0020573823849986514
2013-11-05,-0.005641683722049307
2013-11-06,0.002475417706086069
2013-11-07,-0.008173375490844393
2013-11-08,0.0011714113303458746
2013-11-11,0.0006711274553455344
2013-11-12,-0.0019798087843336414
2013-11-13,0.003558995532381965
2013-11-14,0.003321959080957377
2013-11-15,0.0032291841720074994
2013-11-18,-0.0019350700700253827
2013-11-19,-0.0023474418692431436
2013-11-20,-0.004449807812485457
2013-11-21,0.004404615176891495
2013-11-22,0.000795931766478734
2013-11-25,-0.0017423512807731186
2013-11-26,-0.0006420651162812946
2013-11-27,0.002682886495786622
2013-11-29,-0.0015935179225723944
2013-12-02,-0.002410998900271117
2013-12-03,-0.002262179769070863
2013-12-04,-0.0010803896658663466
2013-12-05,-0.0020226216936771986
2013-12-06,0.004702059128052968
2013-12-09,0.000295100817577987
2013-12-10,-0.0010527298582893138
2013-12-11,-0.004115541827923852
2013-12-12,-0.0021133829778063992
2013-12-13,-0.00014596742904316988
2013-12-16,0.002680431040113829
2013-12-17,-0.001502739626589322
2013-12-18,0.006550632387317223
2013-12-19,-0.00023796085203145212
2013-12-20,0.0023079504814444876
2013-12-23,0.0031285135521539223
2013-12-24,0.0008349606919757392
2013-12-26,0.0021114486830304704
2013-12-27,0.0010203382924767082
2013-12-30,0.0008082515250680157
2013-12-31,0.0016954045281776134
2014-01-02,-0.005475810899686307
2014-01-03,0.00017887980974616875
2014-01-06,-0.0008189965106994275
2014-01-07,0.0023455839217694802
2014-01-08,-1.5863178177739185e-05
2014-01-09,-1.8544316375322364e-05
2014-01-10,0.002383598413403259
2014-01-13,-0.0044049611570417665
2014-01-14,0.0037688508078058142
2014-01-15,0.0019179237280664858
2014-01-16,-0.0003502973080563004
2014-01-17,-0.0014427128428377406
2014-01-21,0.0015452029897083403
2014-01-22,0.0001307015193666178
2014-01-23,-0.0029821152410268153
2014-01-24,-0.009784253958907972
2014-01-27,-0.0019125253463937847
2014-01-28,0.0029205407824650247
2014-01-29,-0.004172692795561926
2014-01-30,0.0031403661580034223
2014-01-31,-0.004559053631352532
2014-02-03,-0.010508202103813697
2014-02-04,0.00547721084271638
2014-02-05,-0.0009847012598344122
2014-02-06,0.007265964568807789
2014-02-07,0.007137656520856703
2014-02-10,0.001665554856341563
2014-02-11,0.005253136546543418
2014-02-12,7.757655957957832e-05
2014-02-13,0.0033565078620149268
2014-02-14,0.0024987832031534893
2014-02-18,0.0034235880874944943
2014-02-19,-0.0031739890617779867
2014-02-20,0.0012230563583422503
2014-02-21,0.0009093350465814773
2014-02-24,0.003128953802496842
2014-02-25,0.0007931352178989823
2014-02-26,0.00037262255733422876
2014-02-27,0.0014317042074675033
2014-02-28,0.0025185475787937225
2014-03-03,-0.005057702221774929
2014-03-04,0.007344759881472207
2014-03-05,-0.0016979515266324352
2014-03-06,0.0018345324640529626
2014-03-07,-0.004945003347524013
2014-03-10,-0.0038582920608212223
2014-03-11,-0.0009191102450665234
2014-03-12,0.00016076303488765653
2014-03-13,-0.00663306499739813
2014-03-14,0.0006392643616337512
2014-03-17,0.001709579723025989
2014-03-18,0.00476441393286553
2014-03-19,-0.009210895856739953
2014-03-20,-0.00014221666432667757
2014-03-21,0.0012018067822536782
2014-03-24,-0.0016180181034457508
2014-03-25,0.006135463986468137
2014-03-26,-0.003015219915024403
2014-03-27,0.0038191481381424364
2014-03-28,0.0030646631238628874
2014-03-31,0.004212933427449217
2014-04-01,0.0006330445171962573
2014-04-02,-0.00011441660017219579
2014-04-03,0.000519238230311192
2014-04-04,-0.00015336924740516622
2014-04-07,-0.002504367682386932
2014-04-08,0.004515812311752798
2014-04-09,0.004684570555345102
2014-04-10,-0.00873219474808462
2014-04-11,-0.004704645629086124
2014-04-14,0.005423466544520084
2014-04-15,0.003285165720585237
2014-04-16,0.00590425103567771
2014-04-17,-0.0005247810213533377
2014-04-21,0.0013822927496900395
2014-04-22,0.0020251029438944634
2014-04-23,-0.001383096184916055
2014-04-24,0.002354917238602594
2014-04-25,-0.0039399274140263785
2014-04-28,0.001834067371914827
2014-04-29,0.0030744333351850894
2014-04-30,0.0015772196286543139
2014-05-01,0.000485252309324391
2014-05-02,0.00016470359666009848
2014-05-05,8.201737925506158e-05
2014-05-06,-0.0024214377793244646
2014-05-07,0.004501889729824571
2014-05-08,-0.00012000552671331821
2014-05-09,-0.0010067170988807828
2014-05-12,0.0038137394512842704
2014-05-13,0.0008730420737288469
2014-05-14,0.0005777904684320934
2014-05-15,-0.003238899120802219
2014-05-16,0.0027701200850360763
2014-05-19,-0.0008789688889220271
2014-05-20,-0.0021844918199271923
2014-05-21,0.0019882170013776346
2014-05-22,0.00033312527977957807
2014-05-23,0.003956207937255707
2014-05-27,0.0024741251143451937
2014-05-28,-0.0009003620942567014
2014-05-29,0.002480194430852567
2014-05-30,-0.00041731384573828745
2014-06-02,0.000102027094547541
2014-06-03,-0.0018598339062825264
2014-06-04,5.3072220031813444e-05
2014-06-05,0.006885499968381614
2014-06-06,0.0019072327842075687
2014-06-09,-0.0018612603496970248
2014-06-10,-0.0027885291948336333
2014-06-11,-0.002495692930025717
2014-06-12,0.0017365305437913037
2014-06-13,0.0008715275026180969
2014-06-16,-0.00019483737733339002
2014-06-17,0.00031325265738568753
2014-06-18,0.006473645438777043
2014-06-19,0.004409958805865255
2014-06-20,0.0013601674191534574
2014-06-23,-0.002296698191191049
2014-06-24,-0.0011982443374736196
2014-06-25,0.0009297193265556114
2014-06-26,-0.0004849963093181975
2014-06-27,0.0016663586489757964
2014-06-30,-0.0014499296611641954
2014-07-01,0.002902622156786716
2014-07-02,-0.0011505103969323693
2014-07-03,-0.0005461623288659512
2014-07-07,-0.002776089772386414
2014-07-08,-0.0024214724159504764
2014-07-09,0.0005199531727695383
2014-07-10,-0.0013493866983306235
2014-07-11,-0.001028460632569117
2014-07-14,0.0038083631943037766
2014-07-15,-0.002781676759548102
2014-07-16,0.003212410149488809
2014-07-17,-0.0042345902814998615
2014-07-18,0.0038530324381358394
2014-07-21,-0.0008583941044539856
2014-07-22,0.001781917528455912
2014-07-23,0.0017496943581332136
2014-07-24,-0.0008228364913642761
2014-07-25,-0.0015873752496895488
2014-07-28,0.0008746896218745359
2014-07-29,-0.002590259099889858
2014-07-30,-0.0029555664616930377
2014-07-31,-0.011353503814840571
2014-08-01,-0.0022865519409903524
2014-08-04,0.0038863579077926635
2014-08-05,-0.006458940711318903
2014-08-06,-0.00031481681095633885
2014-08-07,-0.0016819788359164613
2014-08-08,0.0044902448231222275
2014-08-11,0.002507312436160185
2014-08-12,-0.0010382886548944005
2014-08-13,0.006035512447892892
2014-08-14,0.0022760892696768
2014-08-15,0.00034728656561279535
2014-08-18,0.004300250431632638
2014-08-19,0.0017294897863674584
2014-08-20,0.00021617298540297796
2014-08-21,0.0015364470157079224
2014-08-22,-0.0028544978305102687
2014-08-25,0.0020149973722139824
2014-08-26,0.0005117532747293129
2014-08-27,0.0009938572736652815
2014-08-28,-0.0007597019647079674
2014-08-29,0.0015653149376234775
2014-09-02,-0.0009641513665156055
2014-09-03,0.002106160958940021
2014-09-04,-0.002702655039640941
2014-09-05,0.003114547936594506
2014-09-08,-0.0030626085354897394
2014-09-09,-0.0035347036525351185
2014-09-10,-0.0017601509043774866
2014-09-11,-0.0009869040549490094
2014-09-12,-0.008354977366822733
2014-09-15,-0.001185277317665665
2014-09-16,0.004263489758518693
2014-09-17,-0.0017155273460204934
2014-09-18,0.0007234059746116704
2014-09-19,0.00013169550903706852
2014-09-22,-0.003575417603856744
2014-09-23,-0.0038450712786482254
2014-09-24,0.0014809626833984146
2014-09-25,-0.0061046781446731134
2014-09-26,0.004684406529064734
2014-09-29,-0.0018625678908437782
2014-09-30,-0.001850827843112699
2014-10-01,-0.002221977861629938
2014-10-02,-0.0009009611749184
2014-10-03,0.003394238537813112
2014-10-06,0.0006232717157817856
2014-10-07,-0.0034989124340665434
2014-10-08,0.008535651860134877
2014-10-09,-0.004321521513295188
2014-10-10,-0.0013147723524479882
2014-10-13,-0.0020544183939380047
2014-10-14,0.0039226564455626485
2014-10-15,-0.000959456552640643
2014-10-16,-0.00034415582600141794
2014-10-17,0.002066516608971596
2014-10-20,0.0052776880358299345
2014-10-21,0.00523256803133663
2014-10-22,-0.0014227777025093327
2014-10-23,0.0030157701293035875
2014-10-24,0.001552222171063924
2014-10-27,0.0014096056103619456
2014-10-28,0.002671691142249837
2014-10-29,-0.0020980252458343276
2014-10-30,0.002760831931306098
2014-10-31,0.004487747626409957
2014-11-03,0.001780364593568655
2014-11-04,-0.00038787429336214953
2014-11-05,0.0008951886854611521
2014-11-06,-0.0013439019718509406
2014-11-07,0.001212020209873572
2014-11-10,0.001462242269945606
2014-11-11,-0.0005677161788997421
2014-11-12,-0.0018028980149787002
2014-11-13,0.0016385673117479225
2014-11-14,-0.0011742863750666868
2014-11-17,0.0007940132431427946
2014-11-18,0.002244663371008353
2014-11-19,-0.002652598725378328
2014-11-20,0.0013824531387792536
2014-11-21,0.002731755546519101
2014-11-24,0.0014941770605828395
2014-11-25,0.0007018643242463306
2014-11-26,0.0027873050703671565
2014-11-28,0.000848469042316151
2014-12-01,-0.0023755216906816414
2014-12-02,0.0016468311927380361
2014-12-03,0.0006493386756922147
2014-12-04,0.0009999544138695568
2014-12-05,-0.0018059155970179444
2014-12-08,0.0005947946820233094
2014-12-09,0.0015495730518308634
2014-12-10,-0.0025102455791720926
2014-12-11,0.0010293563441534934
2014-12-12,-0.0033551267238140126
2014-12-15,-0.004692063853879138
2014-12-16,-0.000862173467362253
2014-12-17,0.007118426914638738
2014-12-18,0.005245041506821444
2014-12-19,0.0014930465160729242
2014-12-22,0.004256456561809407
2014-12-23,-0.0019410414546191237
2014-12-24,-0.000663415125197251
2014-12-26,0.001616224852090944
2014-12-29,0.002050455055986362
2014-12-30,-0.0009945687616832169
2014-12-31,-0.005118340024131398
2015-01-02,0.0038873068444043968
2015-01-05,-0.0013071347358074295
2015-01-06,0.001439809734158832
2015-01-07,0.00549782442362859
2015-01-08,0.003486606979750146
2015-01-09,-0.0005183053366494451
2015-01-12,0.0006598981612067354
2015-01-13,-0.0006784946681502582
2015-01-14,0.0014774001355039787
2015-01-15,0.00034725803737359427
2015-01-16,0.002874932264017167
2015-01-20,-0.0006846641471392736
2015-01-21,-7.860403270429277e-05
2015-01-22,0.006025838818888991
2015-01-23,-0.0003715332783933613
2015-01-26,0.0016918327176327639
2015-01-27,-0.0023047981111611504
2015-01-28,-0.00233582778578036
2015-01-29,0.0018243154110775548
2015-01-30,-0.004910561520422481
2015-02-02,0.001683872764549936
2015-02-03,0.0029331638785757663
2015-02-04,-0.0012653369528102343
2015-02-05,0.003675522734234975
2015-02-06,-0.008609343034052936
2015-02-09,-0.0023968211642845885
2015-02-10,0.002261172604421204
2015-02-11,-0.0005471664346911688
2015-02-12,0.004378569673089676
2015-02-13,-0.0011715768673975036
2015-02-17,-0.0016000966857740064
2015-02-18,0.002835702048232007
2015-02-19,-0.004938422724445908
2015-02-20,0.003020225373342549
2015-02-23,0.0024903275298931815
2015-02-24,-0.0020504737854778643
2015-02-25,5.3421959642956194e-05
2015-02-26,-0.0035989937709389455
2015-02-27,0.0015890133144206107
2015-03-02,0.0010908113863027835
2015-03-03,-0.0028678455175884057
2015-03-04,-0.0034037487584484315
2015-03-05,0.0013718971623359244
2015-03-06,-0.0142465499227025
2015-03-09,0.0036532491710218793
2015-03-10,-0.006921009546347287
2015-03-11,0.0005699473428827516
2015-03-12,0.008700415251973084
2015-03-13,-0.0028114434762347286
2015-03-16,0.007675950839695805
2015-03-17,-0.0007627851713808922
2015-03-18,0.013158501217836474
2015-03-19,-0.004308244741467501
2015-03-20,0.012009136973864376
2015-03-23,0.0006144375621998243
2015-03-24,-0.0026433846547365227
2015-03-25,-0.00818738584364877
2015-03-26,-0.004384558992717932
2015-03-27,0.002021485929508331
2015-03-30,0.005396489047548063
2015-03-31,-0.006098639169914141
2015-04-01,0.0013915723776726373
2015-04-02,0.003398390083164162
2015-04-06,0.005711674346704623
2015-04-07,-0.00416197921036727
2015-04-08,0.0016490620300658875
2015-04-09,-0.0038104975805366282
2015-04-10,0.001271481300808277
2015-04-13,-0.0023056653630515313
2015-04-14,0.003167837308737533
2015-04-15,0.0004141181962979323
2015-04-16,0.0011432738153873045
2015-04-17,-0.005344203786164324
2015-04-20,0.001958255441912985
2015-04-21,0.0014659946169591907
2015-04-22,0.0006227493576310837
2015-04-23,0.0023999889139728757
2015-04-24,0.002743559040944269
2015-04-27,-0.0004306349020518164
2015-04-28,-0.000440347165471986
2015-04-29,-0.007348409947977951
2015-04-30,-0.007424482053066149
2015-05-01,0.00479086913728174
2015-05-04,0.00014883030311134906
2015-05-05,-0.009957683407809592
2015-05-06,-0.001677492585470961
2015-05-07,0.004048797694827545
2015-05-08,0.010816845981264056
2015-05-11,-0.0076803055040178345
2015-05-12,5.3600180421123776e-05
2015-05-13,-0.0006396382415183123
2015-05-14,0.00901166431797159
2015-05-15,0.00392990753181415
2015-05-18,-0.0019241767494555062
2015-05-19,-0.0024056629495414297
2015-05-20,0.0005039263104084556
2015-05-21,0.0018864865122700158
2015-05-22,-0.0024675298134059867
2015-05-26,-0.006034090205090778
2015-05-27,0.0056810147431964565
2015-05-28,-0.0007973896751940812
2015-05-29,-0.005367256346064418
2015-06-01,-0.0005884521728657567
2015-06-02,-0.0006624594070810487
2015-06-03,-7.067061774003865e-05
2015-06-04,-0.002873349472834037
2015-06-05,-0.004160327161025517
2015-06-08,-0.0012182632999321499
2015-06-09,-0.001780171218811706
2015-06-10,0.005815321079162365
2015-06-11,0.002764585239997277
2015-06-12,-0.003231923125566989
2015-06-15,-0.0015743719248652213
2015-06-16,0.001788628223046309
2015-06-17,-1.9155595972273433e-05
2015-06-18,0.0037190560156636263
2015-06-19,-0.0003132584472634404
2015-06-22,0.0031079658448706546
2015-06-23,6.672183329208483e-05
2015-06-24,-0.0025842130633913587
2015-06-25,-0.0011929344160595634
2015-06-26,-0.001089149931932829
2015-06-29,-0.008070676913236947
2015-06-30,-0.0008633489275165586
2015-07-01,0.001815858705420129
2015-07-02,6.653487741571693e-05
2015-07-06,-0.0045952077227381085
2015-07-07,0.001327149413925783
2015-07-08,-0.00805436085325914
2015-07-09,0.003654885405247764
2015-07-10,0.00902364889988351
2015-07-13,0.0029502704648936293
2015-07-14,0.002537862003371042
2015-07-15,-0.0008059144717982017
2015-07-16,0.0033289933455431806
2015-07-17,-0.00016679690123029428
2015-07-20,0.0006245032351637776
2015-07-21,-0.0013701220051769007
2015-07-22,-0.001887564089948111
2015-07-23,-0.0016489361834515896
2015-07-24,-0.004273990077075905
2015-07-27,-0.002628706005704235
2015-07-28,0.004965944273665772
2015-07-29,0.0020920436382835
2015-07-30,-0.00010817096300931288
2015-07-31,0.0008851073155286027
2015-08-03,-0.0008343933820635526
2015-08-04,-0.0012703892299133653
2015-08-05,0.0009371562310857399
2015-08-06,-0.001768024028673967
2015-08-07,3.912802138944685e-05
2015-08-10,0.004125566835060716
2015-08-11,-0.0035758151145497195
2015-08-12,-0.0012402457472281202
2015-08-13,-0.0009007575918488006
2015-08-14,0.0008370452716988966
2015-08-17,0.001105950941213262
2015-08-18,-0.0024089920397525407
2015-08-19,-0.002127462475064446
2015-08-20,-0.008497184566616984
2015-08-21,-0.009804748873987162
2015-08-24,-0.014617113556266879
2015-08-25,-0.0011237952230918132
2015-08-26,0.01089102590417951
2015-08-27,0.007274413925745073
2015-08-28,-0.00025191730020318435
2015-08-31,-0.003451850622455526
2015-09-01,-0.010371641648227499
2015-09-02,1.1904761904761904e-06
2015-09-03,7.936507936507937e-07
2015-09-04,7.936507936507937e-07
2015-09-08,2.3809523809523808e-06
2015-09-09,1.1904761904761904e-06
2015-09-10,7.936507936507937e-07
2015-09-11,1.5873015873015873e-06
2015-09-14,2.7777777777777783e-06
2015-09-15,2.7777777777777783e-06
2015-09-16,2.3809523809523808e-06
2015-09-17,3.9682539682539683e-07
2015-09-18,-3.9682539682539683e-07
2015-09-21,3.9682539682539683e-07
2015-09-22,-3.9682539682539683e-07
2015-09-23,3.9682539682539683e-07
2015-09-24,3.9682539682539683e-07
2015-09-25,-3.9682539682539683e-07
2015-09-28,3.9682539682539683e-07
2015-09-29,3.9682539682539683e-07
2015-09-30,-3.9682539682539683e-07
2015-10-01,-0.00040452854212887654
2015-10-02,0.0009682649349624928
2015-10-05,-0.0011083646101221103
2015-10-06,0.0004085905172461768
2015-10-07,-0.0005015302101305519
2015-10-08,-0.0005201905087457258
2015-10-09,0.00011170218624654708
2015-10-12,0.0006698668695185138
2015-10-13,0.00018554641868649284
2015-10-14,0.0010920829856606584
2015-10-15,-0.000682824217710505
2015-10-16,-0.00016624898595209565
2015-10-19,-9.214075256017952e-05
2015-10-20,-0.0006853165847185231
2015-10-21,0.0006872061422730046
2015-10-22,0.00020345215895400948
2015-10-23,-0.001130345269973594
2015-10-26,0.0005209951105670992
2015-10-27,0.0005018294644013061
2015-10-28,-0.0010358040995933234
2015-10-29,-0.0012269009523077224
2015-10-30,0.00039477018285779625
2015-11-02,0.004807626899378564
2015-11-03,-0.001967004787460534
2015-11-04,-0.0017051344884504332
2015-11-05,0.000463588104008827
2015-11-06,-0.0077252960367700406
2015-11-09,-0.005633981358688659
2015-11-10,0.0031342416156077634
2015-11-11,-0.0006478615439249936
2015-11-12,-0.004043176911517025
2015-11-13,-0.0037638064144752182
2015-11-16,0.005620919949236668
2015-11-17,-0.00019882158682350893
2015-11-18,0.004830488739432707
2015-11-19,0.0008743414383473715
2015-11-20,0.0029659112304382795
2015-11-23,0.0004653159625282864
2015-11-24,-0.0005954413000222362
2015-11-25,0.0008966460196363451
2015-11-27,0.0021791584205301945
2015-11-30,-0.002218602782778054
2015-12-01,0.005736552971149034
2015-12-02,-0.0066856140625958455
2015-12-03,-0.008049867252234022
2015-12-04,0.008454236609067103
2015-12-07,-0.001135735072745208
2015-12-08,-0.0013920862730842567
2015-12-09,-0.0023741511765397296
2015-12-10,-0.0013415238655752825
2015-12-11,-0.002660573741643943
2015-12-14,0.0004536894749836872
2015-12-15,0.0037757681064640148
2015-12-16,0.006291985575861672
2015-12-17,-0.003204010301992617
2015-12-18,-0.00517098294315799
2015-12-21,0.0025103349423789625
2015-12-22,0.002055184819969003
2015-12-23,0.00407767210113956
2015-12-24,3.5238854574391364e-05
2015-12-28,0.0006949091091226924
2015-12-29,0.0032021403679195082
2015-12-30,-0.0020370138185367365
2015-12-31,-0.003513504811649947
2016-01-04,-0.0044332283659646214
2016-01-05,0.004202069596863931
2016-01-06,-0.0030761508656173327
2016-01-07,-0.008730492969677475
2016-01-08,-0.004847993185453972
2016-01-11,0.0013268561934262851
2016-01-12,0.0002853374231847844
2016-01-13,-0.007837492309367275
2016-01-14,0.0027903363718526884
2016-01-15,-0.005678348118634329
2016-01-19,0.0013548753808244995
2016-01-20,-0.007922837233249342
2016-01-21,0.002222518164127952
2016-01-22,0.009657435059076775
2016-01-25,-0.0042865817400341575
2016-01-26,0.006900328280696421
2016-01-27,-0.006052072706806286
2016-01-28,-0.00048564745543939976
2016-01-29,0.0089563745541308
2016-02-01,-0.001504785712039324
2016-02-02,-0.0004061922778194194
2016-02-03,0.0011172523011052926
2016-02-04,0.000585701518149932
2016-02-05,-0.0035357079624690774
2016-02-08,-0.004232063548827311
2016-02-09,-0.0036151306857856876
2016-02-10,0.001985022774375288
2016-02-11,-0.0019110176717997299
2016-02-12,0.000768335340417618
2016-02-16,0.0030772234027553872
2016-02-17,0.0012268313006784507
2016-02-18,0.0029539397575644014
2016-02-19,0.0011532502570941031
2016-02-22,0.0017239327616830613
2016-02-23,-0.00011805159522514132
2016-02-24,-0.0002213125617934463
2016-02-25,0.004680393368331273
2016-02-26,-0.0020023842365592824
2016-02-29,-0.0004461794809791086
2016-03-01,0.004074085338787864
2016-03-02,0.001093801893238878
2016-03-03,0.0012998620975631068
2016-03-04,-0.0006461877014591215
2016-03-07,0.00013423926833590303
2016-03-08,-0.0008934662279881672
2016-03-09,0.00032361624251840573
2016-03-10,-0.0014238961149175564
2016-03-11,0.0038835406047881406
2016-03-14,0.0001741140584310829
2016-03-15,7.2060846411579e-05
2016-03-16,0.00347498408876079
2016-03-17,0.003047151267853902
2016-03-18,-0.0005064203785080395
2016-03-21,-0.002366526927398916
2016-03-22,-0.00041142761346803344
2016-03-23,-0.00015814286509897976
2016-03-24,-0.00011793802506157743
2016-03-28,0.0021028792418812097
2016-03-29,0.005688764363865224
2016-03-30,-0.0006447581898008563
2016-03-31,0.0019563602044884946
2016-04-01,0.001995082190213564
2016-04-04,-0.0006985239424096966
2016-04-05,-0.0025148926817502425
2016-04-06,0.002234448014787409
2016-04-07,-0.00262911237993106
2016-04-08,0.0013431407518563357
2016-04-11,-0.0009084460492564792
2016-04-12,0.0025088655569226706
2016-04-13,0.0012877344830866824
2016-04-14,-0.0015658064152904469
2016-04-15,0.0018756626074517804
2016-04-18,0.0021674939934694074
2016-04-19,0.00040588580853382386
2016-04-20,-0.004210134256483795
2016-04-21,-0.004969758640624362
2016-04-22,0.0019553393445842105
2016-04-25,0.0011001797904108246
2016-04-26,0.000658810262514249
2016-04-27,0.0013937650489199772
2016-04-28,-0.0015321447682591113
2016-04-29,-0.002995190823341518
2016-05-02,0.0019827762226911193
2016-05-03,-0.003312393938821778
2016-05-04,0.0022620641605715624
2016-05-05,-0.0008827081675169887
2016-05-06,0.0037450853408212397
2016-05-09,-0.0016867872335546395
2016-05-10,0.007318190859560873
2016-05-11,-0.0011922200082696345
2016-05-12,0.0009493181928321891
2016-05-13,-0.003041225528944828
2016-05-16,0.005363545786480891
2016-05-17,-0.004354502369239303
2016-05-18,-0.006189533634504775
2016-05-19,-0.0032680982460848397
2016-05-20,0.003812223001495275
2016-05-23,-0.0011930032146054885
2016-05-24,0.0047342879738820716
2016-05-25,0.003599219520390486
2016-05-26,0.0009425565246471743
2016-05-27,0.0023771171097851647
2016-05-31,-0.0013766293324695004
2016-06-01,0.0031687726372875424
2016-06-02,0.002648512156806948
2016-06-03,0.004715956608671856
2016-06-06,0.0024709433317551266
2016-06-07,0.005249896677606669
2016-06-08,0.0059697660431046184
2016-06-09,-0.0023492820864133845
2016-06-10,-0.010418217158028376
2016-06-13,-0.00400081618903092
2016-06-14,-0.00547070151862461
2016-06-15,0.002502427956760256
2016-06-16,-0.0010191818361843241
2016-06-17,0.004838395656666439
2016-06-20,0.007547174525216693
2016-06-21,0.0009245356591913723
2016-06-22,-0.0015288203331971228
2016-06-23,0.009737241023804133
2016-06-24,-0.027555856453548522
2016-06-27,-0.005972660082537606
2016-06-28,0.01621494356905706
2016-06-29,0.011555887279013355
2016-06-30,0.007044421201960693
2016-07-01,0.003361505545712813
2016-07-05,-0.003798779510046716
2016-07-06,0.0012241676584483674
2016-07-07,-0.00807781741525764
2016-07-08,0.008602311417100345
2016-07-11,0.0001935016723940694
2016-07-12,0.003985227246536114
2016-07-13,-0.0009216968183066723
2016-07-14,-0.0007161968780093899
2016-07-15,-0.00150061270800006
2016-07-18,8.626816022635567e-05
2016-07-19,9.375478608275563e-05
2016-07-20,-0.0008925614655905015
2016-07-21,-0.0009904560363745987
2016-07-22,0.0020825139827499125
2016-07-25,-0.0032724924532945613
2016-07-26,-0.001595845397889262
2016-07-27,-0.002864560497550906
2016-07-28,0.0016316937329417791
2016-07-29,0.005326039103745756
2016-08-01,-0.004839124519259053
2016-08-02,-0.006251799730785712
2016-08-03,0.0021003948983240317
2016-08-04,0.0018695815217886214
2016-08-05,0.0022614254842647785
2016-08-08,0.0016592656389464722
2016-08-09,0.002952606970047622
2016-08-10,-0.0018520738815724913
2016-08-11,0.0021936012613748
2016-08-12,0.0023915438444315207
2016-08-15,0.0038595916335331104
2016-08-16,-0.0024559311881123813
2016-08-17,0.00223913825005595
2016-08-18,0.003615578103353556
2016-08-19,-0.004397268853523539
2016-08-22,-0.00013668676950573388
2016-08-23,0.0021685787812744106
2016-08-24,-0.004852574992125325
2016-08-25,0.0004294011285650434
2016-08-26,-0.0049835055819432705
2016-08-29,0.0035835727816049268
2016-08-30,-0.00289460871151892
2016-08-31,-0.004835818490962485
2016-09-01,-0.0010227352574339044
2016-09-02,0.006666017737845031
2016-09-06,0.005816867300340034
2016-09-07,0.003186136226508429
2016-09-08,-0.0009245398491191104
2016-09-09,-0.02065930192091303
2016-09-12,0.007051749042164435
2016-09-13,-0.015285877802380776
2016-09-14,-0.000795909085985147
2016-09-15,0.005515821143696531
2016-09-16,-0.002771347508241706
2016-09-19,0.0024105382159205213
2016-09-20,0.0019315053454849185
2016-09-21,0.01113630915560715
2016-09-22,0.008557002792861423
2016-09-23,-0.004370344578771168
2016-09-26,-0.0010811111471448198
2016-09-27,-0.001475274284502892
2016-09-28,0.008628756830354245
2016-09-29,-0.005634220242414556
2016-09-30,0.001862305408267817
2016-10-03,-0.003502560011711453
2016-10-04,-0.0052241713438390125
2016-10-05,-0.0016169019159598674
2016-10-06,-0.0008855450082713157
2016-10-07,-0.002271392246946835
2016-10-10,0.0045756467338271545
2016-10-11,-0.008522665731049428
2016-10-12,0.0006543560383178715
2016-10-13,0.0018924712720636006
2016-10-14,-0.0009171531261745747
2016-10-17,-0.0001553060292269759
2016-10-18,0.005299464500051254
2016-10-19,0.0029070502491312933
2016-10-20,-0.0025182607128034773
2016-10-21,-9.161388515988023e-05
2016-10-24,0.0011287460130620097
2016-10-25,-0.0021136648388591084
2016-10-26,-0.005648738445327761
2016-10-27,-0.005528176920442496
2016-10-28,-0.0014822283063289365
2016-10-31,0.0008772092058535463
2016-11-01,-0.0032454422119837876
2016-11-02,-0.0049457747918574164
2016-11-03,-0.0017942453558381078
2016-11-04,-0.0034895598214717536
2016-11-07,0.007996497038214277
2016-11-08,0.0011953733898429936
2016-11-09,0.0032705115614633457
2016-11-10,-0.001662428423176798
2016-11-11,-0.0054936281771503
2016-11-14,-0.0013351765430901622
2016-11-15,0.006882065527657018
2016-11-16,-0.004940259536655969
2016-11-17,0.0029725720132417507
2016-11-18,-0.0009947696337400086
2016-11-21,0.008792797871960776
2016-11-22,0.0006273201880349213
2016-11-23,0.00021708064080738334
2016-11-25,-0.00010951375794608677
2016-11-28,-0.0013277252684160555
2016-11-29,-0.002331569037503187
2016-11-30,0.005358492716840871
2016-12-01,0.0025702606056178306
2016-12-02,0.00152934251059935
2016-12-05,0.002246031258711513
2016-12-06,-0.00024869285890068854
2016-12-07,0.001091010947565648
2016-12-08,0.0008835196992563122
2016-12-09,0.0022514795106564987
2016-12-12,0.0010761224076065244
2016-12-13,0.0018519136320224122
2016-12-14,-0.00354814296128581
2016-12-15,0.0005906808528509045
2016-12-16,0.0005217696809310324
2016-12-19,-0.0007064507263228383
2016-12-20,0.0016807011199900465
2016-12-21,-0.001696510657000986
2016-12-22,-0.0005918082943922664
2016-12-23,0.0006918222159697029
2016-12-27,0.0035895846538902066
2016-12-28,-0.0015130393433611447
2016-12-29,0.00021754228143477106
2016-12-30,-0.0003386909527790038
2017-01-03,-0.0005606668457975619
2017-01-04,0.004999957066198024
2017-01-05,0.002565843872898197
2017-01-06,-0.0002078798207208134
2017-01-09,-0.003996526524889803
2017-01-10,-0.0008563305840674906
2017-01-11,0.0038039282026319098
2017-01-12,0.0027327681318481266
2017-01-13,0.0008277634711499669
2017-01-17,-0.0015410456657712194
2017-01-18,-0.0018840868385183952
2017-01-19,-0.001875348525870193
2017-01-20,0.004180670642942756
2017-01-23,-1.1287404839266984e-06
2017-01-24,0.0023028637490553018
2017-01-25,0.002559081398886003
2017-01-26,-0.00011569799060362926
2017-01-27,-0.0022747171552730118
2017-01-30,-0.0038072475633840887
2017-01-31,0.0014445923174754903
2017-02-01,0.003048026572217806
2017-02-02,0.00024242055604210881
2017-02-03,0.002063905107327342
2017-02-06,-0.0030320666537601883
2017-02-07,-0.0010604821228528995
2017-02-08,0.0013672062188409238
2017-02-09,0.0030493489284956453
2017-02-10,0.003398486669038485
2017-02-13,-0.00035639390616373236
2017-02-14,0.0007654830681368004
2017-02-15,0.002068392958187195
2017-02-16,-0.0009579759665888866
2017-02-17,-0.0005775047473637553
2017-02-21,0.0016126657690854994
2017-02-22,-0.0011843817779747746
2017-02-23,0.0012147889263498944
2017-02-24,-0.0015617579337501987
2017-02-27,-5.7208102414056916e-05
2017-02-28,-6.413448868855888e-05
2017-03-01,0.005575434022144553
2017-03-02,-0.0068189596773877885
2017-03-03,0.0015650753226578908
2017-03-06,-0.0023668902921555545
2017-03-07,-0.0031345081003922616
2017-03-08,-0.009305870459357591
2017-03-09,-0.0036968200782017025
2017-03-10,-9.847546479648794e-05
2017-03-13,0.0013798329071465331
2017-03-14,-0.0031464255983670152
2017-03-15,0.010391383495926509
2017-03-16,-7.662976103038995e-05
2017-03-17,0.0017619685493542971
2017-03-20,-0.0009348091228680056
2017-03-21,-0.005399807491657701
2017-03-22,0.00026575134438310607
2017-03-23,0.001315027328345122
2017-03-24,0.0008602573170337235
2017-03-27,-0.0017498272785774606
2017-03-28,0.004493919760144309
2017-03-29,0.0031853023713390317
2017-03-30,0.0010972404802124956
2017-03-31,0.0008398550067803234
2017-04-03,-0.002169040335739425
2017-04-04,0.002047089548443981
2017-04-05,-0.0012360769010155573
2017-04-06,0.0011241906516209152
2017-04-07,0.00019852722022150666
2017-04-10,0.0014587244034153185
2017-04-11,0.0010988697962114274
2017-04-12,-0.0010259925438381127
2017-04-13,-0.0019379212327441068
2017-04-17,0.0018586611835609695
2017-04-18,-0.002261483163225058
2017-04-19,-0.004657890736850352
2017-04-20,0.0024368385974325667
2017-04-21,-0.0024802045566907683
2017-04-24,0.006609304628927675
2017-04-25,0.00353413980523209
2017-04-26,-0.0017474213769444608
2017-04-27,-0.0007002954193599491
2017-04-28,-0.001180615491749291
2017-05-01,0.0012724407751128555
2017-05-02,0.001123948604968498
2017-05-03,-0.0006272833769574083
2017-05-04,0.002149838243600579
2017-05-05,0.0030260354928045947
2017-05-08,-0.0015177936923690858
2017-05-09,-0.0006539376844312725
2017-05-10,0.0006879205622599098
2017-05-11,-0.0008803532750899283
2017-05-12,0.0007944769054914011
2017-05-15,0.0021360721431773993
2017-05-16,0.0011195019072179307
2017-05-17,-0.005804058929275773
2017-05-18,0.001164641541072955
2017-05-19,0.0036455265290524334
2017-05-22,0.0012788511432066773
2017-05-23,0.0004946878418610991
2017-05-24,0.0006104441048255638
2017-05-25,0.0009762120251941398
2017-05-26,-0.0005921147620398137
2017-05-30,-0.00036433923948444024
2017-05-31,0.00021888074448809974
2017-06-01,0.0030018944983814235
2017-06-02,0.003751032885900978
2017-06-05,-0.0015714417035003398
2017-06-06,-0.000560263114732868
2017-06-07,7.348314076617091e-05
2017-06-08,-0.0005609297443869842
2017-06-09,-0.0012255824425496107
2017-06-12,-0.0008185396872436953
2017-06-13,0.002608496972306862
2017-06-14,0.0006596166754183065
2017-06-15,-0.0027738758495360425
2017-06-16,0.0018706594885921457
2017-06-19,0.001933629037277489
2017-06-20,-0.002446302831558342
2017-06-21,-0.0002992950491444254
2017-06-22,7.885867168282493e-05
2017-06-23,0.0008015197373575172
2017-06-26,0.0006569485250492815
2017-06-27,-0.0026114421618020356
2017-06-28,0.003356459924225499
2017-06-29,-0.004461445164041815
2017-06-30,3.558432792864382e-05
2017-07-03,0.000915405453931961
2017-07-05,-0.0021967501827378955
2017-07-06,-0.006846749836391732
2017-07-07,0.0021298817601318565
2017-07-10,-0.0008445948506001678
2017-07-11,0.00035955015770095953
2017-07-12,0.006151706685035184
2017-07-13,0.0010310306809475744
2017-07-14,0.004539112277265154
2017-07-17,0.0014451429787338274
2017-07-18,0.000596675881714138
2017-07-19,0.003471646107644316
2017-07-20,3.680129330798477e-05
2017-07-21,-0.0007379413321027101
2017-07-24,-0.0010938892129265683
2017-07-25,-9.075895501361299e-05
2017-07-26,0.0032732401789314653
2017-07-27,-0.000705914460748153
2017-07-28,-0.0002223506377596365
2017-07-31,0.0006306802574675427
2017-08-01,0.0029614430511203625
2017-08-02,-0.0018168177503412354
2017-08-03,2.5341745724462887e-05
2017-08-04,0.0007663124186720014
2017-08-07,0.00036627372427807336
2017-08-08,-0.0026746650595656177
2017-08-09,-0.000746038028796714
2017-08-10,-0.006364206228162796
2017-08-11,-0.0010755574646437538
2017-08-14,0.006288026091293494
2017-08-15,-0.001364765362811562
2017-08-16,0.002667282262880262
2017-08-17,-0.005902148381198897
2017-08-18,-0.0017505309384707778
2017-08-21,0.002372694170843209
2017-08-22,0.0020902998831414943
2017-08-23,0.0020509056165924403
2017-08-24,-0.001843603687193167
2017-08-25,0.002970543847029624
2017-08-28,-0.001326156891943394
2017-08-29,-0.000314807870790782
2017-08-30,0.0016486359596515532
2017-08-31,0.004208285594085398
2017-09-01,0.0006623238157402689
2017-09-05,-0.0019329054559913772
2017-09-06,0.001957307558335842
2017-09-07,0.0037765406768346488
2017-09-08,-0.000179992840465062
2017-09-11,0.004395821337523897
2017-09-12,-0.001544537643144064
2017-09-13,-0.001913546136593405
2017-09-14,0.0019917234260304994
2017-09-15,0.0010689750164634237
2017-09-18,-0.0011618755945336458
2017-09-19,-0.0003989784632045702
2017-09-20,-0.0012980145769675012
2017-09-21,-0.0015809508169195153
2017-09-22,-0.0003910596828743762
2017-09-25,0.0002135418212471983
2017-09-26,-0.00014283922799068668
2017-09-27,-0.0019009919298334501
2017-09-28,0.002102117076530052
2017-09-29,0.0020504842286743537
2017-10-02,0.00023635697145452106
2017-10-03,0.0012219219907954049
2017-10-04,0.0010754112072013378
2017-10-05,0.003797727991591726
2017-10-06,-0.0043792719049216
2017-10-09,0.0005654133906880521
2017-10-10,0.005457411824617342
2017-10-11,0.002089085460786011
2017-10-12,0.0007423474470320546
2017-10-13,0.0044220642960790535
2017-10-16,-0.0006920961789774749
2017-10-17,-0.00047277317346017256
2017-10-18,-7.67904379607165e-05
2017-10-19,-0.0015428469140741363
2017-10-20,-0.0001655551142670797
2017-10-23,-0.0017897380504613425
2017-10-24,0.000910434414189476
2017-10-25,-0.002413121097419535
2017-10-26,-0.0007903154212651753
2017-10-27,0.004650582882961052
2017-10-30,0.0007697393778336448
2017-10-31,0.0014914600905293618
2017-11-01,0.0016909238601998666
2017-11-02,0.0038898315871678246
2017-11-03,0.0014044679386353565
2017-11-06,0.00600431791037237
2017-11-07,-0.00040861387121238213
2017-11-08,0.001384491829472978
2017-11-09,-0.0013724422590685181
2017-11-10,-0.0017764740995207529
2017-11-13,-0.00033511448561784896
2017-11-14,-0.0034441818859940465
2017-11-15,-0.0035126685161946947
2017-11-16,0.003840724526782191
2017-11-17,0.0012981220930903259
2017-11-20,-0.0017457251114650907
2017-11-21,0.005701666147880369
2017-11-22,0.0016646985801880287
2017-11-24,0.002790398260383631
2017-11-27,-0.002470051234239601
2017-11-28,0.0015940286703151063
2017-11-29,-0.00282968559502772
2017-11-30,0.0007680783290304749
2017-12-01,0.0010969081280740257
2017-12-04,-0.004397206988042487
2017-12-05,-0.0028043757938869453
2017-12-06,-0.003907506961504123
2017-12-07,0.0022910196447819687
2017-12-08,0.004201854045616061
2017-12-11,0.0016047954017965834
2017-12-12,-0.00015620925452889761
2017-12-13,0.0002046122815336592
2017-12-14,-0.0013231092757932386
2017-12-15,0.0028715546695626303
2017-12-18,0.00584840240729806
2017-12-19,-0.004240518932214577
2017-12-20,-0.0016342441302051307
2017-12-21,0.0004821972023500295
2017-12-22,0.002716166451825592
2017-12-26,0.0036714585096026976
2017-12-27,0.0016262621814649729
2017-12-28,0.002577172228969384
2017-12-29,7.371782312717463e-05
2018-01-02,0.003131239828072814
2018-01-03,0.0028504889621094468
2018-01-04,-0.0006462470018050853
2018-01-05,0.001828873021880752
2018-01-08,0.0012354373581016623
2018-01-09,-0.0005759106060474735
2018-01-10,-0.0022014823928827205
2018-01-11,0.0020523381528857526
2018-01-12,0.003004240737712555
2018-01-16,-0.0014229168454403282
2018-01-17,0.004577803066946414
2018-01-18,-0.0031465224552749724
2018-01-19,0.002747748201858831
2018-01-22,0.00496559821949055
2018-01-23,0.005262088781034487
2018-01-24,0.0013488067449579704
2018-01-25,-0.0021862974633579287
2018-01-26,0.004900139235989935
2018-01-29,-0.006418786106930754
2018-01-30,-0.006548648269394523
2018-01-31,0.0036591379711486053
2018-02-01,0.0012304999341791415
2018-02-02,-0.011657119900819057
2018-02-05,-0.018651489305896943
2018-02-06,0.006830547930106388
2018-02-07,-0.005481045790889911
2018-02-08,-0.014751077507222694
2018-02-09,0.0008468779227940469
2018-02-12,0.0072488967766533565
2018-02-13,0.00028629546652068243
2018-02-14,0.009362232658031976
2018-02-15,0.004197578442589322
2018-02-16,0.0013435634804574608
2018-02-20,-0.0025064219975405033
2018-02-21,-0.0021683224748783136
2018-02-22,0.0031357489389587925
2018-02-23,0.006097917208266967
2018-02-26,0.005293367784534394
2018-02-27,-0.007455913481897586
2018-02-28,-0.006032755322875246
2018-03-01,-0.005873397791134153
2018-03-02,0.0020258464237043927
2018-03-05,0.004611786731194002
2018-03-06,0.0024394061505517337
2018-03-07,-0.002236284601288311
2018-03-08,0.00022034678489010745
2018-03-09,0.006713911040973158
2018-03-12,-0.0003573558835483019
2018-03-13,-0.003186531474197977
2018-03-14,-0.0005219922270625596
2018-03-15,-0.00042717093647038447
2018-03-16,0.0008268666335707177
2018-03-19,-0.005624829507297013
2018-03-20,0.0016657096872963594
2018-03-21,0.003549609737216595
2018-03-22,-0.010251927575469794
2018-03-23,-0.004671247563894955
2018-03-26,0.009110158610403183
2018-03-27,-0.005658688982472244
2018-03-28,-0.00023872737406646473
2018-03-29,0.006183976702525492
2018-04-02,-0.009766743053790779
2018-04-03,0.004922298705653872
2018-04-04,0.0020746996395331536
2018-04-05,0.003913532456445861
2018-04-06,-0.007189987164586379
2018-04-09,0.00515006250297251
2018-04-10,0.00876327703162113
2018-04-11,-0.0002801099418183445
2018-04-12,0.001625382077146365
2018-04-13,-0.00023848981841461975
2018-04-16,0.0012790115348850527
2018-04-17,0.003185671420494218
2018-04-18,0.00491606094757431
2018-04-19,-0.0026301815319937872
2018-04-20,-0.002759493775297648
2018-04-23,-0.0003709612227801158
2018-04-24,-0.0045066907525876795
2018-04-25,0.0005268297493592805
2018-04-26,0.0040882941803879235
2018-04-27,0.0003035634636348726
2018-04-30,-0.0012364174131685854
2018-05-01,-0.0014675273618754653
2018-05-02,-0.001400303061195887
2018-05-03,0.0014712889562419848
2018-05-04,0.004702355084146454
2018-05-07,0.0006266800699363489
2018-05-08,0.0006227450371100322
2018-05-09,0.004239265123813957
2018-05-10,0.004198038436366677
2018-05-11,-5.5342398110468324e-05
2018-05-14,0.0019411614914676854
2018-05-15,-0.002570304435231071
2018-05-16,0.0022602547444761987
2018-05-17,0.00039068357748659583
2018-05-18,-0.0010881246135438626
2018-05-21,0.004334832893414703
2018-05-22,-0.0005526398883245855
2018-05-23,-0.0005290361511305563
2018-05-24,-0.002308333604349856
2018-05-25,-0.004703676639571167
2018-05-29,-0.008245866191982903
2018-05-30,0.008309426966404094
2018-05-31,-0.0030129688509790997
2018-06-01,0.0034056660386852853
2018-06-04,0.00037207906687942364
2018-06-05,-1.3105602344389716e-06
2018-06-06,0.002852054686911861
2018-06-07,0.0007965082176708159
2018-06-08,0.001235277632099655
2018-06-11,-0.00010986574114667878
2018-06-12,0.0013733113120719931
2018-06-13,-0.0037184319320130834
2018-06-14,0.00016851893060372813
2018-06-15,-0.005219592860021644
2018-06-18,0.001397020923042399
2018-06-19,-0.003012938577270245
2018-06-20,0.0023757807277628605
2018-06-21,-0.00177561083898396
2018-06-22,0.005928944764244129
2018-06-25,-0.005517596349752835
2018-06-26,0.0030855215423914615
2018-06-27,-0.0013547006477970546
2018-06-28,0.0028493122362201174
2018-06-29,0.0030900121523927105
2018-07-02,-0.004836957627243039
2018-07-03,0.0005992843579731095
2018-07-05,0.005185374740992952
2018-07-06,0.0037178268196751303
2018-07-09,0.0012715484833892559
2018-07-10,0.0007068540319362376
2018-07-11,-0.009075948769369468
2018-07-12,0.003490280822380601
2018-07-13,-6.593006963492013e-05
2018-07-16,-0.005465736671717014
2018-07-17,-0.00023139103019231805
2018-07-18,0.001360010350212289
2018-07-19,0.0013795861550700743
2018-07-20,-0.0007161298872158389
2018-07-23,0.000692574696672406
2018-07-24,0.0010817555995948915
2018-07-25,0.006014757919786627
2018-07-26,0.00021968086699039545
2018-07-27,-0.004266593609123496
2018-07-30,0.0002678225246274546
2018-07-31,0.0032040424024482508
2018-08-01,-0.0026945745009613097
2018-08-02,0.00017786846570150297
2018-08-03,0.0038562698364799967
2018-08-06,-1.8416994804499913e-05
2018-08-07,0.0033891011131956072
2018-08-08,-0.0038295258579071523
2018-08-09,-0.0015681141781444708
2018-08-10,-0.006843715226266519
2018-08-13,-0.0029009922278867505
2018-08-14,0.0026004917222889066
2018-08-15,-0.00720084806997911
2018-08-16,0.006216510308802886
2018-08-17,0.004598239169205613
2018-08-20,0.0020289354395871596
2018-08-21,0.0008557787925095049
2018-08-22,0.0023790910503596573
2018-08-23,-0.002534092710446383
2018-08-24,0.00510176952620239
2018-08-27,0.0042370772779908965
2018-08-28,0.0018220747130596523
2018-08-29,0.00442086159137759
2018-08-30,-0.004318797566139966
2018-08-31,-0.0005547310804242658
2018-09-04,-0.006917442892470282
2018-09-05,-0.00019861847657909142
2018-09-06,-0.0007634887194703725
2018-09-07,-0.002974074689557014
2018-09-10,0.002073571588247472
2018-09-11,0.0019007788797687749
2018-09-12,0.0017757897450019695
2018-09-13,-1.9536447138176915e-05
2018-09-14,-0.0028594933873458753
2018-09-17,-0.0005826942274890062
2018-09-18,0.0011621209564805107
2018-09-19,-0.0011757012307440156
2018-09-20,0.0035349043400903107
2018-09-21,0.00029559072922012486
2018-09-24,-0.001508973004654391
2018-09-25,0.00010781471868825762
2018-09-26,-0.003222748691014879
2018-09-27,0.002427461483543542
2018-09-28,0.004869387405117949
2018-10-01,0.002179739688784466
2018-10-02,0.00012893292032454328
2018-10-03,-0.00013847708504612856
2018-10-04,-0.00535287991065976
2018-10-05,-0.0016245941783496602
2018-10-08,0.002376090967317544
2018-10-09,0.0014414272704077074
2018-10-10,-0.013197239850806399
2018-10-11,-0.013072496725576192
2018-10-12,0.0038168058770107743
2018-10-15,0.0007023628644944501
2018-10-16,0.009392962489837757
2018-10-17,-0.0024830181527164363
2018-10-18,-0.005475864741707786
2018-10-19,0.0027891791448451933
2018-10-22,-0.003419637863057832
2018-10-23,-0.004495120624591786
2018-10-24,-0.005537067047769795
2018-10-25,0.006946508059089029
2018-10-26,-0.006778728512654755
2018-10-29,-0.000619452945417385
2018-10-30,0.004693498919890904
2018-10-31,-0.0028491644111812158
2018-11-01,0.002271930030666205
2018-11-02,-0.0015763425014959467
2018-11-05,0.0030376266743586413
2018-11-06,0.0010826761288338007
2018-11-07,0.0024567955462882498
2018-11-08,0.00021970276097281022
2018-11-09,4.808690900300592e-05
2018-11-12,0.0004701093760616973
2018-11-13,-0.0001238337881595899
2018-11-14,-0.0004213705962903991
2018-11-15,-0.0012942402076840374
2018-11-16,0.002229269719018009
2018-11-19,0.0003478616471530791
2018-11-20,-0.0019824077156743516
2018-11-21,0.00024901361183336687
2018-11-23,-0.0003245820018412821
2018-11-26,0.0004512564024566571
2018-11-27,0.000924101674104379
2018-11-28,0.0018630235801998548
2018-11-29,0.00012086052882748346
2018-11-30,0.001967071893231921
2018-12-03,0.0007062840823453091
2018-12-04,-0.008497776346032685
2018-12-06,0.005316048219978434
2018-12-07,-0.00667293025133203
2018-12-10,-0.0007596727315209604
2018-12-11,-0.0002979062534414654
2018-12-12,-0.0025912941160519463
2018-12-13,0.0012372053935536277
2018-12-14,-0.003930654688149865
2018-12-17,-0.01083091671317072
2018-12-18,0.0023052315464853305
2018-12-19,-0.004455812203155661
2018-12-20,-0.006472560922658233
2018-12-21,-0.006663872344382916
2018-12-24,-0.011878793575639587
2018-12-26,0.015808312052707628
2018-12-27,0.001974797425050016
2018-12-28,0.0015407518338549934
2018-12-31,0.0030703807236783353
2019-01-02,-0.005763959029498366
2019-01-03,0.0016639418110564314
2019-01-04,-0.001549714791146439
2019-01-07,-0.0004785054424146721
2019-01-08,-0.0004234687939532681
2019-01-09,0.00019159628043543747
2019-01-10,-2.0343420322916736e-05
2019-01-11,0.0006713674093456514
2019-01-14,-3.896264360423246e-05
2019-01-15,-0.00011564299667685479
2019-01-16,-3.984403547113251e-05
2019-01-17,-0.0002903782190936451
2019-01-18,-0.0005618155941330566
2019-01-22,0.0007704965119949605
2019-01-23,-2.1585299239028106e-05
2019-01-24,0.0007098324588541995
2019-01-25,-0.0003873420889007675
2019-01-28,0.00013295535820153674
2019-01-29,0.0006524253088512014
2019-01-30,0.0005361141730125477
2019-01-31,0.0009939759109864738
2019-02-01,-0.0026765457375856594
2019-02-04,0.001109440535682352
2019-02-05,0.0015510497340859883
2019-02-06,-0.0011042825464278564
2019-02-07,0.0023693863153979064
2019-02-08,0.00031874226112201323
2019-02-11,0.00029759053817489823
2019-02-12,-0.0014650286943745199
2019-02-13,0.0005816622343703709
2019-02-14,0.0016386112840061813
2019-02-15,0.0012120759581123082
2019-02-19,0.00035391676166818736
2019-02-20,-0.0012281104391456228
2019-02-21,-0.0003383548505763263
2019-02-22,0.001832719526954967
2019-02-25,-0.0018189094363304324
2019-02-26,3.216449341568881e-05
2019-02-27,-0.0016471983191260848
2019-02-28,6.419940482015483e-05
2019-03-01,-0.0014526841499510124
2019-03-04,0.0008381814328186663
2019-03-05,0.00042611711248486154
2019-03-06,-0.0015402621443141276
2019-03-07,-0.0013951952405734536
2019-03-08,0.00015100597884854276
2019-03-11,0.005710839861664544
2019-03-12,0.0022625855806277548
2019-03-13,0.0022658947137269136
2019-03-14,-7.407240246952616e-05
2019-03-15,0.001026807865111513
2019-03-18,-0.000507851256497639
2019-03-19,-0.000652334403297591
2019-03-20,0.0014373129933790637
2019-03-21,0.005776222629977442
2019-03-22,-0.0038182439147319528
2019-03-25,0.0006489546483137186
2019-03-26,0.0029555899398237026
2019-03-27,-0.0010015243667082852
2019-03-28,0.0027493284771355785
2019-03-29,0.0007957411800618167
2019-04-01,0.0013301162768585156
2019-04-02,0.0019188077282376232
2019-04-03,0.0010308146167240068
2019-04-04,1.3001587377336473e-05
2019-04-05,0.0029937221205669877
2019-04-08,-0.0011468144965253297
2019-04-09,-0.0029723092527030675
2019-04-10,0.0037695294175176127
2019-04-11,-0.0010500296566001838
2019-04-12,0.002794034760215846
2019-04-15,-0.000778820356469047
2019-04-16,-0.004907783766281772
2019-04-17,-0.0016885651738835388
2019-04-18,0.002292160155767184
2019-04-22,-0.0026214185815047093
2019-04-23,0.005204958559120099
2019-04-24,0.0004183148914214779
2019-04-25,-0.0009193987066139624
2019-04-26,0.0038750457593327487
2019-04-29,-0.0012324730780082676
2019-04-30,0.0025402895955536227
2019-05-01,-0.0025508368645221894
2019-05-02,-0.0010782379730424048
2019-05-03,0.006080098478538396
2019-05-06,-0.003173497227080758
2019-05-07,-0.009799070967067903
2019-05-08,-0.0006036596117791187
2019-05-09,-0.00046032741871450286
2019-05-10,0.00451336361524267
2019-05-13,-0.008936658533136358
2019-05-14,0.0043700643518826375
2019-05-15,0.003908282415686323
2019-05-16,0.003884780401087724
2019-05-17,-0.0028927272301543187
2019-05-20,-0.005341796039032504
2019-05-21,0.004632171685442948
2019-05-22,-0.00020297880201177316
2019-05-23,-0.0025864884429839664
2019-05-24,0.003179562438890305
2019-05-28,-0.00488789366281854
2019-05-29,-0.005325725729541861
2019-05-30,0.0028753927162264254
2019-05-31,-0.002009580705326174
2019-06-03,0.0017330106625374625
2019-06-04,-0.0015732277446928594
2019-06-05,0.004210572491268397
2019-06-06,0.0004054451090359921
2019-06-07,0.0015871196236736079
2019-06-10,-0.0015863675900285197
2019-06-11,0.00059143246327038
2019-06-12,0.0012411092932279831
2019-06-13,0.0013972370922174587
2019-06-14,0.0003083916992930528
2019-06-17,0.002152159047259081
2019-06-18,0.0002522730677324504
2019-06-19,0.001683588564837017
2019-06-20,0.0013922233481449187
2019-06-21,-0.0035959691986322912
2019-06-24,5.472824211958293e-05
2019-06-25,-0.002601574186435622
2019-06-26,-0.0047661913345456944
2019-06-27,0.003198213975923672
2019-06-28,0.0008289122068592993
2019-07-01,-0.0024628841442164403
2019-07-02,0.00530182055221768
2019-07-03,0.0057371181439231115
2019-07-05,-0.003726773232803605
2019-07-08,-0.0017205309286975254
2019-07-09,-4.405912703966151e-05
2019-07-10,0.0029378100607062104
2019-07-11,-0.0031653564117473734
2019-07-12,0.0011044695328191762
2019-07-15,0.0005301468624657442
2019-07-16,-0.002357854492576193
2019-07-17,-0.0013573052603073836
2019-07-18,0.001853586301645519
2019-07-19,-0.00529324249508308
2019-07-22,0.0006234903679166191
2019-07-23,0.004631353191685876
2019-07-24,0.001562143132605217
2019-07-25,-0.0044966439316905605
2019-07-26,0.0026230442453749167
2019-07-29,0.0008036121350411971
2019-07-30,-0.0011002305475963637
2019-07-31,-0.0037700475720122964
2019-08-01,-2.0262705577528485e-05
2019-08-02,-0.0018840563162375213
2019-08-05,-0.013235440789675987
2019-08-06,0.006683255427694283
2019-08-07,0.002874134056478461
2019-08-08,0.009414365451668794
2019-08-09,-0.003291524044384699
2019-08-12,-0.003280970383001782
2019-08-13,0.004597624112196007
2019-08-14,-0.013207382914257354
2019-08-15,0.004484976597502321
2019-08-16,0.006886054692826089
2019-08-19,0.0041561428914719065
2019-08-20,-0.0027199155487677346
2019-08-21,0.0033514933397069627
2019-08-22,4.765681623986962e-05
2019-08-23,-0.00908658351787484
2019-08-26,0.005183003882398461
2019-08-27,-0.0006268717774394014
2019-08-28,0.0021579739649330433
2019-08-29,0.005473153793586746
2019-08-30,0.000931789307549932
2019-09-03,0.0009013099467775801
2019-09-04,0.0070927727890510665
2019-09-05,0.0005797554136606157
2019-09-06,0.001391770448010004
2019-09-09,-0.0014955495844614925
2019-09-10,-0.003212670078572562
2019-09-11,0.002568069517917353
2019-09-12,0.0024932208428117314
2019-09-13,-0.002958153847474971
2019-09-16,0.00020471592883601592
2019-09-17,0.0038820797551425835
2019-09-18,-0.0007115424349179406
2019-09-19,0.00147030522715287
2019-09-20,-0.00023712541838242279
2019-09-23,6.082544557504393e-05
2019-09-24,-0.0017568913881186971
2019-09-25,-0.0003141924278663137
2019-09-26,0.002441212256581118
2019-09-27,-0.0025614437906622666
2019-09-30,0.0021790059824480863
2019-10-01,-0.005649381867066393
2019-10-02,-0.007766549429534344
2019-10-03,0.005959897234363687
2019-10-04,0.005881306256100417
2019-10-07,-0.002198541060399701
2019-10-08,-0.0056039676369859836
2019-10-09,0.0032327497640158623
2019-10-10,0.0018382227866054017
2019-10-11,0.004215195864509145
2019-10-14,-0.00039849639884558425
2019-10-15,0.003607505059821478
2019-10-16,0.0004036049669278913
2019-10-17,0.0023258270287095
2019-10-18,0.0007586737896326429
2019-10-21,0.0032407165849273473
2019-10-22,-0.0012428642109190197
2019-10-23,0.0021912378051213107
2019-10-24,0.00016021230488409696
2019-10-25,-0.0010913551786031854
2019-10-28,7.187051882350865e-05
2019-10-29,0.0012870906012897906
2019-10-30,0.0031496881600310087
2019-10-31,-8.607150559445943e-05
2019-11-01,0.0032147899292801186
2019-11-04,-0.0005706711422727783
2019-11-05,-0.005066413081376723
2019-11-06,0.0009750597485844247
2019-11-07,-0.0022731311028892287
2019-11-08,-0.0003653067941728084
2019-11-11,2.2458810265286684e-05
2019-11-12,-0.000900417515553287
2019-11-13,0.0017460423776853062
2019-11-14,0.0023054071044225385
2019-11-15,0.003647041215737143
2019-11-18,0.0017060776083023565
2019-11-19,0.00041412679624555957
2019-11-20,-0.0013631021661587273
2019-11-21,-0.003890415259710568
2019-11-22,0.0002380823490951687
2019-11-25,0.0038691223618716594
2019-11-26,0.0033760659809043865
2019-11-27,0.001853624692957226
2019-11-29,-0.0032096550211502596
2019-12-02,-0.006460607445691612
2019-12-03,0.0010134359187902486
2019-12-04,0.0031331182896829745
2019-12-05,-0.00036623960444202576
2019-12-06,0.0034497575754413525
2019-12-09,-0.0011178555379608268
2019-12-10,-0.0015176590931082403
2019-12-11,0.00042784792942321723
2019-12-12,-0.0012184448800464578
2019-12-13,0.0027349802439848056
2019-12-16,0.004019338666250736
2019-12-17,-0.0029596560371827818
2019-12-18,0.001655169688722543
2019-12-19,0.0027564392269538193
2019-12-20,0.00213247691998497
2019-12-23,-0.0005431908411634214
2019-12-24,0.0006828298981192958
2019-12-26,0.0031075586400016717
2019-12-27,0.0012311435926967461
2019-12-30,-0.0025103176933818053
2019-12-31,0.002126796408537619
2020-01-02,0.0022592798946636794
2020-01-03,0.0009781418735939074
2020-01-06,0.0019436954639779902
2020-01-07,-0.0037557406079313793
2020-01-08,-0.0011832106828040256
2020-01-09,0.0009885540191827413
2020-01-10,0.0006368842054487178
2020-01-13,0.0030582887540571146
2020-01-14,0.000419611404612219
2020-01-15,0.0017416149633673328
2020-01-16,0.0034200961619874626
2020-01-17,0.0018842946959367612
2020-01-21,-0.0004448599237905082
2020-01-22,-0.003563866089398182
2020-01-23,0.0002479878275964964
2020-01-24,-0.005612637168713963
2020-01-27,-0.010642758337514935
2020-01-28,0.0050421378474270195
2020-01-29,-0.0008512463993970432
2020-01-30,-0.0009245108726513296
2020-01-31,-0.010087906774891797
2020-02-03,0.0005840526576369774
2020-02-04,0.007286774634101132
2020-02-05,0.0034972877903486663
2020-02-06,0.0020457224357492173
2020-02-07,-0.0020401611760549254
2020-02-10,0.0045406400509385705
2020-02-11,0.0027568225751629957
2020-02-12,0.002664972772780881
2020-02-13,-0.0002243821076341248
2020-02-14,0.0025490657402998927
2020-02-18,-0.0016749886794614768
2020-02-19,-0.0010958494713293478
2020-02-20,0.0009562382419042712
2020-02-21,-0.0015941163411152183
2020-02-24,-0.015776924544844757
2020-02-25,-0.014179346430820812
2020-02-26,-0.002772186454004406
2020-02-27,-0.024645682189849222
2020-02-28,-0.0043738792091671305
2020-03-02,0.0013213771307387906
2020-03-03,0.002350770064458937
2020-03-04,-0.00041528177073573954
2020-03-05,0.0017903329789478331
2020-03-06,0.0020572756840766234
2020-03-09,0.0018374721466581734
2020-03-10,-0.0036600950108049922
2020-03-11,-0.0019768522540237338
2020-03-12,0.00010768925815459379
2020-03-13,-0.0012926137530300656
2020-03-16,0.005261116582070638
2020-03-17,-0.005025950064454728
2020-03-18,-0.002764180495055038
2020-03-19,0.0006535601144774088
2020-03-20,0.005070049780663299
2020-03-23,0.0023666211536963106
2020-03-24,-0.0013703849396449377
2020-03-25,0.00011540016232232623
2020-03-26,0.00048261281523218714
2020-03-27,0.0014801791266099724
2020-03-30,0.0004716143294447651
2020-03-31,0.0003646962677776003
2020-04-01,0.0008188796341594469
2020-04-02,3.5704541152930615e-05
2020-04-03,0.00015027287432194214
2020-04-06,-0.0008981448490526427
2020-04-07,-0.0008825255049054473
2020-04-08,-0.00024183576181064425
2020-04-09,0.00043880000516016265
2020-04-13,-0.0004224361912158693
2020-04-14,0.0002711317914179965
2020-04-15,0.0017878781832798272
2020-04-16,0.00021771455761274014
2020-04-17,-0.0005208054253874538
2020-04-20,0.000528643960226789
2020-04-21,0.0005611311698062974
2020-04-22,-0.0006174560206156853
2020-04-23,0.0001345581549549138
2020-04-24,5.3114084240808536e-05
2020-04-27,-0.001062516147259711
2020-04-28,0.00087412959226332
2020-04-29,-9.555716312632699e-05
2020-04-30,-0.0004723851948381046
2020-05-01,0.00027930206197580143
2020-05-04,3.684903959954015e-05
2020-05-05,-0.00014360680093662432
2020-05-06,-0.0007366505538232081
2020-05-07,0.0012238733943731564
2020-05-08,-0.0006551993765366792
2020-05-11,-0.000555938269698013
2020-05-12,0.0006642146557279571
2020-05-13,0.0004151600725784576
2020-05-14,0.0003155651378112868
2020-05-15,-0.00012708339788247025
2020-05-18,-0.0012272782225237868
2020-05-19,0.0005648446521430039
2020-05-20,5.255862523068765e-05
2020-05-21,0.0001354007403020564
2020-05-22,0.00038172140184667536
2020-05-26,-0.0005213313448391446
2020-05-27,0.00016933464361185992
2020-05-28,-0.0001763291682053607
2020-05-29,0.000645693963034348
2020-06-01,0.000995367202497355
2020-06-02,0.0013293285021708158
2020-06-03,0.001474624550302568
2020-06-04,-0.0013201639349788095
2020-06-05,0.004114525230422764
2020-06-08,0.0026357060638485742
2020-06-09,-0.000780771596550495
2020-06-10,0.00038356947282727093
2020-06-11,-0.010923546708967426
2020-06-12,0.0018625084841290618
2020-06-15,0.0018480971958028467
2020-06-16,0.0036091937589223457
2020-06-17,-0.0005143942258238677
2020-06-18,0.0005361223709137231
2020-06-19,-0.0010282831195376283
2020-06-22,0.001112108214225367
2020-06-23,0.0008759399965900872
2020-06-24,-0.004737252423270285
2020-06-25,0.0021892317738627723
2020-06-26,-0.00422911065491518
2020-06-29,0.0031139920411771055
2020-06-30,0.0022055703922410144
2020-07-01,0.0010968977505942726
2020-07-02,0.001368147783724383
2020-07-06,0.0027737342263213153
2020-07-07,-0.0014252180079907882
2020-07-08,0.0012151476848957156
2020-07-09,-0.0004918185877797271
2020-07-10,0.0016521392910560844
2020-07-13,-0.001480736977075425
2020-07-14,0.002604494972394115
2020-07-15,0.0018065449124731248
2020-07-16,-0.0005044961814514951
2020-07-17,0.0005338354657407526
2020-07-20,0.0017520071796946672
2020-07-21,0.0006524710254255023
2020-07-22,0.0012085261721073908
2020-07-23,-0.0021926338044252983
2020-07-24,-0.0013764969184192992
2020-07-27,0.0011484608175893936
2020-07-28,-0.0007967754672960162
2020-07-29,0.0027170862795371973
2020-07-30,-0.0004388366066920658
2020-07-31,0.001633762879583962
2020-08-03,0.0029128253342170164
2020-08-04,0.0025655891425065717
2020-08-05,0.0012492039203355833
2020-08-06,0.0017913873380304359
2020-08-07,-0.001093054142399442
2020-08-10,0.0010455196578038185
2020-08-11,-0.0015728085167760351
2020-08-12,0.006572635719160403
2020-08-13,-0.0016595494758302252
2020-08-14,-0.001118914503967595
2020-08-17,0.0024767934176954877
2020-08-18,0.0006584657616915704
2020-08-19,-0.001980336857876063
2020-08-20,0.0005765635494853884
2020-08-21,-0.00016207971645985174
2020-08-24,0.004401143496631236
2020-08-25,0.00035081504289498204
2020-08-26,0.00308433658543379
2020-08-27,-0.0023075459227765317
2020-08-28,0.0030271125815997326
2020-08-31,-0.0020392727431420166
2020-09-01,0.0021092940926302223
2020-09-02,0.003174211919427629
2020-09-03,-0.012954114890702549
2020-09-04,-0.004308052227957737
2020-09-08,-0.012343954404913624
2020-09-09,0.009429187804329166
2020-09-10,-0.007547081964155265
2020-09-11,0.0037827815437042394
2020-09-14,0.0036759628258441262
2020-09-15,0.0032905451038885763
2020-09-16,0.0027819142714023432
2020-09-17,0.000877459398626644
2020-09-18,-0.003200472659247378
2020-09-21,-0.011835088182170595
2020-09-22,0.001053761819463161
2020-09-23,-0.008595287399084238
2020-09-24,0.001387214663946323
2020-09-25,0.004076332702829821
2020-09-28,0.008030812840815617
2020-09-29,-0.0034665144526135464
2020-09-30,0.0023186425390834373
2020-10-01,9.560027372017404e-05
2020-10-02,-0.004944936169292104
2020-10-05,0.010481842285421938
2020-10-06,-0.003738992085103299
2020-10-07,0.00534072361261163
2020-10-08,0.005501517214947003
2020-10-09,0.0038510045343410734
2020-10-12,0.002477211382316946
2020-10-13,-0.0026616767058139862
2020-10-14,-0.00016898134356885085
2020-10-15,-0.0021718481075662316
2020-10-16,-0.000662714383976714
2020-10-19,-0.003948952449690867
2020-10-20,0.0036083130471701416
2020-10-21,-0.003243742763456059
2020-10-22,0.0011536945655258742
2020-10-23,0.0007644955629805379
2020-10-26,-0.009650166821720062
2020-10-27,-0.000441810800167131
2020-10-28,-0.01817274586570038
2020-10-29,-0.00035432629057159534
2020-10-30,-0.003778280569193783
2020-11-02,0.004666489561629158
2020-11-03,0.008301683668477743
2020-11-04,0.008344405380632768
2020-11-05,0.00868981071923327
2020-11-06,-0.0002986027572380099
2020-11-09,0.007079854945734666
2020-11-10,0.0009147703362062601
2020-11-11,0.00349112433854628
2020-11-12,-0.003729541474766541
2020-11-13,0.005552706034237606
2020-11-16,0.00443313528431308
2020-11-17,-0.0007609105710138206
2020-11-18,-0.003527194869021891
2020-11-19,0.0024693310604131306
2020-11-20,-0.00042428920635052163
2020-11-23,0.0005410793940216322
2020-11-24,0.005875090531544866
2020-11-25,-0.0004942542301678263
2020-11-27,0.0025324466046333398
2020-11-30,-0.00537924363095173
2020-12-01,0.004793533315247054
2020-12-02,-0.0002652861558692503
2020-12-03,0.002242793545935004
2020-12-04,0.007328331937403496
2020-12-07,-0.00377399394743875
2020-12-08,0.0008682590916221796
2020-12-09,-0.002614440015469102
2020-12-10,0.002325888249890182
2020-12-11,-0.0015938882379255362
2020-12-14,-0.001071968865177532
2020-12-15,0.010358040325250525
2020-12-16,0.0024366080795276564
2020-12-17,0.0068092038596562965
2020-12-18,-0.005170897208227201
2020-12-21,-0.006412264493886945
2020-12-22,-0.0016544615528703691
2020-12-23,0.0035317058035486
2020-12-24,0.003147627920420269
2020-12-28,0.0033010064357187124
2020-12-29,-0.00024388827472497976
2020-12-30,0.0028918839281423998
2020-12-31,0.0022348621032567836
2021-01-04,-0.009294118316195378
2021-01-05,0.009334882467054871
2021-01-06,0.004097163059186324
2021-01-07,0.0037208439072557316
2021-01-08,0.006536359732639072
2021-01-11,-0.00804498918184641
2021-01-12,0.005241988862194334
2021-01-13,0.002180626817568075
2021-01-14,0.00390526921193539
2021-01-15,-0.005152485939958275
2021-01-19,0.0031066718045981586
2021-01-20,0.00807738992838832
2021-01-21,-0.0007557950940721551
2021-01-22,-0.004583532951404936
2021-01-25,0.0041828979968145255
2021-01-26,0.0017876093760928987
2021-01-27,-0.01354682873620098
2021-01-28,0.0031779349642484488
2021-01-29,-0.010240965707336208
2021-02-01,0.014070006063114256
2021-02-02,0.00759714898045338
2021-02-03,0.0015491906759389315
2021-02-04,0.004876852473765329
2021-02-05,0.0037505805811807323
2021-02-08,0.007070016012683372
2021-02-09,0.0023973522660806035
2021-02-10,-6.47090722505852e-05
2021-02-11,0.0017251675022991796
2021-02-12,0.0046162355975182074
2021-02-16,0.002426012079398503
2021-02-17,-0.0007710822398161633
2021-02-18,-0.0034068378945002332
2021-02-19,0.0012554754666694687
2021-02-22,0.004076573302823308
2021-02-23,0.0026296877756489634
2021-02-24,0.0074296529153587
2021-02-25,-0.013682279838964768
2021-02-26,-0.011007234915579884
2021-03-01,0.0077718527904753806
2021-03-02,-0.002874294404465756
2021-03-03,-0.0038225195889728895
2021-03-04,-0.003553645203581275
2021-03-05,0.011267199027855317
2021-03-08,-0.0027386572153433267
2021-03-09,0.006854179676759003
2021-03-10,0.0053764756257906705
2021-03-11,0.008432780955428858
2021-03-12,0.003196125264670484
2021-03-15,0.003627824563595543
2021-03-16,-0.0015342310619444555
2021-03-17,0.002034949837163615
2021-03-18,-0.01630071548105042
2021-03-19,0.0017754869129591132
2021-03-22,0.0028340080326773186
2021-03-23,-0.010234125629196044
2021-03-24,0.002073730820168309
2021-03-25,6.3356581949383e-05
2021-03-26,0.014855044323217761
2021-03-29,-0.0018112731144573758
2021-03-30,-0.0037694591101764077
2021-03-31,-0.00018101135540780867
2021-04-01,0.011778805951042795
2021-04-05,0.003575865336592835
2021-04-06,-0.0010332159119846396
2021-04-07,0.0013913859368474468
2021-04-08,0.0024171787256532474
2021-04-09,0.0011202333574040124
2021-04-12,0.00025578931889607353
2021-04-13,0.004886041427195523
2021-04-14,0.0029893140907179447
2021-04-15,0.008566596292246256
2021-04-16,0.002210924786984083
2021-04-19,-0.0007138980228998483
2021-04-20,-0.003760006663902179
2021-04-21,0.004479663051374941
2021-04-22,-0.0019671634867248623
2021-04-23,0.006978100001771584
2021-04-26,0.0025281282365544754
2021-04-27,0.0009731375166770151
2021-04-28,0.00035662090036822186
2021-04-29,0.004407530736592914
2021-04-30,-0.004681185567813416
2021-05-03,0.004474880985580447
2021-05-04,-0.0024189291890081657
2021-05-05,0.0002057285923777096
2021-05-06,0.005337253339016293
2021-05-07,0.008293169506062783
2021-05-10,-0.004489446726567989
2021-05-11,-0.0047774594576104655
2021-05-12,-0.012732839903157054
2021-05-13,0.0008547798286417295
2021-05-14,0.010427616119933225
2021-05-17,0.0017964217526011317
2021-05-18,-0.0022159856575786987
2021-05-19,-0.007007750199511641
2021-05-20,0.004937886307317919
2021-05-21,0.0017790669670478497
2021-05-24,0.008503883494737454
2021-05-25,-0.0011077983523771295
2021-05-26,0.0014871611232957682
2021-05-27,0.0031688008247582797
2021-05-28,0.0013825014202230822
2021-06-01,0.00769251336157655
2021-06-02,0.004373884178255174
2021-06-03,-0.0041419658028248405
2021-06-04,0.005846397884273704
2021-06-07,0.0031400088320349593
2021-06-08,0.0035937237138769416
2021-06-09,-0.0015049609160060341
2021-06-10,0.003641243799603969
2021-06-11,-0.000617746283965367
2021-06-14,0.000425771020723512
2021-06-15,-0.0031011054743428214
2021-06-16,-0.004809742045148187
2021-06-17,-0.0068943967497708996
2021-06-18,-0.008239784486468166
2021-06-21,0.012063013937521355
2021-06-22,0.0003740403514246136
2021-06-23,-0.0006034752859234662
2021-06-24,0.003418044292715033
2021-06-25,0.0016494240451123974
2021-06-28,-0.001562597932676041
2021-06-29,0.000558104164509614
2021-06-30,-0.0005334677609682372
2021-07-01,0.003240394621271408
2021-07-02,0.004675500511038882
2021-07-06,-0.005676996102571047
2021-07-07,5.776453857848063e-05
2021-07-08,-0.0030838385176929764
2021-07-09,0.011147542523830573
2021-07-12,0.0035998551387644347
2021-07-13,-0.002865434417811003
2021-07-14,0.00018811998749382414
2021-07-15,-0.0033141207789268382
2021-07-16,-0.0031696565827418702
2021-07-19,-0.018228412291465705
2021-07-20,0.011972141566606592
2021-07-21,0.008628298964112718
2021-07-22,0.000497503490507539
2021-07-23,0.006157531802257149
2021-07-26,0.00232558291819635
2021-07-27,-0.0017257092787236695
2021-07-28,0.0010164692034174193
2021-07-29,0.005777370534954225
2021-07-30,-0.002863183441343813
2021-08-02,-0.0016421765573736424
2021-08-03,0.0024370628229097857
2021-08-04,-0.005502583000296379
2021-08-05,0.00680921285202607
2021-08-06,-0.0036006586181207556
2021-08-09,-0.004577496202639808
2021-08-10,0.0020373623142422304
2021-08-11,0.005042395063457938
2021-08-12,-8.663776112105559e-05
2021-08-13,0.002667397760562462
2021-08-16,-0.0008713118389839236
2021-08-17,-0.005712846289668727
2021-08-18,-0.00722484387935185
2021-08-19,-0.0030383012030668066
2021-08-20,-0.0015333457433318598
2021-08-23,0.010465060309122087
2021-08-24,0.0035065765431954166
2021-08-25,0.0013694067601839333
2021-08-26,-0.0037290054563574593
2021-08-27,0.008889605179331683
2021-08-30,0.003949988065669929
2021-08-31,-0.0007612111144567058
2021-09-01,0.004264598630062899
2021-09-02,0.005019972686872265
2021-09-03,0.0006210935612420698
2021-09-07,-0.005885692206774706
2021-09-08,0.001200543633051998
2021-09-09,-0.006167354258708513
2021-09-10,-0.0029685040736642243
2021-09-13,0.005218525874083557
2021-09-14,-0.001614720916686796
2021-09-15,0.0058352982551204136
2021-09-16,-0.002513434551144833
2021-09-17,-0.00857117421702569
2021-09-20,-0.009588145746238341
2021-09-21,0.0019756605636873648
2021-09-22,0.007365470984953326
2021-09-23,0.005451623419150842
2021-09-24,-0.0033876422763942093
2021-09-27,-0.0012107156272648245
2021-09-28,-0.012079155361187977
2021-09-29,0.0017849729356873567
2021-09-30,-0.0049658483972645495
2021-10-01,0.00852321965493617
2021-10-04,-0.0014293258543408751
2021-10-05,0.004567345471725086
2021-10-06,-0.0019365649919249786
2021-10-07,0.006356083274831564
2021-10-08,-0.001608413519881108
2021-10-11,-0.0002493010934063125
2021-10-12,0.00222758465650011
2021-10-13,0.005282066270982771
2021-10-14,0.009851579359494938
2021-10-15,0.004717057378109518
2021-10-18,-0.0009299857763470356
2021-10-19,0.0033193777801113263
2021-10-20,0.006857294483836601
2021-10-21,-0.0031931787846056483
2021-10-22,0.0028572876712274218
2021-10-25,0.0023344886210905644
2021-10-26,0.001407485722174446
2021-10-27,-0.007061289946642318
2021-10-28,0.00769800402993573
2021-10-29,-0.004032288753238406
2021-11-01,0.004767164469520918
2021-11-02,0.0018973827947686482
2021-11-03,-0.0016285010443233773
2021-11-04,-0.002282335414673393
2021-11-05,0.004770375082844563
2021-11-08,0.001207223824474941
2021-11-09,0.000838821571533903
2021-11-10,-0.007476239132002177
2021-11-11,0.002516294323262896
2021-11-12,0.002168402740778069
2021-11-15,0.001205148858681565
2021-11-16,-0.001256929525598799
2021-11-17,-0.0018937359849374115
2021-11-18,0.0015710058141696402
2021-11-19,-0.006459704228046476
2021-11-22,-0.0012820167371731474
2021-11-23,0.005292929155466004
2021-11-24,0.0008900606034749911
2021-11-26,-0.027410752308611314
2021-11-29,0.004933255010271005
2021-11-30,-0.014909334753706422
2021-12-01,-0.003825671525955892
2021-12-02,0.010357270531807855
2021-12-03,-0.000983822381653703
2021-12-06,0.008331555394500506
2021-12-07,0.009286821953487873
2021-12-08,0.004001766512115253
2021-12-09,-0.006801015971953677
2021-12-10,0.0049123750151583165
2021-12-13,7.56727373887931e-05
2021-12-14,-0.006048951316033608
2021-12-15,0.006624038605793221
2021-12-16,-5.3567594045339724e-05
2021-12-17,-0.0042961630753358074
2021-12-20,-0.005236820270219104
2021-12-21,0.009221868939768726
2021-12-22,0.006602431382051153
2021-12-23,0.0016891270169094505
2021-12-27,0.00880846945770311
2021-12-28,0.00015515543517510917
2021-12-29,0.0015351326678887999
2021-12-30,2.0026220497964875e-05
2021-12-31,-0.0011357348226646849
2022-01-03,-0.001573729390829004
2022-01-04,0.0031194995781664847
2022-01-05,-0.013027881862546109
2022-01-06,0.00018871981720414155
2022-01-07,-0.0018085351384728998
2022-01-10,-0.004156357584004344
2022-01-11,0.008648065867934873
2022-01-12,0.004340164661430723
2022-01-13,-0.006088907398150489
2022-01-14,-0.0007120195158424325
2022-01-18,-0.008550538639375382
2022-01-19,-0.0033726210968788584
2022-01-20,-0.006056002656122383
2022-01-21,-0.005803631166533929
2022-01-24,-0.0013269769537801457
2022-01-25,-0.0029421889170744286
2022-01-26,-0.005351018274802333
2022-01-27,-0.0033938707275917857
2022-01-28,0.012745064553292718
2022-01-31,0.009669355421763948
2022-02-01,0.0023608074753782996
2022-02-02,0.005293446092264718
2022-02-03,-0.006398458017459329
2022-02-04,0.0005613759942931386
2022-02-07,-0.00048299194131665304
2022-02-08,-0.0010402006156776313
2022-02-09,0.009467376181772326
2022-02-10,-0.009397207527993091
2022-02-11,-0.002783177066207508
2022-02-14,-0.0014392773556951718
2022-02-15,0.001687843070135274
2022-02-16,0.0014294816205856875
2022-02-17,-0.004767165262774819
2022-02-18,-0.0017221797464161224
2022-02-22,2.9968315237310805e-05
2022-02-23,-0.004942630727348896
2022-02-24,0.008126149477478565
2022-02-25,0.006322368329698107
2022-02-28,-0.00013910365597052826
2022-03-01,0.007350821319887272
2022-03-02,0.006536108212935117
2022-03-03,0.0021953280737928593
2022-03-04,0.008388566531817928
2022-03-07,0.0043791524001057635
2022-03-08,0.0034489917313773803
2022-03-09,-0.01613771479181904
2022-03-10,-0.0024035810349538767
2022-03-11,0.0034071610113820205
2022-03-14,-0.0058985875419652915
2022-03-15,-0.00487156039868624
2022-03-16,-0.0016427701175925013
2022-03-17,0.009414113431144015
2022-03-18,0.0009502812037969627
2022-03-21,0.0074586788708912565
2022-03-22,-0.00043854694418357556
2022-03-23,0.00496240728957952
2022-03-24,-0.0019662780629244956
2022-03-25,0.0015083700808773898
2022-03-28,-0.008789721230869152
2022-03-29,0.0009405591436665252
2022-03-30,0.003685079599523368
2022-03-31,-0.003688585011508843
2022-04-01,0.003693181328351591
2022-04-04,0.004564662694570019
2022-04-05,-0.005133110126869206
2022-04-06,-0.0011600477087260102
2022-04-07,-0.00031862933600751366
2022-04-08,0.002300198383075927
2022-04-11,-0.007221647852577762
2022-04-12,0.004918107141747566
2022-04-13,0.008120593244525014
2022-04-14,-0.0018205359527077361
2022-04-18,0.0015914925404683505
2022-04-19,0.002396390012964253
2022-04-20,0.003408188791603803
2022-04-21,-0.004625589398406141
2022-04-22,-0.012826540993001803
2022-04-25,-0.0007066219335928341
2022-04-26,-0.0063538619977848475
2022-04-27,0.0006304954295742043
2022-04-28,0.010382207689688111
2022-04-29,-0.01814329286795249
2022-05-02,0.002622201270418396
2022-05-03,-0.0028049776076362657
2022-05-04,0.0062123184904965024
2022-05-05,-0.0010018286459543917
2022-05-06,0.00023467244549273697
2022-05-09,-0.009101636814401777
2022-05-10,-0.001173643327303895
2022-05-11,0.004891441701154681
2022-05-12,0.0009838642393033723
2022-05-13,0.0027836310669225517
2022-05-16,0.0033113452774608766
2022-05-17,-0.002144710525923147
2022-05-18,-0.004292065920340203
2022-05-19,0.002618874164526685
2022-05-20,0.00032092289470660775
2022-05-23,0.001533450544217686
2022-05-24,-0.00010982978844508904
2022-05-25,0.0014538741348002519
2022-05-26,0.0022210006368893333
2022-05-27,0.0024047666287779624
2022-05-31,-0.0012632455262599218
2022-06-01,0.0009801891447997926
2022-06-02,0.004569595897660011
2022-06-03,0.0019282925114430076
2022-06-06,0.0009085002160299643
2022-06-07,0.0013758353942505644
2022-06-08,0.0018260340626020445
2022-06-09,0.0003699699592940186
2022-06-10,-0.0019353281005386083
2022-06-13,-0.002196883007127205
2022-06-14,-0.0021479920962304846
2022-06-15,0.0001842885827511788
2022-06-16,0.0009285736763699054
2022-06-17,-0.007137868755491331
2022-06-21,-0.0004560851502061007
2022-06-22,-0.003416682338160434
2022-06-23,-0.004434309245571388
2022-06-24,0.0019206721077273032
2022-06-27,-0.00037927967368714714
2022-06-28,0.0024394438575097957
2022-06-29,-0.0033503698358374693
2022-06-30,-0.006134875215695426
2022-07-01,0.0009987884686214672
2022-07-05,-0.013535513719855737
2022-07-06,-0.002896323701620062
2022-07-07,0.008238918273348045
2022-07-08,0.0035778018453838253
2022-07-11,-0.0003160412288579127
2022-07-12,-0.009077786023330859
2022-07-13,0.0011880105728704737
2022-07-14,-0.001742145564805414
2022-07-15,0.002666830274799858
2022-07-18,0.003861906028606762
2022-07-19,0.0008957618161025415
2022-07-20,-8.620470384173327e-05
2022-07-21,-0.0032754372733025706
2022-07-22,-0.002311664935590201
2022-07-25,0.003667199116103003
2022-07-26,0.0005171010724858067
2022-07-27,0.004603217684851025
2022-07-28,0.0002500201510037299
2022-07-29,0.0010015675270127686
2022-08-01,-0.003928903711744933
2022-08-02,-0.0009365584433460666
2022-08-03,-0.0016389433541190077
2022-08-04,-0.0020573400748753403
2022-08-05,-0.000615458287272616
2022-08-08,0.0024944617225510194
2022-08-09,0.0017731275128199176
2022-08-10,0.002835713551911993
2022-08-11,0.003972033817545437
2022-08-12,-0.000993647526601014
2022-08-15,-0.002295596404763789
2022-08-16,-0.0021553138430372627
2022-08-17,0.0008618320640053799
2022-08-18,0.0031250262797944766
2022-08-19,4.303364789108902e-06
2022-08-22,0.0018688301926212652
2022-08-23,0.0033754883517026725
2022-08-24,0.0021888460347915125
2022-08-25,-0.0027271563186441663
2022-08-26,0.0009163208393247
2022-08-29,0.0030177426607862824
2022-08-30,-0.005527193041398208
2022-08-31,-0.004091484523008046
2022-09-01,-0.00419082996285242
2022-09-02,0.0014409361069914692
2022-09-06,-0.001089396984528127
2022-09-07,-0.004676436134469792
2022-09-08,0.0008984146713980632
2022-09-09,0.005729130769011919
2022-09-12,0.002868343032198858
2022-09-13,-0.0009112619778700089
2022-09-14,0.0009567630138852824
2022-09-15,-0.0057690303580086215
2022-09-16,-0.0006245285727861752
2022-09-19,0.000807639182113666
2022-09-20,-0.00014782456162051074
2022-09-21,-0.0010830795146411355
2022-09-22,0.0006629215582662443
2022-09-23,-0.006619713773370385
2022-09-26,-0.004571992328934718
2022-09-27,0.002198928230908428
2022-09-28,0.005643953824631324
2022-09-29,-0.0011328912105291386
2022-09-30,-0.0023767632681810404
2022-10-03,0.004429146391535026
2022-10-04,0.00013174603174603174
2022-10-05,0.00013214285714285715
2022-10-06,0.00013174603174603174
2022-10-07,0.00013134920634920634
2022-10-10,0.00013134920634920634
2022-10-11,0.00014007936507936508
2022-10-12,0.00014126984126984127
2022-10-13,0.00014444444444444446
2022-10-14,0.00014484126984126984
2022-10-17,0.00015158730158730158
2022-10-18,0.00015436507936507937
2022-10-19,0.00015515873015873016
2022-10-20,0.00015515873015873016
2022-10-21,0.00015476190476190475
2022-10-24,0.00015873015873015873
2022-10-25,0.00015753968253968254
2022-10-26,0.00015634920634920635
2022-10-27,0.00015674603174603175
2022-10-28,0.00015833333333333335
2022-10-31,0.0001611111111111111
2022-11-01,0.0001611111111111111
2022-11-02,0.0001603174603174603
2022-11-03,0.0001611111111111111
2022-11-04,0.0001595238095238095
2022-11-07,0.0001634920634920635
2022-11-08,0.00016269841269841268
2022-11-09,0.00016309523809523812
2022-11-10,0.0001623015873015873
2022-11-11,0.0001623015873015873
2022-11-14,0.00016507936507936506
2022-11-15,0.00016428571428571428
2022-11-16,0.00016428571428571428
2022-11-17,0.00016388888888888887
2022-11-18,0.00016468253968253969
2022-11-21,0.00016785714285714288
2022-11-22,0.00016706349206349207
2022-11-23,0.00016706349206349207
2022-11-25,0.00016746031746031745
2022-11-28,0.0001706349206349206
2022-11-29,0.00016944444444444442
2022-11-30,0.00016944444444444442
2022-12-01,-0.0012743040928799457
2022-12-02,-0.0002480083208747534
2022-12-05,-0.0061532852658876536
2022-12-06,-0.003683029494114032
2022-12-07,-0.0002383944508390524
2022-12-08,0.002686414700390295
2022-12-09,-0.0012769746173543239
2022-12-12,0.0035778022448203226
2022-12-13,0.004604392091683937
2022-12-14,-0.0013587117599324643
2022-12-15,-0.009930322331027712
2022-12-16,-0.004005104241524437
2022-12-19,-0.002082268133191553
2022-12-20,0.0011719500397124598
2022-12-21,0.005158911453961896
2022-12-22,-0.004402393799336866
2022-12-23,0.001957063685017189
2022-12-27,-0.0003836857832772954
2022-12-28,-0.004501196765196443
2022-12-29,0.006813992258217761
2022-12-30,-0.0024862775344209457
2023-01-03,0.002718110923838657
2023-01-04,0.002790995526913391
2023-01-05,-0.0018546614929913915
2023-01-06,0.005241187829770025
2023-01-09,0.0010191352266727934
2023-01-10,0.0007305587861558164
2023-01-11,0.0016603476105930997
2023-01-12,0.0030867901806580817
2023-01-13,0.0012007305645620606
2023-01-17,0.0007724830598099602
2023-01-18,-0.0005385279536583144
2023-01-19,-0.0001623180151374996
2023-01-20,0.0019070156181128122
2023-01-23,0.0009608782290548836
2023-01-24,-0.00011156985381464662
2023-01-25,0.0014675555121299937
2023-01-26,0.00031146418537980353
2023-01-27,-0.0002420745639250928
2023-01-30,-0.001143379266342689
2023-01-31,0.00130231586106233
2023-02-01,0.0073289112632064675
2023-02-02,0.007126662334045181
2023-02-03,-0.00987583262031785
2023-02-06,-0.006404275868650143
2023-02-07,0.0034230602068260015
2023-02-08,-0.00361054395289132
2023-02-09,-0.004407349574481494
2023-02-10,-0.0006331532221275721
2023-02-13,0.006643854618856537
2023-02-14,-0.0021870902766445008
2023-02-15,-5.501885289507819e-06
2023-02-16,-0.006330138838848308
2023-02-17,-0.00017487800906007398
2023-02-21,-0.012381466273057591
2023-02-22,-0.0028051961416950297
2023-02-23,0.004401665567849736
2023-02-24,-0.010151339855773107
2023-02-27,0.0040066364413425095
2023-02-28,-0.0021308261439786443
2023-03-01,-0.0022802817016942616
2023-03-02,0.00208596025698305
2023-03-03,0.0062378111512945205
2023-03-06,-0.0002571786046451016
2023-03-07,-0.00629107325428416
2023-03-08,0.0015253701972171004
2023-03-09,-0.005026107788694642
2023-03-10,-0.004905437067609463
2023-03-13,-0.0015007312457372924
2023-03-14,0.006094568933373087
2023-03-15,-0.007318783430766404
2023-03-16,0.0067445219069419545
2023-03-17,-0.00465807731705668
2023-03-20,0.005146071409263364
2023-03-21,0.0057617914094453835
2023-03-22,-0.003994150366947098
2023-03-23,0.0006697027380613136
2023-03-24,0.0008264563451178947
2023-03-27,0.002383501636510597
2023-03-28,-0.0002528285728719252
2023-03-29,0.005425237970358073
2023-03-30,0.003620251592906446
2023-03-31,0.003937407721856832
2023-04-03,0.0034008037773097756
2023-04-04,0.0002889317141946072
2023-04-05,-0.0009927744465803173
2023-04-06,0.001866322333552324
2023-04-10,-0.00182776959066865
2023-04-11,0.0007179435296447147
2023-04-12,0.001125689875579944
2023-04-13,0.0046236058786546805
2023-04-14,-0.0022141223594583075
2023-04-17,-0.0008329034814143913
2023-04-18,0.001632348400026382
2023-04-19,-0.0010039710834829328
2023-04-20,0.0001422647287380557
2023-04-21,0.000759194633641687
2023-04-24,0.001774490357756262
2023-04-25,-0.003932772945196634
2023-04-26,-0.001693043242346026
2023-04-27,0.005229028062026171
2023-04-28,0.0031918571875678156
2023-05-01,-0.0027800268716567053
2023-05-02,-0.001594453450525895
2023-05-03,0.000532527425865223
2023-05-04,-0.001788409384957857
2023-05-05,0.005613011371021303
2023-05-08,-0.001030699513859935
2023-05-09,-0.0018446003297920507
2023-05-10,0.002099996982194758
2023-05-11,-6.6627517347451565e-06
2023-05-12,-0.0017353581796275602
2023-05-15,0.0018555597850240654
2023-05-16,-0.003806510036369722
2023-05-17,0.0027835658367753916
2023-05-18,0.0004678404689643613
2023-05-19,0.00021136465682254722
2023-05-22,-0.0001510630476232829
2023-05-23,-0.004778914083257463
2023-05-24,-0.004796007699410975
2023-05-25,0.0002753881300915812
2023-05-26,0.004999303301909598
2023-05-30,-0.0002973888085404286
2023-05-31,-0.0023338183067396767
2023-06-01,0.005505344366561323
2023-06-02,0.003983899230550785
2023-06-05,-0.00151289795672971
2023-06-06,0.0022983982768280007
2023-06-07,-0.003833131416034218
2023-06-08,0.004744889542003542
2023-06-09,-0.0006169355389436844
2023-06-12,0.0030905769279602727
2023-06-13,0.0018680708840434171
2023-06-14,0.0013309617572278881
2023-06-15,0.0062343831405679605
2023-06-16,-0.0018769295980896744
2023-06-20,-0.002996777582360891
2023-06-21,-0.00045420870324476385
2023-06-22,-0.0015729223636078548
2023-06-23,-0.0037149195551394853
2023-06-26,1.0432573958459127e-05
2023-06-27,0.003315222837754491
2023-06-28,0.001119770170692552
2023-06-29,-0.0014684224335165268
2023-06-30,0.0053340040364242254
2023-07-03,0.0012589650345689821
2023-07-05,-0.003007615300130195
2023-07-06,-0.008160026555667263
2023-07-07,0.00032927540947329665
2023-07-10,0.003006482879302557
2023-07-11,0.006388186887709317
2023-07-12,0.008516136204284245
2023-07-13,0.007787617478681489
2023-07-14,-0.002598473799649221
2023-07-17,-0.0004773037212192076
2023-07-18,0.0019590027095723376
2023-07-19,0.003301886471059806
2023-07-20,-0.0045495461695059525
2023-07-21,0.0015454140834435482
2023-07-24,0.0016173188185103127
2023-07-25,-0.0010013781388666188
2023-07-26,0.002207405775563295
2023-07-27,-0.008236243030011173
2023-07-28,0.0038961763167827037
2023-07-31,0.002016717507592322
2023-08-01,-0.0044747156593232295
2023-08-02,-0.010632093021889838
2023-08-03,-0.00137591757002387
2023-08-04,-0.0016015286774997784
2023-08-07,0.006057394338747011
2023-08-08,-0.003554165606783112
2023-08-09,2.289578018595751e-05
2023-08-10,-0.0008568457007988395
2023-08-11,-0.0014349485039344778
2023-08-14,-0.00203746953018076
2023-08-15,-0.009405030063619549
2023-08-16,-0.006360932716888381
2023-08-17,-0.004011207828934673
2023-08-18,0.0021966048732154544
2023-08-21,-0.0002513846618582461
2023-08-22,-0.00021181673131008945
2023-08-23,0.008000070716468032
2023-08-24,-0.006054009379538506
2023-08-25,0.004925566104474802
2023-08-28,0.0049612889551081596
2023-08-29,0.008575201129683265
2023-08-30,0.0017230565278578145
2023-08-31,-0.0016901152190896265
2023-09-01,0.0037655376671321883
2023-09-05,-0.0015483883847893212
2023-09-06,-0.001204523539547964
2023-09-07,-0.0015745728570403042
2023-09-08,0.0005004745974219291
2023-09-11,0.0046698075889580765
2023-09-12,-0.0011191777994681276
2023-09-13,0.0003262421426266202
2023-09-14,0.0060904500296094614
2023-09-15,-0.003243750900281171
2023-09-18,-0.0005739422301320077
2023-09-19,-6.686618897622492e-06
2023-09-20,-0.003868863049543876
2023-09-21,-0.0071769371777989435
2023-09-22,-3.8202748419145286e-05
2023-09-25,-0.0009035372450057728
2023-09-26,-0.0056960526649500074
2023-09-27,0.0009005726514841167
2023-09-28,0.002639430649807541
2023-09-29,-0.003095303018122884
2023-10-02,-0.0029693062989705294
2023-10-03,-0.003446170441144934
2023-10-04,-0.004051675744824703
2023-10-05,-0.0010958369465106329
2023-10-06,0.0032821759928088933
2023-10-09,0.005554295556329363
2023-10-10,0.0006744822406473431
2023-10-11,-0.0002048673762452787
2023-10-12,-0.0011730112220007625
2023-10-13,0.004379382979704073
2023-10-16,0.0015672552920847663
2023-10-17,0.0006854303272245579
2023-10-18,-0.0007800164850696697
2023-10-19,0.0004530748512032339
2023-10-20,-0.003842225053534554
2023-10-23,-0.0014888343236881235
2023-10-24,-0.000532916654999616
2023-10-25,-0.0013033125464476075
2023-10-26,-0.003963168883535814
2023-10-27,0.00188712807265429
2023-10-30,-0.0007241789230726765
2023-10-31,0.0006482705333567711
2023-11-01,0.0007770384812674442
2023-11-02,0.0022844918039371586
2023-11-03,-0.0008900580892097396
2023-11-06,0.0009817525984700559
2023-11-07,-0.0041190897544341265
2023-11-08,-0.002061222431552525
2023-11-09,-0.00033446191023335883
2023-11-10,0.0011676875267646607
2023-11-13,0.0030812478959606126
2023-11-14,-0.0001575798150355019
2023-11-15,-0.0011455137670460798
2023-11-16,-0.004653189667134776
2023-11-17,0.003029669443054957
2023-11-20,0.0026779171612680668
2023-11-21,0.0013207157956222075
2023-11-22,-0.0015239831809119762
2023-11-24,-0.0011658876383290684
2023-11-27,-0.001165540099535658
2023-11-28,0.0025894888041530888
2023-11-29,0.0015750624206825232
2023-11-30,-0.0031937904116346822
2023-12-01,0.007283504407298982
2023-12-04,-0.0024664316522522156
2023-12-05,-0.0038237646954249424
2023-12-06,-0.005620761009103188
2023-12-07,0.0034481453417942545
2023-12-08,0.0020429297222501566
2023-12-11,0.0011671590218624017
2023-12-12,-0.0018756315155664394
2023-12-13,0.015668722162827314
2023-12-14,0.011291419412613926
2023-12-15,-0.004712286081639113
2023-12-18,0.0026400751799850186
2023-12-19,0.0059934082806474415
2023-12-20,-0.009490873277383757
2023-12-21,0.007299424396922262
2023-12-22,0.0010536346974032531
2023-12-26,0.0052583835759307295
2023-12-27,0.0015525283144481685
2023-12-28,-0.0006955711509561379
2023-12-29,-0.0037928977191045163
2024-01-02,-0.0009025121936496281
2024-01-03,-0.007413541850932034
2024-01-04,-0.0017262969889966415
2024-01-05,-0.0007870884585095181
2024-01-08,0.008560284725697536
2024-01-09,-0.0034954287945393645
2024-01-10,0.002378725250526306
2024-01-11,-0.0008633518407164951
2024-01-12,0.002746246020926259
2024-01-16,-0.007146636588759979
2024-01-17,-0.0072735208308186885
2024-01-18,0.002066477617815911
2024-01-19,0.005398395381740297
2024-01-22,0.0028924291118233485
2024-01-23,-0.001809886647752201
2024-01-24,-0.0016422919628945928
2024-01-25,0.005090020358570946
2024-01-26,-0.00025117810646516607
2024-01-29,0.00531665831198085
2024-01-30,-0.001985321503563375
2024-01-31,-0.0044823830836370855
2024-02-01,0.009498058375917263
2024-02-02,-0.004560241856746514
2024-02-05,-0.007905811016121155
2024-02-06,0.0056148311807640156
2024-02-07,0.0009577526974613584
2024-02-08,0.000761703367667468
2024-02-09,0.0018355068003217214
2024-02-12,0.0005362504972146323
2024-02-13,-0.012107538121055634
2024-02-14,0.006408067888799454
2024-02-15,0.008884224736942961
2024-02-16,-0.0035866800787851725
2024-02-20,-0.0002535513150400313
2024-02-21,0.0008593886520433616
2024-02-22,0.0068217714151609975
2024-02-23,0.0012652211911973466
2024-02-26,-0.003470448715942459
2024-02-27,0.0007442645519341641
2024-02-28,0.0013696490761873994
2024-02-29,0.0033904667133345993
2024-03-01,0.007157602797482024
2024-03-04,0.0007369965570285055
2024-03-05,-0.00353569878848746
2024-03-06,0.004896830258270127
2024-03-07,0.004679160423013621
2024-03-08,0.0006261571357068876
2024-03-11,-0.0024724432704879193
2024-03-12,0.0025291630226051457
2024-03-13,-0.0017021821142627024
2024-03-14,-0.006300476107760462
2024-03-15,-0.0020255221092500505
2024-03-18,0.0010363165331918657
2024-03-19,0.0020155738157418925
2024-03-20,0.0058093708968103095
2024-03-21,0.0020709633426127575
2024-03-22,-0.0023077336002368574
2024-03-25,-0.0026999282907278353
2024-03-26,-0.0006115619698000105
2024-03-27,0.008820940423734314
2024-03-28,0.0007838791632084476
2024-04-01,-0.006380112825630557
2024-04-02,-0.003798870352974215
2024-04-03,0.004188597727479593
2024-04-04,-0.004215160751932068
2024-04-05,0.0034375862916671274
2024-04-08,0.0027081879023738153
2024-04-09,0.0025681959321541825
2024-04-10,-0.01467737303855654
2024-04-11,0.0020912705094680017
2024-04-12,-0.007298162547761833
2024-04-15,-0.007483288054005888
2024-04-16,-0.006290051412120579
2024-04-17,-0.004380240163582405
2024-04-18,-0.001726062897637326
2024-04-19,0.0005017959273303507
2024-04-22,0.005963348455259032
2024-04-23,0.007502202430489602
2024-04-24,-0.0009690229436112308
2024-04-25,-0.0024803012625651544
2024-04-26,0.0043147377717889235
2024-04-29,0.00415975818124692
2024-04-30,-0.01255620996921103
2024-05-01,-0.004008578088488368
2024-05-02,0.0053424944304526585
2024-05-03,0.004819695240565146
2024-05-06,0.005761035155596238
2024-05-07,0.0006605845761406084
2024-05-08,-0.0011500709925458172
2024-05-09,0.0035428384917429814
2024-05-10,0.00037565125912070196
2024-05-13,0.0013978121950805147
2024-05-14,0.0016312738102057427
2024-05-15,0.005365878203502326
2024-05-16,-0.0008950023251509307
2024-05-17,0.003099891924285845
2024-05-20,0.0022305738565876567
2024-05-21,-0.0005846029458215127
2024-05-22,-0.0052452884378498725
2024-05-23,-0.003398535974882544
2024-05-24,0.0044002783137718215
2024-05-28,0.0037150899099263612
2024-05-29,-0.006566376111957706
2024-05-30,-0.0021933284216757998
2024-05-31,0.002879652162807287
2024-06-03,-0.003002259856381695
2024-06-04,0.0006193900281605824
2024-06-05,0.004962056419715921
2024-06-06,0.0036091244654068433
2024-06-07,-0.009267624447964695
2024-06-10,0.0035994732937905116
2024-06-11,-0.0017269707074424323
2024-06-12,0.007599070104926664
2024-06-13,-0.00016295857436210426
2024-06-14,-0.0024311972670952864
2024-06-17,0.0013549144666933355
2024-06-18,0.004600442053915854
2024-06-20,-0.0010587449820048667
2024-06-21,-0.002753734201606184
2024-06-24,0.004295805494427762
2024-06-25,-0.002930978511631488
2024-06-26,-0.0027114443353246642
2024-06-27,0.00389423869330785
2024-06-28,-0.0008802498389979263
2024-07-01,-3.834053175533203e-05
2024-07-02,0.0037910188041385684
2024-07-03,0.0054196419187346745
2024-07-05,0.004911909155831395
2024-07-08,-0.002755308876577489
2024-07-09,-0.0022984176408278323
2024-07-10,0.006468516081896913
2024-07-11,0.0065108282421935115
2024-07-12,0.004565199295983868
2024-07-15,-0.001964605611761816
2024-07-16,0.004981810490767957
2024-07-17,-0.0023346629225178273
2024-07-18,-0.007321714820479164
2024-07-19,-0.006257804830762215
2024-07-22,0.006593037549930125
2024-07-23,-0.003305619478276123
2024-07-24,-0.010555374836688003
2024-07-25,-0.0020697368519965176
2024-07-26,0.007149671731054408
2024-07-29,-0.0003059947587401579
2024-07-30,0.0007988481216358867
2024-07-31,0.011433285876306432
2024-08-01,-0.005645462633680896
2024-08-02,-0.003817013362126437
2024-08-05,-0.015490989544011603
2024-08-06,0.0043817079568058345
2024-08-07,-0.002365062832074362
2024-08-08,0.009315993439602564
2024-08-09,0.00343805164867763
2024-08-12,-0.0009494705942421335
2024-08-13,0.00939228410226279
2024-08-14,0.002201036632932448
2024-08-15,0.004481219243225552
2024-08-16,0.001870798545293093
2024-08-19,0.006322520354590806
2024-08-20,-0.0003412654797081816
2024-08-21,0.004049098088727578
2024-08-22,-0.0030316410367328527
2024-08-23,0.011129511884709066
2024-08-26,-0.001656957304396258
2024-08-27,0.0014589597613984687
2024-08-28,-0.0027064565222890734
2024-08-29,-0.00015598626227437883
2024-08-30,0.003487372724515201
2024-09-03,-0.006051453392778164
2024-09-04,0.0005013139132068426
2024-09-05,-0.0005732454684111383
2024-09-06,-0.00700424847612315
2024-09-09,0.006767917372394238
2024-09-10,0.003659793600384504
2024-09-11,0.0027414555683673565
2024-09-12,0.003878755017403663
2024-09-13,0.004017648244531456
2024-09-16,0.0031452912972569427
2024-09-17,-0.0027580260559945044
2024-09-18,-0.0023084427927612156
2024-09-19,0.0072655470549811835
2024-09-20,-0.003139815664503212
2024-09-23,0.0031473635859445236
2024-09-24,0.002302185886378907
2024-09-25,-0.003634637531042203
2024-09-26,0.0032471417532366287
2024-09-27,-0.00042336376847869936
2024-09-30,0.0011728135942955231
2024-10-01,-0.003810542230056466
2024-10-02,-0.0015573365481563847
2024-10-03,-0.005037252621120214
2024-10-04,0.0001297435699676941
2024-10-07,-0.005382211360993054
2024-10-08,0.0021726059325582413
2024-10-09,0.0009337280538886005
2024-10-10,-0.002363456918305178
2024-10-11,0.004577496922383123
2024-10-14,0.0031023755111403927
2024-10-15,-0.0014210001721860776
2024-10-16,0.003925236323439555
2024-10-17,-0.0025389435452166475
2024-10-18,0.0038692477985445227
2024-10-21,-0.008133048042771148
2024-10-22,-0.0010994201960137194
2024-10-23,-0.0028109799005748013
2024-10-24,0.002470200468967101
2024-10-25,-0.00302150350216926
2024-10-28,0.002406776222529007
2024-10-29,-0.0017147556981428767
2024-10-30,-0.0012776522343186168
2024-10-31,-0.00862441264949209
2024-11-01,-0.002116127454522617
2024-11-04,0.0030052168066044896
2024-11-05,0.007201840729885206
2024-11-06,-0.004172452110438034
2024-11-07,0.00861238695938253
2024-11-08,0.0015275469649124577
2024-11-11,-0.0012817676219038672
2024-11-12,-0.008332821498161906
2024-11-13,-7.740051384206025e-05
2024-11-14,-0.0026582476234888815
2024-11-15,-0.003059325954732691
2024-11-18,0.003842753045013097
2024-11-19,0.001914980664166725
2024-11-20,-0.000993348095035857
2024-11-21,0.002529425418977755
2024-11-22,0.0030677816986356805
2024-11-25,0.006688595320718709
2024-11-26,0.0002939947671718707
2024-11-27,0.0025989981789185353
2024-11-29,0.0038931717586883647
2024-12-02,-0.0024252683072083932
2024-12-03,-0.0014224844960989665
2024-12-04,0.0015330029679491545
2024-12-05,-0.0007603655401758964
2024-12-06,0.0007883085684465471
2024-12-09,-0.0010925304160602492
2024-12-10,-0.0038144559736154227
2024-12-11,0.0005507327749006509
2024-12-12,-0.002045068320427243
2024-12-13,-0.0014828955930583283
2024-12-16,0.0002790068096264655
2024-12-17,-0.0017199986812118004
2024-12-18,-0.015704804941889066
2024-12-19,-0.004027667041465475
2024-12-20,0.006593207676147497
2024-12-23,0.0011528019455595276
2024-12-24,0.003726249207515122
2024-12-26,0.0007652900470304917
2024-12-27,-0.004577550107795742
2024-12-30,-0.0020321773523288207
2024-12-31,0.0007126988912329684
2025-01-02,-0.0019345620643978648
2025-01-03,0.005213115588273543
2025-01-06,-0.0013220400501223497
2025-01-07,-0.0040587581065897075
2025-01-08,0.0009149405162095757
2025-01-10,-0.007865953247643236
2025-01-13,0.0028821562590390353
2025-01-14,0.0022089791096649276
2025-01-15,0.004968073502773199
2025-01-16,0.0038437494862920947
2025-01-17,0.00196618387310955
2025-01-21,0.005666032972267794
2025-01-22,-0.0022753731830118134
2025-01-23,0.0026555494713141176
2025-01-24,0.0002034096098814362
2025-01-27,-3.596239780844232e-05
2025-01-28,-0.0006111006890089255
2025-01-29,-0.0034439225603816073
2025-01-30,0.003691239476186211
2025-01-31,-0.0013984873789870567
2025-02-03,-0.00043837453751622267
2025-02-04,0.004416947438941882
2025-02-05,0.0043122182750558406
2025-02-06,0.0022733385973729373
2025-02-07,-0.004252915395830628
2025-02-10,0.005544453256736266
2025-02-11,0.0035384964594654855
2025-02-12,-0.003923126437584949
2025-02-13,0.0075554364056655225
2025-02-14,-0.000500751144714989
2025-02-18,0.005891573482807462
2025-02-19,0.00018877526082710673
2025-02-20,0.00134366576945985
2025-02-21,-0.009383673538502252
2025-02-24,-0.000920533255488762
2025-02-25,0.0010837714977951856
2025-02-26,-0.0021307922318443105
2025-02-27,-0.004345416273270449
2025-02-28,0.003722545114386081
2025-03-03,-0.00040652610181513005
2025-03-04,-0.004689549674566473
2025-03-05,0.007518850518467124
2025-03-06,-0.01190247105087705
2025-03-07,0.005908866433232074
2025-03-10,-0.01191494500015422
2025-03-11,-0.004306485809765559
2025-03-12,0.00128735094380783
2025-03-13,-0.00786255127046398
2025-03-14,0.012152816074331163
2025-03-17,0.008740197491098778
2025-03-18,-0.003458869330381642
2025-03-19,0.004880543929062009
2025-03-20,-0.0017185228675019593
2025-03-21,-0.0047227704010315286
2025-03-24,0.0061918587282907556
2025-03-25,-6.60960011023004e-05
2025-03-26,-0.004949701655667216
2025-03-27,-0.00023113913398886687
2025-03-28,-0.005115113197017074
2025-03-31,0.0048525854220258235
2025-04-01,0.0005962331147222407
2025-04-02,0.0016031975542211679
2025-04-03,-0.010181288360163403
2025-04-04,-0.019904786619673896
2025-04-07,-0.01013957805409229
2025-04-08,-0.005809724166020031
2025-04-09,0.022063914201710916
2025-04-10,-0.007844443405825473
2025-04-11,0.006840607597392392
2025-04-14,0.003927317539567644
2025-04-15,0.0019908128607465277
2025-04-16,0.0026455053377626974
2025-04-17,0.003735413452593575
2025-04-21,-0.003778141596051176
2025-04-22,0.005267348118355265
2025-04-23,-0.00040995595677030213
2025-04-24,0.005595624987037416
2025-04-25,0.0019672912377063905
2025-04-28,0.0010669191090280157
2025-04-29,-0.001391215627409507
2025-04-30,-0.0035830785173099826
2025-05-01,-0.0016012141871208807
2025-05-02,0.0025727207939969915
2025-05-05,9.012083435559556e-05
2025-05-06,0.0003529796555492966
2025-05-07,-4.640043878974468e-05
2025-05-08,-0.0021553891228476858
2025-05-09,0.0012255335786229124
2025-05-12,-0.00014863947859905345
2025-05-13,0.00020718439604652897
2025-05-14,-0.0016119142678851775
2025-05-15,0.0035780791691906177
2025-05-16,0.0006275545808646913
2025-05-19,0.0019024670126685105
2025-05-20,0.0007990376067693452
2025-05-21,-0.002461105628847314
2025-05-22,0.0007426071323808062
2025-05-23,0.0009634153550617935
2025-05-27,0.0038573178232140363
2025-05-28,-0.0027623764973356154
2025-05-29,0.0018133903247732057
2025-05-30,0.0009876850231660122
2025-06-02,0.0030066319422183034
2025-06-03,-0.0005099752960785749
2025-06-04,0.0023778216212312535
2025-06-05,-0.0016239606940709847
2025-06-06,0.001229028451413279
2025-06-09,0.0005881021326047578
2025-06-10,0.0018122978658206648
2025-06-11,-6.103064612063982e-06
2025-06-12,0.003272560015830095
2025-06-13,-0.005485707966101086
2025-06-16,0.002145744262876919
2025-06-17,-0.0031291197354435724
2025-06-18,0.0005045852733791905
2025-06-20,-0.0020638411018688036
2025-06-23,0.004265191050506561
2025-06-24,0.005419290361794077
2025-06-25,-0.0008305286255975545
2025-06-26,0.0045777949572742265
2025-06-27,0.0023423953935888327
2025-06-30,0.0019324456124485126
2025-07-01,-0.00011451161761445768
2025-07-02,0.004379170757241244
2025-07-03,0.0008698423205191531
2025-07-07,-0.004437026967166492
2025-07-08,0.0017197398456603498
2025-07-09,0.003412278034722359
2025-07-10,-0.0002706387477126503
2025-07-11,-0.0009197468400904872
2025-07-14,-0.0013540516650959132
2025-07-15,-0.004050924725326912
2025-07-16,0.002340669773452361
2025-07-17,0.00332769441237489
2025-07-18,0.00024793927901255137
2025-07-21,0.0017314151823629577
2025-07-22,0.0013783207679495114
2025-07-23,0.005428896593405794
2025-07-24,-0.0015121091753495428
2025-07-25,-0.0009485849963265979
2025-07-28,-0.0016449130513226527
2025-07-29,0.003005292273546275
2025-07-30,-0.0028016164031932542
2025-07-31,-0.004367453013004355
2025-08-01,-0.004677615097163099
2025-08-04,0.005287033462691459
2025-08-05,-0.0028776890036446906
2025-08-06,0.002280635958722163
2025-08-07,0.0021581341221874354
2025-08-08,0.002350836846459067
2025-08-11,-0.0008690457620541009
2025-08-12,0.0037272947409905137
2025-08-13,0.0023614165934016827
2025-08-14,0.00025126215501351595
2025-08-15,-0.0002923969479619752
2025-08-18,-0.00023135787415087534
2025-08-19,-0.002094865611776258
2025-08-20,0.0027225295096194153
2025-08-21,-0.0014259219304637832
2025-08-22,0.008028343615811166
2025-08-25,-0.0029034088905025637
2025-08-26,-0.00036346483272776264
2025-08-27,0.0005670071653910999
2025-08-28,0.003212000693119057
2025-08-29,-0.002230104367980724
2025-09-02,-0.0025328715210520825
2025-09-03,0.0004146271227476461
2025-09-04,0.0040937772609968
2025-09-05,0.0019189057873263415
2025-09-08,0.0032936673758185986
2025-09-09,-0.0005980802910008354
2025-09-10,0.0020934970126560426
2025-09-11,0.006194364978167943
2025-09-12,-0.0011956883061411405
2025-09-15,0.0041906023234661305
2025-09-16,0.00026804613124919996
2025-09-17,-0.0038065312735195977
2025-09-18,0.0005937324528362264
2025-09-19,-0.002770400368942161
2025-09-22,0.0013029644237674276
2025-09-23,0.0022352425653258123
2025-09-24,-0.0029691359216102997
2025-09-25,-0.0019744976650211132
2025-09-26,0.004638729627617355
2025-09-29,0.0003169900185631125
2025-09-30,0.0015044285339225194
2025-10-01,0.002964674185827354
2025-10-02,-0.0016292174514923596
2025-10-03,0.002646189138624022
2025-10-06,0.000762034856658822
2025-10-07,-0.0019252806336482742
2025-10-08,0.0010454890252078464
2025-10-09,-0.0053037218767153504
2025-10-10,-0.01464887135517945
2025-10-13,0.008543151682795402
2025-10-14,0.0009810260704585794
2025-10-15,0.005251771164394459
2025-10-16,-0.0004571332671849948
2025-10-17,0.002287397526086421
2025-10-20,0.008004429745252173
2025-10-21,-0.0037382395936980117
2025-10-22,0.0027063534698055225
2025-10-23,0.004727527301871204
2025-10-24,0.0028084676294861666
2025-10-27,0.0038681115172995995
2025-10-28,-0.005139317916251773
2025-10-29,-0.0064238409655039685
2025-10-30,-0.0023518338035353192
2025-10-31,0.0022188090082875256
2025-11-03,0.0015582759270396096
2025-11-04,-0.0052160828883329735
2025-11-05,0.0005880297784093269
2025-11-06,-0.0022841730516658387
2025-11-07,0.004571553782994009
2025-11-10,0.007001147220893289
2025-11-11,0.006079540432088804
2025-11-12,-0.0023969009800457464
2025-11-13,-0.009529696556727751
2025-11-14,-3.5654755934033666e-05
2025-11-17,-0.006165136575113639
2025-11-18,-0.0014824446567159866
2025-11-19,-0.003546543804179181
2025-11-20,-0.008047475333277543
2025-11-21,0.007634037688713402
2025-11-24,0.004934250577453225
2025-11-25,0.005558445520051469
2025-11-26,0.006752536629558881
2025-11-28,0.004710152569699089
2025-12-01,-0.004757066518602748
2025-12-02,-0.0003644346270800236
2025-12-03,0.003649379909905992
2025-12-04,0.00010492438499976053
2025-12-05,0.0009502360738895543
2025-12-08,-0.0056685323828460366
2025-12-09,-0.0019324546718159086
2025-12-10,0.006130409067219844
2025-12-11,0.002373761428348331
2025-12-12,-0.0056311137596525285
2025-12-15,0.0007506211758003811
2025-12-16,-0.004404351168845189
2025-12-17,-0.0007434733524147585
2025-12-18,0.0009702757397040962
2025-12-19,0.0033531744142636377
2025-12-22,0.005146202049723936
2025-12-23,0.0041583846936064095
2025-12-24,0.0026986971574900487
2025-12-26,0.001338366584399786
2025-12-29,-0.0024699750326308
2025-12-30,0.0016163715309165383
2025-12-31,-0.007105854150061486
2026-01-02,0.00264138625603616
2026-01-05,0.008417384133878825
2026-01-06,0.00274416867421845
2026-01-07,-0.004793073418254412
2026-01-08,0.003750236370454907
2026-01-09,0.003902783593791037
2026-01-12,0.004069533956244653
2026-01-13,0.0013674889765797893
2026-01-14,0.0022743762843508986
2026-01-15,-0.00017008095411286117
2026-01-16,0.0017129259022545806
2026-01-20,-0.008884633559728239
2026-01-21,0.007989819375169072
2026-01-22,-0.00024030593366031194
2026-01-23,0.0056189110806508236
2026-01-26,0.0029552810479480662
2026-01-27,0.006436541297060394
2026-01-28,-0.0017686414695163855
2026-01-29,0.006929525587751062
2026-01-30,-0.009274654139096561
2026-02-02,-0.007408889166347854
2026-02-03,0.003290016284277719
2026-02-04,0.0028476522833289497
2026-02-05,-0.008025534940783619
2026-02-06,0.013615926884516627
2026-02-09,0.00653588795917992
2026-02-10,0.00259262959707951
2026-02-11,0.0015178704143830046
2026-02-12,-0.008300754414865441
2026-02-13,0.004637497975606086
2026-02-17,-0.00026120058917356026
2026-02-18,0.003678892041955484
2026-02-19,0.0004974499961984957
2026-02-20,0.005981563095416531
2026-02-23,-0.0009129711779435334
2026-02-24,0.0020367086736370332
2026-02-25,0.0031250761579426634
2026-02-26,0.0007071121653516865
2026-02-27,0.002611392236921972
2026-03-02,0.0011730461325063501
2026-03-03,-0.008356643480324277
2026-03-04,0.00558152779167731
2026-03-05,-0.005259008870867943
2026-03-06,0.0007977803440684106
2026-03-09,0.001985527324592562
2026-03-10,0.002455635265877776
2026-03-11,0.00016623262942183636
2026-03-12,-0.0029823202184299236
2026-03-13,-0.004415269815861933
2026-03-16,0.005486979964529182
2026-03-17,0.005470013753681835
2026-03-18,-0.006565206969806225
2026-03-19,-0.004575868119436666
2026-03-20,-0.016269646511959834
2026-03-23,0.0006131788298588958
2026-03-24,-0.0003643295956764492
2026-03-25,0.004505946434296693
2026-03-26,-0.007675180049407815
2026-03-27,-0.002238358947232677
2026-03-30,0.00317739140218376
2026-03-31,0.013621526595261058
2026-04-01,0.0018123601383670898
2026-04-02,0.0038885940447473213
2026-04-06,0.001549735576500021
2026-04-07,-0.00045442809210841074
2026-04-08,0.0031048141144638755
2026-04-09,0.0006288247047380085
2026-04-10,-0.0012805732818475064
2026-04-13,0.005019593560101593
2026-04-14,0.0014963078010108157
2026-04-15,-0.0006760289440088938
2026-04-16,0.0006425151870996517
2026-04-17,-0.001937078454797033
2026-04-20,0.0017738918794298621
2026-04-21,-0.0014749765445766323
2026-04-22,0.0029773744029856124
2026-04-23,0.0008827327665213896
2026-04-24,0.001287666993726612
2026-04-27,0.00036795818529255104
2026-04-28,0.0007005960911671176
2026-04-29,0.001925012410833306
2026-04-30,0.005313757428683396
2026-05-01,-0.003838534392553994
2026-05-04,-0.0021107325671846366
2026-05-05,0.004321587587876596
2026-05-06,0.005584853140595314
2026-05-07,-0.005986192869725571
2026-05-08,0.005020427863256183
2026-05-11,0.004499277619469888
2026-05-12,0.001924496491123584
2026-05-13,-0.0012277879687042637
2026-05-14,-0.001833848551748396
2026-05-15,-0.010068158440164399
2026-05-18,0.005179040231688914
2026-05-19,-0.0015094741217661634
2026-05-20,0.004617953218856163
2026-05-21,0.0008322593327321215
2026-05-22,-0.0002721603562443331
2026-05-26,0.001968869674996432
2026-05-27,-0.004834868023116945
2026-05-28,0.0022197520450915054
2026-05-29,-0.002435263265507248
2026-06-01,-0.0011154918014183906
2026-06-02,0.0031862912186533905
2026-06-03,-0.002199307719428713
2026-06-04,0.0032308281678995006
2026-06-05,-0.013203689534487409
2026-06-08,0.0005505719185066044
2026-06-09,0.0013506062996282758
2026-06-10,-0.00499809446714713
2026-06-11,0.007262604331770571
2026-06-12,0.0014319099688847132
2026-06-15,0.0011995463396326283
2026-06-16,-0.002512205439425841
2026-06-17,-0.009853594929115512
2026-06-18,0.0026271577645794937
2026-06-22,0.00027138862113479964
2026-06-23,-0.0064250862284355665
2026-06-24,-0.005385884860036932
2026-06-25,0.0060690934740951046
2026-06-26,-0.0022769245687452393
2026-06-29,0.003945808901506908
2026-06-30,-0.00034495623169090815
2026-07-01,-0.0026790796223592193
2026-07-02,0.0057758405442142205
2026-07-06,0.0054919049693726175
2026-07-07,0.0015569821719671674
2026-07-08,-0.0020492939285856955
2026-07-09,0.0018068469222390741
2026-07-10,0.0017233018327762763
2026-07-13,0.003286773563701085
2026-07-14,0.003733142958101372
2026-07-15,0.0038584273701894383
2026-07-16,-0.0004614978482420592
2026-07-17,0.0006710299641224119
2026-07-20,-0.001737714479814225
2026-07-21,0.007622587810775338
2026-07-22,0.0011200304947197705
2026-07-23,-0.0026893153155675576
2026-07-24,0.004115366010494155
2026-07-27,-0.006786898358754004
2026-07-28,-0.0015289883449584574
2026-07-29,0.0010197945148633983
2026-07-30,0.005858739374855353
2026-07-31,1.4909436049075719e-05
2026-08-03,6.463317398986988e-05
2026-08-04,0.0018553555676445333
2026-08-05,0.0010383248767612974
2026-08-06,0.00047584689853634633
2026-08-07,0.004609587868939832
2026-08-10,0.0032752919031423956
2026-08-11,-0.0017046931548494026
2026-08-12,0.004143877316912455
2026-08-13,0.0021698462870809745
2026-08-14,0.0015226753487731794
2026-08-17,0.0007316414118827521
2026-08-18,-0.004752500837010591
2026-08-19,0.0050327219690664855
2026-08-20,2.2865107884546818e-05
2026-08-21,0.0032654790091581867
2026-08-24,-0.001783018631800418
2026-08-25,-0.0008665093082056138
2026-08-26,-0.001745789002990766
2026-08-27,0.0012858410689736526
2026-08-28,-0.0022724575652321565
2026-08-31,0.0005801319254277437
2026-09-01,0.0005863715896177434
2026-09-02,0.000894132158946429
2026-09-03,0.006289494402798146
2026-09-04,-0.002181952775917093
2026-09-08,0.0007895288200054527
2026-09-09,-0.002421542326251096
2026-09-10,7.838048528173785e-05
2026-09-11,0.0023583378807123983
2026-09-14,-0.003477415604129651
2026-09-15,0.0009459082437065183
2026-09-16,-0.005986353977011845
2026-09-17,0.004299692753927021
2026-09-18,-0.004359332420235214
2026-09-21,0.005153174242509635
2026-09-22,-0.0005613217734256547
2026-09-23,-0.004855698296679347
2026-09-24,0.0005177520371206243
2026-09-25,-0.00065685497498885
2026-09-28,-0.004121106696688755
2026-09-29,-0.004431339448060089
2026-09-30,-0.001610764446083327
2026-10-01,0.00019366679289142062
2026-10-02,0.002454576725384259
