series,period,agg,n_rules,years,bh_sharpe,bh_cagr,bh_max_dd,bh_worst_month,sharpe,d_sharpe,cagr,d_cagr,ann_vol,max_dd,d_max_dd,worst_month,pct_invested,switches_per_year,exposure_matched_alpha,timing_contrib_ann_gross,min_d_sharpe,max_d_sharpe,n_rules_d_sharpe_pos
US_EQ_D,P1_1926_1972,median_SMA6-12,4,45.41,0.462825,0.0890379,-0.84074,-0.291104,0.580448,0.117623,0.0858478,-0.00319012,0.124439,-0.49697,0.34377,-0.219914,0.687355,1.5634,0.014658,-0.0100189,0.0586802,0.13969,4
US_EQ_D,P1_1926_1972,median_all5,5,45.41,0.462825,0.0890379,-0.84074,-0.291104,0.583321,0.120496,0.086124,-0.00291388,0.124438,-0.483485,0.357255,-0.219914,0.687314,1.49734,0.0148881,-0.00983618,0.0586802,0.174812,5
US_EQ_D,P2_1973_2006_faber,median_SMA6-12,4,33.99,0.385989,0.111296,-0.492256,-0.225761,0.365968,-0.0200212,0.0990535,-0.0122423,0.117314,-0.323035,0.169221,-0.225761,0.715834,1.76514,0.0009632,-0.0140343,-0.0813186,0.125937,2
US_EQ_D,P2_1973_2006_faber,median_all5,5,33.99,0.385989,0.111296,-0.492256,-0.225761,0.420544,0.0345548,0.106318,-0.00497796,0.116723,-0.323035,0.169221,-0.225761,0.703251,1.52979,0.00685383,-0.00757833,-0.0813186,0.125937,3
US_EQ_D,P3_2007_2024_postpub,median_SMA6-12,4,17.75,0.52837,0.103846,-0.545655,-0.172062,0.645132,0.116762,0.0895416,-0.0143044,0.126707,-0.222413,0.323242,-0.092083,0.768465,1.46473,0.000675428,-0.0238554,-0.00138773,0.187882,3
US_EQ_D,P3_2007_2024_postpub,median_all5,5,17.75,0.52837,0.103846,-0.545655,-0.172062,0.605765,0.0773951,0.0866051,-0.0172409,0.130582,-0.225362,0.320294,-0.104524,0.774843,1.46473,-0.00378104,-0.0262187,-0.0867147,0.187882,3
US_EQ_D,P3b_2009_2024_postpub_ex2008,median_SMA6-12,4,15.75,0.776862,0.146291,-0.342163,-0.131824,0.738085,-0.0387773,0.101194,-0.0450971,0.128699,-0.222413,0.11975,-0.092083,0.799823,1.58709,-0.0198879,-0.0473239,-0.175948,0.0491146,2
US_EQ_D,P3b_2009_2024_postpub_ex2008,median_all5,5,15.75,0.776862,0.146291,-0.342163,-0.131824,0.667678,-0.109184,0.0939597,-0.0523317,0.13278,-0.225362,0.116801,-0.104524,0.80449,1.58709,-0.0279514,-0.0534913,-0.279243,0.0491146,2
US_EQ_D,PRE_OOS_all,median_SMA6-12,4,97.17,0.450789,0.0994658,-0.84074,-0.291104,0.52354,0.0727512,0.0916421,-0.00782366,0.12248,-0.49697,0.34377,-0.225761,0.711355,1.61567,0.00805807,-0.013195,0.0361378,0.0971646,4
US_EQ_D,PRE_OOS_all,median_all5,5,97.17,0.450789,0.0994658,-0.84074,-0.291104,0.526367,0.075578,0.0929533,-0.00651245,0.123345,-0.483485,0.357255,-0.225761,0.705965,1.50247,0.00870253,-0.0126239,0.0361378,0.0971646,5
US_EQ_D,P4_2024_10_latest_descriptive,median_SMA6-12,4,1.91,0.851459,0.189375,-0.195576,-0.0601095,0.487595,-0.363864,0.10258,-0.0867953,0.124975,-0.108883,0.0866925,-0.0601095,0.868201,2.09178,-0.0631608,-0.0799059,-0.363864,0.00658337,1
US_EQ_D,P4_2024_10_latest_descriptive,median_all5,5,1.91,0.851459,0.189375,-0.195576,-0.0601095,0.487595,-0.363864,0.10258,-0.0867953,0.124975,-0.108883,0.0866925,-0.0601095,0.868201,2.09178,-0.0631608,-0.0799059,-0.363864,0.00658337,1
US_EQ_D,FULL_incl_P4,median_SMA6-12,4,99.08,0.458193,0.101136,-0.84074,-0.291104,0.522845,0.0646514,0.0918533,-0.00928287,0.122527,-0.49697,0.34377,-0.225761,0.714239,1.62488,0.00688892,-0.0144827,0.0287567,0.0959528,4
US_EQ_D,FULL_incl_P4,median_all5,5,99.08,0.458193,0.101136,-0.84074,-0.291104,0.529275,0.0710816,0.0931447,-0.00799147,0.123374,-0.483485,0.357255,-0.225761,0.708949,1.51387,0.00750975,-0.0135057,0.0287567,0.0959528,5
US_EQ_D,D1920s,median_SMA6-12,4,2.42,0.445095,0.1208,-0.437042,-0.19671,0.554969,0.109873,0.136735,0.015935,0.202888,-0.356039,0.0810024,-0.19671,0.92486,0.826872,0.013398,0.0061602,0.0170714,0.202675,4
US_EQ_D,D1920s,median_all5,5,2.42,0.445095,0.1208,-0.437042,-0.19671,0.462167,0.0170714,0.115119,-0.00568088,0.203456,-0.356039,0.0810024,-0.19671,0.942416,0.413436,-0.00361733,-0.0068217,-0.016656,0.202675,4
US_EQ_D,D1930s,median_SMA6-12,4,9.99,0.122876,-0.00453732,-0.802402,-0.291104,0.242665,0.119789,0.0320878,0.0366251,0.188684,-0.368285,0.434117,-0.155559,0.493307,1.80101,0.0270783,0.00981551,-0.0444492,0.144961,3
US_EQ_D,D1930s,median_all5,5,9.99,0.122876,-0.00453732,-0.802402,-0.291104,0.252725,0.129849,0.0340623,0.0385996,0.187421,-0.372899,0.429503,-0.152707,0.492303,1.70095,0.029087,0.0117366,-0.0444492,0.341463,4
US_EQ_D,D1940s,median_SMA6-12,4,10,0.708323,0.0908497,-0.312621,-0.219914,0.616141,-0.0921812,0.0598105,-0.0310391,0.103001,-0.294216,0.0184057,-0.219914,0.65987,1.70002,0.00113855,-0.0312104,-0.110835,0.0162073,1
US_EQ_D,D1940s,median_all5,5,10,0.708323,0.0908497,-0.312621,-0.219914,0.621635,-0.0866879,0.0602022,-0.0306475,0.103383,-0.294216,0.0184057,-0.219914,0.664154,1.60002,0.00226037,-0.0308804,-0.110835,0.0162073,1
US_EQ_D,D1950s,median_SMA6-12,4,9.99,1.52326,0.181846,-0.206514,-0.0593478,1.44607,-0.0771967,0.157713,-0.0241333,0.0909017,-0.153916,0.0525979,-0.0593478,0.837952,1.40079,-0.000195425,-0.0202714,-0.159961,0.0502351,1
US_EQ_D,D1950s,median_all5,5,9.99,1.52326,0.181846,-0.206514,-0.0593478,1.43332,-0.0899474,0.155062,-0.0267842,0.0916559,-0.151025,0.0554895,-0.0593478,0.844881,1.20067,0.000104123,-0.0229329,-0.159961,0.0502351,1
US_EQ_D,D1960s,median_SMA6-12,4,9.99,0.472331,0.0828785,-0.277044,-0.0844786,0.517134,0.0448031,0.0730312,-0.00984731,0.0669598,-0.155489,0.121556,-0.0675658,0.721575,1.70095,0.000886832,-0.0100406,0.0163028,0.164499,4
US_EQ_D,D1960s,median_all5,5,9.99,0.472331,0.0828785,-0.277044,-0.0844786,0.488634,0.0163028,0.0706669,-0.0122116,0.066926,-0.153723,0.123321,-0.0675658,0.72037,1.70095,-0.000966545,-0.0122869,-0.109171,0.164499,4
US_EQ_D,D1970s,median_SMA6-12,4,10,0.0502301,0.0607286,-0.481595,-0.12156,0.250435,0.200205,0.0822447,0.0215161,0.084404,-0.189809,0.291786,-0.12156,0.619952,1.90055,0.0174997,0.0170399,-0.075246,0.238298,3
US_EQ_D,D1970s,median_all5,5,10,0.0502301,0.0607286,-0.481595,-0.12156,0.269545,0.219315,0.0829172,0.0221886,0.0843323,-0.189809,0.291786,-0.12156,0.606888,1.50043,0.0180767,0.0157745,-0.075246,0.238298,4
US_EQ_D,D1980s,median_SMA6-12,4,9.99,0.540252,0.168002,-0.331142,-0.225761,0.453779,-0.0864736,0.145094,-0.0229082,0.13323,-0.323035,0.00810719,-0.225761,0.757714,1.6009,-0.00201166,-0.0212269,-0.217694,0.0185943,1
US_EQ_D,D1980s,median_all5,5,9.99,0.540252,0.168002,-0.331142,-0.225761,0.433138,-0.107115,0.14198,-0.0260224,0.132438,-0.323035,0.00810719,-0.225761,0.757516,1.40079,-0.00402283,-0.0237433,-0.217694,0.0185943,1
US_EQ_D,D1990s,median_SMA6-12,4,10,0.947062,0.179014,-0.219199,-0.156649,0.655458,-0.291604,0.124975,-0.0540386,0.118422,-0.229467,-0.0102684,-0.156649,0.84197,1.50043,-0.0283649,-0.0470735,-0.34634,-0.19723,0
US_EQ_D,D1990s,median_all5,5,10,0.947062,0.179014,-0.219199,-0.156649,0.702141,-0.244921,0.131894,-0.0471201,0.118227,-0.225189,-0.00598971,-0.156649,0.858386,1.4004,-0.0246743,-0.0411818,-0.34634,-0.158958,0
US_EQ_D,D2000s,median_SMA6-12,4,10,-0.0280984,-0.00393135,-0.545655,-0.172062,0.302215,0.330313,0.0570722,0.0610036,0.115909,-0.210181,0.335474,-0.0676642,0.575746,1.70049,0.0386255,0.0433375,0.281849,0.413071,4
US_EQ_D,D2000s,median_all5,5,10,-0.0280984,-0.00393135,-0.545655,-0.172062,0.265212,0.29331,0.0523722,0.0563036,0.115058,-0.19739,0.348266,-0.0739956,0.568191,1.4004,0.0339672,0.0393913,0.271961,0.413071,5
US_EQ_D,D2010s,median_SMA6-12,4,9.99,0.882027,0.13603,-0.204461,-0.0934677,0.628193,-0.253834,0.0782072,-0.0578225,0.125949,-0.219464,-0.0150028,-0.0917904,0.855525,1.60134,-0.0348369,-0.0542453,-0.352228,-0.106767,0
US_EQ_D,D2010s,median_all5,5,9.99,0.882027,0.13603,-0.204461,-0.0934677,0.561003,-0.321025,0.0792156,-0.0568141,0.133,-0.219464,-0.0150028,-0.0934677,0.868442,1.60134,-0.0399729,-0.0510326,-0.352228,-0.106767,0
US_EQ_D,D2020s,median_SMA6-12,4,4.75,0.603527,0.140757,-0.342163,-0.131824,0.774344,0.170817,0.12243,-0.0183267,0.13241,-0.181812,0.16035,-0.0796416,0.737458,1.68274,0.00523548,-0.0304577,0.0612266,0.195951,4
US_EQ_D,D2020s,median_all5,5,4.75,0.603527,0.140757,-0.342163,-0.131824,0.74921,0.145682,0.117843,-0.0229135,0.13241,-0.190462,0.151701,-0.0796416,0.737458,1.68274,0.00339521,-0.0344963,-0.242279,0.195951,4
US_EQ_M,P1_1926_1972,median_SMA6-12,4,45.42,0.424541,0.0909144,-0.836522,-0.2871,0.549802,0.125261,0.0870595,-0.00385487,0.132363,-0.459709,0.376814,-0.2202,0.694495,1.5633,0.010224,-0.0151563,0.091521,0.130341,4
US_EQ_M,P1_1926_1972,median_all5,5,45.42,0.424541,0.0909144,-0.836522,-0.2871,0.553667,0.129127,0.0876678,-0.00324658,0.13224,-0.456074,0.380448,-0.2202,0.691743,1.45321,0.010558,-0.0145761,0.091521,0.168041,5
US_EQ_M,P2_1973_2006_faber,median_SMA6-12,4,34,0.376874,0.111884,-0.449947,-0.2259,0.33928,-0.0375944,0.0976065,-0.0142771,0.122901,-0.244796,0.205151,-0.2259,0.720588,1.73529,-0.00127793,-0.0163338,-0.117848,0.107896,2
US_EQ_M,P2_1973_2006_faber,median_all5,5,34,0.376874,0.111884,-0.449947,-0.2259,0.409893,0.033019,0.107495,-0.00438862,0.121652,-0.244796,0.205151,-0.2259,0.705882,1.47059,0.00707915,-0.00728824,-0.117848,0.107896,3
US_EQ_M,P3_2007_2024_postpub,median_SMA6-12,4,17.75,0.620935,0.104328,-0.503117,-0.1712,0.798249,0.177315,0.0956737,-0.00865393,0.107253,-0.168657,0.33446,-0.0891,0.767606,1.46479,0.00928463,-0.0137634,0.0372404,0.251863,4
US_EQ_M,P3_2007_2024_postpub,median_all5,5,17.75,0.620935,0.104328,-0.503117,-0.1712,0.770106,0.149172,0.094036,-0.0102916,0.108276,-0.181404,0.321713,-0.0946,0.774648,1.46479,0.00589097,-0.015262,-0.0244637,0.251863,4
US_EQ_M,P3b_2009_2024_postpub_ex2008,median_SMA6-12,4,15.75,0.896818,0.147156,-0.248449,-0.1325,0.907234,0.0104155,0.107879,-0.0392772,0.109993,-0.168657,0.0797923,-0.08745,0.798942,1.5873,-0.0121806,-0.0397587,-0.146034,0.11299,2
US_EQ_M,P3b_2009_2024_postpub_ex2008,median_all5,5,15.75,0.896818,0.147156,-0.248449,-0.1325,0.829154,-0.067664,0.101645,-0.0455106,0.112378,-0.181404,0.0670453,-0.0946,0.804233,1.5873,-0.0200587,-0.0451683,-0.222044,0.11299,2
US_EQ_M,PRE_OOS_all,median_SMA6-12,4,97.17,0.437725,0.100661,-0.836522,-0.2871,0.514982,0.0772577,0.0934994,-0.00716141,0.125578,-0.459709,0.376814,-0.2259,0.717839,1.60549,0.00756939,-0.0137295,0.048187,0.104126,4
US_EQ_M,PRE_OOS_all,median_all5,5,97.17,0.437725,0.100661,-0.836522,-0.2871,0.53683,0.0991058,0.0957328,-0.00492799,0.125678,-0.456074,0.380448,-0.2259,0.708405,1.46141,0.00849955,-0.0121513,0.048187,0.104126,5
US_EQ_M,P4_2024_10_latest_descriptive,median_SMA6-12,4,1.92,0.999814,0.177827,-0.0848299,-0.0605,0.483228,-0.516585,0.0899013,-0.0879257,0.107194,-0.0803234,0.00450642,-0.0605,0.869565,2.08696,-0.0639017,-0.0791478,-0.516585,-0.17684,0
US_EQ_M,P4_2024_10_latest_descriptive,median_all5,5,1.92,0.999814,0.177827,-0.0848299,-0.0605,0.483228,-0.516585,0.0899013,-0.0879257,0.107194,-0.0803234,0.00450642,-0.0605,0.869565,2.08696,-0.0639017,-0.0791478,-0.516585,0,0
US_EQ_M,FULL_incl_P4,median_SMA6-12,4,99.08,0.445301,0.102104,-0.836522,-0.2871,0.514484,0.0691839,0.0934296,-0.00867482,0.125388,-0.459709,0.376814,-0.2259,0.720774,1.6148,0.00633892,-0.014995,0.0406318,0.102234,4
US_EQ_M,FULL_incl_P4,median_all5,5,99.08,0.445301,0.102104,-0.836522,-0.2871,0.53599,0.0906898,0.0956197,-0.00648473,0.125764,-0.456074,0.380448,-0.2259,0.711522,1.47351,0.00723886,-0.0134473,0.0406318,0.104418,5
US_EQ_M,D1920s,median_SMA6-12,4,2.42,0.467258,0.126034,-0.332462,-0.1961,0.646602,0.179344,0.162479,0.0364446,0.206891,-0.237099,0.0953626,-0.1961,0.913793,0.827586,0.036326,0.0278897,0.0923564,0.266332,4
US_EQ_M,D1920s,median_all5,5,2.42,0.467258,0.126034,-0.332462,-0.1961,0.559614,0.0923564,0.139856,0.0138221,0.210862,-0.237099,0.0953626,-0.1961,0.931034,0.413793,0.0176961,0.00782069,-0.0249686,0.266332,4
US_EQ_M,D1930s,median_SMA6-12,4,10,0.151171,-0.00261991,-0.793731,-0.2871,0.190016,0.0388446,0.0237977,0.0264176,0.1728,-0.314081,0.47965,-0.15565,0.504167,1.9,0.0051175,-0.020155,-0.0626428,0.134467,3
US_EQ_M,D1930s,median_all5,5,10,0.151171,-0.00261991,-0.793731,-0.2871,0.199832,0.0486614,0.0255266,0.0281465,0.172169,-0.316428,0.477302,-0.1532,0.5,1.9,0.006635,-0.01851,-0.0626428,0.307495,4
US_EQ_M,D1940s,median_SMA6-12,4,10,0.64262,0.0948994,-0.279758,-0.2202,0.537946,-0.104674,0.0674533,-0.0274461,0.130755,-0.269038,0.0107195,-0.2202,0.666667,1.7,0.00461175,-0.027255,-0.122351,-0.0417508,0
US_EQ_M,D1940s,median_all5,5,10,0.64262,0.0948994,-0.279758,-0.2202,0.54822,-0.0943996,0.0687277,-0.0261717,0.1311,-0.269038,0.0107195,-0.2202,0.666667,1.6,0.00527,-0.026,-0.122351,-0.0417508,0
US_EQ_M,D1950s,median_SMA6-12,4,10,1.40194,0.183437,-0.149375,-0.0586,1.27256,-0.129376,0.160624,-0.0228137,0.104216,-0.131095,0.0182802,-0.0586,0.841667,1.3,0.000729667,-0.019125,-0.156216,-0.0374204,0
US_EQ_M,D1950s,median_all5,5,10,1.40194,0.183437,-0.149375,-0.0586,1.27902,-0.12292,0.159912,-0.0235257,0.101864,-0.107712,0.0416629,-0.0586,0.841667,1.2,3.5e-05,-0.01964,-0.156216,-0.0374204,0
US_EQ_M,D1960s,median_SMA6-12,4,10,0.389997,0.0825826,-0.230728,-0.0842,0.363552,-0.0264449,0.0702043,-0.0123783,0.0921448,-0.143488,0.0872398,-0.0668,0.725,1.7,-0.00172271,-0.01341,-0.03528,0.0548345,1
US_EQ_M,D1960s,median_all5,5,10,0.389997,0.0825826,-0.230728,-0.0842,0.354717,-0.03528,0.0687156,-0.0138669,0.0916675,-0.131764,0.0989636,-0.0668,0.725,1.7,-0.00309675,-0.01499,-0.0903579,0.0548345,1
US_EQ_M,D1970s,median_SMA6-12,4,10,0.0693148,0.0605968,-0.465075,-0.1222,0.187655,0.11834,0.0791877,0.0185908,0.112377,-0.155269,0.309807,-0.1222,0.616667,1.9,0.0141958,0.01187,-0.0797305,0.205904,3
US_EQ_M,D1970s,median_all5,5,10,0.0693148,0.0605968,-0.465075,-0.1222,0.24246,0.173146,0.0859712,0.0253743,0.110766,-0.154708,0.310367,-0.1222,0.608333,1.5,0.02037,0.01581,-0.0797305,0.205904,4
US_EQ_M,D1980s,median_SMA6-12,4,10,0.507114,0.168723,-0.298527,-0.2259,0.390481,-0.116633,0.138843,-0.0298797,0.140621,-0.244796,0.0537315,-0.2259,0.754167,1.6,-0.00914175,-0.02859,-0.252348,-0.0243141,0
US_EQ_M,D1980s,median_all5,5,10,0.507114,0.168723,-0.298527,-0.2259,0.367247,-0.139867,0.134782,-0.0339408,0.140231,-0.244796,0.0537315,-0.2259,0.75,1.4,-0.0063335,-0.03205,-0.252348,-0.0243141,0
US_EQ_M,D1990s,median_SMA6-12,4,10,0.926698,0.179923,-0.173245,-0.1562,0.609968,-0.31673,0.123093,-0.0568304,0.124824,-0.173245,-1.11022e-16,-0.1562,0.841667,1.5,-0.031428,-0.050195,-0.380117,-0.20836,0
US_EQ_M,D1990s,median_all5,5,10,0.926698,0.179923,-0.173245,-0.1562,0.661009,-0.26569,0.131886,-0.0480376,0.12215,-0.173245,-1.11022e-16,-0.1562,0.858333,1.4,-0.025308,-0.04203,-0.380117,-0.145741,0
US_EQ_M,D2000s,median_SMA6-12,4,10,-0.102229,-0.00380021,-0.503117,-0.1712,0.410811,0.513041,0.0610768,0.064877,0.0855799,-0.145972,0.357145,-0.0724,0.583333,1.6,0.0459693,0.05449,0.404355,0.664008,4
US_EQ_M,D2000s,median_all5,5,10,-0.102229,-0.00380021,-0.503117,-0.1712,0.332933,0.435162,0.0544823,0.0582825,0.0856547,-0.162774,0.340343,-0.0836,0.566667,1.2,0.0395147,0.04929,0.381564,0.664008,5
US_EQ_M,D2010s,median_SMA6-12,4,10,1.01424,0.136007,-0.176577,-0.0936,0.848898,-0.165345,0.0887193,-0.0472876,0.102277,-0.166863,0.0097145,-0.08675,0.854167,1.6,-0.0253216,-0.044425,-0.28402,0.0228187,1
US_EQ_M,D2010s,median_all5,5,10,1.01424,0.136007,-0.176577,-0.0936,0.759346,-0.254897,0.0953993,-0.0406075,0.106167,-0.176577,0,-0.0936,0.866667,1.6,-0.0254259,-0.03677,-0.28402,0.0228187,1
US_EQ_M,D2020s,median_SMA6-12,4,4.75,0.681761,0.143104,-0.248449,-0.1325,0.776649,0.0948874,0.118059,-0.0250459,0.126744,-0.142598,0.105851,-0.0803,0.736842,1.68421,0.00376362,-0.0308211,-0.00208788,0.1132,3
US_EQ_M,D2020s,median_all5,5,4.75,0.681761,0.143104,-0.248449,-0.1325,0.758336,0.0765745,0.114015,-0.0290893,0.126744,-0.15591,0.0925393,-0.0803,0.736842,1.68421,0.0021699,-0.0344842,-0.196546,0.1132,3
US_EQ_M,CAL_FF_overlap,median_SMA6-12,4,95.83,0.428859,0.098749,-0.836522,-0.2871,0.507717,0.0788579,0.0923073,-0.00644172,0.125792,-0.459709,0.376814,-0.2259,0.714783,1.60696,0.00796045,-0.0131583,0.0506167,0.107344,4
US_EQ_M,CAL_FF_overlap,median_all5,5,95.83,0.428859,0.098749,-0.836522,-0.2871,0.528338,0.0994793,0.0944251,-0.00432391,0.125593,-0.456074,0.380448,-0.2259,0.705217,1.46087,0.00911971,-0.0122797,0.0506167,0.107344,5
US_10Y_D,P1_1926_1972,median_SMA6-12,4,9.9,-0.278631,0.0351918,-0.101656,-0.0444892,-0.36268,-0.0840494,0.0358464,0.000654588,0.0296676,-0.0863568,0.0152994,-0.0444892,0.729057,1.91841,-0.00281306,0.00223769,-0.162341,0.00571569,1
US_10Y_D,P1_1926_1972,median_all5,5,9.9,-0.278631,0.0351918,-0.101656,-0.0444892,-0.312165,-0.0335342,0.0381285,0.00293672,0.0295609,-0.0899829,0.0116732,-0.0444892,0.728855,1.81744,-0.0028817,0.0045568,-0.162341,0.00571569,1
US_10Y_D,P2_1973_2006_faber,median_SMA6-12,4,33.99,0.292942,0.0827949,-0.2015,-0.0790234,0.296251,0.00330919,0.0795578,-0.00323714,0.06256,-0.144485,0.0570149,-0.0717691,0.742401,1.67688,0.00181122,-0.00231531,-0.0166973,0.0322988,2
US_10Y_D,P2_1973_2006_faber,median_all5,5,33.99,0.292942,0.0827949,-0.2015,-0.0790234,0.306732,0.0137907,0.0803228,-0.00247212,0.0623325,-0.144485,0.0570149,-0.0717691,0.73386,1.47095,0.00234187,-0.00179816,-0.0166973,0.218156,3
US_10Y_D,P3_2007_2024_postpub,median_SMA6-12,4,17.75,0.253036,0.0303221,-0.270704,-0.0529484,0.14981,-0.103225,0.0205879,-0.00973426,0.0625704,-0.170179,0.100526,-0.051268,0.599797,2.25308,-0.00291812,-0.00869417,-0.18846,0.0480715,1
US_10Y_D,P3_2007_2024_postpub,median_all5,5,17.75,0.253036,0.0303221,-0.270704,-0.0529484,0.197932,-0.0551038,0.0237593,-0.00656285,0.0631833,-0.162469,0.108235,-0.051268,0.587984,2.14043,0.000330395,-0.00572388,-0.18846,0.112871,2
US_10Y_D,P3b_2009_2024_postpub_ex2008,median_SMA6-12,4,15.75,0.0989604,0.0156383,-0.270704,-0.0529484,0.00668781,-0.0922726,0.0095188,-0.0061195,0.059186,-0.160156,0.110549,-0.051268,0.567225,2.22193,-0.00405582,-0.0052687,-0.111092,0.0787202,1
US_10Y_D,P3b_2009_2024_postpub_ex2008,median_all5,5,15.75,0.0989604,0.0156383,-0.270704,-0.0529484,0.00928916,-0.0896712,0.00968348,-0.00595482,0.0593074,-0.152208,0.118496,-0.051268,0.566971,2.15844,-0.00381728,-0.00524208,-0.111092,0.0964919,2
US_10Y_D,PRE_OOS_all,median_SMA6-12,4,61.66,0.225463,0.0597201,-0.270704,-0.0790234,0.188779,-0.0366842,0.0550928,-0.00462731,0.0585559,-0.1751,0.0956046,-0.0717691,0.700675,1.86497,-0.00062952,-0.00360513,-0.0729445,0.0361991,1
US_10Y_D,PRE_OOS_all,median_all5,5,61.66,0.225463,0.0597201,-0.270704,-0.0790234,0.200781,-0.0246823,0.0559004,-0.00381973,0.0582249,-0.172311,0.0983934,-0.0717691,0.690969,1.71902,4.74875e-05,-0.00284763,-0.0729445,0.161544,2
US_10Y_D,P4_2024_10_latest_descriptive,median_SMA6-12,4,2,-0.854107,-0.0150198,-0.0754379,-0.0373236,-0.840861,0.0132457,-0.00483893,0.0101809,0.0516183,-0.0655673,0.00987063,-0.0361185,0.708835,1.50216,-0.00464039,0.0116411,-0.10331,0.0869834,2
US_10Y_D,P4_2024_10_latest_descriptive,median_all5,5,2,-0.854107,-0.0150198,-0.0754379,-0.0373236,-0.914599,-0.060492,-0.00218926,0.0128305,0.0516183,-0.0655673,0.00987063,-0.0361185,0.708835,1.50216,-0.00682864,0.0143108,-0.10331,0.0869834,2
US_10Y_D,FULL_incl_P4,median_SMA6-12,4,63.66,0.196816,0.0572925,-0.270704,-0.0790234,0.159461,-0.0373556,0.0530763,-0.00421621,0.058353,-0.1751,0.0956046,-0.0717691,0.700931,1.85363,-0.00087018,-0.00321579,-0.0700046,0.0324531,1
US_10Y_D,FULL_incl_P4,median_all5,5,63.66,0.196816,0.0572925,-0.270704,-0.0790234,0.168252,-0.0285647,0.053672,-0.00362054,0.0580312,-0.172311,0.0983934,-0.0717691,0.691529,1.71225,-0.000401101,-0.0026547,-0.0700046,0.156172,2
US_10Y_D,D1960s,median_SMA6-12,4,6.91,-1.14934,0.00629313,-0.101656,-0.0408822,-0.905782,0.243562,0.0249034,0.0186103,0.0224221,-0.047431,0.0542252,-0.0274573,0.692218,1.88165,0.00622983,0.0199051,0.185067,0.278735,4
US_10Y_D,D1960s,median_all5,5,6.91,-1.14934,0.00629313,-0.101656,-0.0408822,-0.92041,0.228934,0.0249327,0.0186396,0.0220442,-0.047431,0.0542252,-0.0274573,0.688734,1.59217,0.00611639,0.0202147,0.107246,0.278735,5
US_10Y_D,D1970s,median_SMA6-12,4,10,-0.0476401,0.0604706,-0.106864,-0.0681088,-0.546736,-0.499096,0.0396845,-0.020786,0.0401502,-0.106864,3.88578e-16,-0.0681088,0.740763,2.40069,-0.0206602,-0.0177227,-0.615371,-0.302148,0
US_10Y_D,D1970s,median_all5,5,10,-0.0476401,0.0604706,-0.106864,-0.0681088,-0.475137,-0.427497,0.0432726,-0.0171979,0.0399053,-0.106864,4.44089e-16,-0.0681088,0.732932,2.40069,-0.017319,-0.014307,-0.615371,0.293547,1
US_10Y_D,D1980s,median_SMA6-12,4,9.99,0.3702,0.127414,-0.176933,-0.0790234,0.540128,0.169928,0.135162,0.00774794,0.0791764,-0.125084,0.0518493,-0.0408561,0.756313,1.40079,0.0141512,0.00634859,0.0854805,0.188743,4
US_10Y_D,D1980s,median_all5,5,9.99,0.3702,0.127414,-0.176933,-0.0790234,0.555284,0.185083,0.136587,0.00917372,0.0788936,-0.11897,0.0579625,-0.0406397,0.755511,1.10062,0.0152006,0.00711747,0.0854805,0.475012,5
US_10Y_D,D1990s,median_SMA6-12,4,10,0.456705,0.0792921,-0.128077,-0.0444233,0.718318,0.261613,0.0901122,0.0108201,0.0552714,-0.0767792,0.0512974,-0.0444233,0.747303,0.80023,0.0168563,0.0102757,0.219545,0.332984,4
US_10Y_D,D1990s,median_all5,5,10,0.456705,0.0792921,-0.128077,-0.0444233,0.707655,0.25095,0.0887626,0.00947046,0.0550392,-0.0767792,0.0512974,-0.0444233,0.730324,0.700201,0.0159812,0.00926498,-0.0264631,0.332984,4
US_10Y_D,D2000s,median_SMA6-12,4,10,0.481988,0.0653931,-0.140256,-0.0717691,0.101584,-0.380404,0.0319845,-0.0334086,0.0721286,-0.166889,-0.0266325,-0.0717691,0.738505,2.50072,-0.0229053,-0.0302207,-0.55006,-0.321867,0
US_10Y_D,D2000s,median_all5,5,10,0.481988,0.0653931,-0.140256,-0.0717691,0.14644,-0.335548,0.0353024,-0.0300907,0.0726311,-0.161466,-0.02121,-0.0717691,0.72611,2.1006,-0.0198829,-0.0266471,-0.55006,-0.113386,0
US_10Y_D,D2010s,median_SMA6-12,4,9.99,0.534884,0.0405306,-0.110844,-0.0448857,0.369593,-0.165291,0.0254603,-0.0150704,0.0571431,-0.108401,0.00244309,-0.0438478,0.62595,2.10176,-0.00209529,-0.0131694,-0.219107,-0.00317136,0
US_10Y_D,D2010s,median_all5,5,9.99,0.534884,0.0405306,-0.110844,-0.0448857,0.39607,-0.138813,0.0274208,-0.0131098,0.0574059,-0.109125,0.00171933,-0.0438478,0.62615,2.00167,-0.000315542,-0.012093,-0.219107,-0.00317136,0
US_10Y_D,D2020s,median_SMA6-12,4,4.75,-0.342984,-0.00946216,-0.270704,-0.0529484,-0.0774222,0.265562,0.0183759,0.027838,0.0524892,-0.109687,0.161018,-0.0379806,0.433249,2.52412,0.00863357,0.0279499,-0.00340309,0.363674,3
US_10Y_D,D2020s,median_all5,5,4.75,-0.342984,-0.00946216,-0.270704,-0.0529484,-0.0464999,0.296484,0.0201422,0.0296043,0.0521396,-0.0976139,0.173091,-0.0346505,0.424013,2.10343,0.00956466,0.0300718,-0.00340309,0.621025,4
US_10Y_M,P1_1926_1972,median_SMA6-12,4,9.83,-0.133078,0.0356629,-0.088238,-0.0444892,-0.216767,-0.0836895,0.0342909,-0.00137208,0.0475127,-0.071223,0.017015,-0.0444892,0.728814,1.9322,-0.00432054,-0.000171832,-0.12204,-0.00936742,0
US_10Y_M,P1_1926_1972,median_all5,5,9.83,-0.133078,0.0356629,-0.088238,-0.0444892,-0.208799,-0.0757212,0.0355246,-0.000138291,0.0473115,-0.0736757,0.0145624,-0.0444892,0.728814,1.83051,-0.00405346,0.00118351,-0.12204,-0.00936742,0
US_10Y_M,P2_1973_2006_faber,median_SMA6-12,4,34,0.28523,0.0827738,-0.155689,-0.0790234,0.293398,0.00816847,0.0804013,-0.0023725,0.0717707,-0.124724,0.0309656,-0.0717691,0.743873,1.67647,0.00306703,-0.00131199,-0.00686383,0.0312703,2
US_10Y_M,P2_1973_2006_faber,median_all5,5,34,0.28523,0.0827738,-0.155689,-0.0790234,0.30175,0.0165208,0.0808563,-0.00191753,0.0717052,-0.124724,0.0309656,-0.0717691,0.735294,1.47059,0.00397371,-0.000502684,-0.00686383,0.175481,3
US_10Y_M,P3_2007_2024_postpub,median_SMA6-12,4,17.75,0.265122,0.0302209,-0.261637,-0.0529484,0.202636,-0.0624856,0.0231993,-0.00702161,0.0595514,-0.135444,0.126193,-0.051268,0.598592,2.25352,-0.000125642,-0.00597527,-0.116561,0.093203,1
US_10Y_M,P3_2007_2024_postpub,median_all5,5,17.75,0.265122,0.0302209,-0.261637,-0.0529484,0.241089,-0.0240332,0.0259282,-0.00429271,0.0606206,-0.126026,0.135611,-0.051268,0.586854,2.14085,0.00277405,-0.00333998,-0.116561,0.111709,2
US_10Y_M,P3b_2009_2024_postpub_ex2008,median_SMA6-12,4,15.75,0.109342,0.0155213,-0.261637,-0.0529484,0.0620593,-0.0472823,0.0120586,-0.00346274,0.0557257,-0.11622,0.145418,-0.051268,0.566138,2.22222,-0.00107303,-0.00245572,-0.0571775,0.138486,1
US_10Y_M,P3b_2009_2024_postpub_ex2008,median_all5,5,15.75,0.109342,0.0155213,-0.261637,-0.0529484,0.0637727,-0.0455689,0.0121572,-0.00336408,0.0555392,-0.114362,0.147276,-0.051268,0.566138,2.15873,-0.000911011,-0.00242726,-0.0571775,0.138486,2
US_10Y_M,PRE_OOS_all,median_SMA6-12,4,61.58,0.225476,0.0598029,-0.261637,-0.0790234,0.211156,-0.0143202,0.0565969,-0.00320591,0.0649182,-0.149053,0.112584,-0.0717691,0.700947,1.86739,0.00101712,-0.00232585,-0.0465906,0.0390055,1
US_10Y_M,PRE_OOS_all,median_all5,5,61.58,0.225476,0.0598029,-0.261637,-0.0790234,0.214767,-0.0107093,0.0569786,-0.00282422,0.064655,-0.144863,0.116775,-0.0717691,0.691475,1.72124,0.0013102,-0.00194486,-0.0465906,0.137866,2
US_10Y_M,P4_2024_10_latest_descriptive,median_SMA6-12,4,2,-0.873625,-0.0160531,-0.0754379,-0.0373236,-0.764816,0.108809,0.0012479,0.017301,0.049371,-0.0284274,0.0470105,-0.0343368,0.708333,1.5,-0.00147164,0.0187206,-0.0970073,0.121622,3
US_10Y_M,P4_2024_10_latest_descriptive,median_all5,5,2,-0.873625,-0.0160531,-0.0754379,-0.0373236,-0.777629,0.0959963,0.000740514,0.0167936,0.049371,-0.0289274,0.0465105,-0.0343368,0.708333,1.5,-0.00426179,0.0187045,-0.130096,0.121622,3
US_10Y_M,FULL_incl_P4,median_SMA6-12,4,63.58,0.197662,0.05733,-0.261637,-0.0790234,0.184492,-0.0131704,0.0546121,-0.00271789,0.0645163,-0.149053,0.112584,-0.0717691,0.70118,1.85583,0.000813589,-0.00186535,-0.0418602,0.0410409,1
US_10Y_M,FULL_incl_P4,median_all5,5,63.58,0.197662,0.05733,-0.261637,-0.0790234,0.185104,-0.012558,0.0547663,-0.0025637,0.0642578,-0.144863,0.116775,-0.0717691,0.692005,1.71429,0.000879846,-0.00169838,-0.0418602,0.129484,2
US_10Y_M,D1960s,median_SMA6-12,4,6.83,-0.742662,0.00666177,-0.088238,-0.0408822,-0.690232,0.0524308,0.0217085,0.0150468,0.0320019,-0.0435645,0.0446735,-0.0274573,0.689024,1.90244,0.00333809,0.0160955,0.0152847,0.100023,4
US_10Y_M,D1960s,median_all5,5,6.83,-0.742662,0.00666177,-0.088238,-0.0408822,-0.70959,0.0330722,0.0227426,0.0160809,0.0318132,-0.0435645,0.0446735,-0.0274573,0.682927,1.60976,0.00255609,0.0168108,0.00335353,0.100023,5
US_10Y_M,D1970s,median_SMA6-12,4,10,-0.00359338,0.0604527,-0.0849032,-0.0681088,-0.354925,-0.351331,0.0392766,-0.0211761,0.0579178,-0.0849032,5.55112e-17,-0.0681088,0.741667,2.4,-0.0209529,-0.0184894,-0.420782,-0.206046,0
US_10Y_M,D1970s,median_all5,5,10,-0.00359338,0.0604527,-0.0849032,-0.0681088,-0.297364,-0.29377,0.0432817,-0.017171,0.0575861,-0.0849032,1.11022e-16,-0.0681088,0.733333,2.4,-0.0171079,-0.0146424,-0.420782,0.172108,1
US_10Y_M,D1980s,median_SMA6-12,4,10,0.36325,0.127338,-0.147351,-0.0790234,0.533492,0.170243,0.137302,0.0099641,0.0893978,-0.0905524,0.0567985,-0.0411993,0.758333,1.4,0.0165885,0.00803837,0.0921035,0.214844,4
US_10Y_M,D1980s,median_all5,5,10,0.36325,0.127338,-0.147351,-0.0790234,0.568179,0.20493,0.14046,0.0131228,0.0890274,-0.0827624,0.0645885,-0.0406397,0.758333,1.1,0.0191907,0.0103126,0.0921035,0.362338,5
US_10Y_M,D1990s,median_SMA6-12,4,10,0.45092,0.0792684,-0.100739,-0.0444233,0.690037,0.239118,0.0926911,0.0134227,0.061654,-0.0606578,0.0400813,-0.0444233,0.75,0.8,0.0188028,0.0127373,0.173466,0.305437,4
US_10Y_M,D1990s,median_all5,5,10,0.45092,0.0792684,-0.100739,-0.0444233,0.662219,0.211299,0.091079,0.0118106,0.0615966,-0.0615629,0.0391763,-0.0444233,0.733333,0.7,0.0169527,0.0112701,0.0146888,0.305437,5
US_10Y_M,D2000s,median_SMA6-12,4,10,0.478902,0.0653737,-0.101787,-0.0717691,0.136047,-0.342856,0.0351961,-0.0301776,0.0758031,-0.140644,-0.0388576,-0.0717691,0.7375,2.5,-0.0192269,-0.0269254,-0.502332,-0.288919,0
US_10Y_M,D2000s,median_all5,5,10,0.478902,0.0653737,-0.101787,-0.0717691,0.16201,-0.316893,0.037396,-0.0279778,0.0780362,-0.137282,-0.0354953,-0.0717691,0.741667,2.1,-0.0166608,-0.0242297,-0.502332,-0.167666,0
US_10Y_M,D2010s,median_SMA6-12,4,10,0.56771,0.0404961,-0.101341,-0.0448857,0.42286,-0.14485,0.0274079,-0.0130882,0.0557776,-0.0859815,0.0153594,-0.0403352,0.625,2.1,0.00051174,-0.0111324,-0.198787,0.0273662,1
US_10Y_M,D2010s,median_all5,5,10,0.56771,0.0404961,-0.101341,-0.0448857,0.400257,-0.167453,0.0267343,-0.0137618,0.0568578,-0.0871532,0.0141878,-0.0403352,0.625,2,-0.000647482,-0.0126005,-0.198787,0.0273662,1
US_10Y_M,D2020s,median_SMA6-12,4,4.75,-0.343999,-0.0098554,-0.261637,-0.0529484,-0.0605095,0.28349,0.0188444,0.0286998,0.0451715,-0.104733,0.156904,-0.0346505,0.429825,2.52632,0.0101334,0.0281723,-0.0189812,0.355543,3
US_10Y_M,D2020s,median_all5,5,4.75,-0.343999,-0.0098554,-0.261637,-0.0529484,-0.0175195,0.32648,0.0209015,0.030757,0.0443802,-0.0913876,0.17025,-0.0346505,0.421053,2.10526,0.0118676,0.0301594,-0.0189812,0.670351,4
GOLD_AVG_L2,P1_1926_1972,median_SMA6-12,4,3.58,0.492708,0.117374,-0.166667,-0.075,0.963852,0.471144,0.172628,0.0552535,0.118592,-0.0597015,0.106965,-0.0465116,0.674419,1.11628,0.0688206,0.0472837,0.380223,0.492277,4
GOLD_AVG_L2,P1_1926_1972,median_all5,5,3.58,0.492708,0.117374,-0.166667,-0.075,0.963852,0.471144,0.172628,0.0552535,0.118592,-0.0597015,0.106965,-0.0465116,0.674419,1.11628,0.0688206,0.0472837,0.380223,0.492277,5
GOLD_AVG_L2,P2_1973_2006_faber,median_SMA6-12,4,34,0.131453,0.0695734,-0.620741,-0.166917,0.385389,0.253936,0.114758,0.0451842,0.158891,-0.245553,0.375187,-0.166917,0.547794,1.55882,0.0475443,0.0376693,0.0975281,0.33825,4
GOLD_AVG_L2,P2_1973_2006_faber,median_all5,5,34,0.131453,0.0695734,-0.620741,-0.166917,0.410379,0.278926,0.120225,0.0506515,0.160738,-0.252588,0.368152,-0.166917,0.544118,1.32353,0.0552768,0.0425284,0.0975281,0.33825,5
GOLD_AVG_L2,P3_2007_2024_postpub,median_SMA6-12,4,17.75,0.599588,0.0824531,-0.392777,-0.107447,0.591335,-0.00825294,0.0687084,-0.0137447,0.10074,-0.274845,0.117932,-0.107447,0.643192,1.6338,0.0105659,-0.0140029,-0.067934,0.0927675,2
GOLD_AVG_L2,P3_2007_2024_postpub,median_all5,5,17.75,0.599588,0.0824531,-0.392777,-0.107447,0.550475,-0.0491133,0.0654131,-0.01704,0.102645,-0.256252,0.136525,-0.107447,0.643192,1.74648,0.00715501,-0.0170276,-0.094779,0.0927675,2
GOLD_AVG_L2,P3b_2009_2024_postpub_ex2008,median_SMA6-12,4,15.75,0.594332,0.0755861,-0.392777,-0.0659134,0.56918,-0.0251524,0.0586077,-0.0169784,0.0906521,-0.274845,0.117932,-0.0626238,0.613757,1.71429,0.00775182,-0.0169573,-0.0981331,0.0291308,2
GOLD_AVG_L2,P3b_2009_2024_postpub_ex2008,median_all5,5,15.75,0.594332,0.0755861,-0.392777,-0.0659134,0.568247,-0.0260854,0.0607578,-0.0148284,0.0929979,-0.256252,0.136525,-0.0654281,0.613757,1.84127,0.0112659,-0.0144342,-0.0981331,0.0291308,2
GOLD_AVG_L2,PRE_OOS_all,median_SMA6-12,4,55.33,0.258643,0.0767325,-0.620741,-0.166917,0.455753,0.197109,0.103087,0.0263546,0.140361,-0.304069,0.316672,-0.166917,0.585843,1.53614,0.0381542,0.0214477,0.108104,0.246745,4
GOLD_AVG_L2,PRE_OOS_all,median_all5,5,55.33,0.258643,0.0767325,-0.620741,-0.166917,0.451291,0.192648,0.103614,0.0268814,0.142156,-0.293438,0.327302,-0.166917,0.582831,1.37349,0.0419102,0.0221103,0.108104,0.246745,5
GOLD_AVG_L2,P4_2024_10_latest_descriptive,median_SMA6-12,4,2,1.37384,0.296106,-0.188645,-0.0782647,1.26458,-0.109254,0.262014,-0.0340921,0.164233,-0.188645,0,-0.0782647,0.916667,0.5,-0.00874859,-0.027894,-0.109254,0.0554632,1
GOLD_AVG_L2,P4_2024_10_latest_descriptive,median_all5,5,2,1.37384,0.296106,-0.188645,-0.0782647,1.26458,-0.109254,0.262014,-0.0340921,0.164233,-0.188645,0,-0.0782647,0.916667,0.5,-0.00874859,-0.027894,-0.109254,0.0554632,1
GOLD_AVG_L2,FULL_incl_P4,median_SMA6-12,4,57.33,0.297521,0.0837201,-0.620741,-0.166917,0.488101,0.19058,0.108278,0.0245581,0.141319,-0.304069,0.316672,-0.166917,0.597384,1.5,0.0386531,0.0197265,0.112485,0.237468,4
GOLD_AVG_L2,FULL_incl_P4,median_all5,5,57.33,0.297521,0.0837201,-0.620741,-0.166917,0.488656,0.191135,0.109821,0.0261008,0.143028,-0.293438,0.327302,-0.166917,0.594477,1.34302,0.0427936,0.021339,0.112485,0.237468,5
GOLD_AVG_L2,D1970s,median_SMA6-12,4,10,1.03527,0.292392,-0.402174,-0.116564,1.14257,0.107298,0.288489,-0.00390324,0.184916,-0.208333,0.193841,-0.108333,0.741667,0.7,0.0483043,-0.00763117,-0.126368,0.194361,3
GOLD_AVG_L2,D1970s,median_all5,5,10,1.03527,0.292392,-0.402174,-0.116564,1.11807,0.0827934,0.300375,0.00798253,0.188715,-0.208333,0.193841,-0.108333,0.725,0.5,0.055333,0.00285137,-0.126368,0.194361,4
GOLD_AVG_L2,D1980s,median_SMA6-12,4,10,-0.285325,-0.0105073,-0.557037,-0.166917,0.116983,0.402308,0.095455,0.105962,0.202179,-0.245553,0.311484,-0.166917,0.429167,0.9,0.0540394,0.0944283,0.290534,0.446373,4
GOLD_AVG_L2,D1980s,median_all5,5,10,-0.285325,-0.0105073,-0.557037,-0.166917,0.092894,0.378219,0.090259,0.100766,0.203463,-0.252588,0.304449,-0.166917,0.425,0.7,0.0483724,0.089742,0.290534,0.446373,5
GOLD_AVG_L2,D1990s,median_SMA6-12,4,10,-0.756355,-0.0362488,-0.386091,-0.0633245,-0.820677,-0.0643219,0.00483823,0.0410871,0.0504122,-0.132184,0.253907,-0.0633245,0.366667,2.6,-0.0128799,0.0398278,-0.230182,0.125672,2
GOLD_AVG_L2,D1990s,median_all5,5,10,-0.756355,-0.0362488,-0.386091,-0.0633245,-0.661907,0.0944481,0.0138278,0.0500766,0.0493168,-0.115108,0.270983,-0.0633245,0.35,2.5,-0.00531482,0.048222,-0.230182,0.317628,3
GOLD_AVG_L2,D2000s,median_SMA6-12,4,10,0.873937,0.149002,-0.213843,-0.117037,0.838937,-0.0349997,0.131716,-0.0172868,0.128395,-0.183029,0.0308142,-0.117037,0.795833,1.5,0.00995503,-0.0153111,-0.0993339,-0.0121859,0
GOLD_AVG_L2,D2000s,median_all5,5,10,0.873937,0.149002,-0.213843,-0.117037,0.821922,-0.0520152,0.126053,-0.0229497,0.12881,-0.191417,0.0224256,-0.117037,0.791667,1.6,0.00916428,-0.020406,-0.172515,-0.0121859,0
GOLD_AVG_L2,D2010s,median_SMA6-12,4,10,0.241354,0.0268269,-0.392777,-0.0659134,0.315706,0.0743514,0.0285743,0.00174746,0.0850997,-0.274845,0.117932,-0.0626238,0.566667,1.7,0.0107962,0.000530158,-0.0182049,0.136008,3
GOLD_AVG_L2,D2010s,median_all5,5,10,0.241354,0.0268269,-0.392777,-0.0659134,0.319217,0.0778625,0.0298235,0.00299663,0.0871709,-0.256252,0.136525,-0.0654281,0.566667,1.6,0.0116656,0.00191637,-0.0182049,0.136008,4
GOLD_AVG_L2,D2020s,median_SMA6-12,4,4.75,0.914145,0.123452,-0.154901,-0.056614,0.798495,-0.11565,0.0970678,-0.0263841,0.0947512,-0.149947,0.00495404,-0.0510226,0.675439,1.89474,0.00437818,-0.0237062,-0.316803,-0.0126165,0
GOLD_AVG_L2,D2020s,median_all5,5,4.75,0.914145,0.123452,-0.154901,-0.056614,0.831373,-0.082772,0.0982374,-0.0252146,0.0938861,-0.146904,0.00799671,-0.0497788,0.684211,1.68421,0.00480421,-0.0228018,-0.316803,-0.0126165,0
GOLD_AVG_L2,CAL_GLD_overlap,median_SMA6-12,4,18.67,0.589459,0.0861227,-0.392777,-0.117037,0.557379,-0.0320805,0.0711278,-0.0149949,0.10941,-0.274845,0.117932,-0.117037,0.654018,1.60714,0.00941452,-0.0151007,-0.0689789,0.0348339,1
GOLD_AVG_L2,CAL_GLD_overlap,median_all5,5,18.67,0.589459,0.0861227,-0.392777,-0.117037,0.537194,-0.0522657,0.0698582,-0.0162645,0.111614,-0.256252,0.136525,-0.117037,0.651786,1.71429,0.00762127,-0.0161915,-0.0916677,0.0348339,1
GOLD_AVG_L1,P1_1926_1972,median_SMA6-12,4,3.67,0.477453,0.114559,-0.186047,-0.075,0.936493,0.45904,0.170885,0.0563258,0.120604,-0.0629352,0.123111,-0.0465116,0.681818,1.09091,0.0688611,0.0487334,0.402503,0.542272,4
GOLD_AVG_L1,P1_1926_1972,median_all5,5,3.67,0.477453,0.114559,-0.186047,-0.075,0.936493,0.45904,0.170885,0.0563258,0.120604,-0.0597015,0.126345,-0.0465116,0.681818,1.09091,0.0688611,0.0487334,0.402503,0.556807,5
GOLD_AVG_L1,P2_1973_2006_faber,median_SMA6-12,4,34,0.131453,0.0695734,-0.620741,-0.166917,0.416111,0.284658,0.121152,0.0515785,0.164658,-0.238519,0.382222,-0.166917,0.547794,1.58824,0.0543416,0.0441326,0.246269,0.320087,4
GOLD_AVG_L1,P2_1973_2006_faber,median_all5,5,34,0.131453,0.0695734,-0.620741,-0.166917,0.424817,0.293363,0.123912,0.0543389,0.163701,-0.238519,0.382222,-0.166917,0.544118,1.35294,0.0568874,0.0468994,0.246269,0.349185,5
GOLD_AVG_L1,P3_2007_2024_postpub,median_SMA6-12,4,17.75,0.599588,0.0824531,-0.392777,-0.107447,0.716082,0.116494,0.0827499,0.000296771,0.101209,-0.224042,0.168735,-0.107447,0.643192,1.57746,0.0249893,-0.000555667,0.0369751,0.17583,4
GOLD_AVG_L1,P3_2007_2024_postpub,median_all5,5,17.75,0.599588,0.0824531,-0.392777,-0.107447,0.695791,0.0962028,0.08049,-0.00196308,0.101257,-0.221373,0.171403,-0.107447,0.643192,1.69014,0.0235842,-0.00226904,-0.0854664,0.17583,4
GOLD_AVG_L1,P3b_2009_2024_postpub_ex2008,median_SMA6-12,4,15.75,0.594332,0.0755861,-0.392777,-0.0659134,0.735641,0.141309,0.0761736,0.000587454,0.0915983,-0.224042,0.168735,-0.0598194,0.619048,1.71429,0.0246599,-0.000233983,0.0230151,0.195545,4
GOLD_AVG_L1,P3b_2009_2024_postpub_ex2008,median_all5,5,15.75,0.594332,0.0755861,-0.392777,-0.0659134,0.731021,0.136689,0.0759086,0.000322428,0.0913442,-0.221373,0.171403,-0.0598194,0.619048,1.84127,0.0246245,-0.000331213,-0.0271868,0.195545,4
GOLD_AVG_L1,PRE_OOS_all,median_SMA6-12,4,55.42,0.257934,0.0766128,-0.620741,-0.166917,0.502067,0.244133,0.111835,0.0352225,0.144381,-0.238519,0.382222,-0.166917,0.586466,1.53383,0.0463564,0.0299419,0.236359,0.255404,4
GOLD_AVG_L1,PRE_OOS_all,median_all5,5,55.42,0.257934,0.0766128,-0.620741,-0.166917,0.508479,0.250544,0.111505,0.0348919,0.1436,-0.238519,0.382222,-0.166917,0.583459,1.37143,0.0473725,0.0290346,0.236359,0.255404,5
GOLD_AVG_L1,P4_2024_10_latest_descriptive,median_SMA6-12,4,2,1.37384,0.296106,-0.188645,-0.0782647,1.4293,0.0554632,0.287923,-0.00818295,0.159315,-0.157769,0.0308765,-0.0782647,0.875,0.5,0.0210543,-0.00791382,-0.0454232,0.515296,3
GOLD_AVG_L1,P4_2024_10_latest_descriptive,median_all5,5,2,1.37384,0.296106,-0.188645,-0.0782647,1.4293,0.0554632,0.287923,-0.00818295,0.159315,-0.157769,0.0308765,-0.0782647,0.875,0.5,0.0210543,-0.00791382,-0.0454232,0.515296,3
GOLD_AVG_L1,FULL_incl_P4,median_SMA6-12,4,57.42,0.296807,0.0835936,-0.620741,-0.166917,0.541734,0.244927,0.117471,0.0338778,0.145052,-0.238519,0.382222,-0.166917,0.596517,1.49782,0.0476636,0.0285023,0.232927,0.250765,4
GOLD_AVG_L1,FULL_incl_P4,median_all5,5,57.42,0.296807,0.0835936,-0.620741,-0.166917,0.542377,0.24557,0.11747,0.033876,0.144277,-0.238519,0.382222,-0.166917,0.593614,1.34107,0.0476864,0.0280232,0.232927,0.250765,5
GOLD_AVG_L1,D1970s,median_SMA6-12,4,10,1.03527,0.292392,-0.402174,-0.116564,1.23244,0.197172,0.320362,0.0279696,0.192942,-0.194894,0.20728,-0.108333,0.75,0.7,0.0759825,0.0187083,0.185313,0.233339,4
GOLD_AVG_L1,D1970s,median_all5,5,10,1.03527,0.292392,-0.402174,-0.116564,1.23601,0.200737,0.322959,0.0305672,0.194036,-0.208333,0.193841,-0.108333,0.733333,0.5,0.0777553,0.0207694,0.185313,0.233339,5
GOLD_AVG_L1,D1980s,median_SMA6-12,4,10,-0.285325,-0.0105073,-0.557037,-0.166917,0.164634,0.449959,0.106057,0.116564,0.205175,-0.238519,0.318519,-0.166917,0.429167,1,0.0622852,0.104726,0.431892,0.517272,4
GOLD_AVG_L1,D1980s,median_all5,5,10,-0.285325,-0.0105073,-0.557037,-0.166917,0.154478,0.439803,0.103647,0.114154,0.203947,-0.238519,0.318519,-0.166917,0.425,0.7,0.0617013,0.103171,0.375204,0.517272,5
GOLD_AVG_L1,D1990s,median_SMA6-12,4,10,-0.756355,-0.0362488,-0.386091,-0.0633245,-0.814179,-0.0578242,-0.00271832,0.0335305,0.060464,-0.156106,0.229986,-0.0633245,0.366667,2.5,-0.0199342,0.0330735,-0.140465,0.139529,1
GOLD_AVG_L1,D1990s,median_all5,5,10,-0.756355,-0.0362488,-0.386091,-0.0633245,-0.757534,-0.00117885,1.66579e-05,0.0362655,0.0602967,-0.147175,0.238916,-0.0633245,0.35,2.4,-0.0184411,0.0357958,-0.140465,0.368203,2
GOLD_AVG_L1,D2000s,median_SMA6-12,4,10,0.873937,0.149002,-0.213843,-0.117037,0.800836,-0.0731009,0.12899,-0.0200121,0.128101,-0.156335,0.0575079,-0.117037,0.795833,1.5,0.00571855,-0.0176911,-0.0757533,-0.040659,0
GOLD_AVG_L1,D2000s,median_all5,5,10,0.873937,0.149002,-0.213843,-0.117037,0.799873,-0.0740642,0.128825,-0.0201775,0.128064,-0.179406,0.0344373,-0.117037,0.791667,1.6,0.00536303,-0.0177439,-0.106497,-0.040659,0
GOLD_AVG_L1,D2010s,median_SMA6-12,4,10,0.241354,0.0268269,-0.392777,-0.0659134,0.397787,0.156432,0.0355621,0.0087352,0.0838139,-0.224042,0.168735,-0.0598194,0.566667,1.7,0.0175241,0.00685796,0.137503,0.211263,4
GOLD_AVG_L1,D2010s,median_all5,5,10,0.241354,0.0268269,-0.392777,-0.0659134,0.394298,0.152943,0.035423,0.00859613,0.0841198,-0.221373,0.171403,-0.0598194,0.566667,1.6,0.0173124,0.00676311,0.113252,0.211263,5
GOLD_AVG_L1,D2020s,median_SMA6-12,4,4.75,0.914145,0.123452,-0.154901,-0.056614,1.0308,0.116654,0.119232,-0.00421979,0.0930285,-0.103349,0.0515518,-0.0454311,0.675439,1.89474,0.02787,-0.00374131,-0.133518,0.164017,3
GOLD_AVG_L1,D2020s,median_all5,5,4.75,0.914145,0.123452,-0.154901,-0.056614,1.0183,0.104158,0.118423,-0.0050286,0.0934495,-0.106084,0.0488169,-0.0454311,0.684211,1.68421,0.0254165,-0.00464183,-0.279046,0.164017,3
GOLD_AVG_L1,CAL_GLD_overlap,median_SMA6-12,4,18.67,0.589459,0.0861227,-0.392777,-0.117037,0.659515,0.0700557,0.0832175,-0.00290524,0.109625,-0.224042,0.168735,-0.117037,0.654018,1.60714,0.0220793,-0.00349564,0.021752,0.128051,4
GOLD_AVG_L1,CAL_GLD_overlap,median_all5,5,18.67,0.589459,0.0861227,-0.392777,-0.117037,0.64815,0.0586907,0.0817745,-0.00434818,0.109797,-0.221373,0.171403,-0.117037,0.651786,1.71429,0.0215856,-0.00447755,-0.0847874,0.128051,4
GOLD_ME_GLD,P3_2007_2024_postpub,median_SMA6-12,4,17.75,0.462611,0.0788316,-0.429102,-0.161397,0.404085,-0.0585259,0.0575105,-0.0213211,0.131541,-0.363544,0.065558,-0.110623,0.65493,1.97183,0.00259054,-0.0236414,-0.103444,0.0615368,1
GOLD_ME_GLD,P3_2007_2024_postpub,median_all5,5,17.75,0.462611,0.0788316,-0.429102,-0.161397,0.364464,-0.0981469,0.0537612,-0.0250704,0.131585,-0.33089,0.0982122,-0.110623,0.652582,2.02817,0.00257004,-0.0260852,-0.104632,0.0615368,1
GOLD_ME_GLD,P3b_2009_2024_postpub_ex2008,median_SMA6-12,4,15.75,0.427711,0.0677814,-0.429102,-0.110623,0.350045,-0.077667,0.0470943,-0.0206871,0.127188,-0.363544,0.065558,-0.110623,0.634921,2.09524,0.00141068,-0.0220847,-0.120263,0.0813205,1
GOLD_ME_GLD,P3b_2009_2024_postpub_ex2008,median_all5,5,15.75,0.427711,0.0677814,-0.429102,-0.110623,0.338574,-0.0891377,0.0462936,-0.0214878,0.127245,-0.33089,0.0982122,-0.110623,0.634921,2.09524,0.0035722,-0.0229594,-0.120263,0.0813205,1
GOLD_ME_GLD,PRE_OOS_all,median_SMA6-12,4,18.67,0.464887,0.0810957,-0.429102,-0.161397,0.404075,-0.0608127,0.0600577,-0.021038,0.132739,-0.363544,0.065558,-0.110623,0.662946,1.98214,0.00240798,-0.0231873,-0.120722,0.029518,1
GOLD_ME_GLD,PRE_OOS_all,median_all5,5,18.67,0.464887,0.0810957,-0.429102,-0.161397,0.367674,-0.0972133,0.0571926,-0.023903,0.132774,-0.33089,0.0982122,-0.110623,0.660714,1.92857,0.00257542,-0.0248042,-0.120722,0.029518,1
GOLD_ME_GLD,P4_2024_10_latest_descriptive,median_SMA6-12,4,2,0.948441,0.251741,-0.238491,-0.116849,1.07305,0.124613,0.25888,0.00713848,0.197282,-0.206775,0.0317162,-0.11368,0.854167,0.75,0.0313509,0.0014934,-0.210222,0.46605,2
GOLD_ME_GLD,P4_2024_10_latest_descriptive,median_all5,5,2,0.948441,0.251741,-0.238491,-0.116849,0.948441,0,0.251741,0,0.205191,-0.238491,0,-0.116849,0.875,0.5,0.0103992,0,-0.210222,0.46605,2
GOLD_ME_GLD,FULL_incl_P4,median_SMA6-12,4,20.67,0.523055,0.0965384,-0.429102,-0.161397,0.481857,-0.0411978,0.0759893,-0.0205491,0.140166,-0.363544,0.065558,-0.113736,0.681452,1.83871,0.00606378,-0.0225158,-0.106278,0.0828296,2
GOLD_ME_GLD,FULL_incl_P4,median_all5,5,20.67,0.523055,0.0965384,-0.429102,-0.161397,0.444806,-0.0782486,0.0746166,-0.0219219,0.141632,-0.33089,0.0982122,-0.116849,0.677419,1.79032,0.0066439,-0.0224038,-0.106278,0.0828296,2
GOLD_ME_GLD,D2000s,median_SMA6-12,4,3.92,0.759846,0.176896,-0.258266,-0.161397,0.663422,-0.0964246,0.135444,-0.0414514,0.173079,-0.150785,0.10748,-0.0929174,0.861702,1.2766,-0.0192086,-0.0417574,-0.113359,-0.0542907,0
GOLD_ME_GLD,D2000s,median_all5,5,3.92,0.759846,0.176896,-0.258266,-0.161397,0.648448,-0.111398,0.132347,-0.0445488,0.173102,-0.151124,0.107142,-0.0929174,0.851064,1.53191,-0.0183135,-0.0442659,-0.186509,-0.0542907,0
GOLD_ME_GLD,D2010s,median_SMA6-12,4,10,0.225823,0.0290565,-0.429102,-0.110623,0.237764,0.011941,0.0268967,-0.00215972,0.120904,-0.363544,0.065558,-0.110623,0.566667,1.9,0.00805,-0.00575878,-0.0759754,0.160126,2
GOLD_ME_GLD,D2010s,median_all5,5,10,0.225823,0.0290565,-0.429102,-0.110623,0.233992,0.00816982,0.0268159,-0.00224053,0.120998,-0.33089,0.0982122,-0.110623,0.566667,1.8,0.00941483,-0.00580788,-0.0759754,0.160126,3
GOLD_ME_GLD,D2020s,median_SMA6-12,4,4.75,0.693933,0.118316,-0.180769,-0.0714766,0.485731,-0.208202,0.0765584,-0.0417574,0.118286,-0.238134,-0.0573653,-0.0724766,0.692982,2.73684,-0.0114171,-0.0388462,-0.379668,-0.12716,0
GOLD_ME_GLD,D2020s,median_all5,5,4.75,0.693933,0.118316,-0.180769,-0.0714766,0.442516,-0.251417,0.0727888,-0.045527,0.118406,-0.238134,-0.0573653,-0.0724766,0.684211,2.52632,-0.0161535,-0.0425636,-0.379668,-0.12716,0
GOLD_ME_GLD,CAL_GLD_overlap,median_SMA6-12,4,18.67,0.464887,0.0810957,-0.429102,-0.161397,0.404075,-0.0608127,0.0600577,-0.021038,0.132739,-0.363544,0.065558,-0.110623,0.662946,1.98214,0.00240798,-0.0231873,-0.120722,0.029518,1
GOLD_ME_GLD,CAL_GLD_overlap,median_all5,5,18.67,0.464887,0.0810957,-0.429102,-0.161397,0.367674,-0.0972133,0.0571926,-0.023903,0.132774,-0.33089,0.0982122,-0.110623,0.660714,1.92857,0.00257542,-0.0248042,-0.120722,0.029518,1
COMMOD_M,P0_pre1926,median_SMA6-12,4,48.33,0.241366,0.0788237,-0.5967,-0.178605,0.238748,-0.0026187,0.0752802,-0.00354346,0.15558,-0.410647,0.186053,-0.178605,0.623276,1.94483,0.00698871,-0.00891181,-0.0337351,0.0580568,2
COMMOD_M,P0_pre1926,median_all5,5,48.33,0.241366,0.0788237,-0.5967,-0.178605,0.254157,0.0127903,0.0778053,-0.00101834,0.155445,-0.390723,0.205978,-0.178605,0.613793,1.84138,0.010056,-0.00649937,-0.0337351,0.0580568,3
COMMOD_M,P1_1926_1972,median_SMA6-12,4,46.5,0.314693,0.0611623,-0.793064,-0.162243,0.457522,0.142829,0.0743276,0.0131653,0.130143,-0.275418,0.517646,-0.152233,0.604839,1.6129,0.0275919,0.00853126,0.130878,0.174944,4
COMMOD_M,P1_1926_1972,median_all5,5,46.5,0.314693,0.0611623,-0.793064,-0.162243,0.451144,0.136451,0.0738481,0.0126858,0.13002,-0.27754,0.515523,-0.152233,0.596774,1.50538,0.026971,0.00818345,0.0774203,0.174944,5
COMMOD_M,P2_1973_2006_faber,median_SMA6-12,4,34,0.416487,0.11523,-0.325047,-0.11552,0.510151,0.0936636,0.122722,0.00749253,0.127112,-0.168368,0.156678,-0.11552,0.740196,1.29412,0.0208812,0.00597157,0.0771037,0.124282,4
COMMOD_M,P2_1973_2006_faber,median_all5,5,34,0.416487,0.11523,-0.325047,-0.11552,0.517401,0.100914,0.123068,0.00783807,0.124808,-0.168368,0.156678,-0.11552,0.727941,1.23529,0.0221548,0.00575122,0.0771037,0.124282,5
COMMOD_M,P3_2007_2024_postpub,median_SMA6-12,4,17.75,0.118078,0.0185903,-0.579472,-0.208566,0.380372,0.262294,0.0487961,0.0302058,0.108319,-0.249585,0.329888,-0.115404,0.558685,1.6338,0.0304865,0.0240438,0.184583,0.337537,4
COMMOD_M,P3_2007_2024_postpub,median_all5,5,17.75,0.118078,0.0185903,-0.579472,-0.208566,0.312828,0.19475,0.0415958,0.0230056,0.10842,-0.255154,0.324319,-0.138332,0.549296,1.52113,0.0236474,0.0173684,0.0357466,0.337537,5
COMMOD_M,P3b_2009_2024_postpub_ex2008,median_SMA6-12,4,15.75,0.241294,0.0348516,-0.548911,-0.140518,0.312791,0.0714972,0.0373049,0.0024533,0.0997055,-0.249585,0.299326,-0.115404,0.52381,1.77778,0.013377,-0.000679257,-0.00192646,0.186262,3
COMMOD_M,P3b_2009_2024_postpub_ex2008,median_all5,5,15.75,0.241294,0.0348516,-0.548911,-0.140518,0.25243,0.0111367,0.0310001,-0.00385146,0.10006,-0.255154,0.293757,-0.138332,0.513228,1.65079,0.00672556,-0.0071084,-0.100601,0.186262,3
COMMOD_M,PRE_OOS_all,median_SMA6-12,4,146.58,0.28286,0.0739853,-0.822004,-0.208566,0.383636,0.100776,0.0837243,0.009739,0.136293,-0.435213,0.386791,-0.178605,0.635873,1.65094,0.0209431,0.00494726,0.0695704,0.121643,4
COMMOD_M,PRE_OOS_all,median_all5,5,146.58,0.28286,0.0739853,-0.822004,-0.208566,0.364008,0.0811477,0.0810127,0.00702738,0.135937,-0.432466,0.389538,-0.178605,0.625355,1.54179,0.0177612,0.0024014,0.0674931,0.121643,5
COMMOD_M,P4_2024_10_latest_descriptive,median_SMA6-12,4,2,1.35022,0.255888,-0.0997443,-0.0794242,1.24327,-0.106956,0.236546,-0.0193424,0.147565,-0.0997443,0,-0.0794242,0.9375,1.5,-0.00344646,-0.0144427,-0.340153,0,0
COMMOD_M,P4_2024_10_latest_descriptive,median_all5,5,2,1.35022,0.255888,-0.0997443,-0.0794242,1.14084,-0.209379,0.217841,-0.0380471,0.147376,-0.0997443,0,-0.0794242,0.875,2.5,-0.00639291,-0.0288854,-0.340153,0,0
COMMOD_M,FULL_incl_P4,median_SMA6-12,4,148.58,0.295037,0.0762496,-0.822004,-0.208566,0.394989,0.0999517,0.0855722,0.00932252,0.136444,-0.435213,0.386791,-0.178605,0.639933,1.64891,0.0212093,0.00468626,0.0717809,0.120211,4
COMMOD_M,FULL_incl_P4,median_all5,5,148.58,0.295037,0.0762496,-0.822004,-0.208566,0.378126,0.0830893,0.0831967,0.0069471,0.136157,-0.432466,0.389538,-0.178605,0.628716,1.52776,0.0182043,0.00236908,0.0670754,0.120211,5
COMMOD_M,D1880s,median_SMA6-12,4,10,-0.211349,-0.00541808,-0.420727,-0.154458,-0.330416,-0.119066,-0.00752005,-0.00210197,0.140994,-0.398663,0.0220642,-0.154458,0.525,2.3,-0.0263547,-0.00640959,-0.196335,0.0516871,1
COMMOD_M,D1880s,median_all5,5,10,-0.211349,-0.00541808,-0.420727,-0.154458,-0.257586,-0.0462366,0.00222353,0.00764162,0.14088,-0.364859,0.0558674,-0.154458,0.525,2.3,-0.0160139,0.00331077,-0.196335,0.187196,2
COMMOD_M,D1890s,median_SMA6-12,4,10,-0.118001,-0.000424022,-0.539556,-0.109686,-0.153643,-0.0356415,0.0130595,0.0134835,0.146107,-0.278514,0.261042,-0.109686,0.470833,2.1,-0.0106946,0.00514453,-0.137685,0.0170821,1
COMMOD_M,D1890s,median_all5,5,10,-0.118001,-0.000424022,-0.539556,-0.109686,-0.172447,-0.0544458,0.010067,0.010491,0.147184,-0.286725,0.252831,-0.109686,0.466667,2.4,-0.0137414,0.00260307,-0.137685,0.0170821,1
COMMOD_M,D1900s,median_SMA6-12,4,10,1.22934,0.233649,-0.136494,-0.0809455,1.10977,-0.119573,0.207401,-0.0262485,0.135306,-0.143499,-0.00700489,-0.0809455,0.916667,1.2,-0.00801888,-0.0214587,-0.150005,-0.0997269,0
COMMOD_M,D1900s,median_all5,5,10,1.22934,0.233649,-0.136494,-0.0809455,1.10977,-0.119573,0.207401,-0.0262485,0.134135,-0.136494,1.11022e-16,-0.0809455,0.908333,1.1,-0.0109365,-0.0214587,-0.232678,-0.0997269,0
COMMOD_M,D1910s,median_SMA6-12,4,10,0.72161,0.192794,-0.245988,-0.178605,0.55522,-0.16639,0.140705,-0.0520897,0.185665,-0.237048,0.00894059,-0.178605,0.716667,1.65,-0.00700443,-0.0490141,-0.265405,-0.0906409,0
COMMOD_M,D1910s,median_all5,5,10,0.72161,0.192794,-0.245988,-0.178605,0.51252,-0.209091,0.131594,-0.0612007,0.185972,-0.237048,0.00894059,-0.178605,0.725,1.6,-0.0164084,-0.0572355,-0.413048,-0.0906409,0
COMMOD_M,D1920s,median_SMA6-12,4,10,-0.222725,-0.0238034,-0.582724,-0.173762,-0.267411,-0.0446866,-0.00487946,0.0189239,0.150386,-0.380298,0.202426,-0.173762,0.5,2.8,-0.0172329,0.0101953,-0.277009,0.136596,1
COMMOD_M,D1920s,median_all5,5,10,-0.222725,-0.0238034,-0.582724,-0.173762,-0.258663,-0.0359378,-0.00449405,0.0193094,0.147958,-0.35356,0.229164,-0.173762,0.491667,2.8,-0.0165042,0.0112154,-0.277009,0.285116,2
COMMOD_M,D1930s,median_SMA6-12,4,10,-0.0670434,-0.0441309,-0.723357,-0.162243,0.329934,0.396978,0.0488582,0.0929891,0.172979,-0.267441,0.455915,-0.106739,0.3375,1.4,0.061327,0.0742616,0.30364,0.481418,4
COMMOD_M,D1930s,median_all5,5,10,-0.0670434,-0.0441309,-0.723357,-0.162243,0.324414,0.391458,0.0477706,0.0919015,0.17244,-0.27754,0.445816,-0.106739,0.35,1.3,0.0598769,0.0732049,0.30364,0.481418,5
COMMOD_M,D1940s,median_SMA6-12,4,10,0.863991,0.14589,-0.299563,-0.152233,0.883205,0.0192143,0.13963,-0.0062607,0.157957,-0.188143,0.11142,-0.152233,0.729167,1.1,0.0292535,-0.0066636,-0.0631183,0.0946803,2
COMMOD_M,D1940s,median_all5,5,10,0.863991,0.14589,-0.299563,-0.152233,0.855846,-0.00814528,0.135333,-0.0105576,0.157443,-0.205877,0.0936869,-0.152233,0.741667,1,0.0243269,-0.010463,-0.203467,0.0946803,2
COMMOD_M,D1950s,median_SMA6-12,4,10,0.59604,0.0866658,-0.170015,-0.087077,0.621005,0.0249643,0.0819307,-0.00473505,0.107299,-0.138155,0.0318597,-0.0745758,0.658333,1.7,0.0191135,-0.00394876,-0.041319,0.0427758,3
COMMOD_M,D1950s,median_all5,5,10,0.59604,0.0866658,-0.170015,-0.087077,0.603344,0.00730396,0.0803877,-0.00627804,0.106988,-0.158202,0.0118129,-0.087077,0.65,1.6,0.0168191,-0.00559446,-0.041319,0.0427758,3
COMMOD_M,D1960s,median_SMA6-12,4,10,0.172023,0.0497222,-0.133912,-0.0516493,0.136566,-0.035457,0.0460338,-0.00368847,0.0663811,-0.0797475,0.054165,-0.0516493,0.683333,1.9,-0.000210676,-0.00265018,-0.0686141,0.0236826,1
COMMOD_M,D1960s,median_all5,5,10,0.172023,0.0497222,-0.133912,-0.0516493,0.127189,-0.0448336,0.045212,-0.00451022,0.0656473,-0.0865874,0.0473251,-0.0516493,0.658333,2,-0.000639067,-0.00328892,-0.137979,0.0236826,1
COMMOD_M,D1970s,median_SMA6-12,4,10,0.996057,0.26769,-0.224138,-0.0948739,0.943216,-0.0528408,0.246978,-0.0207122,0.187249,-0.168368,0.0557701,-0.0948739,0.866667,1,0.00292714,-0.0177713,-0.0881399,-0.00458947,0
COMMOD_M,D1970s,median_all5,5,10,0.996057,0.26769,-0.224138,-0.0948739,0.943216,-0.0528408,0.246978,-0.0207122,0.185112,-0.168368,0.0557701,-0.0948739,0.841667,1.4,0.00292714,-0.0177713,-0.100836,-0.00458947,0
COMMOD_M,D1980s,median_SMA6-12,4,10,-0.136021,0.061715,-0.234909,-0.11552,-0.0236425,0.112379,0.0804175,0.0187025,0.102979,-0.14054,0.0943687,-0.11552,0.633333,1.6,0.00904191,0.0168076,0.0969359,0.235313,4
COMMOD_M,D1980s,median_all5,5,10,-0.136021,0.061715,-0.234909,-0.11552,-0.0149841,0.121037,0.0809895,0.0192745,0.0988232,-0.131142,0.103767,-0.11552,0.608333,1.6,0.0100595,0.0173056,0.0969359,0.268351,5
COMMOD_M,D1990s,median_SMA6-12,4,10,-0.015963,0.0430016,-0.325047,-0.0569693,0.233867,0.24983,0.0645075,0.0215059,0.0723318,-0.161361,0.163685,-0.0492816,0.7,1.6,0.0182001,0.0201563,0.193723,0.361707,4
COMMOD_M,D1990s,median_all5,5,10,-0.015963,0.0430016,-0.325047,-0.0569693,0.233762,0.249725,0.0644819,0.0214803,0.071296,-0.15809,0.166957,-0.0535525,0.7,1.6,0.0181641,0.0200203,0.170967,0.361707,5
COMMOD_M,D2000s,median_SMA6-12,4,10,0.535376,0.100855,-0.48218,-0.208566,0.973313,0.437937,0.136251,0.0353965,0.109672,-0.140917,0.341263,-0.0899832,0.816667,0.6,0.0410499,0.0268199,0.427967,0.578764,4
COMMOD_M,D2000s,median_all5,5,10,0.535376,0.100855,-0.48218,-0.208566,0.963343,0.427967,0.134967,0.0341124,0.109759,-0.150277,0.331904,-0.0899832,0.816667,0.6,0.0398991,0.0256691,0.231891,0.578764,5
COMMOD_M,D2010s,median_SMA6-12,4,10,-0.1297,-0.0198443,-0.473518,-0.138332,-0.0417604,0.0879398,-0.00280646,0.0170378,0.0852711,-0.248218,0.2253,-0.115404,0.454167,1.75,0.00409208,0.0146347,0.0449617,0.331397,4
COMMOD_M,D2010s,median_all5,5,10,-0.1297,-0.0198443,-0.473518,-0.138332,-0.064831,0.0648692,-0.00507294,0.0147713,0.0889249,-0.25242,0.221098,-0.138332,0.466667,1.7,0.00201995,0.0126623,-0.0253601,0.331397,4
COMMOD_M,D2020s,median_SMA6-12,4,4.75,0.617462,0.114387,-0.202564,-0.140518,0.622019,0.00455657,0.0959731,-0.0184136,0.120537,-0.152722,0.049842,-0.0883359,0.657895,2,0.00819,-0.0201642,-0.127399,0.113923,2
COMMOD_M,D2020s,median_all5,5,4.75,0.617462,0.114387,-0.202564,-0.140518,0.608547,-0.00891542,0.094842,-0.0195447,0.11956,-0.149603,0.0529613,-0.0883359,0.649123,1.89474,0.0101038,-0.0209001,-0.127399,0.113923,2
REIT_M,P2_1973_2006_faber,median_SMA6-12,4,33.92,0.602643,0.141332,-0.325623,-0.152396,0.706479,0.103836,0.142197,0.000865535,0.110842,-0.162613,0.16301,-0.145814,0.777641,1.20885,0.0152186,-0.0011018,0.013619,0.175203,4
REIT_M,P2_1973_2006_faber,median_all5,5,33.92,0.602643,0.141332,-0.325623,-0.152396,0.704212,0.101569,0.141343,1.12176e-05,0.111158,-0.179071,0.146552,-0.145814,0.771499,1.12039,0.0172619,-0.00230574,0.013619,0.175203,5
REIT_M,P3_2007_2024_postpub,median_SMA6-12,4,17.75,0.320102,0.0600341,-0.682965,-0.316682,0.338434,0.018333,0.0499046,-0.0101294,0.137353,-0.332325,0.35064,-0.213208,0.676056,2.02817,-0.00379084,-0.025963,-0.103389,0.036781,3
REIT_M,P3_2007_2024_postpub,median_all5,5,17.75,0.320102,0.0600341,-0.682965,-0.316682,0.326187,0.00608556,0.0497687,-0.0102654,0.138155,-0.244732,0.438233,-0.186846,0.680751,1.80282,-0.00468289,-0.0259772,-0.103389,0.036781,3
REIT_M,P3b_2009_2024_postpub_ex2008,median_SMA6-12,4,15.75,0.578128,0.112506,-0.313698,-0.208244,0.542841,-0.0352877,0.0729066,-0.0395992,0.126599,-0.1883,0.125399,-0.0796119,0.708995,1.96825,-0.0144248,-0.0470143,-0.0913917,0.105228,2
REIT_M,P3b_2009_2024_postpub_ex2008,median_all5,5,15.75,0.578128,0.112506,-0.313698,-0.208244,0.49428,-0.0838485,0.0658823,-0.0466236,0.126733,-0.1883,0.125399,-0.0798986,0.714286,1.84127,-0.0199174,-0.0536502,-0.180912,0.105228,2
REIT_M,PRE_OOS_all,median_SMA6-12,4,51.67,0.458611,0.112722,-0.682965,-0.316682,0.54939,0.0907787,0.108219,-0.00450343,0.122881,-0.337033,0.345933,-0.234539,0.743548,1.49032,0.00824981,-0.0101559,0.0619903,0.103824,4
REIT_M,PRE_OOS_all,median_all5,5,51.67,0.458611,0.112722,-0.682965,-0.316682,0.543016,0.0844047,0.108032,-0.00469037,0.122701,-0.244732,0.438233,-0.186846,0.741935,1.35484,0.00917562,-0.0106553,0.0619903,0.103824,5
REIT_M,P4_2024_10_latest_descriptive,median_SMA6-12,4,2,-0.170646,0.0068972,-0.0828468,-0.0799828,-0.485715,-0.315068,-0.0322537,-0.0391509,0.132562,-0.107426,-0.0245789,-0.0799828,0.666667,3.5,-0.0481012,-0.0371034,-0.367394,-0.17844,0
REIT_M,P4_2024_10_latest_descriptive,median_all5,5,2,-0.170646,0.0068972,-0.0828468,-0.0799828,-0.53804,-0.367394,-0.0377083,-0.0446055,0.130676,-0.117487,-0.0346404,-0.0799828,0.625,3,-0.0555007,-0.0425033,-1.04462,-0.17844,0
REIT_M,FULL_incl_P4,median_SMA6-12,4,53.67,0.43912,0.108586,-0.682965,-0.316682,0.507372,0.068252,0.102634,-0.00595126,0.123422,-0.337033,0.345933,-0.234539,0.740683,1.56522,0.00638134,-0.0111602,0.0359005,0.0866864,4
REIT_M,FULL_incl_P4,median_all5,5,53.67,0.43912,0.108586,-0.682965,-0.316682,0.497609,0.058489,0.102224,-0.00636195,0.122341,-0.244732,0.438233,-0.186846,0.737578,1.41615,0.00598703,-0.0114397,0.0359005,0.0866864,5
REIT_M,D1970s,median_SMA6-12,4,6.92,0.329607,0.114269,-0.325623,-0.140009,0.420846,0.091239,0.118535,0.00426631,0.12662,-0.144827,0.180796,-0.140009,0.680723,1.44578,0.0150887,-0.000552724,-0.0557861,0.147276,3
REIT_M,D1970s,median_all5,5,6.92,0.329607,0.114269,-0.325623,-0.140009,0.432588,0.10298,0.120196,0.00592712,0.126601,-0.144827,0.180796,-0.140009,0.674699,1.44578,0.0162582,0.00109362,-0.0557861,0.323735,4
REIT_M,D1980s,median_SMA6-12,4,10,0.551203,0.156433,-0.179071,-0.152396,0.519198,-0.0320053,0.142206,-0.014227,0.102354,-0.121549,0.0575222,-0.121549,0.858333,1.35,-0.00394118,-0.0132223,-0.197163,0.0523454,2
REIT_M,D1980s,median_all5,5,10,0.551203,0.156433,-0.179071,-0.152396,0.531941,-0.0192615,0.147818,-0.0086155,0.102808,-0.121549,0.0575222,-0.121549,0.85,1.2,-0.000858222,-0.00875043,-0.197163,0.0523454,2
REIT_M,D1990s,median_SMA6-12,4,10,0.373953,0.0913739,-0.237289,-0.0943706,0.815194,0.441241,0.126163,0.0347895,0.0914462,-0.0744331,0.162856,-0.0542304,0.7,1.05,0.0413903,0.0288686,0.385651,0.475279,4
REIT_M,D1990s,median_all5,5,10,0.373953,0.0913739,-0.237289,-0.0943706,0.80791,0.433956,0.125273,0.0338987,0.0907898,-0.0750248,0.162265,-0.0542304,0.691667,0.9,0.0409722,0.0280558,0.291009,0.475279,5
REIT_M,D2000s,median_SMA6-12,4,10,0.430165,0.106269,-0.682965,-0.316682,0.652545,0.22238,0.119085,0.012816,0.154161,-0.328474,0.354491,-0.231248,0.716667,1.4,0.0235031,-0.0050817,0.0654385,0.422029,4
REIT_M,D2000s,median_all5,5,10,0.430165,0.106269,-0.682965,-0.316682,0.695797,0.265631,0.111669,0.00540013,0.136974,-0.202439,0.480526,-0.145814,0.708333,1.3,0.0144315,-0.0163725,0.0654385,0.422029,5
REIT_M,D2010s,median_SMA6-12,4,10,0.844624,0.125879,-0.176794,-0.109735,0.525607,-0.319017,0.0593457,-0.0665332,0.117555,-0.178096,-0.00130148,-0.0793986,0.804167,1.9,-0.0380745,-0.0629877,-0.428248,-0.132947,0
REIT_M,D2010s,median_all5,5,10,0.844624,0.125879,-0.176794,-0.109735,0.585098,-0.259526,0.0675399,-0.058339,0.120945,-0.178096,-0.00130148,-0.0798986,0.816667,1.8,-0.0319095,-0.0560953,-0.428248,-0.132947,0
REIT_M,D2020s,median_SMA6-12,4,4.75,0.24536,0.0533232,-0.313698,-0.186846,0.298488,0.0531281,0.0541137,0.000790472,0.128967,-0.187013,0.126685,-0.0793252,0.526316,2.73684,0.0093375,-0.0115348,-0.137523,0.220818,3
REIT_M,D2020s,median_all5,5,4.75,0.24536,0.0533232,-0.313698,-0.186846,0.246532,0.00117224,0.0472288,-0.00609434,0.129918,-0.1883,0.125399,-0.0793252,0.526316,2.52632,0.0015159,-0.0177571,-0.378528,0.220818,3
INTL_M,P2_1973_2006_faber,median_SMA6-12,4,30.92,0.418533,0.119212,-0.455883,-0.1495,0.450568,0.0320357,0.112556,-0.00665574,0.124052,-0.312642,0.143241,-0.1495,0.695418,1.6496,0.0098057,-0.00938329,0.00118307,0.0829712,4
INTL_M,P2_1973_2006_faber,median_all5,5,30.92,0.418533,0.119212,-0.455883,-0.1495,0.477999,0.0594662,0.116437,-0.00277557,0.123733,-0.303933,0.151949,-0.1495,0.681941,1.55256,0.012,-0.00614879,0.00118307,0.152474,5
INTL_M,P3_2007_2024_postpub,median_SMA6-12,4,17.75,0.268875,0.0446189,-0.559401,-0.2103,0.33354,0.0646651,0.0428347,-0.00178419,0.109343,-0.224464,0.334937,-0.1123,0.659624,2.02817,0.00501079,-0.00897465,-0.0185651,0.156594,2
INTL_M,P3_2007_2024_postpub,median_all5,5,17.75,0.268875,0.0446189,-0.559401,-0.2103,0.253918,-0.0149571,0.0346851,-0.00993378,0.108902,-0.247189,0.312212,-0.1123,0.657277,2.02817,-0.00286546,-0.016862,-0.10202,0.156594,2
INTL_M,P3b_2009_2024_postpub_ex2008,median_SMA6-12,4,15.75,0.492406,0.0799297,-0.278414,-0.138,0.405199,-0.0872074,0.049149,-0.0307807,0.109077,-0.223951,0.0544624,-0.1123,0.671958,2.09524,-0.00945345,-0.0343587,-0.158116,-0.0133828,0
INTL_M,P3b_2009_2024_postpub_ex2008,median_all5,5,15.75,0.492406,0.0799297,-0.278414,-0.138,0.339374,-0.153032,0.0418062,-0.0381235,0.108364,-0.246163,0.0322506,-0.1123,0.666667,2.09524,-0.0167513,-0.0415492,-0.301512,-0.0133828,0
INTL_M,PRE_OOS_all,median_SMA6-12,4,48.67,0.361599,0.0914083,-0.559401,-0.2103,0.418586,0.0569866,0.0876372,-0.0037711,0.118963,-0.312642,0.246759,-0.1495,0.684932,1.78767,0.00881477,-0.00821918,0.0393247,0.0597551,4
INTL_M,PRE_OOS_all,median_all5,5,48.67,0.361599,0.0914083,-0.559401,-0.2103,0.418638,0.0570387,0.0872765,-0.00413174,0.118139,-0.303933,0.255467,-0.1495,0.674658,1.68493,0.00953458,-0.00841233,0.0393247,0.0695447,5
INTL_M,P4_2024_10_latest_descriptive,median_SMA6-12,4,1.92,1.11029,0.186595,-0.0925,-0.0925,0.916597,-0.19369,0.152438,-0.0341571,0.119085,-0.0925,0,-0.0925,0.891304,1.56522,-0.0151985,-0.0288261,-0.22867,-0.15871,0
INTL_M,P4_2024_10_latest_descriptive,median_all5,5,1.92,1.11029,0.186595,-0.0925,-0.0925,0.881617,-0.22867,0.142792,-0.0438032,0.121986,-0.0925,0,-0.0925,0.913043,2.08696,-0.015262,-0.0373565,-0.326602,-0.15871,0
INTL_M,FULL_incl_P4,median_SMA6-12,4,50.58,0.383045,0.0948718,-0.559401,-0.2103,0.437123,0.0540782,0.0896777,-0.00519411,0.118918,-0.312642,0.246759,-0.1495,0.692751,1.77924,0.00848919,-0.00932323,0.0396594,0.0565111,4
INTL_M,FULL_incl_P4,median_all5,5,50.58,0.383045,0.0948718,-0.559401,-0.2103,0.438351,0.0553061,0.0893301,-0.00554174,0.11792,-0.303933,0.255467,-0.1495,0.680395,1.66063,0.00904139,-0.00950906,0.0396594,0.0630837,5
INTL_M,D1970s,median_SMA6-12,4,3.92,0.624409,0.14597,-0.116349,-0.0845,0.620659,-0.00375002,0.134831,-0.0111392,0.104304,-0.0845,0.0318487,-0.0845,0.851064,1.02128,-0.00448194,-0.0110936,-0.174119,0.0214444,2
INTL_M,D1970s,median_all5,5,3.92,0.624409,0.14597,-0.116349,-0.0845,0.604006,-0.0204034,0.133142,-0.0128285,0.104519,-0.0845,0.0318487,-0.0845,0.829787,1.02128,-0.0083837,-0.0127915,-0.22333,0.0214444,2
INTL_M,D1980s,median_SMA6-12,4,10,0.708938,0.213215,-0.21313,-0.1495,0.682714,-0.0262237,0.191584,-0.0216313,0.147254,-0.167596,0.0455344,-0.1495,0.7625,1.7,0.0055365,-0.020695,-0.0677493,0.0242624,1
INTL_M,D1980s,median_all5,5,10,0.708938,0.213215,-0.21313,-0.1495,0.677278,-0.0316595,0.190094,-0.0231212,0.14687,-0.167596,0.0455344,-0.1495,0.758333,1.8,0.007245,-0.02199,-0.0746732,0.0242624,1
INTL_M,D1990s,median_SMA6-12,4,10,0.159387,0.062788,-0.275896,-0.1395,-0.106247,-0.265633,0.0286071,-0.0341809,0.119748,-0.25818,0.0177168,-0.1162,0.620833,2.5,-0.029627,-0.03721,-0.405646,-0.120372,0
INTL_M,D1990s,median_all5,5,10,0.159387,0.062788,-0.275896,-0.1395,-0.0929092,-0.252296,0.0302565,-0.0325315,0.119662,-0.25818,0.0177168,-0.1162,0.608333,2.2,-0.028366,-0.03611,-0.405646,0.206395,1
INTL_M,D2000s,median_SMA6-12,4,10,0.084565,0.0262903,-0.559401,-0.2103,0.79159,0.707025,0.110094,0.0838039,0.104175,-0.165454,0.393946,-0.0911,0.608333,1,0.0739455,0.06889,0.59197,0.799595,4
INTL_M,D2000s,median_all5,5,10,0.084565,0.0262903,-0.559401,-0.2103,0.706495,0.62193,0.100115,0.0738243,0.104135,-0.146396,0.413005,-0.0911,0.6,1,0.0645982,0.05956,0.575771,0.799595,5
INTL_M,D2010s,median_SMA6-12,4,10,0.466614,0.0628598,-0.22487,-0.1123,0.199146,-0.267468,0.0201275,-0.0427323,0.101466,-0.210837,0.0140331,-0.1123,0.679167,2.4,-0.0248828,-0.043845,-0.336979,-0.0979818,0
INTL_M,D2010s,median_all5,5,10,0.466614,0.0628598,-0.22487,-0.1123,0.252471,-0.214143,0.0253405,-0.0375193,0.103213,-0.223826,0.00104403,-0.1123,0.675,2.4,-0.019743,-0.03878,-0.336979,-0.0979818,0
INTL_M,D2020s,median_SMA6-12,4,4.75,0.329789,0.0679637,-0.278414,-0.138,0.424512,0.094723,0.0686832,0.000719579,0.120378,-0.0952223,0.183191,-0.0877,0.675439,1.68421,0.0108523,-0.00703158,-0.112496,0.108186,3
INTL_M,D2020s,median_all5,5,4.75,0.329789,0.0679637,-0.278414,-0.138,0.411049,0.0812603,0.0664043,-0.00155931,0.118484,-0.0952223,0.183191,-0.0877,0.666667,1.68421,0.00901754,-0.0096,-0.473334,0.108186,3
US_EQ_SHA_L2,P0_pre1926,median_SMA6-12,4,49.67,0.229911,0.0723444,-0.344651,-0.156152,0.285901,0.0559904,0.0736151,0.00127071,0.0931305,-0.203096,0.141554,-0.113834,0.65604,1.65101,0.00779052,-0.00064942,0.00593484,0.0817801,4
US_EQ_SHA_L2,P0_pre1926,median_all5,5,49.67,0.229911,0.0723444,-0.344651,-0.156152,0.292535,0.0626243,0.0732589,0.000914504,0.0923936,-0.197355,0.147296,-0.113834,0.645973,1.4698,0.00951285,-0.00205473,0.00593484,0.0817801,5
US_EQ_SHA_L2,P1_1926_1972,median_SMA6-12,4,42.58,0.512962,0.105167,-0.820175,-0.339936,0.562799,0.0498372,0.0877849,-0.0173821,0.130703,-0.574258,0.245917,-0.339936,0.694716,1.409,0.00490033,-0.0238127,0.0115996,0.104994,4
US_EQ_SHA_L2,P1_1926_1972,median_all5,5,42.58,0.512962,0.105167,-0.820175,-0.339936,0.538377,0.025415,0.0853635,-0.0198035,0.128489,-0.5526,0.267575,-0.339936,0.688845,1.38552,0.00230003,-0.0259465,-0.0109873,0.104994,4
US_EQ_SHA_L2,P2_1973_2006_faber,median_SMA6-12,4,31.17,0.460854,0.117906,-0.41776,-0.228961,0.601595,0.140741,0.121599,0.00369369,0.100787,-0.262285,0.155476,-0.228961,0.72861,1.02674,0.0160368,0.000566501,-0.0034866,0.157797,3
US_EQ_SHA_L2,P2_1973_2006_faber,median_all5,5,31.17,0.460854,0.117906,-0.41776,-0.228961,0.596815,0.135961,0.120445,0.00253966,0.100723,-0.262285,0.155476,-0.228961,0.721925,0.834225,0.0156359,-0.00036046,-0.0034866,0.157797,4
US_EQ_SHA_L2,P3_2007_2024_postpub,median_SMA6-12,4,15.17,0.653726,0.0980317,-0.483747,-0.272428,0.749097,0.0953712,0.0840527,-0.0139789,0.102479,-0.189166,0.294582,-0.189166,0.760989,1.25275,0.00401885,-0.0177127,0.00275859,0.220166,4
US_EQ_SHA_L2,P3_2007_2024_postpub,median_all5,5,15.17,0.653726,0.0980317,-0.483747,-0.272428,0.740207,0.0864815,0.0831378,-0.0148938,0.102571,-0.189166,0.294582,-0.189166,0.763736,1.18681,0.0029156,-0.0186844,0.00275859,0.220166,5
US_EQ_SHA_L2,P3b_2009_2024_postpub_ex2008,median_SMA6-12,4,13.33,1.11395,0.149631,-0.189166,-0.189166,0.863865,-0.250084,0.0954901,-0.0541407,0.105024,-0.189166,0,-0.189166,0.790625,1.2,-0.0215185,-0.0501539,-0.338103,-0.125782,0
US_EQ_SHA_L2,P3b_2009_2024_postpub_ex2008,median_all5,5,13.33,1.11395,0.149631,-0.189166,-0.189166,0.855135,-0.258814,0.0947278,-0.0549029,0.105271,-0.189166,0,-0.189166,0.79375,1.125,-0.0226382,-0.0508294,-0.338103,-0.125782,0
US_EQ_SHA_L2,PRE_OOS_all,median_SMA6-12,4,138.58,0.42477,0.0953346,-0.820175,-0.339936,0.490791,0.0660205,0.0893076,-0.00602704,0.108304,-0.574258,0.245917,-0.339936,0.695731,1.38545,0.00826405,-0.00988877,0.0590691,0.0785288,4
US_EQ_SHA_L2,PRE_OOS_all,median_all5,5,138.58,0.42477,0.0953346,-0.820175,-0.339936,0.484132,0.0593611,0.0889885,-0.00634611,0.10694,-0.5526,0.267575,-0.339936,0.688515,1.25556,0.00762416,-0.0101427,0.0235619,0.0785288,5
US_EQ_SHA_L2,FULL_incl_P4,median_SMA6-12,4,138.58,0.42477,0.0953346,-0.820175,-0.339936,0.490791,0.0660205,0.0893076,-0.00602704,0.108304,-0.574258,0.245917,-0.339936,0.695731,1.38545,0.00826405,-0.00988877,0.0590691,0.0785288,4
US_EQ_SHA_L2,FULL_incl_P4,median_all5,5,138.58,0.42477,0.0953346,-0.820175,-0.339936,0.484132,0.0593611,0.0889885,-0.00634611,0.10694,-0.5526,0.267575,-0.339936,0.688515,1.25556,0.00762416,-0.0101427,0.0235619,0.0785288,5
US_EQ_SHA_L2,D1870s,median_SMA6-12,4,7,0.0705313,0.0595557,-0.335291,-0.113834,0.101362,0.030831,0.0641447,0.00458902,0.0987463,-0.203096,0.132194,-0.113834,0.732143,1.42857,0.00335859,0.00208134,-0.0496071,0.0764956,3
US_EQ_SHA_L2,D1870s,median_all5,5,7,0.0705313,0.0595557,-0.335291,-0.113834,0.110422,0.0398905,0.0651078,0.00555211,0.0984332,-0.197355,0.137936,-0.113834,0.714286,1.14286,0.00426419,0.00284408,-0.0496071,0.477333,4
US_EQ_SHA_L2,D1880s,median_SMA6-12,4,9.17,0.144355,0.0608976,-0.226593,-0.0757576,0.327688,0.183333,0.0775643,0.0166666,0.0908001,-0.12461,0.101983,-0.0754505,0.645455,1.41818,0.0194167,0.015159,-0.0852808,0.247141,3
US_EQ_SHA_L2,D1880s,median_all5,5,9.17,0.144355,0.0608976,-0.226593,-0.0757576,0.329261,0.184906,0.0763599,0.0154623,0.0907725,-0.113012,0.11358,-0.0754505,0.627273,1.09091,0.0188225,0.0143848,-0.0852808,0.247141,4
US_EQ_SHA_L2,D1890s,median_SMA6-12,4,9.17,0.151706,0.0581962,-0.250699,-0.111216,-0.101011,-0.252717,0.0337132,-0.024483,0.0906544,-0.16414,0.0865592,-0.111216,0.654545,2.07273,-0.0211958,-0.0256907,-0.432062,-0.131038,0
US_EQ_SHA_L2,D1890s,median_all5,5,9.17,0.151706,0.0581962,-0.250699,-0.111216,-0.186804,-0.338511,0.0270449,-0.0311513,0.0893648,-0.163899,0.0867999,-0.111216,0.645455,1.74545,-0.0279512,-0.0320792,-0.432062,-0.131038,0
US_EQ_SHA_L2,D1900s,median_SMA6-12,4,9.17,0.459697,0.108128,-0.344651,-0.156152,0.555467,0.0957701,0.105422,-0.00270597,0.103799,-0.166475,0.178175,-0.0945824,0.668182,1.63636,0.0143835,-0.00580007,0.0392396,0.161955,4
US_EQ_SHA_L2,D1900s,median_all5,5,9.17,0.459697,0.108128,-0.344651,-0.156152,0.57371,0.114013,0.108336,0.000207799,0.103601,-0.153318,0.191333,-0.0945824,0.663636,1.52727,0.016608,-0.00286642,0.0392396,0.259957,5
US_EQ_SHA_L2,D1910s,median_SMA6-12,4,9.17,0.0340359,0.0440152,-0.283675,-0.126026,0.21329,0.179254,0.0625377,0.0185225,0.0855527,-0.114343,0.169332,-0.0625657,0.618182,1.96364,0.0160338,0.0164219,0.0932301,0.22713,4
US_EQ_SHA_L2,D1910s,median_all5,5,9.17,0.0340359,0.0440152,-0.283675,-0.126026,0.196699,0.162663,0.0610601,0.0170449,0.0843833,-0.116096,0.167579,-0.0625657,0.618182,1.96364,0.0145987,0.0149321,-0.0587903,0.22713,4
US_EQ_SHA_L2,D1920s,median_SMA6-12,4,9.17,0.70771,0.161573,-0.339936,-0.339936,0.756064,0.048354,0.162407,0.000833734,0.154683,-0.339936,0,-0.339936,0.759091,0.872727,0.0255166,-0.000573609,0.0125896,0.0812263,4
US_EQ_SHA_L2,D1920s,median_all5,5,9.17,0.70771,0.161573,-0.339936,-0.339936,0.748735,0.0410249,0.162244,0.000670786,0.155364,-0.339936,0,-0.339936,0.754545,0.872727,0.0239836,-0.000575585,-0.0422257,0.0812263,4
US_EQ_SHA_L2,D1930s,median_SMA6-12,4,9.17,0.122107,-0.00458938,-0.783608,-0.232546,0.09479,-0.0273174,0.00732935,0.0119187,0.166878,-0.408237,0.375371,-0.216517,0.468182,1.52727,-0.00267906,-0.0225761,-0.244408,0.071755,1
US_EQ_SHA_L2,D1930s,median_all5,5,9.17,0.122107,-0.00458938,-0.783608,-0.232546,0.102903,-0.0192042,0.0086936,0.013283,0.166732,-0.433936,0.349672,-0.216017,0.463636,1.52727,-0.00130884,-0.0212059,-0.244408,0.071755,2
US_EQ_SHA_L2,D1940s,median_SMA6-12,4,9.17,0.670671,0.0922083,-0.273067,-0.144209,0.405426,-0.265246,0.0460152,-0.0461931,0.119009,-0.300287,-0.0272198,-0.144209,0.663636,1.63636,-0.0145129,-0.0448737,-0.374699,-0.0646851,0
US_EQ_SHA_L2,D1940s,median_all5,5,9.17,0.670671,0.0922083,-0.273067,-0.144209,0.371617,-0.299054,0.0419755,-0.0502328,0.118524,-0.295067,-0.0220001,-0.144209,0.663636,1.52727,-0.0183335,-0.0490215,-0.428554,-0.0646851,0
US_EQ_SHA_L2,D1950s,median_SMA6-12,4,9.17,1.66654,0.206424,-0.159706,-0.0791648,1.53633,-0.130219,0.182752,-0.0236721,0.100504,-0.178726,-0.01902,-0.0791648,0.836364,0.763636,0.0082709,-0.0198151,-0.237465,0.0576537,1
US_EQ_SHA_L2,D1950s,median_all5,5,9.17,1.66654,0.206424,-0.159706,-0.0791648,1.50266,-0.163888,0.178523,-0.0279007,0.100432,-0.160157,-0.000450857,-0.0791648,0.836364,0.872727,0.00437655,-0.0233583,-0.237465,0.0576537,1
US_EQ_SHA_L2,D1960s,median_SMA6-12,4,9.17,0.440472,0.0819664,-0.212397,-0.114119,0.280094,-0.160378,0.0588834,-0.0230831,0.0835038,-0.167614,0.0447828,-0.0929827,0.736364,2.01818,-0.0114134,-0.0219058,-0.303971,0.0464063,1
US_EQ_SHA_L2,D1960s,median_all5,5,9.17,0.440472,0.0819664,-0.212397,-0.114119,0.172749,-0.267723,0.0505223,-0.0314441,0.0892662,-0.212397,1.11022e-16,-0.114119,0.718182,1.85455,-0.0196488,-0.029726,-0.428584,0.0464063,1
US_EQ_SHA_L2,D1970s,median_SMA6-12,4,9.17,0.0497451,0.0599416,-0.395698,-0.113441,0.448362,0.398617,0.102608,0.0426661,0.0900783,-0.0907335,0.304965,-0.0844001,0.586364,1.41818,0.0370284,0.035702,0.290252,0.520262,4
US_EQ_SHA_L2,D1970s,median_all5,5,9.17,0.0497451,0.0599416,-0.395698,-0.113441,0.434635,0.38489,0.100727,0.0407855,0.0894178,-0.0955536,0.300145,-0.0844001,0.563636,0.981818,0.0354025,0.0345077,0.0494914,0.520262,5
US_EQ_SHA_L2,D1980s,median_SMA6-12,4,9.17,0.651226,0.185338,-0.262285,-0.228961,0.53072,-0.120506,0.152846,-0.0324922,0.122854,-0.262285,-1.11022e-16,-0.228961,0.754545,1.09091,-0.00742818,-0.0302515,-0.21881,-0.066647,0
US_EQ_SHA_L2,D1980s,median_all5,5,9.17,0.651226,0.185338,-0.262285,-0.228961,0.521251,-0.129975,0.152653,-0.0326853,0.123009,-0.262285,-1.11022e-16,-0.228961,0.754545,1.09091,-0.00755627,-0.0303796,-0.301569,-0.066647,0
US_EQ_SHA_L2,D1990s,median_SMA6-12,4,9.17,1.24809,0.195106,-0.118588,-0.0785999,1.07645,-0.171632,0.165937,-0.0291693,0.103189,-0.118588,0,-0.0785999,0.904545,0.872727,-0.0126506,-0.0249429,-0.379636,-0.148279,0
US_EQ_SHA_L2,D1990s,median_all5,5,9.17,1.24809,0.195106,-0.118588,-0.0785999,1.07453,-0.173552,0.165751,-0.0293558,0.103222,-0.118588,0,-0.0785999,0.909091,0.872727,-0.0133977,-0.0252108,-0.379636,-0.148279,0
US_EQ_SHA_L2,D2000s,median_SMA6-12,4,9.17,-0.140557,-0.00956811,-0.483747,-0.272428,0.442039,0.582596,0.0584695,0.0680377,0.0718989,-0.101398,0.382349,-0.0640614,0.577273,1.2,0.045417,0.0562861,0.507532,0.635916,4
US_EQ_SHA_L2,D2000s,median_all5,5,9.17,-0.140557,-0.00956811,-0.483747,-0.272428,0.420602,0.561159,0.056629,0.0661971,0.0714277,-0.101398,0.382349,-0.0663413,0.572727,0.872727,0.0437432,0.0541811,0.357114,0.635916,5
US_EQ_SHA_L2,D2010s,median_SMA6-12,4,9.17,1.31886,0.143963,-0.117006,-0.103989,0.912794,-0.406068,0.0884737,-0.0554889,0.0929647,-0.143021,-0.0260149,-0.103989,0.872727,1.09091,-0.0344245,-0.0500432,-0.467421,-0.282207,0
US_EQ_SHA_L2,D2010s,median_all5,5,9.17,1.31886,0.143963,-0.117006,-0.103989,0.974148,-0.344715,0.0940353,-0.0499273,0.0929647,-0.143021,-0.0260149,-0.103989,0.872727,1.09091,-0.0298326,-0.0449228,-0.467421,-0.198862,0
US_EQ_SHA_L2,D2020s,median_SMA6-12,4,3.25,0.700171,0.119043,-0.189166,-0.189166,0.642494,-0.0576768,0.0943199,-0.024723,0.137935,-0.189166,0,-0.189166,0.679487,1.53846,0.0104631,-0.0249919,-0.293888,0.00358338,1
US_EQ_SHA_L2,D2020s,median_all5,5,3.25,0.700171,0.119043,-0.189166,-0.189166,0.627051,-0.0731199,0.092,-0.0270428,0.137976,-0.189166,0,-0.189166,0.666667,1.23077,0.00979982,-0.0274425,-0.383029,0.00358338,1
US_EQ_SHA_L2,CAL_FF_overlap,median_SMA6-12,4,87.83,0.495625,0.105577,-0.820175,-0.339936,0.566346,0.070721,0.0946367,-0.0109399,0.116271,-0.574258,0.245917,-0.339936,0.71537,1.24099,0.00698645,-0.0154896,0.0462402,0.113579,4
US_EQ_SHA_L2,CAL_FF_overlap,median_all5,5,87.83,0.495625,0.105577,-0.820175,-0.339936,0.564373,0.068748,0.0936381,-0.0119386,0.114931,-0.5526,0.267575,-0.339936,0.709677,1.13852,0.00672379,-0.0162089,-0.000583059,0.113579,4
US_EQ_SHA_L1,P0_pre1926,median_SMA6-12,4,49.75,0.233789,0.0729031,-0.344651,-0.156152,0.476135,0.242345,0.0921851,0.019282,0.0910701,-0.125617,0.219033,-0.0765606,0.654941,1.64824,0.024331,0.0158432,0.223756,0.296168,4
US_EQ_SHA_L1,P0_pre1926,median_all5,5,49.75,0.233789,0.0729031,-0.344651,-0.156152,0.472838,0.239048,0.0920842,0.0191812,0.0905775,-0.128094,0.216557,-0.0776708,0.644891,1.46734,0.023994,0.0156205,0.223756,0.296168,5
US_EQ_SHA_L1,P1_1926_1972,median_SMA6-12,4,42.58,0.512962,0.105167,-0.820175,-0.339936,0.748697,0.235735,0.11732,0.0121529,0.133728,-0.500065,0.32011,-0.339936,0.696673,1.409,0.0319557,0.00343637,0.172414,0.270901,4
US_EQ_SHA_L1,P1_1926_1972,median_all5,5,42.58,0.512962,0.105167,-0.820175,-0.339936,0.738853,0.225891,0.115244,0.0100765,0.133516,-0.498276,0.321899,-0.339936,0.690802,1.38552,0.0292802,0.00122741,0.14538,0.270901,5
US_EQ_SHA_L1,P2_1973_2006_faber,median_SMA6-12,4,31.17,0.460854,0.117906,-0.41776,-0.228961,0.67748,0.216626,0.130774,0.012868,0.102554,-0.252318,0.165442,-0.228961,0.72861,1.02674,0.0243415,0.00889749,0.114791,0.281664,4
US_EQ_SHA_L1,P2_1973_2006_faber,median_all5,5,31.17,0.460854,0.117906,-0.41776,-0.228961,0.676242,0.215388,0.130232,0.0123262,0.102029,-0.252318,0.165442,-0.228961,0.721925,0.834225,0.0241366,0.00855004,0.114791,0.281664,5
US_EQ_SHA_L1,P3_2007_2024_postpub,median_SMA6-12,4,15.17,0.653726,0.0980317,-0.483747,-0.272428,0.909072,0.255346,0.102624,0.00459251,0.103146,-0.189977,0.293771,-0.189166,0.760989,1.25275,0.0214575,-0.000273756,0.039167,0.292156,4
US_EQ_SHA_L1,P3_2007_2024_postpub,median_all5,5,15.17,0.653726,0.0980317,-0.483747,-0.272428,0.906175,0.252449,0.101388,0.00335672,0.104122,-0.189977,0.293771,-0.189166,0.763736,1.18681,0.0197006,-0.0018994,0.039167,0.292156,5
US_EQ_SHA_L1,P3b_2009_2024_postpub_ex2008,median_SMA6-12,4,13.33,1.11395,0.149631,-0.189166,-0.189166,1.04907,-0.0648793,0.11792,-0.0317111,0.10586,-0.189977,-0.000810834,-0.189166,0.796875,1.2,-0.00145072,-0.0293193,-0.310247,-0.0210759,0
US_EQ_SHA_L1,P3b_2009_2024_postpub_ex2008,median_all5,5,13.33,1.11395,0.149631,-0.189166,-0.189166,1.04643,-0.0675173,0.11586,-0.0337707,0.10729,-0.189977,-0.000810834,-0.189166,0.8,1.125,-0.00346386,-0.0316551,-0.310247,-0.0210759,0
US_EQ_SHA_L1,PRE_OOS_all,median_SMA6-12,4,138.67,0.425835,0.0955253,-0.820175,-0.339936,0.661712,0.235877,0.110009,0.0144834,0.109755,-0.500065,0.32011,-0.339936,0.695913,1.38462,0.0278741,0.0092258,0.181469,0.249623,4
US_EQ_SHA_L1,PRE_OOS_all,median_all5,5,138.67,0.425835,0.0955253,-0.820175,-0.339936,0.656994,0.231159,0.109723,0.0141976,0.109321,-0.498276,0.321899,-0.339936,0.688702,1.25481,0.0272053,0.00906418,0.159804,0.249623,5
US_EQ_SHA_L1,FULL_incl_P4,median_SMA6-12,4,138.67,0.425835,0.0955253,-0.820175,-0.339936,0.661712,0.235877,0.110009,0.0144834,0.109755,-0.500065,0.32011,-0.339936,0.695913,1.38462,0.0278741,0.0092258,0.181469,0.249623,4
US_EQ_SHA_L1,FULL_incl_P4,median_all5,5,138.67,0.425835,0.0955253,-0.820175,-0.339936,0.656994,0.231159,0.109723,0.0141976,0.109321,-0.498276,0.321899,-0.339936,0.688702,1.25481,0.0272053,0.00906418,0.159804,0.249623,5
US_EQ_SHA_L1,D1870s,median_SMA6-12,4,7.08,0.0983964,0.063589,-0.335291,-0.113834,0.395227,0.296831,0.0929997,0.0294107,0.0888162,-0.075057,0.260234,-0.0710932,0.735294,1.41176,0.0266326,0.0246915,0.264616,0.474053,4
US_EQ_SHA_L1,D1870s,median_all5,5,7.08,0.0983964,0.063589,-0.335291,-0.113834,0.400597,0.302201,0.0939468,0.0303577,0.088605,-0.075057,0.260234,-0.0710932,0.717647,1.12941,0.0278272,0.025945,0.264616,0.585309,5
US_EQ_SHA_L1,D1880s,median_SMA6-12,4,9.17,0.144355,0.0608976,-0.226593,-0.0757576,0.382365,0.23801,0.0828649,0.0219673,0.0910258,-0.107517,0.119075,-0.0754505,0.645455,1.41818,0.0243529,0.0202043,0.0620543,0.275981,4
US_EQ_SHA_L1,D1880s,median_all5,5,9.17,0.144355,0.0608976,-0.226593,-0.0757576,0.358025,0.213669,0.0800161,0.0191184,0.0907595,-0.120306,0.106287,-0.0754505,0.627273,1.09091,0.0218582,0.0177514,0.0620543,0.275981,5
US_EQ_SHA_L1,D1890s,median_SMA6-12,4,9.17,0.151706,0.0581962,-0.250699,-0.111216,0.206057,0.0543507,0.061825,0.00362876,0.088306,-0.118678,0.132021,-0.0654025,0.654545,2.07273,0.00607361,0.00151924,0.0430919,0.130768,4
US_EQ_SHA_L1,D1890s,median_all5,5,9.17,0.151706,0.0581962,-0.250699,-0.111216,0.215484,0.0637772,0.0621867,0.00399051,0.0876956,-0.109262,0.141437,-0.0654025,0.645455,1.74545,0.00630338,0.00173893,0.0430919,0.151522,5
US_EQ_SHA_L1,D1900s,median_SMA6-12,4,9.17,0.459697,0.108128,-0.344651,-0.156152,0.871249,0.411553,0.137143,0.0290145,0.099209,-0.0960419,0.248609,-0.0658192,0.668182,1.63636,0.0425864,0.0222119,0.372502,0.468563,4
US_EQ_SHA_L1,D1900s,median_all5,5,9.17,0.459697,0.108128,-0.344651,-0.156152,0.888254,0.428558,0.137255,0.0291262,0.0989938,-0.0960419,0.248609,-0.0658192,0.663636,1.52727,0.044284,0.0214119,0.372502,0.468563,5
US_EQ_SHA_L1,D1910s,median_SMA6-12,4,9.17,0.0340359,0.0440152,-0.283675,-0.126026,0.212698,0.178662,0.0624579,0.0184427,0.0863901,-0.11039,0.173285,-0.0625657,0.618182,1.96364,0.016004,0.0165017,0.133854,0.307293,4
US_EQ_SHA_L1,D1910s,median_all5,5,9.17,0.0340359,0.0440152,-0.283675,-0.126026,0.187418,0.153382,0.0601338,0.0161186,0.0863186,-0.11123,0.172445,-0.0625657,0.618182,1.96364,0.0137446,0.0144057,-0.143632,0.307293,4
US_EQ_SHA_L1,D1920s,median_SMA6-12,4,9.17,0.70771,0.161573,-0.339936,-0.339936,0.798154,0.090444,0.168092,0.00651855,0.154652,-0.339936,0,-0.339936,0.75,0.981818,0.0316916,0.0040663,0.0174928,0.172199,4
US_EQ_SHA_L1,D1920s,median_all5,5,9.17,0.70771,0.161573,-0.339936,-0.339936,0.797703,0.0899923,0.16762,0.0060464,0.154998,-0.339936,0,-0.339936,0.745455,0.981818,0.0300214,0.00365342,0.0174928,0.172199,5
US_EQ_SHA_L1,D1930s,median_SMA6-12,4,9.17,0.122107,-0.00458938,-0.783608,-0.232546,0.367392,0.245285,0.0596826,0.064272,0.184213,-0.314778,0.46883,-0.141142,0.477273,1.41818,0.0501627,0.0315008,0.181356,0.307811,4
US_EQ_SHA_L1,D1930s,median_all5,5,9.17,0.122107,-0.00458938,-0.783608,-0.232546,0.417238,0.29513,0.055671,0.0602604,0.182848,-0.30793,0.475678,-0.141142,0.472727,1.41818,0.0416973,0.0240164,0.181356,0.307811,5
US_EQ_SHA_L1,D1940s,median_SMA6-12,4,9.17,0.670671,0.0922083,-0.273067,-0.144209,0.718578,0.0479068,0.0794783,-0.01273,0.109301,-0.25704,0.0160273,-0.133888,0.663636,1.63636,0.0158748,-0.01443,-0.0893687,0.138282,2
US_EQ_SHA_L1,D1940s,median_all5,5,9.17,0.670671,0.0922083,-0.273067,-0.144209,0.656583,-0.0140883,0.0709421,-0.0212661,0.111241,-0.265923,0.00714416,-0.134388,0.663636,1.52727,0.007708,-0.0223255,-0.373256,0.138282,2
US_EQ_SHA_L1,D1950s,median_SMA6-12,4,9.17,1.66654,0.206424,-0.159706,-0.0791648,1.75698,0.0904341,0.198414,-0.0080103,0.0950477,-0.0897786,0.0699275,-0.067058,0.831818,0.818182,0.0218759,-0.00695692,0.047118,0.223072,4
US_EQ_SHA_L1,D1950s,median_all5,5,9.17,1.66654,0.206424,-0.159706,-0.0791648,1.7371,0.0705561,0.196734,-0.00968995,0.0953713,-0.0920917,0.0676144,-0.067058,0.836364,0.872727,0.0196819,-0.00829497,-0.100828,0.223072,4
US_EQ_SHA_L1,D1960s,median_SMA6-12,4,9.17,0.440472,0.0819664,-0.212397,-0.114119,0.555579,0.115107,0.0821895,0.000223041,0.0792534,-0.100183,0.112214,-0.0614552,0.731818,2.01818,0.01033,-0.000211605,0.0322897,0.259337,4
US_EQ_SHA_L1,D1960s,median_all5,5,9.17,0.440472,0.0819664,-0.212397,-0.114119,0.510566,0.0700945,0.0794362,-0.00253022,0.0796746,-0.110938,0.101459,-0.0718467,0.718182,1.85455,0.00732026,-0.00274632,-0.0587551,0.259337,4
US_EQ_SHA_L1,D1970s,median_SMA6-12,4,9.17,0.0497451,0.0599416,-0.395698,-0.113441,0.487101,0.437356,0.107648,0.0477067,0.0922887,-0.0867753,0.308923,-0.0844001,0.595455,1.41818,0.0417963,0.0405336,0.357426,0.544826,4
US_EQ_SHA_L1,D1970s,median_all5,5,9.17,0.0497451,0.0599416,-0.395698,-0.113441,0.47561,0.425865,0.105709,0.0457671,0.0919887,-0.0859135,0.309785,-0.0844001,0.572727,0.981818,0.0396728,0.0379785,0.131642,0.544826,5
US_EQ_SHA_L1,D1980s,median_SMA6-12,4,9.17,0.651226,0.185338,-0.262285,-0.228961,0.620665,-0.0305608,0.170171,-0.0151675,0.129718,-0.252318,0.00996655,-0.228961,0.754545,1.09091,0.00857038,-0.0142529,-0.097275,0.0457122,2
US_EQ_SHA_L1,D1980s,median_all5,5,9.17,0.651226,0.185338,-0.262285,-0.228961,0.586811,-0.0644145,0.165773,-0.0195657,0.129449,-0.252318,0.00996655,-0.228961,0.754545,1.09091,0.00491635,-0.0179069,-0.179439,0.0457122,2
US_EQ_SHA_L1,D1990s,median_SMA6-12,4,9.17,1.24809,0.195106,-0.118588,-0.0785999,1.14174,-0.106343,0.163309,-0.0317973,0.095364,-0.115271,0.00331619,-0.0785999,0.904545,0.872727,-0.0150741,-0.0278369,-0.120057,-0.0941662,0
US_EQ_SHA_L1,D1990s,median_all5,5,9.17,1.24809,0.195106,-0.118588,-0.0785999,1.14278,-0.105302,0.164093,-0.0310135,0.0953967,-0.115271,0.00331619,-0.0785999,0.909091,0.872727,-0.0144596,-0.0271436,-0.120057,-0.0512692,0
US_EQ_SHA_L1,D2000s,median_SMA6-12,4,9.17,-0.140557,-0.00956811,-0.483747,-0.272428,0.617063,0.75762,0.0714925,0.0810606,0.0733076,-0.0893222,0.394425,-0.0657425,0.577273,1.2,0.0577651,0.0679848,0.543066,0.811472,4
US_EQ_SHA_L1,D2000s,median_all5,5,9.17,-0.140557,-0.00956811,-0.483747,-0.272428,0.589776,0.730333,0.068163,0.0777311,0.0731639,-0.0924362,0.391311,-0.0663413,0.572727,0.872727,0.0545072,0.0645088,0.435563,0.811472,5
US_EQ_SHA_L1,D2010s,median_SMA6-12,4,9.17,1.31886,0.143963,-0.117006,-0.103989,1.17573,-0.143128,0.114418,-0.0295446,0.0918742,-0.125183,-0.00817683,-0.103989,0.872727,1.09091,-0.0101956,-0.0263428,-0.302516,-0.136656,0
US_EQ_SHA_L1,D2010s,median_all5,5,9.17,1.31886,0.143963,-0.117006,-0.103989,1.17573,-0.143128,0.114452,-0.0295102,0.0918742,-0.117006,0,-0.103989,0.872727,1.09091,-0.0101956,-0.0263428,-0.302516,-0.136656,0
US_EQ_SHA_L1,D2020s,median_SMA6-12,4,3.25,0.700171,0.119043,-0.189166,-0.189166,0.552583,-0.147587,0.0820913,-0.0369516,0.140868,-0.189977,-0.000810834,-0.189166,0.679487,1.53846,-0.000408996,-0.0358639,-0.366093,-0.00722043,0
US_EQ_SHA_L1,D2020s,median_all5,5,3.25,0.700171,0.119043,-0.189166,-0.189166,0.494599,-0.205572,0.0749473,-0.0440956,0.144197,-0.189977,-0.000810834,-0.189166,0.666667,1.23077,-0.00799232,-0.0416598,-0.366093,-0.00722043,0
US_EQ_SHA_L1,CAL_FF_overlap,median_SMA6-12,4,87.83,0.495625,0.105577,-0.820175,-0.339936,0.716504,0.220878,0.115972,0.010395,0.118935,-0.500065,0.32011,-0.339936,0.71537,1.24099,0.0266764,0.00420027,0.160897,0.250448,4
US_EQ_SHA_L1,CAL_FF_overlap,median_all5,5,87.83,0.495625,0.105577,-0.820175,-0.339936,0.696911,0.201285,0.114009,0.00843221,0.118413,-0.498276,0.321899,-0.339936,0.709677,1.13852,0.0258708,0.00293815,0.126004,0.250448,5
MA2_EQ_COMMOD,P1_1926_1972,median_SMA6-12,4,45.33,0.449577,0.081678,-0.77361,-0.186484,0.651046,0.201469,0.0852745,0.00359659,0.103342,-0.322823,0.450787,-0.186246,0.653493,3.13235,0.0208493,-0.00217392,0.195739,0.204265,4
MA2_EQ_COMMOD,P1_1926_1972,median_all5,5,45.33,0.449577,0.081678,-0.77361,-0.186484,0.649589,0.200012,0.0850615,0.00338356,0.103176,-0.322935,0.450675,-0.186246,0.645221,2.91176,0.0203943,-0.00224958,0.192344,0.204265,5
MA2_EQ_COMMOD,P2_1973_2006_faber,median_SMA6-12,4,34,0.554764,0.119484,-0.225839,-0.116217,0.59729,0.0425265,0.114711,-0.00477326,0.0892131,-0.12553,0.100309,-0.116217,0.729779,3.02941,0.0100998,-0.00441754,-0.0152178,0.129742,3
MA2_EQ_COMMOD,P2_1973_2006_faber,median_all5,5,34,0.554764,0.119484,-0.225839,-0.116217,0.6318,0.0770357,0.118739,-0.000745934,0.0881221,-0.12553,0.100309,-0.116217,0.715686,2.64706,0.0129996,-0.000858745,-0.0152178,0.129742,4
MA2_EQ_COMMOD,P3_2007_2024_postpub,median_SMA6-12,4,17.75,0.429172,0.0637505,-0.448084,-0.189899,0.748333,0.319161,0.0741241,0.0103735,0.0835486,-0.13045,0.317634,-0.0796724,0.663146,3.09859,0.0239547,0.00536823,0.200647,0.417398,4
MA2_EQ_COMMOD,P3_2007_2024_postpub,median_all5,5,17.75,0.429172,0.0637505,-0.448084,-0.189899,0.685487,0.256315,0.0691566,0.00540605,0.0844967,-0.140153,0.307931,-0.0796724,0.65493,2.98592,0.0184172,0.000528753,0.0584357,0.417398,5
MA2_EQ_COMMOD,P3b_2009_2024_postpub_ex2008,median_SMA6-12,4,15.75,0.670883,0.0923969,-0.221152,-0.136526,0.772323,0.10144,0.0736947,-0.0187021,0.0832668,-0.13045,0.0907023,-0.0796724,0.662698,3.30159,0.00743606,-0.0204291,-0.0154525,0.235797,3
MA2_EQ_COMMOD,P3b_2009_2024_postpub_ex2008,median_all5,5,15.75,0.670883,0.0923969,-0.221152,-0.136526,0.695337,0.024454,0.0671468,-0.0252501,0.0836882,-0.140153,0.0809995,-0.0796724,0.653439,3.2381,8.15953e-05,-0.0267671,-0.128534,0.235797,3
MA2_EQ_COMMOD,PRE_OOS_all,median_SMA6-12,4,97.08,0.46865,0.0914307,-0.77361,-0.189899,0.649832,0.181181,0.093554,0.00212332,0.0958877,-0.322823,0.450787,-0.186246,0.681974,3.09013,0.0180235,-0.00135429,0.165003,0.189994,4
MA2_EQ_COMMOD,PRE_OOS_all,median_all5,5,97.08,0.46865,0.0914307,-0.77361,-0.189899,0.647907,0.179256,0.0934333,0.00200256,0.0956196,-0.322935,0.450675,-0.186246,0.671674,2.83262,0.0179831,-0.00143318,0.150711,0.189994,5
MA2_EQ_COMMOD,P4_2024_10_latest_descriptive,median_SMA6-12,4,1.92,1.74262,0.230493,-0.0554357,-0.0436487,1.39581,-0.346808,0.173794,-0.0566992,0.0895015,-0.0518304,0.00360535,-0.0436487,0.902174,3.65217,-0.0318471,-0.0468569,-0.55084,-0.124589,0
MA2_EQ_COMMOD,P4_2024_10_latest_descriptive,median_all5,5,1.92,1.74262,0.230493,-0.0554357,-0.0436487,1.45236,-0.290257,0.18291,-0.0475834,0.0913998,-0.0518304,0.00360535,-0.0436487,0.934783,2.6087,-0.0294591,-0.0393216,-0.55084,-0.108159,0
MA2_EQ_COMMOD,FULL_incl_P4,median_SMA6-12,4,99,0.485938,0.0939677,-0.77361,-0.189899,0.663384,0.177445,0.0950536,0.00108584,0.0959003,-0.322823,0.450787,-0.186246,0.686237,3.10101,0.0175219,-0.00235421,0.157552,0.191465,4
MA2_EQ_COMMOD,FULL_incl_P4,median_all5,5,99,0.485938,0.0939677,-0.77361,-0.189899,0.662731,0.176793,0.0947703,0.000802605,0.0955541,-0.322935,0.450675,-0.186246,0.675505,2.82828,0.0174591,-0.00254171,0.153069,0.191465,5
MA2_EQ_COMMOD,D1920s,median_SMA6-12,4,2.33,0.0416259,0.0309008,-0.225438,-0.118074,0.0429567,0.00133077,0.0359351,0.00503424,0.136299,-0.156506,0.0689329,-0.118074,0.669643,3.85714,0.000854577,0.000276038,-0.190433,0.03578,2
MA2_EQ_COMMOD,D1920s,median_all5,5,2.33,0.0416259,0.0309008,-0.225438,-0.118074,0.0101167,-0.0315092,0.0312806,0.000379746,0.136332,-0.158077,0.0673612,-0.118074,0.660714,4.28571,-0.00369565,-0.00421165,-0.190433,0.03578,2
MA2_EQ_COMMOD,D1930s,median_SMA6-12,4,10,0.0668037,-0.0116031,-0.714483,-0.186484,0.321025,0.254222,0.041411,0.0530141,0.13963,-0.207081,0.507402,-0.0879623,0.422917,3.2,0.0367625,0.0278963,0.246204,0.267155,4
MA2_EQ_COMMOD,D1930s,median_all5,5,10,0.0668037,-0.0116031,-0.714483,-0.186484,0.325072,0.258268,0.0417516,0.0533547,0.13775,-0.207212,0.507271,-0.0879623,0.425,3,0.0368016,0.0280329,0.246204,0.402267,5
MA2_EQ_COMMOD,D1940s,median_SMA6-12,4,10,0.956673,0.125247,-0.186246,-0.186246,0.900925,-0.0557482,0.106052,-0.0191955,0.115219,-0.216884,-0.0306381,-0.186246,0.7,2.8,0.0179373,-0.0171706,-0.0760706,0.0218342,1
MA2_EQ_COMMOD,D1940s,median_all5,5,10,0.956673,0.125247,-0.186246,-0.186246,0.890572,-0.0661009,0.10389,-0.0213575,0.114851,-0.216884,-0.0306381,-0.186246,0.7,2.6,0.0163596,-0.01892,-0.176611,0.0218342,1
MA2_EQ_COMMOD,D1950s,median_SMA6-12,4,10,1.26544,0.136828,-0.0995004,-0.0561045,1.23091,-0.0345282,0.1218,-0.015028,0.0805281,-0.0865612,0.0129392,-0.0503159,0.75,3,0.0147229,-0.0125926,-0.0837935,0.0164563,1
MA2_EQ_COMMOD,D1950s,median_all5,5,10,1.26544,0.136828,-0.0995004,-0.0561045,1.21373,-0.0517038,0.119598,-0.0172297,0.0796086,-0.091774,0.0077264,-0.0561045,0.7375,2.8,0.0133617,-0.0145183,-0.0837935,0.0164563,1
MA2_EQ_COMMOD,D1960s,median_SMA6-12,4,10,0.403263,0.0685176,-0.134125,-0.0463533,0.357654,-0.0456084,0.0595734,-0.0089442,0.0597593,-0.057899,0.0762263,-0.0397822,0.70625,3.6,-0.000607978,-0.00782851,-0.072372,0.0475804,1
MA2_EQ_COMMOD,D1960s,median_all5,5,10,0.403263,0.0685176,-0.134125,-0.0463533,0.353385,-0.0498777,0.0592374,-0.00928024,0.0593481,-0.054516,0.0796093,-0.0397822,0.695833,3.5,-0.00145563,-0.00829914,-0.142768,0.0475804,1
MA2_EQ_COMMOD,D1970s,median_SMA6-12,4,10,0.851557,0.169962,-0.107523,-0.0915293,0.945683,0.0941256,0.167752,-0.00221003,0.106827,-0.0888937,0.0186295,-0.0462355,0.741667,3,0.0235515,-0.00202606,-0.066702,0.114053,3
MA2_EQ_COMMOD,D1970s,median_all5,5,10,0.851557,0.169962,-0.107523,-0.0915293,0.9377,0.0861433,0.164767,-0.00519515,0.10598,-0.100096,0.00742735,-0.0444876,0.725,2.3,0.0241996,-0.00438458,-0.066702,0.114053,4
MA2_EQ_COMMOD,D1980s,median_SMA6-12,4,10,0.292115,0.118939,-0.196324,-0.116217,0.311881,0.0197663,0.116253,-0.00268575,0.0916775,-0.12553,0.0707939,-0.116217,0.69375,3.2,0.00578836,-0.00284673,-0.116763,0.0654067,3
MA2_EQ_COMMOD,D1980s,median_all5,5,10,0.292115,0.118939,-0.196324,-0.116217,0.329538,0.037423,0.118015,-0.000924024,0.0912996,-0.12553,0.0707939,-0.116217,0.679167,3,0.00783631,-0.00119397,-0.116763,0.0654067,4
MA2_EQ_COMMOD,D1990s,median_SMA6-12,4,10,0.753542,0.113148,-0.164441,-0.105474,0.674182,-0.0793605,0.0982325,-0.0149151,0.0715777,-0.0834481,0.0809934,-0.0759561,0.770833,3.1,-0.000116583,-0.0128927,-0.199488,0.0087172,1
MA2_EQ_COMMOD,D1990s,median_all5,5,10,0.753542,0.113148,-0.164441,-0.105474,0.699371,-0.054171,0.100685,-0.0124631,0.0714955,-0.0834481,0.0809934,-0.0759561,0.7625,3,0.00165368,-0.0106467,-0.199488,0.0087172,1
MA2_EQ_COMMOD,D2000s,median_SMA6-12,4,10,0.240455,0.0511943,-0.448084,-0.189899,0.989273,0.748818,0.105114,0.0539201,0.076018,-0.0691763,0.378908,-0.0441714,0.7,2.2,0.0534873,0.0451787,0.644172,0.758739,4
MA2_EQ_COMMOD,D2000s,median_all5,5,10,0.240455,0.0511943,-0.448084,-0.189899,0.982591,0.742137,0.104087,0.0528925,0.0762393,-0.0727617,0.375323,-0.0441714,0.691667,1.8,0.0524675,0.0440791,0.488526,0.758739,5
MA2_EQ_COMMOD,D2010s,median_SMA6-12,4,10,0.503245,0.0572897,-0.214335,-0.107104,0.544712,0.0414667,0.0436406,-0.0136491,0.0756164,-0.13045,0.0838848,-0.0796724,0.654167,3.25,0.00341983,-0.0147075,-0.0504844,0.297558,2
MA2_EQ_COMMOD,D2010s,median_all5,5,10,0.503245,0.0572897,-0.214335,-0.107104,0.489101,-0.0141448,0.040832,-0.0164577,0.0774776,-0.140153,0.074182,-0.0796724,0.666667,3.1,0.000106415,-0.0163026,-0.088418,0.297558,2
MA2_EQ_COMMOD,D2020s,median_SMA6-12,4,4.75,0.756771,0.132851,-0.192291,-0.136526,0.866835,0.110064,0.108945,-0.0239055,0.0972841,-0.0925318,0.0997594,-0.0438684,0.697368,3.78947,0.00537039,-0.0262205,0.0615577,0.174764,4
MA2_EQ_COMMOD,D2020s,median_all5,5,4.75,0.756771,0.132851,-0.192291,-0.136526,0.839282,0.082511,0.105419,-0.027432,0.0970658,-0.0957614,0.0965298,-0.0438684,0.692982,3.78947,0.000628689,-0.0293832,-0.0313148,0.174764,4
MA2_EQ_BOND,P1_1926_1972,median_SMA6-12,4,9.75,0.29092,0.067423,-0.192325,-0.0746955,0.363423,0.0725033,0.0646804,-0.00274259,0.0521227,-0.084522,0.107803,-0.03135,0.735043,3.38462,0.00167231,-0.0027089,0.0108558,0.107198,4
MA2_EQ_BOND,P1_1926_1972,median_all5,5,9.75,0.29092,0.067423,-0.192325,-0.0746955,0.366683,0.0757636,0.0647297,-0.00269332,0.051253,-0.0775275,0.114797,-0.03135,0.735043,3.28205,0.00175095,-0.00262801,0.0108558,0.112164,5
MA2_EQ_BOND,P2_1973_2006_faber,median_SMA6-12,4,34,0.434481,0.100863,-0.244132,-0.0843957,0.407498,-0.0269829,0.0915249,-0.00933786,0.077506,-0.117441,0.126692,-0.109957,0.731618,3.41176,0.00119175,-0.00818289,-0.0941847,0.0760037,2
MA2_EQ_BOND,P2_1973_2006_faber,median_all5,5,34,0.434481,0.100863,-0.244132,-0.0843957,0.466188,0.0317065,0.0970213,-0.00384145,0.076357,-0.117441,0.126692,-0.109957,0.719363,2.94118,0.00570255,-0.00341414,-0.0941847,0.125764,3
MA2_EQ_BOND,P3_2007_2024_postpub,median_SMA6-12,4,17.75,0.707176,0.0711118,-0.223861,-0.090721,0.908014,0.200838,0.0612178,-0.00989402,0.0538618,-0.0883919,0.135469,-0.0419104,0.683099,3.71831,0.00737117,-0.00958505,0.1099,0.25153,4
MA2_EQ_BOND,P3_2007_2024_postpub,median_all5,5,17.75,0.707176,0.0711118,-0.223861,-0.090721,0.88846,0.181283,0.0608473,-0.0102646,0.0543079,-0.0773968,0.146464,-0.0423764,0.680751,3.60563,0.0076207,-0.0105423,0.1099,0.25153,5
MA2_EQ_BOND,P3b_2009_2024_postpub_ex2008,median_SMA6-12,4,15.75,0.881347,0.0834587,-0.207085,-0.0722255,0.95524,0.0738931,0.0623823,-0.0210764,0.0542814,-0.0861895,0.120896,-0.0403071,0.68254,3.74603,0.00114924,-0.0198436,-0.0600063,0.172442,3
MA2_EQ_BOND,P3b_2009_2024_postpub_ex2008,median_all5,5,15.75,0.881347,0.0834587,-0.207085,-0.0722255,0.892483,0.0111357,0.0588626,-0.0245961,0.0548134,-0.0730663,0.134019,-0.0423764,0.679894,3.74603,-0.000972247,-0.0237635,-0.0631593,0.172442,3
MA2_EQ_BOND,PRE_OOS_all,median_SMA6-12,4,61.5,0.487547,0.0868641,-0.256201,-0.090721,0.518179,0.0306319,0.0791243,-0.0077398,0.0677043,-0.117441,0.138761,-0.109957,0.719173,3.47967,0.00374381,-0.00694519,-0.0199376,0.0655667,3
MA2_EQ_BOND,PRE_OOS_all,median_all5,5,61.5,0.487547,0.0868641,-0.256201,-0.090721,0.538283,0.0507353,0.0807935,-0.00607056,0.0673099,-0.117441,0.138761,-0.109957,0.708672,3.15447,0.00453458,-0.00570394,-0.0199376,0.118265,4
MA2_EQ_BOND,P4_2024_10_latest_descriptive,median_SMA6-12,4,1.92,0.63747,0.0893504,-0.0359293,-0.0359293,0.0920459,-0.545424,0.0451732,-0.0441772,0.0680825,-0.0486446,-0.0127153,-0.0359293,0.804348,3.65217,-0.0318972,-0.0402433,-0.551896,-0.296005,0
MA2_EQ_BOND,P4_2024_10_latest_descriptive,median_all5,5,1.92,0.63747,0.0893504,-0.0359293,-0.0359293,0.0920459,-0.545424,0.0451732,-0.0441772,0.0680825,-0.0486446,-0.0127153,-0.0359293,0.804348,3.65217,-0.0311076,-0.0402433,-0.551896,-0.0963852,0
MA2_EQ_BOND,FULL_incl_P4,median_SMA6-12,4,63.42,0.491421,0.0869392,-0.256201,-0.090721,0.505462,0.0140405,0.0780747,-0.00886448,0.0676885,-0.117441,0.138761,-0.109957,0.721748,3.48489,0.00267572,-0.00795182,-0.0349991,0.0549435,2
MA2_EQ_BOND,FULL_incl_P4,median_all5,5,63.42,0.491421,0.0869392,-0.256201,-0.090721,0.525048,0.0336266,0.0796994,-0.00723978,0.0673031,-0.117441,0.138761,-0.109957,0.711564,3.16951,0.00341916,-0.00674783,-0.0349991,0.112349,3
MA2_EQ_BOND,D1960s,median_SMA6-12,4,6.75,0.0938445,0.0495595,-0.107003,-0.0471921,0.151598,0.0577534,0.0513985,0.00183896,0.0460323,-0.0802967,0.0267065,-0.03135,0.731481,3.40741,0.00226619,0.00228901,0.0328395,0.0754586,4
MA2_EQ_BOND,D1960s,median_all5,5,6.75,0.0938445,0.0495595,-0.107003,-0.0471921,0.163086,0.0692414,0.0519351,0.00237561,0.0457487,-0.0775275,0.0294756,-0.03135,0.728395,3.25926,0.00275612,0.00265105,0.0328395,0.173525,5
MA2_EQ_BOND,D1970s,median_SMA6-12,4,10,0.0546902,0.0636637,-0.256201,-0.0746955,0.0241763,-0.0305139,0.0623571,-0.00130659,0.0688663,-0.0788269,0.177374,-0.0702072,0.685417,4.3,-0.00221795,-0.00186996,-0.187386,-0.0256544,0
MA2_EQ_BOND,D1970s,median_all5,5,10,0.0546902,0.0636637,-0.256201,-0.0746955,0.0282672,-0.026423,0.062747,-0.000916716,0.0684116,-0.0786297,0.177572,-0.0702072,0.670833,3.9,-0.00198091,-0.00164784,-0.187386,0.237511,1
MA2_EQ_BOND,D1980s,median_SMA6-12,4,10,0.556608,0.152221,-0.141966,-0.0843957,0.540729,-0.015879,0.140056,-0.0121646,0.0924223,-0.117441,0.0245251,-0.109957,0.75625,3,0.00268602,-0.011129,-0.119916,0.081462,2
MA2_EQ_BOND,D1980s,median_all5,5,10,0.556608,0.152221,-0.141966,-0.0843957,0.58425,0.0276413,0.142437,-0.00978444,0.0921208,-0.117441,0.0245251,-0.109957,0.754167,2.5,0.0067408,-0.0103489,-0.119916,0.081462,3
MA2_EQ_BOND,D1990s,median_SMA6-12,4,10,0.922555,0.130912,-0.0819684,-0.0600382,0.800869,-0.121686,0.111187,-0.0197248,0.0753827,-0.0676711,0.0142973,-0.0600382,0.795833,2.3,-0.00243802,-0.0173296,-0.206948,-0.070899,0
MA2_EQ_BOND,D1990s,median_all5,5,10,0.922555,0.130912,-0.0819684,-0.0600382,0.826384,-0.0961708,0.112668,-0.0182442,0.0735531,-0.0676711,0.0142973,-0.0600382,0.779167,2.1,-6.88002e-05,-0.0163202,-0.206948,-0.070899,0
MA2_EQ_BOND,D2000s,median_SMA6-12,4,10,0.132733,0.0353779,-0.223861,-0.090721,0.440112,0.30738,0.0514529,0.016075,0.0554889,-0.0622062,0.161654,-0.0383685,0.660417,4.1,0.0173623,0.0157279,0.0876587,0.376679,4
MA2_EQ_BOND,D2000s,median_all5,5,10,0.132733,0.0353779,-0.223861,-0.090721,0.442632,0.309899,0.0511249,0.0157469,0.0551098,-0.0622307,0.16163,-0.0374793,0.654167,3.3,0.0169767,0.0142881,0.0876587,0.376679,5
MA2_EQ_BOND,D2010s,median_SMA6-12,4,10,1.48581,0.0909569,-0.0605503,-0.040177,1.19859,-0.287226,0.0615584,-0.0293985,0.0459046,-0.0697423,-0.00919204,-0.03685,0.739583,3.6,-0.00548631,-0.0258678,-0.392919,-0.122052,0
MA2_EQ_BOND,D2010s,median_all5,5,10,1.48581,0.0909569,-0.0605503,-0.040177,1.09978,-0.386034,0.0636849,-0.027272,0.0467927,-0.0722679,-0.0117176,-0.03685,0.745833,3.4,-0.00668402,-0.0243076,-0.42993,-0.122052,0
MA2_EQ_BOND,D2020s,median_SMA6-12,4,4.75,0.437416,0.0682655,-0.207085,-0.0722255,0.68074,0.243324,0.06796,-0.000305572,0.0659894,-0.0861019,0.120983,-0.0403071,0.587719,4.21053,0.0162727,-0.00234245,0.209394,0.285774,4
MA2_EQ_BOND,D2020s,median_all5,5,4.75,0.437416,0.0682655,-0.207085,-0.0722255,0.651023,0.213607,0.0665857,-0.00167981,0.066075,-0.0730663,0.134019,-0.0423764,0.578947,3.78947,0.0173884,-0.00384502,0.165869,0.285774,5
MA3_EQ_BOND_COMMOD,P1_1926_1972,median_SMA6-12,4,9.75,0.599053,0.0829071,-0.0819252,-0.0436461,0.701863,0.102811,0.0775641,-0.00534299,0.0435435,-0.0396538,0.0422714,-0.0251506,0.753561,5.02564,0.00261318,-0.004212,0.0128538,0.15205,4
MA3_EQ_BOND_COMMOD,P1_1926_1972,median_all5,5,9.75,0.599053,0.0829071,-0.0819252,-0.0436461,0.689759,0.0907059,0.0761837,-0.00672342,0.0433684,-0.0375618,0.0443634,-0.0251506,0.74359,4.71795,0.00378772,-0.0054586,0.0128538,0.15205,5
MA3_EQ_BOND_COMMOD,P2_1973_2006_faber,median_SMA6-12,4,34,0.612703,0.109219,-0.122773,-0.0724688,0.647781,0.0350775,0.104723,-0.00449553,0.0656589,-0.0772107,0.0455625,-0.0734446,0.734477,4.70588,0.00775647,-0.00323025,-0.00308399,0.109951,2
MA3_EQ_BOND_COMMOD,P2_1973_2006_faber,median_all5,5,34,0.612703,0.109219,-0.122773,-0.0724688,0.685803,0.0731002,0.107908,-0.00131041,0.064968,-0.0772107,0.0455625,-0.0734446,0.722222,4.11765,0.010124,-0.000466103,-0.00308399,0.14435,3
MA3_EQ_BOND_COMMOD,P3_2007_2024_postpub,median_SMA6-12,4,17.75,0.511759,0.0558225,-0.302352,-0.130021,0.843927,0.332168,0.0582227,0.00240023,0.0538776,-0.0767712,0.22558,-0.041819,0.643192,5.35211,0.0160703,0.00148795,0.244646,0.417088,4
MA3_EQ_BOND_COMMOD,P3_2007_2024_postpub,median_all5,5,17.75,0.511759,0.0558225,-0.302352,-0.130021,0.781962,0.270204,0.0542398,-0.00158269,0.0542465,-0.0780104,0.224341,-0.041819,0.632238,5.12676,0.0117593,-0.00238867,0.131028,0.417088,5
MA3_EQ_BOND_COMMOD,P3b_2009_2024_postpub_ex2008,median_SMA6-12,4,15.75,0.712042,0.0691422,-0.13674,-0.0771357,0.841736,0.129694,0.0554374,-0.0137048,0.0528419,-0.0677784,0.0689613,-0.041819,0.632275,5.52381,0.00696836,-0.0132668,0.0104954,0.22746,4
MA3_EQ_BOND_COMMOD,P3b_2009_2024_postpub_ex2008,median_all5,5,15.75,0.712042,0.0691422,-0.13674,-0.0771357,0.758815,0.0467728,0.0498129,-0.0193293,0.0534395,-0.0677784,0.0689613,-0.041819,0.624339,5.39683,0.000996312,-0.0186913,-0.067536,0.22746,4
MA3_EQ_BOND_COMMOD,PRE_OOS_all,median_SMA6-12,4,61.5,0.574134,0.0893823,-0.302352,-0.130021,0.705835,0.131701,0.0870081,-0.0023742,0.0596202,-0.0814873,0.220864,-0.0734446,0.711156,4.94309,0.00975508,-0.00160748,0.109697,0.15036,4
MA3_EQ_BOND_COMMOD,PRE_OOS_all,median_all5,5,61.5,0.574134,0.0893823,-0.302352,-0.130021,0.710237,0.136103,0.0871254,-0.00225687,0.0595125,-0.0780104,0.224341,-0.0734446,0.699639,4.50407,0.0103336,-0.00181248,0.109697,0.15036,5
MA3_EQ_BOND_COMMOD,P4_2024_10_latest_descriptive,median_SMA6-12,4,1.92,1.49529,0.151327,-0.0275436,-0.0275436,1.06782,-0.42747,0.113935,-0.0373918,0.0654609,-0.032647,-0.00510339,-0.0281325,0.847826,5.21739,-0.0178132,-0.031718,-0.611784,-0.237751,0
MA3_EQ_BOND_COMMOD,P4_2024_10_latest_descriptive,median_all5,5,1.92,1.49529,0.151327,-0.0275436,-0.0275436,1.12187,-0.373425,0.11974,-0.0315864,0.0671836,-0.0328274,-0.0052838,-0.0281325,0.826087,5.21739,-0.0147055,-0.0266945,-0.611784,-0.209598,0
MA3_EQ_BOND_COMMOD,FULL_incl_P4,median_SMA6-12,4,63.42,0.598403,0.0912047,-0.302352,-0.130021,0.71607,0.117667,0.0876734,-0.00353128,0.0597723,-0.0814873,0.220864,-0.0734446,0.715287,4.95138,0.00928286,-0.00264151,0.0964329,0.144716,4
MA3_EQ_BOND_COMMOD,FULL_incl_P4,median_all5,5,63.42,0.598403,0.0912047,-0.302352,-0.130021,0.716324,0.117921,0.088097,-0.0031076,0.0597846,-0.0780104,0.224341,-0.0734446,0.70346,4.49409,0.00985986,-0.0025645,0.0964329,0.144716,5
MA3_EQ_BOND_COMMOD,D1960s,median_SMA6-12,4,6.75,0.183906,0.0536773,-0.0568698,-0.0352805,0.177473,-0.00643348,0.0516406,-0.00203676,0.0377582,-0.0396538,0.0172159,-0.0251506,0.734568,5.18519,-2.51431e-05,-0.000632024,-0.0484932,0.0544159,2
MA3_EQ_BOND_COMMOD,D1960s,median_all5,5,6.75,0.183906,0.0536773,-0.0568698,-0.0352805,0.213178,0.0292716,0.0529234,-0.00075397,0.0371273,-0.0375618,0.019308,-0.0251506,0.728395,5.03704,0.00106323,0.000504865,-0.0484932,0.0771337,3
MA3_EQ_BOND_COMMOD,D1970s,median_SMA6-12,4,10,0.805316,0.134473,-0.0777409,-0.0638164,0.810269,0.00495328,0.125802,-0.00867086,0.0743163,-0.0555895,0.0221513,-0.0510572,0.745833,5.4,0.00739496,-0.00698161,-0.138023,0.0641941,2
MA3_EQ_BOND_COMMOD,D1970s,median_all5,5,10,0.805316,0.134473,-0.0777409,-0.0638164,0.817189,0.0118734,0.126036,-0.00843667,0.0742555,-0.0601219,0.017619,-0.0510572,0.727778,4.5,0.00750121,-0.00683353,-0.138023,0.127435,3
MA3_EQ_BOND_COMMOD,D1980s,median_SMA6-12,4,10,0.403191,0.12448,-0.122773,-0.0724688,0.482943,0.0797519,0.124336,-0.000144208,0.0700917,-0.0772107,0.0455625,-0.0734446,0.715278,4.6,0.00882514,0.000176725,-0.0386182,0.137777,3
MA3_EQ_BOND_COMMOD,D1980s,median_all5,5,10,0.403191,0.12448,-0.122773,-0.0724688,0.488418,0.0852272,0.124898,0.000418321,0.069717,-0.0772107,0.0455625,-0.0734446,0.705556,4.1,0.00900565,0.000547464,-0.0386182,0.174314,4
MA3_EQ_BOND_COMMOD,D1990s,median_SMA6-12,4,10,0.81247,0.10282,-0.089117,-0.0570304,0.872185,0.0597145,0.0981447,-0.00467569,0.0539752,-0.0425372,0.0465797,-0.0373462,0.763889,3.9,0.00742609,-0.00346811,-0.0763503,0.10526,3
MA3_EQ_BOND_COMMOD,D1990s,median_all5,5,10,0.81247,0.10282,-0.089117,-0.0570304,0.864473,0.0520024,0.0968484,-0.00597204,0.0539197,-0.0425372,0.0465797,-0.0373462,0.752778,3.7,0.00787509,-0.00463902,-0.0763503,0.10526,4
MA3_EQ_BOND_COMMOD,D2000s,median_SMA6-12,4,10,0.395676,0.0592091,-0.302352,-0.130021,0.957558,0.561883,0.0830996,0.0238904,0.0565247,-0.0558908,0.246461,-0.0278562,0.7125,4.7,0.0294039,0.0215217,0.38301,0.591437,4
MA3_EQ_BOND_COMMOD,D2000s,median_all5,5,10,0.395676,0.0592091,-0.302352,-0.130021,0.947543,0.551868,0.0825115,0.0233023,0.0565445,-0.0569967,0.245355,-0.0278562,0.702778,3.9,0.0291912,0.0211018,0.38301,0.591437,5
MA3_EQ_BOND_COMMOD,D2010s,median_SMA6-12,4,10,0.735025,0.0543161,-0.11839,-0.061522,0.772981,0.037956,0.0405699,-0.0137462,0.0464514,-0.0677784,0.0506118,-0.041819,0.645833,5.35,0.00341703,-0.012275,-0.0737936,0.298836,2
MA3_EQ_BOND_COMMOD,D2010s,median_all5,5,10,0.735025,0.0543161,-0.11839,-0.061522,0.705115,-0.0299107,0.037889,-0.0164271,0.0465445,-0.0677784,0.0506118,-0.041819,0.655556,5.3,8.47972e-05,-0.0149499,-0.15846,0.298836,2
MA3_EQ_BOND_COMMOD,D2020s,median_SMA6-12,4,4.75,0.626124,0.0865724,-0.13674,-0.0771357,0.83116,0.205036,0.0776822,-0.00889018,0.0642191,-0.0630375,0.0737023,-0.0302608,0.611111,6.21053,0.0132651,-0.0096064,0.184301,0.289183,4
MA3_EQ_BOND_COMMOD,D2020s,median_all5,5,4.75,0.626124,0.0865724,-0.13674,-0.0771357,0.851715,0.225592,0.0772973,-0.00927515,0.0632883,-0.0615956,0.0751441,-0.0298894,0.602339,5.89474,0.0143239,-0.00980973,0.184301,0.289183,5
MA5_FABER_LIKE,P2_1973_2006_faber,median_SMA6-12,4,30.83,0.731281,0.122501,-0.113394,-0.0920988,0.838985,0.107704,0.117352,-0.00514896,0.064203,-0.0926824,0.0207113,-0.0926824,0.74973,7.31351,0.00926442,-0.00438105,0.0394527,0.132672,4
MA5_FABER_LIKE,P2_1973_2006_faber,median_all5,5,30.83,0.731281,0.122501,-0.113394,-0.0920988,0.854038,0.122757,0.119542,-0.0029591,0.0633197,-0.0926824,0.0207113,-0.0926824,0.738919,6.48649,0.0106408,-0.00250549,0.0394527,0.185012,5
MA5_FABER_LIKE,P3_2007_2024_postpub,median_SMA6-12,4,17.75,0.420602,0.0576264,-0.418382,-0.183439,0.6525,0.231898,0.0545112,-0.00311522,0.0642053,-0.116566,0.301816,-0.0613402,0.65493,9.40845,0.00931238,-0.00641384,0.185195,0.34438,4
MA5_FABER_LIKE,P3_2007_2024_postpub,median_all5,5,17.75,0.420602,0.0576264,-0.418382,-0.183439,0.621042,0.20044,0.0518329,-0.00579354,0.0646257,-0.125677,0.292705,-0.0648859,0.648826,8.95775,0.00639828,-0.00910155,0.0719881,0.34438,5
MA5_FABER_LIKE,P3b_2009_2024_postpub_ex2008,median_SMA6-12,4,15.75,0.664553,0.0823169,-0.178106,-0.11126,0.791303,0.126749,0.0605358,-0.0217811,0.0642249,-0.0801957,0.0979102,-0.0575954,0.657672,9.52381,0.00167502,-0.0226708,-0.0144499,0.198105,3
MA5_FABER_LIKE,P3b_2009_2024_postpub_ex2008,median_all5,5,15.75,0.664553,0.0823169,-0.178106,-0.11126,0.756416,0.0918634,0.0581796,-0.0241373,0.0644624,-0.0803935,0.0977123,-0.0575954,0.65291,9.20635,-0.00163655,-0.0251951,-0.140144,0.198105,3
MA5_FABER_LIKE,PRE_OOS_all,median_SMA6-12,4,48.58,0.579219,0.0983502,-0.418382,-0.183439,0.770685,0.191467,0.0939679,-0.00438236,0.0651024,-0.116736,0.301646,-0.0926824,0.715094,8.0789,0.00929541,-0.00512374,0.187789,0.197015,4
MA5_FABER_LIKE,PRE_OOS_all,median_all5,5,48.58,0.579219,0.0983502,-0.418382,-0.183439,0.76929,0.190071,0.0936223,-0.00472793,0.0654496,-0.125677,0.292705,-0.0926824,0.706003,7.38937,0.00931217,-0.0053321,0.170099,0.197015,5
MA5_FABER_LIKE,P4_2024_10_latest_descriptive,median_SMA6-12,4,1.92,1.16821,0.136692,-0.0288239,-0.0288239,0.859214,-0.308995,0.100458,-0.0362347,0.0670254,-0.0275437,0.00128017,-0.0285156,0.817391,10.4348,-0.0167634,-0.0312374,-0.459916,-0.225329,0
MA5_FABER_LIKE,P4_2024_10_latest_descriptive,median_all5,5,1.92,1.16821,0.136692,-0.0288239,-0.0288239,0.78092,-0.387288,0.0946444,-0.0420478,0.0686394,-0.0288239,0,-0.0288239,0.782609,10.4348,-0.0179966,-0.0364277,-0.459916,-0.225329,0
MA5_FABER_LIKE,FULL_incl_P4,median_SMA6-12,4,50.5,0.59675,0.0997816,-0.418382,-0.183439,0.774,0.17725,0.0942125,-0.00556904,0.0651228,-0.116736,0.301646,-0.0926824,0.718977,8.16832,0.00858751,-0.00611485,0.170837,0.186597,4
MA5_FABER_LIKE,FULL_incl_P4,median_all5,5,50.5,0.59675,0.0997816,-0.418382,-0.183439,0.773049,0.176299,0.0935795,-0.00620205,0.0655534,-0.125677,0.292705,-0.0926824,0.708911,7.42574,0.00860334,-0.00658334,0.153903,0.186597,5
MA5_FABER_LIKE,D1970s,median_SMA6-12,4,3.83,0.996807,0.153927,-0.0688449,-0.0688449,0.804585,-0.192222,0.130371,-0.0235558,0.0722322,-0.0688449,1.66533e-16,-0.0688449,0.83913,7.17391,-0.0091266,-0.0199339,-0.238456,-0.12761,0
MA5_FABER_LIKE,D1970s,median_all5,5,3.83,0.996807,0.153927,-0.0688449,-0.0688449,0.831755,-0.165051,0.130495,-0.0234322,0.0701481,-0.0688449,2.22045e-16,-0.0688449,0.821739,6,-0.00636517,-0.0198192,-0.238456,0.0973402,1
MA5_FABER_LIKE,D1980s,median_SMA6-12,4,10,0.626588,0.150734,-0.106193,-0.0920988,0.680947,0.0543589,0.144562,-0.0061715,0.0728251,-0.0926824,0.0135103,-0.0926824,0.7525,7.55,0.00731536,-0.00530449,-0.0258725,0.0973589,3
MA5_FABER_LIKE,D1980s,median_all5,5,10,0.626588,0.150734,-0.106193,-0.0920988,0.708907,0.0823186,0.144805,-0.00592824,0.0728066,-0.0926824,0.0135103,-0.0926824,0.743333,6.7,0.00846616,-0.00545659,-0.0258725,0.0973589,4
MA5_FABER_LIKE,D1990s,median_SMA6-12,4,10,0.61131,0.0953646,-0.113394,-0.0763471,0.703009,0.0916988,0.0896232,-0.00574148,0.0561653,-0.0461451,0.0672486,-0.044789,0.7225,7.45,0.00622242,-0.00495146,0.00868125,0.183276,4
MA5_FABER_LIKE,D1990s,median_all5,5,10,0.61131,0.0953646,-0.113394,-0.0763471,0.724076,0.112766,0.0919397,-0.00342499,0.0551212,-0.0461451,0.0672486,-0.044789,0.711667,6.8,0.00793969,-0.00286128,0.00868125,0.255899,5
MA5_FABER_LIKE,D2000s,median_SMA6-12,4,10,0.374186,0.066518,-0.418382,-0.183439,1.09483,0.72064,0.0964335,0.0299155,0.0623929,-0.0946795,0.323703,-0.0581152,0.698333,7.1,0.0354375,0.0235583,0.57197,0.829211,4
MA5_FABER_LIKE,D2000s,median_all5,5,10,0.374186,0.066518,-0.418382,-0.183439,1.0185,0.644319,0.0928162,0.0262982,0.0623242,-0.0624716,0.355911,-0.0513446,0.693333,6.2,0.0323994,0.020522,0.57197,0.829211,5
MA5_FABER_LIKE,D2010s,median_SMA6-12,4,10,0.775702,0.071714,-0.125677,-0.0795454,0.713783,-0.0619195,0.0445171,-0.0271968,0.0567611,-0.0801957,0.0454814,-0.0575954,0.6875,9.35,-0.00626674,-0.0258437,-0.250971,0.0715354,1
MA5_FABER_LIKE,D2010s,median_all5,5,10,0.775702,0.071714,-0.125677,-0.0795454,0.676723,-0.0989791,0.0454452,-0.0262688,0.0579894,-0.0803935,0.0452835,-0.0575954,0.7,9.1,-0.00411339,-0.0247332,-0.250971,0.0715354,1
MA5_FABER_LIKE,D2020s,median_SMA6-12,4,4.75,0.456228,0.0781208,-0.178106,-0.11126,0.667716,0.211488,0.0723538,-0.00576696,0.0741014,-0.0472537,0.130852,-0.0402733,0.614035,10.6316,0.0121176,-0.00967648,0.158097,0.27078,4
MA5_FABER_LIKE,D2020s,median_all5,5,4.75,0.456228,0.0781208,-0.178106,-0.11126,0.650645,0.194417,0.071578,-0.00654278,0.0735703,-0.0494178,0.128688,-0.04037,0.614035,10.1053,0.011457,-0.0102356,-0.138965,0.27078,4
MA5_FABER_LIKE,CAL_S3_IS_window,median_SMA6-12,4,18.92,0.477008,0.0660103,-0.418382,-0.183439,0.739689,0.262681,0.0624863,-0.00352399,0.0644067,-0.116566,0.301816,-0.0613402,0.668282,9.2511,0.0104262,-0.00648633,0.223976,0.35618,4
MA5_FABER_LIKE,CAL_S3_IS_window,median_all5,5,18.92,0.477008,0.0660103,-0.418382,-0.183439,0.714287,0.23728,0.0602201,-0.00579024,0.0647276,-0.125677,0.292705,-0.0648859,0.662555,8.72247,0.00791524,-0.00877389,0.10953,0.35618,5
