meeting,comparison,kind,side,role,transcript_tokens,asr_tokens,turn_idx,explanation,lexicon_hits,numeric_tokens,transcript_excerpt,asr_excerpt,asr_gap_media_s,expected_speech_s
20150917,footnote,editorial footnote of the transcript PDF,included in scored text,editor,22,,-1,"written correction, not spoken",0,0,chair yellen intended to say that interest rate differentials globally do tend ...,,,
20160316,scored_vs_transcript,non-chair turn text inside scored text,scored words from a reporter or moderator turn,question,17,,23,speaker BINYAMIN APPELBAUM,0,0,that and the slope of the path of rate increases combined with ...,,,
20160615,footnote,editorial footnote of the transcript PDF,included in scored text,editor,50,,-1,"written correction, not spoken",0,0,chair yellen intended to say you know obviously there is a lot ...,,,
20160921,scored_vs_transcript,non-chair turn text inside scored text,scored words from a reporter or moderator turn,question,21,,11,speaker CRAIG TORRES,1,0,about the global reach for yield and whether the committee saw that ...,,,
20161214,scored_vs_transcript,non-chair turn text inside scored text,scored words from a reporter or moderator turn,question,15,,19,speaker BINYAMIN APPLEBAUM,0,0,i was saying what advice would you give about how the system ...,,,
20170920,footnote,editorial footnote of the transcript PDF,not in scored text,editor,15,,-1,"written correction, not spoken",0,0,chair yellen intended to say that she met with president trump early ...,,,
20171213,scored_vs_transcript,non-chair turn text inside scored text,scored words from a reporter or moderator turn,question,4,,25,speaker VICTORIA GUIDA,0,0,too big to fail,,,
20171213,footnote,editorial footnote of the transcript PDF,included in scored text,editor,13,,-1,"written correction, not spoken",0,0,chair yellen intended to say that credit growth is not at excessive ...,,,
20171213,footnote,editorial footnote of the transcript PDF,included in scored text,editor,17,,-1,"written correction, not spoken",0,1,chair yellen intended to say that beginning in mid-2014 there was a ...,,,
20180321,footnote,editorial footnote of the transcript PDF,included in scored text,editor,18,,-1,"written correction, not spoken",0,0,chairman powell intended to say that the committee had raised the target ...,,,
20180321,transcript_vs_asr,transcript_only,transcript words not in ASR,reporter_or_moderator,17,0.0,3,"ASR audio gap (speech present, ASR omitted it)",0,0,and your biggest concern or your biggest risk here is it doing ...,,5.81,6.04
20180321,transcript_vs_asr,transcript_only,transcript words not in ASR,reporter_or_moderator,14,0.0,9,"ASR audio gap (speech present, ASR omitted it)",0,1,but do you think you can get to 3 percent on a ...,,3.56,4.97
20180321,transcript_vs_asr,transcript_only,transcript words not in ASR,reporter_or_moderator,38,0.0,11,"ASR audio gap (speech present, ASR omitted it)",0,0,pretty sustainably you know moderate wage increases at what point are you ...,,13.57,13.49
20180321,transcript_vs_asr,speech_only,ASR words not in transcript,chair,0,42.0,12,found elsewhere in transcript (ASR segment order),0,2,,-it's not something that we can observe directly we look at a ...,,
20180321,transcript_vs_asr,transcript_only,transcript words not in ASR,reporter_or_moderator,8,0.0,21,"ASR audio gap (speech present, ASR omitted it)",0,0,that had no impact though it's such a,,7.39,2.84
20180321,transcript_vs_asr,transcript_only,transcript words not in ASR,reporter_or_moderator,9,1.0,21,"ASR audio gap (speech present, ASR omitted it)",1,0,in government stimulus that you're that had to have,it,3.64,3.2
20180321,transcript_vs_asr,transcript_only,transcript words not in ASR,reporter_or_moderator,14,0.0,25,"ASR audio gap (speech present, ASR omitted it)",0,0,so it wasn't one factor that was pulling at the heart of ...,,4.65,4.97
20180321,transcript_vs_asr,transcript_only,transcript words not in ASR,reporter_or_moderator,20,0.0,31,"ASR audio gap (speech present, ASR omitted it)",0,0,the second question was whether the secular stagnation narrative whether fiscal policy ...,,6.59,7.1
20180321,transcript_vs_asr,transcript_only,transcript words not in ASR,chair,10,1.0,36,"ASR audio gap (speech present, ASR omitted it)",0,0,better ability to deal with the failure of those institutions,-,3.09,3.55
20180321,transcript_vs_asr,transcript_only,transcript words not in ASR,reporter_or_moderator,10,1.0,37,"ASR audio gap (speech present, ASR omitted it)",0,0,potentially being able to restrict dividend payouts or stock buybacks,-,3.66,3.55
20180321,transcript_vs_asr,speech_only,ASR words not in transcript,other_or_edge,0,19.0,37,found elsewhere in transcript (ASR segment order),0,0,,-you've talked a lot about how size isn't the only thing that ...,,
20180321,transcript_vs_asr,transcript_only,transcript words not in ASR,chair,44,0.0,38,"ASR audio gap (speech present, ASR omitted it)",0,0,so we are fully prepared to do that but this is a ...,,10.53,15.62
20180321,transcript_vs_asr,speech_only,ASR words not in transcript,chair,2,44.0,38,repetition loop (ASR artefact),0,0,logistically possible,-is it you know -is it -is it you know -is it ...,,
20180321,transcript_vs_asr,transcript_only,transcript words not in ASR,reporter_or_moderator,10,2.0,39,"ASR audio gap (speech present, ASR omitted it)",0,0,about what causes banks to pose systemic risk beyond size,chair powell,4.76,3.55
20180321,transcript_vs_asr,transcript_only,transcript words not in ASR,chair,11,0.0,44,"ASR audio gap (speech present, ASR omitted it)",0,0,you know your second question sorry was china yes i mean,,12.56,3.91
20180321,transcript_vs_asr,transcript_only,transcript words not in ASR,reporter_or_moderator,10,2.0,45,no ASR audio gap (possibly not spoken: edit),0,0,united states and china in the event that the u.s,u s,0.42,3.55
20180321,transcript_vs_asr,transcript_only,transcript words not in ASR,reporter_or_moderator,10,2.0,49,"ASR audio gap (speech present, ASR omitted it)",0,0,virginie montet with agence france presse if the economy behaves,virginia monte,11.75,3.55
20180321,transcript_vs_asr,transcript_only,transcript words not in ASR,chair,14,1.0,52,"ASR audio gap (speech present, ASR omitted it)",0,0,recession probabilities are particularly high at the moment any higher than they ...,-,4.54,4.97
20180321,scored_vs_asr,scored_only,scored words not in ASR,scored text,19,0.0,-1,no ASR audio gap (possibly not spoken: edit); overlaps footnote,0,1,1 chairman powell intended to say that the committee had raised the ...,,1.41,6.75
20180321,scored_vs_asr,scored_only,scored words not in ASR,scored text,10,1.0,-1,"ASR audio gap (speech present, ASR omitted it)",0,0,better ability to deal with the failure of those institutions,-,3.09,3.55
20180321,scored_vs_asr,scored_only,scored words not in ASR,scored text,44,0.0,-1,"ASR audio gap (speech present, ASR omitted it)",0,0,so we are fully prepared to do that but this is a ...,,10.53,15.62
20180321,scored_vs_asr,scored_only,scored words not in ASR,scored text,14,1.0,-1,"ASR audio gap (speech present, ASR omitted it)",0,0,recession probabilities are particularly high at the moment any higher than they ...,-,4.54,4.97
20180613,footnote,editorial footnote of the transcript PDF,included in scored text,editor,23,,-1,"written correction, not spoken",0,0,chairman powell intended to say that there are pockets of people in ...,,,
20180613,transcript_vs_asr,transcript_only,transcript words not in ASR,chair,14,0.0,10,"ASR audio gap (speech present, ASR omitted it)",0,0,and we're just going to have to see how would you forecast ...,,4.65,4.81
20180613,transcript_vs_asr,transcript_only,transcript words not in ASR,reporter_or_moderator,55,1.0,25,"ASR audio gap (speech present, ASR omitted it)",3,5,median unemployment forecast for 2020 down to 3.5 percent but left the ...,-,18.27,18.9
20180613,transcript_vs_asr,speech_only,ASR words not in transcript,chair,0,25.0,26,found elsewhere in transcript (ASR segment order),1,0,,-and i would just emphasize that -a couple things first we're learning ...,,
20180613,scored_vs_asr,scored_only,scored words not in ASR,scored text,8,0.0,-1,found elsewhere in ASR (ASR segment order),0,0,and we're just going to have to see,,4.65,2.75
20180613,scored_vs_asr,scored_only,scored words not in ASR,scored text,24,0.0,-1,no ASR audio gap (possibly not spoken: edit); overlaps footnote,0,1,1 chairman powell intended to say that there are pockets of people ...,,0.0,8.25
20180926,transcript_vs_scored,chair transcript text missing from scored text,chair words not in scored text,opening,1062,,0,turns 0-1,8,21,good afternoon everyone thanks for being here i am going to start ...,,,
20180926,transcript_vs_asr,transcript_only,transcript words not in ASR,reporter_or_moderator,14,0.0,9,"ASR audio gap (speech present, ASR omitted it)",0,0,if i could follow up on that what are you buying with ...,,6.68,4.9
20180926,transcript_vs_asr,transcript_only,transcript words not in ASR,chair,9,1.0,12,"ASR audio gap (speech present, ASR omitted it)",0,0,you know the assessment was that vulnerabilities were moderate,-,2.8,3.15
20180926,transcript_vs_asr,transcript_only,transcript words not in ASR,reporter_or_moderator,9,0.0,13,"ASR audio gap (speech present, ASR omitted it)",0,0,has the chance of needing to deploy it increased,,5.73,3.15
20180926,transcript_vs_asr,transcript_only,transcript words not in ASR,chair,9,0.0,40,"ASR audio gap (speech present, ASR omitted it)",0,0,that's at least as bad as the financial crisis,,2.93,3.15
20180926,transcript_vs_asr,transcript_only,transcript words not in ASR,chair,10,0.0,64,"ASR audio gap (speech present, ASR omitted it)",0,0,many of those though have to meet certain basic standards,,3.62,3.5
20180926,transcript_vs_asr,substituted,ASR words not in transcript,chair,5,8.0,64,repetition loop (ASR artefact),0,0,have we have we set,-it's it's it's it's it's it's it's it's,,
20180926,scored_vs_asr,scored_only,scored words not in ASR,scored text,9,1.0,-1,"ASR audio gap (speech present, ASR omitted it)",0,0,you know the assessment was that vulnerabilities were moderate,-,2.8,3.15
20180926,scored_vs_asr,scored_only,scored words not in ASR,scored text,9,0.0,-1,"ASR audio gap (speech present, ASR omitted it)",0,0,that's at least as bad as the financial crisis,,2.93,3.15
20180926,scored_vs_asr,scored_only,scored words not in ASR,scored text,10,0.0,-1,"ASR audio gap (speech present, ASR omitted it)",0,0,many of those though have to meet certain basic standards,,3.62,3.5
20181219,footnote,editorial footnote of the transcript PDF,included in scored text,editor,11,,-1,"written correction, not spoken",0,0,chairman powell was referring to the beige book not the tealbook,,,
20181219,transcript_vs_asr,transcript_only,transcript words not in ASR,reporter_or_moderator,18,0.0,13,"ASR audio gap (speech present, ASR omitted it)",0,0,are we dealing with it the way that you want us to ...,,5.28,6.52
20181219,transcript_vs_asr,transcript_only,transcript words not in ASR,reporter_or_moderator,9,0.0,39,"ASR audio gap (speech present, ASR omitted it)",0,0,letters to you asking you to revisit and reconsider,,3.54,3.26
20181219,transcript_vs_asr,transcript_only,transcript words not in ASR,chair,12,0.0,42,no ASR audio gap (possibly not spoken: edit),0,0,time that could be thought of as a signal of expectations of,,0.0,4.35
20181219,transcript_vs_asr,transcript_only,transcript words not in ASR,chair,13,1.0,46,"ASR audio gap (speech present, ASR omitted it)",0,0,you know like the negotiations between italy and the eu over their ...,-,4.63,4.71
20181219,scored_vs_asr,scored_only,scored words not in ASR,scored text,12,0.0,-1,no ASR audio gap (possibly not spoken: edit); overlaps footnote,0,1,1 chairman powell was referring to the beige book not the tealbook,,0.0,4.35
20181219,scored_vs_asr,scored_only,scored words not in ASR,scored text,12,0.0,-1,no ASR audio gap (possibly not spoken: edit),0,0,time that could be thought of as a signal of expectations of,,0.0,4.35
20181219,scored_vs_asr,scored_only,scored words not in ASR,scored text,13,1.0,-1,"ASR audio gap (speech present, ASR omitted it)",0,0,you know like the negotiations between italy and the eu over their ...,-,4.63,4.71
20190130,transcript_vs_asr,transcript_only,transcript words not in ASR,reporter_or_moderator,25,1.0,15,"ASR audio gap (speech present, ASR omitted it)",0,0,so just to clarify i'm sorry you did discuss reducing the pace ...,yeah,10.17,9.06
20190130,transcript_vs_asr,transcript_only,transcript words not in ASR,reporter_or_moderator,13,0.0,29,"ASR audio gap (speech present, ASR omitted it)",0,2,even if you have a large balance sheet 4 trillion above 4 ...,,3.95,4.71
20190130,transcript_vs_asr,transcript_only,transcript words not in ASR,reporter_or_moderator,37,0.0,33,no ASR audio gap (possibly not spoken: edit),0,1,yes it does so you don't see a permanent effect of this ...,,1.99,13.41
20190130,transcript_vs_asr,transcript_only,transcript words not in ASR,chair,8,1.0,42,"ASR audio gap (speech present, ASR omitted it)",0,0,news for you on that today thank you,-,9.79,2.9
20190130,transcript_vs_asr,transcript_only,transcript words not in ASR,reporter_or_moderator,15,0.0,47,"ASR audio gap (speech present, ASR omitted it)",0,1,what does that look like if that really takes place 10 years ...,,4.8,5.44
20190130,transcript_vs_asr,transcript_only,transcript words not in ASR,reporter_or_moderator,20,0.0,55,"ASR audio gap (speech present, ASR omitted it)",0,0,but do you take the survey results as given or do you ...,,9.2,7.25
20190130,transcript_vs_asr,substituted,transcript words not in ASR,chair,8,6.0,56,"ASR audio gap (speech present, ASR omitted it)",0,0,gesturing with hands together in the middle all,it probably -it's probably somewhere -all,2.18,2.9
20190130,transcript_vs_asr,transcript_only,transcript words not in ASR,chair,8,0.0,56,no ASR audio gap (possibly not spoken: edit),0,0,gesturing with hands apart equidistant from the middle,,0.42,2.9
20190130,scored_vs_asr,substituted,scored words not in ASR,scored text,8,6.0,-1,"ASR audio gap (speech present, ASR omitted it); overlaps editor brackets",0,0,gesturing with hands together in the middle all,it probably -it's probably somewhere -all,2.18,2.9
20190130,scored_vs_asr,scored_only,scored words not in ASR,scored text,8,0.0,-1,no ASR audio gap (possibly not spoken: edit); overlaps editor brackets,0,0,gesturing with hands apart equidistant from the middle,,0.42,2.9
20190320,scored_vs_transcript,non-chair turn text inside scored text,scored words from a reporter or moderator turn,question,95,,47,speaker BRIAN CHEUNG,1,0,hi chair powell brian cheung with yahoo finance thanks for taking my ...,,,
20190320,footnote,editorial footnote of the transcript PDF,not in scored text,editor,13,,-1,"written correction, not spoken",1,1,chair powell intended to say that the unemployment rate is under 4 ...,,,
20190320,footnote,editorial footnote of the transcript PDF,not in scored text,editor,15,,-1,"written correction, not spoken",0,1,chair powell intended to point to the weak reading on retail sales ...,,,
20190320,transcript_vs_asr,transcript_only,transcript words not in ASR,reporter_or_moderator,9,1.0,23,"ASR audio gap (speech present, ASR omitted it)",0,0,if i could ask a follow up if it's,is,4.57,3.25
20190501,scored_vs_transcript,non-chair turn text inside scored text,scored words from a reporter or moderator turn,question,39,,21,speaker DONNA BORAK,0,0,just to push a little bit on this but if the data ...,,,
20190619,scored_vs_transcript,non-chair turn text inside scored text,scored words from a reporter or moderator turn,question,40,,23,speaker HOWARD SCHNEIDER,1,0,on def no the fact that you've signaled rate cuts are coming ...,,,
20190619,footnote,editorial footnote of the transcript PDF,included in scored text,editor,16,,-1,"written correction, not spoken",0,0,chair powell intended to say that growth in business fixed investment slowed ...,,,
20190619,footnote,editorial footnote of the transcript PDF,not in scored text,editor,8,,-1,"written correction, not spoken",0,0,chair powell intended to say business fixed investment,,,
20190619,footnote,editorial footnote of the transcript PDF,not in scored text,editor,11,,-1,"written correction, not spoken",0,0,chair powell intended to say stronger activity in the euro area,,,
20190619,transcript_vs_asr,transcript_only,transcript words not in ASR,reporter_or_moderator,14,0.0,1,no ASR audio gap (possibly not spoken: edit),1,0,nick timiraos wall street journal chair powell did you consider a rate ...,,0.86,5.03
20190619,transcript_vs_asr,transcript_only,transcript words not in ASR,reporter_or_moderator,12,0.0,13,"ASR audio gap (speech present, ASR omitted it)",1,0,among a group that was pushing for a rate cut this time,,5.26,4.31
20190619,transcript_vs_asr,transcript_only,transcript words not in ASR,reporter_or_moderator,8,2.0,41,"ASR audio gap (speech present, ASR omitted it)",0,0,do you think the fed will be involved,chair yellen,1.8,2.88
20190619,transcript_vs_asr,transcript_only,transcript words not in ASR,reporter_or_moderator,29,0.0,47,"ASR audio gap (speech present, ASR omitted it)",0,0,but yet leveraged lending is a source of concern you yourself have ...,,13.98,10.43
20190619,scored_vs_asr,scored_only,scored words not in ASR,scored text,17,0.0,-1,no ASR audio gap (possibly not spoken: edit); overlaps footnote,0,1,1 chair powell intended to say that growth in business fixed investment ...,,0.0,6.11
20190731,scored_vs_transcript,non-chair turn text inside scored text,scored words from a reporter or moderator turn,question,25,,49,speaker NANCY MARSHALL-GENZER,1,0,but you won't be able to cut as much if if rates ...,,,
20190731,transcript_vs_asr,transcript_only,transcript words not in ASR,reporter_or_moderator,17,0.0,5,"ASR audio gap (speech present, ASR omitted it)",1,0,but the follow up question is how does it do that how ...,,6.37,5.9
20190731,transcript_vs_asr,transcript_only,transcript words not in ASR,chair,8,1.0,6,"ASR audio gap (speech present, ASR omitted it)",1,0,noted our vigilance about the situation in june,-,3.46,2.78
20190731,transcript_vs_asr,transcript_only,transcript words not in ASR,reporter_or_moderator,9,0.0,9,"ASR audio gap (speech present, ASR omitted it)",0,0,would you say we're sort of you guys have,,3.51,3.12
20190731,transcript_vs_asr,transcript_only,transcript words not in ASR,reporter_or_moderator,11,0.0,19,"ASR audio gap (speech present, ASR omitted it)",1,0,so we're not at the beginning of a lengthy cutting cycle,,1.91,3.82
20190731,transcript_vs_asr,transcript_only,transcript words not in ASR,reporter_or_moderator,9,0.0,39,"ASR audio gap (speech present, ASR omitted it)",0,0,how much of an effect could the tariffs have,,3.49,3.12
20190731,transcript_vs_asr,transcript_only,transcript words not in ASR,reporter_or_moderator,9,0.0,45,"ASR audio gap (speech present, ASR omitted it)",0,0,i mean i just i'd like to clarify like,,2.01,3.12
20190731,scored_vs_asr,scored_only,scored words not in ASR,scored text,8,1.0,-1,"ASR audio gap (speech present, ASR omitted it)",1,0,noted our vigilance about the situation in june,-,3.46,2.78
20190918,footnote,editorial footnote of the transcript PDF,included in scored text,editor,14,,-1,"written correction, not spoken",0,1,chair powell intended to say that the median projection is 1.9 percent ...,,,
20190918,transcript_vs_scored,chair transcript text missing from scored text,chair words not in scored text,answer,75,,22,turns 21-23,0,1,particularly if you look at 2020 i think the use of this ...,,,
20190918,transcript_vs_scored,chair transcript text missing from scored text,chair words not in scored text,answer,314,,48,turns 47-49,0,0,no we do so we monitor the yield curve carefully along with ...,,,
20190918,transcript_vs_asr,transcript_only,transcript words not in ASR,reporter_or_moderator,24,1.0,5,"ASR audio gap (speech present, ASR omitted it)",1,0,financial conditions and the financial conditions are in turn predicated on an ...,-,11.19,8.39
20190918,transcript_vs_asr,transcript_only,transcript words not in ASR,reporter_or_moderator,9,2.0,33,"ASR audio gap (speech present, ASR omitted it)",0,0,so have you figured out how to navigatge it,chair powell,2.51,3.15
20190918,transcript_vs_asr,transcript_only,transcript words not in ASR,reporter_or_moderator,12,2.0,41,"ASR audio gap (speech present, ASR omitted it)",0,0,and how much will it offset the trade impact do you think,chair powell,4.84,4.19
20190918,transcript_vs_asr,transcript_only,transcript words not in ASR,chair,9,0.0,50,"ASR audio gap (speech present, ASR omitted it)",0,0,and if you look at sort of the things,,3.61,3.15
20190918,scored_vs_asr,scored_only,scored words not in ASR,scored text,15,0.0,-1,no ASR audio gap (possibly not spoken: edit); overlaps footnote,0,2,1 chair powell intended to say that the median projection is 1.9 ...,,0.0,5.24
20190918,scored_vs_asr,scored_only,scored words not in ASR,scored text,9,0.0,-1,"ASR audio gap (speech present, ASR omitted it)",0,0,and if you look at sort of the things,,3.61,3.15
20191030,scored_vs_transcript,non-chair turn text inside scored text,scored words from a reporter or moderator turn,question,57,,42,speaker GREG ROBB,0,0,thank you greg robb from marketwatch chairman powell it seems that the ...,,,
20191030,scored_vs_transcript,non-chair turn text inside scored text,scored words from a reporter or moderator turn,question,7,,54,speaker PAUL KIERNAN,1,0,sorry if policy is accommodative right now,,,
20191030,scored_vs_transcript,non-chair turn text inside scored text,scored words from a reporter or moderator turn,question,58,,56,speaker JEAN YUNG,0,0,hi jean yung from market news i wanted to ask about financial ...,,,
20191030,transcript_vs_asr,transcript_only,transcript words not in ASR,reporter_or_moderator,22,0.0,3,"ASR audio gap (speech present, ASR omitted it)",1,0,if i could follow up if the markets decide that you need ...,,4.75,7.95
20191030,transcript_vs_asr,transcript_only,transcript words not in ASR,chair,10,1.0,17,"ASR audio gap (speech present, ASR omitted it)",0,0,innovations changes to the way we think about things changes,-,4.29,3.61
20191030,transcript_vs_asr,transcript_only,transcript words not in ASR,reporter_or_moderator,9,0.0,32,"ASR audio gap (speech present, ASR omitted it)",0,0,but are you concerned just to follow up really,,3.05,3.25
20191030,transcript_vs_asr,transcript_only,transcript words not in ASR,reporter_or_moderator,28,0.0,48,"ASR audio gap (speech present, ASR omitted it)",0,0,if i could follow up if the phase one agreement then doesn't ...,,11.01,10.12
20191030,transcript_vs_asr,transcript_only,transcript words not in ASR,reporter_or_moderator,8,0.0,52,"ASR audio gap (speech present, ASR omitted it)",0,0,inaudible oh i was wondering what that was,,1.69,2.89
20191030,transcript_vs_asr,substituted,transcript words not in ASR,reporter_or_moderator,9,3.0,53,"ASR audio gap (speech present, ASR omitted it)",1,0,i can't sorry if policy is accommodative right now,to the camera,4.29,3.25
20191030,transcript_vs_asr,speech_only,ASR words not in transcript,other_or_edge,0,13.0,64,"not in transcript (disfluency edited out, or ASR insertion)",0,0,,chairman powell okay vivian with the bbc for the last question chairman ...,,
20191030,scored_vs_asr,scored_only,scored words not in ASR,scored text,10,1.0,-1,"ASR audio gap (speech present, ASR omitted it)",0,0,innovations changes to the way we think about things changes,-,4.29,3.61
20191030,scored_vs_asr,substituted,scored words not in ASR,scored text,11,3.0,-1,"ASR audio gap (speech present, ASR omitted it); overlaps non-chair turn",1,0,i can't paul kiernan sorry if policy is accommodative right now,to the camera,4.29,3.98
20191211,footnote,editorial footnote of the transcript PDF,included in scored text,editor,12,,-1,"written correction, not spoken",0,0,chair powell intended to say the repurchase operations were announced in october,,,
20191211,transcript_vs_scored,chair transcript text missing from scored text,chair words not in scored text,answer,114,,50,turns 49-51,0,2,well i so yes i didn't obviously you know didn't see and ...,,,
20191211,transcript_vs_asr,transcript_only,transcript words not in ASR,reporter_or_moderator,13,0.0,7,"ASR audio gap (speech present, ASR omitted it)",0,0,there was a report yesterday from credit suisse suggesting there's a good ...,,4.37,4.37
20191211,transcript_vs_asr,transcript_only,transcript words not in ASR,reporter_or_moderator,12,0.0,9,"ASR audio gap (speech present, ASR omitted it)",0,0,the follow up to that would be where are we with the,,2.84,4.04
20191211,scored_vs_asr,scored_only,scored words not in ASR,scored text,13,0.0,-1,no ASR audio gap (possibly not spoken: edit); overlaps footnote,0,1,1 chair powell intended to say the repurchase operations were announced in ...,,0.0,4.37
20200129,transcript_vs_asr,transcript_only,transcript words not in ASR,reporter_or_moderator,14,2.0,15,no ASR audio gap (possibly not spoken: edit),0,0,center of the range that ioer is going to end up at ...,- i,0.9,4.83
20200129,transcript_vs_asr,transcript_only,transcript words not in ASR,reporter_or_moderator,12,1.0,18,no ASR audio gap (possibly not spoken: edit),0,0,can you turn mic over turn the mic over sorry about that,-,1.97,4.14
20200129,transcript_vs_asr,transcript_only,transcript words not in ASR,chair,8,1.0,34,"ASR audio gap (speech present, ASR omitted it)",0,0,part of part of the existing volcker rule,-,2.88,2.76
20200129,transcript_vs_asr,transcript_only,transcript words not in ASR,reporter_or_moderator,8,0.0,35,"ASR audio gap (speech present, ASR omitted it)",0,0,now is this just the venture capital funds,,2.15,2.76
20200129,scored_vs_asr,scored_only,scored words not in ASR,scored text,8,1.0,-1,"ASR audio gap (speech present, ASR omitted it)",0,0,part of part of the existing volcker rule,-,2.88,2.76
20200303,transcript_vs_asr,transcript_only,transcript words not in ASR,reporter_or_moderator,14,0.0,1,"ASR audio gap (speech present, ASR omitted it)",0,0,thank you nick timiraos with the wall street journal two questions first ...,,10.89,4.99
20200303,transcript_vs_asr,transcript_only,transcript words not in ASR,reporter_or_moderator,21,0.0,7,"ASR audio gap (speech present, ASR omitted it)",0,2,the g-7 heather scott with afp the g-7 statement seemed to indicate ...,,13.06,7.48
20200303,transcript_vs_asr,transcript_only,transcript words not in ASR,reporter_or_moderator,10,0.0,9,no ASR audio gap (possibly not spoken: edit),0,0,but anything you'll be particularly watching that would change that,,0.18,3.56
20200315,scored_vs_transcript,non-chair turn text inside scored text,scored words from a reporter or moderator turn,question,6,,46,speaker VICTORIA GUIDA,0,0,financial stability risks are those rising,,,
20200315,scored_vs_transcript,non-chair turn text inside scored text,scored words from a reporter or moderator turn,question,15,,48,speaker VICTORIA GUIDA,0,0,are risks to financial stability rising given all the stress that's happening ...,,,
20200315,transcript_vs_asr,substituted,transcript words not in ASR,chair,104,5.0,0,edge of recording,0,0,good evening everyone today the federal reserve took a number of actions ...,thank you very much again,,74.26
20200315,transcript_vs_asr,transcript_only,transcript words not in ASR,chair,11,0.0,0,no ASR audio gap (possibly not spoken: edit),0,0,activity in the near term while the primary response to this,,0.0,7.85
20200315,transcript_vs_asr,transcript_only,transcript words not in ASR,chair,307,0.0,0,no ASR audio gap (possibly not spoken: edit),2,2,will come from our health care providers and policy experts economic policymakers ...,,0.67,219.21
20200315,transcript_vs_asr,transcript_only,transcript words not in ASR,chair,9,0.0,0,"ASR audio gap (speech present, ASR omitted it)",0,0,to stem its spread will have a significant effect,,3.26,6.43
20200315,transcript_vs_asr,transcript_only,transcript words not in ASR,chair,27,0.0,0,"ASR audio gap (speech present, ASR omitted it)",0,0,in the near term those in travel tourism and hospitality industries are ...,,11.14,19.28
20200315,transcript_vs_asr,transcript_only,transcript words not in ASR,chair,11,1.0,0,"ASR audio gap (speech present, ASR omitted it)",1,0,rely on global supply chains the weakness abroad will also weigh,are,4.98,7.85
20200315,transcript_vs_asr,transcript_only,transcript words not in ASR,chair,15,0.0,0,no ASR audio gap (possibly not spoken: edit),0,0,come under stress because of the large drop in global oil prices ...,,5.25,10.71
20200315,transcript_vs_asr,transcript_only,transcript words not in ASR,chair,14,0.0,0,no ASR audio gap (possibly not spoken: edit),0,0,the cost of credit has risen for all but the strongest borrowers ...,,4.87,10.0
20200315,transcript_vs_asr,transcript_only,transcript words not in ASR,chair,10,1.0,0,"ASR audio gap (speech present, ASR omitted it)",0,0,sharply moreover the rapidly evolving situation has led to high,sharp,5.04,7.14
20200315,transcript_vs_asr,transcript_only,transcript words not in ASR,chair,27,1.0,0,"ASR audio gap (speech present, ASR omitted it)",0,0,assess the path ahead in the past week several important financial markets ...,end,10.73,19.28
20200315,transcript_vs_asr,transcript_only,transcript words not in ASR,chair,9,0.0,0,"ASR audio gap (speech present, ASR omitted it)",0,0,the market for treasury securities is a critical part,,3.88,6.43
20200315,transcript_vs_asr,transcript_only,transcript words not in ASR,chair,29,1.0,0,no ASR audio gap (possibly not spoken: edit),0,0,markets and serves as the benchmark by which many other financial assets ...,turn,10.22,20.71
20200315,transcript_vs_asr,transcript_only,transcript words not in ASR,chair,19,2.0,0,"ASR audio gap (speech present, ASR omitted it)",0,0,through the entire financial system and the economy to prevent this from ...,thank you,77.69,13.57
20200315,transcript_vs_asr,transcript_only,transcript words not in ASR,chair,51,0.0,0,no ASR audio gap (possibly not spoken: edit),0,1,the treasury market we announced today that we will purchase at least ...,,0.0,36.42
20200315,transcript_vs_asr,transcript_only,transcript words not in ASR,chair,143,0.0,0,no ASR audio gap (possibly not spoken: edit),1,4,mortgage to buy a house or refinance an existing mortgage to improve ...,,0.0,102.11
20200315,transcript_vs_asr,transcript_only,transcript words not in ASR,chair,8,0.0,0,"ASR audio gap (speech present, ASR omitted it)",0,0,from households and businesses to make the discount,,3.55,5.71
20200315,transcript_vs_asr,transcript_only,transcript words not in ASR,chair,263,0.0,0,no ASR audio gap (possibly not spoken: edit),0,1,the current period of elevated uncertainty we made a coordinated announcement with ...,,85.06,187.8
20200315,transcript_vs_asr,transcript_only,transcript words not in ASR,chair,28,0.0,3,"ASR audio gap (speech present, ASR omitted it)",0,0,thank you so based on our discussions today and many conversations with ...,,12.26,19.99
20200315,transcript_vs_asr,transcript_only,transcript words not in ASR,chair,15,0.0,3,"ASR audio gap (speech present, ASR omitted it)",0,0,activities thinking there of travel leisure hospitality those things and that's going ...,,6.37,10.71
20200315,transcript_vs_asr,transcript_only,transcript words not in ASR,chair,21,0.0,3,no ASR audio gap (possibly not spoken: edit),0,0,to protect ourselves appropriate choices that we make to protect ourselves from ...,,0.0,15.0
20200315,transcript_vs_asr,transcript_only,transcript words not in ASR,chair,22,0.0,3,no ASR audio gap (possibly not spoken: edit),0,0,output declining output lower in the second quarter than it was in ...,,0.26,15.71
20200315,transcript_vs_asr,transcript_only,transcript words not in ASR,chair,19,0.0,3,no ASR audio gap (possibly not spoken: edit),0,0,highly uncertain and i would say in fact unknowable we do know ...,,0.0,13.57
20200315,transcript_vs_asr,transcript_only,transcript words not in ASR,chair,31,0.0,3,no ASR audio gap (possibly not spoken: edit),0,0,will resume a normal level of activity in the meantime the fed ...,,7.97,22.14
20200315,transcript_vs_asr,transcript_only,transcript words not in ASR,chair,8,2.0,3,"ASR audio gap (speech present, ASR omitted it)",0,0,that the recovery is as vigorous as possible,it through,3.63,5.71
20200315,transcript_vs_asr,transcript_only,transcript words not in ASR,chair,10,0.0,3,no ASR audio gap (possibly not spoken: edit),0,0,asked about other facilities i would point out that we,,0.0,7.14
20200315,transcript_vs_asr,transcript_only,transcript words not in ASR,chair,8,0.0,3,"ASR audio gap (speech present, ASR omitted it)",0,0,of course responded very strongly not just with,,6.63,5.71
20200315,transcript_vs_asr,transcript_only,transcript words not in ASR,chair,8,0.0,3,"ASR audio gap (speech present, ASR omitted it)",0,0,with liquidity measures today and we believe that,,3.96,5.71
20200315,transcript_vs_asr,transcript_only,transcript words not in ASR,chair,12,1.0,3,no ASR audio gap (possibly not spoken: edit),0,0,financial markets generally and as i said in my statement we're prepared,prepare,4.08,8.57
20200315,transcript_vs_asr,transcript_only,transcript words not in ASR,chair,11,0.0,3,"ASR audio gap (speech present, ASR omitted it)",0,0,to support the flow of credit to households and businesses thanks,,4.65,7.85
20200315,transcript_vs_asr,transcript_only,transcript words not in ASR,chair,8,0.0,6,"ASR audio gap (speech present, ASR omitted it)",0,0,really the committee as you know we did,,4.76,5.71
20200315,transcript_vs_asr,transcript_only,transcript words not in ASR,chair,15,0.0,6,no ASR audio gap (possibly not spoken: edit),0,0,when we started out we view forward guidance and asset purchases asset ...,,0.0,10.71
20200315,transcript_vs_asr,transcript_only,transcript words not in ASR,chair,8,0.0,6,no ASR audio gap (possibly not spoken: edit),0,0,those tools as the basic elements of our,,0.0,5.71
20200315,transcript_vs_asr,transcript_only,transcript words not in ASR,chair,20,1.0,6,"ASR audio gap (speech present, ASR omitted it)",0,0,reaches the effective lower bound so really forward guidance asset purchases and ...,that,7.85,14.28
20200315,transcript_vs_asr,transcript_only,transcript words not in ASR,chair,39,0.0,6,no ASR audio gap (possibly not spoken: edit),0,0,rates during the global financial crisis we monitored their use in other ...,,11.24,27.85
20200315,transcript_vs_asr,transcript_only,transcript words not in ASR,reporter_or_moderator,10,0.0,7,no ASR audio gap (possibly not spoken: edit),0,0,the wall street journal thanks chair powell nick timiraos of,,0.0,7.14
20200315,transcript_vs_asr,transcript_only,transcript words not in ASR,chair,30,0.0,9,no ASR audio gap (possibly not spoken: edit),0,0,liquidity operations and i'll talk specifically about the treasury and mbs purchases ...,,0.0,21.42
20200315,transcript_vs_asr,transcript_only,transcript words not in ASR,chair,18,0.0,9,"ASR audio gap (speech present, ASR omitted it)",0,0,one of the most important perhaps the most important market in the ...,,6.7,12.85
20200315,transcript_vs_asr,transcript_only,transcript words not in ASR,chair,29,0.0,9,"ASR audio gap (speech present, ASR omitted it)",0,0,important it's closely linked to the treasury market and it's the way ...,,10.59,20.71
20200315,transcript_vs_asr,transcript_only,transcript words not in ASR,chair,13,0.0,9,no ASR audio gap (possibly not spoken: edit),0,0,assets across the curve to try to support liquidity and return to ...,,3.65,9.28
20200315,transcript_vs_asr,transcript_only,transcript words not in ASR,chair,10,0.0,9,no ASR audio gap (possibly not spoken: edit),0,0,was the asset purchase programs that we did today and,,3.2,7.14
20200315,transcript_vs_asr,transcript_only,transcript words not in ASR,chair,12,0.0,9,no ASR audio gap (possibly not spoken: edit),0,0,global financial system and of the united states financial system and if,,4.16,8.57
20200315,transcript_vs_asr,transcript_only,transcript words not in ASR,chair,15,2.0,9,"ASR audio gap (speech present, ASR omitted it)",0,0,that amount to that where households and businesses typically get credit so ...,natural markets,8.58,10.71
20200315,transcript_vs_asr,transcript_only,transcript words not in ASR,chair,18,0.0,9,no ASR audio gap (possibly not spoken: edit),0,0,financial markets a dysfunctional financial system really can have very big negative ...,,4.32,12.85
20200315,transcript_vs_asr,transcript_only,transcript words not in ASR,chair,42,0.0,9,no ASR audio gap (possibly not spoken: edit),0,0,crisis this is a very different situation but nonetheless we thought it ...,,0.0,29.99
20200315,transcript_vs_asr,transcript_only,transcript words not in ASR,chair,8,0.0,9,no ASR audio gap (possibly not spoken: edit),0,0,we have the tools that we have and,,1.52,5.71
20200315,transcript_vs_asr,transcript_only,transcript words not in ASR,chair,16,0.0,9,no ASR audio gap (possibly not spoken: edit),0,0,by far the most important is the response of the health care ...,,5.06,11.42
20200315,transcript_vs_asr,transcript_only,transcript words not in ASR,chair,81,0.0,9,no ASR audio gap (possibly not spoken: edit),0,0,you know our original role was providing liquidity to financial systems when ...,,0.2,57.84
20200315,transcript_vs_asr,transcript_only,transcript words not in ASR,chair,13,1.0,12,no ASR audio gap (possibly not spoken: edit),0,0,the economy's performed so well really over the last few years and ...,economy,4.4,9.28
20200315,transcript_vs_asr,transcript_only,transcript words not in ASR,chair,13,0.0,12,no ASR audio gap (possibly not spoken: edit),0,0,on a robust symmetric kind of a way so with this coronavirus ...,,0.91,9.28
20200315,transcript_vs_asr,transcript_only,transcript words not in ASR,chair,16,1.0,12,"ASR audio gap (speech present, ASR omitted it)",0,0,effects of this will be to to have inflation move down even ...,effect,5.76,11.42
20200315,transcript_vs_asr,transcript_only,transcript words not in ASR,chair,24,0.0,12,no ASR audio gap (possibly not spoken: edit),0,0,we expect with uncertainty that you know that it will fall a ...,,2.71,17.14
20200315,transcript_vs_asr,transcript_only,transcript words not in ASR,chair,22,0.0,12,no ASR audio gap (possibly not spoken: edit),0,0,to do so we haven't discussed that at the at the fomc ...,,7.63,15.71
20200315,transcript_vs_asr,transcript_only,transcript words not in ASR,reporter_or_moderator,12,0.0,13,no ASR audio gap (possibly not spoken: edit),0,0,the financial times thank you chair powell this is brendan greeley with,,0.0,8.57
20200315,transcript_vs_asr,transcript_only,transcript words not in ASR,chair,24,0.0,14,no ASR audio gap (possibly not spoken: edit),1,0,as the first step in quantitative easing so what what i can ...,,8.22,17.14
20200315,transcript_vs_asr,transcript_only,transcript words not in ASR,chair,10,0.0,15,"ASR audio gap (speech present, ASR omitted it)",0,0,and it really is to support the availability of credit,,4.34,7.14
20200315,transcript_vs_asr,transcript_only,transcript words not in ASR,chair,8,1.0,15,no ASR audio gap (possibly not spoken: edit),0,0,households and businesses and thereby support the overall,household,2.48,5.71
20200315,transcript_vs_asr,transcript_only,transcript words not in ASR,chair,18,0.0,15,no ASR audio gap (possibly not spoken: edit),0,0,normal market function and that will actually support economic activity that will ...,,0.18,12.85
20200315,transcript_vs_asr,transcript_only,transcript words not in ASR,chair,33,0.0,15,"ASR audio gap (speech present, ASR omitted it)",0,0,to me i really think we are very clear in our minds ...,,12.8,23.56
20200315,transcript_vs_asr,transcript_only,transcript words not in ASR,chair,21,0.0,15,"ASR audio gap (speech present, ASR omitted it)",0,0,and and you know when there's better market function it will be ...,,7.54,15.0
20200315,transcript_vs_asr,transcript_only,transcript words not in ASR,chair,18,0.0,24,"ASR audio gap (speech present, ASR omitted it)",0,0,the desk is going to go out and it's going to buy ...,,6.89,12.85
20200315,transcript_vs_asr,transcript_only,transcript words not in ASR,chair,36,0.0,24,no ASR audio gap (possibly not spoken: edit),0,0,starting tomorrow and we're going to buy across the curve and we're ...,,9.95,25.71
20200315,transcript_vs_asr,transcript_only,transcript words not in ASR,chair,8,0.0,24,no ASR audio gap (possibly not spoken: edit),0,0,the rate at this level until we're confident,,2.4,5.71
20200315,transcript_vs_asr,speech_only,ASR words not in transcript,chair,0,8.0,24,"not in transcript (disfluency edited out, or ASR insertion)",0,0,,to achieve our maximum employment it's written down,,
20200315,transcript_vs_asr,speech_only,ASR words not in transcript,chair,1,14.0,24,"not in transcript (disfluency edited out, or ASR insertion)",0,0,is,if you look at it you'll see it has weathered these recent ...,,
20200315,transcript_vs_asr,transcript_only,transcript words not in ASR,chair,65,0.0,24,no ASR audio gap (possibly not spoken: edit),0,0,and price stability goals so you can see that's the test we've ...,,2.04,46.41
20200315,transcript_vs_asr,transcript_only,transcript words not in ASR,chair,9,0.0,27,"ASR audio gap (speech present, ASR omitted it)",0,0,for example the treasury department has authority over fiscal,,3.78,6.43
20200315,transcript_vs_asr,transcript_only,transcript words not in ASR,chair,14,0.0,27,no ASR audio gap (possibly not spoken: edit),0,0,it's their job with other parts of the administration it's just that ...,,0.26,10.0
20200315,transcript_vs_asr,transcript_only,transcript words not in ASR,chair,10,1.0,27,"ASR audio gap (speech present, ASR omitted it)",0,0,we have sole responsibility for monetary policy and strong instructions,it's,4.18,7.14
20200315,transcript_vs_asr,transcript_only,transcript words not in ASR,chair,24,0.0,27,no ASR audio gap (possibly not spoken: edit),0,0,so those two things are one for each of us but in ...,,0.24,17.14
20200315,transcript_vs_asr,transcript_only,transcript words not in ASR,chair,21,2.0,27,no ASR audio gap (possibly not spoken: edit),0,0,finance ministry and the treasury and the central bank to be talking ...,financement you'd,3.88,15.0
20200315,transcript_vs_asr,transcript_only,transcript words not in ASR,chair,34,0.0,27,no ASR audio gap (possibly not spoken: edit),0,0,the chair totreasury secretary level but also through the organization for example ...,,0.12,24.28
20200315,transcript_vs_asr,transcript_only,transcript words not in ASR,chair,8,0.0,27,no ASR audio gap (possibly not spoken: edit),0,0,which happens at the new york fed so,,1.92,5.71
20200315,transcript_vs_asr,transcript_only,transcript words not in ASR,chair,27,0.0,27,no ASR audio gap (possibly not spoken: edit),0,0,working and there is there's also quite a lot of coordination in ...,,9.2,19.28
20200315,transcript_vs_asr,transcript_only,transcript words not in ASR,chair,8,2.0,30,"ASR audio gap (speech present, ASR omitted it)",0,0,tested we are observing we're trying to model,testing all,4.74,5.71
20200315,transcript_vs_asr,transcript_only,transcript words not in ASR,chair,44,0.0,30,no ASR audio gap (possibly not spoken: edit),0,0,we're observing quite a lot of teleworking and also we're you know ...,,11.93,31.42
20200315,transcript_vs_asr,transcript_only,transcript words not in ASR,chair,24,0.0,30,no ASR audio gap (possibly not spoken: edit),0,0,that that it's okay for the people to do so in fact ...,,5.19,17.14
20200315,transcript_vs_asr,transcript_only,transcript words not in ASR,chair,8,0.0,30,no ASR audio gap (possibly not spoken: edit),0,0,of our toolkit let me say first that,,0.08,5.71
20200315,transcript_vs_asr,transcript_only,transcript words not in ASR,chair,45,0.0,30,no ASR audio gap (possibly not spoken: edit),0,0,plenty of space to adjust our policy i mentioned our liquidity tools ...,,15.29,32.13
20200315,transcript_vs_asr,transcript_only,transcript words not in ASR,chair,35,0.0,30,no ASR audio gap (possibly not spoken: edit),0,0,we we have not at all made a decision to request further ...,,0.22,24.99
20200315,transcript_vs_asr,substituted,transcript words not in ASR,reporter_or_moderator,8,6.0,32,"ASR audio gap (speech present, ASR omitted it)",0,0,hi chair powell this is jeanna smialek from,thank you kyle gina smiley with,5.18,5.71
20200315,transcript_vs_asr,transcript_only,transcript words not in ASR,chair,10,0.0,33,no ASR audio gap (possibly not spoken: edit),0,0,first we decided on thursday to move the meeting up,,0.0,7.14
20200315,transcript_vs_asr,transcript_only,transcript words not in ASR,chair,8,0.0,33,no ASR audio gap (possibly not spoken: edit),0,0,focused on getting ready to make these announcements,,2.83,5.71
20200315,transcript_vs_asr,transcript_only,transcript words not in ASR,chair,30,0.0,33,no ASR audio gap (possibly not spoken: edit),0,0,actually writing down a forecast in that circumstance didn't seem to be ...,,0.0,21.42
20200315,transcript_vs_asr,transcript_only,transcript words not in ASR,chair,41,0.0,33,"ASR audio gap (speech present, ASR omitted it)",0,0,we'll return to the quarterly regular quarterly cycle in june however in ...,,18.62,29.28
20200315,transcript_vs_asr,transcript_only,transcript words not in ASR,chair,10,0.0,33,no ASR audio gap (possibly not spoken: edit),0,0,on the way the year is going to go but,,2.72,7.14
20200315,transcript_vs_asr,transcript_only,transcript words not in ASR,chair,18,1.0,33,no ASR audio gap (possibly not spoken: edit),0,0,pretty broad sense that the second quarter will be a weak quarter ...,frequent,4.9,12.85
20200315,transcript_vs_asr,transcript_only,transcript words not in ASR,chair,34,0.0,33,no ASR audio gap (possibly not spoken: edit),0,0,of the virus so the thing we do know is that we'll ...,,11.24,24.28
20200315,transcript_vs_asr,transcript_only,transcript words not in ASR,chair,9,0.0,36,"ASR audio gap (speech present, ASR omitted it)",0,0,so that's that's an important job for fiscal policy,,3.84,6.43
20200315,transcript_vs_asr,transcript_only,transcript words not in ASR,chair,11,0.0,36,no ASR audio gap (possibly not spoken: edit),1,0,after that there's the question of of fiscal broader fiscal stimulus,,0.5,7.85
20200315,transcript_vs_asr,transcript_only,transcript words not in ASR,chair,54,0.0,36,no ASR audio gap (possibly not spoken: edit),0,0,on the path of the economy i i think there is such ...,,0.0,38.56
20200315,transcript_vs_asr,transcript_only,transcript words not in ASR,chair,210,0.0,38,no ASR audio gap (possibly not spoken: edit),0,0,we're going to be looking at you know the treasury market function ...,,65.57,149.95
20200315,transcript_vs_asr,transcript_only,transcript words not in ASR,chair,59,0.0,38,no ASR audio gap (possibly not spoken: edit),0,0,in the third quarter that probably won't matter so much we may ...,,14.73,42.13
20200315,transcript_vs_asr,transcript_only,transcript words not in ASR,chair,26,0.0,41,"ASR audio gap (speech present, ASR omitted it)",0,0,so i guess your first question is how how do we think ...,,12.05,18.57
20200315,transcript_vs_asr,transcript_only,transcript words not in ASR,chair,20,1.0,41,no ASR audio gap (possibly not spoken: edit),0,0,we talk to will say that they don't know and that it's ...,are,5.51,14.28
20200315,transcript_vs_asr,transcript_only,transcript words not in ASR,chair,36,1.0,41,no ASR audio gap (possibly not spoken: edit),0,0,first it's the measures that we take to you know to with ...,well,12.57,25.71
20200315,transcript_vs_asr,substituted,transcript words not in ASR,chair,10,3.0,41,"ASR audio gap (speech present, ASR omitted it)",0,0,you can see that some countries have had a have,by compliance they've,9.05,7.14
20200315,transcript_vs_asr,transcript_only,transcript words not in ASR,chair,31,0.0,41,no ASR audio gap (possibly not spoken: edit),0,0,through aggressive measures and really high compliance have been able to bend ...,,7.71,22.14
20200315,transcript_vs_asr,transcript_only,transcript words not in ASR,chair,23,0.0,41,no ASR audio gap (possibly not spoken: edit),0,0,i wouldn't you know i'll resist the impulse to guess i really ...,,0.16,16.42
20200315,transcript_vs_asr,transcript_only,transcript words not in ASR,chair,18,0.0,41,no ASR audio gap (possibly not spoken: edit),0,0,policy space left plenty of power left in our tools and i ...,,2.53,12.85
20200315,transcript_vs_asr,transcript_only,transcript words not in ASR,chair,13,0.0,41,"ASR audio gap (speech present, ASR omitted it)",0,0,is right now the most important thing that we're doing our interest ...,,4.73,9.28
20200315,transcript_vs_asr,transcript_only,transcript words not in ASR,chair,10,1.0,41,no ASR audio gap (possibly not spoken: edit),1,0,to borrowers who will get some relief from our cuts,too,3.12,7.14
20200315,transcript_vs_asr,transcript_only,transcript words not in ASR,chair,11,0.0,41,"ASR audio gap (speech present, ASR omitted it)",0,0,so but in the forefront now are the liquidity tools and,,4.67,7.85
20200315,transcript_vs_asr,transcript_only,transcript words not in ASR,chair,25,0.0,41,"ASR audio gap (speech present, ASR omitted it)",0,0,we you know we have room to provide forward guidance to do ...,,8.96,17.85
20200315,transcript_vs_asr,transcript_only,transcript words not in ASR,chair,10,1.0,41,"ASR audio gap (speech present, ASR omitted it)",0,0,stabilizers sometimes fiscal policy comes in on a discretionary basis,stabilizer,4.13,7.14
20200315,transcript_vs_asr,transcript_only,transcript words not in ASR,chair,74,0.0,44,no ASR audio gap (possibly not spoken: edit),0,0,constantly talking about what's going on in markets there's a lot of ...,,26.23,52.84
20200315,transcript_vs_asr,substituted,transcript words not in ASR,chair,66,4.0,44,no ASR audio gap (possibly not spoken: edit),0,0,nonbank sifis you know again that's a judgment for the that's a ...,non -bank non -bank,17.27,47.13
20200315,transcript_vs_asr,transcript_only,transcript words not in ASR,reporter_or_moderator,13,1.0,44,"ASR audio gap (speech present, ASR omitted it)",0,0,so okay financial stability risks are those rising i'm sorry the question ...,-,13.4,9.28
20200315,transcript_vs_asr,transcript_only,transcript words not in ASR,chair,215,1.0,49,no ASR audio gap (possibly not spoken: edit),0,2,that's something that happens when markets are as volatile as they are ...,-,30.9,153.52
20200315,transcript_vs_asr,transcript_only,transcript words not in ASR,chair,11,0.0,51,"ASR audio gap (speech present, ASR omitted it)",0,0,thank you thank you yes so we saw and everyone saw,,9.64,7.85
20200315,transcript_vs_asr,transcript_only,transcript words not in ASR,chair,18,0.0,52,no ASR audio gap (possibly not spoken: edit),0,0,mbs markets and we decided to offer very large quantities of term ...,,0.0,12.85
20200315,transcript_vs_asr,transcript_only,transcript words not in ASR,chair,9,0.0,52,"ASR audio gap (speech present, ASR omitted it)",0,0,the purchase of repos sorry of treasuries and mbs,,5.07,6.43
20200315,transcript_vs_asr,transcript_only,transcript words not in ASR,chair,17,0.0,52,no ASR audio gap (possibly not spoken: edit),0,0,that we needed to go direct here rather than trying to intermediate ...,,0.12,12.14
20200315,transcript_vs_asr,transcript_only,transcript words not in ASR,chair,53,0.0,52,no ASR audio gap (possibly not spoken: edit),0,0,fomc and had our meeting this afternoon and announced these measures this ...,,18.05,37.84
20200315,transcript_vs_asr,transcript_only,transcript words not in ASR,chair,8,0.0,52,"ASR audio gap (speech present, ASR omitted it)",0,0,quite vigorously quite aggressively tonight to implement it,,6.72,5.71
20200315,transcript_vs_asr,transcript_only,transcript words not in ASR,chair,9,0.0,55,"ASR audio gap (speech present, ASR omitted it)",0,0,we have given broad general guidance to the banks,,5.34,6.43
20200315,transcript_vs_asr,transcript_only,transcript words not in ASR,chair,12,0.0,55,no ASR audio gap (possibly not spoken: edit),0,0,we're providing a lot of guidance to them across a wide range,,3.54,8.57
20200315,transcript_vs_asr,transcript_only,transcript words not in ASR,chair,22,1.0,55,no ASR audio gap (possibly not spoken: edit),0,0,that that's good to hear and so we'll see how that works ...,it,6.27,15.71
20200315,transcript_vs_asr,substituted,transcript words not in ASR,chair,32,3.0,55,no ASR audio gap (possibly not spoken: edit),0,1,we hear the banks saying that's exactly what they're going to do ...,one 13 -3,10.73,22.85
20200315,transcript_vs_asr,transcript_only,transcript words not in ASR,chair,30,0.0,55,no ASR audio gap (possibly not spoken: edit),0,0,you know in any situation like this so as i said we're ...,,0.0,21.42
20200315,transcript_vs_asr,transcript_only,transcript words not in ASR,chair,12,0.0,55,no ASR audio gap (possibly not spoken: edit),0,0,and hence to support the availability of credit to households and businesses,,0.24,8.57
20200315,scored_vs_asr,substituted,scored words not in ASR,scored text,104,5.0,-1,edge of recording,0,0,good evening everyone today the federal reserve took a number of actions ...,thank you very much again,,74.26
20200315,scored_vs_asr,scored_only,scored words not in ASR,scored text,11,0.0,-1,no ASR audio gap (possibly not spoken: edit),0,0,activity in the near term while the primary response to this,,0.0,7.85
20200315,scored_vs_asr,scored_only,scored words not in ASR,scored text,307,0.0,-1,no ASR audio gap (possibly not spoken: edit),2,2,will come from our health care providers and policy experts economic policymakers ...,,0.67,219.21
20200315,scored_vs_asr,scored_only,scored words not in ASR,scored text,9,0.0,-1,"ASR audio gap (speech present, ASR omitted it)",0,0,to stem its spread will have a significant effect,,3.26,6.43
20200315,scored_vs_asr,scored_only,scored words not in ASR,scored text,27,0.0,-1,"ASR audio gap (speech present, ASR omitted it)",0,0,in the near term those in travel tourism and hospitality industries are ...,,11.14,19.28
20200315,scored_vs_asr,scored_only,scored words not in ASR,scored text,11,1.0,-1,"ASR audio gap (speech present, ASR omitted it)",1,0,rely on global supply chains the weakness abroad will also weigh,are,4.98,7.85
20200315,scored_vs_asr,scored_only,scored words not in ASR,scored text,15,0.0,-1,no ASR audio gap (possibly not spoken: edit),0,0,come under stress because of the large drop in global oil prices ...,,5.25,10.71
20200315,scored_vs_asr,scored_only,scored words not in ASR,scored text,14,0.0,-1,no ASR audio gap (possibly not spoken: edit),0,0,the cost of credit has risen for all but the strongest borrowers ...,,4.87,10.0
20200315,scored_vs_asr,scored_only,scored words not in ASR,scored text,10,1.0,-1,"ASR audio gap (speech present, ASR omitted it)",0,0,sharply moreover the rapidly evolving situation has led to high,sharp,5.04,7.14
20200315,scored_vs_asr,scored_only,scored words not in ASR,scored text,27,1.0,-1,"ASR audio gap (speech present, ASR omitted it)",0,0,assess the path ahead in the past week several important financial markets ...,end,10.73,19.28
20200315,scored_vs_asr,scored_only,scored words not in ASR,scored text,9,0.0,-1,"ASR audio gap (speech present, ASR omitted it)",0,0,the market for treasury securities is a critical part,,3.88,6.43
20200315,scored_vs_asr,scored_only,scored words not in ASR,scored text,29,1.0,-1,no ASR audio gap (possibly not spoken: edit),0,0,markets and serves as the benchmark by which many other financial assets ...,turn,10.22,20.71
20200315,scored_vs_asr,scored_only,scored words not in ASR,scored text,19,2.0,-1,"ASR audio gap (speech present, ASR omitted it)",0,0,through the entire financial system and the economy to prevent this from ...,thank you,77.69,13.57
20200315,scored_vs_asr,scored_only,scored words not in ASR,scored text,51,0.0,-1,no ASR audio gap (possibly not spoken: edit),0,1,the treasury market we announced today that we will purchase at least ...,,0.0,36.42
20200315,scored_vs_asr,scored_only,scored words not in ASR,scored text,143,0.0,-1,no ASR audio gap (possibly not spoken: edit),1,4,mortgage to buy a house or refinance an existing mortgage to improve ...,,0.0,102.11
20200315,scored_vs_asr,scored_only,scored words not in ASR,scored text,8,0.0,-1,"ASR audio gap (speech present, ASR omitted it)",0,0,from households and businesses to make the discount,,3.55,5.71
20200315,scored_vs_asr,substituted,scored words not in ASR,scored text,19,31.0,-1,"ASR audio gap (speech present, ASR omitted it)",0,0,coordinated announcement with the bank of canada the bank of england the ...,question you will be unmuted when you are called on okay cnbc ...,46.7,13.57
20200315,scored_vs_asr,substituted,scored words not in ASR,scored text,28,15.0,-1,no ASR audio gap (possibly not spoken: edit),0,0,the swiss national bank to reduce the pricing on our dollar swap ...,or can be avoided secondly there was talk about additional programs that ...,6.75,19.99
20200315,scored_vs_asr,scored_only,scored words not in ASR,scored text,74,1.0,-1,no ASR audio gap (possibly not spoken: edit),0,0,the usual one week operation these long standing arrangements carry no risk ...,be,0.14,52.84
20200315,scored_vs_asr,scored_only,scored words not in ASR,scored text,108,1.0,-1,no ASR audio gap (possibly not spoken: edit),0,0,today will help american families and businesses and indeed our entire economy ...,soon,0.36,77.12
20200315,scored_vs_asr,scored_only,scored words not in ASR,scored text,40,0.0,-1,no ASR audio gap (possibly not spoken: edit),0,0,i'll be i'll be happy to take a few of your questions ...,,12.26,28.56
20200315,scored_vs_asr,scored_only,scored words not in ASR,scored text,15,0.0,-1,"ASR audio gap (speech present, ASR omitted it)",0,0,activities thinking there of travel leisure hospitality those things and that's going ...,,6.37,10.71
20200315,scored_vs_asr,scored_only,scored words not in ASR,scored text,21,0.0,-1,no ASR audio gap (possibly not spoken: edit),0,0,to protect ourselves appropriate choices that we make to protect ourselves from ...,,0.0,15.0
20200315,scored_vs_asr,scored_only,scored words not in ASR,scored text,22,0.0,-1,no ASR audio gap (possibly not spoken: edit),0,0,output declining output lower in the second quarter than it was in ...,,0.26,15.71
20200315,scored_vs_asr,scored_only,scored words not in ASR,scored text,19,0.0,-1,no ASR audio gap (possibly not spoken: edit),0,0,highly uncertain and i would say in fact unknowable we do know ...,,0.0,13.57
20200315,scored_vs_asr,scored_only,scored words not in ASR,scored text,31,0.0,-1,no ASR audio gap (possibly not spoken: edit),0,0,will resume a normal level of activity in the meantime the fed ...,,7.97,22.14
20200315,scored_vs_asr,scored_only,scored words not in ASR,scored text,8,2.0,-1,"ASR audio gap (speech present, ASR omitted it)",0,0,that the recovery is as vigorous as possible,it through,3.63,5.71
20200315,scored_vs_asr,scored_only,scored words not in ASR,scored text,10,0.0,-1,no ASR audio gap (possibly not spoken: edit),0,0,asked about other facilities i would point out that we,,0.0,7.14
20200315,scored_vs_asr,scored_only,scored words not in ASR,scored text,8,0.0,-1,"ASR audio gap (speech present, ASR omitted it)",0,0,of course responded very strongly not just with,,6.63,5.71
20200315,scored_vs_asr,scored_only,scored words not in ASR,scored text,8,0.0,-1,"ASR audio gap (speech present, ASR omitted it)",0,0,with liquidity measures today and we believe that,,3.96,5.71
20200315,scored_vs_asr,scored_only,scored words not in ASR,scored text,12,1.0,-1,no ASR audio gap (possibly not spoken: edit),0,0,financial markets generally and as i said in my statement we're prepared,prepare,4.08,8.57
20200315,scored_vs_asr,substituted,scored words not in ASR,scored text,11,33.0,-1,"ASR audio gap (speech present, ASR omitted it)",0,0,support the flow of credit to households and businesses thanks so,marketplace radio hi nancy marshall -gensler with marketplace chair powell i'm wondering ...,16.59,7.85
20200315,scored_vs_asr,scored_only,scored words not in ASR,scored text,8,0.0,-1,"ASR audio gap (speech present, ASR omitted it)",0,0,really the committee as you know we did,,4.76,5.71
20200315,scored_vs_asr,substituted,scored words not in ASR,scored text,8,38.0,-1,"ASR audio gap (speech present, ASR omitted it)",0,0,when we started out we view forward guidance,different variations in combination of toolkit funds rate that negative policy okay ...,48.12,5.71
20200315,scored_vs_asr,substituted,scored words not in ASR,scored text,72,5.0,-1,no ASR audio gap (possibly not spoken: edit),0,0,basic elements of our toolkit once the federal funds rate reaches the ...,next few weeks or months,1.42,51.41
20200315,scored_vs_asr,scored_only,scored words not in ASR,scored text,30,0.0,-1,no ASR audio gap (possibly not spoken: edit),0,0,liquidity operations and i'll talk specifically about the treasury and mbs purchases ...,,0.0,21.42
20200315,scored_vs_asr,scored_only,scored words not in ASR,scored text,18,0.0,-1,"ASR audio gap (speech present, ASR omitted it)",0,0,one of the most important perhaps the most important market in the ...,,6.7,12.85
20200315,scored_vs_asr,scored_only,scored words not in ASR,scored text,29,0.0,-1,"ASR audio gap (speech present, ASR omitted it)",0,0,important it's closely linked to the treasury market and it's the way ...,,10.59,20.71
20200315,scored_vs_asr,scored_only,scored words not in ASR,scored text,13,0.0,-1,no ASR audio gap (possibly not spoken: edit),0,0,assets across the curve to try to support liquidity and return to ...,,3.65,9.28
20200315,scored_vs_asr,scored_only,scored words not in ASR,scored text,10,0.0,-1,no ASR audio gap (possibly not spoken: edit),0,0,was the asset purchase programs that we did today and,,3.2,7.14
20200315,scored_vs_asr,scored_only,scored words not in ASR,scored text,12,0.0,-1,no ASR audio gap (possibly not spoken: edit),0,0,global financial system and of the united states financial system and if,,4.16,8.57
20200315,scored_vs_asr,scored_only,scored words not in ASR,scored text,15,2.0,-1,"ASR audio gap (speech present, ASR omitted it)",0,0,that amount to that where households and businesses typically get credit so ...,natural markets,8.58,10.71
20200315,scored_vs_asr,scored_only,scored words not in ASR,scored text,18,0.0,-1,no ASR audio gap (possibly not spoken: edit),0,0,financial markets a dysfunctional financial system really can have very big negative ...,,4.32,12.85
20200315,scored_vs_asr,scored_only,scored words not in ASR,scored text,42,0.0,-1,no ASR audio gap (possibly not spoken: edit),0,0,crisis this is a very different situation but nonetheless we thought it ...,,0.0,29.99
20200315,scored_vs_asr,scored_only,scored words not in ASR,scored text,8,0.0,-1,no ASR audio gap (possibly not spoken: edit),0,0,we have the tools that we have and,,1.52,5.71
20200315,scored_vs_asr,scored_only,scored words not in ASR,scored text,16,0.0,-1,no ASR audio gap (possibly not spoken: edit),0,0,by far the most important is the response of the health care ...,,5.06,11.42
20200315,scored_vs_asr,substituted,scored words not in ASR,scored text,14,30.0,-1,"ASR audio gap (speech present, ASR omitted it)",0,0,know our original role was providing liquidity to financial systems when they're ...,mr chairman edward lawrence from fox business network in your statement you ...,11.42,10.0
20200315,scored_vs_asr,substituted,scored words not in ASR,scored text,47,3.0,-1,no ASR audio gap (possibly not spoken: edit),0,0,we did that you you asked about fiscal as well and i ...,mortgage -backed securities,3.56,33.56
20200315,scored_vs_asr,scored_only,scored words not in ASR,scored text,13,1.0,-1,no ASR audio gap (possibly not spoken: edit),0,0,the economy's performed so well really over the last few years and ...,economy,4.4,9.28
20200315,scored_vs_asr,scored_only,scored words not in ASR,scored text,13,0.0,-1,no ASR audio gap (possibly not spoken: edit),0,0,on a robust symmetric kind of a way so with this coronavirus ...,,0.91,9.28
20200315,scored_vs_asr,scored_only,scored words not in ASR,scored text,16,1.0,-1,"ASR audio gap (speech present, ASR omitted it)",0,0,effects of this will be to to have inflation move down even ...,effect,5.76,11.42
20200315,scored_vs_asr,scored_only,scored words not in ASR,scored text,24,0.0,-1,no ASR audio gap (possibly not spoken: edit),0,0,we expect with uncertainty that you know that it will fall a ...,,2.71,17.14
20200315,scored_vs_asr,substituted,scored words not in ASR,scored text,32,5.0,-1,no ASR audio gap (possibly not spoken: edit),0,0,haven't discussed that at the at the fomc and it's not it's ...,draw a distinction between these,1.18,22.85
20200315,scored_vs_asr,scored_only,scored words not in ASR,scored text,10,0.0,-1,"ASR audio gap (speech present, ASR omitted it)",0,0,and it really is to support the availability of credit,,4.34,7.14
20200315,scored_vs_asr,scored_only,scored words not in ASR,scored text,8,1.0,-1,no ASR audio gap (possibly not spoken: edit),0,0,households and businesses and thereby support the overall,household,2.48,5.71
20200315,scored_vs_asr,scored_only,scored words not in ASR,scored text,18,0.0,-1,no ASR audio gap (possibly not spoken: edit),0,0,normal market function and that will actually support economic activity that will ...,,0.18,12.85
20200315,scored_vs_asr,substituted,scored words not in ASR,scored text,10,31.0,-1,"ASR audio gap (speech present, ASR omitted it)",0,0,we are very clear in our minds what we're doing,that might last would you be inclined to quickly go back to ...,13.58,7.14
20200315,scored_vs_asr,scored_only,scored words not in ASR,scored text,28,0.0,-1,no ASR audio gap (possibly not spoken: edit),0,0,for and what the logical effects would be which would be which ...,,0.0,19.99
20200315,scored_vs_asr,substituted,scored words not in ASR,scored text,11,3.0,-1,no ASR audio gap (possibly not spoken: edit),0,0,know policy will be supporting the economy better okay so sorry,ask your question,0.82,7.85
20200315,scored_vs_asr,scored_only,scored words not in ASR,scored text,18,0.0,-1,"ASR audio gap (speech present, ASR omitted it)",0,0,the desk is going to go out and it's going to buy ...,,6.89,12.85
20200315,scored_vs_asr,scored_only,scored words not in ASR,scored text,36,0.0,-1,no ASR audio gap (possibly not spoken: edit),0,0,starting tomorrow and we're going to buy across the curve and we're ...,,9.95,25.71
20200315,scored_vs_asr,scored_only,scored words not in ASR,scored text,8,0.0,-1,no ASR audio gap (possibly not spoken: edit),0,0,the rate at this level until we're confident,,2.4,5.71
20200315,scored_vs_asr,scored_only,scored words not in ASR,scored text,65,0.0,-1,no ASR audio gap (possibly not spoken: edit),0,0,and price stability goals so you can see that's the test we've ...,,2.04,46.41
20200315,scored_vs_asr,scored_only,scored words not in ASR,scored text,9,0.0,-1,"ASR audio gap (speech present, ASR omitted it)",0,0,for example the treasury department has authority over fiscal,,3.78,6.43
20200315,scored_vs_asr,scored_only,scored words not in ASR,scored text,14,0.0,-1,no ASR audio gap (possibly not spoken: edit),0,0,it's their job with other parts of the administration it's just that ...,,0.26,10.0
20200315,scored_vs_asr,scored_only,scored words not in ASR,scored text,10,1.0,-1,"ASR audio gap (speech present, ASR omitted it)",0,0,we have sole responsibility for monetary policy and strong instructions,it's,4.18,7.14
20200315,scored_vs_asr,scored_only,scored words not in ASR,scored text,24,0.0,-1,no ASR audio gap (possibly not spoken: edit),0,0,so those two things are one for each of us but in ...,,0.24,17.14
20200315,scored_vs_asr,scored_only,scored words not in ASR,scored text,21,2.0,-1,no ASR audio gap (possibly not spoken: edit); overlaps editor brackets,0,0,finance ministry and the treasury and the central bank to be talking ...,financement you'd,3.88,15.0
20200315,scored_vs_asr,scored_only,scored words not in ASR,scored text,35,0.0,-1,no ASR audio gap (possibly not spoken: edit),0,0,the chair to treasury secretary level but also through the organization for ...,,0.12,24.99
20200315,scored_vs_asr,scored_only,scored words not in ASR,scored text,8,0.0,-1,no ASR audio gap (possibly not spoken: edit),0,0,which happens at the new york fed so,,1.92,5.71
20200315,scored_vs_asr,scored_only,scored words not in ASR,scored text,20,2.0,-1,no ASR audio gap (possibly not spoken: edit),0,0,there is there's also quite a lot of coordination in other respects ...,second do,0.74,14.28
20200315,scored_vs_asr,scored_only,scored words not in ASR,scored text,8,2.0,-1,"ASR audio gap (speech present, ASR omitted it)",0,0,tested we are observing we're trying to model,testing all,4.74,5.71
20200315,scored_vs_asr,scored_only,scored words not in ASR,scored text,44,0.0,-1,no ASR audio gap (possibly not spoken: edit),0,0,we're observing quite a lot of teleworking and also we're you know ...,,11.93,31.42
20200315,scored_vs_asr,scored_only,scored words not in ASR,scored text,24,0.0,-1,no ASR audio gap (possibly not spoken: edit),0,0,that that it's okay for the people to do so in fact ...,,5.19,17.14
20200315,scored_vs_asr,scored_only,scored words not in ASR,scored text,8,0.0,-1,no ASR audio gap (possibly not spoken: edit),0,0,of our toolkit let me say first that,,0.08,5.71
20200315,scored_vs_asr,scored_only,scored words not in ASR,scored text,45,0.0,-1,no ASR audio gap (possibly not spoken: edit),0,0,plenty of space to adjust our policy i mentioned our liquidity tools ...,,15.29,32.13
20200315,scored_vs_asr,substituted,scored words not in ASR,scored text,39,14.0,-1,no ASR audio gap (possibly not spoken: edit),0,0,we have not at all made a decision to request further further ...,understand how you guys are thinking about the economy as the coronavirus ...,4.52,27.85
20200315,scored_vs_asr,scored_only,scored words not in ASR,scored text,10,0.0,-1,no ASR audio gap (possibly not spoken: edit),0,0,first we decided on thursday to move the meeting up,,0.0,7.14
20200315,scored_vs_asr,scored_only,scored words not in ASR,scored text,8,0.0,-1,no ASR audio gap (possibly not spoken: edit),0,0,focused on getting ready to make these announcements,,2.83,5.71
20200315,scored_vs_asr,scored_only,scored words not in ASR,scored text,30,0.0,-1,no ASR audio gap (possibly not spoken: edit),0,0,actually writing down a forecast in that circumstance didn't seem to be ...,,0.0,21.42
20200315,scored_vs_asr,scored_only,scored words not in ASR,scored text,41,0.0,-1,"ASR audio gap (speech present, ASR omitted it)",0,0,we'll return to the quarterly regular quarterly cycle in june however in ...,,18.62,29.28
20200315,scored_vs_asr,scored_only,scored words not in ASR,scored text,10,0.0,-1,no ASR audio gap (possibly not spoken: edit),0,0,on the way the year is going to go but,,2.72,7.14
20200315,scored_vs_asr,scored_only,scored words not in ASR,scored text,18,1.0,-1,no ASR audio gap (possibly not spoken: edit),0,0,pretty broad sense that the second quarter will be a weak quarter ...,frequent,4.9,12.85
20200315,scored_vs_asr,scored_only,scored words not in ASR,scored text,34,0.0,-1,no ASR audio gap (possibly not spoken: edit),0,0,of the virus so the thing we do know is that we'll ...,,11.24,24.28
20200315,scored_vs_asr,scored_only,scored words not in ASR,scored text,9,0.0,-1,"ASR audio gap (speech present, ASR omitted it)",0,0,so that's that's an important job for fiscal policy,,3.84,6.43
20200315,scored_vs_asr,scored_only,scored words not in ASR,scored text,11,0.0,-1,no ASR audio gap (possibly not spoken: edit),1,0,after that there's the question of of fiscal broader fiscal stimulus,,0.5,7.85
20200315,scored_vs_asr,scored_only,scored words not in ASR,scored text,45,0.0,-1,"ASR audio gap (speech present, ASR omitted it)",0,0,the path of the economy i i think there is such a ...,,20.16,32.13
20200315,scored_vs_asr,scored_only,scored words not in ASR,scored text,13,2.0,-1,no ASR audio gap (possibly not spoken: edit),0,0,was your second question well i think in the very near term ...,indicators you're,0.99,9.28
20200315,scored_vs_asr,scored_only,scored words not in ASR,scored text,61,0.0,-1,no ASR audio gap (possibly not spoken: edit),0,0,treasury market function we're really going to be looking to see that ...,,3.01,43.56
20200315,scored_vs_asr,scored_only,scored words not in ASR,scored text,139,2.0,-1,"ASR audio gap (speech present, ASR omitted it)",0,0,seriously it's probably the most important thing we're doing now is that ...,near term,66.13,99.25
20200315,scored_vs_asr,scored_only,scored words not in ASR,scored text,30,2.0,-1,no ASR audio gap (possibly not spoken: edit),0,0,probably won't matter so much we may be able to come back ...,my kid's,0.4,21.42
20200315,scored_vs_asr,substituted,scored words not in ASR,scored text,8,4.0,-1,no ASR audio gap (possibly not spoken: edit),0,0,the path it's going to take and what,left in it rates,1.96,5.71
20200315,scored_vs_asr,substituted,scored words not in ASR,scored text,22,7.0,-1,"ASR audio gap (speech present, ASR omitted it)",0,0,first question is how how do we think about the time the ...,part that there are fewer tools therein,14.63,15.71
20200315,scored_vs_asr,scored_only,scored words not in ASR,scored text,20,1.0,-1,no ASR audio gap (possibly not spoken: edit),0,0,we talk to will say that they don't know and that it's ...,are,5.51,14.28
20200315,scored_vs_asr,scored_only,scored words not in ASR,scored text,36,1.0,-1,no ASR audio gap (possibly not spoken: edit),0,0,first it's the measures that we take to you know to with ...,well,12.57,25.71
20200315,scored_vs_asr,substituted,scored words not in ASR,scored text,10,3.0,-1,"ASR audio gap (speech present, ASR omitted it)",0,0,you can see that some countries have had a have,by compliance they've,9.05,7.14
20200315,scored_vs_asr,scored_only,scored words not in ASR,scored text,31,0.0,-1,no ASR audio gap (possibly not spoken: edit),0,0,through aggressive measures and really high compliance have been able to bend ...,,7.71,22.14
20200315,scored_vs_asr,scored_only,scored words not in ASR,scored text,23,0.0,-1,no ASR audio gap (possibly not spoken: edit),0,0,i wouldn't you know i'll resist the impulse to guess i really ...,,0.16,16.42
20200315,scored_vs_asr,scored_only,scored words not in ASR,scored text,18,0.0,-1,no ASR audio gap (possibly not spoken: edit),0,0,policy space left plenty of power left in our tools and i ...,,2.53,12.85
20200315,scored_vs_asr,scored_only,scored words not in ASR,scored text,13,0.0,-1,"ASR audio gap (speech present, ASR omitted it)",0,0,is right now the most important thing that we're doing our interest ...,,4.73,9.28
20200315,scored_vs_asr,scored_only,scored words not in ASR,scored text,10,1.0,-1,no ASR audio gap (possibly not spoken: edit),1,0,to borrowers who will get some relief from our cuts,too,3.12,7.14
20200315,scored_vs_asr,scored_only,scored words not in ASR,scored text,11,0.0,-1,"ASR audio gap (speech present, ASR omitted it)",0,0,so but in the forefront now are the liquidity tools and,,4.67,7.85
20200315,scored_vs_asr,scored_only,scored words not in ASR,scored text,25,0.0,-1,"ASR audio gap (speech present, ASR omitted it)",0,0,we you know we have room to provide forward guidance to do ...,,8.96,17.85
20200315,scored_vs_asr,scored_only,scored words not in ASR,scored text,10,1.0,-1,"ASR audio gap (speech present, ASR omitted it)",0,0,stabilizers sometimes fiscal policy comes in on a discretionary basis,stabilizer,4.13,7.14
20200315,scored_vs_asr,scored_only,scored words not in ASR,scored text,75,0.0,-1,no ASR audio gap (possibly not spoken: edit),0,0,constantly talking about what's going on in markets there's a lot of ...,,26.23,53.55
20200315,scored_vs_asr,substituted,scored words not in ASR,scored text,66,4.0,-1,no ASR audio gap (possibly not spoken: edit),0,0,nonbank sifis you know again that's a judgment for the that's a ...,non -bank non -bank,17.27,47.13
20200315,scored_vs_asr,scored_only,scored words not in ASR,scored text,19,1.0,-1,"ASR audio gap (speech present, ASR omitted it)",0,0,so michelle smith okay victoria guida financial stability risks are those rising ...,-,13.4,13.57
20200315,scored_vs_asr,scored_only,scored words not in ASR,scored text,136,1.0,-1,no ASR audio gap (possibly not spoken: edit),0,1,that happens when markets are as volatile as they are when you're ...,else,0.32,97.11
20200315,scored_vs_asr,scored_only,scored words not in ASR,scored text,61,2.0,-1,no ASR audio gap (possibly not spoken: edit),0,1,know we're strongly focused on financial stability we monitor it carefully we've ...,learned from,0.36,43.56
20200315,scored_vs_asr,scored_only,scored words not in ASR,scored text,21,0.0,-1,"ASR audio gap (speech present, ASR omitted it)",0,0,you have a much more resilient financial system than you've had before ...,,9.64,15.0
20200315,scored_vs_asr,scored_only,scored words not in ASR,scored text,18,0.0,-1,no ASR audio gap (possibly not spoken: edit),0,0,mbs markets and we decided to offer very large quantities of term ...,,0.0,12.85
20200315,scored_vs_asr,scored_only,scored words not in ASR,scored text,9,0.0,-1,"ASR audio gap (speech present, ASR omitted it)",0,0,the purchase of repos sorry of treasuries and mbs,,5.07,6.43
20200315,scored_vs_asr,scored_only,scored words not in ASR,scored text,17,0.0,-1,no ASR audio gap (possibly not spoken: edit),0,0,that we needed to go direct here rather than trying to intermediate ...,,0.12,12.14
20200315,scored_vs_asr,scored_only,scored words not in ASR,scored text,53,0.0,-1,no ASR audio gap (possibly not spoken: edit),0,0,fomc and had our meeting this afternoon and announced these measures this ...,,18.05,37.84
20200315,scored_vs_asr,scored_only,scored words not in ASR,scored text,12,0.0,-1,no ASR audio gap (possibly not spoken: edit),0,0,we're providing a lot of guidance to them across a wide range,,3.54,8.57
20200315,scored_vs_asr,scored_only,scored words not in ASR,scored text,22,1.0,-1,no ASR audio gap (possibly not spoken: edit),0,0,that that's good to hear and so we'll see how that works ...,it,6.27,15.71
20200315,scored_vs_asr,substituted,scored words not in ASR,scored text,32,3.0,-1,no ASR audio gap (possibly not spoken: edit),0,1,we hear the banks saying that's exactly what they're going to do ...,one 13 -3,10.73,22.85
20200315,scored_vs_asr,scored_only,scored words not in ASR,scored text,30,0.0,-1,no ASR audio gap (possibly not spoken: edit),0,0,you know in any situation like this so as i said we're ...,,0.0,21.42
20200315,scored_vs_asr,substituted,scored words not in ASR,scored text,12,8.0,-1,edge of recording,0,0,and hence to support the availability of credit to households and businesses,okay thank you very much we're signing off,,8.57
20200610,footnote,editorial footnote of the transcript PDF,included in scored text,editor,11,,-1,"written correction, not spoken",0,0,chair powell intended to say asset purchases rather than asset prices,,,
20200610,transcript_vs_asr,speech_only,ASR words not in transcript,other_or_edge,0,8.0,1,found elsewhere in transcript (ASR segment order),0,0,,i look forward to our questions michelle smith,,
20200610,transcript_vs_asr,transcript_only,transcript words not in ASR,chair,14,2.0,9,"ASR audio gap (speech present, ASR omitted it)",0,0,at the end of even even after a lot of strong job ...,that will,4.05,4.8
20200610,transcript_vs_asr,transcript_only,transcript words not in ASR,reporter_or_moderator,13,0.0,14,no ASR audio gap (possibly not spoken: edit),0,0,potential impact and what is what is it telling us so far ...,,2.07,4.46
20200610,transcript_vs_asr,transcript_only,transcript words not in ASR,chair,17,1.0,15,"ASR audio gap (speech present, ASR omitted it)",0,0,you know businesses are going to go in and out they're going ...,-,3.03,5.83
20200610,transcript_vs_asr,speech_only,ASR words not in transcript,chair,0,8.0,15,found elsewhere in transcript (ASR segment order),0,0,,i won't have to change it i'm hopeful,,
20200610,transcript_vs_asr,substituted,ASR words not in transcript,chair,6,8.0,24,"not in transcript (disfluency edited out, or ASR insertion)",0,0,we're we're doing a fair job,-we're -we're not going to be big enough,,
20200610,transcript_vs_asr,transcript_only,transcript words not in ASR,chair,8,0.0,27,no ASR audio gap (possibly not spoken: edit),0,0,get at it a different way you can,,0.0,2.75
20200610,transcript_vs_asr,transcript_only,transcript words not in ASR,chair,9,0.0,38,"ASR audio gap (speech present, ASR omitted it)",0,0,will be permanent i don't have a reliable estimate,,3.75,3.09
20200610,transcript_vs_asr,transcript_only,transcript words not in ASR,chair,10,1.0,39,"ASR audio gap (speech present, ASR omitted it)",0,0,who are just fall out of the labor force and,-,2.25,3.43
20200610,transcript_vs_asr,transcript_only,transcript words not in ASR,reporter_or_moderator,13,1.0,41,"ASR audio gap (speech present, ASR omitted it)",0,0,what more could the fed do to reduce economic inequality in this ...,-,4.96,4.46
20200610,transcript_vs_asr,transcript_only,transcript words not in ASR,chair,10,2.0,42,"ASR audio gap (speech present, ASR omitted it)",0,0,since the data started being kept in the modern era,chair powell,4.72,3.43
20200610,scored_vs_asr,substituted,scored words not in ASR,scored text,8,6.0,-1,"ASR audio gap (speech present, ASR omitted it); overlaps footnote",0,0,say asset purchases rather than asset prices our,that 2 percent target chair powell,2.47,2.75
20200610,scored_vs_asr,scored_only,scored words not in ASR,scored text,14,2.0,-1,"ASR audio gap (speech present, ASR omitted it)",0,0,at the end of even even after a lot of strong job ...,that will,4.05,4.8
20200610,scored_vs_asr,scored_only,scored words not in ASR,scored text,17,1.0,-1,"ASR audio gap (speech present, ASR omitted it)",0,0,you know businesses are going to go in and out they're going ...,-,3.03,5.83
20200610,scored_vs_asr,scored_only,scored words not in ASR,scored text,8,0.0,-1,no ASR audio gap (possibly not spoken: edit),0,0,get at it a different way you can,,0.0,2.75
20200610,scored_vs_asr,scored_only,scored words not in ASR,scored text,10,1.0,-1,"ASR audio gap (speech present, ASR omitted it)",0,0,who are just fall out of the labor force and,-,2.25,3.43
20200610,scored_vs_asr,scored_only,scored words not in ASR,scored text,10,2.0,-1,"ASR audio gap (speech present, ASR omitted it)",0,0,since the data started being kept in the modern era,chair powell,4.72,3.43
20200729,scored_vs_transcript,non-chair turn text inside scored text,scored words from a reporter or moderator turn,moderator,4,,26,speaker MICHELLE SMITH,0,0,thank you chris rugaber,,,
20200729,scored_vs_transcript,non-chair turn text inside scored text,scored words from a reporter or moderator turn,question,29,,51,speaker VICTORIA GUIDA,0,0,so i just sorry just to follow up really quickly so is ...,,,
20200729,transcript_vs_asr,transcript_only,transcript words not in ASR,reporter_or_moderator,9,0.0,9,"ASR audio gap (speech present, ASR omitted it)",0,0,no response aside i didn't hear you say that,,25.55,3.19
20200729,transcript_vs_asr,transcript_only,transcript words not in ASR,chair,10,0.0,13,"ASR audio gap (speech present, ASR omitted it)",0,0,many of those people are going to find it hard,,2.34,3.55
20200729,transcript_vs_asr,transcript_only,transcript words not in ASR,chair,8,0.0,13,"ASR audio gap (speech present, ASR omitted it)",0,0,in the financial markets and in the economy,,2.59,2.84
20200729,transcript_vs_asr,transcript_only,transcript words not in ASR,chair,8,0.0,16,no ASR audio gap (possibly not spoken: edit),0,0,it's part of the absolute bedrock of the,,0.0,2.84
20200729,transcript_vs_asr,transcript_only,transcript words not in ASR,chair,13,1.0,25,"ASR audio gap (speech present, ASR omitted it)",0,0,what we what we think of as sort of nonstandard high frequency ...,-,4.12,4.61
20200729,transcript_vs_asr,transcript_only,transcript words not in ASR,reporter_or_moderator,13,2.0,34,"ASR audio gap (speech present, ASR omitted it)",1,0,inflationary pressures thank you ann saphir hi yes thanks for taking my ...,-you know,10.67,4.61
20200729,transcript_vs_asr,transcript_only,transcript words not in ASR,chair,19,1.0,37,"ASR audio gap (speech present, ASR omitted it)",0,0,maximum employment and stable prices sorry your second question was inaudible i ...,-,16.0,6.74
20200729,transcript_vs_asr,transcript_only,transcript words not in ASR,chair,11,0.0,44,"ASR audio gap (speech present, ASR omitted it)",0,0,and we always point this out in our in our remarks,,5.51,3.9
20200729,transcript_vs_asr,speech_only,ASR words not in transcript,chair,0,17.0,44,found elsewhere in transcript (ASR segment order),1,0,,-you will see that discussed -the black unemployment rate discussed all the ...,,
20200729,transcript_vs_asr,transcript_only,transcript words not in ASR,chair,14,0.0,44,"ASR audio gap (speech present, ASR omitted it)",0,0,so but and i will take a look at it i will ...,,3.65,4.97
20200729,transcript_vs_asr,transcript_only,transcript words not in ASR,chair,13,0.0,64,"ASR audio gap (speech present, ASR omitted it)",0,0,we were really looking forward to completing it probably at the june ...,,3.77,4.61
20200729,scored_vs_asr,scored_only,scored words not in ASR,scored text,10,0.0,-1,"ASR audio gap (speech present, ASR omitted it)",0,0,many of those people are going to find it hard,,2.34,3.55
20200729,scored_vs_asr,scored_only,scored words not in ASR,scored text,8,0.0,-1,"ASR audio gap (speech present, ASR omitted it)",0,0,in the financial markets and in the economy,,2.59,2.84
20200729,scored_vs_asr,scored_only,scored words not in ASR,scored text,8,0.0,-1,no ASR audio gap (possibly not spoken: edit),0,0,it's part of the absolute bedrock of the,,0.0,2.84
20200729,scored_vs_asr,scored_only,scored words not in ASR,scored text,13,1.0,-1,"ASR audio gap (speech present, ASR omitted it)",0,0,what we what we think of as sort of nonstandard high frequency ...,-,4.12,4.61
20200729,scored_vs_asr,substituted,scored words not in ASR,scored text,15,3.0,-1,"ASR audio gap (speech present, ASR omitted it)",0,0,maximum employment and stable prices sorry your second question was i can't ...,- for when,17.24,5.32
20200729,scored_vs_asr,scored_only,scored words not in ASR,scored text,11,0.0,-1,"ASR audio gap (speech present, ASR omitted it)",0,0,and we always point this out in our in our remarks,,5.51,3.9
20200729,scored_vs_asr,scored_only,scored words not in ASR,scored text,14,0.0,-1,"ASR audio gap (speech present, ASR omitted it)",0,0,so but and i will take a look at it i will ...,,3.65,4.97
20200729,scored_vs_asr,scored_only,scored words not in ASR,scored text,13,0.0,-1,"ASR audio gap (speech present, ASR omitted it)",0,0,we were really looking forward to completing it probably at the june ...,,3.77,4.61
20200916,transcript_vs_asr,transcript_only,transcript words not in ASR,chair,8,0.0,0,"ASR audio gap (speech present, ASR omitted it)",0,0,all of us have a role to play,,2.02,2.83
20200916,transcript_vs_asr,transcript_only,transcript words not in ASR,chair,10,2.0,0,"ASR audio gap (speech present, ASR omitted it)",0,0,the policy actions taken across all parts of the government,-the pandemic,2.86,3.53
20200916,transcript_vs_asr,transcript_only,transcript words not in ASR,chair,10,0.0,9,found elsewhere in ASR (ASR segment order),0,0,are really the first line of defense on financial stability,,2.57,3.53
20200916,transcript_vs_asr,transcript_only,transcript words not in ASR,chair,8,0.0,29,no ASR audio gap (possibly not spoken: edit),0,0,on the part of all the relevant players,,1.37,2.83
20200916,transcript_vs_asr,transcript_only,transcript words not in ASR,chair,8,1.0,38,"ASR audio gap (speech present, ASR omitted it)",0,0,right now we're learning to live with covid,-,2.47,2.83
20200916,transcript_vs_asr,transcript_only,transcript words not in ASR,chair,10,1.0,46,found elsewhere in ASR (ASR segment order),0,0,expansion is well along really very close to our goals,-,4.89,3.53
20200916,transcript_vs_asr,transcript_only,transcript words not in ASR,chair,15,0.0,51,no ASR audio gap (possibly not spoken: edit),0,0,basis at the board here we talk about it more or less ...,,0.0,5.3
20200916,transcript_vs_asr,transcript_only,transcript words not in ASR,chair,8,1.0,62,"ASR audio gap (speech present, ASR omitted it)",0,0,we have to support it with our actions,-,2.14,2.83
20200916,transcript_vs_asr,transcript_only,transcript words not in ASR,chair,9,2.0,68,"ASR audio gap (speech present, ASR omitted it)",0,0,it's a challenging concept for a lot of people,-it's -,3.56,3.18
20200916,scored_vs_asr,scored_only,scored words not in ASR,scored text,8,0.0,-1,"ASR audio gap (speech present, ASR omitted it)",0,0,all of us have a role to play,,2.02,2.83
20200916,scored_vs_asr,scored_only,scored words not in ASR,scored text,10,2.0,-1,"ASR audio gap (speech present, ASR omitted it)",0,0,the policy actions taken across all parts of the government,-the pandemic,2.86,3.53
20200916,scored_vs_asr,scored_only,scored words not in ASR,scored text,10,0.0,-1,found elsewhere in ASR (ASR segment order),0,0,are really the first line of defense on financial stability,,2.57,3.53
20200916,scored_vs_asr,scored_only,scored words not in ASR,scored text,8,0.0,-1,no ASR audio gap (possibly not spoken: edit),0,0,on the part of all the relevant players,,1.37,2.83
20200916,scored_vs_asr,scored_only,scored words not in ASR,scored text,8,1.0,-1,"ASR audio gap (speech present, ASR omitted it)",0,0,right now we're learning to live with covid,-,2.47,2.83
20200916,scored_vs_asr,scored_only,scored words not in ASR,scored text,10,1.0,-1,found elsewhere in ASR (ASR segment order),0,0,expansion is well along really very close to our goals,-,4.89,3.53
20200916,scored_vs_asr,scored_only,scored words not in ASR,scored text,15,0.0,-1,no ASR audio gap (possibly not spoken: edit),0,0,basis at the board here we talk about it more or less ...,,0.0,5.3
20200916,scored_vs_asr,scored_only,scored words not in ASR,scored text,8,1.0,-1,"ASR audio gap (speech present, ASR omitted it)",0,0,we have to support it with our actions,-,2.14,2.83
20200916,scored_vs_asr,scored_only,scored words not in ASR,scored text,9,2.0,-1,"ASR audio gap (speech present, ASR omitted it)",0,0,it's a challenging concept for a lot of people,-it's -,3.56,3.18
20201105,transcript_vs_asr,transcript_only,transcript words not in ASR,chair,8,1.0,45,"ASR audio gap (speech present, ASR omitted it)",0,0,you know a couple of our tools mainly,-,3.75,2.78
20201105,scored_vs_asr,scored_only,scored words not in ASR,scored text,8,1.0,-1,"ASR audio gap (speech present, ASR omitted it)",0,0,you know a couple of our tools mainly,-,3.75,2.78
20201216,transcript_vs_asr,transcript_only,transcript words not in ASR,reporter_or_moderator,9,1.0,7,"ASR audio gap (speech present, ASR omitted it)",0,0,timiraos thank you nick timiraos the wall street journal,timoros,3.52,3.15
20201216,transcript_vs_asr,transcript_only,transcript words not in ASR,chair,9,1.0,26,"ASR audio gap (speech present, ASR omitted it)",0,0,that bridge is there and and they're across it,-,2.98,3.15
20201216,transcript_vs_asr,speech_only,ASR words not in transcript,other_or_edge,2,8.0,31,"not in transcript (disfluency edited out, or ASR insertion)",0,0,thank you,chair powell i do i do michelle smith,,
20201216,transcript_vs_asr,transcript_only,transcript words not in ASR,chair,9,2.0,46,"ASR audio gap (speech present, ASR omitted it)",0,0,those dynamics are not in place anymore there the,they're -the,2.69,3.15
20201216,transcript_vs_asr,transcript_only,transcript words not in ASR,reporter_or_moderator,9,0.0,52,"ASR audio gap (speech present, ASR omitted it)",0,0,inaudible randal quarles he had some questions about it,,3.18,3.15
20201216,transcript_vs_asr,transcript_only,transcript words not in ASR,reporter_or_moderator,11,0.0,59,"ASR audio gap (speech present, ASR omitted it)",0,0,so just curious to get your thoughts on how the relationship,,4.15,3.84
20201216,scored_vs_asr,scored_only,scored words not in ASR,scored text,9,1.0,-1,"ASR audio gap (speech present, ASR omitted it)",0,0,that bridge is there and and they're across it,-,2.98,3.15
20201216,scored_vs_asr,scored_only,scored words not in ASR,scored text,9,2.0,-1,"ASR audio gap (speech present, ASR omitted it)",0,0,those dynamics are not in place anymore there the,they're -the,2.69,3.15
20210127,transcript_vs_asr,transcript_only,transcript words not in ASR,reporter_or_moderator,14,0.0,1,no ASR audio gap (possibly not spoken: edit),0,0,jeanna smialek hi chair powell jeanna smialek from the new york times ...,,0.0,5.07
20210127,transcript_vs_asr,speech_only,ASR words not in transcript,chair,2,8.0,3,repetition loop (ASR artefact),0,0,really something,-it's just not -it's just not -it's just,,
20210127,transcript_vs_asr,transcript_only,transcript words not in ASR,chair,9,2.0,36,"ASR audio gap (speech present, ASR omitted it)",0,0,i can't wait to be working in person again,-i -,2.2,3.26
20210127,transcript_vs_asr,transcript_only,transcript words not in ASR,chair,8,0.0,48,"ASR audio gap (speech present, ASR omitted it)",0,0,so we've we've had a big concern about,,2.92,2.9
20210127,transcript_vs_asr,substituted,transcript words not in ASR,chair,11,3.0,48,"ASR audio gap (speech present, ASR omitted it)",0,0,and and you know the way we look at the economy,-and -and -and,5.53,3.98
20210127,transcript_vs_asr,transcript_only,transcript words not in ASR,chair,9,0.0,50,"ASR audio gap (speech present, ASR omitted it)",0,0,our job which is to achieve maximum employment which,,3.46,3.26
20210127,scored_vs_asr,scored_only,scored words not in ASR,scored text,9,2.0,-1,"ASR audio gap (speech present, ASR omitted it)",0,0,i can't wait to be working in person again,-i -,2.2,3.26
20210127,scored_vs_asr,scored_only,scored words not in ASR,scored text,8,0.0,-1,"ASR audio gap (speech present, ASR omitted it)",0,0,so we've we've had a big concern about,,2.92,2.9
20210127,scored_vs_asr,substituted,scored words not in ASR,scored text,11,3.0,-1,"ASR audio gap (speech present, ASR omitted it)",0,0,and and you know the way we look at the economy,-and -and -and,5.53,3.98
20210127,scored_vs_asr,scored_only,scored words not in ASR,scored text,9,0.0,-1,"ASR audio gap (speech present, ASR omitted it)",0,0,our job which is to achieve maximum employment which,,3.46,3.26
20210317,transcript_vs_asr,transcript_only,transcript words not in ASR,chair,9,2.0,41,"ASR audio gap (speech present, ASR omitted it)",0,0,this isn't a decision to lift off now we'll,- we,2.81,3.21
20210317,transcript_vs_asr,transcript_only,transcript words not in ASR,chair,8,2.0,52,no ASR audio gap (possibly not spoken: edit),0,0,lowrate environment you're in a much lower rate,low -rate,0.34,2.86
20210317,transcript_vs_asr,transcript_only,transcript words not in ASR,chair,9,0.0,70,"ASR audio gap (speech present, ASR omitted it)",0,0,all of the demand maybe maybe for a period,,3.56,3.21
20210317,scored_vs_asr,scored_only,scored words not in ASR,scored text,9,2.0,-1,"ASR audio gap (speech present, ASR omitted it)",0,0,this isn't a decision to lift off now we'll,- we,2.81,3.21
20210317,scored_vs_asr,scored_only,scored words not in ASR,scored text,8,1.0,-1,no ASR audio gap (possibly not spoken: edit),0,0,rate environment you're in a much lower rate,-rate,0.18,2.86
20210317,scored_vs_asr,scored_only,scored words not in ASR,scored text,9,0.0,-1,"ASR audio gap (speech present, ASR omitted it)",0,0,all of the demand maybe maybe for a period,,3.56,3.21
20210428,transcript_vs_asr,transcript_only,transcript words not in ASR,reporter_or_moderator,11,0.0,32,found elsewhere in ASR (ASR segment order),0,0,chair powell you said a few weeks ago that it would,,4.93,3.77
20210428,transcript_vs_asr,transcript_only,transcript words not in ASR,chair,8,1.0,39,"ASR audio gap (speech present, ASR omitted it)",0,0,when it's no longer a a news story,-,2.99,2.74
20210428,transcript_vs_asr,transcript_only,transcript words not in ASR,reporter_or_moderator,8,0.0,73,"ASR audio gap (speech present, ASR omitted it)",0,0,well if you leave rates where they are,,3.87,2.74
20210428,scored_vs_asr,scored_only,scored words not in ASR,scored text,8,1.0,-1,"ASR audio gap (speech present, ASR omitted it)",0,0,when it's no longer a a news story,-,2.99,2.74
20210616,transcript_vs_asr,transcript_only,transcript words not in ASR,reporter_or_moderator,9,0.0,1,"ASR audio gap (speech present, ASR omitted it)",0,0,rachel siegel the washington post thank you michelle and,,10.18,3.12
20210616,transcript_vs_asr,transcript_only,transcript words not in ASR,chair,11,2.0,3,"ASR audio gap (speech present, ASR omitted it)",0,0,filling those jobs is somehow feels slower than it might be,-the pace,3.15,3.81
20210616,transcript_vs_asr,transcript_only,transcript words not in ASR,chair,9,1.0,3,"ASR audio gap (speech present, ASR omitted it)",0,0,some things coming up in coming months that will,-,2.3,3.12
20210616,transcript_vs_asr,transcript_only,transcript words not in ASR,chair,8,1.0,41,"ASR audio gap (speech present, ASR omitted it)",0,0,what we what we would see as consistent,-,2.23,2.77
20210616,transcript_vs_asr,transcript_only,transcript words not in ASR,reporter_or_moderator,8,0.0,49,"ASR audio gap (speech present, ASR omitted it)",0,0,in the in the next couple of years,,2.26,2.77
20210616,transcript_vs_asr,transcript_only,transcript words not in ASR,chair,10,2.0,57,"ASR audio gap (speech present, ASR omitted it)",0,0,sorry to an extent to a level or or persistently,-sorry -,5.43,3.47
20210616,scored_vs_asr,scored_only,scored words not in ASR,scored text,11,2.0,-1,"ASR audio gap (speech present, ASR omitted it)",0,0,filling those jobs is somehow feels slower than it might be,-the pace,3.15,3.81
20210616,scored_vs_asr,scored_only,scored words not in ASR,scored text,9,1.0,-1,"ASR audio gap (speech present, ASR omitted it)",0,0,some things coming up in coming months that will,-,2.3,3.12
20210616,scored_vs_asr,scored_only,scored words not in ASR,scored text,8,1.0,-1,"ASR audio gap (speech present, ASR omitted it)",0,0,what we what we would see as consistent,-,2.23,2.77
20210616,scored_vs_asr,scored_only,scored words not in ASR,scored text,10,2.0,-1,"ASR audio gap (speech present, ASR omitted it)",0,0,sorry to an extent to a level or or persistently,-sorry -,5.43,3.47
20210728,transcript_vs_asr,transcript_only,transcript words not in ASR,chair,8,0.0,3,"ASR audio gap (speech present, ASR omitted it)",0,0,with with max toward the maximum employment goal,,5.9,2.78
20210728,scored_vs_asr,scored_only,scored words not in ASR,scored text,8,0.0,-1,"ASR audio gap (speech present, ASR omitted it)",0,0,with with max toward the maximum employment goal,,5.9,2.78
20210922,scored_vs_transcript,non-chair turn text inside scored text,scored words from a reporter or moderator turn,moderator,5,,61,speaker MICHELLE SMITH,0,0,let's go to greg robb,,,
20210922,transcript_vs_asr,transcript_only,transcript words not in ASR,reporter_or_moderator,8,2.0,1,"ASR audio gap (speech present, ASR omitted it)",0,0,thank you we'll go first to rachel siegel,michelle smith,6.76,2.81
20210922,transcript_vs_asr,transcript_only,transcript words not in ASR,chair,9,0.0,3,"ASR audio gap (speech present, ASR omitted it)",1,0,sure so the test for beginning our taper is,,4.09,3.16
20210922,transcript_vs_asr,substituted,transcript words not in ASR,chair,9,3.0,12,"ASR audio gap (speech present, ASR omitted it)",0,1,2022 then we may already have met that test,2000 and -,3.53,3.16
20210922,transcript_vs_asr,transcript_only,transcript words not in ASR,chair,9,0.0,16,"ASR audio gap (speech present, ASR omitted it)",0,0,or to you know buy and sell financial assets,,2.41,3.16
20210922,transcript_vs_asr,transcript_only,transcript words not in ASR,reporter_or_moderator,14,0.0,26,"ASR audio gap (speech present, ASR omitted it)",0,0,going ahead or are we at a point where you've accumulated enough ...,,3.96,4.92
20210922,transcript_vs_asr,transcript_only,transcript words not in ASR,reporter_or_moderator,8,2.0,39,"ASR audio gap (speech present, ASR omitted it)",0,0,a plan for dealing with a debt default,michael mckee,9.89,2.81
20210922,transcript_vs_asr,transcript_only,transcript words not in ASR,reporter_or_moderator,8,1.0,47,"ASR audio gap (speech present, ASR omitted it)",0,0,know did anybody at the board level know,-,2.29,2.81
20210922,transcript_vs_asr,transcript_only,transcript words not in ASR,chair,8,0.0,72,"ASR audio gap (speech present, ASR omitted it)",0,0,i think this will be a shorter period,,1.81,2.81
20210922,scored_vs_asr,substituted,scored words not in ASR,scored text,9,3.0,-1,"ASR audio gap (speech present, ASR omitted it)",0,1,2022 then we may already have met that test,2000 and -,3.53,3.16
20210922,scored_vs_asr,scored_only,scored words not in ASR,scored text,9,0.0,-1,"ASR audio gap (speech present, ASR omitted it)",0,0,or to you know buy and sell financial assets,,2.41,3.16
20210922,scored_vs_asr,scored_only,scored words not in ASR,scored text,8,0.0,-1,no ASR audio gap (possibly not spoken: edit); overlaps non-chair turn,0,0,michelle smith let's go to greg robb i'm,,0.14,2.81
20210922,scored_vs_asr,scored_only,scored words not in ASR,scored text,8,0.0,-1,"ASR audio gap (speech present, ASR omitted it)",0,0,i think this will be a shorter period,,1.81,2.81
20211103,transcript_vs_asr,transcript_only,transcript words not in ASR,chair,11,1.0,26,"ASR audio gap (speech present, ASR omitted it)",0,0,what we also have now though is we have high inflation,-,3.28,3.76
20211103,transcript_vs_asr,transcript_only,transcript words not in ASR,chair,9,0.0,46,"ASR audio gap (speech present, ASR omitted it)",0,0,so we you know we let me just say,,6.78,3.07
20211103,transcript_vs_asr,transcript_only,transcript words not in ASR,chair,11,0.0,46,"ASR audio gap (speech present, ASR omitted it)",0,0,to try to put us back where we need to be,,4.82,3.76
20211103,transcript_vs_asr,transcript_only,transcript words not in ASR,reporter_or_moderator,8,0.0,48,"ASR audio gap (speech present, ASR omitted it)",0,0,why would they be wrong in thinking that,,4.06,2.73
20211103,transcript_vs_asr,transcript_only,transcript words not in ASR,chair,8,0.0,72,"ASR audio gap (speech present, ASR omitted it)",0,0,at the rates they were expected to retire,,2.32,2.73
20211103,scored_vs_asr,scored_only,scored words not in ASR,scored text,11,1.0,-1,"ASR audio gap (speech present, ASR omitted it)",0,0,what we also have now though is we have high inflation,-,3.28,3.76
20211103,scored_vs_asr,scored_only,scored words not in ASR,scored text,11,0.0,-1,"ASR audio gap (speech present, ASR omitted it)",0,0,to try to put us back where we need to be,,4.82,3.76
20211103,scored_vs_asr,scored_only,scored words not in ASR,scored text,8,0.0,-1,"ASR audio gap (speech present, ASR omitted it)",0,0,at the rates they were expected to retire,,2.32,2.73
20211215,transcript_vs_asr,transcript_only,transcript words not in ASR,reporter_or_moderator,9,0.0,25,"ASR audio gap (speech present, ASR omitted it)",0,0,i wonder if you could talk a little bit,,2.32,3.1
20211215,transcript_vs_asr,transcript_only,transcript words not in ASR,chair,10,2.0,40,"ASR audio gap (speech present, ASR omitted it)",0,0,would really be to have the pandemic get under control,-to -,4.64,3.44
20211215,transcript_vs_asr,transcript_only,transcript words not in ASR,chair,8,0.0,48,"ASR audio gap (speech present, ASR omitted it)",0,0,and you know that's the most likely case,,5.3,2.75
20211215,transcript_vs_asr,transcript_only,transcript words not in ASR,chair,11,1.0,51,"ASR audio gap (speech present, ASR omitted it)",0,0,i think that's a decent picture of where i would start,-,4.82,3.78
20211215,scored_vs_asr,scored_only,scored words not in ASR,scored text,10,2.0,-1,"ASR audio gap (speech present, ASR omitted it)",0,0,would really be to have the pandemic get under control,-to -,4.64,3.44
20211215,scored_vs_asr,scored_only,scored words not in ASR,scored text,8,0.0,-1,"ASR audio gap (speech present, ASR omitted it)",0,0,and you know that's the most likely case,,5.3,2.75
20211215,scored_vs_asr,substituted,scored words not in ASR,scored text,10,17.0,-1,"ASR audio gap (speech present, ASR omitted it)",0,0,think that's a decent picture of where i would start,mean it's obviously -a lot's happening in that sector is that concern ...,4.68,3.44
20220126,transcript_vs_asr,transcript_only,transcript words not in ASR,chair,10,0.0,0,no ASR audio gap (possibly not spoken: edit),0,0,part reflecting the aging of the population and retirements in,,0.0,3.54
20220126,transcript_vs_asr,transcript_only,transcript words not in ASR,reporter_or_moderator,15,2.0,1,"ASR audio gap (speech present, ASR omitted it)",0,0,thank you for the first question we'll go to chris rugaber at ...,chair powell,9.9,5.31
20220126,transcript_vs_asr,transcript_only,transcript words not in ASR,chair,11,2.0,9,"ASR audio gap (speech present, ASR omitted it)",0,0,will be something that we spend time on in coming meetings,-will -,3.79,3.9
20220126,transcript_vs_asr,substituted,ASR words not in transcript,other_or_edge,4,54.0,26,repetition loop (ASR artefact),0,0,craig torres from bloomberg,chair powell chair powell chair powell chair powell chair powell chair powell ...,,
20220126,transcript_vs_asr,transcript_only,transcript words not in ASR,chair,9,0.0,27,"ASR audio gap (speech present, ASR omitted it)",0,0,and that's we have to be in a position,,3.5,3.19
20220126,transcript_vs_asr,transcript_only,transcript words not in ASR,chair,10,0.0,27,"ASR audio gap (speech present, ASR omitted it)",0,0,we don't we don't have that information at the board,,3.2,3.54
20220126,scored_vs_asr,scored_only,scored words not in ASR,scored text,10,0.0,-1,no ASR audio gap (possibly not spoken: edit),0,0,part reflecting the aging of the population and retirements in,,0.0,3.54
20220126,scored_vs_asr,scored_only,scored words not in ASR,scored text,11,2.0,-1,"ASR audio gap (speech present, ASR omitted it)",0,0,will be something that we spend time on in coming meetings,-will -,3.79,3.9
20220126,scored_vs_asr,scored_only,scored words not in ASR,scored text,9,0.0,-1,"ASR audio gap (speech present, ASR omitted it)",0,0,and that's we have to be in a position,,3.5,3.19
20220126,scored_vs_asr,scored_only,scored words not in ASR,scored text,10,0.0,-1,"ASR audio gap (speech present, ASR omitted it)",0,0,we don't we don't have that information at the board,,3.2,3.54
20220316,transcript_vs_asr,transcript_only,transcript words not in ASR,chair,12,0.0,0,"ASR audio gap (speech present, ASR omitted it)",0,0,as we noted in our policy statement the implications of russia's invasion,,6.03,4.3
20220316,transcript_vs_asr,transcript_only,transcript words not in ASR,chair,14,1.0,12,"ASR audio gap (speech present, ASR omitted it)",0,0,that inflation will begin to come down in the second half of ...,-,3.04,5.01
20220316,transcript_vs_asr,transcript_only,transcript words not in ASR,chair,9,0.0,15,"ASR audio gap (speech present, ASR omitted it)",0,0,i would say if you look at the sep,,2.98,3.22
20220316,transcript_vs_asr,transcript_only,transcript words not in ASR,chair,10,0.0,15,"ASR audio gap (speech present, ASR omitted it)",0,0,and you know we don't know what's going to happen,,3.85,3.58
20220316,transcript_vs_asr,transcript_only,transcript words not in ASR,reporter_or_moderator,8,1.0,17,"ASR audio gap (speech present, ASR omitted it)",0,0,would be estimated to be the neutral rate,-,1.93,2.86
20220316,transcript_vs_asr,speech_only,ASR words not in transcript,chair,0,9.0,20,found elsewhere in transcript (ASR segment order),0,0,,-you know i think monetary policy starts to bite,,
20220316,transcript_vs_asr,transcript_only,transcript words not in ASR,chair,8,1.0,23,"ASR audio gap (speech present, ASR omitted it)",0,0,consensus on the committee and present that consensus,-,3.3,2.86
20220316,transcript_vs_asr,transcript_only,transcript words not in ASR,chair,8,1.0,23,"ASR audio gap (speech present, ASR omitted it)",0,0,try to give you a really specific test,-,1.71,2.86
20220316,transcript_vs_asr,substituted,ASR words not in transcript,chair,7,10.0,43,"not in transcript (disfluency edited out, or ASR insertion)",0,0,it becomes an even more attractive one,-you know it's going to be a little bit different,,
20220316,transcript_vs_asr,transcript_only,transcript words not in ASR,reporter_or_moderator,8,1.0,45,"ASR audio gap (speech present, ASR omitted it)",0,0,spread's risen yield curve has flattened a lot,spreads,2.78,2.86
20220316,transcript_vs_asr,transcript_only,transcript words not in ASR,chair,8,0.0,51,"ASR audio gap (speech present, ASR omitted it)",0,0,in terms of the i would say this,,4.09,2.86
20220316,transcript_vs_asr,transcript_only,transcript words not in ASR,chair,12,0.0,54,no ASR audio gap (possibly not spoken: edit),0,0,see inflation then we're not going to raise rates til we actually,,0.0,4.3
20220316,transcript_vs_asr,substituted,transcript words not in ASR,reporter_or_moderator,11,3.0,58,"ASR audio gap (speech present, ASR omitted it)",0,0,hi chair powell hopefully no tech issues here on this front,brian chung i,4.71,3.94
20220316,transcript_vs_asr,substituted,ASR words not in transcript,chair,4,8.0,59,"not in transcript (disfluency edited out, or ASR insertion)",0,0,you asked about rates,and -and i think that's a good point,,
20220316,transcript_vs_asr,transcript_only,transcript words not in ASR,chair,11,0.0,62,"ASR audio gap (speech present, ASR omitted it)",0,0,and i just would want people to understand that and that's,,3.43,3.94
20220316,transcript_vs_asr,transcript_only,transcript words not in ASR,reporter_or_moderator,8,0.0,63,"ASR audio gap (speech present, ASR omitted it)",0,0,and as a quick follow up to that,,2.1,2.86
20220316,transcript_vs_asr,transcript_only,transcript words not in ASR,chair,10,2.0,64,"ASR audio gap (speech present, ASR omitted it)",0,0,it's not strong in the ordinary sense of the word,-you know,3.58,3.58
20220316,transcript_vs_asr,transcript_only,transcript words not in ASR,chair,8,0.0,68,"ASR audio gap (speech present, ASR omitted it)",0,0,central bankers around the world are generally very,,2.39,2.86
20220316,transcript_vs_asr,transcript_only,transcript words not in ASR,reporter_or_moderator,15,0.0,72,"ASR audio gap (speech present, ASR omitted it)",0,0,thank you for the last question we'll go to don lee at ...,,6.55,5.37
20220316,transcript_vs_asr,transcript_only,transcript words not in ASR,chair,8,1.0,74,"ASR audio gap (speech present, ASR omitted it)",0,0,in collision with you know very strong demand,-,2.2,2.86
20220316,transcript_vs_asr,transcript_only,transcript words not in ASR,chair,8,2.0,74,"ASR audio gap (speech present, ASR omitted it)",0,0,it is appropriate in the sense that in,- to,4.26,2.86
20220316,scored_vs_asr,scored_only,scored words not in ASR,scored text,12,0.0,-1,"ASR audio gap (speech present, ASR omitted it)",0,0,as we noted in our policy statement the implications of russia's invasion,,6.03,4.3
20220316,scored_vs_asr,scored_only,scored words not in ASR,scored text,14,1.0,-1,"ASR audio gap (speech present, ASR omitted it)",0,0,that inflation will begin to come down in the second half of ...,-,3.04,5.01
20220316,scored_vs_asr,scored_only,scored words not in ASR,scored text,9,0.0,-1,"ASR audio gap (speech present, ASR omitted it)",0,0,i would say if you look at the sep,,2.98,3.22
20220316,scored_vs_asr,scored_only,scored words not in ASR,scored text,10,0.0,-1,"ASR audio gap (speech present, ASR omitted it)",0,0,and you know we don't know what's going to happen,,3.85,3.58
20220316,scored_vs_asr,scored_only,scored words not in ASR,scored text,8,1.0,-1,"ASR audio gap (speech present, ASR omitted it)",0,0,consensus on the committee and present that consensus,-,3.3,2.86
20220316,scored_vs_asr,scored_only,scored words not in ASR,scored text,8,1.0,-1,"ASR audio gap (speech present, ASR omitted it)",0,0,try to give you a really specific test,-,1.71,2.86
20220316,scored_vs_asr,scored_only,scored words not in ASR,scored text,8,0.0,-1,"ASR audio gap (speech present, ASR omitted it)",0,0,in terms of the i would say this,,4.09,2.86
20220316,scored_vs_asr,scored_only,scored words not in ASR,scored text,12,0.0,-1,no ASR audio gap (possibly not spoken: edit),0,0,see inflation then we're not going to raise rates til we actually,,0.0,4.3
20220316,scored_vs_asr,scored_only,scored words not in ASR,scored text,11,0.0,-1,"ASR audio gap (speech present, ASR omitted it)",0,0,and i just would want people to understand that and that's,,3.43,3.94
20220316,scored_vs_asr,scored_only,scored words not in ASR,scored text,10,2.0,-1,"ASR audio gap (speech present, ASR omitted it)",0,0,it's not strong in the ordinary sense of the word,-you know,3.58,3.58
20220316,scored_vs_asr,scored_only,scored words not in ASR,scored text,8,1.0,-1,"ASR audio gap (speech present, ASR omitted it)",0,0,in collision with you know very strong demand,-,2.2,2.86
20220316,scored_vs_asr,scored_only,scored words not in ASR,scored text,8,2.0,-1,"ASR audio gap (speech present, ASR omitted it); overlaps editor brackets",0,0,it is appropriate in the sense that in,- to,4.26,2.86
20220504,transcript_vs_asr,speech_only,ASR words not in transcript,chair,1,8.0,7,"not in transcript (disfluency edited out, or ASR insertion)",0,2,50basis,50 basis increases should be on -50 basis,,
20220504,transcript_vs_asr,substituted,transcript words not in ASR,chair,12,24.0,24,"ASR audio gap (speech present, ASR omitted it)",0,0,these expansions go on you can get very efficient with all of,the - and again we're not shooting for any particular number what ...,21.56,4.15
20220504,transcript_vs_asr,substituted,ASR words not in transcript,chair,12,24.0,24,found elsewhere in transcript (ASR segment order),0,0,these expansions go on you can get very efficient with all of,the - and again we're not shooting for any particular number what ...,,
20220504,transcript_vs_asr,speech_only,ASR words not in transcript,chair,0,10.0,24,found elsewhere in transcript (ASR segment order),0,0,,that's not -that's an intermediate variable we're looking at wages,,
20220504,transcript_vs_asr,substituted,transcript words not in ASR,chair,54,5.0,24,no ASR audio gap (possibly not spoken: edit),0,0,the beveridge curve shifts out and that also tends to you know ...,we're looking at ultimately inflation,0.0,18.67
20220504,transcript_vs_asr,transcript_only,transcript words not in ASR,chair,8,1.0,44,no ASR audio gap (possibly not spoken: edit),0,0,picked it was nothing magic about it you,-you,0.44,2.77
20220504,transcript_vs_asr,transcript_only,transcript words not in ASR,reporter_or_moderator,9,0.0,53,"ASR audio gap (speech present, ASR omitted it)",0,0,thanks we'll go to nancy for the last question,,4.95,3.11
20220504,scored_vs_asr,substituted,scored words not in ASR,scored text,12,24.0,-1,"ASR audio gap (speech present, ASR omitted it)",0,0,these expansions go on you can get very efficient with all of,the - and again we're not shooting for any particular number what ...,21.56,4.15
20220504,scored_vs_asr,substituted,scored words not in ASR,scored text,54,5.0,-1,no ASR audio gap (possibly not spoken: edit),0,0,the beveridge curve shifts out and that also tends to you know ...,we're looking at ultimately inflation,0.0,18.67
20220504,scored_vs_asr,scored_only,scored words not in ASR,scored text,8,1.0,-1,no ASR audio gap (possibly not spoken: edit),0,0,picked it was nothing magic about it you,-you,0.44,2.77
20220615,transcript_vs_asr,transcript_only,transcript words not in ASR,chair,13,0.0,0,"ASR audio gap (speech present, ASR omitted it)",0,1,and 0.9 percentage point above the median estimate of its longer run ...,,5.06,4.55
20220615,transcript_vs_asr,transcript_only,transcript words not in ASR,chair,8,1.0,0,no ASR audio gap (possibly not spoken: edit),0,0,not represent a committee plan or decision and,-and,0.14,2.8
20220615,transcript_vs_asr,transcript_only,transcript words not in ASR,chair,31,0.0,3,"ASR audio gap (speech present, ASR omitted it)",0,0,financial markets have responded and have generally shown that they understand the ...,,12.64,10.84
20220615,transcript_vs_asr,transcript_only,transcript words not in ASR,chair,23,0.0,3,"ASR audio gap (speech present, ASR omitted it)",0,0,i also said that if the economy performed if data came in ...,,11.89,8.04
20220615,transcript_vs_asr,transcript_only,transcript words not in ASR,chair,28,1.0,6,no ASR audio gap (possibly not spoken: edit),0,1,given points in time this was really about the speed in which ...,a,0.08,9.79
20220615,transcript_vs_asr,transcript_only,transcript words not in ASR,reporter_or_moderator,36,1.0,9,"ASR audio gap (speech present, ASR omitted it)",0,2,pushing upward on inflation so that's really how i think how i ...,-,11.84,12.59
20220615,transcript_vs_asr,transcript_only,transcript words not in ASR,chair,43,0.0,14,"ASR audio gap (speech present, ASR omitted it)",0,1,where short term inflation is going to be high but comes down ...,,13.93,15.04
20220615,transcript_vs_asr,transcript_only,transcript words not in ASR,chair,23,0.0,19,"ASR audio gap (speech present, ASR omitted it)",1,0,of raising interest rates financial conditions have tightened quite significantly through the ...,,8.69,8.04
20220615,transcript_vs_asr,transcript_only,transcript words not in ASR,chair,49,1.0,19,"ASR audio gap (speech present, ASR omitted it)",0,0,our guidance is still credible but it's always going to be conditional ...,-,19.91,17.13
20220615,transcript_vs_asr,transcript_only,transcript words not in ASR,chair,27,1.0,24,"ASR audio gap (speech present, ASR omitted it)",0,0,so soon enough we'll have our policy rate let's assume the world ...,i,20.05,9.44
20220615,transcript_vs_asr,transcript_only,transcript words not in ASR,chair,40,0.0,24,no ASR audio gap (possibly not spoken: edit),0,2,it should be and then the question would be do you slow ...,,0.0,13.99
20220615,transcript_vs_asr,speech_only,ASR words not in transcript,chair,2,30.0,24,repetition loop (ASR artefact),0,0,a series,-and we see -and we see -and we see -and we see ...,,
20220615,transcript_vs_asr,transcript_only,transcript words not in ASR,chair,11,1.0,24,no ASR audio gap (possibly not spoken: edit),0,0,that's what it would take for us to say okay we,-we,1.16,3.85
20220615,transcript_vs_asr,transcript_only,transcript words not in ASR,chair,12,0.0,31,"ASR audio gap (speech present, ASR omitted it)",0,0,are getting the biggest wage increases as they were before the pandemic,,4.27,4.2
20220615,transcript_vs_asr,transcript_only,transcript words not in ASR,chair,9,1.0,40,"ASR audio gap (speech present, ASR omitted it)",0,0,anything much more closely than we watch consumer spending,-,12.79,3.15
20220615,transcript_vs_asr,transcript_only,transcript words not in ASR,chair,22,2.0,40,no ASR audio gap (possibly not spoken: edit),0,0,we watch everything we watch business fixed investment which actually has softened ...,you know,1.08,7.69
20220615,transcript_vs_asr,transcript_only,transcript words not in ASR,chair,10,1.0,43,"ASR audio gap (speech present, ASR omitted it)",0,0,heavily influenced by global commodity prices too also other things,-,3.29,3.5
20220615,transcript_vs_asr,transcript_only,transcript words not in ASR,chair,14,0.0,45,no ASR audio gap (possibly not spoken: edit),0,0,people had that in hand when they when their seps were submitted ...,,0.0,4.9
20220615,transcript_vs_asr,transcript_only,transcript words not in ASR,chair,16,0.0,50,"ASR audio gap (speech present, ASR omitted it)",0,0,the way it's supposed to it won't work for people their wages ...,,4.25,5.59
20220615,transcript_vs_asr,speech_only,ASR words not in transcript,chair,0,9.0,50,found elsewhere in transcript (ASR segment order),0,0,,-and we want to get the job done that,,
20220615,transcript_vs_asr,transcript_only,transcript words not in ASR,reporter_or_moderator,14,1.0,51,"ASR audio gap (speech present, ASR omitted it)",0,0,the description of inflation in the statement didn't change between may and ...,-,5.91,4.9
20220615,transcript_vs_asr,transcript_only,transcript words not in ASR,chair,11,0.0,55,"ASR audio gap (speech present, ASR omitted it)",0,0,broadly across the economy and into the services sector as well,,2.8,3.85
20220615,transcript_vs_asr,transcript_only,transcript words not in ASR,chair,8,0.0,69,no ASR audio gap (possibly not spoken: edit),0,0,the demand was just suddenly much higher and,,0.0,2.8
20220615,scored_vs_asr,scored_only,scored words not in ASR,scored text,13,0.0,-1,"ASR audio gap (speech present, ASR omitted it)",0,1,and 0.9 percentage point above the median estimate of its longer run ...,,5.06,4.55
20220615,scored_vs_asr,scored_only,scored words not in ASR,scored text,8,1.0,-1,no ASR audio gap (possibly not spoken: edit),0,0,not represent a committee plan or decision and,-and,0.14,2.8
20220615,scored_vs_asr,scored_only,scored words not in ASR,scored text,31,0.0,-1,"ASR audio gap (speech present, ASR omitted it)",0,0,financial markets have responded and have generally shown that they understand the ...,,12.64,10.84
20220615,scored_vs_asr,scored_only,scored words not in ASR,scored text,23,0.0,-1,"ASR audio gap (speech present, ASR omitted it)",0,0,i also said that if the economy performed if data came in ...,,11.89,8.04
20220615,scored_vs_asr,scored_only,scored words not in ASR,scored text,28,1.0,-1,no ASR audio gap (possibly not spoken: edit),0,1,given points in time this was really about the speed in which ...,a,0.08,9.79
20220615,scored_vs_asr,scored_only,scored words not in ASR,scored text,15,1.0,-1,"ASR audio gap (speech present, ASR omitted it)",0,0,pushing upward on inflation so that's really how i think how i ...,-,11.84,5.24
20220615,scored_vs_asr,scored_only,scored words not in ASR,scored text,43,0.0,-1,"ASR audio gap (speech present, ASR omitted it)",0,1,where short term inflation is going to be high but comes down ...,,13.93,15.04
20220615,scored_vs_asr,scored_only,scored words not in ASR,scored text,23,0.0,-1,"ASR audio gap (speech present, ASR omitted it)",1,0,of raising interest rates financial conditions have tightened quite significantly through the ...,,8.69,8.04
20220615,scored_vs_asr,scored_only,scored words not in ASR,scored text,49,1.0,-1,"ASR audio gap (speech present, ASR omitted it); overlaps editor brackets",0,0,our guidance is still credible but it's always going to be conditional ...,-,19.91,17.13
20220615,scored_vs_asr,scored_only,scored words not in ASR,scored text,27,1.0,-1,"ASR audio gap (speech present, ASR omitted it)",0,0,so soon enough we'll have our policy rate let's assume the world ...,i,20.05,9.44
20220615,scored_vs_asr,scored_only,scored words not in ASR,scored text,40,0.0,-1,no ASR audio gap (possibly not spoken: edit),0,2,it should be and then the question would be do you slow ...,,0.0,13.99
20220615,scored_vs_asr,scored_only,scored words not in ASR,scored text,11,1.0,-1,no ASR audio gap (possibly not spoken: edit),0,0,that's what it would take for us to say okay we,-we,1.16,3.85
20220615,scored_vs_asr,scored_only,scored words not in ASR,scored text,12,0.0,-1,"ASR audio gap (speech present, ASR omitted it)",0,0,are getting the biggest wage increases as they were before the pandemic,,4.27,4.2
20220615,scored_vs_asr,scored_only,scored words not in ASR,scored text,9,1.0,-1,"ASR audio gap (speech present, ASR omitted it)",0,0,anything much more closely than we watch consumer spending,-,12.79,3.15
20220615,scored_vs_asr,scored_only,scored words not in ASR,scored text,22,2.0,-1,no ASR audio gap (possibly not spoken: edit),0,0,we watch everything we watch business fixed investment which actually has softened ...,you know,1.08,7.69
20220615,scored_vs_asr,scored_only,scored words not in ASR,scored text,10,1.0,-1,"ASR audio gap (speech present, ASR omitted it)",0,0,heavily influenced by global commodity prices too also other things,-,3.29,3.5
20220615,scored_vs_asr,scored_only,scored words not in ASR,scored text,14,0.0,-1,no ASR audio gap (possibly not spoken: edit),0,0,people had that in hand when they when their seps were submitted ...,,0.0,4.9
20220615,scored_vs_asr,scored_only,scored words not in ASR,scored text,16,0.0,-1,"ASR audio gap (speech present, ASR omitted it)",0,0,the way it's supposed to it won't work for people their wages ...,,4.25,5.59
20220615,scored_vs_asr,scored_only,scored words not in ASR,scored text,11,0.0,-1,"ASR audio gap (speech present, ASR omitted it)",0,0,broadly across the economy and into the services sector as well,,2.8,3.85
20220615,scored_vs_asr,scored_only,scored words not in ASR,scored text,8,0.0,-1,no ASR audio gap (possibly not spoken: edit),0,0,the demand was just suddenly much higher and,,0.0,2.8
20220727,scored_vs_transcript,non-chair turn text inside scored text,scored words from a reporter or moderator turn,question,17,,50,speaker EDWARD LAWRENCE,0,0,forecasts you know how do bank forecasts of possible recessions economists does ...,,,
20220727,transcript_vs_asr,transcript_only,transcript words not in ASR,chair,8,1.0,0,"ASR audio gap (speech present, ASR omitted it)",0,0,evolves in unexpected ways inflation has obviously surprised,-,4.63,2.71
20220727,transcript_vs_asr,transcript_only,transcript words not in ASR,chair,26,1.0,6,"ASR audio gap (speech present, ASR omitted it)",0,0,six weeks old i guess that's that's the most recent reading of ...,-,8.09,8.82
20220727,transcript_vs_asr,transcript_only,transcript words not in ASR,chair,8,1.0,35,no ASR audio gap (possibly not spoken: edit),0,0,in this one this one i would say,that,0.0,2.71
20220727,transcript_vs_asr,transcript_only,transcript words not in ASR,reporter_or_moderator,18,2.0,45,"ASR audio gap (speech present, ASR omitted it)",2,0,and then how much weakness would you be willing to accept before ...,chair powell,5.4,6.11
20220727,transcript_vs_asr,transcript_only,transcript words not in ASR,reporter_or_moderator,9,0.0,61,"ASR audio gap (speech present, ASR omitted it)",0,0,nancy can i follow up sorry about that greg,,5.67,3.05
20220727,transcript_vs_asr,transcript_only,transcript words not in ASR,chair,8,1.0,69,"ASR audio gap (speech present, ASR omitted it)",0,0,an inflation sorry what a recession really is,-,2.89,2.71
20220727,transcript_vs_asr,transcript_only,transcript words not in ASR,chair,11,0.0,72,"ASR audio gap (speech present, ASR omitted it)",0,0,so i think broadly a lot of economists think that the,,6.22,3.73
20220727,transcript_vs_asr,transcript_only,transcript words not in ASR,reporter_or_moderator,8,0.0,79,"ASR audio gap (speech present, ASR omitted it)",0,0,let's go to mark for the last question,,4.89,2.71
20220727,scored_vs_asr,scored_only,scored words not in ASR,scored text,8,1.0,-1,"ASR audio gap (speech present, ASR omitted it)",0,0,evolves in unexpected ways inflation has obviously surprised,-,4.63,2.71
20220727,scored_vs_asr,scored_only,scored words not in ASR,scored text,26,1.0,-1,"ASR audio gap (speech present, ASR omitted it)",0,0,six weeks old i guess that's that's the most recent reading of ...,-,8.09,8.82
20220727,scored_vs_asr,scored_only,scored words not in ASR,scored text,8,1.0,-1,no ASR audio gap (possibly not spoken: edit),0,0,in this one this one i would say,that,0.0,2.71
20220727,scored_vs_asr,scored_only,scored words not in ASR,scored text,8,1.0,-1,"ASR audio gap (speech present, ASR omitted it)",0,0,an inflation sorry what a recession really is,-,2.89,2.71
20220921,transcript_vs_asr,transcript_only,transcript words not in ASR,reporter_or_moderator,9,1.0,13,"ASR audio gap (speech present, ASR omitted it)",0,0,just to follow up on one small thing are,is,2.76,3.12
20220921,transcript_vs_asr,transcript_only,transcript words not in ASR,chair,12,0.0,35,"ASR audio gap (speech present, ASR omitted it)",0,0,where people have very different levels of interest rates if you remember,,3.84,4.16
20220921,transcript_vs_asr,transcript_only,transcript words not in ASR,reporter_or_moderator,9,2.0,57,"ASR audio gap (speech present, ASR omitted it)",0,0,okay we'll go to jean for the last question,chair yellen,5.23,3.12
20220921,transcript_vs_asr,transcript_only,transcript words not in ASR,reporter_or_moderator,12,1.0,58,"ASR audio gap (speech present, ASR omitted it)",0,1,rates at 4.6 percent expected is that expected to be next year,-,5.8,4.16
20220921,transcript_vs_asr,transcript_only,transcript words not in ASR,chair,9,2.0,59,"ASR audio gap (speech present, ASR omitted it)",0,0,plausible path for the federal funds rate the path,-you know,2.39,3.12
20220921,scored_vs_asr,scored_only,scored words not in ASR,scored text,12,0.0,-1,"ASR audio gap (speech present, ASR omitted it)",0,0,where people have very different levels of interest rates if you remember,,3.84,4.16
20220921,scored_vs_asr,scored_only,scored words not in ASR,scored text,9,2.0,-1,"ASR audio gap (speech present, ASR omitted it)",0,0,plausible path for the federal funds rate the path,-you know,2.39,3.12
20221102,transcript_vs_asr,transcript_only,transcript words not in ASR,chair,37,1.0,34,"ASR audio gap (speech present, ASR omitted it)",0,5,a really good indicator of what's going on for us the way ...,-,11.75,12.55
20221102,transcript_vs_asr,transcript_only,transcript words not in ASR,reporter_or_moderator,18,0.0,35,"ASR audio gap (speech present, ASR omitted it)",0,0,if i could just follow up up on that thank you the ...,,8.75,6.1
20221102,transcript_vs_asr,speech_only,ASR words not in transcript,chair,0,9.0,54,"not in transcript (disfluency edited out, or ASR insertion)",0,0,,but and you know people are -and you know,,
20221102,transcript_vs_asr,transcript_only,transcript words not in ASR,reporter_or_moderator,9,0.0,57,"ASR audio gap (speech present, ASR omitted it)",0,0,thanks we'll go to nancy for the last question,,4.96,3.05
20221102,scored_vs_asr,scored_only,scored words not in ASR,scored text,37,1.0,-1,"ASR audio gap (speech present, ASR omitted it)",0,5,a really good indicator of what's going on for us the way ...,-,11.75,12.55
20221214,transcript_vs_asr,transcript_only,transcript words not in ASR,chair,8,0.0,0,"ASR audio gap (speech present, ASR omitted it)",0,0,and we are strongly committed to returning inflation,,3.18,2.81
20221214,transcript_vs_asr,transcript_only,transcript words not in ASR,chair,61,0.0,6,"ASR audio gap (speech present, ASR omitted it)",1,0,how fast we go it's far more important to think what is ...,,13.15,21.46
20221214,transcript_vs_asr,transcript_only,transcript words not in ASR,chair,9,0.0,6,"ASR audio gap (speech present, ASR omitted it)",0,0,so that we may have to raise rates higher,,2.33,3.17
20221214,transcript_vs_asr,transcript_only,transcript words not in ASR,chair,12,1.0,9,"ASR audio gap (speech present, ASR omitted it)",0,1,at a modest level which is to say that 1/2 percentage point,-,3.17,4.22
20221214,transcript_vs_asr,transcript_only,transcript words not in ASR,chair,18,0.0,12,"ASR audio gap (speech present, ASR omitted it)",0,0,and you know and get to that level we think and better ...,,6.07,6.33
20221214,transcript_vs_asr,transcript_only,transcript words not in ASR,reporter_or_moderator,31,2.0,13,"ASR audio gap (speech present, ASR omitted it)",0,0,with the cpi report if it did come out last week do ...,so it's,14.75,10.9
20221214,transcript_vs_asr,transcript_only,transcript words not in ASR,reporter_or_moderator,9,1.0,24,"ASR audio gap (speech present, ASR omitted it)",0,0,what inflation is going to look like next year,-,1.62,3.17
20221214,transcript_vs_asr,transcript_only,transcript words not in ASR,chair,45,1.0,25,"ASR audio gap (speech present, ASR omitted it)",0,1,the level that we're moving down to next year is still a ...,-,12.26,15.83
20221214,transcript_vs_asr,speech_only,ASR words not in transcript,chair,1,8.0,34,"not in transcript (disfluency edited out, or ASR insertion)",0,0,of,so it's very important to look at the,,
20221214,transcript_vs_asr,transcript_only,transcript words not in ASR,chair,9,0.0,42,"ASR audio gap (speech present, ASR omitted it)",0,1,in a prior episode you know 50 years ago,,3.37,3.17
20221214,transcript_vs_asr,transcript_only,transcript words not in ASR,reporter_or_moderator,16,0.0,49,no ASR audio gap (possibly not spoken: edit),0,0,in the short term are you factoring in these exacerbations or potential ...,,0.2,5.63
20221214,scored_vs_asr,scored_only,scored words not in ASR,scored text,8,0.0,-1,"ASR audio gap (speech present, ASR omitted it)",0,0,and we are strongly committed to returning inflation,,3.18,2.81
20221214,scored_vs_asr,scored_only,scored words not in ASR,scored text,61,0.0,-1,"ASR audio gap (speech present, ASR omitted it)",1,0,how fast we go it's far more important to think what is ...,,13.15,21.46
20221214,scored_vs_asr,scored_only,scored words not in ASR,scored text,9,0.0,-1,"ASR audio gap (speech present, ASR omitted it)",0,0,so that we may have to raise rates higher,,2.33,3.17
20221214,scored_vs_asr,scored_only,scored words not in ASR,scored text,12,1.0,-1,"ASR audio gap (speech present, ASR omitted it)",0,1,at a modest level which is to say that 1/2 percentage point,-,3.17,4.22
20221214,scored_vs_asr,scored_only,scored words not in ASR,scored text,18,0.0,-1,"ASR audio gap (speech present, ASR omitted it)",0,0,and you know and get to that level we think and better ...,,6.07,6.33
20221214,scored_vs_asr,scored_only,scored words not in ASR,scored text,45,1.0,-1,"ASR audio gap (speech present, ASR omitted it); overlaps editor brackets",0,1,the level that we're moving down to next year is still a ...,-,12.26,15.83
20221214,scored_vs_asr,scored_only,scored words not in ASR,scored text,9,0.0,-1,"ASR audio gap (speech present, ASR omitted it)",0,1,in a prior episode you know 50 years ago,,3.37,3.17
20230322,scored_vs_transcript,non-chair turn text inside scored text,scored words from a reporter or moderator turn,question,21,,84,speaker JENNIFER SCHONBERGER,2,0,curious how you view financial conditions now and if credit were to ...,,,
20230322,transcript_vs_asr,transcript_only,transcript words not in ASR,reporter_or_moderator,10,0.0,69,"ASR audio gap (speech present, ASR omitted it)",0,0,but i guess the question is historically it's hard to,,10.53,3.47
20230322,transcript_vs_asr,transcript_only,transcript words not in ASR,reporter_or_moderator,9,0.0,81,no ASR audio gap (possibly not spoken: edit),0,0,okay we'll go to jennifer for the last question,,0.22,3.12
20230503,transcript_vs_asr,transcript_only,transcript words not in ASR,reporter_or_moderator,11,0.0,12,no ASR audio gap (possibly not spoken: edit),0,0,mr chairman i'm sorry i don't mean to be argumentative but,,0.0,3.76
20230503,transcript_vs_asr,transcript_only,transcript words not in ASR,reporter_or_moderator,9,0.0,37,no ASR audio gap (possibly not spoken: edit),0,1,would be okay with a prolonged 3 percent you,,0.0,3.08
20230503,transcript_vs_asr,transcript_only,transcript words not in ASR,reporter_or_moderator,9,0.0,76,"ASR audio gap (speech present, ASR omitted it)",0,0,and we'll go to nancy for the last question,,5.21,3.08
20230614,transcript_vs_asr,transcript_only,transcript words not in ASR,chair,27,2.0,0,no ASR audio gap (possibly not spoken: edit),2,0,in light of how far we've come in tightening policy the uncertain ...,looking ahead,2.01,8.82
20230614,transcript_vs_asr,transcript_only,transcript words not in ASR,chair,10,1.0,0,no ASR audio gap (possibly not spoken: edit),0,0,decided to leave our policy interest rate unchanged and to,will,0.12,3.27
20230614,transcript_vs_asr,substituted,transcript words not in ASR,chair,14,13.0,0,"ASR audio gap (speech present, ASR omitted it)",0,0,reduce our securities holdings looking ahead nearly all committee participants view it ...,take a data -dependent approach in determining the extent of additional policy ...,5.36,4.58
20230614,transcript_vs_asr,substituted,ASR words not in transcript,chair,14,13.0,0,"not in transcript (disfluency edited out, or ASR insertion)",1,0,reduce our securities holdings looking ahead nearly all committee participants view it ...,take a data -dependent approach in determining the extent of additional policy ...,,
20230614,transcript_vs_asr,transcript_only,transcript words not in ASR,chair,14,1.0,0,found elsewhere in ASR (ASR segment order),0,1,this year to bring inflation down to 2 percent over time and ...,i'll,1.71,4.58
20230614,transcript_vs_asr,transcript_only,transcript words not in ASR,chair,8,0.0,0,"ASR audio gap (speech present, ASR omitted it)",0,0,the u.s economy slowed significantly last year and,,1.69,2.61
20230614,transcript_vs_asr,substituted,ASR words not in transcript,chair,4,8.0,0,"not in transcript (disfluency edited out, or ASR insertion)",0,0,has picked up this,appears to have slowed from earlier in the,,
20230614,transcript_vs_asr,transcript_only,transcript words not in ASR,chair,43,0.0,0,no ASR audio gap (possibly not spoken: edit),0,2,committee participants generally expect subdued growth to continue in our summary of ...,,1.6,14.05
20230614,transcript_vs_asr,speech_only,ASR words not in transcript,chair,0,14.0,0,"not in transcript (disfluency edited out, or ASR insertion)",0,0,,a pace below that seen earlier in the year but still a ...,,
20230614,transcript_vs_asr,transcript_only,transcript words not in ASR,chair,50,0.0,0,no ASR audio gap (possibly not spoken: edit),2,2,fomc participants expect supply and demand conditions in the labor market to ...,,1.72,16.34
20230614,transcript_vs_asr,transcript_only,transcript words not in ASR,chair,58,0.0,0,no ASR audio gap (possibly not spoken: edit),0,5,the median projection in the sep for total pce inflation is 3.2 ...,,2.09,18.95
20230614,transcript_vs_asr,substituted,transcript words not in ASR,chair,8,45.0,0,"ASR audio gap (speech present, ASR omitted it)",0,0,as i noted earlier since early last year,at today's meeting the committee raised the target range for the federal ...,18.77,2.61
20230614,transcript_vs_asr,substituted,ASR words not in transcript,chair,8,45.0,0,"not in transcript (disfluency edited out, or ASR insertion)",0,4,as i noted earlier since early last year,at today's meeting the committee raised the target range for the federal ...,,
20230614,transcript_vs_asr,transcript_only,transcript words not in ASR,chair,129,0.0,0,no ASR audio gap (possibly not spoken: edit),2,3,the extent of these effects remains uncertain in light of how far ...,,1.54,42.16
20230614,transcript_vs_asr,transcript_only,transcript words not in ASR,chair,135,0.0,0,no ASR audio gap (possibly not spoken: edit),0,6,in our sep participants wrote down their individual assessments of an appropriate ...,,0.68,44.12
20230614,transcript_vs_asr,speech_only,ASR words not in transcript,other_or_edge,1,2624.0,1,repetition loop (ASR artefact),34,13,colby,mr chairman thank you i think a couple times in your opening ...,,
20230614,transcript_vs_asr,substituted,ASR words not in transcript,other_or_edge,4,22.0,2,"not in transcript (disfluency edited out, or ASR insertion)",1,0,i'm curious what gives,if september is in fact a live meeting how does that square ...,,
20230614,transcript_vs_asr,transcript_only,transcript words not in ASR,reporter_or_moderator,22,1.0,2,no ASR audio gap (possibly not spoken: edit),0,0,confidence that waiting will not be counterproductive at a time when the ...,funds,0.38,7.19
20230614,transcript_vs_asr,transcript_only,transcript words not in ASR,chair,107,1.0,2,no ASR audio gap (possibly not spoken: edit),5,0,sensitive sectors like housing while they've felt the drag of the past ...,steady,0.4,34.97
20230614,transcript_vs_asr,transcript_only,transcript words not in ASR,chair,59,2.0,3,no ASR audio gap (possibly not spoken: edit),3,5,outset going back 15 months the key issue was how fast to ...,june meeting,0.86,19.28
20230614,transcript_vs_asr,transcript_only,transcript words not in ASR,chair,112,0.0,3,no ASR audio gap (possibly not spoken: edit),3,1,it seemed to us to make obvious sense to moderate our rate ...,,0.0,36.6
20230614,transcript_vs_asr,transcript_only,transcript words not in ASR,chair,47,0.0,3,no ASR audio gap (possibly not spoken: edit),0,0,stress one more thing and that is that the committee decision made ...,,0.0,15.36
20230614,transcript_vs_asr,substituted,ASR words not in transcript,chair,4,16.0,3,"not in transcript (disfluency edited out, or ASR insertion)",0,0,an approach or or,three meetings right it could be it just means if you you're ...,,
20230614,transcript_vs_asr,transcript_only,transcript words not in ASR,chair,9,1.0,3,no ASR audio gap (possibly not spoken: edit),0,0,any other approach we really were focused on what,was,0.34,2.94
20230614,transcript_vs_asr,transcript_only,transcript words not in ASR,chair,77,2.0,3,no ASR audio gap (possibly not spoken: edit),0,1,do at this meeting so there was no kind of initial debate ...,slow down,0.58,25.16
20230614,transcript_vs_asr,transcript_only,transcript words not in ASR,chair,226,2.0,5,no ASR audio gap (possibly not spoken: edit),3,1,hasn't been made 2 i do expect that it will be a ...,cycle as,0.66,73.85
20230614,transcript_vs_asr,transcript_only,transcript words not in ASR,chair,711,0.0,10,no ASR audio gap (possibly not spoken: edit),5,3,had thought at the last meeting so although the level frankly is ...,,0.0,232.35
20230614,transcript_vs_asr,substituted,transcript words not in ASR,chair,22,4.0,13,no ASR audio gap (possibly not spoken: edit),0,0,according to the sep we're not so far away from the destination ...,i i wouldn't want,1.28,7.19
20230614,transcript_vs_asr,substituted,transcript words not in ASR,chair,49,3.0,13,no ASR audio gap (possibly not spoken: edit),0,3,as it was reasonable to go from 75 basis points to 50 ...,don't think that's,0.58,16.01
20230614,transcript_vs_asr,substituted,transcript words not in ASR,chair,8,7.0,13,"ASR audio gap (speech present, ASR omitted it)",0,0,it allows the economy a little more time,it's not an environment where we want,1.56,2.61
20230614,transcript_vs_asr,transcript_only,transcript words not in ASR,chair,352,1.0,13,no ASR audio gap (possibly not spoken: edit),2,0,adapt as we as we make our decisions going forward and we'll ...,provide,0.26,115.03
20230614,transcript_vs_asr,substituted,transcript words not in ASR,reporter_or_moderator,8,5.0,17,"ASR audio gap (speech present, ASR omitted it)",0,0,more resilient and inflation is going to be,of forward guidance it's there's,1.54,2.61
20230614,transcript_vs_asr,substituted,transcript words not in ASR,reporter_or_moderator,20,7.0,17,no ASR audio gap (possibly not spoken: edit),0,0,more stubborn and given that you know why do you feel confident ...,of uncertainty out there we just want,1.22,6.54
20230614,transcript_vs_asr,transcript_only,transcript words not in ASR,chair,99,1.0,17,no ASR audio gap (possibly not spoken: edit),0,1,have to revise the federal funds rate or do you think it's ...,keep,0.16,32.35
20230614,transcript_vs_asr,transcript_only,transcript words not in ASR,chair,44,0.0,18,no ASR audio gap (possibly not spoken: edit),0,0,up it's it's supporting spending which in turn is supporting hiring and ...,,0.0,14.38
20230614,transcript_vs_asr,substituted,ASR words not in transcript,chair,6,9.0,18,"not in transcript (disfluency edited out, or ASR insertion)",0,0,appropriate terminal rate will be at,right pace and i do think it makes all,,
20230614,transcript_vs_asr,transcript_only,transcript words not in ASR,chair,85,1.0,18,no ASR audio gap (possibly not spoken: edit),0,0,end of this year that's that's how we do it it's based ...,sense,0.2,27.78
20230614,transcript_vs_asr,transcript_only,transcript words not in ASR,chair,65,1.0,18,no ASR audio gap (possibly not spoken: edit),0,0,same place but it really will be data driven i can't i ...,world,0.76,21.24
20230614,transcript_vs_asr,transcript_only,transcript words not in ASR,reporter_or_moderator,80,2.0,20,no ASR audio gap (possibly not spoken: edit),3,2,being into balance is that still the case or has your mind ...,slow down,0.68,26.14
20230614,transcript_vs_asr,transcript_only,transcript words not in ASR,chair,12,0.0,21,no ASR audio gap (possibly not spoken: edit),0,0,move from very you know from interest rates that are effectively zero,,0.0,3.92
20230614,transcript_vs_asr,substituted,transcript words not in ASR,chair,27,7.0,21,no ASR audio gap (possibly not spoken: edit),2,1,to 5 percentage points with with an sep calling for additional hikes ...,make these finely uh judged uh decisions,3.62,8.82
20230614,transcript_vs_asr,transcript_only,transcript words not in ASR,chair,50,0.0,21,no ASR audio gap (possibly not spoken: edit),0,0,i think that means by almost by definition that the that the ...,,0.0,16.34
20230614,transcript_vs_asr,transcript_only,transcript words not in ASR,chair,103,0.0,21,no ASR audio gap (possibly not spoken: edit),0,0,we don't we don't think we're there with inflation yet because we're ...,,0.0,33.66
20230614,transcript_vs_asr,transcript_only,transcript words not in ASR,chair,11,1.0,21,no ASR audio gap (possibly not spoken: edit),0,0,want to see of course that's what we want to see,did,0.22,3.59
20230614,transcript_vs_asr,speech_only,ASR words not in transcript,chair,1,8.0,21,"not in transcript (disfluency edited out, or ASR insertion)",0,0,understand,would move at consecutive means we're not taking,,
20230614,transcript_vs_asr,speech_only,ASR words not in transcript,chair,0,115.0,21,"not in transcript (disfluency edited out, or ASR insertion)",1,0,,off the table or we might not it's really going to depend ...,,
20230614,transcript_vs_asr,speech_only,ASR words not in transcript,chair,0,32.0,21,"not in transcript (disfluency edited out, or ASR insertion)",0,0,,those who feel they say it's happened very fast this time and ...,,
20230614,transcript_vs_asr,substituted,transcript words not in ASR,chair,10,3.0,21,no ASR audio gap (possibly not spoken: edit),0,0,but remember that it's it's more than a year since,between changes in,0.94,3.27
20230614,transcript_vs_asr,speech_only,ASR words not in transcript,chair,2,474.0,21,repetition loop (ASR artefact),3,2,began tightening,and the response to those changes from economic activity and inflation right ...,,
20230614,transcript_vs_asr,speech_only,ASR words not in transcript,chair,0,18.0,21,"not in transcript (disfluency edited out, or ASR insertion)",0,0,,really hard to tease out whether how much of that is from ...,,
20230614,transcript_vs_asr,substituted,transcript words not in ASR,chair,53,6.0,21,no ASR audio gap (possibly not spoken: edit),0,0,later into the year and i think it's it's reasonable to think ...,that's what this sluice will say,3.21,17.32
20230614,transcript_vs_asr,speech_only,ASR words not in transcript,other_or_edge,0,938.0,23,repetition loop (ASR artefact),10,1,,could you break down the reasons why inflation has fallen and what ...,,
20230614,transcript_vs_asr,substituted,transcript words not in ASR,reporter_or_moderator,19,3.0,23,no ASR audio gap (possibly not spoken: edit),1,0,lag effects when you're considering when you would hike again throughout the ...,sep which suggests,1.66,6.21
20230614,transcript_vs_asr,speech_only,ASR words not in transcript,other_or_edge,1,8.0,23,"not in transcript (disfluency edited out, or ASR insertion)",1,0,expect,cut rates as overall and core pce get,,
20230614,transcript_vs_asr,speech_only,ASR words not in transcript,other_or_edge,1,127.0,23,"not in transcript (disfluency edited out, or ASR insertion)",4,2,kick,around or under 3 percent and so i'm wondering is the level ...,,
20230614,transcript_vs_asr,substituted,transcript words not in ASR,reporter_or_moderator,8,14.0,23,"ASR audio gap (speech present, ASR omitted it)",0,0,as those lag effects come come into effect,the next meeting cycle let alone the next year let alone the ...,3.34,2.61
20230614,transcript_vs_asr,substituted,ASR words not in transcript,other_or_edge,8,14.0,23,"not in transcript (disfluency edited out, or ASR insertion)",0,0,as those lag effects come come into effect,the next meeting cycle let alone the next year let alone the ...,,
20230614,transcript_vs_asr,transcript_only,transcript words not in ASR,reporter_or_moderator,30,0.0,23,no ASR audio gap (possibly not spoken: edit),0,0,would inform your decisions have you learned things over the past year ...,,0.0,9.8
20230614,transcript_vs_asr,substituted,transcript words not in ASR,chair,9,12.0,24,"ASR audio gap (speech present, ASR omitted it)",0,0,a it's a challenging thing in in economics it's,hard to say exactly what happens there what's motivating people so if,5.33,2.94
20230614,transcript_vs_asr,substituted,ASR words not in transcript,chair,9,12.0,24,"not in transcript (disfluency edited out, or ASR insertion)",0,0,a it's a challenging thing in in economics it's,hard to say exactly what happens there what's motivating people so if,,
20230614,transcript_vs_asr,speech_only,ASR words not in transcript,chair,2,18.0,24,"not in transcript (disfluency edited out, or ASR insertion)",1,0,standard thinking,sort of stubbornly and maybe the high twos you wouldn't necessarily cut ...,,
20230614,transcript_vs_asr,substituted,ASR words not in transcript,chair,7,25.0,24,"not in transcript (disfluency edited out, or ASR insertion)",2,0,monetary policy affects economic activity with long,at all i'm not giving you any numerical guidance around that i'm ...,,
20230614,transcript_vs_asr,speech_only,ASR words not in transcript,chair,2,73.0,24,"not in transcript (disfluency edited out, or ASR insertion)",1,0,variable lags,that won't be this year i don't think it would be you ...,,
20230614,transcript_vs_asr,substituted,ASR words not in transcript,chair,6,11.0,24,"not in transcript (disfluency edited out, or ASR insertion)",0,0,course these days financial conditions begin,wall street has become more confident that the fed is going,,
20230614,transcript_vs_asr,substituted,ASR words not in transcript,chair,4,27.0,24,"not in transcript (disfluency edited out, or ASR insertion)",0,0,tighten well in advance,be able to engineer a soft landing and they've reduced their forecasts ...,,
20230614,transcript_vs_asr,speech_only,ASR words not in transcript,chair,1,12.0,24,"not in transcript (disfluency edited out, or ASR insertion)",0,0,if,personally have changed your view in terms of becoming more confident that,,
20230614,transcript_vs_asr,speech_only,ASR words not in transcript,chair,0,73.0,24,"not in transcript (disfluency edited out, or ASR insertion)",1,0,,can achieve a soft landing so um it's it has been my ...,,
20230614,transcript_vs_asr,speech_only,ASR words not in transcript,chair,2,40.0,24,"not in transcript (disfluency edited out, or ASR insertion)",0,0,back when,like ours that's been my view that that is that's uh that's ...,,
20230614,transcript_vs_asr,substituted,transcript words not in ASR,chair,10,11.0,24,"ASR audio gap (speech present, ASR omitted it)",0,0,were lifting off we started talking about lifting off by,have a lot left to go to see that happen so,3.14,3.27
20230614,transcript_vs_asr,substituted,ASR words not in transcript,chair,10,11.0,24,"not in transcript (disfluency edited out, or ASR insertion)",0,0,were lifting off we started talking about lifting off by,have a lot left to go to see that happen so,,
20230614,transcript_vs_asr,substituted,ASR words not in transcript,chair,5,13.0,24,"not in transcript (disfluency edited out, or ASR insertion)",0,0,time we had lifted off,staff now has a noticeable slowdown in growth starting later this year ...,,
20230614,transcript_vs_asr,substituted,ASR words not in transcript,chair,4,28.0,24,"not in transcript (disfluency edited out, or ASR insertion)",0,0,two year interest rate,forecast but given the resilience of the economy recently they are no ...,,
20230614,transcript_vs_asr,speech_only,ASR words not in transcript,chair,0,24.0,24,"not in transcript (disfluency edited out, or ASR insertion)",0,0,,independent of the forecast that we as fomc participants produce having an ...,,
20230614,transcript_vs_asr,speech_only,ASR words not in transcript,chair,1,81.0,24,"not in transcript (disfluency edited out, or ASR insertion)",0,0,pretty,strength of our process there's just a lot of i think constructive ...,,
20230614,transcript_vs_asr,speech_only,ASR words not in transcript,chair,1,12.0,24,"not in transcript (disfluency edited out, or ASR insertion)",0,0,estimate,way to think about it we've we've seen so far the beginnings,,
20230614,transcript_vs_asr,substituted,transcript words not in ASR,chair,11,29.0,24,"ASR audio gap (speech present, ASR omitted it)",0,1,where monetary policy is going had gone from 20 basis points,disinflation without any real costs in the labor market and that's that's ...,11.08,3.59
20230614,transcript_vs_asr,substituted,ASR words not in transcript,chair,11,29.0,24,"not in transcript (disfluency edited out, or ASR insertion)",1,0,where monetary policy is going had gone from 20 basis points,disinflation without any real costs in the labor market and that's that's ...,,
20230614,transcript_vs_asr,speech_only,ASR words not in transcript,chair,0,37.0,24,"not in transcript (disfluency edited out, or ASR insertion)",0,0,,labor market conditions and consistent with having a soft landing you would ...,,
20230614,transcript_vs_asr,substituted,transcript words not in ASR,chair,19,10.0,24,"ASR audio gap (speech present, ASR omitted it)",1,0,sense tightening happens much sooner than it used to in a world ...,we haven't really seen that we've seen softening through other,3.54,6.21
20230614,transcript_vs_asr,substituted,ASR words not in transcript,chair,19,10.0,24,"not in transcript (disfluency edited out, or ASR insertion)",0,0,sense tightening happens much sooner than it used to in a world ...,we haven't really seen that we've seen softening through other,,
20230614,transcript_vs_asr,speech_only,ASR words not in transcript,chair,0,10.0,24,"not in transcript (disfluency edited out, or ASR insertion)",2,0,,through unemployment not through higher unemployment we've seen softening through,,
20230614,transcript_vs_asr,substituted,ASR words not in transcript,chair,3,19.0,24,"not in transcript (disfluency edited out, or ASR insertion)",0,0,not on on,job openings coming down we've seen participation people coming in and so ...,,
20230614,transcript_vs_asr,speech_only,ASR words not in transcript,chair,1,16.0,24,"not in transcript (disfluency edited out, or ASR insertion)",0,0,wire,temperature in the labor market which was quite overheated you know going ...,,
20230614,transcript_vs_asr,speech_only,ASR words not in transcript,chair,0,8.0,24,"not in transcript (disfluency edited out, or ASR insertion)",0,0,,so we're seeing that kind of cooling and,,
20230614,transcript_vs_asr,substituted,ASR words not in transcript,chair,5,24.0,24,"not in transcript (disfluency edited out, or ASR insertion)",0,0,that's different but it's still,very healthy and you know we hope it continues thank you mr ...,,
20230614,transcript_vs_asr,speech_only,ASR words not in transcript,chair,1,14.0,24,"not in transcript (disfluency edited out, or ASR insertion)",1,1,what,you don't need to keep hiking until inflation hits 2 percent as ...,,
20230614,transcript_vs_asr,transcript_only,transcript words not in ASR,chair,9,2.0,24,no ASR audio gap (possibly not spoken: edit),0,0,is interest sensitive spending is affected very very quickly,continued progress,0.9,2.94
20230614,transcript_vs_asr,speech_only,ASR words not in transcript,chair,1,33.0,24,"not in transcript (disfluency edited out, or ASR insertion)",0,0,housing,i'm wondering how close do you need to get with the inflation ...,,
20230614,transcript_vs_asr,transcript_only,transcript words not in ASR,chair,55,1.0,24,no ASR audio gap (possibly not spoken: edit),0,0,durable goods and things like that but broader demand and spending and ...,um,0.18,17.97
20230614,transcript_vs_asr,substituted,transcript words not in ASR,chair,118,7.0,24,no ASR audio gap (possibly not spoken: edit),0,0,then that makes it challenging of course so we're we're looking at ...,how how how far does this fight,2.28,38.56
20230614,transcript_vs_asr,substituted,transcript words not in ASR,reporter_or_moderator,10,8.0,25,"ASR audio gap (speech present, ASR omitted it)",0,0,i was curious if you could give us an update,before you're willing to kind of declare victory,2.18,3.27
20230614,transcript_vs_asr,substituted,ASR words not in transcript,other_or_edge,10,8.0,25,"not in transcript (disfluency edited out, or ASR insertion)",0,0,i was curious if you could give us an update,before you're willing to kind of declare victory,,
20230614,transcript_vs_asr,transcript_only,transcript words not in ASR,reporter_or_moderator,8,1.0,25,no ASR audio gap (possibly not spoken: edit),0,0,bank incidents for march and how you're teasing,idea,0.24,2.61
20230614,transcript_vs_asr,transcript_only,transcript words not in ASR,chair,47,0.0,25,no ASR audio gap (possibly not spoken: edit),0,0,out apart from these lag effects so it's it's too early still ...,,0.0,15.36
20230614,transcript_vs_asr,substituted,ASR words not in transcript,chair,6,10.0,26,"not in transcript (disfluency edited out, or ASR insertion)",2,0,view as significant tightening beyond what,keep hiking hiking until inflation gets to two percent it,,
20230614,transcript_vs_asr,substituted,transcript words not in ASR,chair,9,5.0,26,"ASR audio gap (speech present, ASR omitted it)",0,0,of this channel then you know we would factor,going way past the target,1.6,2.94
20230614,transcript_vs_asr,transcript_only,transcript words not in ASR,chair,10,0.0,26,no ASR audio gap (possibly not spoken: edit),0,0,into account on on in in making rate decisions so,,0.0,3.27
20230614,transcript_vs_asr,transcript_only,transcript words not in ASR,reporter_or_moderator,18,1.0,27,no ASR audio gap (possibly not spoken: edit),0,0,let's go to chris thanks chris rugaber at associated press you mentioned ...,so,0.86,5.88
20230614,transcript_vs_asr,transcript_only,transcript words not in ASR,reporter_or_moderator,161,1.0,28,no ASR audio gap (possibly not spoken: edit),1,0,place that you want to see core services ex housing has come ...,effect,0.16,52.61
20230614,transcript_vs_asr,speech_only,ASR words not in transcript,chair,0,32.0,29,"not in transcript (disfluency edited out, or ASR insertion)",1,0,,median participant -and again these are forecasting out years so take them ...,,
20230614,transcript_vs_asr,speech_only,ASR words not in transcript,chair,2,8.0,29,"not in transcript (disfluency edited out, or ASR insertion)",1,0,core pce,a restrictive level now so if we see,,
20230614,transcript_vs_asr,speech_only,ASR words not in transcript,chair,2,10.0,29,"not in transcript (disfluency edited out, or ASR insertion)",0,0,overall look,coming down credibly sustainably then we don't need to be,,
20230614,transcript_vs_asr,transcript_only,transcript words not in ASR,chair,10,0.0,29,no ASR audio gap (possibly not spoken: edit),0,0,it over the last six months you're just not seeing,,0.0,3.27
20230614,transcript_vs_asr,substituted,ASR words not in transcript,chair,5,25.0,29,"not in transcript (disfluency edited out, or ASR insertion)",1,0,lot of progress it's running,restrictive level anymore we can you know we can move back to ...,,
20230614,transcript_vs_asr,substituted,transcript words not in ASR,chair,16,4.0,29,no ASR audio gap (possibly not spoken: edit),0,2,running at a level you know over 4 1/2 percent far above ...,hard to make -i'm,1.34,5.23
20230614,transcript_vs_asr,transcript_only,transcript words not in ASR,chair,21,0.0,29,no ASR audio gap (possibly not spoken: edit),0,0,really you know moving down we want to see it moving down ...,,0.0,6.86
20230614,transcript_vs_asr,substituted,ASR words not in transcript,chair,3,32.0,29,"not in transcript (disfluency edited out, or ASR insertion)",0,0,get inflation down,try to make a numerical assessment of when and where that would ...,,
20230614,transcript_vs_asr,transcript_only,transcript words not in ASR,chair,30,0.0,29,no ASR audio gap (possibly not spoken: edit),0,0,over time we we don't want to do we we want to ...,,0.0,9.8
20230614,transcript_vs_asr,transcript_only,transcript words not in ASR,chair,11,2.0,29,no ASR audio gap (possibly not spoken: edit),0,0,that yet so hence you see today's policy decision both both,ourselves getting,0.54,3.59
20230614,transcript_vs_asr,substituted,transcript words not in ASR,chair,14,4.0,29,no ASR audio gap (possibly not spoken: edit),1,0,write down further rate hikes by the end of this year but ...,2 percent inflation until,1.54,4.58
20230614,transcript_vs_asr,substituted,ASR words not in transcript,chair,5,50.0,29,"not in transcript (disfluency edited out, or ASR insertion)",0,2,take to to moderate somewhat,2 until 2025 or so so -yeah thank you chair powell jennifer ...,,
20230614,transcript_vs_asr,substituted,transcript words not in ASR,reporter_or_moderator,10,16.0,29,"ASR audio gap (speech present, ASR omitted it)",0,0,pace with which we're moving quick follow up i mean,full impact has not been felt or are you comfortable saying that ...,5.56,3.27
20230614,transcript_vs_asr,substituted,ASR words not in transcript,other_or_edge,10,16.0,29,"not in transcript (disfluency edited out, or ASR insertion)",0,0,pace with which we're moving quick follow up i mean,full impact has not been felt or are you comfortable saying that ...,,
20230614,transcript_vs_asr,substituted,transcript words not in ASR,reporter_or_moderator,61,6.0,30,no ASR audio gap (possibly not spoken: edit),0,0,last press conference you mentioned you didn't see wages driving inflation and ...,ripple effects that may have occurred,1.56,19.93
20230614,transcript_vs_asr,substituted,ASR words not in transcript,other_or_edge,3,10.0,30,"not in transcript (disfluency edited out, or ASR insertion)",0,0,thank you right,and how does this play into your outlook for policy,,
20230614,transcript_vs_asr,speech_only,ASR words not in transcript,chair,0,118.0,31,"not in transcript (disfluency edited out, or ASR insertion)",0,0,,will say things have settled down for sure out there deposit flows ...,,
20230614,transcript_vs_asr,speech_only,ASR words not in transcript,chair,2,45.0,31,"not in transcript (disfluency edited out, or ASR insertion)",2,0,would say,mentioned it's very hard to sort of tease out the effects on ...,,
20230614,transcript_vs_asr,speech_only,ASR words not in transcript,chair,1,15.0,31,"not in transcript (disfluency edited out, or ASR insertion)",1,0,the,banking conditions are tightening that process is ongoing and that will restrain ...,,
20230614,transcript_vs_asr,speech_only,ASR words not in transcript,chair,0,26.0,31,"not in transcript (disfluency edited out, or ASR insertion)",0,0,,i think we have to take a step back from i can't ...,,
20230614,transcript_vs_asr,speech_only,ASR words not in transcript,chair,0,30.0,31,"not in transcript (disfluency edited out, or ASR insertion)",1,0,,which is one of tightening credit conditions and that's going to restrain ...,,
20230614,transcript_vs_asr,speech_only,ASR words not in transcript,chair,1,33.0,31,"not in transcript (disfluency edited out, or ASR insertion)",2,0,at,informing your outlook for setting policy so i think that is an ...,,
20230614,transcript_vs_asr,substituted,transcript words not in ASR,chair,46,7.0,31,no ASR audio gap (possibly not spoken: edit),0,1,beginning in you know early 2021 inflation was really becoming from very ...,question is is it more effective this,2.4,15.03
20230614,transcript_vs_asr,speech_only,ASR words not in transcript,chair,0,10.0,31,"not in transcript (disfluency edited out, or ASR insertion)",0,0,,what happened in may i just don't think we know,,
20230614,transcript_vs_asr,transcript_only,transcript words not in ASR,chair,52,0.0,31,no ASR audio gap (possibly not spoken: edit),0,3,high demand to some extent supply chains got all snarled up so ...,,0.0,16.99
20230614,transcript_vs_asr,transcript_only,transcript words not in ASR,reporter_or_moderator,208,0.0,31,no ASR audio gap (possibly not spoken: edit),0,1,many many analysts believe that it will be important an important part ...,,0.0,67.97
20230614,transcript_vs_asr,substituted,ASR words not in transcript,other_or_edge,5,28.0,33,"not in transcript (disfluency edited out, or ASR insertion)",0,0,same sort of labor market,current data and we're seeing strong spending we're seeing a strong economy ...,,
20230614,transcript_vs_asr,substituted,transcript words not in ASR,reporter_or_moderator,23,12.0,33,"ASR audio gap (speech present, ASR omitted it)",0,0,same sort of inflation levels in july or in september or november ...,third time since the march events and it seems like the economy,5.76,7.52
20230614,transcript_vs_asr,substituted,ASR words not in transcript,other_or_edge,23,12.0,33,"not in transcript (disfluency edited out, or ASR insertion)",0,0,same sort of inflation levels in july or in september or november ...,third time since the march events and it seems like the economy,,
20230614,transcript_vs_asr,substituted,transcript words not in ASR,chair,37,4.0,33,no ASR audio gap (possibly not spoken: edit),0,0,it time that's going to require additional movement or would it be ...,weathering this well but,2.48,12.09
20230614,transcript_vs_asr,substituted,transcript words not in ASR,chair,29,3.0,34,no ASR audio gap (possibly not spoken: edit),0,0,not we don't go out of our way to surprise markets or ...,watching it carefully,0.88,9.48
20230614,transcript_vs_asr,transcript_only,transcript words not in ASR,chair,62,1.0,34,no ASR audio gap (possibly not spoken: edit),0,0,that's that's what we're doing here and that's what we'll do for ...,expect,2.16,20.26
20230614,transcript_vs_asr,transcript_only,transcript words not in ASR,reporter_or_moderator,18,0.0,35,no ASR audio gap (possibly not spoken: edit),0,0,coming down based on the lags and based on your threat of ...,,0.0,5.88
20230614,transcript_vs_asr,transcript_only,transcript words not in ASR,chair,808,0.0,35,no ASR audio gap (possibly not spoken: edit),0,6,be in a period where we're not going to know what's happening ...,,0.0,264.05
20230614,transcript_vs_asr,substituted,transcript words not in ASR,chair,236,3.0,46,no ASR audio gap (possibly not spoken: edit),0,4,well i don't know that housing is is itself going to be ...,hi chair powell,5.75,77.12
20230614,transcript_vs_asr,substituted,transcript words not in ASR,reporter_or_moderator,62,9.0,53,no ASR audio gap (possibly not spoken: edit),1,0,chair powell so looking at the sep it looks like gdp for ...,megan casella with behrens i wondered on wages if,2.94,20.26
20230614,transcript_vs_asr,substituted,ASR words not in transcript,other_or_edge,62,9.0,53,"not in transcript (disfluency edited out, or ASR insertion)",0,0,chair powell so looking at the sep it looks like gdp for ...,megan casella with behrens i wondered on wages if,,
20230614,transcript_vs_asr,speech_only,ASR words not in transcript,other_or_edge,1,19.0,53,"not in transcript (disfluency edited out, or ASR insertion)",1,0,expecting,at all concerned about any inflationary impact of wages now outpacing inflation ...,,
20230614,transcript_vs_asr,transcript_only,transcript words not in ASR,chair,16,2.0,53,no ASR audio gap (possibly not spoken: edit),0,0,in march you know i i would just say it this way ...,consumer sentiment,0.74,5.23
20230614,transcript_vs_asr,transcript_only,transcript words not in ASR,chair,21,0.0,54,no ASR audio gap (possibly not spoken: edit),0,1,this really hasn't changed that there is a path to getting inflation ...,,0.0,6.86
20230614,transcript_vs_asr,transcript_only,transcript words not in ASR,chair,8,2.0,54,no ASR audio gap (possibly not spoken: edit),0,0,sharp downturn and and large losses of employment,the consumer,0.52,2.61
20230614,transcript_vs_asr,substituted,ASR words not in transcript,chair,7,10.0,54,"not in transcript (disfluency edited out, or ASR insertion)",0,0,so many past instances it's it's possible,excess of inflation means real wages are positive again that's,,
20230614,transcript_vs_asr,substituted,transcript words not in ASR,chair,27,5.0,54,no ASR audio gap (possibly not spoken: edit),0,0,in a way a strong labor market is that that gradually cools ...,great thing of course we,1.55,8.82
20230614,transcript_vs_asr,transcript_only,transcript words not in ASR,chair,80,0.0,54,no ASR audio gap (possibly not spoken: edit),0,2,to come back to the the main thing which is though simply ...,,0.0,26.14
20230614,transcript_vs_asr,substituted,transcript words not in ASR,chair,11,3.0,54,no ASR audio gap (possibly not spoken: edit),0,0,happen for the benefit of today's workers and families and businesses,have real wages,0.68,3.59
20230614,transcript_vs_asr,substituted,transcript words not in ASR,chair,80,3.0,54,no ASR audio gap (possibly not spoken: edit),0,0,also for the future getting price stability back and and restored will ...,we want wages,0.76,26.14
20230614,transcript_vs_asr,transcript_only,transcript words not in ASR,chair,86,0.0,55,no ASR audio gap (possibly not spoken: edit),0,0,elevated next year but the fed funds rate is lower than where ...,,0.0,28.1
20230614,transcript_vs_asr,transcript_only,transcript words not in ASR,chair,758,0.0,56,no ASR audio gap (possibly not spoken: edit),7,3,right so just to maintain a real rate the nominal rate at ...,,0.0,247.71
20230614,transcript_vs_asr,transcript_only,transcript words not in ASR,chair,13,2.0,64,no ASR audio gap (possibly not spoken: edit),0,0,i think we've seen some progress all all of the major measures ...,mentioned nominal,0.7,4.25
20230614,transcript_vs_asr,transcript_only,transcript words not in ASR,chair,23,0.0,64,no ASR audio gap (possibly not spoken: edit),0,0,from extremely elevated not extremely elevated highly elevated levels a year or ...,,0.0,7.52
20230614,transcript_vs_asr,transcript_only,transcript words not in ASR,chair,9,2.0,64,no ASR audio gap (possibly not spoken: edit),0,0,that that process continue gradually of course it's great,we expect,0.52,2.94
20230614,transcript_vs_asr,substituted,ASR words not in transcript,chair,5,201.0,64,"not in transcript (disfluency edited out, or ASR insertion)",1,0,wage increases particularly for people,more of that that's just more of what's consistent over a longer ...,,
20230614,transcript_vs_asr,speech_only,ASR words not in transcript,chair,1,11.0,64,"not in transcript (disfluency edited out, or ASR insertion)",0,0,but,is to get inflation sustainably under control and restore price stability,,
20230614,transcript_vs_asr,speech_only,ASR words not in transcript,chair,2,104.0,64,"not in transcript (disfluency edited out, or ASR insertion)",0,0,as part,is the most important thing we can do now and we're determined ...,,
20230614,transcript_vs_asr,substituted,ASR words not in transcript,chair,6,11.0,64,"not in transcript (disfluency edited out, or ASR insertion)",0,0,process of getting inflation back down,income spectrum have a harder time doing that so we need,,
20230614,transcript_vs_asr,substituted,ASR words not in transcript,chair,5,42.0,64,"not in transcript (disfluency edited out, or ASR insertion)",0,0,2 percent which benefits everyone,we need to get this done and you know the record is ...,,
20230614,transcript_vs_asr,substituted,transcript words not in ASR,chair,26,5.0,64,"ASR audio gap (speech present, ASR omitted it)",0,0,mean inflation hurts those same people more than anyone else people on ...,would explain what we're doing,4.62,8.5
20230614,transcript_vs_asr,substituted,transcript words not in ASR,reporter_or_moderator,8,3.0,66,no ASR audio gap (possibly not spoken: edit),0,0,greg robb from marketwatch i just wondered if,simon urbinovich with,1.08,2.61
20230614,transcript_vs_asr,substituted,transcript words not in ASR,reporter_or_moderator,43,12.0,66,no ASR audio gap (possibly not spoken: edit),0,0,committee has talked at all about the labor market and and there ...,economist you had said last month that this meeting this week was,4.32,14.05
20230614,transcript_vs_asr,substituted,ASR words not in transcript,other_or_edge,43,12.0,66,"not in transcript (disfluency edited out, or ASR insertion)",0,0,committee has talked at all about the labor market and and there ...,economist you had said last month that this meeting this week was,,
20230614,transcript_vs_asr,substituted,ASR words not in transcript,other_or_edge,3,201.0,66,"not in transcript (disfluency edited out, or ASR insertion)",0,1,seeking higher wages,a live one in the event the market had assigned a roughly ...,,
20230614,transcript_vs_asr,speech_only,ASR words not in transcript,other_or_edge,0,10.0,66,"not in transcript (disfluency edited out, or ASR insertion)",0,0,,mean for the fed in being sure that inflation will,,
20230614,transcript_vs_asr,transcript_only,transcript words not in ASR,chair,27,1.0,66,no ASR audio gap (possibly not spoken: edit),0,0,up in your discussions thanks so the topic of wages in the ...,down,0.18,8.82
20230614,transcript_vs_asr,transcript_only,transcript words not in ASR,chair,28,1.0,67,no ASR audio gap (possibly not spoken: edit),0,0,our discussions as as anything i mean it's it's very labor economics ...,target,1.23,9.15
20230614,transcript_vs_asr,substituted,ASR words not in transcript,chair,6,42.0,67,"not in transcript (disfluency edited out, or ASR insertion)",0,0,time talking about that i think,course financial conditions broad financial conditions you're right it's the dollar and ...,,
20230614,transcript_vs_asr,transcript_only,transcript words not in ASR,chair,69,2.0,67,no ASR audio gap (possibly not spoken: edit),0,0,there there are structural issues that are really not for the fed ...,will do,0.34,22.55
20230614,transcript_vs_asr,speech_only,ASR words not in transcript,chair,0,16.0,67,"not in transcript (disfluency edited out, or ASR insertion)",0,0,,and in principle that that could mean that if in financial conditions ...,,
20230614,transcript_vs_asr,speech_only,ASR words not in transcript,chair,2,110.0,67,"not in transcript (disfluency edited out, or ASR insertion)",5,0,2 percent,do more but what what tends to happen though is financial conditions ...,,
20230614,transcript_vs_asr,substituted,transcript words not in ASR,chair,47,3.0,67,no ASR audio gap (possibly not spoken: edit),0,0,aggregate and as i said don't think that was about i didn't ...,case of um,0.82,15.36
20230614,transcript_vs_asr,speech_only,ASR words not in transcript,chair,1,19.0,67,"not in transcript (disfluency edited out, or ASR insertion)",0,0,economy,balance sheet would be to reduce qt so um to or to ...,,
20230614,transcript_vs_asr,speech_only,ASR words not in transcript,chair,0,143.0,67,"not in transcript (disfluency edited out, or ASR insertion)",0,0,,you are in the cycle so they're two independent things and you ...,,
20230614,transcript_vs_asr,speech_only,ASR words not in transcript,chair,2,16.0,67,"not in transcript (disfluency edited out, or ASR insertion)",0,0,have seen,are strongly encouraging them to do that banks broadly we did find ...,,
20230614,transcript_vs_asr,substituted,ASR words not in transcript,other_or_edge,4,24.0,67,"not in transcript (disfluency edited out, or ASR insertion)",0,0,least progress let's go,events of march that you know that it's a little clunkier it ...,,
20230614,transcript_vs_asr,speech_only,ASR words not in transcript,other_or_edge,2,24.0,68,"not in transcript (disfluency edited out, or ASR insertion)",0,0,mark for,be sometimes why not be in a situation where where you're just ...,,
20230614,transcript_vs_asr,transcript_only,transcript words not in ASR,reporter_or_moderator,9,1.0,69,no ASR audio gap (possibly not spoken: edit),0,0,systemic risk now that we're about three months past,getting,0.22,2.94
20230614,transcript_vs_asr,substituted,ASR words not in transcript,other_or_edge,5,8.0,69,"not in transcript (disfluency edited out, or ASR insertion)",0,0,failure of silicon valley bank,housing market back into better balance excuse me,,
20230614,transcript_vs_asr,speech_only,ASR words not in transcript,other_or_edge,2,41.0,69,"not in transcript (disfluency edited out, or ASR insertion)",0,0,specifically what,that the market might have bottomed where do you see that situation ...,,
20230614,transcript_vs_asr,substituted,transcript words not in ASR,reporter_or_moderator,12,3.0,69,no ASR audio gap (possibly not spoken: edit),0,0,the risks associated with commercial real estate as well as nonbank financials,reluctant to move,1.26,3.92
20230614,transcript_vs_asr,transcript_only,transcript words not in ASR,chair,28,0.0,69,no ASR audio gap (possibly not spoken: edit),0,0,could you further elevate those risks with higher still rates possibly for ...,,0.08,9.15
20230614,transcript_vs_asr,transcript_only,transcript words not in ASR,chair,72,1.0,70,no ASR audio gap (possibly not spoken: edit),0,0,we're watching that situation very carefully there's a substantial amount of commercial ...,all,0.3,23.53
20230614,transcript_vs_asr,substituted,ASR words not in transcript,chair,4,61.0,70,"not in transcript (disfluency edited out, or ASR insertion)",2,2,we're monitoring it carefully,happening with the 30 -year fixed -rate mortgage still around 7 percent ...,,
20230614,transcript_vs_asr,substituted,transcript words not in ASR,chair,8,39.0,70,"ASR audio gap (speech present, ASR omitted it)",0,0,know it feels like it feels like something,talked about with existing homes there are many people who have low ...,12.54,2.61
20230614,transcript_vs_asr,substituted,ASR words not in transcript,chair,8,39.0,70,"not in transcript (disfluency edited out, or ASR insertion)",0,0,know it feels like it feels like something,talked about with existing homes there are many people who have low ...,,
20230614,transcript_vs_asr,transcript_only,transcript words not in ASR,chair,28,1.0,70,no ASR audio gap (possibly not spoken: edit),0,0,will be around for some time as opposed to you know something ...,supply,0.72,9.15
20230614,transcript_vs_asr,substituted,transcript words not in ASR,chair,15,12.0,70,"ASR audio gap (speech present, ASR omitted it)",0,0,nonbank financials financial sector there's been a ton of work and you ...,existing homes is really really tight which is keeping prices up on,3.94,4.9
20230614,transcript_vs_asr,substituted,ASR words not in transcript,chair,15,12.0,70,"not in transcript (disfluency edited out, or ASR insertion)",0,0,nonbank financials financial sector there's been a ton of work and you ...,existing homes is really really tight which is keeping prices up on,,
20230614,transcript_vs_asr,transcript_only,transcript words not in ASR,chair,20,2.0,70,no ASR audio gap (possibly not spoken: edit),0,0,in the pandemic it really was it was the nonbank financial sector ...,other hand,0.4,6.54
20230614,transcript_vs_asr,substituted,transcript words not in ASR,chair,20,4.0,70,no ASR audio gap (possibly not spoken: edit),0,0,work going on in with the administration in particular leading that to ...,supply coming online now,1.87,6.54
20230614,transcript_vs_asr,transcript_only,transcript words not in ASR,chair,19,2.0,70,no ASR audio gap (possibly not spoken: edit),0,0,the fed is over banks actually bank holding companies and some banks ...,buying it,0.46,6.21
20230614,transcript_vs_asr,speech_only,ASR words not in transcript,chair,2,47.0,70,"not in transcript (disfluency edited out, or ASR insertion)",0,0,in terms,with these um you know with these relatively elevated mortgage rates but ...,,
20230614,transcript_vs_asr,speech_only,ASR words not in transcript,chair,2,130.0,70,"not in transcript (disfluency edited out, or ASR insertion)",0,0,march as,the pandemic we'll go to nancy for the last question hi chair ...,,
20230614,transcript_vs_asr,speech_only,ASR words not in transcript,chair,2,16.0,70,"not in transcript (disfluency edited out, or ASR insertion)",0,0,mentioned earlier,would say are not expected to make a significant contribution to u ...,,
20230614,transcript_vs_asr,speech_only,ASR words not in transcript,chair,0,22.0,70,"not in transcript (disfluency edited out, or ASR insertion)",0,0,,don't think it would have a big effect on fed policy at ...,,
20230614,transcript_vs_asr,transcript_only,transcript words not in ASR,chair,240,2.0,70,no ASR audio gap (possibly not spoken: edit),1,1,our our job generally involves worrying about a lot of things that ...,now thanks,2.19,78.43
20230614,scored_vs_asr,scored_only,scored words not in ASR,scored text,27,2.0,-1,no ASR audio gap (possibly not spoken: edit),2,0,in light of how far we've come in tightening policy the uncertain ...,looking ahead,2.01,8.82
20230614,scored_vs_asr,scored_only,scored words not in ASR,scored text,10,1.0,-1,no ASR audio gap (possibly not spoken: edit),0,0,decided to leave our policy interest rate unchanged and to,will,0.12,3.27
20230614,scored_vs_asr,substituted,scored words not in ASR,scored text,14,13.0,-1,"ASR audio gap (speech present, ASR omitted it)",0,0,reduce our securities holdings looking ahead nearly all committee participants view it ...,take a data -dependent approach in determining the extent of additional policy ...,5.36,4.58
20230614,scored_vs_asr,scored_only,scored words not in ASR,scored text,14,1.0,-1,found elsewhere in ASR (ASR segment order),0,1,this year to bring inflation down to 2 percent over time and ...,i'll,1.71,4.58
20230614,scored_vs_asr,scored_only,scored words not in ASR,scored text,8,0.0,-1,"ASR audio gap (speech present, ASR omitted it)",0,0,the u.s economy slowed significantly last year and,,1.69,2.61
20230614,scored_vs_asr,scored_only,scored words not in ASR,scored text,43,0.0,-1,no ASR audio gap (possibly not spoken: edit),0,2,committee participants generally expect subdued growth to continue in our summary of ...,,1.6,14.05
20230614,scored_vs_asr,scored_only,scored words not in ASR,scored text,50,0.0,-1,no ASR audio gap (possibly not spoken: edit),2,2,fomc participants expect supply and demand conditions in the labor market to ...,,1.72,16.34
20230614,scored_vs_asr,scored_only,scored words not in ASR,scored text,58,0.0,-1,no ASR audio gap (possibly not spoken: edit),0,5,the median projection in the sep for total pce inflation is 3.2 ...,,2.09,18.95
20230614,scored_vs_asr,substituted,scored words not in ASR,scored text,8,45.0,-1,"ASR audio gap (speech present, ASR omitted it)",0,0,as i noted earlier since early last year,at today's meeting the committee raised the target range for the federal ...,18.77,2.61
20230614,scored_vs_asr,scored_only,scored words not in ASR,scored text,129,0.0,-1,no ASR audio gap (possibly not spoken: edit),2,3,the extent of these effects remains uncertain in light of how far ...,,1.54,42.16
20230614,scored_vs_asr,scored_only,scored words not in ASR,scored text,136,0.0,-1,no ASR audio gap (possibly not spoken: edit),0,6,in our sep participants wrote down their individual assessments of an appropriate ...,,0.68,44.44
20230614,scored_vs_asr,substituted,scored words not in ASR,scored text,13,10.0,-1,"ASR audio gap (speech present, ASR omitted it)",0,0,guess i would i guess i would go back to the beginning ...,think a couple times in your opening remarks talked about,2.81,4.25
20230614,scored_vs_asr,scored_only,scored words not in ASR,scored text,29,1.0,-1,no ASR audio gap (possibly not spoken: edit),2,0,tightening cycle to address that so as we started our rate hikes ...,language,0.34,9.48
20230614,scored_vs_asr,scored_only,scored words not in ASR,scored text,152,0.0,-1,no ASR audio gap (possibly not spoken: edit),7,5,sequence that of the speed of tightening the level to which rates ...,,0.0,49.67
20230614,scored_vs_asr,scored_only,scored words not in ASR,scored text,38,2.0,-1,no ASR audio gap (possibly not spoken: edit),0,0,far it we have come it may make sense for rates to ...,we're thinking,0.38,12.42
20230614,scored_vs_asr,scored_only,scored words not in ASR,scored text,15,0.0,-1,no ASR audio gap (possibly not spoken: edit),0,0,this meeting we didn't make any decision about going forward including what ...,,0.0,4.9
20230614,scored_vs_asr,substituted,scored words not in ASR,scored text,8,38.0,-1,"ASR audio gap (speech present, ASR omitted it)",0,0,did not decide or really discuss anything about,get two more job reports two more cpi reports i think we ...,12.5,2.61
20230614,scored_vs_asr,scored_only,scored words not in ASR,scored text,60,0.0,-1,no ASR audio gap (possibly not spoken: edit),0,0,kind of an approach or or really any other approach we really ...,,0.0,19.61
20230614,scored_vs_asr,scored_only,scored words not in ASR,scored text,14,1.0,-1,no ASR audio gap (possibly not spoken: edit),0,1,decision hasn't been made 2 i do expect that it will be ...,september,0.44,4.58
20230614,scored_vs_asr,substituted,scored words not in ASR,scored text,33,10.0,-1,no ASR audio gap (possibly not spoken: edit); overlaps editor brackets,0,0,the old the former sep the last sep in march you will ...,what we're trying to do here we're trying to achieve,4.11,10.78
20230614,scored_vs_asr,substituted,scored words not in ASR,scored text,39,3.0,-1,no ASR audio gap (possibly not spoken: edit); overlaps editor brackets,0,0,a bit inflation estimates moved up a bit and you know all ...,to 2 percent,0.48,12.74
20230614,scored_vs_asr,substituted,scored words not in ASR,scored text,12,7.0,-1,"ASR audio gap (speech present, ASR omitted it); overlaps editor brackets",0,1,level frankly is is pretty the level of 5.6 percent is pretty,intermediate data and as i mentioned broadly,3.36,3.92
20230614,scored_vs_asr,substituted,scored words not in ASR,scored text,21,3.0,-1,no ASR audio gap (possibly not spoken: edit); overlaps editor brackets,0,0,if you think about it where the expected federal funds rate was ...,not perfectly consistent,1.72,6.86
20230614,scored_vs_asr,substituted,scored words not in ASR,scored text,21,4.0,-1,no ASR audio gap (possibly not spoken: edit),1,0,so we've kind of gone back to that so your question is ...,broadly consistent with expectations,1.62,6.86
20230614,scored_vs_asr,scored_only,scored words not in ASR,scored text,15,1.0,-1,no ASR audio gap (possibly not spoken: edit),0,0,don't think the story has really changed we the committee has consistently ...,mentioned,0.5,4.9
20230614,scored_vs_asr,substituted,scored words not in ASR,scored text,32,4.0,-1,no ASR audio gap (possibly not spoken: edit); overlaps editor brackets,0,0,three part framework for analyzing core pce inflation which is we think ...,overall signal one that,1.2,10.46
20230614,scored_vs_asr,scored_only,scored words not in ASR,scored text,24,1.0,-1,no ASR audio gap (possibly not spoken: edit),0,0,substantial amount but if you talk to people in business they will ...,good,0.34,7.84
20230614,scored_vs_asr,scored_only,scored words not in ASR,scored text,8,1.0,-1,no ASR audio gap (possibly not spoken: edit),0,0,should enable goods prices to continue goods goods,headline,0.32,2.61
20230614,scored_vs_asr,substituted,scored words not in ASR,scored text,8,3.0,-1,no ASR audio gap (possibly not spoken: edit),0,0,over time in terms of housing services inflation,so much because,0.82,2.61
20230614,scored_vs_asr,scored_only,scored words not in ASR,scored text,143,0.0,-1,no ASR audio gap (possibly not spoken: edit); overlaps editor brackets,2,0,and you are seeing there that new rents in new new leases ...,,0.0,46.73
20230614,scored_vs_asr,substituted,scored words not in ASR,scored text,8,9.0,-1,"ASR audio gap (speech present, ASR omitted it)",0,0,service sector so it's it's heavily labor intensive,risk of doing too much or doing too little,1.88,2.61
20230614,scored_vs_asr,scored_only,scored words not in ASR,scored text,25,1.0,-1,no ASR audio gap (possibly not spoken: edit),0,0,the key to getting inflation down there is to have a continuing ...,-,0.43,8.17
20230614,scored_vs_asr,scored_only,scored words not in ASR,scored text,77,0.0,-1,no ASR audio gap (possibly not spoken: edit); overlaps editor brackets,0,0,continue i would almost say that the the conditions that we need ...,,0.0,25.16
20230614,scored_vs_asr,scored_only,scored words not in ASR,scored text,11,2.0,-1,no ASR audio gap (possibly not spoken: edit),0,0,going to take some time so the first i would say,durably down,1.06,3.59
20230614,scored_vs_asr,scored_only,scored words not in ASR,scored text,47,0.0,-1,no ASR audio gap (possibly not spoken: edit),0,0,the the question of speed is a separate question from the question ...,,0.0,15.36
20230614,scored_vs_asr,scored_only,scored words not in ASR,scored text,152,0.0,-1,no ASR audio gap (possibly not spoken: edit),0,3,to go i i mentioned how how we got to those numbers ...,,0.12,49.67
20230614,scored_vs_asr,scored_only,scored words not in ASR,scored text,626,0.0,-1,no ASR audio gap (possibly not spoken: edit),2,1,we haven't really we don't know the full extent of of the ...,,0.16,204.57
20230614,scored_vs_asr,scored_only,scored words not in ASR,scored text,12,2.0,-1,no ASR audio gap (possibly not spoken: edit),0,0,see is credible evidence that inflation is topping out and then beginning,go back,0.28,3.92
20230614,scored_vs_asr,scored_only,scored words not in ASR,scored text,20,0.0,-1,no ASR audio gap (possibly not spoken: edit),1,0,understand that there are lags but remember that it's it's more than ...,,0.0,6.54
20230614,scored_vs_asr,substituted,scored words not in ASR,scored text,28,7.0,-1,no ASR audio gap (possibly not spoken: edit),1,0,it's i think the reason we're we're comfortable pausing is that we ...,you know today's rate hike was appropriate,1.98,9.15
20230614,scored_vs_asr,scored_only,scored words not in ASR,scored text,399,0.0,-1,no ASR audio gap (possibly not spoken: edit); overlaps editor brackets,3,2,it's it's reasonable to think that some of that may come into ...,,0.0,130.39
20230614,scored_vs_asr,scored_only,scored words not in ASR,scored text,116,1.0,-1,no ASR audio gap (possibly not spoken: edit),1,0,watching of course and you know if we were to see what ...,looking,0.26,37.91
20230614,scored_vs_asr,substituted,scored words not in ASR,scored text,37,4.0,-1,no ASR audio gap (possibly not spoken: edit),0,2,at core pce inflation overall look at it over the last six ...,incoming data to inform,1.3,12.09
20230614,scored_vs_asr,scored_only,scored words not in ASR,scored text,84,0.0,-1,no ASR audio gap (possibly not spoken: edit),0,2,our target and not really you know moving down we want to ...,,0.0,27.45
20230614,scored_vs_asr,scored_only,scored words not in ASR,scored text,57,0.0,-1,no ASR audio gap (possibly not spoken: edit),1,0,both both to write down further rate hikes by the end of ...,,0.0,18.63
20230614,scored_vs_asr,scored_only,scored words not in ASR,scored text,82,2.0,-1,no ASR audio gap (possibly not spoken: edit),0,1,beginning in you know early 2021 inflation was really becoming from very ...,next meeting,0.48,26.8
20230614,scored_vs_asr,scored_only,scored words not in ASR,scored text,842,0.0,-1,no ASR audio gap (possibly not spoken: edit); overlaps editor brackets,0,10,the labor market or wages but as you as you moved into ...,,0.0,275.16
20230614,scored_vs_asr,substituted,scored words not in ASR,scored text,1009,3.0,-1,no ASR audio gap (possibly not spoken: edit),6,6,individual participants sit in their offices all over the country and they ...,incoming data telling,0.86,329.73
20230614,scored_vs_asr,scored_only,scored words not in ASR,scored text,8,1.0,-1,no ASR audio gap (possibly not spoken: edit),0,0,what we're talking about is having wage increases,it's,0.22,2.61
20230614,scored_vs_asr,scored_only,scored words not in ASR,scored text,13,2.0,-1,no ASR audio gap (possibly not spoken: edit),0,0,i think we've seen some progress all all of the major measures ...,mentioned nominal,0.7,4.25
20230614,scored_vs_asr,scored_only,scored words not in ASR,scored text,23,0.0,-1,no ASR audio gap (possibly not spoken: edit),0,0,from extremely elevated not extremely elevated highly elevated levels a year or ...,,0.0,7.52
20230614,scored_vs_asr,scored_only,scored words not in ASR,scored text,9,2.0,-1,no ASR audio gap (possibly not spoken: edit),0,0,that that process continue gradually of course it's great,we expect,0.52,2.94
20230614,scored_vs_asr,substituted,scored words not in ASR,scored text,23,3.0,-1,no ASR audio gap (possibly not spoken: edit),0,0,than anyone else people on a fixed income are hurt the worst ...,normal levels normalization,3.12,7.52
20230614,scored_vs_asr,substituted,scored words not in ASR,scored text,22,7.0,-1,no ASR audio gap (possibly not spoken: edit),0,0,labor market could is about as central a topic to our discussions ...,cycle so they're two independent things and,1.76,7.19
20230614,scored_vs_asr,substituted,scored words not in ASR,scored text,10,6.0,-1,"ASR audio gap (speech present, ASR omitted it)",0,0,time talking about that i think you know we there,supply coming online now and and,2.41,3.27
20230614,scored_vs_asr,substituted,scored words not in ASR,scored text,14,3.0,-1,no ASR audio gap (possibly not spoken: edit),0,0,structural issues that are really not for the fed and so we ...,people coming in,0.72,4.58
20230614,scored_vs_asr,substituted,scored words not in ASR,scored text,13,3.0,-1,no ASR audio gap (possibly not spoken: edit),0,0,time although we take notice of of what's going on but we're ...,the buyers are,0.76,4.25
20230614,scored_vs_asr,substituted,scored words not in ASR,scored text,8,9.0,-1,"ASR audio gap (speech present, ASR omitted it)",0,0,look and we see what's going on and,work through it we're still living through the um,3.38,2.61
20230614,scored_vs_asr,substituted,scored words not in ASR,scored text,12,34.0,-1,"ASR audio gap (speech present, ASR omitted it)",0,1,what it will take to get inflation down to 2 percent in,global food security particularly for poorer countries that import a large share ...,10.94,3.92
20230614,scored_vs_asr,scored_only,scored words not in ASR,scored text,10,0.0,-1,no ASR audio gap (possibly not spoken: edit),0,0,said don't think that was about i didn't most folks,,0.0,3.27
20230614,scored_vs_asr,substituted,scored words not in ASR,scored text,26,11.0,-1,no ASR audio gap (possibly not spoken: edit),0,0,now it wasn't really about that about wages at the beginning and ...,are not expected to make a significant contribution to u s,3.5,8.5
20230614,scored_vs_asr,scored_only,scored words not in ASR,scored text,29,0.0,-1,no ASR audio gap (possibly not spoken: edit),0,0,which is the part of the economy where we have seen the ...,,0.22,9.48
20230614,scored_vs_asr,substituted,scored words not in ASR,scored text,70,8.0,-1,no ASR audio gap (possibly not spoken: edit),0,0,substantial amount of commercial real estate in the banking system a a ...,big effect on fed policy at this point,2.32,22.88
20230614,scored_vs_asr,scored_only,scored words not in ASR,scored text,269,1.0,-1,no ASR audio gap (possibly not spoken: edit),0,0,know it feels like it feels like something that will be around ...,wouldn't,0.54,87.91
20230614,scored_vs_asr,substituted,scored words not in ASR,scored text,15,3.0,-1,no ASR audio gap (possibly not spoken: edit),0,0,that's and and i was i guess i meant to address that ...,looking at what,0.52,4.9
20230614,scored_vs_asr,scored_only,scored words not in ASR,scored text,43,0.0,-1,no ASR audio gap (possibly not spoken: edit),1,0,as we watch we'll see what's happening and if we if we're ...,,0.0,14.05
20230614,scored_vs_asr,scored_only,scored words not in ASR,scored text,38,2.0,-1,no ASR audio gap (possibly not spoken: edit),0,0,is it really has macroeconomic purposes so we'll we'll take that into ...,now thanks,2.19,12.42
20230726,transcript_vs_scored,chair transcript text missing from scored text,chair words not in scored text,answer,232,,23,turns 22-25,3,2,so it is it is a very positive thing that actually the ...,,,
20230726,transcript_vs_asr,transcript_only,transcript words not in ASR,chair,10,0.0,21,"ASR audio gap (speech present, ASR omitted it)",1,0,certainly hold policy at a restrictive level for some time,,4.06,3.28
20230726,transcript_vs_asr,speech_only,ASR words not in transcript,other_or_edge,0,9.0,22,found elsewhere in transcript (ASR segment order),0,0,,acceptable to get that last bit of inflation is,,
20230726,transcript_vs_asr,transcript_only,transcript words not in ASR,reporter_or_moderator,38,0.0,25,"ASR audio gap (speech present, ASR omitted it)",1,0,people talk about base effects and higher energy costs and now we ...,,11.06,12.45
20230726,transcript_vs_asr,transcript_only,transcript words not in ASR,chair,38,0.0,84,"ASR audio gap (speech present, ASR omitted it)",0,0,thing yes and yes to both sides of that you know yes ...,,10.09,12.45
20230726,transcript_vs_asr,transcript_only,transcript words not in ASR,reporter_or_moderator,8,0.0,88,"ASR audio gap (speech present, ASR omitted it)",0,0,we'll go to nancy for the last question,,5.12,2.62
20230726,scored_vs_asr,scored_only,scored words not in ASR,scored text,10,0.0,-1,"ASR audio gap (speech present, ASR omitted it)",1,0,certainly hold policy at a restrictive level for some time,,4.06,3.28
20230726,scored_vs_asr,scored_only,scored words not in ASR,scored text,13,1.0,-1,no ASR audio gap (possibly not spoken: edit),0,0,both sides of that you know yes banks are now working to ...,show,0.86,4.26
20230726,scored_vs_asr,substituted,scored words not in ASR,scored text,14,5.0,-1,"ASR audio gap (speech present, ASR omitted it)",0,0,the discount window and we are strongly encouraging them to do that ...,it thanks that's very important,12.45,4.59
20230920,scored_vs_transcript,non-chair turn text inside scored text,scored words from a reporter or moderator turn,question,7,,32,speaker NEIL IRWIN,0,0,does gdp stays hot but without inflation,,,
20230920,scored_vs_transcript,non-chair turn text inside scored text,scored words from a reporter or moderator turn,moderator,4,,40,speaker MICHELLE SMITH,0,0,let's go to chris,,,
20230920,transcript_vs_asr,transcript_only,transcript words not in ASR,reporter_or_moderator,10,0.0,53,"ASR audio gap (speech present, ASR omitted it)",0,0,would you feel more comfortable on the base effects that,,4.25,3.49
20231101,transcript_vs_asr,transcript_only,transcript words not in ASR,chair,21,0.0,11,"ASR audio gap (speech present, ASR omitted it)",0,0,this will be you can see how volatile it is different kinds ...,,4.91,7.1
20231101,transcript_vs_asr,transcript_only,transcript words not in ASR,chair,15,1.0,57,"ASR audio gap (speech present, ASR omitted it)",0,1,core pce inflation rate came down by almost 60 basis points in ...,-,4.89,5.07
20231101,transcript_vs_asr,speech_only,ASR words not in transcript,chair,0,21.0,57,repetition loop (ASR artefact),0,0,,-and as you get -and as you get -and as you get ...,,
20231101,transcript_vs_asr,transcript_only,transcript words not in ASR,chair,8,0.0,77,"ASR audio gap (speech present, ASR omitted it)",0,0,progress on inflation in the middle of this,,3.5,2.7
20231101,transcript_vs_asr,transcript_only,transcript words not in ASR,reporter_or_moderator,8,0.0,78,no ASR audio gap (possibly not spoken: edit),0,0,let's go to daniel for the last question,,0.3,2.7
20231101,scored_vs_asr,scored_only,scored words not in ASR,scored text,21,0.0,-1,"ASR audio gap (speech present, ASR omitted it)",0,0,this will be you can see how volatile it is different kinds ...,,4.91,7.1
20231101,scored_vs_asr,scored_only,scored words not in ASR,scored text,15,1.0,-1,"ASR audio gap (speech present, ASR omitted it); overlaps editor brackets",0,1,core pce inflation rate came down by almost 60 basis points in ...,-,4.89,5.07
20231101,scored_vs_asr,scored_only,scored words not in ASR,scored text,8,0.0,-1,"ASR audio gap (speech present, ASR omitted it)",0,0,progress on inflation in the middle of this,,3.5,2.7
20231213,transcript_vs_asr,transcript_only,transcript words not in ASR,chair,20,0.0,11,"ASR audio gap (speech present, ASR omitted it)",0,0,thanks i think you can say that there's little basis for thinking ...,,9.63,7.02
20231213,transcript_vs_asr,transcript_only,transcript words not in ASR,chair,13,0.0,17,no ASR audio gap (possibly not spoken: edit),0,0,has turned out to be very strong in the third quarter now ...,,0.0,4.56
20231213,transcript_vs_asr,transcript_only,transcript words not in ASR,chair,12,0.0,24,"ASR audio gap (speech present, ASR omitted it)",0,0,the back and forth we've had over the course of the year,,2.96,4.21
20231213,transcript_vs_asr,transcript_only,transcript words not in ASR,chair,12,0.0,34,"ASR audio gap (speech present, ASR omitted it)",0,0,availability was the highest that it'd ever been or close to it,,3.63,4.21
20231213,transcript_vs_asr,transcript_only,transcript words not in ASR,chair,13,0.0,37,"ASR audio gap (speech present, ASR omitted it)",0,0,but we do see those we see those public opinion surveys the ...,,3.95,4.56
20231213,transcript_vs_asr,speech_only,ASR words not in transcript,chair,0,50.0,47,found elsewhere in transcript (ASR segment order),0,0,,- and we're getting back to the point where which is what ...,,
20231213,transcript_vs_asr,transcript_only,transcript words not in ASR,chair,51,0.0,47,found elsewhere in ASR (ASR segment order),0,0,getting back to the point where which is what you do when ...,,0.0,17.89
20231213,transcript_vs_asr,transcript_only,transcript words not in ASR,reporter_or_moderator,8,2.0,55,"ASR audio gap (speech present, ASR omitted it)",0,0,okay let's go to catarina catarina saraiva of,katerina sarajevo,6.14,2.81
20231213,transcript_vs_asr,transcript_only,transcript words not in ASR,chair,9,0.0,69,no ASR audio gap (possibly not spoken: edit),0,0,to run does labor force participation have much more,,0.0,3.16
20231213,transcript_vs_asr,speech_only,ASR words not in transcript,chair,0,8.0,69,repetition loop (ASR artefact),0,0,,-you know it's -you know it's -you know,,
20231213,transcript_vs_asr,transcript_only,transcript words not in ASR,reporter_or_moderator,9,0.0,70,"ASR audio gap (speech present, ASR omitted it)",0,0,okay we'll go to megan for the last question,,4.59,3.16
20231213,scored_vs_asr,scored_only,scored words not in ASR,scored text,13,0.0,-1,no ASR audio gap (possibly not spoken: edit); overlaps editor brackets,0,0,has turned out to be very strong in the third quarter now ...,,0.0,4.56
20231213,scored_vs_asr,scored_only,scored words not in ASR,scored text,12,0.0,-1,"ASR audio gap (speech present, ASR omitted it)",0,0,the back and forth we've had over the course of the year,,2.96,4.21
20231213,scored_vs_asr,scored_only,scored words not in ASR,scored text,12,0.0,-1,"ASR audio gap (speech present, ASR omitted it)",0,0,availability was the highest that it'd ever been or close to it,,3.63,4.21
20231213,scored_vs_asr,scored_only,scored words not in ASR,scored text,13,0.0,-1,"ASR audio gap (speech present, ASR omitted it)",0,0,but we do see those we see those public opinion surveys the ...,,3.95,4.56
20231213,scored_vs_asr,scored_only,scored words not in ASR,scored text,51,0.0,-1,found elsewhere in ASR (ASR segment order),0,0,getting back to the point where which is what you do when ...,,0.0,17.89
20231213,scored_vs_asr,scored_only,scored words not in ASR,scored text,9,0.0,-1,no ASR audio gap (possibly not spoken: edit),0,0,to run does labor force participation have much more,,0.0,3.16
20240131,scored_vs_transcript,non-chair turn text inside scored text,scored words from a reporter or moderator turn,question,32,,51,speaker EDWARD LAWRENCE,2,0,on on the is this the start of a when we see ...,,,
20240131,transcript_vs_asr,transcript_only,transcript words not in ASR,reporter_or_moderator,14,0.0,1,"ASR audio gap (speech present, ASR omitted it)",0,0,jeanna jeanna smialek from the new york times thanks for taking our ...,,10.5,4.66
20240131,transcript_vs_asr,transcript_only,transcript words not in ASR,reporter_or_moderator,9,0.0,58,"ASR audio gap (speech present, ASR omitted it)",0,0,nancy hi chair powell nancy marshall genzer with marketplace,,8.33,2.99
20240131,transcript_vs_asr,transcript_only,transcript words not in ASR,chair,8,0.0,60,"ASR audio gap (speech present, ASR omitted it)",0,0,so when we think about you know our,,6.12,2.66
20240131,transcript_vs_asr,transcript_only,transcript words not in ASR,reporter_or_moderator,9,0.0,83,"ASR audio gap (speech present, ASR omitted it)",0,0,daniel hi chair powell daniel avis agence france presse,,8.62,2.99
20240131,transcript_vs_asr,transcript_only,transcript words not in ASR,reporter_or_moderator,9,0.0,91,no ASR audio gap (possibly not spoken: edit),0,0,let's go to jeff cox for the last question,,0.19,2.99
20240320,scored_vs_transcript,non-chair turn text inside scored text,scored words from a reporter or moderator turn,question,37,,4,speaker STEVE LIESMAN,0,1,when you just to follow up when you say that you're willing ...,,,
20240320,transcript_vs_scored,chair transcript text missing from scored text,chair words not in scored text,answer,131,,20,turns 19-22,0,1,we'll take you know things can happen during an intermeeting period if ...,,,
20240320,transcript_vs_asr,transcript_only,transcript words not in ASR,chair,10,0.0,0,"ASR audio gap (speech present, ASR omitted it)",0,0,everything we do is in service to our public mission,,3.68,3.58
20240320,transcript_vs_asr,transcript_only,transcript words not in ASR,chair,28,0.0,13,"ASR audio gap (speech present, ASR omitted it)",1,0,too much or too soon we could see inflation come back and ...,,9.88,10.01
20240320,transcript_vs_asr,transcript_only,transcript words not in ASR,chair,16,1.0,15,"ASR audio gap (speech present, ASR omitted it)",0,0,excessively celebrate the good inflation readings we got in the last seven ...,-,5.87,5.72
20240320,transcript_vs_asr,transcript_only,transcript words not in ASR,reporter_or_moderator,16,0.0,26,"ASR audio gap (speech present, ASR omitted it)",0,0,are you still optimistic that you'll get the confidence you need this ...,,7.59,5.72
20240320,transcript_vs_asr,transcript_only,transcript words not in ASR,reporter_or_moderator,14,0.0,28,"ASR audio gap (speech present, ASR omitted it)",0,0,jeanna smialek the new york times thank you for taking our questions ...,,9.96,5.01
20240320,transcript_vs_asr,transcript_only,transcript words not in ASR,chair,8,0.0,37,"ASR audio gap (speech present, ASR omitted it)",0,0,see the possibility of seasonal adjustment problems there,,4.63,2.86
20240320,transcript_vs_asr,transcript_only,transcript words not in ASR,chair,33,1.0,39,"ASR audio gap (speech present, ASR omitted it)",0,3,inflation coming down gradually toward 2 percent on a sometimes bumpy path ...,-,7.83,11.8
20240320,transcript_vs_asr,transcript_only,transcript words not in ASR,chair,17,0.0,55,no ASR audio gap (possibly not spoken: edit),0,0,slowing the pace of runoff there isn't much runoff among mbs in ...,,0.0,6.08
20240320,transcript_vs_asr,transcript_only,transcript words not in ASR,chair,35,1.0,55,"ASR audio gap (speech present, ASR omitted it)",0,0,in treasuries and we're talking about going to a lower pace i ...,uh,16.23,12.51
20240320,scored_vs_asr,scored_only,scored words not in ASR,scored text,10,0.0,-1,"ASR audio gap (speech present, ASR omitted it)",0,0,everything we do is in service to our public mission,,3.68,3.58
20240320,scored_vs_asr,scored_only,scored words not in ASR,scored text,28,0.0,-1,"ASR audio gap (speech present, ASR omitted it)",1,0,too much or too soon we could see inflation come back and ...,,9.88,10.01
20240320,scored_vs_asr,scored_only,scored words not in ASR,scored text,16,1.0,-1,"ASR audio gap (speech present, ASR omitted it)",0,0,excessively celebrate the good inflation readings we got in the last seven ...,-,5.87,5.72
20240320,scored_vs_asr,scored_only,scored words not in ASR,scored text,8,0.0,-1,"ASR audio gap (speech present, ASR omitted it)",0,0,see the possibility of seasonal adjustment problems there,,4.63,2.86
20240320,scored_vs_asr,scored_only,scored words not in ASR,scored text,33,1.0,-1,"ASR audio gap (speech present, ASR omitted it)",0,3,inflation coming down gradually toward 2 percent on a sometimes bumpy path ...,-,7.83,11.8
20240320,scored_vs_asr,scored_only,scored words not in ASR,scored text,17,0.0,-1,no ASR audio gap (possibly not spoken: edit),0,0,slowing the pace of runoff there isn't much runoff among mbs in ...,,0.0,6.08
20240320,scored_vs_asr,scored_only,scored words not in ASR,scored text,35,1.0,-1,"ASR audio gap (speech present, ASR omitted it)",0,0,in treasuries and we're talking about going to a lower pace i ...,uh,16.23,12.51
20240501,transcript_vs_asr,transcript_only,transcript words not in ASR,reporter_or_moderator,8,1.0,15,"ASR audio gap (speech present, ASR omitted it)",0,0,would that be would that be a reacceleration,acceleration,4.66,2.78
20240501,transcript_vs_asr,transcript_only,transcript words not in ASR,chair,11,0.0,25,"ASR audio gap (speech present, ASR omitted it)",0,0,growth coming in about consistent with where it was last year,,3.39,3.82
20240501,scored_vs_asr,scored_only,scored words not in ASR,scored text,11,0.0,-1,"ASR audio gap (speech present, ASR omitted it)",0,0,growth coming in about consistent with where it was last year,,3.39,3.82
20240612,scored_vs_transcript,non-chair turn text inside scored text,scored words from a reporter or moderator turn,question,15,,74,speaker NANCY MARSHALL-GENZER,1,0,but if housing prices remain sticky could that slow down the pace ...,,,
20240612,transcript_vs_asr,transcript_only,transcript words not in ASR,chair,24,0.0,34,"ASR audio gap (speech present, ASR omitted it)",0,0,above a a sustainable path which would be that of trend inflation ...,,8.81,8.08
20240612,transcript_vs_asr,transcript_only,transcript words not in ASR,reporter_or_moderator,8,0.0,46,"ASR audio gap (speech present, ASR omitted it)",0,0,stickiness and shelter inflation in particular thank you,,4.74,2.69
20240612,transcript_vs_asr,transcript_only,transcript words not in ASR,chair,25,0.0,65,"ASR audio gap (speech present, ASR omitted it)",0,0,we could end up undoing a lot of the good that we've ...,,6.54,8.42
20240612,scored_vs_asr,scored_only,scored words not in ASR,scored text,24,0.0,-1,"ASR audio gap (speech present, ASR omitted it)",0,0,above a a sustainable path which would be that of trend inflation ...,,8.81,8.08
20240612,scored_vs_asr,scored_only,scored words not in ASR,scored text,25,0.0,-1,"ASR audio gap (speech present, ASR omitted it)",0,0,we could end up undoing a lot of the good that we've ...,,6.54,8.42
20240731,transcript_vs_asr,transcript_only,transcript words not in ASR,chair,9,1.0,0,"ASR audio gap (speech present, ASR omitted it)",1,0,strong but not overheated inflation has eased notably over,of,6.27,3.0
20240731,transcript_vs_asr,transcript_only,transcript words not in ASR,chair,50,0.0,0,"ASR audio gap (speech present, ASR omitted it)",0,1,do not expect it will be appropriate to reduce the target range ...,,13.76,16.64
20240731,transcript_vs_asr,transcript_only,transcript words not in ASR,chair,15,0.0,0,"ASR audio gap (speech present, ASR omitted it)",0,0,reducing policy restraint too late or too little could unduly weaken economic ...,,6.52,4.99
20240731,transcript_vs_asr,speech_only,ASR words not in transcript,chair,0,8.0,0,"not in transcript (disfluency edited out, or ASR insertion)",0,0,,we will be able to improve the economy,,
20240731,transcript_vs_asr,transcript_only,transcript words not in ASR,chair,55,0.0,3,"ASR audio gap (speech present, ASR omitted it)",0,0,the broad sense of the committee is that the economy is moving ...,,17.44,18.31
20240731,transcript_vs_asr,speech_only,ASR words not in transcript,chair,0,34.0,3,found elsewhere in transcript (ASR segment order),0,0,,will be more likely to reduce our policy rate the question will ...,,
20240731,transcript_vs_asr,transcript_only,transcript words not in ASR,chair,24,1.0,6,"ASR audio gap (speech present, ASR omitted it)",1,0,consistent with its current condition then i would think that a a ...,uh,7.93,7.99
20240731,transcript_vs_asr,transcript_only,transcript words not in ASR,chair,33,0.0,17,"ASR audio gap (speech present, ASR omitted it)",0,0,you know a single a good single statistic but we'd be looking ...,,10.13,10.99
20240731,transcript_vs_asr,transcript_only,transcript words not in ASR,chair,13,0.0,33,"ASR audio gap (speech present, ASR omitted it)",0,0,so for the last couple of years the best service we could ...,,3.28,4.33
20240731,transcript_vs_asr,transcript_only,transcript words not in ASR,chair,15,0.0,33,"ASR audio gap (speech present, ASR omitted it)",0,0,probably the inflation inflation's probably a little farther from its target than ...,,5.12,4.99
20240731,transcript_vs_asr,transcript_only,transcript words not in ASR,chair,16,0.0,56,"ASR audio gap (speech present, ASR omitted it)",0,0,best to do our part and we stick to our part that ...,,4.63,5.33
20240731,transcript_vs_asr,transcript_only,transcript words not in ASR,chair,13,0.0,68,"ASR audio gap (speech present, ASR omitted it)",0,0,as soon as the next meeting depending on how the data come ...,,2.88,4.33
20240731,transcript_vs_asr,transcript_only,transcript words not in ASR,chair,60,1.0,80,"ASR audio gap (speech present, ASR omitted it)",0,0,significant improvement in inflation just for the last quarter markets move around ...,-,20.54,19.97
20240731,scored_vs_asr,scored_only,scored words not in ASR,scored text,9,1.0,-1,"ASR audio gap (speech present, ASR omitted it)",1,0,strong but not overheated inflation has eased notably over,of,6.27,3.0
20240731,scored_vs_asr,scored_only,scored words not in ASR,scored text,50,0.0,-1,"ASR audio gap (speech present, ASR omitted it)",0,1,do not expect it will be appropriate to reduce the target range ...,,13.76,16.64
20240731,scored_vs_asr,scored_only,scored words not in ASR,scored text,15,0.0,-1,"ASR audio gap (speech present, ASR omitted it)",0,0,reducing policy restraint too late or too little could unduly weaken economic ...,,6.52,4.99
20240731,scored_vs_asr,scored_only,scored words not in ASR,scored text,55,0.0,-1,"ASR audio gap (speech present, ASR omitted it)",0,0,the broad sense of the committee is that the economy is moving ...,,17.44,18.31
20240731,scored_vs_asr,scored_only,scored words not in ASR,scored text,24,1.0,-1,"ASR audio gap (speech present, ASR omitted it)",1,0,consistent with its current condition then i would think that a a ...,uh,7.93,7.99
20240731,scored_vs_asr,scored_only,scored words not in ASR,scored text,33,0.0,-1,"ASR audio gap (speech present, ASR omitted it)",0,0,you know a single a good single statistic but we'd be looking ...,,10.13,10.99
20240731,scored_vs_asr,scored_only,scored words not in ASR,scored text,13,0.0,-1,"ASR audio gap (speech present, ASR omitted it)",0,0,so for the last couple of years the best service we could ...,,3.28,4.33
20240731,scored_vs_asr,scored_only,scored words not in ASR,scored text,15,0.0,-1,"ASR audio gap (speech present, ASR omitted it)",0,0,probably the inflation inflation's probably a little farther from its target than ...,,5.12,4.99
20240731,scored_vs_asr,scored_only,scored words not in ASR,scored text,16,0.0,-1,"ASR audio gap (speech present, ASR omitted it)",0,0,best to do our part and we stick to our part that ...,,4.63,5.33
20240731,scored_vs_asr,scored_only,scored words not in ASR,scored text,26,2.0,-1,"ASR audio gap (speech present, ASR omitted it)",0,0,significant improvement in inflation just for the last quarter markets move around ...,- i'm,20.94,8.66
20240918,transcript_vs_scored,chair transcript text missing from scored text,chair words not in scored text,answer,117,,81,turns 80-82,0,1,that's not a final proposal though you understand we're putting them out ...,,,
20240918,transcript_vs_asr,transcript_only,transcript words not in ASR,chair,9,0.0,39,no ASR audio gap (possibly not spoken: edit),0,0,we might actually we get two we get a,,0.0,3.1
20240918,scored_vs_asr,scored_only,scored words not in ASR,scored text,9,0.0,-1,no ASR audio gap (possibly not spoken: edit),0,0,we might actually we get two we get a,,0.0,3.1
20241107,transcript_vs_asr,transcript_only,transcript words not in ASR,chair,18,0.0,11,"ASR audio gap (speech present, ASR omitted it)",0,0,undermining our progress on inflation or moving too slowly and allowing the ...,,5.32,6.19
20241107,transcript_vs_asr,transcript_only,transcript words not in ASR,chair,8,0.0,13,no ASR audio gap (possibly not spoken: edit),0,0,but you know i would say you know,,0.0,2.75
20241107,transcript_vs_asr,transcript_only,transcript words not in ASR,chair,53,0.0,35,"ASR audio gap (speech present, ASR omitted it)",0,1,12-month calculation in february we should see it staying down so there ...,,14.41,18.22
20241107,scored_vs_asr,scored_only,scored words not in ASR,scored text,18,0.0,-1,"ASR audio gap (speech present, ASR omitted it)",0,0,undermining our progress on inflation or moving too slowly and allowing the ...,,5.32,6.19
20241107,scored_vs_asr,scored_only,scored words not in ASR,scored text,8,0.0,-1,no ASR audio gap (possibly not spoken: edit),0,0,but you know i would say you know,,0.0,2.75
20241107,scored_vs_asr,scored_only,scored words not in ASR,scored text,53,0.0,-1,"ASR audio gap (speech present, ASR omitted it)",0,1,12-month calculation in february we should see it staying down so there ...,,14.41,18.22
20241218,transcript_vs_asr,transcript_only,transcript words not in ASR,chair,10,0.0,8,"ASR audio gap (speech present, ASR omitted it)",0,0,but since you know so so what's really driving the,,4.09,3.39
20241218,scored_vs_asr,scored_only,scored words not in ASR,scored text,10,0.0,-1,"ASR audio gap (speech present, ASR omitted it)",0,0,but since you know so so what's really driving the,,4.09,3.39
20250319,scored_vs_transcript,non-chair turn text inside scored text,scored words from a reporter or moderator turn,question,5,,26,speaker CRAIG TORRES,0,0,pandemic yes during the pandemic,,,
20250319,scored_vs_transcript,non-chair turn text inside scored text,scored words from a reporter or moderator turn,question,45,,35,speaker STEVE LIESMAN,0,0,well just to follow up yesterday the ucla anderson forecast said there's ...,,,
20250319,transcript_vs_asr,transcript_only,transcript words not in ASR,chair,8,0.0,8,no ASR audio gap (possibly not spoken: edit),0,0,series maintained by the federal reserve bank of,,0.0,2.63
20250319,scored_vs_asr,scored_only,scored words not in ASR,scored text,8,0.0,-1,no ASR audio gap (possibly not spoken: edit); overlaps editor brackets,0,0,series maintained by the federal reserve bank of,,0.0,2.63
20250507,transcript_vs_asr,transcript_only,transcript words not in ASR,reporter_or_moderator,21,0.0,6,"ASR audio gap (speech present, ASR omitted it)",0,1,nick nick timiraos for the wall street journal chair powell there's naturally ...,,12.91,7.14
20250507,transcript_vs_asr,transcript_only,transcript words not in ASR,chair,8,0.0,26,"ASR audio gap (speech present, ASR omitted it)",0,0,and i you know there's usually things clarify,,5.04,2.72
20250507,transcript_vs_asr,speech_only,ASR words not in transcript,chair,0,11.0,28,"not in transcript (disfluency edited out, or ASR insertion)",0,0,,- and i think that's a good thing to do with,,
20250507,transcript_vs_asr,transcript_only,transcript words not in ASR,chair,31,1.0,38,"ASR audio gap (speech present, ASR omitted it)",0,0,time stress analysis climate stress analysis and that's it and you know ...,-time,10.67,10.53
20250507,transcript_vs_asr,transcript_only,transcript words not in ASR,chair,12,1.0,48,"ASR audio gap (speech present, ASR omitted it)",0,0,is in a good place we think it leaves us well positioned,-,2.54,4.08
20250507,transcript_vs_asr,transcript_only,transcript words not in ASR,reporter_or_moderator,12,1.0,70,"ASR audio gap (speech present, ASR omitted it)",0,0,decisions so the volume of imports yes imported goods has increased significantly,decision,8.4,4.08
20250507,scored_vs_asr,scored_only,scored words not in ASR,scored text,8,0.0,-1,"ASR audio gap (speech present, ASR omitted it)",0,0,and i you know there's usually things clarify,,5.04,2.72
20250507,scored_vs_asr,scored_only,scored words not in ASR,scored text,31,1.0,-1,"ASR audio gap (speech present, ASR omitted it)",0,0,time stress analysis climate stress analysis and that's it and you know ...,-time,10.67,10.53
20250507,scored_vs_asr,scored_only,scored words not in ASR,scored text,12,1.0,-1,"ASR audio gap (speech present, ASR omitted it)",0,0,is in a good place we think it leaves us well positioned,-,2.54,4.08
20250618,scored_vs_transcript,non-chair turn text inside scored text,scored words from a reporter or moderator turn,question,55,,72,speaker MATT EGAN,1,0,a quick follow up i've just got to ask you about artificial ...,,,
20250618,transcript_vs_asr,transcript_only,transcript words not in ASR,chair,37,1.0,8,"ASR audio gap (speech present, ASR omitted it)",1,0,at what's happening here since march this is since march right you ...,-,11.49,12.38
20250618,transcript_vs_asr,speech_only,ASR words not in transcript,chair,1,8.0,8,found elsewhere in transcript (ASR segment order),0,0,where,tariffs i think we learned in april after,,
20250618,transcript_vs_asr,transcript_only,transcript words not in ASR,reporter_or_moderator,10,0.0,10,"ASR audio gap (speech present, ASR omitted it)",0,0,laughter maybe the world will be over by then laughter,,2.83,3.35
20250618,transcript_vs_asr,transcript_only,transcript words not in ASR,chair,9,0.0,25,"ASR audio gap (speech present, ASR omitted it)",0,0,and that means when it is time to look,,4.98,3.01
20250618,transcript_vs_asr,transcript_only,transcript words not in ASR,chair,8,0.0,25,no ASR audio gap (possibly not spoken: edit),0,0,at normal at sort of at you know,,0.0,2.68
20250618,transcript_vs_asr,transcript_only,transcript words not in ASR,chair,12,1.0,66,"ASR audio gap (speech present, ASR omitted it)",0,0,every year now we do it every five years so but i,-,2.88,4.02
20250618,scored_vs_asr,scored_only,scored words not in ASR,scored text,37,1.0,-1,"ASR audio gap (speech present, ASR omitted it)",1,0,at what's happening here since march this is since march right you ...,-,11.49,12.38
20250618,scored_vs_asr,scored_only,scored words not in ASR,scored text,9,0.0,-1,"ASR audio gap (speech present, ASR omitted it)",0,0,and that means when it is time to look,,4.98,3.01
20250618,scored_vs_asr,scored_only,scored words not in ASR,scored text,8,0.0,-1,no ASR audio gap (possibly not spoken: edit),0,0,at normal at sort of at you know,,0.0,2.68
20250618,scored_vs_asr,scored_only,scored words not in ASR,scored text,12,1.0,-1,"ASR audio gap (speech present, ASR omitted it)",0,0,every year now we do it every five years so but i,-,2.88,4.02
20250730,transcript_vs_asr,transcript_only,transcript words not in ASR,chair,16,0.0,13,"ASR audio gap (speech present, ASR omitted it)",0,0,right where we expected them to come in you've got to look ...,,4.11,5.38
20250730,transcript_vs_asr,transcript_only,transcript words not in ASR,chair,8,0.0,13,"ASR audio gap (speech present, ASR omitted it)",0,0,has is coming down at the same pace,,2.03,2.69
20250730,transcript_vs_asr,transcript_only,transcript words not in ASR,chair,21,0.0,20,"ASR audio gap (speech present, ASR omitted it)",0,0,at some point when we return to moving toward a more neutral ...,,7.47,7.06
20250730,transcript_vs_asr,speech_only,ASR words not in transcript,chair,0,12.0,49,"not in transcript (disfluency edited out, or ASR insertion)",0,0,,some of this so i think we're going to have to do,,
20250730,transcript_vs_asr,transcript_only,transcript words not in ASR,chair,30,2.0,51,"ASR audio gap (speech present, ASR omitted it)",1,0,term housing shortage that we have we haven't built enough housing this ...,-term -,9.81,10.09
20250730,transcript_vs_asr,transcript_only,transcript words not in ASR,chair,43,1.0,54,found elsewhere in ASR (ASR segment order),0,0,a more neutral stance of policy this is this is the special ...,-,0.45,14.46
20250730,transcript_vs_asr,speech_only,ASR words not in transcript,chair,2,47.0,54,found elsewhere in transcript (ASR segment order),0,0,you would,-you know we have a more neutral stance of policy this is ...,,
20250730,transcript_vs_asr,transcript_only,transcript words not in ASR,chair,14,1.0,59,"ASR audio gap (speech present, ASR omitted it)",0,0,of you know major discussion at all at at at the at ...,-,5.67,4.71
20250730,transcript_vs_asr,transcript_only,transcript words not in ASR,chair,8,0.0,64,no ASR audio gap (possibly not spoken: edit),0,0,if you if you were if you weren't,,0.0,2.69
20250730,transcript_vs_asr,speech_only,ASR words not in transcript,chair,1,12.0,69,"not in transcript (disfluency edited out, or ASR insertion)",0,0,privatesector,i think that's a good point i think that the private sector,,
20250730,transcript_vs_asr,transcript_only,transcript words not in ASR,chair,29,0.0,69,"ASR audio gap (speech present, ASR omitted it)",1,0,look at wages wages are gradually cooling look at vacancies to unemployment ...,,12.34,9.75
20250730,transcript_vs_asr,transcript_only,transcript words not in ASR,chair,11,1.0,69,"ASR audio gap (speech present, ASR omitted it)",0,0,unemployment's being held down because both demand and supply are declining,-,3.13,3.7
20250730,transcript_vs_asr,transcript_only,transcript words not in ASR,chair,47,1.0,72,"ASR audio gap (speech present, ASR omitted it)",1,0,felt that the time had come to cut and that they for ...,-,13.63,15.8
20250730,transcript_vs_asr,speech_only,ASR words not in transcript,chair,1,24.0,72,found elsewhere in transcript (ASR segment order),0,0,risks,you know good arguments and you know it's an unusual situation the ...,,
20250730,transcript_vs_asr,transcript_only,transcript words not in ASR,chair,27,0.0,74,"ASR audio gap (speech present, ASR omitted it)",0,0,when we when we have risks to both goals one of them ...,,15.76,9.08
20250730,transcript_vs_asr,transcript_only,transcript words not in ASR,chair,33,0.0,74,no ASR audio gap (possibly not spoken: edit),0,0,you have to that means policy should be tight because tight policy ...,,0.0,11.09
20250730,transcript_vs_asr,transcript_only,transcript words not in ASR,chair,27,1.0,77,"ASR audio gap (speech present, ASR omitted it)",0,1,still at a healthy level but moving ever closer to what we ...,-,8.45,9.08
20250730,transcript_vs_asr,speech_only,ASR words not in transcript,chair,1,11.0,77,repetition loop (ASR artefact),0,0,trying,-trying to -trying to -trying to -trying to -trying to -trying,,
20250730,scored_vs_asr,scored_only,scored words not in ASR,scored text,16,0.0,-1,"ASR audio gap (speech present, ASR omitted it)",0,0,right where we expected them to come in you've got to look ...,,4.11,5.38
20250730,scored_vs_asr,scored_only,scored words not in ASR,scored text,8,0.0,-1,"ASR audio gap (speech present, ASR omitted it)",0,0,has is coming down at the same pace,,2.03,2.69
20250730,scored_vs_asr,scored_only,scored words not in ASR,scored text,21,0.0,-1,"ASR audio gap (speech present, ASR omitted it)",0,0,at some point when we return to moving toward a more neutral ...,,7.47,7.06
20250730,scored_vs_asr,scored_only,scored words not in ASR,scored text,30,2.0,-1,"ASR audio gap (speech present, ASR omitted it)",1,0,term housing shortage that we have we haven't built enough housing this ...,-term -,9.81,10.09
20250730,scored_vs_asr,scored_only,scored words not in ASR,scored text,43,1.0,-1,found elsewhere in ASR (ASR segment order),0,0,a more neutral stance of policy this is this is the special ...,-,0.45,14.46
20250730,scored_vs_asr,scored_only,scored words not in ASR,scored text,14,1.0,-1,"ASR audio gap (speech present, ASR omitted it)",0,0,of you know major discussion at all at at at the at ...,-,5.67,4.71
20250730,scored_vs_asr,scored_only,scored words not in ASR,scored text,8,0.0,-1,no ASR audio gap (possibly not spoken: edit),0,0,if you if you were if you weren't,,0.0,2.69
20250730,scored_vs_asr,scored_only,scored words not in ASR,scored text,29,0.0,-1,"ASR audio gap (speech present, ASR omitted it)",1,0,look at wages wages are gradually cooling look at vacancies to unemployment ...,,12.34,9.75
20250730,scored_vs_asr,scored_only,scored words not in ASR,scored text,11,1.0,-1,"ASR audio gap (speech present, ASR omitted it)",0,0,unemployment's being held down because both demand and supply are declining,-,3.13,3.7
20250730,scored_vs_asr,scored_only,scored words not in ASR,scored text,47,1.0,-1,"ASR audio gap (speech present, ASR omitted it)",1,0,felt that the time had come to cut and that they for ...,-,13.63,15.8
20250730,scored_vs_asr,scored_only,scored words not in ASR,scored text,27,0.0,-1,"ASR audio gap (speech present, ASR omitted it)",0,0,when we when we have risks to both goals one of them ...,,15.76,9.08
20250730,scored_vs_asr,scored_only,scored words not in ASR,scored text,33,0.0,-1,no ASR audio gap (possibly not spoken: edit),0,0,you have to that means policy should be tight because tight policy ...,,0.0,11.09
20250730,scored_vs_asr,scored_only,scored words not in ASR,scored text,27,1.0,-1,"ASR audio gap (speech present, ASR omitted it)",0,1,still at a healthy level but moving ever closer to what we ...,-,8.45,9.08
20250917,scored_vs_transcript,non-chair turn text inside scored text,scored words from a reporter or moderator turn,question,17,,27,speaker VICTORIA GUIDA,0,0,do you see the court case around lisa cook as being related ...,,,
20250917,transcript_vs_asr,transcript_only,transcript words not in ASR,reporter_or_moderator,12,0.0,3,"ASR audio gap (speech present, ASR omitted it)",0,0,and then just as a quick follow up i'm sorry can you,,2.49,4.11
20250917,transcript_vs_asr,transcript_only,transcript words not in ASR,chair,9,1.0,16,"ASR audio gap (speech present, ASR omitted it)",0,1,time frame 2 percent inflation and maximum employment too,timeframe,2.87,3.08
20250917,transcript_vs_asr,speech_only,ASR words not in transcript,chair,2,10.0,36,"not in transcript (disfluency edited out, or ASR insertion)",0,0,1 1/2,one and a half in the one and a half,,
20250917,transcript_vs_asr,transcript_only,transcript words not in ASR,chair,13,1.0,58,"ASR audio gap (speech present, ASR omitted it)",0,0,the big changes in rates to matter a lot for the housing ...,that,4.32,4.45
20250917,scored_vs_asr,scored_only,scored words not in ASR,scored text,9,1.0,-1,"ASR audio gap (speech present, ASR omitted it)",0,1,time frame 2 percent inflation and maximum employment too,timeframe,2.87,3.08
20250917,scored_vs_asr,scored_only,scored words not in ASR,scored text,13,1.0,-1,"ASR audio gap (speech present, ASR omitted it)",0,0,the big changes in rates to matter a lot for the housing ...,that,4.32,4.45
20251029,transcript_vs_scored,chair transcript text missing from scored text,chair words not in scored text,answer,171,,67,turns 66-71,0,0,that we're thinking of so we can't our tools don't allow us ...,,,
20251029,transcript_vs_asr,transcript_only,transcript words not in ASR,chair,39,1.0,10,"ASR audio gap (speech present, ASR omitted it)",0,0,framework for looking at the place we're trying to reach what we ...,-,11.62,13.25
20251029,transcript_vs_asr,transcript_only,transcript words not in ASR,chair,25,0.0,32,"ASR audio gap (speech present, ASR omitted it)",0,0,many different sources and again including what we get out of the ...,,9.76,8.5
20251029,transcript_vs_asr,transcript_only,transcript words not in ASR,chair,10,1.0,37,"ASR audio gap (speech present, ASR omitted it)",0,0,public consumer facing companies many many of them are saying,-,3.71,3.4
20251029,transcript_vs_asr,transcript_only,transcript words not in ASR,chair,10,0.0,79,"ASR audio gap (speech present, ASR omitted it)",0,0,i don't see at this point a broader credit issue,,5.21,3.4
20251029,scored_vs_asr,scored_only,scored words not in ASR,scored text,39,1.0,-1,"ASR audio gap (speech present, ASR omitted it)",0,0,framework for looking at the place we're trying to reach what we ...,-,11.62,13.25
20251029,scored_vs_asr,scored_only,scored words not in ASR,scored text,25,0.0,-1,"ASR audio gap (speech present, ASR omitted it)",0,0,many different sources and again including what we get out of the ...,,9.76,8.5
20251029,scored_vs_asr,scored_only,scored words not in ASR,scored text,10,1.0,-1,"ASR audio gap (speech present, ASR omitted it)",0,0,public consumer facing companies many many of them are saying,-,3.71,3.4
20251029,scored_vs_asr,scored_only,scored words not in ASR,scored text,10,0.0,-1,"ASR audio gap (speech present, ASR omitted it)",0,0,i don't see at this point a broader credit issue,,5.21,3.4
20251210,transcript_vs_asr,transcript_only,transcript words not in ASR,chair,33,0.0,26,"ASR audio gap (speech present, ASR omitted it)",0,2,reserves call it constant as a as it relates to the banking ...,,12.03,11.47
20251210,transcript_vs_asr,transcript_only,transcript words not in ASR,reporter_or_moderator,19,0.0,54,no ASR audio gap (possibly not spoken: edit),0,0,on the policy what on the committee thank you why is there ...,,0.0,6.6
20251210,scored_vs_asr,scored_only,scored words not in ASR,scored text,33,0.0,-1,"ASR audio gap (speech present, ASR omitted it); overlaps editor brackets",0,2,reserves call it constant as a as it relates to the banking ...,,12.03,11.47
20260318,scored_vs_transcript,non-chair turn text inside scored text,scored words from a reporter or moderator turn,question,29,,78,speaker RICHARD ESCOBEDO,0,0,how concerned and whether or not it will drive up you know ...,,,
20260318,transcript_vs_scored,chair transcript text missing from scored text,chair words not in scored text,answer,187,,52,turns 51-54,2,3,of stagflation yeah so as i mentioned there's tension between the two ...,,,
20260318,transcript_vs_scored,chair transcript text missing from scored text,chair words not in scored text,answer,166,,85,turns 84-85,0,0,i think you have to be cautious about that in particular if ...,,,
20260318,transcript_vs_asr,transcript_only,transcript words not in ASR,chair,14,1.0,19,"ASR audio gap (speech present, ASR omitted it)",0,0,rise in oil prices from where they were before the buildup for ...,-,6.72,4.67
20260318,scored_vs_asr,scored_only,scored words not in ASR,scored text,14,1.0,-1,"ASR audio gap (speech present, ASR omitted it)",0,0,rise in oil prices from where they were before the buildup for ...,-,6.72,4.67
20260429,transcript_vs_asr,transcript_only,transcript words not in ASR,chair,44,1.0,7,"ASR audio gap (speech present, ASR omitted it)",0,0,hypothesis really that tariff tariffs would lead to a one time price ...,-,14.91,14.58
20260429,transcript_vs_asr,transcript_only,transcript words not in ASR,reporter_or_moderator,27,0.0,8,"ASR audio gap (speech present, ASR omitted it)",0,0,ripe given how different the inflation outlook is now versus a meeting ...,,12.41,8.95
20260429,transcript_vs_asr,transcript_only,transcript words not in ASR,chair,20,0.0,9,"ASR audio gap (speech present, ASR omitted it)",0,1,over the interim a bit core inflation's 3.2 percent now moving albeit ...,,6.46,6.63
20260429,transcript_vs_asr,transcript_only,transcript words not in ASR,chair,16,0.0,17,"ASR audio gap (speech present, ASR omitted it)",0,0,in january where i congratulated him and had a nice chat with ...,,4.15,5.3
20260429,transcript_vs_asr,transcript_only,transcript words not in ASR,chair,9,0.0,22,"ASR audio gap (speech present, ASR omitted it)",0,0,i mean what we so what we experienced in,,5.42,2.98
20260429,transcript_vs_asr,transcript_only,transcript words not in ASR,chair,13,1.0,22,"ASR audio gap (speech present, ASR omitted it)",0,0,insight was in any way responsible for the high inflation that we ...,-,5.77,4.31
20260429,transcript_vs_asr,transcript_only,transcript words not in ASR,reporter_or_moderator,9,0.0,26,"ASR audio gap (speech present, ASR omitted it)",0,0,warn people that you're worried about the war impacts,,4.97,2.98
20260429,transcript_vs_asr,transcript_only,transcript words not in ASR,chair,10,0.0,27,no ASR audio gap (possibly not spoken: edit),0,0,you want to make you don't want to make them,,0.0,3.31
20260429,transcript_vs_asr,transcript_only,transcript words not in ASR,reporter_or_moderator,36,0.0,28,"ASR audio gap (speech present, ASR omitted it)",0,1,have faulted the fed for being too slow 2021 with inflation are ...,,14.09,11.93
20260429,transcript_vs_asr,transcript_only,transcript words not in ASR,chair,47,1.0,29,"ASR audio gap (speech present, ASR omitted it)",0,2,18 colleagues on the fomc 11 of them vote during any year ...,-,16.33,15.58
20260429,transcript_vs_asr,transcript_only,transcript words not in ASR,chair,19,0.0,32,"ASR audio gap (speech present, ASR omitted it)",0,0,where the chair the direction the chair wants to go if you ...,,4.23,6.3
20260429,transcript_vs_asr,transcript_only,transcript words not in ASR,chair,8,0.0,40,"ASR audio gap (speech present, ASR omitted it)",0,0,major central bank that doesn't publish a forecast,,3.44,2.65
20260429,transcript_vs_asr,transcript_only,transcript words not in ASR,chair,9,0.0,45,no ASR audio gap (possibly not spoken: edit),0,0,with given our the fact that we're you know,,0.08,2.98
20260429,transcript_vs_asr,transcript_only,transcript words not in ASR,chair,13,0.0,50,no ASR audio gap (possibly not spoken: edit),0,0,they're excellent debates i have to say they're they've been really good ...,,0.0,4.31
20260429,transcript_vs_asr,transcript_only,transcript words not in ASR,reporter_or_moderator,11,0.0,56,"ASR audio gap (speech present, ASR omitted it)",0,0,and the message it sends to president trump by staying on,,2.68,3.65
20260429,transcript_vs_asr,transcript_only,transcript words not in ASR,chair,8,1.0,60,no ASR audio gap (possibly not spoken: edit),0,0,we don't want to use our tools to,know,0.0,2.65
20260429,transcript_vs_asr,transcript_only,transcript words not in ASR,chair,41,1.0,62,"ASR audio gap (speech present, ASR omitted it)",0,0,central banks who do one and do the other and successful countries ...,-,14.55,13.59
20260429,transcript_vs_asr,transcript_only,transcript words not in ASR,chair,8,0.0,62,"ASR audio gap (speech present, ASR omitted it)",0,0,we're you know we're not we're it's a,,1.7,2.65
20260429,transcript_vs_asr,transcript_only,transcript words not in ASR,chair,23,0.0,67,no ASR audio gap (possibly not spoken: edit),0,0,efficient and chris in particular chris waller is particularly passionate about that ...,,0.0,7.62
20260429,transcript_vs_asr,transcript_only,transcript words not in ASR,chair,16,0.0,67,"ASR audio gap (speech present, ASR omitted it)",0,1,which could well be done at 1 much more efficiently and with ...,,4.04,5.3
20260429,transcript_vs_asr,transcript_only,transcript words not in ASR,chair,21,0.0,74,"ASR audio gap (speech present, ASR omitted it)",0,0,across our economy some of that is that consumer spending is hanging ...,,7.6,6.96
20260429,transcript_vs_asr,substituted,transcript words not in ASR,chair,10,3.0,74,"ASR audio gap (speech present, ASR omitted it)",0,0,of momentum in the economy is actually higher than that,-of uh -uh,3.11,3.31
20260429,transcript_vs_asr,transcript_only,transcript words not in ASR,chair,18,0.0,84,"ASR audio gap (speech present, ASR omitted it)",0,0,so every major advanced economy in the world has made the same ...,,7.61,5.97
20260429,transcript_vs_asr,transcript_only,transcript words not in ASR,chair,27,1.0,84,"ASR audio gap (speech present, ASR omitted it)",0,0,elected politicians and the reason is elected politicians are always running for ...,-,9.4,8.95
20260429,transcript_vs_asr,transcript_only,transcript words not in ASR,chair,12,0.0,84,"ASR audio gap (speech present, ASR omitted it)",0,0,political considerations completely ignore them it's this isn't bipartisan this is nonpartisan,,6.26,3.98
20260429,transcript_vs_asr,speech_only,ASR words not in transcript,chair,0,14.0,84,"not in transcript (disfluency edited out, or ASR insertion)",0,0,,so we're going to go ahead and do a little bit more ...,,
20260429,transcript_vs_asr,transcript_only,transcript words not in ASR,reporter_or_moderator,9,0.0,86,"ASR audio gap (speech present, ASR omitted it)",0,0,thank you chair powell richard escobedo with cbs news,,6.12,2.98
20260429,transcript_vs_asr,transcript_only,transcript words not in ASR,chair,57,0.0,87,"ASR audio gap (speech present, ASR omitted it)",0,0,not just this time but it's been remarkably resilient for some years ...,,17.19,18.89
20260429,transcript_vs_asr,transcript_only,transcript words not in ASR,reporter_or_moderator,20,1.0,88,"ASR audio gap (speech present, ASR omitted it)",0,0,those costs getting passed along to consumers is a real concern and ...,-,14.6,6.63
20260429,transcript_vs_asr,transcript_only,transcript words not in ASR,chair,18,0.0,89,no ASR audio gap (possibly not spoken: edit),0,0,all of those things are in are in the models that we ...,,0.06,5.97
20260429,scored_vs_asr,scored_only,scored words not in ASR,scored text,44,1.0,-1,"ASR audio gap (speech present, ASR omitted it)",0,0,hypothesis really that tariff tariffs would lead to a one time price ...,-,14.91,14.58
20260429,scored_vs_asr,scored_only,scored words not in ASR,scored text,20,0.0,-1,"ASR audio gap (speech present, ASR omitted it); overlaps editor brackets",0,1,over the interim a bit core inflation's 3.2 percent now moving albeit ...,,6.46,6.63
20260429,scored_vs_asr,scored_only,scored words not in ASR,scored text,16,0.0,-1,"ASR audio gap (speech present, ASR omitted it)",0,0,in january where i congratulated him and had a nice chat with ...,,4.15,5.3
20260429,scored_vs_asr,scored_only,scored words not in ASR,scored text,9,0.0,-1,"ASR audio gap (speech present, ASR omitted it)",0,0,i mean what we so what we experienced in,,5.42,2.98
20260429,scored_vs_asr,scored_only,scored words not in ASR,scored text,13,1.0,-1,"ASR audio gap (speech present, ASR omitted it)",0,0,insight was in any way responsible for the high inflation that we ...,-,5.77,4.31
20260429,scored_vs_asr,scored_only,scored words not in ASR,scored text,10,0.0,-1,no ASR audio gap (possibly not spoken: edit),0,0,you want to make you don't want to make them,,0.0,3.31
20260429,scored_vs_asr,scored_only,scored words not in ASR,scored text,47,1.0,-1,"ASR audio gap (speech present, ASR omitted it)",0,2,18 colleagues on the fomc 11 of them vote during any year ...,-,16.33,15.58
20260429,scored_vs_asr,scored_only,scored words not in ASR,scored text,19,0.0,-1,"ASR audio gap (speech present, ASR omitted it)",0,0,where the chair the direction the chair wants to go if you ...,,4.23,6.3
20260429,scored_vs_asr,scored_only,scored words not in ASR,scored text,8,0.0,-1,"ASR audio gap (speech present, ASR omitted it)",0,0,major central bank that doesn't publish a forecast,,3.44,2.65
20260429,scored_vs_asr,scored_only,scored words not in ASR,scored text,9,0.0,-1,"ASR audio gap (speech present, ASR omitted it)",0,0,you know with given our the fact that we're,,4.16,2.98
20260429,scored_vs_asr,scored_only,scored words not in ASR,scored text,13,0.0,-1,no ASR audio gap (possibly not spoken: edit),0,0,they're excellent debates i have to say they're they've been really good ...,,0.0,4.31
20260429,scored_vs_asr,scored_only,scored words not in ASR,scored text,8,1.0,-1,no ASR audio gap (possibly not spoken: edit),0,0,we don't want to use our tools to,know,0.0,2.65
20260429,scored_vs_asr,scored_only,scored words not in ASR,scored text,41,1.0,-1,"ASR audio gap (speech present, ASR omitted it)",0,0,central banks who do one and do the other and successful countries ...,-,14.55,13.59
20260429,scored_vs_asr,scored_only,scored words not in ASR,scored text,8,0.0,-1,"ASR audio gap (speech present, ASR omitted it)",0,0,we're you know we're not we're it's a,,1.7,2.65
20260429,scored_vs_asr,scored_only,scored words not in ASR,scored text,23,0.0,-1,"ASR audio gap (speech present, ASR omitted it)",0,0,and efficient and chris in particular chris waller is particularly passionate about ...,,7.99,7.62
20260429,scored_vs_asr,scored_only,scored words not in ASR,scored text,16,0.0,-1,"ASR audio gap (speech present, ASR omitted it)",0,1,which could well be done at 1 much more efficiently and with ...,,4.04,5.3
20260429,scored_vs_asr,scored_only,scored words not in ASR,scored text,21,0.0,-1,"ASR audio gap (speech present, ASR omitted it)",0,0,across our economy some of that is that consumer spending is hanging ...,,7.6,6.96
20260429,scored_vs_asr,substituted,scored words not in ASR,scored text,10,3.0,-1,"ASR audio gap (speech present, ASR omitted it)",0,0,of momentum in the economy is actually higher than that,-of uh -uh,3.11,3.31
20260429,scored_vs_asr,scored_only,scored words not in ASR,scored text,27,1.0,-1,"ASR audio gap (speech present, ASR omitted it)",0,0,elected politicians and the reason is elected politicians are always running for ...,-,9.4,8.95
20260429,scored_vs_asr,scored_only,scored words not in ASR,scored text,12,0.0,-1,"ASR audio gap (speech present, ASR omitted it)",0,0,political considerations completely ignore them it's this isn't bipartisan this is nonpartisan,,6.26,3.98
20260429,scored_vs_asr,scored_only,scored words not in ASR,scored text,57,0.0,-1,"ASR audio gap (speech present, ASR omitted it)",0,0,not just this time but it's been remarkably resilient for some years ...,,17.19,18.89
20260429,scored_vs_asr,substituted,scored words not in ASR,scored text,16,10.0,-1,"ASR audio gap (speech present, ASR omitted it)",0,0,all of those things are in are in the models that we ...,was there any discussion today about whether or not -,18.71,5.3
