,SPY,EFA,IEF,VNQ,DBC
2005-11-01,-0.0002399993510956295,5.0407310674307955e-05,-0.00038022633486561603,-0.004559258851658146,0.0
2005-11-02,0.0020663459670578078,0.002721847307802156,-0.00044141339684366273,0.0018111904573560628,0.0
2005-11-03,0.0008232324154108347,-0.00013513296902437064,-0.0007333435778215531,-0.0006151933088522082,0.0
2005-11-04,-0.0002921298595278849,-0.0018768916843963299,-0.00012793239672214668,-0.0011738100086013093,0.0
2005-11-07,0.0001657496289994535,0.001129128322105442,0.00033386553142503937,0.0009122753513812822,0.0
2005-11-08,-3.0214578307904527e-05,-0.0005187951800188125,0.0009622191140557777,-0.0005852894403801978,0.0
2005-11-09,0.00023084474803755135,-0.00016811973184406397,-0.0010940402529870407,0.002220646500813957,0.0
2005-11-10,0.001521177997178549,-0.00027596205735421235,0.0011076876238035928,0.004726496377350818,0.0
2005-11-11,0.0006504716157031558,0.0010223971622552413,0.0002107200625401527,0.0007746376645939731,0.0
2005-11-14,-0.00014445722814308774,-0.0012197087988001863,-0.0009249236908200555,-0.00018701148474980847,0.0
2005-11-15,-0.0007589880360442172,-0.0011189619041493553,0.0006464667636183891,-0.0001290432765962845,0.0
2005-11-16,0.00037441704052210465,-0.00038282879884156504,0.00098116547040275,-0.0011680705765914883,0.0
2005-11-17,0.0018318049499819983,0.0033865024211440667,0.00035433366827563884,0.003271028466373332,0.0
2005-11-18,0.0007549459785846911,0.0013575282371713748,-0.0005103759352353454,0.0006973114248904782,0.0
2005-11-21,0.0009764595935590941,0.00024512491030155575,0.0003533409752094498,0.0009589059638506096,0.0
2005-11-22,0.0008258587514317283,0.0006361763414109662,0.0006619691564927661,0.002550419252596417,0.0
2005-11-23,0.0011250806529908993,0.0009309007309933866,-0.0005560265786077575,0.0008466404549221165,0.0
2005-11-25,0.00012647893236443394,-0.0019488650215448936,0.0005672529042125277,0.0006471116746276226,0.0
2005-11-28,-0.0014457147238495672,0.0004869994601381388,0.00023185115089166243,-0.0022232737228217244,0.0
2005-11-29,-0.0002505882169052055,-0.0003403350367235953,-0.0011287119743699553,9.972437930652535e-05,0.0
2005-11-30,-0.001109478080553993,-0.0015858709740643488,-0.00012625518410263014,-0.0012280826045962616,0.0
2005-12-01,0.002009282971471721,0.003711018183897074,-0.00048308296209238235,0.002881833326109977,0.0
2005-12-02,0.00022148997737165318,0.0007191209900566364,0.00013796192024542758,-0.0010312288146440652,0.0
2005-12-05,-0.0004576952994778624,0.0008535631614620781,-0.0006352625440219753,-0.0007734592831845563,0.0
2005-12-06,0.00034808838722442834,0.0005779213730875058,0.0009128279875128281,-0.0006705869936261809,0.0
2005-12-07,-0.0011985091641533439,-0.0013481369965286016,-0.0001514951578684698,-0.0010745255952555718,0.0
2005-12-08,-0.00015705396300803767,-6.444589555591068e-05,0.0008353495379823948,0.0014838511221971866,0.0
2005-12-09,0.0004930871731476311,0.0019688688113790095,-0.0009191902027294452,0.0004905356235657184,0.0
2005-12-12,0.00015905211338759114,0.0024890295453903486,-0.000490493484762428,0.0001015967726033972,0.0
2005-12-13,0.0013303938848947944,0.0009340938537280799,0.0004525068718761874,0.0009433698298386567,0.0
2005-12-14,0.0007562297614614123,-0.00012890230646985467,0.0012201058024378178,0.0003573615862884081,0.0
2005-12-15,-0.0006090151774399761,-0.0018855547980148003,-0.0002937391769679355,-0.0015400029413045874,0.0
2005-12-16,-0.0006745170905562385,0.0015377487735616362,0.0003286814000632176,0.0006850571172285574,0.0
2005-12-19,-0.0010571303928543672,-0.0003912791393209497,8.944785552419775e-05,-0.00265492529816797,0.0
2005-12-20,0.00016007468212735895,3.2192076323928096e-06,-0.0003654909185741679,0.00023402464113519452,0.0
2005-12-21,0.00028736829237022463,0.0009306383764536392,-0.00029484052835391806,0.001181993770881607,0.0
2005-12-22,0.0010151760065543354,0.001123078410276114,0.0007600568164165954,0.0011163750797727485,0.0
2005-12-23,7.953162595921573e-05,-0.00012858905611189743,0.00044667390088644706,0.0006478012265277779,0.0
2005-12-27,-0.002065018412169001,-0.0018690444431161122,0.0009232464614414443,-0.000934082451320871,0.0
2005-12-28,0.00041556431422259005,0.0014238874233791375,-0.0006468296484743841,-0.0002607695413419708,0.0
2005-12-29,-0.0009235149040922144,3.596701285796639e-05,0.0002076595375957854,-0.0010577137336917515,0.0
2005-12-30,-0.0011187818476091629,-0.0009352216612497933,4.072937867904736e-05,-0.0006006749925219062,0.0
2006-01-03,0.0034854742714524054,0.006625677915013816,-5.2728835691557236e-05,0.0039945567697337175,0.0
2006-01-04,0.0009153933729335671,0.0016270444337109907,0.00032572603932735163,0.0014483562449637186,0.0
2006-01-05,9.312779504614415e-05,-0.0010339008906519122,1.4917438746031024e-05,0.0015005451782225446,0.0
2006-01-06,0.001630620764597123,0.0026561990416167783,-0.00029522957163992364,0.0018464610582063638,0.0
2006-01-09,0.0004815352041342266,6.380689958451114e-05,6.263577402315675e-05,0.0016663514818835285,0.0
2006-01-10,0.00016759216402316088,-0.00181026219399264,-0.0008420868778318699,0.0011716384495893827,0.0
2006-01-11,0.0006028791116962534,0.0016814760180471524,-0.0005351456891392926,0.0002842723419515792,0.0
2006-01-12,-0.0008227715269148658,-0.0016694746223520841,0.0006842773395329109,-0.0006014689511623814,0.0
2006-01-13,-0.00021963062764812936,0.0007436704672825953,0.0008487169914792676,-0.002504944411131275,0.0
2006-01-17,-0.000578129148803677,-0.0025353955738728227,0.00020238657789857262,-0.0008336252949394396,0.0
2006-01-18,-0.0008277503204972085,-0.002740676624772294,3.7933680897990915e-05,-6.627340564267632e-05,0.0
2006-01-19,0.0007326551262416833,0.0022398069336564985,-0.0005325799441580259,0.002478749369056468,0.0
2006-01-20,-0.0036852728218356575,-0.0030652756523395453,0.00029946267717412685,-0.001974961075082337,0.0
2006-01-23,0.0006807512297306471,0.00274514270840156,-7.852657576760193e-05,0.0008658621653465808,0.0
2006-01-24,0.00017164351078396414,0.0009793706612327034,-0.0003669956129004039,0.0014677236035323675,0.0
2006-01-25,0.00014064100887296906,0.0006487981482150962,-0.00127552942055571,9.330064591310914e-05,0.0
2006-01-26,0.0010704708446175814,0.0023285143984030725,-0.00046638917548735425,0.0006320257918883384,0.0
2006-01-27,0.0018208382838394337,0.0010242369498505697,0.00010877642559956349,0.0022087752598048903,0.0
2006-01-30,-0.0001905234452537989,0.00012478007770771484,-0.00046680168750929806,-0.000188161976216923,0.0
2006-01-31,-0.0014989329080460222,0.00015630120830451016,0.0002536595901838501,0.0005008407633795526,0.0
2006-02-01,0.0013597264570250976,0.000570044655582955,-0.0006520134202776028,0.0009015130989105266,0.0
2006-02-02,-0.002357383020696666,-0.002291185192068485,-3.450145767591331e-05,-0.001432869976626211,0.0
2006-02-03,-0.0010276413288326691,-0.000545009008450404,0.0005682381769879006,-0.001786979459468505,0.0
2006-02-06,0.00048779691200439277,-0.00032251053260537736,-0.00032417011968856086,0.0007235530613425413,0.0
2006-02-07,-0.0018065905532419055,-0.0015178348126722297,-0.00027525436457603587,-0.0016061561112279518,-0.0
2006-02-08,0.0017786951444980072,0.0006815559743024022,-0.000155255950558456,-0.000923627240993857,-0.0
2006-02-09,-0.0003662345254230626,0.0003542199796299576,0.00015847930696152404,0.0009204842684131844,0.0
2006-02-10,0.0003290761474513312,-0.0004842830124126954,-0.0006129830763745317,0.00015596181537233945,0.0
2006-02-13,-0.00039837873914206734,-0.001424287101921827,-3.501506271887936e-05,0.0002493903646069112,0.0
2006-02-14,0.002082938628545424,0.0021826127280259867,-0.00032599325001780546,0.0010708614839640951,-0.0
2006-02-15,0.0006684117060119152,-0.0018424301133160813,0.00032853690493542026,0.0017306869828770765,0.0
2006-02-16,0.0014618322947487457,0.0018822745054041079,-0.00013191672533666772,0.0013051997844103474,0.0
2006-02-17,-0.0005773832479643653,-0.0006088851034516652,0.0006426896089723569,0.0020964148247597358,0.0
2006-02-21,-0.0005315567468185352,-1.8562167649445545e-06,-0.0002769611964718017,-0.0002804190933012969,0.0
2006-02-22,0.0011783967135034668,0.0014813269218127074,0.0007133889286093614,0.002202958075280328,-0.0
2006-02-23,-0.0003297733305569931,0.00047924615725492757,-0.0005174830601183268,-0.0003694937349880859,-0.0
2006-02-24,0.0004758373305048362,0.0006351575236351477,-0.0002768204542309288,-0.0010997978766235184,0.0
2006-02-27,4.1541763886316114e-05,0.000664709976261858,-0.0004226241789092484,-4.029824240723652e-06,-0.0
2006-02-28,-0.0019372295296853424,-0.0018797341978713995,0.0007614756822355428,-0.0007692285078873081,0.0
2006-03-01,0.0017446042713402483,0.0020133987646649303,-0.0004316199388368516,0.001145607296946189,-0.0
2006-03-02,-5.106050922786988e-05,-0.00041377454655777213,-0.0008351915982818108,-0.0002786582663887183,0.0
2006-03-03,-0.0009631650742242861,-0.000859392351495655,-0.0005216324588272703,-0.0011332139094290036,0.0
2006-03-06,-0.0009513781971374479,-0.0007997468973662919,-0.0006704140586986537,0.0035729121392993027,-0.0
2006-03-07,-0.00034781278697104684,-0.0024722874739823704,6.165583412316075e-05,-0.002438509925215187,-0.0
2006-03-08,0.0003873760780927304,0.0006476336173669705,6.237790243997716e-05,0.0010006057273413023,-0.0
2006-03-09,-0.0013779848041659268,-0.0002579012217633852,0.00016014590787036473,0.0016032937446184112,0.0
2006-03-10,0.0018625564641751083,0.002998299195179441,-0.0004266338428488935,0.001769542850521378,0.0
2006-03-13,0.00033760399833388877,0.0016192315005287767,-0.0002067924202062086,-0.00134481348154678,0.0
2006-03-14,0.00206402253209702,0.00208485178286789,0.0011140238765987261,0.0014039707015218964,0.0
2006-03-15,0.0008561395406609291,0.0006829848220886052,-0.00040104390825188984,0.0037402699853323882,-0.0
2006-03-16,0.0003771203493680749,0.000620428257629498,0.0012320334002195418,0.0020404087694013183,0.0
2006-03-17,0.0001310888239633324,0.0009262127617153292,-0.0004485692154182115,0.0017571029652929194,0.0
2006-03-20,-0.00035865031267837274,0.00036690757186529137,0.00035237619601111744,-0.00339029151966762,-0.0
2006-03-21,-0.001292472645870317,-0.002107065032673233,-0.000859764101545914,-0.0023566763965315986,0.0
2006-03-22,0.0011856655745110447,0.0018307906430894214,0.0002072268321703616,0.00040936124418365616,0.0
2006-03-23,-0.00045021044794957217,-0.00245003666376982,-0.0005452730771641764,0.0004992867499168873,0.0
2006-03-24,0.00011848427278442608,0.0015589118684227103,0.0008421226733934628,-0.000318214711904964,0.0
2006-03-27,-0.00032761180959448185,-0.00037694537338038727,-0.00047245624272645504,-0.002345294418375824,0.0
2006-03-28,-0.0012668151451038204,-0.0019623667320437907,-0.0010092509094423105,0.0021789810540598217,0.0
2006-03-29,0.0012187403588623518,0.002595384365984839,-0.00023155045153847416,0.0036856986817186133,0.0
2006-03-30,-0.0003897432116102455,0.00237426582291098,-0.0006237022362184075,-0.002910157393387169,0.0
2006-03-31,1.0671110619021869e-05,-0.0014454606639750262,0.00011123454619559746,0.0003779722398826537,0.0
2006-04-03,-0.00018991862332322178,0.00214724384897066,-0.000256250989298238,-0.00347286102473187,0.0
2006-04-04,0.0012447003466967395,0.0015468519733234725,-1.152699359579138e-05,-0.0014127763382473684,-0.0
2006-04-05,0.0006544935296534651,0.0006302641581722333,0.00043153784987039553,0.0010549378972952777,0.0
2006-04-06,-0.0002499165385224056,0.00014458050532103846,-0.0006012038096143154,-0.0008469351028205083,0.0
2006-04-07,-0.0020659031040109557,-0.002325083334913694,-0.0009490429437124057,-0.0030443360910840283,0.0
2006-04-10,0.0002724086953106003,0.00032927525945680963,0.00021124067076775432,-0.0019336343793703776,0.0
2006-04-11,-0.0017309037449201143,-0.0013729196717648757,0.00033419839088541276,-0.0005308445562744725,0.0
2006-04-12,0.00033639091887026633,-0.0010168328842109695,-0.0005047454349850385,-3.638222272627969e-05,-0.0
2006-04-13,-0.00030002441584020306,0.0004855716429626486,-0.001100204762075829,-0.002670640079097929,0.0
2006-04-17,-0.00011453805100720742,0.0008843351167353411,0.00073361469979083,-0.0006021021293177007,0.0
2006-04-18,0.0031379744413774537,0.004042259946928596,0.0006073720560692698,0.004838267388037682,0.0
2006-04-19,0.000345466649471842,0.0013445357505892776,-0.000604242988367712,0.002415315712790744,0.0
2006-04-20,0.00023809017128249865,-0.0009281590047382502,-0.00020987602843569917,0.0001760728094668683,-0.0
2006-04-21,-5.120209248209889e-06,0.0013062374994124116,0.00038476601982218776,-6.886627592686773e-06,0.0
2006-04-24,-0.000402822595160153,0.00017103151508298598,0.00021026928906612267,-0.0010637420736154279,-0.0
2006-04-25,-0.0008619364003685831,-0.00015437730498227904,-0.0012978424037425624,-0.0015603497254687983,0.0
2006-04-26,8.764491842022772e-06,0.0012066486677092727,-0.000136753564210435,-0.0006481685092602521,0.0
2006-04-27,0.0009358973225012012,0.00034530639486767776,0.0005103933337898807,0.0012541369160836509,-0.0
2006-04-28,0.0006364959468397021,-6.339644870868351e-06,0.0003101688456512218,0.0006972338929032752,0.0
2006-05-01,-0.0016694787942242023,-0.00011111085045065449,-0.0011234261171812953,-0.0024343300384885008,0.0
2006-05-02,0.0014655208343655507,0.00301602878702268,0.0002880473994292383,-0.0020769002333515425,0.0
2006-05-03,-0.0007837920149525924,-0.0012266065967274625,-0.0003114813135598523,0.0003371593386654902,-0.0
2006-05-04,0.0006808119374182651,0.00150908654362614,-0.00016196848350998337,0.0027892071886351623,-0.0
2006-05-05,0.001728954161675194,0.003025140822071153,0.00043682023115797035,0.0025371919678238474,0.0
2006-05-08,-0.0002794708629455758,-0.0002076907554484366,6.187379230757088e-05,0.0008401567801776661,0.0
2006-05-09,0.00035507504953733593,0.0011581475095871435,-0.00011249819027251867,-0.0001280904728674949,0.0
2006-05-10,-0.0001432360534321876,-0.0006612258509578324,6.234489713212362e-05,-0.0007622213407246851,0.0
2006-05-11,-0.002449018334419489,-0.002053682465759639,-0.000386093134940691,-0.0037412189947028597,0.0
2006-05-12,-0.0026506671028714898,-0.002621208631170392,-0.0007859682003675834,-0.0025714051719705135,0.0
2006-05-15,0.0003651251237050219,-0.0017461630416086157,0.0003867811522926448,0.002701065436728851,-0.0
2006-05-16,-0.00033075566109192926,-0.00033102621329354526,0.0007122389585992423,-0.0008055647365197598,0.0
2006-05-17,-0.0038435713182396014,-0.006425073269555938,-0.0006103558544309667,-0.0037887136972099946,0.0
2006-05-18,-0.0010483076883921545,-0.0006438298425577039,0.0013865217161403234,-0.0015588553253468036,0.0
2006-05-19,0.0013709870407021796,0.0009683410354894,-0.0001613682252969498,0.00044158670915976525,-0.0
2006-05-22,-0.0015637885641507907,-0.00441818101988909,0.00023991888023132402,-0.0005770969168789643,0.0
2006-05-23,-0.0015400307267843057,3.4720062204524876e-05,-0.00011066608197252565,-0.0022397662667168277,0.0
2006-05-24,0.0015586208629833004,-0.00016137723319034674,0.0002605153780864491,0.00028420121150124716,-0.0
2006-05-25,0.0024333671018753012,0.002654988529702813,-0.00036108526970622147,0.003708155693334937,0.0
2006-05-26,0.000981659640069763,0.001582730549656692,0.00013619715476374445,0.0023562432672548307,0.0
2006-05-30,-0.003592605880500831,-0.0030783029386588154,-0.00021108213919810145,-0.0016837116766140595,0.0
2006-05-31,0.00219779200305962,0.0014395861168609643,-0.0006594813575906933,0.000310360290438914,-0.0
2006-06-01,0.0018742049330371666,0.0012746405964293977,0.0002964208218401912,0.0036134741095340665,0.0
2006-06-02,0.00038162108204641226,0.0019091348156144417,0.0015072879237766927,0.002271007470597699,0.0
2006-06-05,-0.0029520408804257756,-0.004377857605701483,-0.00043300545477274386,0.0009353170905894435,0.0
2006-06-06,-0.0005245060241386048,-0.002472954744938428,0.00013580528854614994,-0.0024167309390366013,0.0
2006-06-07,-0.00153369995732372,-0.002784308554813132,-0.0003097773037487531,0.0013683589345083646,-0.0
2006-06-08,-0.0002130732309751647,-0.004460159902373821,0.00023481540199924396,-0.000462000323141964,-0.0
2006-06-09,-0.0006708478680420602,-0.0002516190109827595,0.0004581211841532859,0.001276534762971169,0.0
2006-06-12,-0.00220334977206407,-0.001739554469097005,-0.00013706056113839703,-0.002428997824976863,0.0
2006-06-13,-0.0023545614604035844,-0.006329149681711832,0.00023414885286156836,-0.0020930189155044395,-0.0
2006-06-14,0.0015118637946083017,0.002858169885578357,-0.0013737666974828627,-0.0017456725429469322,-0.0
2006-06-15,0.0042119956462096375,0.006817106121264706,-0.0004868726646232803,0.004149618953275648,0.0
2006-06-16,-0.0014957797659296021,-0.0016423477336217315,-0.00016001382306204333,-0.0004346977730862552,0.0
2006-06-19,-0.0016031540364127889,-0.0010372397227453938,-0.0002631336423450502,-0.0014102550742748638,-0.0
2006-06-20,0.0006409328552490705,0.0011625351193159717,-0.00018820681095022048,-0.0010857087528105718,0.0
2006-06-21,0.0014462466164120598,0.0025432064679629944,-6.277577048587125e-05,0.0022897745229651066,0.0
2006-06-22,-0.0009178455214167114,-0.001090589799196254,-0.0006871530105484027,-0.0014481658574137441,0.0
2006-06-23,-7.047004425105346e-05,-0.0006124928178741658,-0.0002134896188003957,-0.0015468525286011566,0.0
2006-06-26,0.00084565768724414,0.0015336192316590248,-0.00016451377570635413,0.002090587943763852,0.0
2006-06-27,-0.0017674665978033301,-0.0037414209876448826,0.0004873233537301266,-0.0002563730275052756,0.0
2006-06-28,0.0013169919972785247,0.0022308015290787788,-0.0006906171770412918,0.0005535898889330205,-0.0
2006-06-29,0.004005427340692464,0.007326521180891285,0.0007906736776289809,0.004390746928438166,0.0
2006-06-30,-2.3606830782909447e-05,0.0024670499772229248,0.0006621014209143263,0.0014804735366185688,0.0
2006-07-03,0.0007780954002987121,0.0010007322184613038,-0.00013482933032331855,0.0036598339037540437,0.0
2006-07-05,-0.0011812323174489687,-0.003854057298664854,-0.000763189182587169,-0.0003643765683627676,0.0
2006-07-06,0.0005438489478264777,0.002066152033780075,0.0005890787798593164,0.00043698080112460346,0.0
2006-07-07,-0.0013443657520273158,-0.0009541047047538941,0.0005864071105843425,-0.0008679594462060428,-0.0
2006-07-10,0.0003399104155098479,0.0016256604530721082,0.00011151657756634826,0.001534947339494883,-0.0
2006-07-11,0.000845665902177007,0.0005156671364292767,0.00018529264323164,0.0002850200282287065,0.0
2006-07-12,-0.002173140719186965,-0.003803586806417477,0.0001345395486953108,0.0004906848807153936,0.0
2006-07-13,-0.003294783721920978,-0.0035612023440013837,0.00040700981625414333,-0.0027403399724453543,0.0
2006-07-14,-0.0008106757864011784,-0.0017499780371870671,0.00010945809283342269,-0.0027824313952185707,0.0
2006-07-17,-0.0003303959230962604,-0.0028406495797262507,-0.00021321297962462364,-3.742464761978609e-05,-0.0
2006-07-18,0.0009811868534273568,-0.000363835053660301,-0.0008109642434447133,0.0029695755467622677,0.0
2006-07-19,0.002745383910254754,0.004905754254316866,0.001244244302828019,0.0030661049713743213,0.0
2006-07-20,-0.0014056954367369576,-0.0011123936398183681,0.00038381971344024707,-0.0016692591376102892,0.0
2006-07-21,-0.0014473804604274872,-3.3876814327233716e-05,-0.00016309496182199704,-0.0033272457379254043,0.0
2006-07-24,0.003603266925418879,0.0035805687919408017,-3.974301384561483e-05,0.0032579468034423208,0.0
2006-07-25,0.0006748720574070966,-0.00010199704898785985,-0.00023741708847819666,0.000992483624378897,0.0
2006-07-26,0.00022906340148697732,0.0013682111206360379,0.00045544851789554373,0.0006646586863156602,-0.0
2006-07-27,-0.0002296050945431889,0.001217907935181595,-6.546481225471597e-05,-0.0006831580449224422,0.0
2006-07-28,0.001966456387730575,0.003957174819847624,0.0005039999289055462,0.002870957295397242,0.0
2006-07-31,-0.00024237354587143314,-0.0007350705043245709,0.00028022335616547766,-0.0007050692922984473,0.0
2006-08-01,-0.0010253240005486711,-0.001435859007546813,6.542764022432464e-06,-0.00108508671707744,0.0
2006-08-02,0.0013116189298868915,0.002156008545124794,0.0001335272516275169,-0.00041988669850577575,0.0
2006-08-03,0.0004943556175060485,-0.0003604018004348358,9.301602531186006e-06,0.0018595656746413492,0.0
2006-08-04,-0.00038181124225101647,0.00011459245921730637,0.0009466350187022992,0.0031135275998534356,0.0
2006-08-07,-0.0005076683541389942,-0.0012789731794284036,-0.00030929838005571244,-0.0020024424336613222,0.0
2006-08-08,-0.0008044384361263759,-0.0007398506686961914,-1.4948317005290534e-05,-0.0030049882705701697,-0.0
2006-08-09,-0.0007116940356456995,0.0009529555938352388,-0.0001345145177954412,-0.0012627097270831178,0.0
2006-08-10,0.0005783227614027982,0.00041728282793065464,1.026348306334856e-05,0.00010811512541325783,-0.0
2006-08-11,-0.0006043419622804597,-0.0017690804418436673,-0.0006780656508955183,-0.001268372004967536,0.0
2006-08-14,0.00011877455672425604,0.0006367862969168821,-0.0003855233634024049,0.0018807972356156377,0.0
2006-08-15,0.0023515880672612616,0.004282414808171359,0.0009237994738423462,0.002245187458188671,0.0
2006-08-16,0.0016235799223510282,0.0017800173941297484,0.0007959375377512476,0.00033701808229985044,-0.0
2006-08-17,0.0004700941704384444,-0.0007793053832175901,-8.756306559108358e-05,-0.0003284713653336424,-0.0
2006-08-18,0.0009761810807156628,0.0007914460284522617,0.0004989779425038776,0.0008578129650414482,0.0
2006-08-21,-0.0008969007268835229,-0.0006605546709428072,0.00020431106912443097,0.0011125560329324302,0.0
2006-08-22,-5.474320552145015e-05,-0.0006024712035570889,3.352935178766497e-05,0.0013625366774677682,-0.0
2006-08-23,-0.0005931866878207765,-0.0007510140127807661,-0.0002345622930737989,-0.0015711592807555758,-0.0
2006-08-24,-0.0002089062590582126,-0.0006017220315271185,0.0001558279640738138,0.000735274380223285,0.0
2006-08-25,0.0002072786426988648,-0.00018928125170649955,0.00022848933017859436,-0.00018200473033651825,0.0
2006-08-28,0.0009174420761244177,0.000798824120115842,-6.386741381961004e-05,0.0023294887170868576,-0.0
2006-08-29,0.00019094023520191216,0.0015688604776961195,0.00013342660119353142,-1.0812306904844499e-05,0.0
2006-08-30,8.354472761086752e-05,-3.7105504414564525e-05,0.0002043052291907758,0.0011475044635230944,0.0
2006-08-31,-6.997882642977013e-05,-3.617598771137909e-05,0.00022805179979083884,0.00013092778886252733,0.0
2006-09-01,0.0011545008911076058,0.0014396939595144392,0.0002588679206052731,-0.0011853114560234567,0.0
2006-09-05,0.0003419686861106325,0.0010178229521153593,-0.0006962626502675849,0.001990092264490678,0.0
2006-09-06,-0.0018007511368724335,-0.0034066927603445206,-0.0001850955860699121,-0.0009866952965509423,-0.0
2006-09-07,-0.0009579438499509006,-0.002447939470087829,0.00010706574857322407,-0.0016605125291661972,0.0
2006-09-08,0.0005311177008529281,2.212259871279729e-05,0.00015714911125517964,0.0018584983439197986,-0.0
2006-09-11,0.0001618227026440768,-0.0012411267580317777,-0.0004032231765982787,0.0006090009878059532,-0.0
2006-09-12,0.0019257562534611293,0.0022571479986131125,0.0005248468799363013,0.0025290532470313605,-0.0
2006-09-13,0.0007670256213278539,-0.0004252005668655604,0.00015677492643205373,0.0010911112203426817,-0.0
2006-09-14,-2.2708666511406867e-05,0.00023163207300418262,-0.00042736636013972895,-0.0011092183265091174,0.0
2006-09-15,0.00043242047854313766,-0.00045657791632186073,-0.00016055065215372336,0.0015627446086346098,-0.0
2006-09-18,0.00023452307956801384,0.0008014106518486219,-0.0003300391013240835,-0.0014600012014807523,0.0
2006-09-19,-0.0005380675539833812,-0.001892065277528458,0.0011565091841949009,0.0014519419948315097,0.0
2006-09-20,0.0010240879725496453,0.0019190157893037066,9.856587812340918e-06,-0.0004753976141356955,-0.0
2006-09-21,-0.0010045249927862013,0.00044416063664052,0.0013956882814335236,-0.0022640307674019425,0.0
2006-09-22,-0.000645310872203002,-0.0010181683167426211,0.0005637620395069821,0.0004891176188344147,0.0
2006-09-25,0.001498712703666677,0.0007998302962317931,0.0006347472947991471,0.00026458818998388866,0.0
2006-09-26,0.0016208649291559124,0.0004442264855801448,-0.0005405146266115012,-0.0005107689737992899,0.0
2006-09-27,0.00020226474948309008,0.0012389414143069522,-8.478583714680161e-05,0.0017238937461939532,0.0
2006-09-28,-0.00011261885154660923,0.0005232711208512978,-0.00022993134848583104,-0.00045087721876860395,0.0
2006-09-29,-0.00020227800892967966,-0.0004801753220389327,-0.0002540103073604813,-0.00023159852819985618,0.0
2006-10-02,-0.0007874650115235743,0.0005240432438359912,0.0003154199319027129,-0.00042633483071459304,0.0
2006-10-03,0.00038304262029534736,0.0001394657286494435,-6.190338968355044e-05,0.0019130398385639128,-0.0
2006-10-04,0.002303588065376554,0.0018793512847704256,0.0008767583455172972,0.0022743358363311074,0.0
2006-10-05,0.0003472300317599348,0.00019488855588633135,-0.0007345562739902985,0.0012684438304163704,0.0
2006-10-06,-0.0002897119922135151,-0.0018158008630598213,-0.00112208929713831,-0.0012786051258013014,0.0
2006-10-09,8.056274392649371e-05,0.00010967934682873799,0.0002038414656851128,0.0011044440462940656,0.0
2006-10-10,0.00022768663302749598,0.00019659708002864827,-0.0012496887135714698,-1.1495435151052493e-05,0.0
2006-10-11,-0.0002748293541446531,-0.00018529194037828433,-0.0002795417032553127,-0.0007971269436617142,-0.0
2006-10-12,0.001692088205308311,0.0020993656940976654,8.277369629972704e-05,0.00178092612628762,0.0
2006-10-13,0.000474827640729211,0.00030931144490242913,-0.000380268228055351,0.0022473988941818313,0.0
2006-10-16,0.00026873084145162453,0.0007132139749803909,0.00030224488226512355,0.0003867462689146808,0.0
2006-10-17,-0.0006681125955998843,-0.0012815728710169007,0.00018025594073765026,-0.0007031634154483995,0.0
2006-10-18,0.00022552473311859093,0.000454757738900015,-8.823222804096622e-05,0.0009747405255542196,-0.0
2006-10-19,0.0002836408619610131,0.0014640109455926306,-0.00020945569300837914,-0.0005167087824140836,0.0
2006-10-20,4.461157700249014e-06,0.0005928971182131679,-8.825510364266891e-05,-0.0003054576698100604,0.0
2006-10-23,0.0008817801788714963,0.0001392107291797328,-0.0005997495020661769,0.0011556861031993802,0.0
2006-10-24,0.000557539128526374,-9.641667465190111e-06,0.00022869030225265073,-0.0010695404245790131,0.0
2006-10-25,0.0006434112313056572,0.0013623316951755888,0.0006922672094607038,0.0009704695697524431,0.0
2006-10-26,0.000582176120326913,0.0014944289225945937,0.0006409532329889013,0.001943641851142366,-0.0
2006-10-27,-0.0012942035915750223,-0.0014240119295149886,0.0006138657019288882,-0.0013774505557389992,0.0
2006-10-30,-0.00018444938780639095,-0.00046530552762051683,5.6892775321945795e-05,0.0010968855169604798,-0.0
2006-10-31,-6.830435975870234e-05,7.529207824742022e-05,0.0008540181530602614,0.0003082823997994247,-0.0
2006-11-01,-0.0013890284813655143,-0.00036856580538025994,0.0006559906622274666,-0.0015865311461598067,0.0
2006-11-02,-0.000155539553369654,0.0007008056999431953,-0.0005918697364377722,-0.003844337940222807,-0.0
2006-11-03,-0.00038724053864764657,-0.0008062242415931648,-0.0015600139332237872,-0.0022366800520275945,0.0
2006-11-06,0.0022163678920224614,0.002919004684737554,0.0001553094982752993,0.0018092272962307362,0.0
2006-11-07,0.0007287305089395596,0.0001858460437716884,0.0006395281872421321,-0.002225868986716228,0.0
2006-11-08,0.000396450009438906,2.0338481365341187e-05,0.0003947380597752084,0.0006408821293812501,0.0
2006-11-09,-0.0010888416262666194,-0.0010500699259759964,-6.354473325966075e-05,0.00025918790381245746,0.0
2006-11-10,4.7536067545663534e-05,0.0007500295630016739,0.00039479147706429564,0.0007746845671487762,-0.0
2006-11-13,0.00045229198466440016,-0.0013045044887978305,-0.00013563546943169894,0.0004463828716192701,-0.0
2006-11-14,0.001462490938947592,0.002162839122223647,0.0003699586922281733,0.002492777760901639,0.0
2006-11-15,0.0005330769745756606,-8.948617686870129e-05,-0.0005919532100301326,0.00020007202153123364,0.0
2006-11-16,0.00047477618619369154,-0.0004593576249139615,-0.0005450374226403065,0.001315627311420079,0.0
2006-11-17,1.805178353473404e-05,-0.0006154261631700424,0.0006833492198409288,-0.0008034048952356322,0.0
2006-11-20,7.517144559661316e-05,-0.0015548735269925763,8.112254184727504e-05,0.00682570465053024,-0.0
2006-11-21,0.00016019830891924783,0.0009510612199521372,0.00024943992388907604,0.003188195361166926,0.0
2006-11-22,0.0003594063751109263,0.001903080364984289,0.00027325277149001676,0.0008433090509896976,0.0
2006-11-24,-0.0008476105465384308,-0.0011002064902088386,0.00017820877183359808,0.0008161077792865395,0.0
2006-11-27,-0.0027919124228345947,-0.0016906349035518485,0.00015341497934365591,-0.005427614990057738,0.0
2006-11-28,0.0008301486027046411,0.0017422431024455365,0.0003202282542523729,0.0005002658700147327,0.0
2006-11-29,0.002048101902120387,0.002229361791219133,-0.00027921698557584657,0.0027765751226482456,0.0
2006-11-30,4.683403565513477e-05,0.0008207060820392291,0.0010133623180513607,0.002055382935372902,0.0
2006-12-01,-0.00048045650010810503,-0.0002870193586270075,0.00042484814357669943,-0.00041243857355059336,-0.0007582841284761322
2006-12-04,0.0014855676218436436,0.0012600809966237321,-6.252300634762499e-05,0.0023010870840936724,-0.0009677492282886066
2006-12-05,0.0008251241102759728,0.001088142457257486,-0.0003013630295758291,-0.0015688077032208914,0.0005862591251398666
2006-12-06,-0.00020748573996139222,-0.0004751439207399646,-0.0003482979766418968,-0.001154819488097686,-0.00268562460576325
2006-12-07,-0.000913691266249168,0.0006505382610100445,-0.00011064090329019329,-0.001262275247013108,-0.0007469984838684163
2006-12-08,0.0003305752946104303,-0.0005293446918684638,-0.000948604520017934,0.0006178369823084032,-0.0016141701015828336
2006-12-11,0.0005419583305284952,0.0007837189402393972,0.0005859670616620833,0.0004145359893794621,0.0002807018020454286
2006-12-12,-0.0001932633467523897,0.0007783049341674685,0.0003211035298727732,-0.0009374488182951754,-0.0003568046292976284
2006-12-13,0.00017453680073055704,0.0007206942959569149,-0.001067373988864515,-0.0010561797320038058,4.536517130710706e-05
2006-12-14,0.001726589396880081,0.0007722630027555936,-0.00035137067412644015,0.00011675243508864444,0.0022675274239505197
2006-12-15,-2.0404106578062232e-05,-0.0008465457645560404,1.2243434335083286e-05,-0.0015329539300998193,0.0009067821100949247
2006-12-18,-0.0005847783447770997,-0.00033125652238278085,5.778818983889682e-05,-0.001285281685831448,-0.0035857179150671262
2006-12-19,0.0003425117080481097,0.0008540576391813505,-8.657253153674089e-05,-0.001734951555187918,0.002334642563811772
2006-12-20,-0.00015100826091904448,-0.0003854883486780468,-8.654124880091425e-05,0.0020613947844813464,0.00036555353986960677
2006-12-21,-0.0007692836698477327,-0.00014033893955829325,0.0006827103563708181,-0.0016830869758492292,-0.0020501545532929663
2006-12-22,-0.0012687549603392753,-0.0005046341507140408,-0.0009512584114741917,-0.0017953715699814202,0.001506319701791312
2006-12-26,0.001141789923611719,-0.00012168818319882252,0.00010561211445918438,0.001397450682048325,-0.0031028488034292386
2006-12-27,0.001276319505152088,0.00244518913928639,-0.0005732559492364148,0.0017611498749848927,-0.0006098712575981584
2006-12-28,-0.00046083543364082425,9.760703716965862e-05,-0.0004992865579057942,0.0005110672738202148,0.0014420875696709676
2006-12-29,-0.0008689675279008049,-0.00025707174384476155,-0.00013584705971902256,0.0008992597713046857,0.0007805809133034391
2007-01-03,-0.00038919667455370734,0.0007626251073874438,0.0005431716566375556,0.00027383185525346445,-0.006443446963628429
2007-01-04,0.00038468713872301803,-0.000610401170486105,0.0006851321079487089,0.00022015949232498288,-0.0052759742312693736
2007-01-05,-0.0016324115982241192,-0.0030449439870969667,-0.0006897211723328403,-0.003733832225458285,-0.0007288396896136666
2007-01-08,0.0008872962554694831,0.0002369867848073349,0.0001061610024113389,0.0002501335135616364,0.001027362376183458
2007-01-09,-0.00020793564140285297,0.00016067225557775912,-8.720468006434142e-05,0.002484587674946757,-0.0016971844070899655
2007-01-10,0.0006249562504730616,-0.0015581249982849035,-0.00037786068360882855,0.002527308472065934,-0.0029980836078709124
2007-01-11,0.0008362024336560244,0.0012412519896442193,-0.0005722452766120327,0.0025485337836180476,-0.0003029472677745344
2007-01-12,0.001481447879749812,0.002224330238955627,-0.0004524833720085595,0.000594480229226954,0.0046446112831868
2007-01-16,-0.0004309484619190227,-0.0002845766532602227,0.00034971093759801776,0.002782701812883361,-0.004635946175883955
2007-01-17,4.416325256209859e-05,6.994758552749862e-05,-0.00042792176600200537,-0.00011444300562985646,0.0017341957204234154
2007-01-18,-0.0007117920591394239,-0.0007199340347641222,0.0002283805536234493,-0.00028974824941476824,-0.0021339432075414794
2007-01-19,0.0003540323492782212,0.0024028231985153046,-0.0003564706174709683,0.0019689936858988313,0.0029624265076424044
2007-01-22,-0.000656618413133771,-0.0010428795749666826,0.0003253877788085636,-0.0017242951543832803,0.00013728315414331178
2007-01-23,0.0005527377474891306,0.001731729995834377,-0.0006241614232621391,0.0009083055425584956,0.006284653037369005
2007-01-24,0.0015686326373699085,0.0012559653016796077,-1.540285794757624e-05,0.0025616482422640046,-0.0017305895500925154
2007-01-25,-0.0023909451455266764,-0.0033031026593681764,-0.0008202002862886302,0.001184665298684157,-0.0018196526141021222
2007-01-26,-0.0002231184606600672,0.0003424963438532932,-6.379752946629242e-05,0.0006176063736524481,0.002445776059174423
2007-01-29,-0.00015218695317499053,0.00017809882798935716,-0.00018544757565542395,0.0006145149635648147,-0.0041296127828014395
2007-01-30,0.0010018088553150437,0.0013202531858005902,0.00015591333558937157,0.0009519231025584198,0.005510106871200099
2007-01-31,0.0013036355396575815,0.000727718886060467,0.0006926720422082447,0.001544134108566919,0.002067820558440656
2007-02-01,0.0011575016614009913,0.001629524333258845,-0.0001849606515497603,0.0007499851955442792,-0.0007845824957914037
2007-02-02,0.00023655956476414342,-0.0004406976501433199,0.00013138444600872446,0.00031665758928848886,0.002560752907086782
2007-02-05,1.5624343611940633e-05,-0.0006796345746412755,0.00018022232080312884,-3.947752627142899e-05,-0.0006894731240864721
2007-02-06,1.4973891538265309e-05,0.0015170932840595653,0.000524266354673966,0.0028996748016527725,-0.001032640165980423
2007-02-07,0.0004016940777088472,0.0005195644679278674,0.0003983586996805495,0.004148074804563499,-0.00246157895209836
2007-02-08,-0.0003019449697542703,-0.0008325968573698622,7.840075018168165e-06,-0.001575700497664171,0.004592154912834295
2007-02-09,-0.0015311641814138503,-0.0008936191484641424,-0.0006480971890258408,-0.00234842881745296,0.0011951721857789458
2007-02-12,-0.0007195569935327646,-0.0008166962568363635,-0.0003077618030289236,-0.003653906182913228,-0.0038216364334150263
2007-02-13,0.0016478160971543335,0.002510649196712522,-0.0001868293826453298,0.0038606386892815784,0.0036221732850921407
2007-02-14,0.0012743160132334082,0.002663568867483279,0.001107677834674324,-0.001464065303527226,-0.002751186048090118
2007-02-15,0.0002211026686290948,0.00019600909038259873,0.0002756518908968428,0.0014406428561318857,-3.960441519475044e-05
2007-02-16,-0.00013552640200024165,-0.00011850764309715662,0.00017812276892618175,-0.0005536559238487682,0.00344565586914575
2007-02-20,0.0003836815656524052,0.0002465490880700743,0.0002008260764665344,0.0015000694562802535,-0.0022379810872551367
2007-02-21,-0.0001221591870786271,-0.0010561267715633311,-6.428573722132676e-05,-0.000690027519625161,0.004235048180365206
2007-02-22,-0.0001909936562438299,0.0008528740555835918,-0.0005488804670784732,-0.0011120570433829572,0.002702449990115485
2007-02-23,-0.0008233392767824813,0.0005879546426179829,0.000760432191224395,-0.0035403397648856513,0.0012371743509903745
2007-02-26,-0.00021927484881486054,6.66842385283687e-05,0.0005878559335479552,-0.0010444572731183092,0.0005160071070265773
2007-02-27,-0.007847755534123736,-0.008118572389843363,0.0016312244872423837,-0.0062649298816161245,-0.0038353103843526445
2007-02-28,0.0020079141568720097,0.00137196528558905,-0.0007340676848367842,0.0014479085442822227,0.003014478102433292
2007-03-01,-0.0006304863374247752,-0.0020813543473364067,0.00014831083779655988,-0.0020486532922621556,-0.0014655182472026367
2007-03-02,-0.0026573998723225614,-0.002741461912398925,0.0006069747326164204,-0.0032150188718757192,-0.0018789073250512992
2007-03-05,-0.0019395778483213113,-0.004187972343789642,8.289299871771555e-05,-0.007834301294537774,-0.003008038850869256
2007-03-06,0.0033814912917006098,0.006143866045820993,-0.0002995709972207131,0.007296044068209811,0.0018432604275810545
2007-03-07,-0.00023995044206668876,1.536845249250549e-05,0.0003200087196439487,-0.0028546327057350023,0.002708269230456746
2007-03-08,0.001650833751564044,0.0023101793942855594,-6.179770346808144e-05,0.0031748327534412385,0.00028243912518946524
2007-03-09,1.8437953558994047e-05,0.00028502766686563203,-0.0011632060960637424,0.0026072189646326963,-0.002679010511481024
2007-03-12,0.0002600577615061423,0.0012541359806178046,0.0005131108787112381,0.0009558430273477281,-0.0019047051409357117
2007-03-13,-0.003937134864859354,-0.004833087546429388,0.0008469069982127932,-0.004750813824358589,-0.0015795101357044703
2007-03-14,0.0014457746513605668,4.820511952645262e-05,-0.00030155390886342444,0.0009297289446218437,0.00037270797943127405
2007-03-15,0.0002358776594360341,0.0008703434445704661,-0.0002544283137074153,0.0017510124960911958,-0.0012625566279472525
2007-03-16,-0.000597543485359367,0.00020803713625428162,-6.206551864590848e-05,-0.0022706869522694365,0.0004570811548756932
2007-03-19,0.002371164517002594,0.0030402615887635265,-0.0003025241343651306,0.001959990178122757,0.0009541011668618067
2007-03-20,0.0010597284860715817,0.0016575373143251327,0.00024897775222380587,0.0007623514410737243,0.0002087948838791367
2007-03-21,0.0032470526418975406,0.004212466504279906,0.00024846466397333654,0.0023859416722065417,0.00029392243386132616
2007-03-22,-0.00019225176542324621,-0.000796722007311174,-0.0007089168958602372,0.0001583082980078777,0.0032313294624284976
2007-03-23,0.0002542724075180619,0.0004324509854450593,-0.0003508087753312245,8.405433603350887e-05,4.1246752850610274e-05
2007-03-26,-0.00030406296198644506,3.938175112633924e-05,0.00012952780509399063,-0.003241890158416378,0.0008452229712267822
2007-03-27,-0.0005137266007194273,-0.0009262290673806892,-8.71400594697353e-05,-0.0021321894868117737,0.0005224397931780789
2007-03-28,-0.001497232741305534,-0.0018010574582541373,-6.234028222282085e-05,-0.0013630888069034747,0.0018857564918467226
2007-03-29,0.00017206274253464174,0.001709672298828743,-0.00032777991284648503,0.00029842486484878497,0.0038393974477929655
2007-03-30,4.0062837417719785e-06,0.00027603348814765654,-0.00027905442492336704,0.0028301289644837224,-0.0029938189268447954
2007-04-02,0.00018619640120577194,0.00048385695638477634,0.0001840956219558869,0.0012186151812989205,-0.0019985400448930255
2007-04-03,0.0021109362207894946,0.0016335348833262189,-0.00020824978250315285,0.001712603964721975,-0.0008369350393810954
2007-04-04,0.00018373772466253439,0.0007898906924895857,0.00027503755925692734,-0.001032491927691116,0.002202899363093598
2007-04-05,0.0005041796614041355,0.000683576457793844,-0.0005458973131131994,-0.00023828024887743323,0.0003564021831015656
2007-04-09,0.0002387399228556566,-0.0001935187270516498,-0.0009586408248632082,0.0003360077826551373,-0.002068427519385091
2007-04-10,0.000197681072640296,0.0014530256065933109,0.0003741286442671886,0.0007923472063974338,0.0027426723383387167
2007-04-11,-0.000854283420438227,-0.0010088214902035718,-0.0002812284788995039,-0.0030198363847966435,-0.00035362969142368496
2007-04-12,0.0008516818605112619,0.0013002817255043646,0.00015553513291065473,-0.0014014394766326526,0.001139506667614808
2007-04-13,0.0008738143031124295,0.0006245144374451228,-0.0003787307547450145,0.002227758506582318,0.0010573569182956003
2007-04-16,0.0018602774279589246,0.0020688268888676745,0.00017934966556276493,0.0002120124556837074,-0.001599070773105443
2007-04-17,0.0004928834220231338,-1.3520983739548483e-05,0.0008102422863722138,0.0025716634360495355,-0.0020741869243265597
2007-04-18,0.00020618160094741653,-0.00011444755262021171,0.00041914994422093826,-0.0012761337610874442,4.4456336201960805e-05
2007-04-19,-9.277677847021825e-05,-0.0007868402575757975,-6.124449773296714e-05,-0.0013819947731788327,-0.0005927756621587783
2007-04-20,0.00184858742897826,0.0022579402461904464,-0.0002570114664593271,0.0014650763002970967,0.0027431297679950607
2007-04-23,-0.0007914754835905272,-0.001988727963519515,0.00037026711297944803,0.0021927288413498666,0.001312417648467146
2007-04-24,4.261317523088858e-05,-0.00016438597999890247,0.0003469417531455546,-0.0013793255771399867,-0.0027713240314526434
2007-04-25,0.001796858921625108,0.0018273380579184447,-0.00015896079877752962,-0.00016273640319269575,0.0039033483920485053
2007-04-26,0.00018893090144129216,-0.0009629665260173008,-0.000615288851977821,8.655153249623171e-05,-0.0014318599766517683
2007-04-27,-0.0001986967286504558,-0.0004652183286767197,-3.778351500951776e-05,-0.0005334940474686047,0.0009856472218172762
2007-04-30,-0.0016946852662384731,-0.0007680145744901523,0.0008290871149563934,-0.0032590560765753443,-0.001824919843243764
2007-05-01,0.00047505209224628836,-0.00023941238776923154,-2.8205676288042527e-05,-0.0017758299528595352,0.00035333706730899487
2007-05-02,0.0011310917782566367,0.0014766555707787028,-0.0002789330860167091,0.001553765098179633,-0.0015984777260108956
2007-05-03,0.0010445513692580388,0.00023849183045708243,-0.0002551293416693521,0.0004928963434390055,0.0009074026512542361
2007-05-04,0.0007203118638364731,0.0018391345281441823,0.00046961207545094156,-0.0017806553280697516,-0.00043013162902469295
2007-05-07,1.6421127781175977e-06,0.000260084745096763,0.00013057920694734652,0.0005207601014917999,-0.000976596698340554
2007-05-08,-0.00030360745970716357,-0.0016746534983481508,-3.689436266004842e-05,-0.0013554885574734831,-0.0012920037162605553
2007-05-09,0.0005056009816493822,0.0010598882392678182,-0.000687130105361955,0.002135150955175693,-0.0010692722582381058
2007-05-10,-0.0021284783714081348,-0.004005215227932092,0.00046834546010647267,-0.0027126223586884128,-0.0008320705592490448
2007-05-11,0.0016756916126636808,0.0033276164763398524,-0.0004480443142658638,0.002674463023025802,0.0029278636444615637
2007-05-14,-0.00047550990337811015,-0.0007753194985960232,-0.0003276562277619304,-0.0011750954876104042,-0.0007487646337043809
2007-05-15,1.6012815742139763e-05,0.0003139246672163963,-6.068495315058374e-05,-0.003075664485599142,0.0019624205498690417
2007-05-16,0.0013291543513324984,0.0002630015717708063,-0.00015769547446206023,-0.0025134272513694794,-0.002000906883317759
2007-05-17,-0.0004328540546893688,-0.0010600520593515325,-0.0005690885085683692,-0.0035172282289323243,0.0016197965487161842
2007-05-18,0.0017048239944826833,0.0014907707943368981,-0.0006208054737600069,-0.002061848751783053,-0.0003517811693135633
2007-05-21,-0.00014264282004182777,-0.0009596383668777767,0.00022987032567477552,0.0007685194801787007,0.0019253110528508666
2007-05-22,-0.00019520025230762786,0.0001407429746076419,-0.00059779654004132,0.0029214561697623828,-0.002931172653037142
2007-05-23,-1.1588937700059242e-05,0.0009926947711026849,-0.0004293294037918398,-0.001569879221472173,0.0009109665786739233
2007-05-24,-0.0018455750835484406,-0.0019496228643995765,0.00023039648665166263,-0.0033903039979345465,-0.001138778414974681
2007-05-25,0.0007963575347138301,0.0012421042191335593,-0.00025702411577529144,0.0010950481436109505,0.0024108818659735864
2007-05-29,0.0006869770530378541,0.00021338106596829236,-0.00045341944601003326,0.0070463946597439,-0.0044380617538009644
2007-05-30,0.0015965579122107713,0.0008230452304513201,0.00016154191512310286,0.005333197174324096,0.001875629757767482
2007-05-31,-0.00024561193700097444,0.0009552718409149534,-0.00011034190294288148,-0.0008417363608833055,0.0017835015823153325
2007-06-01,0.000953621709232621,0.0012695910733072976,-0.0009002106093761479,0.00024255899295052782,0.0014615054227502674
2007-06-04,-9.374639669419696e-06,0.0005020960454685816,0.0002829699409979412,0.0007759064221133571,0.0017484140460001807
2007-06-05,-0.0008287719439328112,-0.0010632738396709517,-0.0006763854974597826,-0.003213292510173447,-0.000807040519473755
2007-06-06,-0.002189437714025605,-0.0029163147934102417,6.105782344454948e-05,-0.001395130916859977,-0.00011407390741577422
2007-06-07,-0.0036290210720026275,-0.0034548030619177272,-0.0020325049376181564,-0.006333283853848501,0.0009646969210012947
2007-06-08,0.0025559765859690525,0.0021382466567618124,0.00033684322631584543,0.0023581196571902455,-0.0035959675520807637
2007-06-11,0.00030818021513932874,0.0006441190575990996,-0.0005593494793530944,-0.003043435803442815,0.0037890135388923113
2007-06-12,-0.0022163658457194377,-0.0035971452744179185,-0.0014579054188993243,-0.003494797513769649,-0.0005751482433023087
2007-06-13,0.002950218165379273,0.002558645965957173,0.0006181711283512049,0.004376533957728023,0.0025495705573935373
2007-06-14,0.0012426724126337982,0.0014482251910475344,1.4274004560590872e-05,-0.00218798497792235,0.001866760548285477
2007-06-15,0.0011028191366766918,0.0015902102503994678,0.000843650889317989,0.002166334947338875,0.0011832879191621345
2007-06-18,-0.00027109133433411513,0.0010801841913101857,-0.00013565759162651226,-0.003129096698886133,-3.5393627821311904e-05
2007-06-19,0.0004618096843254935,0.00016091633122070377,0.0009349939571388855,0.0003482863339597004,-0.0019873799042902426
2007-06-20,-0.0028112882827259376,-0.0023856109941310408,-0.0006829322648850871,-0.006047835711718926,0.00019285042274253512
2007-06-21,0.0010773073582759135,0.0017799768286775122,-0.00028559967048255743,0.0010737200906139118,-0.0009441091251281057
2007-06-22,-0.0019191432209855524,-0.0028011561362375073,0.0005608350318540313,-0.0007823269611029289,-0.0004926522000252581
2007-06-25,-0.0009933730563630252,-8.644741672403402e-05,0.0006084647530113203,-0.0033172700675321966,-0.0007840955854931073
2007-06-26,-0.0020889155335202824,-0.0010273350155485543,1.235623654904196e-05,-0.0008064365327320356,-0.0023405091523986178
2007-06-27,0.002806890003897913,0.0013997775593672704,-5.971740804898223e-05,0.005115767732893414,-0.0003464589670425967
2007-06-28,-6.35048411178456e-05,0.00011319049421283212,-0.0001608404659550684,-0.0010716698527398348,-0.0006559355493483151
2007-06-29,2.950152865532374e-05,0.001434287900404914,0.0010042219211971516,-0.0007981123298606424,-0.00019361734270200497
2007-07-02,0.0017732005745475271,0.0028555178051393715,0.0002681093961692905,0.004592459521406625,0.0012177456699134024
2007-07-03,0.0006865098122607733,0.0009136645691117717,-0.000633290023898412,-0.0005906083492173014,0.00019838783262444656
2007-07-05,-0.00024868058342735134,-0.001036765006542292,-0.0011568354169933976,0.0029640071762558253,0.0018128225169425618
2007-07-06,0.0010135858456165998,0.0014017278326753256,-0.000512253806609097,-0.000283173501175748,0.0016433805448813521
2007-07-09,0.00011858263913030062,0.0004466844940658021,0.0006859126024155429,-0.00017444454787844834,-0.0004938088547338833
2007-07-10,-0.002888969324475261,-0.002483110529578387,0.0013262100544433055,-0.0051248313866727145,0.0014066083084937392
2007-07-11,0.0013796741758898144,0.0018410137694626469,-0.0007302821936138397,-0.0004299716106457718,0.0004208268578805322
2007-07-12,0.003118686803062339,0.0027511717864504986,-0.0006104370969376878,0.0025406312647390863,0.0004892492146605303
2007-07-13,0.0005565013680625318,-0.00017695057171838863,0.00040988699515934283,0.001878922578513826,0.0002617907282335272
2007-07-16,-6.392000149492689e-05,-0.0004927669536593037,0.0007555861292813536,-0.001710320225688805,-0.0035761168956712727
2007-07-17,-0.00014165782749211831,-0.0007109488046534054,-0.00045920683068162405,-0.0007531662549944956,-0.001258038120693215
2007-07-18,-0.00039973058826806707,-0.0007363311969124127,0.0006791170282556486,-0.00048199590849525655,0.0022626979629112474
2007-07-19,0.0007386353750796578,0.0010992635242931855,-6.084555954699779e-05,0.0007124312947369197,0.0006466738954095247
2007-07-20,-0.002064450443190235,-0.0021044933546948146,0.0009481771666862998,-0.003535660245587463,-0.00011408950571458551
2007-07-23,0.0005742458749513643,0.00117539379900085,-0.00011252582883584307,-0.0034991591678475253,-0.0009479771734052005
2007-07-24,-0.003510964878642641,-0.0030514245189176424,0.0005007047937536512,-0.004092436076403168,-0.0015617012822487797
2007-07-25,0.0003717080185737001,-0.0005773943749072931,0.0002318576815027096,-0.0021923593897537766,0.0017269707455391215
2007-07-26,-0.004796901908023149,-0.00671233544757824,0.0015499826094650963,-0.003699196455515036,-0.0021625341148292262
2007-07-27,-0.003963094872901153,-0.00280836997868583,0.0003512881146618862,-0.006681920059006102,0.0018828578610876926
2007-07-30,0.0030906891834990074,0.0035104996040228524,-0.000550926529396369,0.0038203673575617704,-0.002336302045768703
2007-07-31,-0.0022936390841740667,-0.0002865776495766318,0.0007947134756490343,-0.0008212312660523652,0.0015784436688017415
2007-08-01,0.0009397175529347114,0.00029318806199595145,-0.0005915337272712774,0.00260272585171739,-0.0003427476710356099
2007-08-02,0.0015603498103240535,0.0005714669509933927,0.00010826191893582252,0.003257024148530767,0.00026867574093011616
2007-08-03,-0.005184643932495017,-0.003655459757945398,0.0012492346268897624,-0.0077822121689735,-0.002245560366122938
2007-08-06,0.003311889762150207,0.002141769532941765,-0.0008379937807090896,0.0068972170165828755,-0.0028300297471173796
2007-08-07,0.0020877115908840976,0.0006522786430390184,-6.189655094804968e-05,0.0010925727266193142,0.0010591969726560263
2007-08-08,0.0027469128870924587,0.0031938877723593825,-0.001428036507159941,0.007840830672281895,-0.000348425333468456
2007-08-09,-0.005975124668849441,-0.0057538282059349894,0.0010919679100259575,-0.002234130444216603,-0.0015964042131572705
2007-08-10,-0.0009730799255731849,-0.0034645864441999173,-0.000316675503340937,-0.0060868195580560235,0.0006753071870033249
2007-08-13,0.0006937714011916382,0.0003679698616245947,0.00028285457745877966,-0.0009986946181657285,-0.0014474700239161095
2007-08-14,-0.003106980729704726,-0.001960025719933676,0.0007062415748182735,-0.005812854937916509,0.0006754150640934504
2007-08-15,-0.0027873397533704517,-0.004737841740861922,0.0003313958289642773,-0.0034109718249496056,0.0014584760748655198
2007-08-16,0.0014539004880718299,-0.0006516114432233122,0.000740680368664121,0.007889952695970752,-0.0034588931596767525
2007-08-17,0.003663547429718237,0.0018171936298308979,0.00011629773003398552,0.004517557035637525,0.000106132713081069
2007-08-20,-0.00011967209144023797,0.0006231885972507209,0.00040904408236788173,0.003653458883820886,0.0005421757426635889
2007-08-21,0.0003724814496612235,-0.0001614250181115891,0.0008362221053297854,0.0009108743237222682,-0.0003445431011629716
2007-08-22,0.0023441057582787887,0.004688761817518883,-0.000671191875926076,0.002400211535598097,0.0004497300792845789
2007-08-23,-0.00020761235455585186,0.0008651951189368769,4.286583103517875e-05,-0.0034761161704803863,0.0006096936998722872
2007-08-24,0.0024430246944511457,0.0034498299304310713,3.902638928850922e-05,0.001041995818054735,0.002338080161592628
2007-08-27,-0.0018948250046623447,-0.0021556753153500093,0.0005142065414894877,-0.004375988346662346,0.00021750262106362
2007-08-28,-0.004439706622225756,-0.004068424961748001,0.0009916423308712985,-0.00615352965408596,-0.0021367938667687224
2007-08-29,0.0038923406855098388,0.004539606217476873,-0.0007958416863032039,0.007273248955913808,0.0018671092486384627
2007-08-30,-0.0005565220123656125,-0.001415510467774391,0.0009726767835449019,0.001121322712570464,0.0005245714355053121
2007-08-31,0.0019395016570151423,0.003479824164173071,2.5437794587461384e-05,0.0032754624419532442,5.213774165159697e-05
2007-09-04,0.001987137465341712,0.0018081651072503076,-0.0004068688893260046,0.002613372768773478,0.002217414872336219
2007-09-05,-0.0017646069812430865,-0.0029430852526355295,0.0012027325540792649,-0.004848241772552171,0.0003486286135744869
2007-09-06,0.0004267553609508614,0.0007103342109752529,-0.00046131945172996254,0.0017388631206162843,-0.0008012178709682856
2007-09-07,-0.0028159026396275444,-0.002460441598812054,0.0021003464912481753,-0.004866387718970115,0.0012719464953017301
2007-09-10,-0.0004128065890964659,-0.0008567461673398362,0.0004178983792165682,-0.002086961190366341,0.0013577278482902126
2007-09-11,0.0022998762002879843,0.003412359028561233,-0.00045577951524926536,0.004106214244548034,0.00043419566090356886
2007-09-12,0.00048316453210625984,0.00017564753902599929,-0.000525802021339188,-0.0012025240754259823,0.002090017585542923
2007-09-13,0.0013738459997071795,0.0008099113814375381,-0.0012158727372677377,0.004455501171406926,-0.0015393325908610808
2007-09-14,-4.231130379872451e-05,-0.0011931478464784857,0.00023881669038484585,0.00128365035494598,0.0001187886021932031
2007-09-17,-0.001107063496925577,-0.002848835727731814,8.589976796108638e-05,-0.001492165708599171,0.0023016797174712994
2007-09-18,0.005841002698012677,0.006442289863449671,-0.00024355956696005192,0.007061705221355209,0.0007365054413102174
2007-09-19,0.0011502267234615301,0.0017772649686794689,-0.0007446284273559632,0.003731047735051378,0.0016834195092973578
2007-09-20,-0.0014364665207855123,-0.00020205692844521726,-0.0022961287289829987,-0.005239448952440874,0.0030628039911568287
2007-09-21,0.0005125250220342073,0.0008424377101981356,0.0009844938029933365,0.0014017048191942926,0.0013544945489468638
2007-09-24,-0.00039785857993686834,0.00042001367229904587,0.00023410989616556426,0.0037566395851276815,-0.0003911426749776559
2007-09-25,-0.00042534852360717,0.00021725570715846107,-4.952010135475008e-08,-0.005012597456677088,-0.001471794732172119
2007-09-26,0.0010279636156902013,0.0009591510528055911,4.4506334463712724e-05,0.002881458528241332,0.00026213239174203615
2007-09-27,0.0011548839874491001,0.0026250452252363503,0.0006204976989392397,0.001508144543364337,0.005208728794144805
2007-09-28,-0.0006964013178471113,0.00028560519381440525,4.270710881185223e-05,-0.00216707617116378,-0.0006662657860068959
2007-10-01,0.002242434828878896,0.002551061740889747,0.00020941437238740796,0.004838338776340225,-0.0019126056794420126
2007-10-02,-0.0003011044806177562,-0.000532691144420689,0.000399205102504471,0.003588319512143634,-0.004076191891524931
2007-10-03,-0.00043339209062430033,-0.0009436240607534293,-0.00017341381942000182,-0.0009977214525739373,0.00022013705695391592
2007-10-04,0.0002816250561958741,0.0006675708594834122,0.00032874548274173295,0.0020159285315760733,0.002760421487128989
2007-10-05,0.002338962321744073,0.0020048293363577265,-0.0017986061941637457,0.004653833074027718,0.0005552128250747554
2007-10-08,-0.0010965093414136487,-0.0018519613955498484,0.0006886827248745583,-0.003822599115543432,-0.003948970974040283
2007-10-09,0.0018481391229784835,0.00219538391525482,-0.0006547714436667252,0.0021970654040172712,0.001376447521852418
2007-10-10,-0.00036336569067835445,-0.00040346330137347816,0.00016094012635163577,-0.0014230855537017725,0.0022989012994189817
2007-10-11,-0.0010079312036001755,0.0009037298028699596,3.852978172828329e-06,-0.0008320713765938025,0.002314555504298087
2007-10-12,0.0010734640242612583,0.0008426149661150872,-0.0007034684791496349,-0.0019105238211901607,0.0008957917270015158
2007-10-15,-0.0017244188114986026,-0.0016607320919836833,0.00016121769556726357,-0.003790746374209899,0.0033674394043585612
2007-10-16,-0.0016189080454771065,-0.003123754178145746,0.0005186202056957024,-0.002463773529408108,0.0001813022026525122
2007-10-17,0.0005818138705347177,0.002091715110763449,0.001198669455764485,-0.0003316023818746791,-0.0010852462267999254
2007-10-18,-0.0007542949901928879,0.00044854713736668176,0.0007328645735266882,3.5668879144657645e-05,0.003536454116421998
2007-10-19,-0.0052648794720737465,-0.004439840942096524,0.0016739387028429362,-0.008561269126332155,-0.0005815083001411075
2007-10-22,0.0011323962262669719,-0.0002642523859568404,-0.0004066841534374315,0.005181654158076196,-0.0005798317715706062
2007-10-23,0.0015898466307472327,0.0027930112070044264,-7.568613441056974e-05,0.0020833689507443695,-0.0014224811998259674
2007-10-24,-0.0003988234375062312,-0.0004618138320262359,0.0009816987947621756,-0.0033872343562767007,0.0006702372726550783
2007-10-25,0.0004456696442951951,0.0008851185365144894,-0.00019661297096223093,0.00041052031104182976,0.004625052708937099
2007-10-26,0.00231392600366983,0.003583538964992686,-0.0005239824109777518,0.0029982839065464196,0.003028306578867441
2007-10-29,0.0006329600337523162,0.0014272514147995856,0.00013414926397199177,-0.003304027876409933,0.0032450281710517037
2007-10-30,-0.0014197341267975657,-0.001620834113516755,0.0001806953164442889,0.0027057113733316416,-0.004531930993459752
2007-10-31,0.0020458953636887096,0.002794965630065631,-0.0013775359540957781,0.004133994504888177,0.0056205311720993216
2007-11-01,-0.004705130475793332,-0.004239392205518191,0.0015863196567318378,-0.009440835280680933,-0.0025830947598319467
2007-11-02,0.00019746635000637407,0.0010902238769712365,0.0005192896319629712,-0.002864067095142382,0.00427651680245143
2007-11-05,-0.0015471113907473601,-0.003216562507042544,-0.0002609463749087634,-0.0029155355473927027,-0.0012401601161913115
2007-11-06,0.00266658004141003,0.0029922832864495257,-0.00038328694125634597,0.002531732412313486,0.005228464415119249
2007-11-07,-0.005544861220147504,-0.0035206202395263865,0.000704149904090496,-0.0063049956186149,-0.0005139561419130317
2007-11-08,-0.001044129095144168,0.0003389485950505228,0.0004205057561900547,0.0005777352428194177,-0.0005059264198229463
2007-11-09,-0.002771400657971727,-0.003908001536667919,0.0011623342584226076,-0.0016487590630230825,-4.681418651782628e-05
2007-11-12,-0.0019978558027668046,-0.0033108685572285352,0.00032322591309510816,0.002264635377825954,-0.00440486541564928
2007-11-13,0.006041838257665326,0.005322123313619885,-0.001053936788311713,0.006628735325594406,-0.0038564820532921845
2007-11-14,-0.0005796188677488939,-0.00031989874722247123,0.00012352167895980518,-0.004029202002617078,0.004479412057389335
2007-11-15,-0.0029158464112717087,-0.0033343349954814763,0.001090961265104869,-0.00037524521506148117,-0.001992807149399056
2007-11-16,0.00031539929497172506,0.0006143140983901793,-2.6962911492378344e-05,-0.0037404538806225245,0.0006492261231908944
2007-11-19,-0.0028147038648270372,-0.005323787462321209,0.0014101150580246918,-0.004382003919304166,0.0014887813060748356
2007-11-20,0.001203176555509442,0.00443423265120888,-0.0005591491629613446,-0.0038666725361747186,0.004944216584152434
2007-11-21,-0.004118177323380631,-0.004552568604942203,0.0015427282993124673,-0.0014105911629050131,0.0002529442421155883
2007-11-23,0.0034336789467660977,0.004995499809451495,-0.0006233945409757107,0.003910903009424876,0.0018258234168044992
2007-11-26,-0.004440812116208524,-0.003161002660332725,0.00271435817135101,-0.009519155817351911,-0.0025009426440169907
2007-11-27,0.0022780806962865254,0.0026818577915977662,-0.0018991138939337946,0.004640224999498263,-0.001601497144709398
2007-11-28,0.006351183103003534,0.005661560068742374,-0.0007383205233940564,0.008713590203128362,-0.0024917831818370272
2007-11-29,4.605920208180472e-05,-0.001646045279631606,0.0011027005668121906,-0.003233936223963849,0.0004352910327857815
2007-11-30,0.001989676471255962,0.001088003693209505,0.0002679603891631826,0.005400455447803998,-0.0024947616709211427
2007-12-03,-0.001346472657310252,-0.0007719041369526618,0.0007723153661139864,-0.002171935505764819,0.0014281443234148473
2007-12-04,-0.0018134402912841844,-0.0012810425148159885,0.00015984229271938223,-0.005396861018432123,0.0008915755248390967
2007-12-05,0.0033210352289171426,0.0022897258361256768,-0.0007777623648766196,0.006675062240592221,-0.001529418000997976
2007-12-06,0.0028338252626378905,0.0018779808698171142,-0.0010762030516904364,0.006318471778809881,0.0036139537023705402
2007-12-07,-6.523418484408177e-05,-0.0008144407460267968,-0.001319421313338827,-0.0007350307731805746,-0.0005799203502121972
2007-12-10,0.0015272228174123942,0.002031960336567102,-0.0004880668180390911,0.004277130898971281,-0.0001515036412062014
2007-12-11,-0.005514037144900497,-0.005250902996809046,0.0027169169729510476,-0.010544120669404631,0.0017239887102232072
2007-12-12,0.0019627336356662947,0.0040076688919953194,-0.001666953187144645,-0.0005678790156030527,0.0054512173823710606
2007-12-13,-0.0004362652343231401,-0.0041034090891078874,-0.0014966666910786732,-0.0022894472695108754,-0.0021267352713497134
2007-12-14,-0.0025557854834553913,-0.0054414831665502055,-0.0006021997246627122,-0.005063919247448323,-0.0014065918172055907
2007-12-17,-0.002889056824101151,-0.004303830257081111,0.0011653687511312411,-0.0062499321414201635,-0.0008268546030578075
2007-12-18,0.0010924223756647216,0.002488832396700033,0.0003718753290737389,0.0030663500128939847,-0.0008847935593405238
2007-12-19,-2.274236522184991e-05,-0.001668461359257232,0.0015722732552611138,0.0020145399261978793,0.0018839227130835376
2007-12-20,0.0012387182618241524,0.0014023345409544395,-0.00034540483608677637,-0.0008361466939092678,-0.0008728199800993486
2007-12-21,0.0028547300422012358,0.0028280372389627067,-0.0014793298431049063,0.003901872489377516,0.0023401359225455574
2007-12-24,0.0014556869623419083,0.0008177390660245301,-0.0006055880560367452,0.0064424155202737945,0.0015875997005985927
2007-12-26,0.0004061733935538947,0.0005344291234861953,-0.0009779981454685102,-0.003362203982049746,0.0023422124745684915
2007-12-27,-0.002545364130825012,-0.0012414822231143789,0.001330291885584528,-0.004022548764429074,0.0006782066436108757
2007-12-28,-0.0005230732010530923,0.0016904121780854967,0.0015822894615711695,-0.00355385293674593,-0.0006602696719035299
2007-12-31,-0.0015110934918262985,-0.0012659977210951036,0.000898391714204396,0.0016124005408009972,0.00022821559596184347
2008-01-02,-0.0017823029432504976,-0.000734844103955329,0.0014070778625767681,-0.0006470636556251343,0.0054617486099151425
2008-01-03,-0.00012228796406171577,0.00030709530892083446,0.00039009679474094866,-0.006164687923163976,0.001518269060078046
2008-01-04,-0.004947786807981311,-0.004573044518831666,0.0004982173018558377,-0.008112020201742745,-0.001187787862413142
2008-01-07,-0.0001924783820292047,0.0001894633706857757,0.0003396391349987643,0.0018341103811201386,-0.003674940385701414
2008-01-08,-0.0032535238680197927,-0.0011342081374886126,0.00041010288158769014,-0.006978184685398176,0.0017968484783731143
2008-01-09,0.0020784825371378927,0.0014210402268012507,-0.0003423453143015216,0.0035021925633264943,-0.002006665993706405
2008-01-10,0.0012862405537059805,-0.00021872399933069172,-0.0005630527237780346,0.0030463516392625974,-0.0009656371643599914
2008-01-11,-0.0016398248271351854,-0.00403225826629922,0.00124603262512803,2.98948914275531e-05,0.0018059515401863749
2008-01-14,0.0015880018392615011,0.003174055639515468,6.709666565937972e-05,-0.0008642883495710266,0.0024740843837522384
2008-01-15,-0.004430530204033478,-0.006542208033296672,0.0012756122680693176,-0.00409382570256733,-0.0024914204062376033
2008-01-16,-0.0017466181445687102,-0.004060098868078008,-0.00040240817601503684,0.002297320535743331,-0.0018984492003670905
2008-01-17,-0.005201257661577128,-0.0030067570371410304,0.001602194010136027,-0.0027524800361166005,-0.002606620982222999
2008-01-18,-0.0020678086547727117,0.0011527697722139283,-0.00030963012295662755,-0.002673957238590881,0.0007436774689020621
2008-01-22,-0.001986304162728796,-0.005143696426761227,0.002227391345113411,0.004650244048697306,-0.000698612704637701
2008-01-23,0.004901622759546816,-0.0008945646870695781,-0.0008445563134262153,0.018855305620990467,-0.0037659308862846874
2008-01-24,0.0016698385803658204,0.00695035325635633,-0.001846521296431333,-0.004732887021126498,0.004932311816250407
2008-01-25,-0.0028999921634181624,-0.0028951502093979026,0.0018765844809068577,-0.0011710163180587803,0.004421285143494695
2008-01-28,0.003275609710489698,0.0022151508790728544,-0.0007500184107646685,0.006730796414526168,0.000940155387905047
2008-01-29,0.0009739988917369887,0.0011847572660282366,-0.000820790341566553,-0.0018313754603019987,0.0016505966088835537
2008-01-30,-0.0014880063911918105,-0.0009320766877355238,-0.00010717630064643723,-0.005353941145861346,-0.0017322308790664305
2008-01-31,0.00366391745013978,0.0021841401441608085,0.001020262129315471,0.003989640620317324,0.0009703874885600422
2008-02-01,0.003203347112183683,0.003323023119826812,0.0006325626470604873,0.008339821608930934,-0.0035379075846074023
2008-02-04,-0.002542324225251823,-0.0020581912721407067,-0.0011293151112920646,-0.0020948326671837952,0.0034756407173693955
2008-02-05,-0.00537751218087986,-0.009251260587981917,0.0013902295431144438,-0.00710100593226356,-0.0016805437490185965
2008-02-06,-0.0016292955700526856,-0.0001749049109237512,-0.00036989469816235053,-0.0032691044168676746,-0.0009482324711213882
2008-02-07,0.0013197352993747002,-0.0010206453141519275,-0.002250356966635683,0.004698825585251572,0.002411637821165448
2008-02-08,-0.0013020397010503686,-0.002074631584289257,0.0016658681164558942,-0.006411742805280373,0.005921791753633868
2008-02-11,0.001004494118564767,0.0010349083850085938,0.0004280649391094745,-0.004079754061406254,0.0013072005079832433
2008-02-12,0.0018354427612356625,0.004276076891348078,-0.0004375327044228047,0.005666816098644933,-0.004091981441144213
2008-02-13,0.0020254238428402166,0.0013509802253309413,-0.0008657883180135081,0.0015969839683857715,0.0016372995319920835
2008-02-14,-0.0017785949645360785,-0.000912819576276793,-0.0011199857347681894,-0.003767055072040926,0.004002937853330948
2008-02-15,-5.820561783342959e-05,0.0007215122382677491,0.00041049703677143075,0.001617787913458235,-0.0009582654565255856
2008-02-19,0.0005366344508642551,0.0019525798609050821,-0.00146618372490343,-0.000441260648212229,0.006491750070094582
2008-02-20,0.0005711138083065648,-0.0010331943145470038,-0.0002009027343348039,0.0012644737885342565,0.0010060095603329794
2008-02-21,-0.0016788298296835497,-0.00036932909270162036,0.002048343419951137,-0.005432948426336298,-0.0011081400500798336
2008-02-22,0.0012197723907836245,0.0025250651592567046,-0.0005814347458670043,0.00561490226864242,0.0027435077479562855
2008-02-25,0.002512841408299157,0.0031617368984079384,-0.001348671618290206,0.006048297699005527,0.0019177953678026168
2008-02-26,0.0014918099163346266,0.0029450891022995617,0.0004810928420452232,-4.9038991789807684e-05,0.004254510982042758
2008-02-27,-0.00021723421531080113,0.0006374684511078401,0.0004651436482283987,-0.000957676014167348,-0.00025362889296917673
2008-02-28,-0.001971411727496582,-0.001932249824610212,0.002321210779346,-0.0041433050564682345,0.0019047445339596082
2008-02-29,-0.004484790811672674,-0.005046599142132689,0.0021129534675629344,-0.0028775561251858177,-0.003282465950633775
2008-03-03,-0.0004875465607984792,0.0005764490954331486,-0.0005226271424269906,0.0013798639299582036,0.0029551107795930736
2008-03-04,-0.0007741257346419338,-0.003043469414834318,-0.00075899864523376,-0.0018921652000971267,-0.0007009034078843984
2008-03-05,0.0012507881309704182,0.0023872774212300015,-0.0008796552061165417,0.00275750434204285,0.004376798965840246
2008-03-06,-0.004170244020698699,-0.002861129518194804,0.0015946872158134114,-0.009106246662466786,0.0014886782616752886
2008-03-07,-0.0020727030447314798,-0.0023693101677182563,0.0006789279810993855,0.003245120351121236,-0.0020171964872000474
2008-03-10,-0.002649220580887286,-0.0010025958481220093,0.0014249001191964697,-0.0028343802432322603,0.0037864843281775733
2008-03-11,0.007154564837752683,0.006287341733936114,-0.0021969296904933923,0.012872447344555199,0.0031380418602447685
2008-03-12,-0.0018794853108059003,-9.246770322280452e-06,0.002289583473661417,-0.00424114408728506,0.002173122560870407
2008-03-13,0.0004523013826436669,0.0003568530028673719,-0.0010495554808499913,0.002337414945543354,0.00019281423236445727
2008-03-14,-0.0030986669730523326,-0.004869777741007065,0.0020642789783544926,-0.003980640697720452,-0.0002692838584451614
2008-03-17,-0.0020135613940230087,-0.003022028356030665,0.0009750951974208401,0.0011854200830486762,-0.00805706553417998
2008-03-18,0.008287667946219903,0.006113768058388026,-0.0013935695487011172,0.008745101303008361,0.004447283910256247
2008-03-19,-0.004901343971657603,-0.007260199854791461,0.0017106304142266889,-0.0015200221112279006,-0.00871904291999811
2008-03-20,0.003663144278329661,0.002995323517965267,0.00042636163701063884,0.006586619197069328,-0.00802123411075108
2008-03-24,0.003981575424517354,0.0036523980942764034,-0.003559407488373715,0.004494829449493471,0.003648059728260834
2008-03-25,0.0001824841888681985,0.0029014157978557715,0.0006941448547202532,0.0005045478456452399,0.0020136052561149486
2008-03-26,-0.0024657715265601243,-1.0237742727406528e-05,0.00014356167805594958,-0.0038687984278361147,0.005940728974601218
2008-03-27,-0.0006441906358032205,-0.00015785133644834757,-0.00027404530441588995,-0.0015278675123368037,0.0022337035446292615
2008-03-28,-0.0019284565748595045,-0.00017513092726065691,0.0007806422602417665,-0.0022178299767908662,-0.0047886791004963306
2008-03-31,0.0006983994688309984,0.0007189988725244525,0.0003364570519565309,0.0007808667515197058,-0.004695607814216488
2008-04-01,0.0069977393058520045,0.006280028415366188,-0.0017715556978374633,0.011268742829862162,-0.0010999388596080854
2008-04-02,0.00012299450433805206,0.0004194983560318448,-0.0006737251433394423,-0.0009742872690963244,0.006040335752325211
2008-04-03,0.0004923417704278373,0.0005898786030655694,-7.619840489587442e-06,0.004536275613230122,0.0010876126171319054
2008-04-04,-0.00023059913723067944,0.0006601668382754745,0.001517124139013502,-0.0031456622197476407,0.0014068560168396269
2008-04-07,8.84109419010869e-05,0.0012188521240464533,-0.0013344064025050623,-0.0018169926481907486,0.002154481663455813
2008-04-08,-0.00021230373717813335,-0.0021039577179821174,1.3403337403660648e-05,-0.0002694186230858045,0.0007882645061588989
2008-04-09,-0.001459415358310778,-0.001649271987095016,0.0011831354655984629,-0.005037656670435868,0.0033301009285880423
2008-04-10,0.00027340514040850145,-0.0006334585231252383,-0.0008029473194493809,0.0019393888596674785,-0.000860681044245093
2008-04-11,-0.0038989289800731015,-0.002697267038629035,0.0008513301133680042,-0.0024638211725335553,-0.0007966938541570783
2008-04-14,-0.0006837886233600661,0.00043244170996151014,-0.0005142662652766256,-0.001174603839482856,0.0013620065316633856
2008-04-15,0.00045749055220119234,0.0013922709080318408,-0.0009154602487020348,0.002016096979642468,0.0023978534946836284
2008-04-16,0.005407500861961769,0.006271591761047679,-0.0013719314595930438,0.008085093493498202,0.0019056790029729402
2008-04-17,0.0002842922375612695,-0.0022204705897079526,-0.0004763311572108284,0.0007151933898422275,-0.0009178363307161088
2008-04-18,0.0020816641035452097,0.001406708183390855,-0.00020047869804523075,-0.0011142996381250624,9.868174823956514e-05
2008-04-21,9.140287147129113e-05,0.0015539219734789856,1.2250548467678348e-05,-0.001487285955581069,0.0002465462299692427
2008-04-22,-0.0008904035260635729,-0.0020944348544525595,0.00014563521138086547,-0.0004957827561546485,0.0012270148282165787
2008-04-23,-0.00032765231790051337,0.0010272701370129607,-0.00021094073542005814,0.0024859439302686182,-0.0019023139515650027
2008-04-24,0.0008586317012946593,-0.001304065399418682,-0.001576664308532496,0.00394148388074759,-0.003368200537264461
2008-04-25,0.0018399721513003506,0.0016439951296725556,-0.000280416000730646,0.0011274181430684753,0.0036758177033840073
2008-04-28,3.1558363148866465e-05,0.0011546465478926046,0.00035163904487210234,-0.00027489363217015933,0.0004525540925103621
2008-04-29,-0.0007981930588908669,-0.0017740138607842486,0.00034889279859074535,-0.002188229122577072,-0.00484570112254339
2008-04-30,-0.0011920294875589193,0.001076046586933057,0.0006206991063242449,-0.002777691000945111,-0.00038082600461309237
2008-05-01,0.004105714157970178,0.0012051907179904404,-2.6132590129567937e-05,0.004275690564031922,-0.004657959160342153
2008-05-02,0.0005456714331139399,0.000540926983922808,-0.0016356868187314055,-0.00016367787283556588,0.005084982472591554
2008-05-05,-0.000974427753003716,0.0003283913671627465,0.00028331213155436785,-0.0005733874902314161,0.004146471104516719
2008-05-06,0.0017378072647088892,0.0014836837825807727,-0.0006456197260317278,0.0013785006846279515,0.0026130152413232576
2008-05-07,-0.0035704019709103933,-0.0035200270338532165,0.0007807728199822028,-0.005445439230771906,0.0003437550297672884
2008-05-08,-0.0005324627201308963,0.0017272554815363729,0.001280186253355424,-0.0012074105448207347,0.003238712981576681
2008-05-09,-0.0003846807580561615,-0.001604163794316527,0.00021170737346452065,-0.001110805177128429,0.003111618371877292
2008-05-12,0.002231003656041312,0.0019867774463965143,-0.00035134127154658564,0.004780640140649737,-0.0034169107472409093
2008-05-13,1.5058142408912442e-05,-0.0006932068680800559,-0.0016824850655897787,0.0007914026507564652,0.001085861192535725
2008-05-14,0.0003985788129342723,-1.5260259060626154e-05,-8.367376831569181e-05,0.001237789837803038,-0.0032575200527871135
2008-05-15,0.002492630240837491,0.003384522499776619,0.001105498249285911,0.0024130499867149563,0.002266735433406492
2008-05-16,0.00016768882318041563,0.0021472092115948018,-0.0003527759176988411,-0.0010693238363934056,0.0028843976289495603
2008-05-19,0.0005325220236094634,-0.0008296865607792345,0.0004378908463554255,0.00030873543112328137,0.0002818066296983516
2008-05-20,-0.0016392490673408579,-0.0018590280363760504,0.0005941238942735566,-0.002719852220267425,0.0027358175681838006
2008-05-21,-0.0034013922039526985,-0.002284844277464763,-0.0004862140381101048,-0.004839737954013143,0.005785499090689971
2008-05-22,1.411735777635982e-05,0.0023078410885792413,-0.0013250514842379623,-0.0017238257857474435,-0.0028903052903178268
2008-05-23,-0.002704199591271157,-0.0022916259663993037,0.0008700781620632525,-0.0009681999372180887,0.0003850829918086233
2008-05-27,0.001462091846121634,-0.0004038329272371115,-0.0009865629452955312,0.0027219991710246603,-0.0032238674356855532
2008-05-28,0.000906967070031871,-4.110566393927131e-05,-0.001514499637703029,0.00032877202844701863,0.001303544114338901
2008-05-29,0.0009849152231961743,-0.0004571732301925471,-0.0009515852089933201,0.002130817402785746,-0.005497627187563656
2008-05-30,0.0004853456953154644,0.0011123211892858794,0.0006517763159657159,-0.0009398680940823725,0.0013360983881808906
2008-06-02,-0.002085633671359035,-0.0021042642046187996,0.0011732796973752291,-0.00333529980746068,0.0026525914519620656
2008-06-03,-0.001175854985883109,-0.0004342404765618273,0.0010396183623734615,0.001304704960815605,-0.004763038461830495
2008-06-04,-0.00011595665283084112,-0.0011760364103812141,-0.0007357029160004826,0.001024349212674945,-0.003009627323315247
2008-06-05,0.0039785974817348625,0.0033038887385257645,-0.0010665847173367481,0.004553708692890791,0.007592253195350708
2008-06-06,-0.006446640755977093,-0.00581201626102174,0.0017266150755674183,-0.008441239184173863,0.005152127518444739
2008-06-09,0.00046817226349716234,-0.0002816668754643777,-0.0014533362215339428,-0.003994714384710023,0.002082247525813344
2008-06-10,-0.001009427559151137,-0.0034088525352887673,-0.001207391166097966,8.057088682673375e-05,-0.0006865573410108074
2008-06-11,-0.0029678690593929863,-0.0025747766003718087,0.000191693121920379,-0.003039786234939087,0.007314663289755292
2008-06-12,0.0007467978165769944,-0.0007097668472013747,-0.0017690989086003037,0.002033321524157451,-5.574867986415607e-05
2008-06-13,0.002504703158928522,0.0018253473930468704,-0.00047951525629950643,0.003303869853779613,-0.0012836742750144859
2008-06-16,0.00010573658259938388,0.0010063407695760254,7.496197143087839e-06,0.002657142463075602,-0.00018092596554238633
2008-06-17,-0.000983590526127472,0.0005967706246557717,0.0006605646606981574,-0.005689347719503926,0.0020060269020608814
2008-06-18,-0.0019656868904337427,-0.0016545630709656788,0.001071994984994339,-0.002964569014001543,0.002700579479591256
2008-06-19,0.0002379479165445791,-0.0003990690560860169,-0.0011684259649282222,0.004618085317330198,-0.00466692962469077
2008-06-20,-0.0032677919725113778,-0.004401008518118204,0.0009146765568492165,-0.004531416293218503,0.0013700648144451763
2008-06-23,-0.00021043042591126066,-4.322873752447621e-05,-0.00010730716972020101,-0.004938961768370045,0.0014101098195676409
2008-06-24,-0.0004097101858099941,-0.0009178917462732417,0.0010456103332880668,0.00011333478338549026,3.06413396931918e-05
2008-06-25,0.0009306756960895029,0.002117894011132931,-3.719204924251552e-05,0.003258624686509986,-0.0007840492160678002
2008-06-26,-0.005484078145280216,-0.005115955823574228,0.0011138559526596395,-0.006619087595677833,0.0065704190806417
2008-06-27,-0.0011086115454658318,0.0005228994709903264,0.000971429745193886,-0.0015802034426628765,0.0005151248961362108
2008-06-30,0.0006908108995495002,0.0011866208949483387,0.00012267718931129198,0.00026176497904353434,-0.0035454660959604607
2008-07-01,0.0006215217916525913,-0.002160551032621142,-0.0005443955633508527,-9.086432012160964e-05,0.0034913709607046865
2008-07-02,-0.0034335595919435646,-0.003172305827936667,0.000465857999997491,-0.0024802678391577086,0.003839142355694028
2008-07-03,0.0001954082312362003,0.0012753416072057325,5.5502157445118905e-05,-0.0020682484673631286,-0.00010067566958415614
2008-07-07,-0.0020430020290513355,-0.0017411297020648233,0.0009186165871941706,-0.0044651244382456065,-0.0027311341914072877
2008-07-08,0.0035150372102527206,0.0010312932444923,0.00048192611080635555,0.014779600816235526,-0.0073005552559544966
2008-07-09,-0.003882984604613462,-0.0026138297869523963,0.0009418857358406924,-0.013344970046702013,-0.0001516334648394648
2008-07-10,0.0008103154810525146,0.0017076729475980275,5.443736219843144e-05,0.003874675688312719,0.005399266956137431
2008-07-11,-0.002344283743985131,-0.0031589059100325554,-0.0018716612612724168,-0.0009194170991263943,0.0028137490985333594
2008-07-14,-0.0017926959066873504,-0.00042275512872031227,0.0010600843306201044,-0.006987998767671599,7.765317367682921e-05
2008-07-15,-0.002832217002605144,-0.0032177458469141887,0.0007101045114502173,-0.0019487869310950445,-0.006364399272681166
2008-07-16,0.004870162067032851,0.0036830698229285905,-0.0018362662928346147,0.014541585171946501,-0.003075308122077323
2008-07-17,0.0019885383371684153,0.003029873094242098,-0.0009703172854285004,0.0024066963524876175,-0.004746769098267964
2008-07-18,0.001236311688228296,0.0012771778771238855,-0.0006969552727210702,0.0003302542004375513,-0.0034376468656147604
2008-07-21,0.00010038813150269362,0.001153749000096329,0.00044863253760312193,0.0014876362727074405,0.0024150228968208847
2008-07-22,0.0022587036546734924,0.0006881667839542642,-0.0006958066002867202,0.005380827578366407,-0.004361505029923214
2008-07-23,0.0010663439607434197,0.000724463809982982,-0.00033408812578637434,0.00567889195801136,-0.004544675794009374
2008-07-24,-0.004161219919910791,-0.0036652857101802843,0.001711086609024447,-0.01319775252630574,0.00013737423577608502
2008-07-25,-6.079483381405601e-05,0.00040587553496450345,-0.001179516308248127,0.00325749832688673,-0.0025281767094684545
2008-07-28,-0.0029545092339041653,-0.0033687297841907,0.0011328501497004863,-0.003264337494294429,0.0009809813185482133
2008-07-29,0.00425371286267906,0.0019699120087489775,-0.0005844763636823269,0.009317996726736706,-0.0022511926720544533
2008-07-30,0.0035492282586210106,0.0018545262620702238,0.00038211256361406806,-0.0005260927651974425,0.004039626946542334
2008-07-31,-0.002665869633656097,-0.001986050872588972,0.0015806611159181227,-0.002511805612204855,-0.001644680510974684
2008-08-01,-0.0010577023289632954,-0.002990346241849521,8.483421351205399e-05,0.0001518623661361231,-0.0021881771072359752
2008-08-04,-0.001866991698817967,-0.0019078355881665112,-0.00014991474729944166,-0.002938674392738269,-0.006616667024582683
2008-08-05,0.005361197101061677,0.00502590172564666,-0.0010402206469534163,0.008964142967398515,-0.0014108683739911595
2008-08-06,0.0008740288175148637,5.216686514445811e-05,5.537572507535654e-05,-0.0009789074158099598,-0.002148083083979003
2008-08-07,-0.002996168555928662,-0.004025514515161344,0.0018500281498534472,-0.005309096319043474,0.0010887275334691552
2008-08-08,0.003691660329226013,0.0008420054608452165,-0.00010231223989950858,0.0057719602045592025,-0.005644437268617911
2008-08-11,0.0020614917165438615,-0.00019902916704789218,-0.000991140206844871,0.0064135753177666155,-0.00022857362872333987
2008-08-12,-0.002102923837085958,-0.0014562649211066197,0.0013713992952067843,-0.004470781070195295,-0.0017391607412082183
2008-08-13,-0.0012205152928069594,-0.003165265639708443,-0.0004395830475987908,-0.002932820234163551,0.006640344192258893
2008-08-14,0.0014992611951926628,-0.0007956141725740127,0.0005958347509283274,0.0032094117174534973,-0.0017525160891412187
2008-08-15,0.0009561845612567132,-0.001336197280900935,0.0007290884348728996,-0.00029865331514093924,-0.0027277676435131896
2008-08-18,-0.002756921613076026,-0.0010120794150074073,0.0004822932737840287,-0.0027773952732839204,0.0011200656903943456
2008-08-19,-0.002194728612944906,-0.0022735928031891563,-0.0003014190780918693,-0.004964430650961868,0.003080772682330009
2008-08-20,0.0009157853615410786,0.0011778169531279088,0.0005706585085129047,0.00028621925670735003,0.0015678660364855433
2008-08-21,0.0003424763439337566,0.0007903122014805051,-0.0004387663360923022,-0.0035853980701941305,0.008480305960865329
2008-08-22,0.002870826194921522,0.0009099958928407691,-0.0005969476901478899,0.006770586922088549,-0.006836326540531086
2008-08-25,-0.004086804434205129,-0.003157471210907361,0.0013124723451629354,-0.006070180846548999,-0.0011558597360212587
2008-08-26,0.0005678811150710432,0.0009831284909901953,5.348650846895823e-05,0.0024169943567661015,9.558905192502936e-05
2008-08-27,0.0019399266060527044,0.0018790125781640236,0.00028753656144073735,0.001986896008521972,0.0018789657340396728
2008-08-28,0.002410347802038697,0.0025582932883646704,-0.0003022757148089694,0.005083724123551839,-0.003946688652908699
2008-08-29,-0.0021685948796110704,-0.0006068522532679371,-0.000258983692750835,-0.0013986103419499725,-0.000733419670086001
2008-09-02,-0.0012055999203686065,-0.0030856633274240685,0.0010683226164409055,0.0012799548527102998,-0.0050703572928843055
2008-09-03,-0.00018536969181609587,-0.0008439871715277086,0.00047539153782506435,0.0031333790419986796,-0.001131956033483109
2008-09-04,-0.006037937152594887,-0.008613722426686858,0.0009835608892285836,-0.0056440591120756846,-0.0028526538734176808
2008-09-05,0.0006169116516395936,-0.0007505922594857462,-0.00044942423282116905,3.114932078704584e-05,-0.0020115738984421727
2008-09-08,0.004133235691904296,0.004483773127567735,4.348541994018233e-05,0.008608848043416254,-0.00048511746996963116
2008-09-09,-0.005905333783713511,-0.006499657427056081,0.0008911727147002712,-0.007482726405173329,-0.007359885051177075
2008-09-10,0.0007984381033127229,0.0019342037686627268,-0.0005138268490608092,0.0003436637270846572,0.00029127359564482403
2008-09-11,0.002904576680401871,-0.00038974689079546246,-0.00035706884899725454,0.003021761011801698,-0.0016983396473128512
2008-09-12,0.0009321609108410072,0.0038874669842139642,-0.0010063324851546747,-0.0006295818224975428,0.001336174245535933
2008-09-15,-0.009565124209235807,-0.00851298990859991,0.0037996215082425396,-0.01150453797330177,-0.007882658860163526
2008-09-16,0.0034087619767095173,-0.0014371704528773218,-0.00047726599700369536,0.009905940114451863,-0.004072986044459093
2008-09-17,-0.00905233894267904,-0.007672060315413826,0.00179190061284384,-0.011600438619285655,0.005934065764877758
2008-09-18,0.005924930761796535,0.009030053133882483,-0.00237301453042109,0.017208156113146977,0.0003972494975219557
2008-09-19,0.008029570052469183,0.014112958324057203,-0.00356044999488842,0.006582666469268469,0.006805765017546118
2008-09-22,-0.00448733329347376,-0.006836165550675331,-0.00043738683184875313,-0.017128495400828118,0.006822292300486724
2008-09-23,-0.004588971753651117,-0.0028335719582459683,-7.515425747439265e-06,0.0013995193877572774,-0.001980114197069765
2008-09-24,0.0006333288909471833,0.0005782642843952762,0.0005104757612975484,-0.001368889028658872,-0.0016094503412931922
2008-09-25,0.0031299042917791128,0.004590674468567822,-0.0006153270779529747,0.002494464676544766,0.003501263278994875
2008-09-26,9.407293668387614e-05,-0.002114391469361305,-0.00013372282128728763,0.006272905713088285,-0.0023636826387523975
2008-09-29,-0.015522552868760248,-0.022631928552917874,0.0027312469905735877,-0.015044659189330914,-0.012466508317679223
2008-09-30,0.008296271550228771,0.012064439322779652,-0.002717844714262902,0.014274128791263985,0.005612611081818076
2008-10-01,0.000114154276119451,-0.0014905693623914233,0.001399016682635827,-0.004837828791530087,-0.004682236166248378
2008-10-02,-0.0072524176928503645,-0.008779458318170931,0.0011045007236471826,-0.012913996586934016,-0.011109527475846974
2008-10-03,-0.002686316208765373,-0.0007935400559205634,0.0007552592116440495,-0.008460086330506197,-0.0047143157568104175
2008-10-06,-0.010249157866007977,-0.011398579407346085,0.0015966163758942575,-0.005981330600861333,-0.008429854977359685
2008-10-07,-0.008861778978629276,-0.009241616438749658,-0.00014882559470123804,-0.017486880421692847,0.0025280410762149185
2008-10-08,-0.005044689290231267,-0.004477088975619,-0.002506944839010744,-0.00265030806765672,0.00286028380204073
2008-10-09,-0.013735143138923149,-0.011630633121209918,-0.0020120040212738364,-0.01603505851965498,-0.009348181372336374
2008-10-10,-0.004836528913145914,-0.007346507061289543,-0.0022855595777971274,0.019251653175295404,-0.00887346452047132
2008-10-13,0.028878370755635024,0.031365600177473946,-0.001396620591878974,0.01271346216738455,0.011114253371441833
2008-10-14,-0.0028739761547678993,-0.004085694339557848,-0.0009664843462421145,-0.013424405815786028,-0.003663408864809418
2008-10-15,-0.019729736246509814,-0.021410595601046436,0.0015999052988086766,-0.025901615185872088,-0.009115207615996698
2008-10-16,0.00833033691819991,0.011688833368357274,5.303500790773034e-05,0.011526067568229785,-0.003824636554677872
2008-10-17,-0.0012088231324050534,-0.004154080312891288,0.0012473129217304662,-0.001958192701813696,0.002196909630532789
2008-10-20,0.011948670746274074,0.012671378702196097,0.00021929973777150838,0.0014807856971489571,0.004028189169074074
2008-10-21,-0.005981904124356718,-0.011364745411216019,0.0020820487835422614,-0.006828913939216162,-0.0071822266664993495
2008-10-22,-0.010927054197967481,-0.01468574666121156,0.0014894451774723559,-0.014186232590560972,-0.009484895515150537
2008-10-23,0.002319353343576749,0.0043677452105409945,0.0002609043752869202,-0.0052367882931007,0.0007933027580362855
2008-10-24,-0.010024933301682835,-0.012807230813434337,-0.0006962939201264401,-0.010948250191421247,-0.008037971725603924
2008-10-27,-0.007097984654038709,-0.010588361268053658,-0.00011517323930990817,-0.011324783661887302,-0.001492893326224215
2008-10-28,0.0232380511725687,0.027136815709394378,-0.0016432211762242893,0.0314576387987414,0.00549078583418734
2008-10-29,-0.0014579317829531576,0.0004998704301204573,0.0002885206155352128,-0.007147840153605076,0.011641820583643114
2008-10-30,0.00690999632436634,0.0070820919293057534,-0.0015365434184102275,0.010683789860678502,-0.008461328850953681
2008-10-31,0.0011234330565626693,0.0014055453806599808,-0.0004013839443934808,0.012715108168257517,0.0022233390170730755
2008-11-03,0.0005740539942291917,0.000808943022786437,0.00031575310935769743,-0.006566475333751554,-0.0022053690800406932
2008-11-04,0.006795424813918089,0.013637160375110384,0.0024374683036389702,0.011165382881838094,0.009061497849970325
2008-11-05,-0.008438040986184387,-0.010959633213280364,0.0010479989994081284,-0.019795253932850473,-0.005079379880380091
2008-11-06,-0.011134852915604045,-0.01290052181102736,-0.0006104461248110232,-0.009353646789969465,-0.00878304553966128
2008-11-07,0.00661733535288667,0.011202104862836841,-0.0007256865840140268,0.012678884133609023,0.00023661692368836978
2008-11-10,-0.002632367478186434,-0.0029947639351399808,0.00020714275339912488,-0.01804027912949743,0.0014614477259547575
2008-11-11,-0.006190472336457376,-0.006608078800303545,0.0007297314312466987,-0.002780023644849482,-0.003818120608239948
2008-11-12,-0.008799314269974282,-0.010792233375117921,0.0012176105627231418,-0.014370206875131646,-0.005880948920511472
2008-11-13,0.012519191958036342,0.01696122887432301,-0.0014641706279863802,0.02160029738473273,0.0038358287545222735
2008-11-14,-0.009997886439877833,-0.011555953518542343,0.0019694939003784607,-0.022476282003338077,-0.0012616389418694004
2008-11-17,-0.002647756222976843,-0.0036476623584498756,0.0008388298989806106,-0.007256582692249574,-0.004554969547467618
2008-11-18,0.0037773798717874833,0.0003700902330655316,0.001546515943772491,-0.001878082378306818,-0.003013132918407817
2008-11-19,-0.012908862883989076,-0.013444176354238103,0.002143497196173275,-0.0270135061592287,-0.002231943785432219
2008-11-20,-0.014938820653658083,-0.010945681746923352,0.003993893039782564,-0.01593574891064912,-0.010247502672077207
2008-11-21,0.010753005208721878,0.014110582657999618,-0.0018265454621369513,0.01466282539900728,0.0034868206792734117
2008-11-24,0.013792927151908049,0.011969244945425166,-0.0019036220776595181,0.03369301841371366,0.01370147096641368
2008-11-25,0.0015279332844323112,0.0036908659042113705,0.0034340298832948512,0.0031618851701080163,-0.00678089611056849
2008-11-26,0.007838981397247273,0.0023412260375865832,0.001210251589344181,0.010748897301674939,0.006316181442103499
2008-11-28,0.002499755759498546,-9.202919430621701e-05,0.00039788864179825944,-0.0029420542510496858,-0.00874520708944409
2008-12-01,-0.017878259518854106,-0.01652713221555631,0.0026901126568560523,-0.03935609640090451,-0.006115888528293153
2008-12-02,0.007709095457450298,0.010796410925330794,0.0010711365094367273,0.026419335930453515,8.705563979831124e-05
2008-12-03,0.00480091913051511,0.002739859780836408,0.0003024876941793483,0.011650854046200343,-0.0023250590106085193
2008-12-04,-0.004625114886357539,-0.006152387054788244,0.0012344329205617262,-0.005508933233287891,-0.010503044157012836
2008-12-05,0.0062413546482687635,0.0025602662182075075,-0.0021004916977433526,0.021253631014564872,-0.00491522731033111
2008-12-08,0.006976054450869947,0.009485000128491737,-0.0007705645575490597,0.018666097852531753,0.009211999890803981
2008-12-09,-0.0032984428645854882,-0.0018536444288009318,0.0016904961859513976,-0.017455415008021575,-0.004365937113305754
2008-12-10,0.0013619406198890586,0.005264689639338707,-0.00017373654642002266,0.01708897852254314,0.00603698588202121
2008-12-11,-0.00482655765654064,-0.0008779288831644637,0.0012046231258837064,-0.02901359912712509,0.006303051839247737
2008-12-12,0.0024304898786069746,0.0019519946258715422,0.0005454774803992811,0.02108314874980899,0.004547111969344964
2008-12-15,-0.002797347200308835,0.0005110841301389044,0.0004343202757759943,-0.006980446417915875,-0.005611199853456909
2008-12-16,0.009412339082960708,0.011991531265938786,0.0031746240330404346,0.024475348923187677,0.002861201800833579
2008-12-17,-0.0019367578108489198,-0.0009560508369682276,0.0013830858162745044,0.00384195226017424,-0.00266071821133858
2008-12-18,-0.003732290600289258,-0.006158801017340072,0.0013519449733785497,-0.016473091102380485,-0.003071499234541708
2008-12-19,-0.0008439930567793483,-0.0029171713635205306,-0.000661101888371465,0.013965095041195918,-0.0013562910619028179
2008-12-22,-0.0025496513102002023,-0.0013700897410332316,-0.0005225645815186167,-0.007582284850936636,-0.0056616850091985756
2008-12-23,-0.0020654914607762718,-0.0014889112404128497,-9.986176318522523e-05,-0.0011094165556111489,0.0008048966796083927
2008-12-24,0.001161197325079932,0.0026506473319679153,-0.0002024015605590666,0.0023528336152964157,-0.003107382715841925
2008-12-26,0.001154362401873413,0.0009345636069170815,0.0010682411211468737,0.002864856466155946,0.003235978470378249
2008-12-29,-0.0005781525831289441,7.084220083401642e-05,0.0004410010856228762,-0.011644549524398716,0.0022231944156245738
2008-12-30,0.00473583396754754,0.005982854013828196,0.00028686833528895965,0.00795784138069205,0.00119037782032476
2008-12-31,0.002846018937122487,0.0027150371702775993,-0.0022106551224723337,0.01061825685793009,0.00844640271630959
2009-01-02,0.006038807853568981,0.0026236443927732116,-0.0028684945305639514,-0.006360374002607888,0.006937091388174502
2009-01-05,-0.00023937134286174843,-0.003213843723248598,-0.000352589987861831,-0.0036675036151073287,0.002100249178374046
2009-01-06,0.0013342892348220982,0.0021513828755720726,-0.00010284973170945167,0.009929293126349364,0.005218941249739327
2009-01-07,-0.0060137985274458135,-0.003451348119901421,3.7646224138782436e-05,-0.00669700776228004,-0.010224667269097992
2009-01-08,0.000819444668334115,0.002958239227857319,0.0005339487036400735,-0.0014692544971201785,0.0007380546142393862
2009-01-09,-0.004264014777195623,-0.006962465916819024,0.0009237772608147621,-0.010219080485343285,-0.0023115305182090616
2009-01-12,-0.004786366668515607,-0.004820040943370461,0.0012399773704753509,-0.011716579895190623,-0.009126713489036773
2009-01-13,0.0003637338021654245,-0.0036717536018352147,0.0001392501130643191,0.006074632455045114,0.0032989846527294413
2009-01-14,-0.0063136484681346776,-0.008255860803882535,0.0011131457125215676,-0.010530402056753742,-0.002709396599982052
2009-01-15,7.261718738933866e-05,0.0017975633697604367,-0.00016246111422291685,0.006580260241258978,-0.00019636245980875834
2009-01-16,0.0015661734967154699,0.0012124978245003275,-0.001827456600901795,0.007562550182250766,0.000962469839061769
2009-01-20,-0.010500699587602831,-0.014791529012769145,-0.0003186817514705412,-0.022334594138656256,-0.0062128906477124084
2009-01-21,0.008597945831621238,0.00972126489004687,-0.001790842468528336,0.020699873916531355,0.0008459535056706104
2009-01-22,-0.0030943591455846226,-0.004640112813344615,-0.0013040705961505144,-0.011007575886815913,-0.0025887127196904027
2009-01-23,0.0008876214034196893,-0.001295413112252648,2.8113888846006986e-05,0.006262387869733836,0.009139096300758626
2009-01-26,0.0013700873328919816,0.003908656237551882,-0.0004984166171658674,-0.001159649736201121,0.00038735159768211514
2009-01-27,0.002027896858423172,0.0038824670616316543,0.0013169070622007775,0.0028332675103086135,-0.005454177446082316
2009-01-28,0.006765965591946967,0.005881380317613237,-0.0013189832004227358,0.017113860180373388,0.004795603053392082
2009-01-29,-0.006492225293296341,-0.009123941266783286,-0.002587308007123362,-0.016394223310771894,-0.0024217263365956944
2009-01-30,-0.004085790089611928,-0.001885344672819489,-9.012340628325428e-05,-0.008192924173193781,-0.001174894401233364
2009-02-02,-0.0006006911681681714,-0.0019557723717481433,0.001604848441371987,0.004949105332524118,-0.0038530022063527156
2009-02-03,0.0028014479697771556,0.005706945008696804,-0.0017323305992793477,-0.0020094303718216767,-0.002329619696969511
2009-02-04,-0.0009748142358164649,-0.001017650751329618,-0.0010229317045159765,-0.004874540818925315,0.0011236475539581044
2009-02-05,0.002984234339510277,0.0028558984543101944,0.0004646269728482005,-0.0042406003717950945,0.004417252842894494
2009-02-06,0.005686115709648333,0.004612532147682113,-0.001216053677927557,0.013821703778934252,0.0015010561610773296
2009-02-09,0.0002753525631758093,-5.169260707584584e-05,-0.00041176374610849654,0.0029495180389093652,-0.0009751669970139457
2009-02-10,-0.009234540109674602,-0.010016614906472677,0.0026662230050752953,-0.01782015798259858,-0.002502451501253008
2009-02-11,0.001177467079562,0.002178657800293263,0.0015441062270923536,0.0038118035749039885,-0.0012116499382277119
2009-02-12,0.00014816073079763708,-0.0005940686961611472,-5.6262575342426876e-05,-0.003336342809933246,0.00028613452135937614
2009-02-13,-0.002154643847542364,-0.002162673536125843,-0.0015789612270750988,-0.012371168667900076,-0.003522911941354954
2009-02-17,-0.008568467091877441,-0.010674327272890444,0.0033119684137391464,-0.014275957637911224,-0.01120327959653032
2009-02-18,-0.00048183270093715745,-0.00016584135122795477,-0.0014692036789493421,0.0028602534136177426,-0.0011981738367843192
2009-02-19,-0.002149881003222975,-0.0002162091887646262,-0.0010997017378335128,-0.00850476502535683,0.004935302291360799
2009-02-20,-0.0019475707049842078,-0.002874668293748611,0.0005805817934531521,0.012765419059286057,-0.002222704628605009
2009-02-23,-0.00713200923125521,-0.007637365029178684,0.0001970684910514441,-0.015018673703875987,-0.001902983205185926
2009-02-24,0.007609913178833889,0.00836544379604145,-0.0007719206187586488,0.016718654507234306,0.0038072183107978603
2009-02-25,-0.001576400645555907,-0.005533470295932487,-0.0018065240434774845,-0.003855753315019484,0.002332814718326415
2009-02-26,-0.0032575818434876906,-0.0016382276396837106,-0.0005137035890481063,-0.01016463333940771,0.004218053066579111
2009-02-27,-0.004474270274434234,-6.986864732310812e-06,-0.00016301507691940598,-0.0026041916201195994,-0.0023740711182672703
2009-03-02,-0.009025200003884817,-0.01155628070932149,0.0019821273077692695,-0.012451214267115065,-0.010091397697736287
2009-03-03,-0.0014797084545681298,-0.0007712291735412688,-0.0002448082691859869,0.0008073889687285726,0.0013199575625117766
2009-03-04,0.004734002752439545,0.008867355857835347,-0.0010027617739305397,0.0032020153258286474,0.00698401124780672
2009-03-05,-0.008199343134436623,-0.00809104255446147,0.0023216210885113565,-0.012419520145693873,-0.0016929288421356889
2009-03-06,0.00034851964291536156,-0.00035224603763092064,-0.0009495041430634439,-0.0027119178735860753,0.0047848819492624685
2009-03-09,-0.0023513174566940466,-0.00539333006620965,8.500997761186903e-05,0.0046422658301877385,-0.0010453059937428819
2009-03-10,0.011901946618977862,0.013321049397397795,-0.0014742870301915996,0.02764414128809534,-0.0005483121053836105
2009-03-11,0.0013070065081117192,0.0011314099053351427,0.001438400870618223,-0.003252207509659973,-0.006347188088922003
2009-03-12,0.007876390297622876,0.004596662936475432,0.0005694706581466574,0.0163243994102621,0.009254930387155719
2009-03-13,0.0015614706165411614,0.0013214999446210206,-0.00014546120887530813,-0.004151764203862708,-0.0017657028863963537
2009-03-16,-0.0005930045413237627,0.002179725707398285,-0.0011404247919551387,-0.01573943435970204,0.004397570185965075
2009-03-17,0.00610427639458139,0.005277822880923981,-0.00038213383174643924,0.015130931428120654,0.004298694735837581
2009-03-18,0.0044520656708165384,0.005744843944190526,0.006780471793372872,0.0110375075211741,0.0025289929931999492
2009-03-19,-0.0025036121110954316,-8.058176788019157e-05,-0.0007000079140287003,-0.012263917717767178,0.004186050485931746
2009-03-20,-0.004241904043570385,-0.0027859104455658476,-1.523903876050039e-06,-0.01732522573785199,0.0027098827147515095
2009-03-23,0.014326261989474901,0.01429661493019216,-0.0006972531751365689,0.03179412197485534,0.004272936186301121
2009-03-24,-0.003936053157763351,-0.006295132605616616,-0.0002922975656052637,-0.01553451567361339,-0.0032780950159882775
2009-03-25,0.002105718700960775,0.0030788237049259315,-0.0012103496869746426,0.0033121663630073764,-0.003054802247184183
2009-03-26,0.004073404199091803,0.0026785394263392,0.0005246702092865568,0.004470445285099786,0.0034778876367447813
2009-03-27,-0.0036076881751010426,-0.0064184336899772605,-0.00011689742628234845,-0.008946427386221254,-0.0037061158141142264
2009-03-30,-0.006917503354762611,-0.007632049360306854,0.0008579864537091889,-0.010966959926380693,-0.0072714001968693966
2009-03-31,0.0018511493601928192,0.0051719435453471884,0.00035377886090644744,0.013841131920277739,0.000901328359831929
2009-04-01,0.0038952653532266833,0.0051953731908939635,0.0004883470328124216,-0.0010508574794295981,-0.0004999266930304386
2009-04-02,0.0058466486915514934,0.009002479346670533,-0.0013267830043686185,0.014418277642384658,0.00771316924591675
2009-04-03,0.0019802345930775267,0.0011412202951924916,-0.002296614383135426,0.017214082338313685,0.003097383163649052
2009-04-06,-0.0015693434365369957,-0.004145281726688624,-0.00045539349748800447,-0.002262544796927274,-0.002473058516355662
2009-04-07,-0.004671382141527617,-0.004185653512197639,0.0005040930773454915,-0.01507264013130727,-0.0035621560717771783
2009-04-08,0.0021514662373384955,0.0020031222265017765,0.0009906822829814368,0.0029483542784602833,0.0014905585981219705
2009-04-09,0.0079347953886643,0.005346494155688156,-0.0011766121962639342,0.02641167990651811,0.0029155906371292777
2009-04-13,4.194203924777743e-05,0.001961680480347474,0.0011747376317748476,0.0006777236279944988,0.0009303584966196612
2009-04-14,-0.0034518328027097513,-0.0019174224439350918,0.0010206437038786536,-0.017106751759003544,-0.0036277958667957307
2009-04-15,0.0021395902494311574,0.002627657128152657,0.00018684378542127084,0.017339052942933506,-0.0012632940356249334
2009-04-16,0.0029233970567453327,0.00127094056710954,-0.0007955099744537997,0.0067110051279498095,-0.0008837467065999616
2009-04-17,0.001339743503504381,-0.0006839449679583926,-0.0016204727102056397,0.0035947022911181547,-0.001462450899633534
2009-04-20,-0.008375988370761218,-0.008216451798063183,0.001376302605062311,-0.020797574192329804,-0.007542659368658135
2009-04-21,0.0038918013243694565,0.004573366086744994,-0.000755519540915555,0.018060174623657464,0.0007283752661768393
2009-04-22,-0.0012238499619352551,-0.0015837009195545963,-0.0004784131556714346,-0.0070209186666539206,0.0003010060662850534
2009-04-23,0.0019669704324835656,0.004995078851453444,-4.2378046714239485e-05,0.008999885214741704,0.0026638509856786456
2009-04-24,0.0030219547807666934,0.0030814274163525595,-0.0007845062379322853,0.009472504883155193,0.0030267073663141036
2009-04-27,-0.0018955272229301283,-0.0023631360994984503,0.0008239798087369279,-0.011999626912570447,-0.004915165351010083
2009-04-28,-0.000629474115817649,-0.0018845828278045162,-0.0009513133165593349,0.0026512140403090814,-0.001425594642731527
2009-04-29,0.004251951601125475,0.005108493371397829,-0.001094201561072167,0.008697412593483061,0.004620124785951399
2009-04-30,8.6484744438255e-05,0.0012606989192684814,-0.00034139295988951324,-0.0008638498160121284,0.0007324921129984728
2009-05-01,0.0010769156342060717,0.0023334728184171987,-0.0006446210804742003,-0.006570717547719635,0.005974046863157925
2009-05-04,0.0068114052764571015,0.008285875064108108,0.00019186853789345814,0.016344419128984454,0.0038945985496857015
2009-05-05,-0.0006838588718668504,-0.0019920636547984256,-4.4498359570867364e-05,-0.007490075486524383,-0.0028658667518711867
2009-05-06,0.003467395011075535,0.004841300008906925,8.735691210303169e-05,0.007605873234237671,0.005309766484933188
2009-05-07,-0.0027781430517740766,-0.0033534868990705282,-0.0016843256683664952,-0.011402719716950439,0.0004172165874365503
2009-05-08,0.004664957537446897,0.008632906786017844,0.00023641862401471987,0.013333581046478837,0.0049811979569775264
2009-05-11,-0.0037437367897082434,-0.005097268615707938,0.0018664436436545227,-0.007635190081962496,-0.0016548744625548765
2009-05-12,-0.0005989886882047215,0.002144951837000426,-0.00012852387808668815,-0.0005562642711945087,0.002037316644769311
2009-05-13,-0.005033925779862137,-0.006826414050302679,0.0009119655723693585,-0.013242416336885436,-0.0022781406900720326
2009-05-14,0.0017053446396877799,0.0019586522938830494,1.9424912265166277e-05,0.004822343905035692,0.0012970203546813278
2009-05-15,-0.0016315861282466737,-0.001803252896200992,-0.0004917919349181254,-0.006743003938057051,-0.005078025459150997
2009-05-18,0.0056809488993192735,0.007593930165202128,-0.001189809258559491,0.01605963018786517,0.005298595151809083
2009-05-19,-0.00024278495628618792,0.0018009208810177244,-0.0002806061888454712,-0.003800780530056408,-1.5500674797296023e-06
2009-05-20,-0.001346202291527222,0.0013067823483151944,0.0006289028682667659,-0.0014923365993051965,0.0032199201315013387
2009-05-21,-0.0028749618001457176,-0.0015168246294579217,-0.002154012577031339,0.0006069430350681041,-0.0016292434421092687
2009-05-22,-0.0004297959635160671,0.0011374008653264854,-0.0011770688501442157,-0.00487198404733598,0.0029215768160291166
2009-05-26,0.005110592780784965,0.004030388141399805,-0.0013111670044699075,0.011842235247543957,0.0005021544031334599
2009-05-27,-0.0035704210570813738,-0.003881456283234643,-0.0022676251581997637,-0.007269710395243157,0.0008962506852540422
2009-05-28,0.0027868159281322414,0.0020406314982160875,0.0010429522481667113,0.002766899163350257,0.0036729617914506825
2009-05-29,0.003552351496659858,0.003992723598969968,0.0022759271400907763,0.006580850393360881,0.0038566966812988595
2009-06-01,0.004840131884100643,0.004922476306647699,-0.003294367729451501,0.010192874254512992,0.005500877579769822
2009-06-02,0.0001668508919565327,0.0017225931575449215,0.000666193313407292,-0.004162932931186306,0.0008379818428766462
2009-06-03,-0.0025321126203824602,-0.005980781360942787,0.0012142904802544927,-0.0003613599335953581,-0.006679515612391864
2009-06-04,0.0018797438087197374,0.0012613049572514734,-0.00233353520921177,0.006382054612289717,0.007288098732661727
2009-06-05,5.441112884810877e-05,-0.0024677236405088766,-0.001993559941123552,-0.00047721522617744517,-0.0010865353128009323
2009-06-08,-0.0008234651564229215,-0.000409763465750416,-0.0010127869017269575,-0.0036007865004130386,-0.0005034204515271094
2009-06-09,0.001017774548573616,0.002458626293924854,0.0008605548614857245,1.081435407228914e-05,0.0019285714914906225
2009-06-10,-0.0005062589538324045,0.0003938641425598916,-0.0012059449595338415,-0.003466701537823479,-0.0007535266409988966
2009-06-11,0.0008890291080178878,0.003416333139886186,0.001366855906269271,-0.004109809140403945,0.0018322430210103722
2009-06-12,0.0005457892264584147,-0.0010227676718129782,0.0010540804379707929,0.007220814761282353,-0.0028165768850846296
2009-06-15,-0.0045895001295205694,-0.0072196074666563345,0.000893895256051787,-0.009515655581605373,-0.0038569037375355184
2009-06-16,-0.0027188606002918063,-0.0023066014924080194,0.0011222293144367173,-0.0036842485989240802,-0.0007514148931538791
2009-06-17,-0.00019764141337814413,0.0005612303956825729,-0.0005341077383980047,-0.0038097320236692434,0.0006025222339333403
2009-06-18,0.0014599874839690177,-0.0003468977833245706,-0.0024383233555758162,0.0013542009690457018,0.0002551081219339851
2009-06-19,0.0007377519971251232,0.003158220757399924,0.0009344137435242429,0.001990289759963665,-0.0017211168976648823
2009-06-22,-0.005987688171079491,-0.006451677927057436,0.0010710643468163571,-0.010469774497887788,-0.006748791286545327
2009-06-23,0.00015374279658467898,0.002626733763397201,0.0006494269214137244,0.0014798259762497626,0.003477607007602648
2009-06-24,0.0017218521113258514,0.00017694048401761478,-0.0007684018436501767,0.004394329629457008,-9.615463953066928e-05
2009-06-25,0.004365013515712756,0.004232208974352889,0.002493021550656721,0.002665465023269102,0.0017473149555401375
2009-06-26,-0.0005227072356633653,-0.00039226502351216865,0.00026289824633973205,0.0017000823507693137,-0.0016529729618631177
2009-06-29,0.0018726371311435163,0.0016954659440198772,0.000417016513888067,-0.0001327157105591215,0.0019264925031480219
2009-06-30,-0.001617806143872157,-0.002329790272808073,-0.0005278749315342796,0.0011668431079689984,-0.0035750890929219957
2009-07-01,0.0008249199791329539,0.003313406538595354,-0.00012277174749049987,0.003480621603548081,-0.0007829806525762108
2009-07-02,-0.005458982472388257,-0.005768447514270716,0.0006571990646494092,-0.01059482630540544,-0.004442110379684297
2009-07-06,-2.6166487169855993e-05,0.0002684770021446356,0.0001261767412531771,0.004987550010608964,-0.0060099029621155636
2009-07-07,-0.00388001270242747,-0.004880844487686769,0.0007936912379899382,-0.007749069746219538,-0.0031618761524394574
2009-07-08,-0.00013325894788969683,-0.0008166700415208074,0.0023076237783295627,-0.0018954791671683107,-0.0024834125056078737
2009-07-09,0.00038677613367603186,0.002451228053738888,-0.0011745946960684379,-0.0037630704377165027,0.0012506212489592006
2009-07-10,-0.0004789053844910368,-0.0023309962519695794,0.0012377235943407774,-0.0002782247415685704,-0.0015309404888257754
2009-07-13,0.004850744188030175,0.0034912359618012256,-0.0007176082996221845,0.007534891313160363,0.0010804760978087174
2009-07-14,0.0011304695981878634,0.0010700509079570905,-0.0013322353358431573,0.0024257302187499085,4.459937996223455e-06
2009-07-15,0.00584776668110071,0.006815970178642263,-0.002618241829666289,0.007373049121553229,0.005267368425860261
2009-07-16,-0.0003230904678299457,0.0017546017415840842,0.0011988879622730434,0.00231765409095126,0.000491240766191037
2009-07-17,0.0021876533778030557,-0.0007215523535300227,-0.0013511059076457964,-0.0053661395240358865,0.002971723701596494
2009-07-20,0.002126448725876,0.0038810292880365085,0.0007461216854218961,0.007033011757163009,0.003303336410621259
2009-07-21,0.0009241001298050239,0.0012615189033730653,0.0022592913874029414,-0.0005643528167686356,-0.0007234607019367586
2009-07-22,-4.5240283393408255e-05,0.0004984622024406187,-0.001178278937707585,0.00027226131583139005,0.0010904503017433946
2009-07-23,0.004413581066109126,0.0033700735182161557,-0.0019413799485796435,0.0079506871970291,0.004142481737618853
2009-07-24,0.0008231697249669554,0.0012244460793430479,0.00042065765454537846,0.0014089309765429132,0.0001816784072156545
2009-07-27,0.0005908198298090598,0.00020425793508004476,-0.0009335659229532793,0.0028877414583336563,0.0007942360301865833
2009-07-28,-0.0009364405317647757,-0.0008520624370412672,0.00039950094888443924,-0.00017915680333465382,-0.0022020603446781363
2009-07-29,-0.0004914522553738744,-0.0016298710201973587,0.000137790632877236,-0.002504583443597652,-0.005178210475058826
2009-07-30,0.0020873710194024165,0.0038983398710451117,0.000816177491211181,0.0071500575944811046,0.006193616809456425
2009-07-31,0.00028275771106902074,0.0030511206131701033,0.002011179392552685,-0.00017628869536811875,0.004006350847240482
2009-08-03,0.0033002165411565964,0.0046354865998988444,-0.002145610898734884,0.0036136013104505725,0.005628351586105819
2009-08-04,0.000516658257076368,-0.00030336431479464736,-0.000572593318286906,0.01093397086608503,8.305658801222226e-05
2009-08-05,-0.0005779886398389161,-0.0008184632372901837,-0.0011405991921285981,0.007650969002458914,0.0021108182574515176
2009-08-06,-0.001034639947747642,-0.0012506315841807226,-1.2363423640940408e-06,-0.0014711009660400216,-0.004623315788816289
2009-08-07,0.0026199559701958835,-0.00020184019479730858,-0.0013279187952044648,0.01105483117312947,-0.0009433816819197136
2009-08-10,-0.0004153668952458709,-0.0012201334850408872,0.00128177884461022,-0.004293947261885151,-8.620641696822815e-05
2009-08-11,-0.0024975475157333034,-0.0011475911850835174,0.0013841977084058574,-0.0058325247933203,-0.003009990891673561
2009-08-12,0.0021460864932837187,0.002262577055749098,-0.0005571315202889068,0.0014690736769106848,0.0010468808177504013
2009-08-13,0.0015292243901790714,0.0030626935204581037,0.001568761215168977,0.0010422624445571653,0.002690402751983928
2009-08-14,-0.001536367827226758,-0.0016973417873739603,0.0006185394303383562,-0.0016623176389490772,-0.005672889140089486
2009-08-17,-0.004920999950730794,-0.006447872539390443,0.0013534556198105908,-0.010715509399940423,-0.0029980963982383763
2009-08-18,0.0015848925336911165,0.0034570392762282936,-0.0007051196780824995,0.001983099867511832,0.00395845220862585
2009-08-19,0.001748452504371895,0.0017135742194210703,0.0007570550999337092,-0.0015706602988304328,0.0014407827467019505
2009-08-20,0.0020559340554402567,0.0014137567418158325,0.000524698899900409,0.007980882036023882,-0.001659788873344307
2009-08-21,0.003921969234182366,0.004362879747681569,-0.0020560273647422214,0.005230484965884615,0.0014920179219416474
2009-08-24,-2.2667930995791834e-05,-4.134435933916177e-05,0.0012509125266841725,-0.0006465270622989451,0.00035553656123391074
2009-08-25,0.0003871049279010135,0.001985949904137827,0.0005291427122272759,0.0022228763541864665,-0.0028851539607738586
2009-08-26,1.706377616457522e-05,-0.0008309970216498763,0.00026117792170510956,0.0006104097112637446,-0.000520856561048736
2009-08-27,0.0004434651436132895,0.0015159262054574173,-0.0005483702115807508,0.0019350120189743217,0.0016950195702895839
2009-08-28,-3.487411237022466e-05,0.0001186699953597545,0.00046533107043415887,0.001768240270800676,-0.00044296428349818213
2009-08-31,-0.0017815896223277352,-0.0014710342503264438,0.00058399530693866,-0.0031564991739863415,-0.0054688700240406824
2009-09-01,-0.004414950732009155,-0.004992453403485234,0.0005157156721885249,-0.010727306412978144,-0.003047404322858539
2009-09-02,-0.0007595225123653461,-0.00023321055870905707,0.0010864944925984168,-0.004048458191194365,0.000456395727736102
2009-09-03,0.0016620392965882472,0.001559393018775533,-0.0007200077000300781,0.003997997599067517,-0.0010096674982801486
2009-09-04,0.0027942809667901992,0.0030482782735755214,-0.00119998034697266,0.0023128434539582006,-0.0008287627147606207
2009-09-08,0.001722643858623156,0.00396389067011766,-0.00046250078190851777,0.006960558547251374,0.003701909759901794
2009-09-09,0.0015345142234617518,0.0024594286375041138,0.00017627515913359233,0.003918552586745125,0.0008172346658351231
2009-09-10,0.002038812787023681,0.0017714270637252593,0.0014882695011099194,0.0029742221137777714,0.0011008193754375615
2009-09-11,-4.0524312405503255e-05,-0.0002582342896176959,0.0005871657379865584,-0.0003474820745540524,-0.002598064054599321
2009-09-14,0.0009696072582388426,0.00040596618446005775,-0.0011709775193472513,0.00596957416713044,-0.0010941493722359638
2009-09-15,0.000834238838565836,4.0789128450942766e-05,-0.0004150515886587861,0.0031782844514711417,0.004662825302285794
2009-09-16,0.0030311973251906828,0.003936511936758163,-0.00015631574414262152,0.008114159449693122,0.0026017104793545722
2009-09-17,-0.0002989286041406947,-0.0012902880620390775,0.0009839849400058217,-0.0008694750354043427,8.814246601376707e-05
2009-09-18,0.00012782516291265603,0.0005437004432479987,-0.0010732675806666748,0.0002768316738707346,-0.0017708305122944349
2009-09-21,-0.0005091292519275273,-0.0021141026894047027,-0.00012744744230896177,-0.003121934733327189,-0.004374615548935907
2009-09-22,0.0011635823988521861,0.002763825743422305,0.0005327644102927053,0.00632735492087874,0.00328206431521206
2009-09-23,-0.0016615873330091651,-0.001716115473448817,0.00044004850699973024,-0.007212694182390543,-0.004491946412248155
2009-09-24,-0.0022059053524573495,-0.0029149811634164055,0.0005462155063015403,-0.0072740867588937125,-0.002579976280934135
2009-09-25,-0.0010668370363919745,-0.0008448301622829999,0.0008024484141242759,0.0006449996556439813,-0.0015819217811952621
2009-09-28,0.003576223742704342,0.0027253388903478713,0.00034790081889498936,0.008237845114431923,0.0017868102214536631
2009-09-29,-0.0006008865715231263,-0.001202715107811478,-8.692329032360514e-05,-0.0032343163975231373,-0.0007444413118570519
2009-09-30,-0.0007774955230538387,7.644888227621791e-05,0.00015237976224532368,-0.001900233336343993,0.005583475939373858
2009-10-01,-0.004965810041610844,-0.00523938901923358,0.0014971460811018724,-0.008958021003848632,-0.0012356246430122034
2009-10-02,-0.0009346905668412372,-0.0022135908984423163,-7.36397324184159e-05,-0.0013738394423482249,-0.002008157115952115
2009-10-05,0.00298416519069375,0.002894112236317806,-2.2538950239700335e-05,0.005469077813254122,0.0064772760254241555
2009-10-06,0.0028589159681692723,0.003360039355045569,-0.0006498309462880158,-0.0005328084123391897,-0.002420493632456353
2009-10-07,0.000551874856537137,0.0007367018504597191,0.001273923377134966,-0.00014767894636364564,0.00036526243322881587
2009-10-08,0.0015306410863188584,0.002895437955494447,-0.0007375308277380924,0.003817989534213324,0.00399005212835623
2009-10-09,0.0012166286915398531,-0.0005065035162830916,-0.0019239585461237104,0.0017152529795565587,0.0007966887255239741
2009-10-12,0.000781934826180198,0.00119772056169425,0.0005916595367659777,-0.0002917468888208751,0.004044652530877122
2009-10-13,-0.0004090060270059436,-0.0004330839517783907,0.0004550249131462656,-0.0028186446900953788,0.0022376148190825233
2009-10-14,0.0034407690694859164,0.0047936876405052595,-0.0013695891854506833,0.007284580146666195,0.0015371824863232213
2009-10-15,0.000731393567326813,0.0009167268519778249,-0.0006552595312193345,-0.001706473220899835,0.002026479305449738
2009-10-16,-0.0014952707598398294,-0.003017208449525506,0.0009133379003976843,-0.005272773668115425,0.0004988450394692153
2009-10-19,0.001654666490089087,0.003199101864634914,0.0003077435420754548,0.004306544069484998,0.0028513510619827573
2009-10-20,-0.0010575746378995866,-0.001051049962497438,0.0004563091142500645,-0.0037127422099628342,-0.001234459923461353
2009-10-21,-0.001793380790489659,-0.0006704609751926391,-0.0004564125672655312,-0.0025504310360355644,0.0042228139147456965
2009-10-22,0.002031468539061619,0.0019456442156401245,-0.0005872530838624688,0.005252235561200036,0.0016218930880031051
2009-10-23,-0.0022801846188997216,-0.0031639303185360345,-0.0009835257310008315,-0.002362044229140114,-0.0007200203185746317
2009-10-26,-0.002167636845774353,-0.003021052841793133,-0.0011439434374132694,-0.0004904557437935192,-0.003616298038825762
2009-10-27,-0.0009179698364486046,-0.0015908019779509693,0.0017187434333173098,-0.0028950553078062186,-0.001400596015736626
2009-10-28,-0.0037681925112069566,-0.00482313322473146,0.0006081798997926668,-0.008406928156764911,-0.005161330533251075
2009-10-29,0.0042976468452063585,0.00588097375563211,-0.0009655924861103407,0.009099366901016296,0.006213543707781864
2009-10-30,-0.005789845611872003,-0.006686555015591015,0.001482120955846228,-0.0034805930848006207,-0.0050532749605080455
2009-11-02,0.0014664515821008303,0.0019494171793847433,-0.0005287747121217712,-5.161541010674947e-05,0.0034874004220047613
2009-11-03,0.0006264888227657582,-0.0007545817975358035,-0.0004513412235639184,0.002962497052025836,0.0028310962667163187
2009-11-04,0.0005162898497546039,0.0020170948219751738,-0.0005507990392634644,-0.004239963840011163,-0.00016718120159784315
2009-11-05,0.0036758811935950716,0.0025823716777583945,4.543906455534446e-05,0.0045131339808905605,-0.0010762199833739875
2009-11-06,0.0005201957481163097,0.0005817145952472932,0.000594065640916915,-0.0032834709480075224,-0.0035601583557122282
2009-11-09,0.004563217179234997,0.005583328719413965,8.886422430238563e-05,0.00983282213139463,0.0032804851241699027
2009-11-10,3.573242995796481e-05,-0.0010543071734844492,0.00015501000376442675,-0.0014955837186566802,-0.0009815513635456023
2009-11-11,0.0010213098251159857,0.0006035914866598163,0.0005709151244818384,0.0037355881841929714,0.0013336697422416145
2009-11-12,-0.0020317059308364222,-0.0029096046375414655,6.499759197963977e-05,-0.002047769327241365,-0.0029821382843683623
2009-11-13,0.0010812866660758161,0.002798187453904462,0.0001532095859775693,0.002698776368255636,-0.00016856569821753985
2009-11-16,0.0029004530854208443,0.003189457913646186,0.0010760251138714314,0.004847683299703725,0.005782162144371227
2009-11-17,0.00023223367947519444,-0.0013229474333328233,0.0004334321831490799,-0.0034865803853786274,0.0009747768138459537
2009-11-18,-0.00012617298317759307,-0.0006336193095696116,-0.0005011783268325992,0.0036423037448236784,0.00017461647906008056
2009-11-19,-0.002605994399737989,-0.0037801118307168266,0.0002393085445077278,-0.004601078742425201,-0.002837866619531431
2009-11-20,-0.0007107950954250178,-0.001106263091242884,-2.1459496625724078e-05,-0.0014242432748770198,-0.0002455265607807216
2009-11-23,0.002540299848982183,0.0035803021248458924,-0.0002811810304129622,0.002537966876263471,0.0009219880053754519
2009-11-24,0.00030626429122518654,-0.0008178448015456228,0.0010231316004795548,-0.002976690166507621,-0.002301753862107899
2009-11-25,0.0007032382684410934,0.00266899685389334,0.0006759747249358483,0.0008146387237525284,0.004807478626715418
2009-11-27,-0.003248093783434761,-0.005731978855968652,0.000905447011860132,-0.00582381769284527,-0.002220770693172466
2009-11-30,0.0006752312098967276,0.0006511261581474831,0.0003223448279160287,0.0074454232195533335,0.0022263440046748125
2009-12-01,0.0024739185232203124,0.005471408958991216,-0.0011107385893148654,0.00293706765600435,0.0014600576604792423
2009-12-02,-9.02695639963115e-05,0.0003158803726165864,-0.00041205864348068603,0.003281715440733549,-0.0013630982786874293
2009-12-03,-0.0015628388645430413,-0.0004506464079857345,-0.0009322177306721781,-0.0022414147988678843,-0.0001627879236345538
2009-12-04,0.0011461041329538183,-0.000706436362290345,-0.0014810622090798494,0.005888661884541928,-0.0016244637092030759
2009-12-07,-0.0003064826138864663,-0.0010941289080465383,0.0005464206547950445,-0.004193745889579798,-0.0017990080622906335
2009-12-08,-0.002221945365019639,-0.0034864636273423937,0.0007029166563670779,-0.0011514661898381754,-0.0019768616234183824
2009-12-09,0.0007482662634683062,-0.00025262404443880367,-0.00039309863811760475,-0.00041490771947907604,-0.002500963798261197
2009-12-10,0.0011271611499405556,0.000615796485183984,-0.0006795321473066048,-0.0007835435816679415,-0.0010978240619593602
2009-12-11,0.0008492756031100219,-7.191001827725823e-05,-0.0009902570129232448,0.0032144302799843143,0.0010180295056653496
2009-12-14,0.001367447723648199,0.0019454461104073497,-1.090231766933644e-06,0.003628423378072324,0.0010982177714513478
2009-12-15,-0.0009297393634048814,-0.0022126789716847874,-0.0006403704288407377,-0.0019857983780420937,-0.0009199777889139291
2009-12-16,0.0003040362564846121,0.0023452871379079305,-2.008572028821667e-06,0.0014573773458610628,0.003455388033176473
2009-12-17,-0.002403615645122556,-0.004725018413888644,0.0017613611928847441,-0.001221302099924189,-0.003071838565652635
2009-12-18,0.00113105012515205,0.000474847421019922,-0.0009911635525989128,0.0013200897870869967,0.0008476620501141177
2009-12-21,0.002029231945623882,0.0005829157806183506,-0.0020593140792186907,0.0027097699194048143,-0.0019156818420170633
2009-12-22,0.0007177468857114105,0.0012678280609909839,-0.0008932189943952342,0.0020979559800246086,0.001438281071583252
2009-12-23,0.00039309786236510697,0.0018203287552249743,-9.053127002010363e-05,0.0023897106936998673,0.0035295073810822863
2009-12-24,0.0009467499012416726,0.0007944756468709459,-0.0007185331041992735,0.0028831125280586517,0.0011575962484231908
2009-12-28,0.0004249734174216973,0.0008627465264454987,-0.000542581548570824,0.0009575232009284903,0.003530363025151562
2009-12-29,-0.0002854107754832274,0.00032491451634481054,0.0005277935387620505,-0.002990958848299237,-0.00040483537965375346
2009-12-30,-7.155683364408964e-05,-0.0008174289601274615,0.0003583827037505213,0.0003078789368994855,-0.00024268323347688433
2009-12-31,-0.0019217599810963755,-0.0013981661975006518,-0.0009665835381491986,-0.0034193631202732847,-0.0005568340911175979
2010-01-04,0.003398440872717205,0.005236238256792086,0.0004974231006070586,-0.0008561934544850541,0.0050295905564045045
2010-01-05,0.0005298564621622852,0.00017611803566963978,0.0008768282974535674,-0.0002251696808743865,0.00023714336213452033
2010-01-06,0.00014066111018640087,0.0008474391593026443,-0.0008084132379227827,-0.00035997074032925286,0.003548735774772567
2010-01-07,0.0008434887968355516,-0.0007697852151550071,-4.3312472804645526e-07,0.0021543602121507637,-0.0024912228880492444
2010-01-08,0.0006676804853778286,0.001581225910621449,0.00024843110038912845,-0.001472197814123224,-0.0001574742716749642
2010-01-11,0.00027790724797361124,0.0016430281592677148,0.00013419461152547725,0.0011663841593950687,-0.0006274826480405088
2010-01-12,-0.0018659706598028074,-0.0023580777053804148,0.0014351984613560152,-0.003351377021893567,-0.004278809332133462
2010-01-13,0.00168603831835162,0.0016790858032144328,-0.0009611390843890552,0.004030538151246927,0.00016737596440593558
2010-01-14,0.0005415872046641226,0.001530559025995282,0.0009401118728895846,-0.00017828575825357666,-0.0010480360001608692
2010-01-15,-0.0022440376613949136,-0.0031493278316012422,0.0008905096655081692,-0.0015152672780574855,-0.0022722355869523084
2010-01-19,0.002491785033512808,0.001963071774807995,-0.00035600118444503693,0.004073698403600423,0.0013264849481094223
2010-01-20,-0.00203267527500508,-0.005114497518578462,0.0006868732689898407,-0.002241061855926467,-0.0037557627560389707
2010-01-21,-0.003845125370690892,-0.004282478458337214,0.0007326519113762369,-0.005736162157943936,-0.0024844705836642453
2010-01-22,-0.004461389344865152,-0.003897423827412359,0.0001749188118271539,-0.005033346363082493,-0.0021061316856710666
2010-01-25,0.00102648145125954,0.0024624658950173246,-0.0004422878126969448,0.0014134139556681413,0.0009443031861842485
2010-01-26,-0.0008387359266206677,-0.0011364163671102804,0.0003990264884247297,-0.0018652549139019847,-0.0021948679425093033
2010-01-27,0.0009499996090752275,-0.0002177496654952662,-0.0004628451246147801,0.0017813731766741104,-0.002917315016273113
2010-01-28,-0.0022914765663859813,-0.0033661713756022353,-6.441682384280859e-05,-0.0017085795115232654,-0.0006957086869389134
2010-01-29,-0.0021706018010608326,-0.002898354723397348,0.000777862262858829,-0.0011193320891400471,-0.002265312468059545
2010-02-01,0.003108497544666947,0.003650877220902597,-0.0006901648681807885,0.0036402840326490416,0.004848649807641737
2010-02-02,0.002422460673073459,0.0033222221752895052,0.0003328278626589868,0.0027409079287995155,0.0043024232041239145
2010-02-03,-0.0009974651084788803,-0.0021010987393389213,-0.000953481754021063,-0.003253482035623857,-0.0024432828024632982
2010-02-04,-0.006171399812305502,-0.008196043642362498,0.001636671494784726,-0.007410508406067774,-0.0066642451681032675
2010-02-05,0.0004121375810970092,-0.00034677473568223095,0.0006394246144739952,0.0036628012465535036,-0.002563863073360908
2010-02-08,-0.0014415473083955776,-0.003981206404032406,-0.00017697512568791673,-0.004345072754422078,8.81418010966458e-05
2010-02-09,0.002510775318885877,0.006278902830166974,-0.0010886637441989962,-0.0006265484592420431,0.0035764359635349725
2010-02-10,-0.0003930074979701604,-0.0012706378342997734,-0.0005547726447282022,0.0003890142785576024,0.0008037745421762446
2010-02-11,0.002093800473553313,0.001862275445215985,-0.00024508131813780947,0.0018955863091481475,0.0023541585528854057
2010-02-12,-0.00016532972332804864,-0.0017119271693245906,0.0004677707566899145,0.002374396035762356,-0.0011227488985274424
2010-02-16,0.0031457002665407964,0.004452978999540063,0.00045036178603587444,0.005654404326632009,0.006055392699657704
2010-02-17,0.0009468082130283357,0.0002655015957400051,-0.0010663683124662315,0.0018038836325031892,-0.0010150209182010486
2010-02-18,0.001179383092694681,0.001135634323853066,-0.0007120618997486265,0.002993541200101402,0.0017737137638311282
2010-02-19,0.00041101720299729124,-0.0012273246511256776,0.00010948229151050525,0.00013354954629704,0.00117594017612981
2010-02-22,3.6075130501415605e-05,0.00037908104537694154,-0.00015693418192371642,0.0004962940365719392,-0.0010890685719213322
2010-02-23,-0.002428058205452256,-0.002830697986167242,0.001512118554065519,-0.0015334578108773611,-0.003283823047594189
2010-02-24,0.001836817236348525,0.0012613516578755413,0.00010970089486877707,0.002042857829254623,0.0016208399807131895
2010-02-25,-0.00026636638055589103,-0.001196576747477578,0.0007300352390332521,0.0007591174908294461,-0.0033841075583370033
2010-02-26,0.00012536080708365051,0.001227553336392463,0.0003080522845850687,-8.98617629812716e-05,0.003524274398022003
2010-03-01,0.0020752490016303737,0.001558642307800293,0.00020673904666509852,0.0017003656340723093,-0.0020305134725528556
2010-03-02,0.0005531024186914667,0.0015068316618481812,0.00011180810350622285,8.806536030977266e-05,0.002135844938606986
2010-03-03,0.00017706540269289152,0.0023905322918993084,-0.00019902240810270284,-0.0005346235113023629,0.0019447581689581428
2010-03-04,0.0006037363583135622,-0.0005179497566567978,0.00035233555127868845,0.0012450414381465537,-0.001764552974944206
2010-03-05,0.0028538362567789447,0.0038857035869461513,-0.000951300630560731,0.005445528738192242,0.0023624273879100975
2010-03-08,3.3630895100808444e-05,-1.1103558821433758e-06,-0.0005333312903283484,0.002024024665124042,-0.0002485346020833497
2010-03-09,0.0003300914436008545,-0.00046744489096347527,0.0005088526095733142,0.00046565895007891764,-0.002178255727706006
2010-03-10,0.0008898961216617329,0.0008377681107777403,-0.00033275767957057244,0.0017819552618668914,0.0005909406558995282
2010-03-11,0.0008332305198356664,0.0007592397878958665,-0.00017908287713185492,0.0011835410315377852,-0.00050681396181225
2010-03-12,1.6088658010535222e-05,0.001337863910480036,0.0003142881403520985,0.0015918315287028776,-0.0011864379765103112
2010-03-15,4.9702333975146386e-05,-0.0014018198062679414,-1.6459303413095652e-06,-0.0004590798791036113,-0.002385234087990978
2010-03-16,0.0015932762681158815,0.002532914913430019,0.0007779836393124391,0.004834820130026577,0.002662007878316924
2010-03-17,0.0011846656986514168,0.0010708604891328311,0.00024204537471080086,0.002968915249495987,0.0017807043305991296
2010-03-18,-0.00010356384159238313,-0.0011751926452728105,-0.0005308129517534208,-0.00108513186569986,-0.00042205190547973405
2010-03-19,-0.0010138580581708358,-0.002039325729271716,-0.00026729747083810695,-0.002179347311296904,-0.002447921879932191
2010-03-22,0.0010634640734146783,0.0005942977226432177,0.0006615275306082449,0.002524442577531082,2.0051503050625554e-05
2010-03-23,0.0014033159213657452,0.001402187982144001,-0.0004210352759731773,-0.000564663421255999,-0.0008557022927545368
2010-03-24,-0.0009714910308034433,-0.0032921044358592893,-0.00199094982192083,0.0010802270610207523,-0.0022310114080209276
2010-03-25,-0.00032406628694608974,-0.00010551201782889277,-0.0007417856043068473,0.0004903580756755421,-0.0011260052407948862
2010-03-26,-0.00012209545592642375,0.0019614844270072454,0.00047290413945801676,-0.0010484686410240935,0.0003491999254169135
2010-03-29,0.0012684673446849784,0.001692762771974754,-0.00029389821602206803,0.0006081216099681528,0.004512498118917431
2010-03-30,0.0001350749881831171,-2.607245702492731e-07,0.00020071580668909358,-0.0002841311716014345,0.0004244835242630882
2010-03-31,-0.0006826715544763013,6.259803901804437e-07,0.0004686878056674828,-0.002274210317741716,-0.0001663945328175189
2010-04-01,0.0013662999740379183,0.003530648726664634,-0.000417120887703909,0.0010232033730402823,0.0039024729359752697
2010-04-05,0.001626199838749848,0.00020965602083887846,-0.0018020697139675807,0.004390836811586522,0.003158102656054594
2010-04-06,0.00047030106089931083,-0.0005513476666121406,0.0005879958438915443,0.004581044326513814,-0.00016580590681279628
2010-04-07,-0.0011438164978068584,-0.0014093854222441094,0.0012389441919855649,-0.00440742555009,-0.0007399981576280194
2010-04-08,0.0006896606569470048,-0.00020213131700288166,-0.0002239154453051519,0.00023747833585816672,-0.0003304679203273112
2010-04-09,0.0013124437882311682,0.0026210471541991917,0.00022525385982385292,0.0028227349947133576,0.00041233589765963125
2010-04-12,0.0003165855949328618,0.0006286623577097524,0.0005376976441073304,-0.0012568025488084728,-0.00016230825238370945
2010-04-13,0.00014971327056769262,-0.0001758235276264924,0.0003797111003552213,0.0049013890865489095,0.000740948436651578
2010-04-14,0.00227059529824289,0.0026496587294262326,-0.0005409288667484237,0.000310358854240321,0.002298762172147869
2010-04-15,0.00016340466022783141,-0.00013538767580129735,0.00033436806577985393,-0.005481444944152344,0.0007282695811999106
2010-04-16,-0.0031829494171989278,-0.004428890682753893,0.0012017942477542348,-0.004588467776844482,-0.0036506571562016617
2010-04-19,0.0007485119374594511,-0.0005210848308540159,-0.0004892707711174621,0.0008925412975512347,-0.0025598001283810225
2010-04-20,0.0017840808059195745,0.0012367371201206874,8.847212946056567e-05,0.0033860382089545803,0.001585732173940059
2010-04-21,-0.0003648957594166218,-0.0013034922904807244,0.0006444833419682715,0.0034965735713949828,0.000992082979266357
2010-04-22,0.0005947114309879979,-0.0017951506966971183,-0.000462066984539464,0.003080155583058196,0.0004952953539337499
2010-04-23,0.0013021861806623662,0.0015021937940451298,-0.0005578588908737346,0.0026376816908264765,0.0013250880998113867
2010-04-26,-0.0007581109117254229,0.00021146951650993743,0.00013267580777755886,0.001589525329460536,-0.000982113237770365
2010-04-27,-0.004732979591628124,-0.008082086117268118,0.001862956445332078,-0.006394996443446789,-0.003040298463688944
2010-04-28,0.0015179134847295686,4.069476371656502e-05,-0.0010211521837414778,0.0006329454451330908,0.0006663662274779162
2010-04-29,0.002480296964349987,0.0030918473063659413,0.00033428844680700467,0.008988735085585543,0.0015784150877364005
2010-04-30,-0.0033971780170446247,-0.0025079680546898943,0.0012183445286753493,-0.006244828589749311,0.0015636169034719378
2010-05-03,0.002587825118311642,0.001433360524073299,-0.0005250974897885078,0.006623265937479475,0.0009810363993957183
2010-05-04,-0.004703488060245432,-0.00796254112512948,0.001347603741282623,-0.004559390757696326,-0.00537579059952336
2010-05-05,-0.001195664244284998,-0.003834678583966932,0.0007689940718816394,-0.0026896083124090136,-0.004497354667281685
2010-05-06,-0.006641533176392231,-0.008923018102585506,0.0021804902248644194,-0.008229284409381935,-0.003946468305277607
2010-05-07,-0.0029873062541546924,-0.0004281147677975564,-0.0005440277852662486,-0.003325146671739864,-0.0010502895721808416
2010-05-10,0.008802615967026084,0.012967689183065938,-0.001504411052364399,0.013144255157419182,0.0038541033214557954
2010-05-11,-0.0005709058250024952,-0.003229979491027207,0.00024141212661435256,0.0011949357435231572,-0.00034855576631751255
2010-05-12,0.002797359286460612,0.0022467300068381713,-0.0005069754312494979,0.0032267336343426763,0.0016375500498275893
2010-05-13,-0.0024899098525986364,-0.0026171587145378565,0.0005473849671645901,-0.0032390432801195964,-0.0017142888062524893
2010-05-14,-0.0036251564733463665,-0.0056968386515431095,0.0012856715372242145,-0.006355497305303747,-0.00509838281711976
2010-05-17,0.00010480878950622387,0.0002797849920369789,-0.00043678085267568505,0.00027608681775817404,-0.005704721810367119
2010-05-18,-0.0027300597108742986,-0.004319021853768774,0.0014718324122347378,-0.005010503915802724,-0.00025325164250256614
2010-05-19,-0.0011402373856666398,0.0007705292228613631,0.00017077434538107205,-0.0018505089005610585,-0.0018273870448059107
2010-05-20,-0.007563366264541644,-0.006969430455159253,0.001933162070039439,-0.010308533390967647,-0.004146580451055593
2010-05-21,0.0029658961804209863,0.004900740539467225,0.00012739038564763363,0.0068053240224470075,0.002057054509417151
2010-05-24,-0.0025709451232409685,-0.004628808695594649,-8.925234338298254e-07,-0.004451207298445611,-0.00018589007426820985
2010-05-25,0.00022346539009137487,-0.0007087542076854786,0.0006973004784655662,0.001667710573501338,-0.0015703453695585488
2010-05-26,-0.0012055784069206694,-0.002974123896588191,-0.00040506285961353403,-0.00038027047536669874,0.0021582257725823303
2010-05-27,0.006693516701771319,0.011290317027975687,-0.0019157048774163274,0.010928827812817513,0.005868517293009712
2010-05-28,-0.0025095911598997963,-0.0038664925486026013,0.0009031182910609744,-0.002552961290825063,-0.0017190347485486284
2010-06-01,-0.0033688919991293194,-0.0019883842892790666,0.0002611089428146852,-0.0041716316774338255,-0.003738656871501564
2010-06-02,0.005202309508563035,0.005347568320880468,-0.0011465113509549806,0.003910300162540616,0.0024115925196946443
2010-06-03,0.0006875753409077483,-0.0006069051783923507,-0.00028096254772878767,-0.0005621018793347561,0.001101991435320094
2010-06-04,-0.007048420751857712,-0.008580729281011048,0.002752069258332569,-0.011372795160447579,-0.006196409568937592
2010-06-07,-0.0024861408272439114,-0.002511111369729763,0.0008142929995348183,-0.0010685549804782056,0.0003787494906772763
2010-06-08,0.0021440962106714233,0.0031886398128367494,-0.0006187633769106841,0.0035834669791575393,0.001594739330215728
2010-06-09,-0.0010698639638168327,-0.0007218805736357269,2.4904246098187616e-05,0.0011911476098073169,0.0009341900761135859
2010-06-10,0.005840552367070238,0.008413067115747044,-0.001879060847120035,0.0086277418343203,0.0033426056678193352
2010-06-11,0.0009771456988501917,0.00029833614122357587,0.0012664739117028835,0.00240733278385637,0.00027184053325670596
2010-06-14,-0.00031078767877232115,0.0012782874392380083,-0.00016169293682307702,0.002479778625356035,0.0005465612671285574
2010-06-15,0.004547360911102184,0.006310682803763841,-0.0006274336720837079,0.004467296809774298,0.0033621207783607956
2010-06-16,-7.196610352757302e-05,-0.0009348509798388042,0.0005579368813594231,-0.0018182980750400997,0.000443609305605699
2010-06-17,0.0003205697599158576,0.0006326283410509052,0.0009444991047796394,0.000428376789271981,9.104782745531806e-05
2010-06-18,0.000216125962029213,-0.0003560801964459724,-0.00040658449368317906,-0.0006191144154331561,-0.00035687437001320906
2010-06-21,-0.0005673727702753293,-2.5020682312046714e-05,-0.0001366082761484383,-0.0015475898402995598,-0.0007865163180747303
2010-06-22,-0.0033102467038720485,-0.002528972823137731,0.0011981619738642626,-0.005936305318128895,-0.000447929483296521
2010-06-23,-0.000621615937617341,0.0013394899734806625,0.0007433238261300567,0.0005273930250213776,-0.003338429291761949
2010-06-24,-0.0033214238177342583,-0.003490425781509202,-0.00016848225708877203,-0.00424762435395401,0.0004582616021328082
2010-06-25,0.0008366891680120622,0.0011562406513564473,0.0003189448463900231,0.005040607270005525,0.003633497831107122
2010-06-28,-0.0006308536890075086,-0.0014781164791412985,0.0014151268096782687,-0.0023516196453223547,-0.002156565469990674
2010-06-29,-0.006181048133318043,-0.006866781425780082,0.0008538264060737386,-0.006555862534201935,-0.0055326845725836085
2010-06-30,-0.001906007896547166,-0.0013664724324650697,0.0002916317981690255,-0.002127199242335361,0.0007426278843321017
2010-07-01,-0.0008944708828674155,0.0029178717410475482,-8.964649462697004e-05,-0.0006905405233051562,-0.00307517421101312
2010-07-02,-0.0010908342005395441,-0.0004207588554656378,-0.000358058058581642,-0.0038387716409053626,-0.00037731666071446203
2010-07-06,0.0013085587941777516,0.004012606192428167,0.0004899244165730181,-0.004408574663990812,0.0005603457451345922
2010-07-07,0.006301347593002798,0.006230001147173486,-0.0006319313607129847,0.009736254250023196,0.004508435776506645
2010-07-08,0.0019768159149364086,0.001939404517840125,-0.00048410500337131226,0.0024906902824152356,0.0018398829130417962
2010-07-09,0.0014877512253751236,0.00021079221239449168,-0.0005278343256197141,0.0025392963604851794,0.0003624782614616016
2010-07-12,0.00012827602665162934,-0.0007565089416982539,0.00033659166455276673,0.0006248698870969534,-0.002278953527715923
2010-07-13,0.003016156791440491,0.0036851893574429196,-0.001000492967976141,0.0049138051837907095,0.003218226878517444
2010-07-14,-1.859644866973061e-05,0.000711286505581208,0.0009932418536471662,-0.0011833339862385509,-0.00036340411526083967
2010-07-15,5.371213917052367e-05,0.0009799344492201559,0.0010325960392199465,-0.0006578817743449995,0.0019016299930809048
2010-07-16,-0.005504840286212062,-0.00642878495780419,0.001145590900038344,-0.006498883657870293,-0.002519701831153642
2010-07-19,0.0011796228501874514,0.0012910830881256055,-0.000524352701451763,0.002465543719171395,-0.0001835987360475355
2010-07-20,0.0022368833789256156,0.0013883903002247574,0.0002121089034228786,0.003783455164227026,0.0016258163823183944
2010-07-21,-0.0025969110227028747,-0.0036400655424620233,0.0012770189265847187,-0.004160660392425842,-0.000527759518640318
2010-07-22,0.004463752838003853,0.006705988517151221,-0.0011109702072652223,0.007485615101034176,0.00398305632135675
2010-07-23,0.0017358069469703243,0.0023526148805701847,-0.0006469409835083382,0.0025540183295622745,-0.0006234236387233168
2010-07-26,0.0020781153202179556,0.0014065646050655952,-6.405914551801821e-05,0.004992783886045602,-0.0001795319684514008
2010-07-27,-1.7700956042811202e-05,0.0005771581948476777,-0.0006931496401541926,-3.0354133481331505e-05,-0.0021450243330687507
2010-07-28,-0.0012932962887053385,-0.0010386338035023577,0.0008593520324499421,-0.0003917172871972765,0.0008090547827350189
2010-07-29,-0.000979615283222796,0.0009370602082930977,0.0004213768410481497,-0.0016834767778900882,0.002870255408183656
2010-07-30,-3.024789616203106e-05,-0.0006068900880260958,0.0011666310845684588,0.0011995738841301797,0.0026473784487897724
2010-08-02,0.004513060508458737,0.006722508975168149,-0.0006226410937535832,0.006704108182296015,0.003842749330722709
2010-08-03,-0.0009599296796232354,-0.00029743656996371917,0.0009373117429687876,-0.0019408577105041863,0.000683633584112211
2010-08-04,0.0013349345167251374,0.0001867975473345168,-0.0008352030191211517,0.0014164725276843936,0.0017052952844988486
2010-08-05,-0.00020910118818510552,-0.00014942234465921544,0.0009575980541890097,-0.0025199556083981864,-0.0009278592532592967
2010-08-06,-0.0008114967746134443,0.0005971354261442037,0.001303154081219435,-0.0009208877028926412,-0.001787936612189728
2010-08-09,0.0010662067716405747,0.00022198973483324795,-4.1806596923170695e-05,0.0022816163932877793,0.0006858054674516717
2010-08-10,-0.0010821977595560958,-0.0015867553002704773,0.0009990120557938755,-0.001954291800989711,-0.0021325038154008827
2010-08-11,-0.0054859765377399715,-0.009157248856406213,0.001120384042731203,-0.004996268673019189,-0.00449080535237213
2010-08-12,-0.0012150474239618957,-0.00023621155720430527,-0.0005070439720328021,-0.0025006574969519365,-0.0015042858051003128
2010-08-13,-0.0005904835207793121,-0.0007087889220173126,0.0008582354441634315,-1.1796957470442084e-06,-0.0001787136187182375
2010-08-16,-8.676443506765852e-05,0.001613397099843585,0.0014442999172820051,-0.0001591446871971097,-0.0006256408778892471
2010-08-17,0.0024547977702759345,0.0022284541598311634,-0.0010192155755097947,0.004576072578088262,0.002860898326320645
2010-08-18,0.0003638854690812436,-7.699129546056332e-05,-0.0002028827861497461,0.00019611231435904137,-0.0007880358607615399
2010-08-19,-0.003490646669893529,-0.0032080929428203136,0.0008941597411344333,-0.0051141852000020985,-0.0020325087165890677
2010-08-20,-0.0006500920726645109,-0.0020862827464375963,-0.0006472736852780466,-0.0006457919880897403,-0.0012547102790362395
2010-08-23,-0.0007596917851530507,-0.0003951079231720223,0.0002638746347428008,-0.0010492131919436938,-0.0013571063483717243
2010-08-24,-0.0029717870902245193,-0.0027502192062659986,0.0015759756220501075,-0.0008027135951748726,-0.0022693327169822533
2010-08-25,0.0007772313212727115,0.0002085949372580503,-0.0008981720423607479,0.0031990303623224753,0.0010058933616174052
2010-08-26,-0.0013431726186115358,-8.160723698887253e-05,0.0009134927238759028,-0.0012015479902716163,0.0022786789764985952
2010-08-27,0.0030940374299031526,0.0039029711051498006,-0.0023129620058316177,0.003309427578272231,0.0034302476441874365
2010-08-30,-0.002905063847522092,-0.0028995305610942427,0.0015239021343327393,-0.0015514682188079126,-0.00035566235124814263
2010-08-31,1.0128872657642678e-06,0.0006016792117378871,0.0008886328627875329,0.0015267923525520712,-0.002663711641243031
2010-09-01,0.005976025983509322,0.007099402872528221,-0.001452864336625431,0.006520419446763022,0.003960730700406737
2010-09-02,0.0018573596057706776,0.0011202030289509102,-0.0008361929982500076,0.002536936190552903,0.0014164410899866245
2010-09-03,0.0025901953020872406,0.0018439819018266751,-0.0011401791570565644,0.0029245389097625842,0.001051816222278645
2010-09-07,-0.0022570547375705898,-0.0027878185294772156,0.0015760481523910562,-0.003081282673947348,0.0010444354946774464
2010-09-08,0.0014031051562771184,0.0015431688209499987,-0.0005518435990535047,0.0004176298602353628,0.00043295387836887625
2010-09-09,0.0009277980097658531,0.0018890281045396515,-0.0015839001738980083,-0.002303977671115842,-0.0011351303665468639
2010-09-10,0.001007898687585718,0.0006068366533883927,-0.0005782793781265596,0.0010734978167595832,0.0020884276279920146
2010-09-13,0.0022228026453644774,0.0036290606915074172,0.0009578932950200493,0.0032832046540287193,0.0014643135254120527
2010-09-14,-0.00012531504170480817,0.0013413636910016903,0.0010040513411680998,-0.0007534594964707946,0.0005986676454308033
2010-09-15,0.0007609193227420195,7.609316153233368e-05,-0.0006958105154824031,0.0017376124710820674,-0.00034253332577755636
2010-09-16,-5.398253377172569e-05,-0.0009595207380714207,-0.0006991363787706363,-0.0010487787529335538,-0.001021771343690436
2010-09-17,7.46090468099857e-05,-0.0009702739383516101,0.0004518889323984764,0.0006007256465018627,0.0006882576024365197
2010-09-20,0.0030570577572496586,0.0034629889271932013,0.0006161466251697237,0.0048740998609422504,0.0016247466239439725
2010-09-21,-0.0004042708959633401,-3.821038204995414e-05,0.0018614434866095467,-0.0029249530049375843,-0.002128981220481981
2010-09-22,-0.0009862325557983326,-0.0002932258602720119,0.0003035113970395005,-0.0027255432201852897,0.0012033234439410587
2010-09-23,-0.00162357040180011,-0.002167493643426308,0.0002900323891665444,-0.0049430428706547114,0.00017031817155691945
2010-09-24,0.0041193388488948626,0.005549176517646773,-0.0009963589073202557,0.005642993932422513,0.0030745111807244617
2010-09-27,-0.000960392377245101,-0.00101421155668459,0.0015435241111788104,-0.002456829581870602,-0.0013471697905641088
2010-09-28,0.0006988520538078716,0.00115948707392973,0.0006657085509457114,0.00080381659912057,-1.29659739732398e-06
2010-09-29,-0.0003500017228836938,-0.00032546815438037804,-0.0004833522869321588,-0.0015676750719603204,0.002629677017153914
2010-09-30,-0.0005938102323806006,-0.0014809317580848388,-0.00024427690501270776,0.0005803103657731712,0.0011674123744142605
2010-10-01,0.0008410075069614488,0.0020014982398371115,0.00011081735712323328,0.0009971496822656887,0.00041478715763594223
2010-10-04,-0.0015015919238775177,-0.0028932698653523995,0.000705778800679025,0.0018319481565354746,-0.0006626945332238007
2010-10-05,0.004023545379320949,0.005649347570961064,3.8276154484154944e-05,0.0031852962888912076,0.004068013478536437
2010-10-06,-1.8325154154863172e-05,0.0016684760284641676,0.0012894520551564182,-0.0010841297708583152,8.033132396403638e-05
2010-10-07,-0.00024345789368543776,-0.0006663782980913183,0.00019906478954213544,0.0005608359147286488,-0.0020224857385920873
2010-10-08,0.0011227364848536807,0.0013101601851789747,7.869578416944794e-05,0.0005606989203558635,0.0066213018668389995
2010-10-11,0.0001878601171802916,-0.0002466910295112027,0.0001990648087429927,-3.822682143756937e-05,-0.0009573433469030998
2010-10-12,0.0006168349977896929,-0.0004182034029889052,-0.0005788897850140685,0.0014155011178548873,0.0009552951249575987
2010-10-13,0.0015536905492191898,0.002254971127799535,3.0546282235655312e-06,0.002073205241531781,0.0009539029050717868
2010-10-14,-0.0007825165155106563,0.0013944305561010926,-0.0011450566971111576,-0.0005146720000442123,-0.00031792751097797154
2010-10-15,0.0004112324582343744,-0.0006594506318290556,-0.0008705489971054911,-0.0002552461684636478,-0.0022268421360234674
2010-10-18,0.0009850587979012909,0.0004530985529444821,0.0009496920391212882,0.002576653843467305,0.0020005890334691585
2010-10-19,-0.0026199437102707793,-0.004411684956186736,0.0006732508498874233,-0.002469698572076877,-0.005892681566918399
2010-10-20,0.00195359976347036,0.003750082665335768,-0.00012015761275801312,0.00437596953488109,0.0047301783105149564
2010-10-21,0.0004410684023873735,-0.0010821194804732893,-0.001109492432864572,-0.00021206897726450854,-0.002479023978889164
2010-10-22,0.00037139905016224774,0.0005247399671022814,6.049372698570891e-05,0.00010706009115525508,0.0016960417284606233
2010-10-25,0.0005894629152569128,0.0007702174450664963,-6.530912256213132e-05,0.0003587142999464424,0.0010442542000597406
2010-10-26,3.159059345958693e-05,-0.0012838973095562712,-0.0013327952191839385,-0.0014382018902546684,0.001031449992816037
2010-10-27,-0.0005732440918787933,-0.0019267540030965802,-0.0011577067421930333,-0.001411546459037389,-0.000634184611517324
2010-10-28,3.1889303231299315e-05,0.0015558720733272267,0.0011659521267158813,-0.001244035876537582,0.0010347787126242629
2010-10-29,0.00015105502892404736,-7.106175510596353e-05,0.000892129177783206,3.597703992094712e-05,-0.00047576612222181315
2010-11-01,6.488888297799986e-05,-0.0007431150900223969,-0.00033928547791948154,0.0017233015118322237,0.0012945400084308568
2010-11-02,0.0015850481020230794,0.003306993896591067,0.0006705422644724317,0.001380033399933184,0.001814662422407142
2010-11-03,0.0008028782113757337,0.0013855831047441,0.0006473919589111551,-1.508199541479512e-07,0.0009378170094275397
2010-11-04,0.0038526258636409345,0.0045342868763748045,0.001617333584489504,0.004628358848110473,0.0047410452270868104
2010-11-05,0.0007505274053242434,-0.0008751420903958041,-0.0008431507528560106,0.0021448742491605357,0.0008359016608651247
2010-11-08,-0.00037590337137271234,-0.0012158569633131298,6.023972200494114e-05,-0.001083045336794193,0.0005297559241184268
2010-11-09,-0.0014408325591575572,-0.002000301824651972,-0.0016979125451376325,-0.008123800923988808,-0.001344018409982514
2010-11-10,0.0008078788550201309,0.0005826706913939897,0.0007513328111142227,0.0024852185525727887,0.0021262893329612965
2010-11-11,-0.0007510798336736877,-0.0017116956181202898,-0.00022178422642646513,-0.001591566422343115,-0.0016488447804006037
2010-11-12,-0.0023685844906409775,-0.0016544805164540825,-0.001655243905053697,-0.0018578730683768481,-0.008397920865310942
2010-11-15,-0.0002837050781585277,-0.0001347520990507207,-0.0025844592278842483,-0.0019144308690533785,0.00032143675423401913
2010-11-16,-0.003118576391797056,-0.004715260176745512,0.0014804630929000032,-0.006876832040088706,-0.005947255305446468
2010-11-17,0.00010041563965905666,0.0011047150341065132,-0.0005765666154835012,0.0015356753417945694,-0.0015513571007533809
2010-11-18,0.0029459433913316606,0.004996007552927354,-0.000474728740567287,0.001796468138197409,0.005408225884273853
2010-11-19,0.0005464133788738124,4.704273914333585e-06,0.00040928995999969364,0.0010552257636587958,-0.002884574301295838
2010-11-22,-0.00016627048565676325,-0.002146664041136573,0.0010657230699783276,0.0005241954514514722,0.0006455560655477963
2010-11-23,-0.00289748214756311,-0.006040101740715361,0.00041284840710934743,-0.0015761144774390106,-0.00048605912496043447
2010-11-24,0.0029502137147373255,0.003167182474937069,-0.002158151783866471,0.0038468667732312126,0.0037326401196775046
2010-11-26,-0.002331986917468747,-0.0033405612081244284,0.0008623864871537283,-0.0004106367580810441,0.0009533830492206721
2010-11-29,0.0006033905303251902,-0.001768848619869711,0.00043094555983425997,-0.0001116101954792241,0.0003932388102628179
2010-11-30,-0.0011240632957459145,-0.0022467006152674883,0.0003560743314583823,-0.0008929555926625527,-0.0018975823197250731
2010-12-01,0.004246898367591714,0.005659242674488796,-0.002644581320189046,0.0011587371211757725,0.005885800432375988
2010-12-02,0.0025571559940346504,0.0038066029922212492,-0.0005009775544007705,0.0030737038092330795,0.001706680377030019
2010-12-03,0.0005409593657951062,0.001931468792276704,2.774807910572405e-05,-2.946161089763293e-05,0.002530036861698835
2010-12-06,-0.00021271346674381047,-0.0009010158107722728,0.0012477188077940015,0.00040052235915022947,-0.0002288065227374991
2010-12-07,0.00011644203382150252,0.00011792636967015828,-0.003343659698521243,0.0004398364294402306,-0.001342284328142106
2010-12-08,0.0007311413384911283,0.0005931793280307357,-0.0017112087590479145,-0.002944841767513858,0.0015254749356922832
2010-12-09,0.0007782929691103625,0.0005219296024592503,0.0004240529226936233,-0.001774088613609401,-0.0005342967178196339
2010-12-10,0.0011608078409518325,0.0004516756884898057,-0.0017021619232567072,0.0013029739170818296,-0.00030542896669337466
2010-12-13,0.00012630124567866347,0.0021491333316404175,0.0006472587537613979,0.0003323669114786526,0.0019827749398651016
2010-12-14,0.00017555046113367973,0.0003078744417239501,-0.0021179238193484154,-0.0019587599195789694,-0.0005298569146214194
2010-12-15,-0.0009152614895858971,-0.002646848084359925,-0.000813931875531662,-0.001904810312610592,-0.0005301688034614458
2010-12-16,0.0011595267851265178,0.0011109735170415896,0.0011897478493831134,0.0003384740980789462,-0.0006837026861553291
2010-12-17,0.0002135906232060845,-0.0011065368584989355,0.001716982456480802,0.0016543242471434958,0.0015188051046561416
2010-12-20,0.0004814439668254994,0.0004509070997215995,-2.256452985477085e-05,0.002390990939518712,0.001811119279950758
2010-12-21,0.001267446903686819,0.0016712242011965672,0.00042576295583585474,0.0021049708591371155,0.001271903995031469
2010-12-22,0.0006206254992938317,0.00038054956914670214,-0.0005549398348210846,0.0015358472280301912,0.001039252947134111
2010-12-23,-0.00028728118896295505,-0.00010428290053885997,-0.0007056189830912024,-0.0009057872663044475,0.0007394798389076234
2010-12-27,7.912919131673102e-05,-0.00041472679907698343,0.0007677224209976109,0.002477731237786431,-0.0003700573371446995
2010-12-28,0.00028511630375563113,0.00017427431610930646,-0.0021111066457833345,0.0007991658700003338,0.0021383276792226046
2010-12-29,0.00014190873526473885,0.0017310951594108818,0.002249006852593681,0.00039782644675733224,7.201188824147766e-05
2010-12-30,-0.00031852808265920337,-0.0009638842831040723,-0.0004073133202891378,0.0005407809183588486,-0.0024156049887178294
2010-12-31,4.740329321032639e-05,0.001209360391346104,0.0010058331595566097,-0.00039785841242787805,0.0037608150872648896
2011-01-03,0.002064902121084398,0.0016470761083668306,-0.0006116527369596417,0.003714292801069397,0.000875423863707394
2011-01-04,-0.00011121704194244744,-0.0006111856981048214,0.00046946566850593395,-0.0038333344353536974,-0.0026791709056775753
2011-01-05,0.001030608861784925,-0.0008410129196892519,-0.002155585567915949,0.0007154322747852865,0.002132564238837448
2011-01-06,-0.0003934547981067169,-0.002302574377126293,0.0010332255403993247,-0.0018713979409490237,-0.002686304539167259
2011-01-07,-0.0003935343175379077,-0.0007994208511005577,0.0013293934619597568,7.517606631599631e-05,-0.0007368714978185988
2011-01-10,-0.00025095730038887236,-0.0003439159998530019,0.0006797266117606988,-3.5643797160803416e-05,0.0023510233810006506
2011-01-11,0.0007074996783624866,0.0013603128527140012,-0.0007901453498211634,-0.00043793553000499294,0.0022552145368521966
2011-01-12,0.0018038028814297683,0.004392023605953513,-0.0005750790539555831,0.0008377895289440193,0.0012972808204489326
2011-01-13,-0.0003284986722984161,0.0005458310629091582,0.0013489714490303292,0.0006527933887921453,-0.00028764206698116455
2011-01-14,0.0014486484413859986,0.0012208017848547577,-0.0005511491077956314,0.0013367829263292563,0.0009312995297957127
2011-01-18,0.00033909542592479324,0.0013082465316222207,-0.0004913099592757885,0.0017222519958897207,-0.00021252201595167806
2011-01-19,-0.0019671721203778445,-0.001368779914470219,0.0005123683403112132,-0.0026440987417874788,-0.00020543189819907892
2011-01-20,-0.0002672011404554333,-0.0017175832294006558,-0.001555232419413532,3.288737926697556e-05,-0.002002523012976416
2011-01-21,0.0004530947731396715,0.0010873656007170907,0.0006678177292761423,0.00014253615651235437,0.0020224872478113607
2011-01-24,0.0011360836375605475,0.0021282346297347623,1.9917748988663502e-05,0.0010069131853038748,-0.0017205066541875398
2011-01-25,0.00010566516614253788,-0.00039842770524180384,0.0009998761775421295,0.0023246200637688833,-0.002527316526970353
2011-01-26,0.0007729489043036333,0.0012699898082208776,-0.0012186869200422987,0.0003179866689517072,0.004446627037088765
2011-01-27,0.000493147558074188,0.00046465624698382855,0.000749152355178732,0.003140743681708328,-0.001720243607029216
2011-01-28,-0.0034880448459556285,-0.004466336212597773,0.0009189447915403506,-0.003307427951629053,0.0025142575576148386
2011-01-31,0.0015026272173673787,0.00172887621320003,-0.000789929395024232,0.002654852277382604,0.003134779185848167
2011-02-01,0.0031985387367190286,0.004725946841035751,-0.0009336302898224574,0.0004891375643113529,0.0014716620334818018
2011-02-02,-0.00038353564583443693,-0.00016507632188834676,-0.00047162429137588145,-1.26556709034528e-06,0.0019424882964864374
2011-02-03,0.0004426742915450774,3.37890481047738e-05,-0.0011425789444936886,0.0005585244510177866,-0.0013061378045313287
2011-02-04,0.0005642653734214839,-6.536545900094115e-05,-0.0012368721830653283,-0.0014604382432886246,-0.0011063529087564023
2011-02-07,0.0012472310508161847,0.0006258882485579955,-8.734310323731432e-05,0.001959361898925847,-0.0005588560902900807
2011-02-08,0.0009072421238353768,0.0013093529086182366,-0.001375046662329956,0.0008658654058357008,0.0013326621711100813
2011-02-09,-0.00045359668746162946,-0.0005856190678016011,0.0011370013508707319,0.00013691015247462203,0.0009703250124866503
2011-02-10,7.444681592562612e-05,-0.0012962170387364553,-0.0006540139624693762,0.0008248162578093916,-0.0011756671673014431
2011-02-11,0.0011966821019600024,0.000110241335708142,0.0009177666211168114,0.0013048815321466101,-0.0006959741148134286
2011-02-14,0.0004802486340875735,0.0003952297428227401,6.494657625560938e-05,3.328316812557398e-05,0.0009751703480547898
2011-02-15,-0.0006306889333049426,-0.0005912385035492442,0.00045516095898687323,-0.0007528779455361609,-0.002572620513698213
2011-02-16,0.0012618040481259076,0.0024001614980516386,-0.00028384562113028205,0.00044483143798849863,0.001475646928217683
2011-02-17,0.0006005213374546239,0.0006848271928122931,0.000739170483016811,0.0002046425274557761,0.0006274746949923928
2011-02-18,0.00041557567556750976,0.0006786507451324233,-4.3822711954181944e-05,0.0007837498604334325,-0.00020141574470028848
2011-02-22,-0.004028001007450024,-0.005745820493396545,0.0019199401285144749,-0.0017389070146237378,-0.00021339020316318318
2011-02-23,-0.0012324498942568834,0.00026679534061151676,-0.0004960409623476294,-0.0016876706162492665,0.004455186886365546
2011-02-24,-0.00013838438139840146,0.00016499102721905182,0.0005157348851049561,-0.0015289375152573493,-0.0017687174689563524
2011-02-25,0.0021382064472034194,0.0023856199675049913,0.0006469039087543126,0.003909930373617978,0.004397464517388112
2011-02-28,0.0012384730950512055,0.0018030407101858102,-8.760920369527581e-05,0.004950934926842795,0.00033690979025204624
2011-03-01,-0.0033293615952547967,-0.0027891190955891894,0.00023297633663616003,-0.00596036725840545,0.003018498605907082
2011-03-02,0.0004274290810425131,0.0010518978252610487,-0.0010530837547687692,-0.0018279807303211825,0.0007934739365237742
2011-03-03,0.0034357765398559197,0.002552050535223557,-0.0013647983009440591,0.0028777664327385806,-6.394551260954964e-05
2011-03-04,-0.00150106208916989,-0.0018181482658138506,0.001429521809574544,-0.0019214143167332269,0.0009890875354041655
2011-03-07,-0.0015704454538707493,-0.0019237641182019583,-0.0004946346700316173,-0.0014520030972875935,-0.000911766772510079
2011-03-08,0.001746082642350925,0.0006269057364417523,-0.0004761734491184103,0.0028158079231951926,-0.001720931097308973
2011-03-09,-0.0002872637429264872,6.488016319185928e-05,0.0011681759083269389,-0.00020736892574064317,0.0008006339116475664
2011-03-10,-0.0037047976997617,-0.0049770129708205,0.0016863208304668568,-0.003061076027045952,-0.0032518934956912945
2011-03-11,0.0013790969541370684,3.5451219838554537e-06,-0.0004678419919555993,0.0020189106036056733,-0.0011336271658843545
2011-03-14,-0.0012084008603301807,-0.0035490643454236625,0.0004498073503906787,-0.0020055350964546356,0.0005371587266106611
2011-03-15,-0.002287270917478354,-0.004001490765310157,0.0007606024706265557,-0.0010644183002943345,-0.007309931908282963
2011-03-16,-0.0037153707944143676,-0.006241760361689696,0.0016978222745561845,-0.002952736280034455,0.001195637221371567
2011-03-17,0.0026461388592109135,0.006660361586076252,-0.0006138672778011045,0.0015290192691391818,0.006206503665730053
2011-03-18,0.0007351983807190452,0.002766517901843897,-0.00012325882302247215,0.002014787661797324,0.0011526999091776829
2011-03-21,0.003095981782096434,0.004923669152119848,-0.0010433683712051335,0.002169758160641115,0.0009408152229491437
2011-03-22,-0.0006939341137181868,-0.0005734287650901294,0.00010584901042387144,-0.0012807646534492537,0.0014765288643033524
2011-03-23,0.000573821645724478,0.00024329751503779357,-0.00025304125684233984,-0.0021989821366817934,0.00039962831165754636
2011-03-24,0.0019094418131068102,0.002662561189824261,-0.0010259490468178057,0.0008460954348478441,0.0006646996943039991
2011-03-25,0.0006101194126935309,-0.0022052720213430197,-0.0005349158345304033,0.0015590942446844997,0.000528186437782344
2011-03-28,-0.00048545431145152735,-9.951260667796751e-05,6.352317457945274e-05,-0.0002456397308521891,-0.0027119266574318875
2011-03-29,0.001343406890871672,0.0010469511974881666,-0.0005804082834765153,0.0008060379470888753,0.0011343964496160627
2011-03-30,0.001378773117754273,0.002375707837224438,0.000689789340869658,0.0028991042257352903,-0.00026790609996252414
2011-03-31,-0.00027204770749828097,-0.0009598438894560813,-0.0005153269300596777,0.001623984013878548,0.003125386164490934
2011-04-01,0.000845397123788706,0.0018978803399724686,0.0004303804114464786,0.0003090479443771146,0.0013768538397114173
2011-04-04,0.00016442355251145024,0.0002633364756049379,0.00045145162246805503,-0.0001370150036868481,0.0018204492749004076
2011-04-05,-3.0727055288236485e-05,-0.00048742757392593013,-0.0010089099009950823,0.0002038024300373902,0.00019248421341425798
2011-04-06,0.000630154929027798,0.0016501244191046071,-0.0008669184285981694,0.00010223420599489737,0.0005828257278719974
2011-04-07,-0.00050935100873066,-0.000983918353796633,2.147305557211992e-05,-0.002215460895530968,0.0003850842517333432
2011-04-08,-0.0006908802253841248,0.0016496055565433994,-0.0005854579847636708,-0.0014537067803777773,0.00473647600399298
2011-04-11,-0.0006019561132270397,-0.0003900632590531237,0.0002603852297845095,0.00013883454406781243,-0.003710899202860737
2011-04-12,-0.0014965453657015567,-0.0018664012108003897,0.001125837290896748,-0.0003474687647505032,-0.004089305303011612
2011-04-13,-1.6719426953001728e-05,0.0006015639195471728,0.0007852750941183094,-0.0003147891020252194,0.0015651091109546633
2011-04-14,0.0001547510381092901,0.000887839402465081,-0.0006626063215749194,0.0028910119182451333,0.0005208803772513406
2011-04-15,0.0007289842762824819,-0.0002940254059215944,0.0014644444223079229,0.0025729852588530088,0.0010330398895947975
2011-04-18,-0.0022425888282923455,-0.0040989040952214345,0.0004866024894255744,-0.0017980560530884808,-0.0012096376922100785
2011-04-19,0.0011479137930407559,0.0014715465025014552,0.00025612704019130843,0.0015724085937557097,6.821331786307437e-05
2011-04-20,0.002725301451514949,0.00508139925405983,-0.0007965627098301812,0.002343491203382242,0.0031620739193927738
2011-04-21,0.0010213285693430267,0.001297086214555249,0.00014912004307088674,0.0013438025567321914,0.0014626543362468753
2011-04-25,-0.00021014695287797244,-7.701549704633665e-07,0.0007059912047686344,0.0013327097617642576,-0.0005621112502608932
2011-04-26,0.0017193412753612049,0.0015456305795010646,0.0008529118495225997,0.0017529894024254414,-6.42294904368379e-05
2011-04-27,0.001304374287822078,0.002489024020375817,-0.0005737773316038635,0.0014757217848579251,0.001201671553367286
2011-04-28,0.0006498281069931226,0.0013583859236725572,0.0007656943495140692,0.0026684225798576247,-0.0014491790240419755
2011-04-29,0.00047006898349524176,-0.0009416251725323726,0.00040406033277144064,-0.0011568523801915435,0.0020872222432967505
2011-05-02,-0.00030602985100231395,0.0012976623503205284,-6.17402667009486e-05,0.00029193023387842133,-0.002015114194874987
2011-05-03,-0.0007199971177676494,-0.0016311082251971865,0.0005301605342196119,-0.0017144487326623322,-0.0020852193866196618
2011-05-04,-0.0013258914125299577,-0.0017010187731777355,0.0005072128930709774,-0.0011413184690431313,-0.0032071867120113356
2011-05-05,-0.0018079119541995331,-0.003953202492935632,0.0009860146925257385,-0.00013448010320368355,-0.013530240984649946
2011-05-06,0.0008866195806072254,0.00011683730897649031,0.00011410901586526265,-0.0017688419558231998,-0.000629692537176611
2011-05-09,0.0007771158284528289,0.001432161184751778,0.00029439999574678633,0.0010274813138340803,0.0072906737360979
2011-05-10,0.0017047145793976076,0.001899068123442214,-0.0009670885472589257,0.0031523332843696197,0.0018289730813416298
2011-05-11,-0.0021019800016915642,-0.0040298810223784315,0.0007138196529986638,-0.002101175213437844,-0.0064433056250886534
2011-05-12,0.0009501947073615207,0.0006506270374941452,-0.0004392697694899181,0.0003263414089977611,0.00022264359155129134
2011-05-13,-0.0015413556998000754,-0.0031276589444896885,0.000778262030341253,-0.002122129000967184,0.00034488696013402234
2011-05-16,-0.0012693411157896316,-0.00036328860436756166,0.0004804827121778268,0.0002990812120747721,-0.002616509063343406
2011-05-17,-2.948113850404972e-05,0.00043330915403499173,0.0005843903717872899,-6.613058482412431e-05,0.0004887015637708327
2011-05-18,0.0017882411429663541,0.0012237737745791277,-0.0011500508256258167,0.0019499128043187052,0.004019647013399988
2011-05-19,0.00047620604371220526,0.001146327974331774,0.0002143475279816019,0.0008491355875360234,-0.001569266344183573
2011-05-20,-0.001588968768794977,-0.0028423463340297365,0.00047995323032864285,-0.002444094796996662,0.0018521982654734353
2011-05-23,-0.0023209409801117687,-0.004630713802371244,0.0002793071601087678,-0.0020436598275752355,-0.003182035831453923
2011-05-24,-0.00016910702289472213,0.0011516507136139413,0.00021094287018792878,0.0005989888402722918,0.0027034836801164393
2011-05-25,0.0006708502059498313,0.0012825127725328526,2.0490465725539824e-05,0.0009302789119086088,0.003607908560869934
2011-05-26,0.0009259389908302066,0.0018686250436916686,0.0011042376489269908,0.00268015903707683,0.0007374770416408283
2011-05-27,0.0007663475367563983,0.0014562754498647437,-2.0450193093161424e-05,0.0011405481133314652,0.001136032590931351
2011-05-31,0.0020813063771312084,0.0041362253927570035,0.0003160509625535222,0.0031755542397021923,0.001129938545616091
2011-06-01,-0.004498873139176425,-0.0047532288047905024,0.0016428988705846576,-0.005748803112386769,-0.0025087038794955286
2011-06-02,-0.0002130610426809016,0.001022550268944505,-0.0011969341137027007,-0.001448315536661648,0.0017378199984257531
2011-06-03,-0.0019873078557992104,0.00010550949232150444,0.0007927887552694634,0.0008026426510385777,0.0007991570839553766
2011-06-06,-0.002116254047411503,-0.002592823043731959,-0.00012420975362566983,-0.0029309166531143994,-0.0023175328250194215
2011-06-07,-0.00012451448567582982,0.0018333194167028438,0.0003763911610438158,0.0021066572181773244,0.0018726755534099425
2011-06-08,-0.0008376943848058733,-0.0025771591686186398,0.0004314966237664271,-0.0005625261369604405,0.0016507539059342816
2011-06-09,0.0015258166394697288,0.0020683005326230445,-0.000804323345718547,-0.0021576301999285253,0.001116374840145248
2011-06-10,-0.00278176689572761,-0.004638454605861254,0.0006379012558902948,-0.005033616869544796,-0.002093935883739875
2011-06-13,0.00015657984775043637,0.000305033495650944,-0.00043265581367889417,0.0008250629838512663,-0.0013240840167583177
2011-06-14,0.0025345388892674663,0.0035397588190065744,-0.001595198014224596,0.0029781027269978823,0.0013981292505072477
2011-06-15,-0.0035574292191356523,-0.0066020016547202595,0.002142751279723159,-0.0032099913450777716,-0.005344608509811767
2011-06-16,0.00043976702241264366,-0.0006860797151869935,0.0005540588480410592,0.001576412084899978,-0.0008150266600495339
2011-06-17,0.0006025265391268888,0.0019678219275188766,-0.00014204183933736356,0.0019079586237543348,-0.0008847316971471876
2011-06-20,0.001022621623387803,-0.00023477975521728144,-0.0003057008268039606,0.002427756992613574,-0.0010951871267533709
2011-06-21,0.002739409984736581,0.004322320068052877,-0.0002683182477037954,0.0015657033749111682,0.00013641060529418357
2011-06-22,-0.0012064559664081227,-0.0019420278877809768,-8.082111260831971e-05,-0.0005957319851531949,0.0008917272317221881
2011-06-23,-0.0005771731304540217,-0.0017077827202013286,0.0010461836405212272,-0.004048383830035595,-0.004237652489569767
2011-06-24,-0.0023233959476021645,-0.001907211526270129,0.0008391832690279635,3.138998882699865e-05,-0.002383608883426296
2011-06-27,0.0017788819304601698,0.001645190289270975,-0.0007734489604035185,0.0008519674924725221,-6.350559189501649e-05
2011-06-28,0.0026095892353187084,0.0023955686928665105,-0.0018513453962761323,0.0016658806384081653,0.003530829896845058
2011-06-29,0.0017130254850575535,0.0034932592191558847,-0.0012047678869527279,0.0020897741243800713,0.0036148812290803336
2011-06-30,0.0019117014693365362,0.002897146617320504,-0.0006872328788326581,0.0005336177556707213,-0.0021240296342680902
2011-07-01,0.0029515906244573864,0.0021976312077924124,-0.0004986844227507355,0.0034181602576383746,0.0002819986090346251
2011-07-05,-0.00016448069498659347,-0.001186915738370953,0.0012566221998241917,0.0015367582758328056,0.0026827571207556707
2011-07-06,0.0002388010621332607,-0.0012553633026220349,0.0003545755779166839,0.0014938792450760107,-6.831264833255869e-05
2011-07-07,0.002074056456239297,0.0017316535786125711,-0.0007710709977782659,0.0025123388503360375,0.004209196452687035
2011-07-08,-0.001414250233943945,-0.002478099471444433,0.0021217801004373097,-0.0002441463236337173,-0.0002016149434175054
2011-07-11,-0.0036177535728826155,-0.00606971038455884,0.0015179885161914135,-0.0034760716804068557,-0.0015347158635470293
2011-07-12,-0.0008638459170454498,-0.001345248360581691,0.00028661729886864795,0.000681416173136119,0.0017505852192281506
2011-07-13,0.0006699201933819425,0.0029788450513313805,0.00033156558241124,-0.001975181213643873,0.0027347563698420243
2011-07-14,-0.0013793905982987377,-0.001734667081893989,-0.0011472598656037825,-0.0018594172642530373,-0.001116442869708023
2011-07-15,0.0011605019642466359,0.0006901324289791999,0.0008274150718207267,0.002206662207210527,0.001784529661092877
2011-07-18,-0.0016401395452340698,-0.0029603238504851484,-0.00012171942981944591,-0.001399977332471765,-0.0011145618658706241
2011-07-19,0.003246593543316324,0.0029969498968346617,0.0007641288507111779,0.0032154986159960044,0.0013864706082394064
2011-07-20,-0.00012128900314706785,0.0023681078208403106,-0.0009827017467839922,0.001453026518884137,0.0006545899630491564
2011-07-21,0.0027712199594009555,0.004232546300989823,-0.0011123409381154359,0.0016020055691605712,-0.0009828614819641715
2011-07-22,0.0001334769244709882,0.00019915474084220602,0.0007623258901820817,0.0009853913481265278,0.0016385097962869142
2011-07-25,-0.0011135145554274073,-0.001263297406658506,-0.0006376872262505158,-0.0018671810170095237,-0.0009763219528070488
2011-07-26,-0.0007491652076405553,0.001202680729228255,0.0008443333735424851,0.00044782203286123544,0.0015677926435831177
2011-07-27,-0.0040999023546551576,-0.004862676319537869,-0.0003290674765374784,-0.0056183887519454185,-0.001360531356640788
2011-07-28,-0.0005826583224826354,-0.0004779493903807498,0.0003904473835006923,0.00019638964430371777,-0.0006534810452781763
2011-07-29,-0.001364665174354414,0.0005085088181545277,0.0024060518687020766,3.858152985470729e-05,-0.0016374032884614457
2011-08-01,-0.0008450988469699945,-0.002514253848769085,0.0007361595346024647,-0.0030029755349992894,1.2694211754153775e-05
2011-08-02,-0.0051191229818717664,-0.005298641114118426,0.0018318479233941502,-0.006395304756537453,-1.8121158917775425e-06
2011-08-03,0.0010829183431114399,0.0011694470168306162,0.00016031036640812396,-0.0016479678732376614,-0.0029849428266089844
2011-08-04,-0.009378274868909684,-0.014109444218229314,0.002612543105533549,-0.009758863747573728,-0.0075336849251336335
2011-08-05,-0.0002882948266634262,0.003535522672596979,-0.0023281228858685354,-0.004978214211402045,0.0008357228288286958
2011-08-08,-0.013061814238769301,-0.0150463797661175,0.003129091640183369,-0.01750837297841149,-0.007411490931780261
2011-08-09,0.00929530277779144,0.013342074581721949,0.0011933408921959668,0.018242832470708927,0.0019439606850093403
2011-08-10,-0.00887688098354513,-0.012053929930468716,0.0026218556161278295,-0.0046205867603983045,0.0008494275130945006
2011-08-11,0.00894362431980003,0.009568996117063341,-0.002957057400522654,0.010335649339584717,0.004328921962264821
2011-08-12,0.0013471404577387039,0.0022935504605184637,0.0013961534083839484,-2.543741746817299e-05,-0.0002826634335186776
2011-08-15,0.004226294445419521,0.0046371685150588746,-0.0007450720791345666,0.007293124734235046,0.002441325817430468
2011-08-16,-0.0017079456357701843,-0.002914711463225342,0.0009109258732667982,-0.0005964843151035491,-3.255600145561832e-06
2011-08-17,0.00013260038225654074,0.0011642672440250036,0.0014064172949491522,0.0005644746053726602,0.0017211092758074695
2011-08-18,-0.0086447858686738,-0.009771319237849848,0.0010501858675050172,-0.008942705683884342,-0.004893577606837488
2011-08-19,-0.0032695744152237967,-0.003413351680887296,0.00020880445847825527,-0.003834951255172371,0.0035327786091295717
2011-08-22,0.00019408182721140867,0.0013538987113758502,-0.0003565025666485669,0.0002594724565919662,0.0003481433794752352
2011-08-23,0.006576947902621068,0.006458943681656704,-0.0008101231698230692,0.004925276406037614,0.002063006339219033
2011-08-24,0.0028123434443111978,8.403081536974403e-05,-0.0021417236118810045,0.0026341324164113177,-0.00203743548275795
2011-08-25,-0.0030389252090778467,-0.004856555694653245,0.0012306463981279327,-0.0037158804128547495,0.0008917343473562122
2011-08-26,0.0029177045195210366,0.0031479657396732467,0.0006421260778324952,0.002442677702744816,0.002253390937992404
2011-08-29,0.0057307987687131474,0.004747120418040181,-0.0013132343609918668,0.006825281929509351,0.0006751868017884092
2011-08-30,0.0005307479276430888,-0.0011622328659662096,0.0013804542235377583,0.0005632877764100884,0.0026817473998264085
2011-08-31,0.0008874467516675585,0.003644519665208052,-0.0007211356612068467,0.002245499543940994,0.00033396316563684316
2011-09-01,-0.0020910244571641285,-0.0024700209224687566,0.0015893473129391339,-0.0028835373997231875,-0.00139391277367796
2011-09-02,-0.005118512431532639,-0.004465620635869003,0.0018222631784068767,-0.004726145008832265,-0.001071112235115644
2011-09-06,-0.001434269991543227,-0.006505226437581002,0.0002835922708503072,-0.0008276451909141495,-0.0006923228420271254
2011-09-07,0.005622656955676713,0.005937337835740226,-0.0010741414067054601,0.007511802570146943,0.0018265178478701594
2011-09-08,-0.0020791674132690954,-0.0039704131185203054,0.0009759624978592601,-0.00153679526546582,-0.001333002058495053
2011-09-09,-0.005246203481356473,-0.006960082383489297,0.0009667930374873878,-0.006259187449860544,-0.003160508193240793
2011-09-12,0.0012978916461871862,-0.0008333338206797474,-0.0006049827946620164,0.0006701095211812134,-0.00048244442183698543
2011-09-13,0.0018317668765437975,0.002145316791816216,-0.0005926090904083653,0.00047396078423750224,-0.0006172510449227262
2011-09-14,0.002762318124681913,0.00301189405758704,0.0001148365528645702,0.0012995259049025803,-0.0009631319333301422
2011-09-15,0.003448339349992713,0.0043283693269689566,-0.001492891982056074,0.003297905658542611,0.000830953283096292
2011-09-16,0.001182648736593872,7.859297112688664e-05,0.0003880630601721245,0.0019438102041621117,-0.0008893470000606934
2011-09-19,-0.001988521251502676,-0.005479556357905694,0.0016298632867231973,-0.00437402397081121,-0.0033779352617841
2011-09-20,-0.0002304095124903843,0.0008079117702059324,0.00026757672008267995,-0.0001074221607779156,-0.0003509477150579735
2011-09-21,-0.0058901949760000565,-0.005963052531404253,0.0008577921076219543,-0.010560969585562942,-0.0029449057301299784
2011-09-22,-0.0064712977376299545,-0.006473290103484266,0.0018518115985976967,-0.004871366877089714,-0.007078463996527886
2011-09-23,0.0012071464099218058,0.0022789126817720977,-0.0016462598700097493,0.0014681732438502463,-0.0035590208134649464
2011-09-26,0.004738225517132069,0.0041018471106191575,-0.0008366598470826258,0.0027865314214477453,0.0006947107769740412
2011-09-27,0.002243579333801949,0.0049505018685160355,-0.001331186001720651,0.001991946095722936,0.003379207866076698
2011-09-28,-0.004077492329289053,-0.0033818691064723475,3.8343816916331654e-05,-0.005088779222405639,-0.005402157937683811
2011-09-29,0.0015828869879118777,0.003932282843923319,4.679633805908741e-06,0.0031112914846433363,0.002351882018956175
2011-09-30,-0.004997487458061134,-0.006814536058713145,0.0012628221882041686,-0.005324905332704127,-0.006920192189325109
2011-10-03,-0.005681099032994122,-0.0052798000571547925,0.0018364841698504074,-0.009452539432357647,-0.0009890443495204585
2011-10-04,0.004425842850815099,0.003364463065231074,-0.0010052870021537658,0.007938046143279578,-0.00039258427272716916
2011-10-05,0.0036996216361387785,0.0030955427844492345,-0.0008375085636123991,-0.00170098739578033,0.0028119973402967145
2011-10-06,0.0036183541748924385,0.005372427197075179,-0.0013946270447165736,0.005488237724854211,0.004154363433204246
2011-10-07,-0.0013303880473797254,-0.0013721721274341423,-0.0010378727470474803,-0.005555829624121779,-0.0009087246685207334
2011-10-10,0.006676007584191127,0.007604743032707847,-0.0021144072818334966,0.009944105182028377,0.004476972903284152
2011-10-11,0.00019971369910061138,-0.00033836658147129054,0.0006659092717608844,-0.003973206178377985,0.0014998478342991932
2011-10-12,0.0017538755760737649,0.002913656598989842,-0.0006800558175512837,0.0032671215165062605,0.00036714660781274127
2011-10-13,-0.0003962121852022891,8.057072669418619e-05,0.0007984571627353411,-0.0013036675213623221,0.0004436852380648446
2011-10-14,0.0034155023788260755,0.002328661263180119,-0.0009918799287258414,0.004624540994913801,0.004540634070262093
2011-10-17,-0.0038154431111671544,-0.004610876256811571,0.0013008333179057013,-0.004330923217556978,-0.0028716589065437706
2011-10-18,0.0039025982530834693,0.0028658642537090578,-0.00021247466034624105,0.0070462396000234035,0.001108190968177621
2011-10-19,-0.0023644428175759245,-0.0036094140480665967,0.0003099406188018702,-0.0023059409952332637,-0.003910799499107194
2011-10-20,0.0008743735298375042,0.0005123486311612784,-0.00040828233151810414,0.0011322407484099883,-0.0002920982211768651
2011-10-21,0.003795054405988994,0.004828080672246775,-0.00037240740657514904,0.0065907059875368575,0.0010416032539368515
2011-10-24,0.0024538105107340218,0.0030036926829704914,-9.800127640123886e-05,0.0049665768768927965,0.0031548600593857548
2011-10-25,-0.003890173611343159,-0.0034481483390711777,0.0017077499890292944,-0.0032624597044590893,0.0006486039765831794
2011-10-26,0.0020315216191841294,0.0027391095622872103,-0.0014784468761574853,0.0014744448275557473,-0.0011617335383487962
2011-10-27,0.006962378663777093,0.01101070105363755,-0.0024510356028338938,0.009469859126655301,0.005305301949354425
2011-10-28,-4.82766124078254e-05,-0.0011436497431982216,0.0011960728672308978,0.00041437150879003074,-0.0008460400674783356
2011-10-31,-0.004819655420893394,-0.010471655084094436,0.0026559076067989825,-0.0022444993491909796,-0.003055272550545621
2011-11-01,-0.00557825046900854,-0.006230444598144599,0.0023778156902385652,-0.006435886603744135,-0.0023768490377331307
2011-11-02,0.0032602095022871216,0.0016948004506560752,-0.00046788186295350506,0.0038328849001756254,0.001245210158101173
2011-11-03,0.003642674356497144,0.005028182078779212,-0.0009406078638407126,0.0027534810351564883,0.0024667421577224584
2011-11-04,-0.0012188633576337032,-0.002517919521499156,0.0005938444520727807,-0.0016171269488541935,0.0006423834455075
2011-11-07,0.0012453723543798994,0.0008514819168746683,0.0002310165242821379,3.5198359062295634e-05,0.0029195798346813087
2011-11-08,0.0025627683380608853,0.002418927394849878,-0.0009051291592901858,0.002596632914030627,0.0009876614682034974
2011-11-09,-0.007397824540481904,-0.010314372318357015,0.0017691776577093005,-0.009162879986862106,-0.0044091300905038265
2011-11-10,0.0018867206077056453,0.0023796458139058218,-0.000977306261974404,-3.323786497864543e-05,-0.00022022339908046192
2011-11-11,0.0037583640186768094,0.0049712369014506975,-0.0009261915140733839,0.005368148529565879,0.0019456584446536278
2011-11-14,-0.0018942931229622697,-0.0035617621238538634,0.0012491153879244114,-0.003704374373807243,-0.002132410703427086
2011-11-15,0.0009900289328634326,-0.000550293606319971,-0.00026782304124384215,0.0015047908159836678,0.0014327454110826528
2011-11-16,-0.0031773475894165976,-0.0038313159256221155,0.0007274377948904537,-0.0019081080899812535,-0.0005000878977808359
2011-11-17,-0.0031770021804445265,-0.0021512263861955825,0.00040169636126013807,-0.0036749730522488804,-0.0046640813410872475
2011-11-18,-0.00021409455995632305,0.0007022697827663021,-0.0007474744163815265,0.0012714481562853045,-0.00029445465334658824
2011-11-21,-0.003807992037384041,-0.005071373907689742,0.0005562511108446459,-0.005064491610631928,-0.0014653737779116165
2011-11-22,-0.000786278987450302,-0.0005818028384279895,0.0006103904086162278,-0.0009269144226803566,0.001325763632671155
2011-11-23,-0.004415868868214967,-0.005511668545998713,0.0006780600211926132,-0.006029178131673601,-0.0030085079098185626
2011-11-25,-0.000377622760881441,-0.0010276505528145307,-0.0012724204824953382,0.0008816054944227754,-0.0016398182678009513
2011-11-28,0.0057913178823167585,0.008527257997903622,5.9499059543567106e-05,0.004478291707765281,0.0024721732695566984
2011-11-29,0.0005678618772222419,0.0013204050758623214,-0.0003813212740874484,-0.00029973430868417,0.0025899976469002934
2011-11-30,0.008209000960217122,0.010171879060570588,-0.001175099733855072,0.009296555784263303,0.002341125768570692
2011-12-01,-3.234497344586589e-05,-0.0017197009325307625,-5.809237842570317e-05,-0.0016421357800874524,-0.000723799446471698
2011-12-02,-0.00017146300493082746,-2.3669491910738973e-05,0.0008972884758632821,-0.000180928733577323,0.0017426899360615674
2011-12-05,0.0021840604488800467,0.0022974718443086713,-0.00010176699902580958,0.001699861487352317,-0.0010900799312982112
2011-12-06,6.299935043654476e-05,-0.0009340050511916679,-0.0005187692861327725,-0.0003222235050743422,0.0010844596061718205
2011-12-07,0.0007459177966913717,0.0014202975999072793,0.0009030640945684542,0.0021837381151736533,-0.0017271322571367602
2011-12-08,-0.004387796836940497,-0.006593456927299763,0.0010095698014375581,-0.004540078398523658,-0.0025386260139937766
2011-12-09,0.0033863038821676946,0.00496235213483046,-0.0013800175741670825,0.0043793108427681495,0.0007402816912393166
2011-12-12,-0.0029189342317459946,-0.005858743741722692,0.0006918450356440314,-0.0035489614591802544,-0.002565940927558985
2011-12-13,-0.0018605631979549475,-0.002697406144977988,0.0009247070820662853,-0.0023414847138997683,0.0008180352694447664
2011-12-14,-0.002126361537210765,-0.002372542297764901,0.0008334844221037356,0.001164823764702076,-0.007142108497442355
2011-12-15,0.0007272243580137601,0.0010001360814304542,-0.0001671856906010396,0.003341921721578844,-0.0009956483204515598
2011-12-16,0.0002993860377005012,-0.0008250069978086783,0.0009705405309837406,0.002216788017058801,0.0016179132562130283
2011-12-19,-0.0021332945224936117,-0.0018538665674776062,0.0006820951379309407,-0.001733798801729505,-0.0009192518259191152
2011-12-20,0.0060448373863860394,0.007029947443715134,-0.0018271407806983821,0.006062332074896697,0.0046014111594986674
2011-12-21,0.0003867494538166671,-0.0010605060257680226,-0.0006444829066783931,-6.941119481477497e-05,0.0014249164003580983
2011-12-22,0.0017703166108926033,0.0018096372732022818,0.00024813002303350425,0.002872280110574335,0.00022333969772611522
2011-12-23,0.001786769910761669,0.001383322519977074,-0.000821231775287984,0.0008713173294127454,0.0009676680358464096
2011-12-27,0.00015817446972982269,-0.000889274591050129,0.00011285716220813869,0.0008932470833483263,0.0008895067553509702
2011-12-28,-0.0026239808010961626,-0.003619629719764681,0.001262308503692846,-0.0023896037916623677,-0.0023635049612567
2011-12-29,0.002064597627435881,0.0036735375810438126,0.00024800852227277416,0.001765130739687653,0.0005974676358787111
2011-12-30,-0.0009837048295332584,0.0009736618588237025,0.0007023380045395592,-0.0008556746736022282,-0.0002961972411704517
2012-01-03,0.0031884526870146457,0.0054418446926528035,-0.0012706517176605803,0.0016972227366459536,0.005949615548371951
2012-01-04,0.000312784868206013,-0.001179439446004205,-0.0006276668544188388,-0.0034270967255564705,0.0015153637027693644
2012-01-05,0.0005326984434142412,-0.0029628017355176396,3.859185107614691e-05,0.0018682030809218898,-0.0027287144482336084
2012-01-06,-0.0005155893432544057,-0.002739412785054663,0.0007838697480189708,-0.0006534001293660701,0.0008731963702190557
2012-01-09,0.0004854117276510637,0.0007745291501478359,3.817806918949107e-05,-0.0006910494603829448,0.00021727001133073012
2012-01-10,0.0017344879024806922,0.003042270860192868,-0.0003991127297297894,0.0022205779813118,0.0014481222981254835
2012-01-11,0.00010866167314364182,-0.0006339751995034181,0.0011602805048572778,0.0014052829100771186,-0.0005752308299679946
2012-01-12,0.00047967134727497157,0.000840794228342569,-0.0004178819488494675,-0.0014674766573203033,-0.002820084255095504
2012-01-13,-0.0010341846225833187,-0.00215376292144753,0.000893177495347291,0.00044622214451502226,-0.00043925848307060954
2012-01-17,0.0007779803130186336,0.0023797954475269396,0.00019099473338542045,0.0016445181499998005,0.0013922969999388493
2012-01-18,0.002215474501651171,0.0033377497442572007,-0.0006247496803567592,0.0013928130125553555,7.240542930689454e-05
2012-01-19,0.001054787299509975,0.0024645055191527933,-0.00119976281382108,0.0007755175302196001,0.0008725808946601155
2012-01-20,0.0007445398425056264,0.0010438574657301017,-0.0006872418346181535,0.0012396224504814912,-0.001450228124992419
2012-01-23,-0.0005152884959050417,0.0007692327491739933,-0.00044042294299659183,0.0009670692726517538,0.002330141065445068
2012-01-24,-0.0002273287656278884,-0.0011078175860899744,0.00022954622595951403,0.0015240387237750687,0.0003637873179672775
2012-01-25,0.0016715811276609331,0.0020899964453197258,0.0009561134692226849,0.0025681343597328365,0.0016595164668586758
2012-01-26,-0.0010289101002373996,8.253918557726333e-05,0.0010694648017440843,0.0014002331051558787,0.0005718528105277179
2012-01-27,-8.975312325031355e-05,0.00034331845243521614,0.0006051220913206397,6.432720697049591e-05,0.0007143793225229789
2012-01-30,-0.0006790886040520596,-0.002355440926493631,0.0006805255593065758,-0.0014866710605019686,-0.002057873255166106
2012-01-31,-7.660033320003681e-05,0.001046324192948215,0.0007597626370625223,0.0009767695952726928,-0.000501671208674522
2012-02-01,0.0017504975409697208,0.0031411085482954413,-0.0006971719210476009,0.0019760031791591034,0.0006457656446902184
2012-02-02,0.0003164524277730475,0.0004147300738238924,0.0002826043809302063,0.00044862777661133194,0.0005020240683404557
2012-02-03,0.0027987454138334246,0.0031241510885849865,-0.0015863495972797863,0.002781344306096535,0.0023552511500622465
2012-02-06,-0.00013386752281070561,-0.0009590997610297305,0.000548557143124806,-0.0006322928889577022,0.0009846421909207857
2012-02-07,0.000505572829963103,0.0012271435488157058,-0.0012909116656084653,-0.0005072274754421106,-0.00014119651533069975
2012-02-08,0.0005934683940469388,0.000703293806268407,9.475445339751476e-05,0.00034875044697895287,0.000913403116782728
2012-02-09,0.00025073268807735576,0.0005165622582600311,-0.00045880106802485403,-0.0014598432450554542,0.001049239119571783
2012-02-10,-0.0014781029476491408,-0.003796195846339072,0.0011236068669232858,-0.0018533778646361888,-0.001880671885403265
2012-02-13,0.001487475093202832,0.0022902256199680863,-0.00013234428201013682,0.0020303232192981956,0.0004907047630730256
2012-02-14,-0.000251877399011279,-0.0014877919012775962,0.00041681207072178435,-0.002042086613120159,-7.118520206135028e-05
2012-02-15,-0.0009335225068086528,0.0002301438988843989,0.00015161665185977217,-0.0011948255465299654,0.0007006192696138047
2012-02-16,0.002211738490856194,0.00276921649842266,-0.0009117183050054158,0.0021011160844670905,0.0009113070543055276
2012-02-17,0.0005286241613572883,0.0008843049362324174,-0.0002088377609942416,0.00016030959152344207,-0.00034941893402468376
2012-02-21,8.709380472120889e-05,3.636000658374449e-05,-0.0007269296822534929,-0.003115588369650737,0.003127798026982801
2012-02-22,-0.000646068052010496,-0.000588009230487686,0.0007828788977872398,-0.001695625183958115,0.0018505183265195505
2012-02-23,0.000881609786891365,0.001652448094641847,0.00028539560131709304,0.0024988110028638074,0.0006113169268317179
2012-02-24,0.0004383701024482754,0.001202086455703807,0.00015152333129632052,0.0002591376764582278,0.0012226723123419535
2012-02-27,0.0003379165309701984,-0.001002355902559414,0.0006661265119104743,-0.0003246423725377854,-0.001616520901102994
2012-02-28,0.0005833851128043969,0.001857487863670542,9.387830718969183e-05,-0.0011688016803955167,-6.747527153618153e-05
2012-02-29,-0.0007859078087445003,-0.0025997758106674667,-0.00079814803573855,-0.0008158964030777536,-0.0007472983725769592
2012-03-01,0.0010351249047851037,0.0022629009448527173,-0.0006474761317419363,0.0012130049264037753,0.0031335124386415243
2012-03-02,-0.0006092917753921081,-0.0018475954011911867,0.0007998310669496729,-0.00029412165011783955,-0.0020180640592945996
2012-03-05,-0.000816178977288801,-0.0010598367754545298,-0.0004005399229205352,0.002020094476590178,-0.0009509719717373626
2012-03-06,-0.0029250837781558464,-0.0064105213042993945,0.0008371824878080904,-0.00265074980697666,-0.0032743180022073307
2012-03-07,0.0013948626497983212,0.0024593620254115766,-0.00038171632049136494,0.0010794988926616938,0.0009028650710512149
2012-03-08,0.001988831923209435,0.004295343296760869,-0.0005939454994557698,-0.0010482070246760494,0.001655619370477424
2012-03-09,0.0007715413198859809,-0.0006598734444750814,-0.0001534780971388536,0.000979816653279833,0.0005490646726269592
2012-03-12,1.3619992232562836e-05,-0.00051545746823739,-5.647717946293825e-05,0.001462644662834823,-0.0002659370720351905
2012-03-13,0.0035961109109525647,0.003240814175283596,-0.0014387414639562956,0.00403328399944088,0.0008919284062664954
2012-03-14,-0.00021449685382143258,-0.0017797267251724478,-0.002296056320526905,-0.0005377376822648673,-0.0013624084854127589
2012-03-15,0.0011569840894152246,0.0019008538619789711,-5.880534218437085e-05,-0.00028594513094837244,0.00013636484632848208
2012-03-16,0.00027614806478139226,0.0013781047766359892,-5.443379918683547e-05,0.0011458562972271207,0.0024599186722513555
2012-03-19,0.0007827778019972916,0.0010471561126195416,-0.0012285354828930357,0.0013903923774358522,-0.0003388168053025654
2012-03-20,-0.0005836965344329073,-0.002363675624356409,9.746842061782042e-05,-0.00028443883044243094,-0.002440676323619264
2012-03-21,-0.00032805642087860586,-0.0013088266664532905,0.0010170043858411786,-0.0002831674827526309,-0.00048072802349882423
2012-03-22,-0.0014413729192004402,-0.001385153450749328,0.0002541006399956637,-0.002742442811788334,-0.00157984930890343
2012-03-23,0.0006461911816982277,0.0013999993757526882,0.0007390377518686823,0.0012463931659860705,0.0019363263898476144
2012-03-26,0.002804118306278415,0.0025529277507712893,-0.0002345406927891685,0.002341147034970869,0.0008911899655562594
2012-03-27,-0.0006224450600995742,-0.0012623104667832223,0.0011059561379716757,3.109673125342266e-05,-0.0008213945360484386
2012-03-28,-0.0009913004188087551,-0.0013761039028288347,-0.00034836383648097544,-0.00031650977538070244,-0.001923816083517696
2012-03-29,-0.0003408768995897971,-0.0012754337827729488,0.000830033959165079,9.730075296717093e-05,-0.002766002837314965
2012-03-30,0.0008266020188274478,0.0018001605821331371,-0.0009883600643548873,0.0016475685723091164,0.002244433413145271
2012-04-02,0.0014619244623796412,0.0023412146148829834,0.0004801426799267405,0.0014099241052549355,0.002590107236646201
2012-04-03,-0.0008186595618838175,-0.003505740375313677,-0.001466945391346554,-0.0007804174991294312,-0.0008899155154604933
2012-04-04,-0.001982581032143119,-0.004480125348635274,0.001010110820193006,-0.0021930763261995352,-0.003101015538986029
2012-04-05,-0.00010042571348579414,-0.0011973514779347416,0.0008911090416679718,-0.0007606660999606393,0.0007690449506190341
2012-04-09,-0.002245596279634521,-0.0008635431168264065,0.0020461745173789817,-0.002130132738236289,-0.0009054372793079348
2012-04-10,-0.0033605266381103466,-0.004290639749629856,0.0009343285210223226,-0.004301746964319673,-0.002661851659957401
2012-04-11,0.0016191145636975685,0.002798134520944653,-0.0007817077403926093,0.0025591449658115884,0.000496592694840559
2012-04-12,0.0026154418459186112,0.003657741628727283,-0.0004025565180266768,0.002755641032589705,0.002617236607751279
2012-04-13,-0.0023777535528108585,-0.0038384897656796495,0.0012018116075350395,-0.0008317377994472951,-0.0020288641911476862
2012-04-16,-0.00012957912315144808,0.0014522991742613556,-5.7766947797465995e-05,0.0027243346650287488,-0.0019855771782692207
2012-04-17,0.0029601573854634165,0.0031810970171502113,-0.0002101375720470754,0.0017096633889591255,0.0009259528098562225
2012-04-18,-0.000676288367655129,-0.0010456032090419322,0.0003985577063868077,-0.0013502983625816463,-0.001917994723336089
2012-04-19,-0.0012863016687611525,-0.0012042236272368644,0.00022744826289566742,-5.513683230898354e-07,7.318069346400867e-05
2012-04-20,0.00033356083715190547,0.0019244556056952958,2.0479567587980845e-05,0.002434713163422115,0.0007882687324545913
2012-04-23,-0.0016819651124167243,-0.004006290077055954,0.0003986729622151477,-0.002062105244316414,-0.0003563835496526582
2012-04-24,0.0007601266927559743,0.0016009432938122352,-0.0005134017325444053,0.0029997560611766793,3.247009067076201e-07
2012-04-25,0.002734504827790182,0.002724146148938041,-0.0002462344135714502,0.002301141530854236,0.0011426057769594567
2012-04-26,0.0013958540739925924,0.0012020880040371435,0.0006647570783319852,0.0004922484386856964,0.0004251727592457595
2012-04-27,0.000327603937384397,0.0008163921871105549,0.00020879573222252955,0.0013785903078661203,0.0006374382130290724
2012-04-30,-0.0007415466586452264,-0.0011485676380108263,0.00016934810645856068,-0.000518762585959598,0.0007773014877445389
2012-05-01,0.0012430097637820105,0.0008197309091336908,-0.000363369863131875,0.0021644473257491845,6.135092683830569e-07
2012-05-02,-0.0005969289445697546,-0.0015509277721695736,0.0003792674164257659,-0.0003030986119284295,-0.002604670281005289
2012-05-03,-0.0015241223963826823,-0.0017575619937276671,-1.940219158229499e-05,-0.0006916789066110893,-0.0022165984176788357
2012-05-04,-0.0032335889564766495,-0.0030539094723768035,0.0007921355855096061,-0.0017615741371245935,-0.0035435682083596216
2012-05-07,0.00014560592835938778,0.0014485223151843084,-5.719275887356051e-05,0.0014087289108136052,-0.0004333731592512725
2012-05-08,-0.0008028574629766132,-0.003082554464053347,0.00045148518133111327,-0.00036577401462817923,-0.00073624279832005
2012-05-09,-0.0011860213834051971,-0.0023005180282262244,0.00017281297685681083,-0.0006424330653269246,-0.0015499016313025352
2012-05-10,0.00041360873865458817,0.0009410031642295725,-0.00028231993789438076,0.00015384222124900152,7.246568143723156e-05
2012-05-11,-0.0006029215349878033,-0.0012372862112783268,0.0006583301386648934,0.0004269821640174288,-0.0014891834389988898
2012-05-14,-0.002213389869501313,-0.003837499148003778,0.0008810130250401994,-0.0025327276424890635,-0.0026257013142780314
2012-05-15,-0.001149702478691546,-0.0025196953745522566,5.539032763853428e-05,-0.0010499635688659545,0.0003829146728325994
2012-05-16,-0.0007604515342436554,-0.001980539670839167,0.00015140627332700874,-0.002194683064721563,-0.00022860315643093943
2012-05-17,-0.0029667549251993844,-0.002449916939313908,0.0007475320141857036,-0.005842490691481309,-0.00045343754373350104
2012-05-18,-0.001708692482002609,-0.0014400798698819342,-0.0001288191983737405,-0.002423276528116723,-0.0001523417426692662
2012-05-21,0.0034368536798418986,0.004392016355330833,-0.0005236362364741412,0.00435700181542486,0.002662065357082116
2012-05-22,0.00034822834513385825,-0.0007320904926250035,-0.0004301710071085232,0.0003849746937714644,-0.002865841231396654
2012-05-23,0.00010653527782774786,-0.0016302477201925298,0.0005231276894228188,0.0002882064516043592,-0.0022123857391590997
2012-05-24,0.0003923324664906835,-0.001321581303701787,-0.00043095173631348013,0.0008927276135279808,8.002386524140919e-05
2012-05-25,-0.0006494499272371976,-0.0007040463248636756,0.0005787107518400088,-0.0007958012882250032,0.0006916094203119667
2012-05-29,0.0024202156550886156,0.0025348283974458647,-0.00017053914749843145,0.002840011291279285,-0.0008479347740379611
2012-05-30,-0.0029039899024586166,-0.004736267162253158,0.0018956447303556312,-0.004750528719658943,-0.003708270730136691
2012-05-31,-0.0004416116370917532,0.0008404710882801377,0.0007762941925246139,0.0015140399741695077,-0.0017311811109359822
2012-06-01,-0.005045089165265184,-0.0050781277979988874,0.0017084619135218132,-0.0049025317108813355,-0.00412507830762692
2012-06-04,-9.404536435785529e-05,0.0016762781312663797,-0.0011553070378375004,-0.001380202767790479,0.0011343614292932702
2012-06-05,0.0015132855321809801,0.0014453074010474759,-0.0006628997198761017,0.0041368925861246224,-0.0007248051571660774
2012-06-06,0.004493055680122198,0.005579021915937613,-0.0013212710958940685,0.004428846717241358,0.003706314553933717
2012-06-07,0.00012497584073521277,0.00029818379860547763,0.0004870506358895335,-0.0014256641759494584,-0.0013371337603173355
2012-06-08,0.001585883344454184,-0.0006333411869368298,0.00015456478958195455,0.002825207277186972,0.0006457087566123851
2012-06-11,-0.0025279067836476757,-0.0019167647462548015,0.0005432355784845066,-0.004475503612312514,-0.003677900307834868
2012-06-12,0.002300125990751844,0.0033223454540188546,-0.001076632283837259,0.001896173601299879,0.0009741433314437586
2012-06-13,-0.001279349160742041,-0.001598399366942489,0.0010540767570187666,-0.0010198965810879585,-0.0015340932413643927
2012-06-14,0.002117018372165116,0.0014874016320586816,-0.0005375108214008519,0.002911579367214782,0.002353301316319219
2012-06-15,0.002043429736658671,0.0028222591196804658,0.0009256729681398796,0.0012296680782460192,-0.0003224741956412396
2012-06-18,0.0003867339112589853,-0.0005660683687896259,-5.6062990262566506e-05,0.001662327725598245,0.00016473726675384225
2012-06-19,0.0019340657825306768,0.003315239197767215,-0.0006855931523563043,0.0008078180890339682,0.0016870552297492795
2012-06-20,-0.00032492621818712257,0.001153864699144157,-0.0004074958666981268,-9.329678264222113e-05,-0.0032786888013693937
2012-06-21,-0.004481810383936284,-0.005243690320006876,0.00042551526179878004,-0.0032469758288556087,-0.004308184622469491
2012-06-22,0.0015391506605338112,0.0017078937819015269,-0.000871825952938033,3.0932598591039984e-05,0.0019855112353178144
2012-06-25,-0.0032122179721009,-0.004471935758490532,0.0010919904073581883,-0.0010168076143123063,0.002034542118111702
2012-06-26,0.0010039690327542947,0.0013074843954366353,-0.00044455788346626124,0.0006694627315660125,0.0013788062693697277
2012-06-27,0.0018026876303551393,0.0018870821523596364,0.00027722460435503543,0.0007949130409399225,0.0011280379775643438
2012-06-28,-0.0005694237008345375,0.0004208388068918371,0.0006469372569401919,0.002186066114909669,-0.002166443593204525
2012-06-29,0.004983670871666738,0.007202595240496412,-0.0009195655473593841,0.005108057347938841,0.008641620119324888
2012-07-02,0.0006017214593900586,0.0013199752010570225,0.0009271823081148602,0.0021960376536035568,-0.0003878808835995862
2012-07-03,0.0013244868438647298,0.0018352300634254875,-0.0005021773971933471,0.001179703788301135,0.005579344465449768
2012-07-05,-0.0009029616501305201,-0.003313472347080121,0.0005344711650225245,-0.0012308058992453836,0.0007533262937764257
2012-07-06,-0.0019014358460461567,-0.0018842313159095987,0.0006995321822516723,0.00048462926673451976,-0.00461347409655782
2012-07-09,-0.00025189289262100113,-0.0004417922354879853,0.0005515378932879315,0.00021056062152159823,0.003535707780271229
2012-07-10,-0.0017367679383119622,-0.0013337196750713679,9.162354806609254e-05,-0.002132127495022443,-0.002590179082440757
2012-07-11,2.8668305318456228e-05,0.0006118020286040267,-0.00018522404570236285,0.00021227190266143522,0.002224231469492754
2012-07-12,-0.0009700001413888084,-0.0019908271296856044,0.00045656675145684363,0.0006055344066143736,0.0004605804198443611
2012-07-13,0.0033540127186489693,0.0028397830540282405,-0.00016605820818856325,0.0024551757906919576,0.0024206442102303652
2012-07-16,-0.0004725159911004557,-3.950866876069794e-05,0.0004395144591855477,0.0003895096515220484,0.002464131563495572
2012-07-17,0.001372017348661328,0.0005666778400573257,-0.0005143021308192082,0.0019112744792313548,0.00022149661334771133
2012-07-18,0.0014829815777680404,0.0015802186429764097,0.00020132175671663257,-0.0011861664626821992,0.0017716357305221978
2012-07-19,0.0005234828801399934,0.001842770641171573,-0.00029471344036444233,-0.0020940784271112328,0.0024145140172465635
2012-07-20,-0.00182998863485759,-0.004702912751481126,0.0007857560475439973,-0.0010546328624914739,-2.9825043449962254e-06
2012-07-23,-0.0020232867774304234,-0.004096315414744976,0.00033148180360733205,-0.0014571307332173723,-0.004196205230106624
2012-07-24,-0.0017152099503528315,-0.0021618574653591914,0.0003827704131820265,-0.0006701540261825838,-0.0011853121969677997
2012-07-25,4.311885847182549e-05,0.0010521716588349074,0.00010922447770764206,-9.195651272322116e-05,0.0014860709593961818
2012-07-26,0.0032976176475644743,0.0060889308671404655,-0.000624074966526412,0.0017753607098987781,0.0003630012981645848
2012-07-27,0.003684026032343612,0.004204117142777896,-0.001450237861991896,0.0019098791813858763,0.0020616075532250908
2012-07-30,-7.092866538638029e-07,-0.00023471939547018333,0.0006424779250980738,0.0009298456941999888,0.0011641852801187922
2012-07-31,-0.0014016634701525302,-0.001234374472424556,0.0003474524139465422,-0.00029984726680228285,-0.002392706176334113
2012-08-01,-0.00017032190782045832,4.3039506653393555e-05,-0.0007321290964168654,-0.0009564426108329351,0.0002923437305068217
2012-08-02,-0.0013813962795439774,-0.002804214754545739,0.00047811030693427543,0.0005678962285830928,-0.001685374336883563
2012-08-03,0.0039616052806652445,0.006785400797274213,-0.0010506693826812352,0.00156021705757066,0.003398349421237727
2012-08-06,0.0003867848663899984,0.0014096828461069321,0.0001282335162979095,-0.0002074917746832664,0.0011688176000182503
2012-08-07,0.0010016338306981024,0.0016736109095273552,-0.0010532850247124011,-0.00235606649941215,0.0015155497289486514
2012-08-08,0.00024261052366211013,-0.00011333364756915804,-0.00027794356515495463,-0.0013593424062066622,0.0005714035832794854
2012-08-09,0.0001703498309412558,0.00011611719782045479,-0.00014938590892904388,-0.0006379617525889732,0.0016404862892172593
2012-08-10,0.00032685149284284224,0.0003550929566702996,0.0005766147071380759,0.0002723181070486168,-0.0010624619976091904
2012-08-13,-0.00010011754353894557,-0.0009654721445481288,-0.00012982742338118512,-0.00015318537620971252,-0.0015709144750163616
2012-08-14,2.8707252429906637e-05,0.0004641222584988277,-0.0009846464058021467,-0.000425701817920871,0.00021499334911873516
2012-08-15,0.00022647185568994523,-0.0005804762651165305,-0.0010068133095833302,0.0009149056293744179,0.0017182703175222878
2012-08-16,0.0014756062407036048,0.0024755388604145905,-0.0004884483910035596,0.0015203393086366205,0.0007821297492759354
2012-08-17,0.00026694562970534574,0.00026730975478654167,0.0002431241882581479,5.9616350306399814e-05,0.0002841764570312756
2012-08-20,1.3373785418537918e-05,-0.00022982930791722793,0.00011154407910018006,-0.000573295171970555,0.0009181002703423956
2012-08-21,-0.0006082623894638421,0.001148818057812136,0.00016945723344003613,0.0004220124102570581,0.0018320215992803477
2012-08-22,8.42441032833611e-05,-0.00021960862795801408,0.0015475118743662392,-0.00012152498592690123,0.0010442998264448436
2012-08-23,-0.0016392840221941506,-0.0011455276726117446,0.0003518211367241999,-0.0006052144831292046,-0.0009647639495812286
2012-08-24,0.001210146788607166,-0.00030112008666176147,-9.251321934438311e-05,0.0006653369684077635,-0.0009014505341930822
2012-08-27,4.181923880764304e-05,0.00011463112746482886,0.0005184349953517274,0.0006028937495617298,-0.0009149382953156182
2012-08-28,-0.000198285942410614,-0.00019132648523127637,7.320941322357462e-05,0.0006919724382620263,0.00013973748432327766
2012-08-29,0.00015458210114525385,-0.0006160931828377885,-0.0001305525175078149,-6.044172992061568e-05,0.0003509113888298743
2012-08-30,-0.001444040713646085,-0.002974369110922303,0.000369468350500395,-0.0004507207822589974,0.00021045229657235334
2012-08-31,0.0009530917880007995,0.001763210501592023,0.0012987856978745002,0.0006304091190801515,0.002106605239209618
2012-09-04,-0.00018506941733009165,-0.001010245260871756,-0.0004585443621908728,0.0014082912865321508,7.926778976049994e-05
2012-09-05,-0.00017103290571472042,-0.0005463413078036184,-7.44791050324453e-05,-0.0003574100045222196,-0.00097388590878074
2012-09-06,0.004051275712168583,0.004944387541237187,-0.0013686014865298178,0.0017871335112709203,-7.07208021952556e-05
2012-09-07,0.0007795066123732116,0.0030054333928725575,0.0002601822579862257,0.00017536415173455318,0.0022334283331224124
2012-09-10,-0.0011371306869317234,-0.0015805392477578886,9.184710840759578e-05,-0.0015663087289926284,0.00027504004742497237
2012-09-11,0.0005570643040389382,0.0022664533339030912,-0.0003718685165870623,0.0005952360273506506,0.0004136377199740462
2012-09-12,0.0006661694588976597,0.00131096831462203,-0.000985767777209653,0.000414714105015383,0.001031244585429224
2012-09-13,0.0030513135575610394,0.0030564166395316353,0.0005771103955548891,0.002457580619659895,0.0013664267485877606
2012-09-14,0.0008868355158889969,0.001977096662989695,-0.0018863475556513548,0.0011113659011893896,0.002105129544182579
2012-09-17,-0.0006801871485917727,-0.0010521167425107472,0.000411317501094908,-0.0005814992617517172,-0.005537973185004821
2012-09-18,-0.00016424741328489975,-0.0008384217315954091,0.0005059762745887016,-0.0018998876009211456,-0.0014491099763005793
2012-09-19,0.0001082170485387908,0.0008405862857869316,0.00046622929477288045,-0.0011196913800119942,-0.002937266884799808
2012-09-20,1.350426809297684e-05,-0.001266282874416123,0.00011488998094818107,-0.0029639899953482693,0.0011264793541234481
2012-09-21,-8.289748240293337e-05,0.0001125926066389104,0.0004300647864579974,2.848586667243189e-05,0.0013346100893299763
2012-09-24,-0.0003029364551829801,-0.0006955543036360529,0.00044357431013098667,-0.0007433544649795707,-0.002095904620184197
2012-09-25,-0.00213220519653397,-0.0014006217093134345,0.0007419060817838431,-0.0029508342376585784,0.00021574072290822893
2012-09-26,-0.0011227129180099605,-0.0020044425894013796,0.0008285170241902313,-3.2209258242531644e-05,-0.001412202198456279
2012-09-27,0.0018835737007263645,0.0023920115342924674,-0.0004239013355224086,0.0008636022800868941,0.0024812701615247335
2012-09-28,-0.0009275778344560965,-0.003974241599715515,-2.2834476088833287e-07,-0.00030815560929318655,0.0011882836343861094
2012-10-01,0.0005269712287164337,0.0016247396894278838,0.000370978474539761,-0.001483585910850348,0.0002792330959588438
2012-10-02,0.00020771008533905643,0.0007931011694555281,-0.0001285493813819122,0.0015186899499562033,-0.00104878093968261
2012-10-03,0.000814601525518886,-0.000820781956669521,0.00020175339169582111,0.0003987489519552017,-0.0034444736624849094
2012-10-04,0.0014336397665125047,0.0024304688524939087,-0.000796147052108081,-6.259551096701549e-05,0.004330146157274477
2012-10-05,1.615497722208716e-05,0.000266150534992286,-0.0009086543011827764,0.0002449229557921184,-0.0010494229860299662
2012-10-08,-0.0006851555401516066,-0.0011830398707218923,0.0006479253339451994,-0.00042956299371930544,-0.0005613555642497166
2012-10-09,-0.001977486275567844,-0.002908158772615914,-0.0004079987924653369,-0.0007379313641054955,0.0014708685743005613
2012-10-10,-0.0012768761855442596,-0.0005661790458534657,0.0004827762955253942,0.0008010095145210818,-0.0003495657018897282
2012-10-11,0.00011280712179214342,0.001287880020949702,0.00019072921532007833,-0.00015529224415028448,0.002303120722042162
2012-10-12,-0.0006557410389159216,-0.00022416759019376278,1.7785761035905268e-05,-0.0007065540947321882,-0.002773711245043394
2012-10-15,0.0016626645905364423,0.0019511420620327838,5.469714063484701e-05,0.0013273986774488165,-0.0009803262835180132
2012-10-16,0.0020244360668666113,0.00330554335018696,-0.0009469972761606883,0.001226030157335051,0.00013999253703044257
2012-10-17,0.0009053974595904307,0.001863193323390745,-0.001266059196737812,-0.0005486351778276728,6.951528780904933e-05
2012-10-18,-0.0005206141962585892,-0.0007633440816355092,-0.0003542693360095937,0.002044711468167268,-6.639352447306343e-05
2012-10-19,-0.003338225743099923,-0.002702806245428461,0.0008408044183281168,-0.0016653173607179984,-0.003018854225485247
2012-10-22,2.7925662260259586e-05,0.0014024271666312669,-0.0006732227219937005,-0.001009659508973285,-0.0009262954593076573
2012-10-23,-0.002777060344941229,-0.00429635926613397,0.0009483615442859842,-0.002023953929884154,-0.0024410640441407195
2012-10-24,-0.0005644691574276699,0.00011605513137214786,-0.0004293317243590957,-0.00015545342999639705,-0.000583454226170721
2012-10-25,0.000582058079210841,0.0012048652330346988,-0.0007270640441007293,-0.0005583026284431885,0.0005097888087215628
2012-10-26,-0.00011407256813141996,-0.00029835455359563604,0.001270407949861567,-0.001742643338450814,0.0004350151145355596
2012-10-31,-8.11260704123163e-07,-0.00014746881425151243,0.0008184877734355284,0.0019428444244574989,-0.00014695192224883257
2012-11-01,0.0020937385498813054,0.0023471590975927023,-0.00040069271100018995,0.0009625313947269368,0.00036245826956070787
2012-11-02,-0.0017663391377725646,-0.0019233142703652313,0.0001688030485913324,0.001327503242284202,-0.003413850768983995
2012-11-05,0.00040958283371397917,-0.00048525669085802963,0.0004819000636986005,-0.0013209611434825388,0.001693878859212276
2012-11-06,0.0015644181268176646,0.0019027885863051712,-0.0009123764786391617,0.0008647863863038948,0.003571970047700336
2012-11-07,-0.004544783361337668,-0.003002118480842339,0.0016753987468320743,-0.0008934272745278348,-0.003741776700663987
2012-11-08,-0.0024046815410956653,-0.001806893921635828,0.0008853256476675914,-0.002379798728739431,0.0002915664344182873
2012-11-09,0.00017352950846399935,7.778133455783274e-05,1.7353162766815056e-05,-0.0005326773670782957,0.0016048600589351105
2012-11-12,0.00015938266152431608,-0.00015240699064176776,0.00012808310415972812,-0.00047067369360816945,-0.0009440322139505941
2012-11-13,-0.0006948789619388983,-0.0009821958428359071,0.00023775450382841853,-0.00015861261802397185,-0.00036431515772256855
2012-11-14,-0.0026982540285082155,-0.0020924018376211415,5.679910849231619e-05,-0.003737945841106382,0.0005826924494869037
2012-11-15,-0.0003396527208936141,0.0006543164289173944,-9.160470173278311e-05,-0.0009321971399354604,-0.0007955751963947319
2012-11-16,0.000986536260535544,-0.00011572236555592813,0.0001280986893554511,0.0012242383741298802,0.0008750550438653881
2012-11-19,0.004043142448084298,0.004330561958417025,-0.00040298370621163197,0.002464956835071316,0.0037751257813203516
2012-11-20,8.539400146012788e-05,0.0003022314280363419,-0.0008274904454793852,0.001482007715680499,-0.001357681364300778
2012-11-21,0.0003726827068855915,0.0003368550149264405,-0.00029633376560826876,-0.00034629711950073263,0.0008604871929987569
2012-11-23,0.0027229481500740532,0.004292633612192033,-0.00011219733838126478,0.0014782918421400338,0.0007228939759270966
2012-11-26,-0.0004239794242533225,-0.0004757757716131157,0.0003324170334319866,0.00040491723895814995,-0.0002859609467575463
2012-11-27,-0.0010208107392252743,-0.000993271987081811,0.0004596869397966309,-0.0011206399689003463,-0.00028609537499381507
2012-11-28,0.0016085266269558244,0.001443064401752947,0.0002574269044671452,-0.00025207999393127197,-0.0006286111232700351
2012-11-29,0.0009325706830893661,0.0017225425247347256,0.00020246773123723863,0.0010977424625840434,0.0013623387330684703
2012-11-30,4.160741725811955e-05,0.00025382019973890476,-3.73112263934169e-05,0.00040513828784009164,0.00014180809159922763
2012-12-03,-0.0009848904774535875,0.00025395724757254175,-7.821739353636459e-05,0.0008090425425814091,0.0005037282807340336
2012-12-04,-0.0002834066542945999,0.0005073458276941332,0.00034836557872916756,0.0003095051549653226,-0.0017774520770616458
2012-12-05,0.0003530961836021047,0.00028872961691918516,0.00016479749037254682,-0.0006203237654957099,-0.00021569891227843176
2012-12-06,0.000678282410674087,0.00039637598156254075,0.00010965833177836982,0.0018591131048339212,-0.0017973378824743707
2012-12-07,0.0006053862935860148,7.242761281854243e-05,-0.0005699854873668901,0.000737478287701307,-0.00021776057315615457
2012-12-10,8.393664134444643e-05,0.00021750686337443752,0.00018329623181133768,-9.227953891972662e-05,-0.00043490393418076957
2012-12-11,0.0013595206024236341,0.0011506703575011258,-0.00038677156024212884,0.0004905853951397302,-0.0003643915482736518
2012-12-12,9.765112422854354e-05,0.0006437922659510401,-0.0008510024093126359,-0.000551659908299649,0.0009457967961193463
2012-12-13,-0.0012248003488886164,-0.0006069336531328177,-0.00038917364899050097,-0.0015350701938192063,-0.001812388557729091
2012-12-14,-0.0007444606119036605,0.0007151634039547494,0.00044458435861578543,-3.128844581202892e-05,0.0012400753606141624
2012-12-17,0.0023469659715471486,0.0008213531261984906,-0.0010565785973386272,0.0010506606129587353,-0.0001457565126932988
2012-12-18,0.0022257176450592685,0.0020787877159963563,-0.0007833149493240749,0.0020591462119542714,0.0005085558996903622
2012-12-19,-0.0014901194266144658,0.0007139530191426703,0.0002794872217780284,-0.0002730838529165739,0.0007248444718441304
2012-12-20,0.0011487829883350602,0.0013423428412273918,0.00013017113110478122,0.0026250921949642235,-0.0009369802620749394
2012-12-21,-0.0018108108337652668,-0.0012216705126906215,0.0005414599691314883,-0.0003301431966727225,-0.0003646359476684009
2012-12-24,-0.0006167977742127684,-0.0005313807683166965,-0.00020490064442864946,0.0002646334753523042,-0.0006545940129457036
2012-12-26,-0.0008465673789168542,-3.701789096884048e-05,0.000411323656286641,-0.0009449663655170024,0.0020402139867985642
2012-12-27,-0.0002690157509493285,0.0009226394227520719,0.0004090609731632854,0.0007341252204473485,-1.5136400318304998e-07
2012-12-28,-0.0021645468216797744,-0.002122359953155815,0.0004629078127269133,-0.001312022532141787,-0.0005770986233841648
2012-12-31,0.0034065737455713243,0.003024007405219077,-0.001056042879944107,0.0021173458800672978,0.0010904450564990181
2013-01-02,0.005115250284457544,0.00309377596334619,-0.0009132541854771435,0.0024963794243478615,0.0007198085387323237
2013-01-03,-0.00045200763419089444,-0.0019430591684047925,-0.0010259173641402933,-3.0816356552269166e-05,-0.0016524086366858119
2013-01-04,0.0008764481051189309,0.0010156559038873578,9.34766138944969e-05,0.0009287019947940237,-0.0008689403960056571
2013-01-07,-0.0005469980958648708,-0.0008673596911741143,0.00011160869537356054,0.00044627189962876714,0.0003627655581901948
2013-01-08,-0.0005763803748378697,-0.001120538946182816,0.000486944144264339,-0.00038808498470421305,0.0005066517561489393
2013-01-09,0.0005079182177839975,0.0010182131981022657,0.00011192546808225995,0.0005671952837987109,-0.0002905303161008126
2013-01-10,0.001588981374273137,0.0025496084239228526,-0.0005811360396088696,0.00020720576765335507,0.0007250660562938896
2013-01-11,-1.4214317378446535e-05,0.0004134095555849614,0.0006381925505709812,-0.00011878809574191299,-0.0008664714652433974
2013-01-14,-0.00013656180098847712,0.00024069699373241576,-7.559272189106444e-05,0.0005649189070517802,0.0013025848054918857
2013-01-15,0.00013831547161642847,-0.00030653404139458087,0.0004864274799236142,0.0009484530365983323,-0.0008639819754352758
2013-01-16,-2.7857478190479145e-05,-0.0009641056547212161,0.00026062363043078015,-0.00023713457565057314,0.00021579179269286852
2013-01-17,0.0012909250127830986,0.0016263298534240852,-0.0009153043329325548,0.0006209867463669654,0.0008663535671432905
2013-01-18,0.00044577122918278806,-0.0002068596758070344,0.0005610388320739653,0.0008545237992280483,0.0012927185215057986
2013-01-22,0.0010781121708307087,0.00010360147581841776,0.00016859990238557353,0.001026778158071437,0.0005716111493439248
2013-01-23,0.00032117567948877274,-0.00020650975047301192,9.262105567819103e-05,-5.905238856706225e-05,0.00021329040865762191
2013-01-24,5.3218397253940285e-05,0.0009615500914532761,-0.0003365754885814594,0.0004086232278634933,-0.00014183774619297093
2013-01-25,0.0011232806248076279,0.0021545349728096424,-0.0013301700848109494,0.001136410934805548,-0.00042922453132035785
2013-01-28,-0.00023985506827768746,-0.0009840208415630768,-0.00041316099357738777,0.0005214892615476666,-7.143104804621782e-05
2013-01-29,0.0007886017067597105,0.0013598087709514473,-0.00030217330708887005,0.0005781897774114871,0.001141254237060229
2013-01-30,-0.0007847533768021467,0.00020232264565333083,0.00011294829460422734,-0.0019073344701004628,0.0022664644945566605
2013-01-31,-0.0004936644308620808,-0.0007437088326121867,0.00016918868613780466,-0.001195131079010047,-6.904570057418356e-05
2013-02-01,0.0020559311012616505,0.0015927410307785522,-0.0006812477372909933,0.0011715453736520413,0.0007723643669187748
2013-02-04,-0.0022508589274247547,-0.0036104288373743293,0.0011504473253057413,-0.00046690569762022715,-0.0007003061280042081
2013-02-05,0.0020162179973527423,0.000924290363112837,-0.0007161608932847332,-0.0004664923906384271,0.0007720012508994093
2013-02-06,0.00014528832232950478,-3.0935369413504914e-05,0.0006029189625914255,0.0007007733635279018,-0.00027813971303414345
2013-02-07,-0.0002650776905103755,-0.0016386032670540663,9.35172018213768e-05,-0.0008460987264562996,-0.0007714697868311562
2013-02-08,0.0011130396328898012,0.0012713400838749635,0.00015038412184322777,0.0018451193420891763,0.0007740522276905309
2013-02-11,-4.0357027720301837e-05,-0.0002055127968636725,-0.00020781502263074775,0.00028911589001359467,-0.0006990809120333548
2013-02-12,0.00032876045794283837,0.00099115019388489,-0.00020784275619969373,0.001504238878369153,0.00035061950580714556
2013-02-13,0.0001703432089122022,0.00047708463500347685,-0.0006989971049794082,-0.00011532880108361801,6.928542209343769e-05
2013-02-14,0.00018378088280595386,-0.001083269499988206,0.0008486004902124268,-0.00083428444539319,-0.00028155896776762516
2013-02-15,-0.00023658471590722526,-0.0005113447404097668,-0.00018911520045664695,8.629101983313136e-05,-0.0008402984684317448
2013-02-19,0.0014983607183341732,0.002356222191895753,-0.0003221452818777688,0.0015867317241377258,-0.0007766763545709851
2013-02-20,-0.0024954940550629217,-0.001957969703933324,0.00043386884027770073,-0.001289908490071098,-0.0022703061909867556
2013-02-21,-0.0012155061792212109,-0.0030125947989665144,0.00039470920442442994,-0.001495383918469377,-0.0022951273819630555
2013-02-22,0.001952392818428187,0.002872336629138372,0.00024388240496113085,0.002003073809627171,-1.8908113628318826e-06
2013-02-25,-0.003799237995373967,-0.0047738068403006375,0.0015515553791720167,-0.0037992535733289805,-0.0009390388362281544
2013-02-26,0.0013676146396231056,0.001612890720537508,-0.00037427230751860773,0.0013768765312362902,-0.0003670512430766363
2013-02-27,0.002521463256495979,0.0025402678586305054,-9.302527609451026e-05,0.0014538794641020887,-0.0012422502542859695
2013-02-28,-0.00039583735858011115,-0.0002067668440077441,0.0002794054534148252,-0.0002033554703685647,-0.0008823496147711754
2013-03-01,0.000657550187276604,-0.00041021608429338383,0.0004966169911913187,0.0006629096758045466,-0.0013998170609336427
2013-03-04,0.0010653261124159198,0.0008611221189475586,-0.0004667248325664659,0.0014977295453827125,-0.0007432404278839567
2013-03-05,0.0017907781526615993,0.001985798494801484,-0.0002066957907867965,0.0015744085075131038,0.001861283113799124
2013-03-06,0.00027240296764947973,0.0005091926539439935,-0.0006371311191127914,-0.0005948488864560283,-0.0011103509276617117
2013-03-07,0.0003617288654177628,0.0005745655334213788,-0.0007712929777594943,-0.0009383911541362972,0.0013353570856120404
2013-03-08,0.0008518398835263665,0.0004379705430135626,-0.001018247568056277,0.0003457382924089668,0.0005928369425041937
2013-03-11,0.0007584689880339505,0.0006061661310772937,9.397873352214732e-05,0.0001705865537222368,0.0001467639696884199
2013-03-12,-0.00045029190813436953,-0.0010102180143293513,0.0005478549863342906,-0.0007435409967873199,0.0004433430054297691
2013-03-13,0.00028189277896070204,-0.0003043238335974515,-0.00017018678322362345,0.00019980064806817988,-0.001023296946218474
2013-03-14,0.0010634264990982884,0.0019566905507745922,5.714663230222285e-05,0.0012594114464705766,0.0014725166757949746
2013-03-15,-0.0002649584039241226,0.00040119668820771736,0.0006982287305907942,0.0004556563453538156,0.00043831318229601635
2013-03-18,-0.0011025971488724225,-0.0022040629196404655,0.0006578237588550084,-0.0011075798549056873,-0.0011665754653998608
2013-03-19,-0.00046431878587122836,-0.0006070338628014116,0.0006181253731688971,-0.0009721186856575815,-0.0014716119553755396
2013-03-20,0.0013959122417685624,0.0012194955126728847,-0.0007690045308959114,0.0006306645882252815,0.0014042126144703836
2013-03-21,-0.0017106226469997797,-0.00182020108298753,0.0005246195319488856,-0.0006011560346117634,-0.0008810181120324994
2013-03-22,0.0016057847413651228,0.0017308505235970274,7.409095706070796e-05,0.0010515188615494912,0.000368198555601731
2013-03-25,-0.0008346096003317944,-0.0024965792365883267,0.0001503894586019954,2.8182445184782822e-05,0.0001484583097233315
2013-03-26,0.0015986448895317635,0.001261235195315123,0.00020789047887648888,0.001724401107427198,0.0018369429383492313
2013-03-27,1.8768608894265487e-06,-0.0009739034261217597,0.0008568837934270626,0.000369144533781782,0.0010169042534716002
2013-03-28,0.0006140343270445629,0.0009517981965787907,-0.00037250525453770696,0.0006813608947821612,-0.0018908978834898092
2013-04-01,-0.0007912290927849633,-0.002686315689161796,0.0005298320938760231,0.000593591141288574,1.2726445911873073e-06
2013-04-02,0.0009860744112946184,0.002130799722677192,-0.0003920511413730897,0.0006214200109486805,-0.0009549231432997574
2013-04-03,-0.0020308298369176767,-0.0009822168977397085,0.0008387092452415058,-0.0007029321132835383,-0.0033944305875718184
2013-04-04,0.0008107130821600498,0.0017733702824421168,0.0007973174472482721,0.003248597196114692,-0.0002208367733807785
2013-04-05,-0.0008905893297248739,-0.0009022311014816398,0.0006283631397145062,0.0010906203604597018,-0.00015242841074135827
2013-04-08,0.0013527886636839847,0.000783062361863221,-0.0006465772397194861,0.0016052715259964089,0.0005991270542049404
2013-04-09,0.0006906697705925353,0.0007125361794030408,7.362600136560938e-05,2.826947849879e-05,0.0012726081900433063
2013-04-10,0.002449217408560592,0.0029641947984541625,-0.0008347091239081514,0.0012344473410561413,-0.0004477826718481539
2013-04-11,0.0006556084267973303,0.0015620495001381438,0.00022218696114610206,0.0011722763567337993,-0.0008213937807837462
2013-04-12,-0.0004904158668210258,-0.0004950930235682729,0.0011094507543424064,0.00048628464860705253,-0.002472406853808074
2013-04-15,-0.004628866868979928,-0.0039449714362628984,0.00043833185928570853,-0.004129664536697393,-0.006007964419111347
2013-04-16,0.0029496258215471207,0.002833085960256883,-0.0005709673854535393,0.0033132709306958525,0.0021060656529241113
2013-04-17,-0.0029243124848970675,-0.004173757705897121,0.00036663802296640175,-0.0021177744168200366,-0.002938022582158907
2013-04-18,-0.0012517186000134616,-0.0006128189998795034,0.00010989892563344061,-0.0003025207676594055,0.002112980595164024
2013-04-19,0.0017377410314501328,0.0016012217082019694,-0.00011091022239235317,0.0030772470319674733,-0.0004661154345338502
2013-04-22,0.0008868375288181998,0.0008466454133367915,0.00010999479655920189,-0.0002702250243887791,0.0006214919574585401
2013-04-23,0.0020588901551275894,0.0028234222521400375,-0.00012995551556184223,0.0011117185980213946,-0.001241766490781879
2013-04-24,0.000126224905666734,0.0017254595945581151,9.180401746524877e-05,0.0004315983847910822,0.0021790010007238787
2013-04-25,0.0008101115267059356,0.0010534492028421152,-0.00022137260257736966,-0.0006744347010650107,0.0026213846445224216
2013-04-26,-0.0003537971098663138,0.00016353988794185802,0.0007176432450805954,-0.0006488369049452232,-0.0011438021585137824
2013-04-29,0.0013404032874022357,0.002552740198706627,-7.471632200673992e-05,0.0017064103857723275,0.0026785635919242194
2013-04-30,0.0004768320806397438,0.00025846515618828224,-3.69354825985901e-05,0.0023372923402541273,-0.001512472914536497
2013-05-01,-0.001752845085362316,-0.0011898937513393167,0.0006512691000452274,-0.0015864699151445017,-0.0035812613302404358
2013-05-02,0.0018549677222326822,0.0006204720503759909,-3.162620382856425e-07,0.0013113785549258685,0.0025519668523086175
2013-05-03,0.002026736256064398,0.002555197119518811,-0.0017137463229601484,0.0007983223264468319,0.0022176120357270145
2013-05-06,0.0005071435399369121,-0.00025442802084692576,-0.0002590223917286586,0.0010318188599687014,0.0002277530652058361
2013-05-07,0.0010120915498641548,0.0003197299150332682,-0.00027817985813431684,0.0011059722170004436,-0.0006817629884727472
2013-05-08,0.0009126215468253979,0.0021051169136077227,0.00024091676884652365,0.00010524057090289198,0.0009094682414478116
2013-05-09,-0.0005627961715501794,-0.0019327939620880522,-3.7133011581839124e-05,-0.0013108008892597155,-7.51833236514872e-05
2013-05-10,0.0006489398053687508,0.00022282715163543908,-0.001130410604575844,0.0007369993991844093,-0.0008983265094428507
2013-05-13,0.00015842769283126203,-9.62401487584037e-05,-0.0003544228748510515,0.0009441841994682587,-0.0009114876015886356
2013-05-14,0.0020636238895893524,0.000383241817277073,-0.0008012571191808941,0.0007313317864355392,-0.000686679211835949
2013-05-15,0.0010772558144626703,0.0008598486570715481,0.0005246002462095755,0.0019761509512069794,-0.00045324753817270084
2013-05-16,-0.000939596947321984,-0.0013655954921148869,0.0009509071281927796,-0.0010323735359025004,-0.0002303082596958156
2013-05-17,0.00193321256606714,0.0013750364762415564,-0.001082455994826265,0.0011149885607738004,0.000997973077336458
2013-05-20,-1.2248928764628475e-05,0.0011097757115759303,-0.00014954472856788798,0.0004636992828578819,0.0012998676411391861
2013-05-21,0.0002870634535133082,0.000413446519258889,0.0005235688957551447,0.0011296806205484977,-0.0011402072809970796
2013-05-22,-0.0014823229224919861,-0.0020149560536213765,-0.0015862298484920448,-0.004870248088134278,-0.0009164032568079772
2013-05-23,-0.0005774881138725182,-0.002830942438085849,0.00021149642500447382,-0.0037480021712298804,0.0009154786637289522
2013-05-24,-0.0001692953172799764,-0.0017359841760443513,7.540459795319514e-05,-0.0005089179466820588,-0.0007632818444682261
2013-05-28,0.001199288636598698,0.0005207428233224985,-0.002369647052043027,-0.0017023878026048347,0.0018425375560609874
2013-05-29,-0.0012996115227238813,-0.0019168280946446695,0.0008137843164443808,-0.004254599884037332,-0.0012855159270396656
2013-05-30,0.0007368972369885972,0.0007852781176690766,1.8535400267094247e-05,-0.0018789847502486685,2.5550235262707288e-06
2013-05-31,-0.002866401479305108,-0.0038968647420591852,-0.0005457034217673841,-0.0026746123099328817,-0.002370811170250522
2013-06-03,0.0011006986833044844,0.0007667163998035387,0.00029097139538952267,0.0011324781662570777,0.0024700081532852453
2013-06-04,-0.0009619560611861261,0.0007353934003024481,-0.0005132331682288475,-0.0027802163768967892,0.0007702208198533788
2013-06-05,-0.002801123002377527,-0.004481545878930596,0.0009675313658927511,-0.0016523099378710573,-0.0009103301468001847
2013-06-06,0.0018104589123625673,0.0011149012339489628,0.0002460832040794667,0.003214257027533415,0.0007645041125580857
2013-06-07,0.002535886370319535,0.002687890326931508,-0.001555435228421958,2.9344284146364507e-05,0.00046574415874437076
2013-06-10,1.0518569045451491e-06,0.0001992401462116592,-0.0004964653647544707,-0.0017213643393577027,-0.0007606825256621739
2013-06-11,-0.002063352766419676,-0.002450441303209951,0.00048823986438288413,-0.0029672547831485962,-0.0017538728451865283
2013-06-12,-0.0016502671751297566,-0.00021962331777442974,-0.0008983090824438269,-0.0027189183496043536,0.00023019539707445715
2013-06-13,0.003042434444347756,0.0030491433527513644,0.0015099374949789643,0.005218143109121075,0.0013076441833955463
2013-06-14,-0.0012560441397577603,-0.002189221711651206,0.00026571857495966237,0.0007426131402266899,0.000839868485968211
2013-06-17,0.001543829278456019,0.002882832449043615,-0.00047914829570581323,0.0005698753868779218,0.0004576644897923951
2013-06-18,0.0015809708831827907,0.0014152375111643838,-0.00011369416647841124,0.0010219452221403142,0.0003791558377051708
2013-06-19,-0.002764705651504985,-0.0037338502722942465,-0.0027396680915692416,-0.006150936409928115,0.0003024584755043136
2013-06-20,-0.004945548394319285,-0.007364596191559237,-0.0009063917728843361,-0.008302708002257167,-0.006522024478476863
2013-06-21,0.0006428335466928631,0.0006680214011644426,-0.0021270913844215057,0.0027046410826850453,-0.001257048878695276
2013-06-24,-0.002526685549963814,-0.0031342999478603936,-0.0004964581119565752,-0.00089571472356967,-0.0008697995585273963
2013-06-25,0.0019221406224127207,0.0025587462319783313,-0.00024039296231680832,0.0033447332748061005,0.00015615440742881587
2013-06-26,0.0019787973425151365,0.0007957223583408561,0.000805979129455367,0.0030198085885204274,-0.0005565836567355662
2013-06-27,0.0011734424504032403,0.002011351109320408,0.0010777489948677651,0.004007119474513241,-8.173014141995553e-05
2013-06-28,-0.0008199408517381855,-0.0003834867299911162,-0.00023264751311592822,-0.0012448704576242535,-0.001024806640821984
2013-07-01,0.0011716254477844449,0.0018839586412862312,7.809369416572205e-05,-0.0004329608735569679,0.0012738510103182102
2013-07-02,-0.00018608128272896768,-0.001004457419228613,7.791906884941229e-05,0.0030601383722449987,0.0007905058549769159
2013-07-03,8.94132155342548e-05,7.869591264848312e-05,-0.00039032975920995334,-0.0013232989583197472,0.0018088345226746649
2013-07-05,0.0021517223567151115,0.0009402953529561677,-0.0033750419346626186,-0.0009543577943141133,-0.00046828003995766696
2013-07-08,0.0011402464169931112,0.0012444324029024702,0.0011737001101887552,0.00020311047385591712,0.0010171876977790374
2013-07-09,0.0014388288561614593,0.001100193791523641,0.0003357559298978218,0.00284349019864075,0.001245324408667867
2013-07-10,7.275373663240679e-05,0.0005812634028303977,-0.0007120767085022782,8.546187949127881e-05,0.0006213583315671424
2013-07-11,0.002723879123896116,0.005169284906268475,0.002003321886750183,0.004828583734739402,0.0010002446700310575
2013-07-12,8.336484673748735e-05,-0.0013284038068093744,-0.00015572387913582704,-0.0012245037356943813,0.0007668150040824913
2013-07-15,0.0007634246251523651,0.0012355483630413357,0.0006280157278385446,0.0008422064393140439,-0.0005343333224471856
2013-07-16,-0.0007493863475962884,-0.00013315484673571016,9.75149451246922e-05,0.0001401431347571949,0.00023051307795966559
2013-07-17,0.0005130410376820002,0.0006013487901511774,0.0008804582406010824,0.0007269125476236627,-0.00015517169024717608
2013-07-18,0.0010950658130834665,0.0013253830916117569,-0.00093734931405212,0.0016973588949251914,0.0008433743905762729
2013-07-19,0.00035632694948274564,-0.0001635037858075018,0.0010939161361072378,-0.00013837672685732547,0.0001529106947514095
2013-07-22,0.00038981263960146247,0.001119676299137797,-1.9868691696925116e-05,0.0006081005578618194,-0.00015268656798173523
2013-07-23,-0.00042470596172408453,0.0004263312081019452,-0.00023301864431000402,-0.00021934772979459186,0.00030507696526728005
2013-07-24,-0.0007278132288845122,-0.0002583026126466492,-0.0013462854101791808,-0.0038840279939965547,-0.001603693013891782
2013-07-25,0.00048494929901858163,0.00040534691169741863,0.00029351795771675467,0.0003079867655377349,-0.00023097976074721953
2013-07-26,0.00021318288524105434,-0.0012399299273217353,0.00017613286302352744,0.00016763760701402812,-0.0012306833756497281
2013-07-29,-0.0006152747382367688,-0.0019088520528544458,-0.00041117872719069373,-0.0014873613326823539,-7.822034776242523e-05
2013-07-30,3.8462374407786926e-07,-3.159111872503172e-05,-5.9331868394656895e-05,-0.0005932589571698805,-0.0006982472861617718
2013-07-31,0.00014310277874273836,0.00046415926458250685,0.00014281285346071942,-0.003261132491860235,0.0014035352766338242
2013-08-01,0.002309236685482526,0.00271544367209413,-0.001775076840334789,-0.000780952191974433,0.000462210627697986
2013-08-02,0.0003419901430936407,0.001634539698387757,0.0017004269394591397,-0.000982885160376844,-0.0007712435728308872
2013-08-05,-0.00029333864610957787,-0.00042172383258407025,-0.0006287388745858682,-0.00014651587163536252,-0.001002916762137208
2013-08-06,-0.0011377312215338667,-0.0002905006884308565,5.8758892907904986e-05,-0.0006993066982738759,-0.0016330223989020677
2013-08-07,-0.0006485859713516123,-0.0008795445419940387,0.0007269815476020051,-0.0005222819281665459,-0.0013326523141290914
2013-08-08,0.0007327561089258189,0.0017958382237110537,0.0002940328539790114,8.741136502583622e-05,0.001025410380025363
2013-08-09,-0.000577815517501332,0.00035650626775989453,0.00013707588857949854,0.0017585406423951603,0.0014076807227243052
2013-08-12,-0.00023388596776207908,-0.0005483993306967446,-0.0003905772634937767,-0.0014231276266028453,0.0024038366188884617
2013-08-13,0.0005901946061293291,0.001294564322930081,-0.0018097383241514322,-0.0027489246332179683,-7.694309210065689e-05
2013-08-14,-0.0010264824189329899,9.623819538605484e-05,0.00017773166370424796,-0.000771784849574993,0.0016153240326282384
2013-08-15,-0.002799600027395371,-0.0016705396977985392,-0.0011083963498850758,-0.003665004120402285,0.001894652300749221
2013-08-16,-0.0006622197633190633,0.00035685875398769334,-0.0007759715331656624,-0.00491559045905802,7.518990396324948e-05
2013-08-19,-0.0012795294077786207,-0.0014276913982210488,-0.0008600020717316202,-0.002639497445744019,-0.00022603247136917195
2013-08-20,0.0009821288900603914,-0.0002598881405865309,0.0010814512985528896,0.004517032281487435,-0.00037643087910394044
2013-08-21,-0.0012317247201166033,-0.002357302916587776,-0.0012559633820089509,-0.0004561240270560465,-0.0002259962744334556
2013-08-22,0.0018231458111215581,0.001949096843618687,-8.063881277880483e-05,0.0012035161862540339,7.547861085495636e-05
2013-08-23,0.0006741567999240217,0.0017340499276233337,0.0011281318550683931,0.0020891984157002663,0.0015925524425864299
2013-08-26,-0.0007442841894968524,-0.0014652482123840176,0.00039912899296719415,-0.0005777846072247528,0.0011279708511667138
2013-08-27,-0.0032258930020831384,-0.0034132646077180266,0.0011324138281505907,-0.0009710227771892756,0.001945364070612217
2013-08-28,0.0007093776457573147,-0.00022967756291752785,-0.0008135482272854385,-0.0012201090243579077,0.00029601789484574317
2013-08-29,0.00031697261541288157,-0.0003334301321520216,0.00019929728058867577,0.00030804958778044705,-0.002071196719387354
2013-08-30,-0.000631782782881164,-0.0024782550840961215,-0.00037770620586976905,-0.0016860312204930394,-0.0005988404443890295
2013-09-03,0.000906337579429001,0.0038623104695894948,-0.0011392347262223629,-0.0017461098777461028,0.001049770651981081
2013-09-04,0.0016510105699266168,0.001790125319666047,-0.0006604621804541717,0.0017157023282992855,-0.0017161795643521678
2013-09-05,0.00025284876957136943,-0.0001624498131268009,-0.0015321003249073825,-0.0021046607990304225,-0.00045089994097765245
2013-09-06,9.458760505621823e-05,0.0010856167014826532,0.0012171827152114352,0.0030985478527698097,0.0011314898623615865
2013-09-09,0.0019146885736704344,0.0027422463083144042,0.0004034993895779465,0.004170893916354079,-0.0012796081636853593
2013-09-10,0.0014774444007049912,0.002253753996386211,-0.0009267483827517588,-0.00015026139431969395,-0.0018098928668286362
2013-09-11,0.0006288654563879046,0.0007080383363226796,0.0010093797486183914,0.001602303827993401,0.00030470899703343855
2013-09-12,-0.0005311465372190856,-0.0011457349742044673,2.1567675713146026e-05,-0.001289386027626873,0.0009898078295772718
2013-09-13,0.0004493647880069024,0.000958276338815193,0.0002612510906110337,0.0005732160939543583,-0.0006039212488967686
2013-09-16,0.0011600819798012487,0.0015647010716453055,0.0004432776818826479,0.0019940084552933822,-0.0025211112113552783
2013-09-17,0.0008917383213900092,0.00012755971580882987,0.00040088551868384346,-0.00011950226366950574,-0.0020765118929511393
2013-09-18,0.0023172003876268626,0.005333890633486385,0.0024843263091362706,0.0067794881802673386,0.004339328340191658
2013-09-19,-0.0003344502746336198,-0.0009546246365077127,-0.000692892508640558,-0.00017291180043298848,-0.0007587769337068461
2013-09-20,-0.001392207995662201,-0.0014528898922052922,0.00019783568341753705,-0.0032685353169906086,-0.0018356541542126697
2013-09-23,-0.000925909860547728,-6.227647459571472e-05,0.0007513243006365604,-0.001368824586009873,-0.001466315426051207
2013-09-24,-0.00047084881276648926,-0.00031148574513535995,0.000728943864909365,-0.0015217715939448092,-7.672174409657288e-05
2013-09-25,-0.0005787294015796348,0.00021866090770763927,0.0005512258588022921,0.0006612665132970455,0.00031310551567611584
2013-09-26,0.0007688788625252836,0.0008408694481733224,-0.0004312873050983903,0.001228634894586039,0.0015479840245612437
2013-09-27,-0.0009194684893306666,-0.000713115527751146,0.0002740103026827359,-0.0008344466171467855,-0.0009994038814949986
2013-09-30,-0.0010641924726394285,-0.0014294171437789559,0.00033237136099531543,-0.0021258145690350345,-0.00084928809586168
2013-10-01,0.001580174354385592,0.0010636528560393976,-0.00044541496739814037,0.0028987404019750313,-0.0013201268956883707
2013-10-02,-0.00018543080172359937,-6.15571811189797e-05,0.00033375736088950145,0.00030151592221554344,0.001946427156263617
2013-10-03,-0.0018471741609890169,-0.0013118008262720839,0.0002744772307868624,-0.0034927004536911507,-0.00029804409416125287
2013-10-04,0.0015153277123677246,0.00047238489181785547,-0.0005497464074392718,-0.0003942631611281241,0.0006226154620748686
2013-10-07,-0.0017292877164043273,-0.00206503530625254,0.00017944237404301288,0.0009109304046506199,0.0013848198418612346
2013-10-08,-0.0023321463745508884,-0.0015518853566777956,-9.852491439449128e-05,-0.002180063078694896,0.0006920980096861362
2013-10-09,0.00014504274151758012,0.0008601231207585016,-0.0003541476478389874,3.0069660681875714e-05,-0.0014559129095375696
2013-10-10,0.004300716255668208,0.0035831143747597862,-0.0004315139615104795,0.005091128904244081,0.0025429608384433936
2013-10-11,0.0012873150502987663,0.001057924231951066,0.00029616995898168154,0.0019939381991294844,-0.0010600308032804656
2013-10-14,0.0008031353173309364,0.0006828930596291255,-0.0006681268877443349,0.00011965076813326361,-7.777798599235265e-05
2013-10-15,-0.001452783656512739,-0.0009604821088504505,3.949497532750409e-05,-0.0007377142342481436,-0.0006899403603148693
2013-10-16,0.0027880348693347747,0.0014913842885942196,0.0009721447011342987,0.003753114516019564,0.0015338253777713198
2013-10-17,0.0013443439576578647,0.0026435727585465848,0.0011382919844236024,0.003030863075439635,-0.00106863142676802
2013-10-18,0.0013505341567046966,0.0011873686823605611,1.8498884180635197e-05,-0.00019855705734721482,0.0011483178699945348
2013-10-21,1.1088575664722567e-05,0.0003028422619372081,-0.00013713103782514812,-0.0012028162431402393,-0.000457159094436512
2013-10-22,0.0011583373392275312,0.0019925931020787495,0.001388044489658099,0.0018472411567122835,-0.00022909194465702893
2013-10-23,-0.0009579424976270845,-0.0019458342929772594,0.00034784218372167205,0.0003683591923646789,-0.0030632821801903514
2013-10-24,0.0006642149616770811,0.0013883803755034931,-0.00040816648579674144,-5.614546817544796e-05,8.086015954575815e-05
2013-10-25,0.00091216769813681,-0.0005704874477059346,0.000349312566621244,0.0024454687968659653,0.0006217570065650725
2013-10-28,0.00031788443255005013,-0.00033105934062868024,-0.00019427218466025852,-0.001434357938152095,0.00077198469756021
2013-10-29,0.0010640820193849247,0.0004210274570902647,0.00027127766352964903,-0.0011635147956136475,-0.0005392890041281599
2013-10-30,-0.0009935140033655702,-0.0007221398495266687,-0.0005242146253324859,-0.001686267004576834,0.0006174790481891009
2013-10-31,-0.0005675533121446478,-0.0011186664838665527,-0.0002316970409570443,-0.0011771342897584052,-0.00169747483174272
2013-11-01,0.0004766039502022088,-0.0009716211827078582,-0.0011096816568033463,0.0010391318608800292,-0.0024919069730510494
2013-11-04,0.0007030486369098287,0.000975471486428761,0.00039155507202934785,0.00037615519985696874,-0.0008656477430773435
2013-11-05,-0.0006338543810826078,-0.001729048463686048,-0.0008999710043080043,-0.0032745002695904924,-0.0005514477879334782
2013-11-06,0.0010207298130938088,0.001744910567047367,0.0006095000367294881,-0.0002942350599314907,0.0001577804821703761
2013-11-07,-0.002521184099060378,-0.003164997539136787,0.0005278366038560504,-0.0024839118402786116,-0.0014271519475519562
2013-11-08,0.002685451958768395,0.0011674713213266133,-0.0022496724587411153,-0.002699935871236934,0.0011111521598623699
2013-11-11,3.3490906373149805e-05,0.00042863132534578515,-9.911250691401792e-05,0.00021035558790121327,0.0008709079524976034
2013-11-12,-0.0004066815957486381,-0.0006741237188453581,-0.00017863951094553634,-0.0009008826113447725,-0.00133861774414405
2013-11-13,0.0016133218053150118,0.0006576795024209368,0.0008295042746117283,0.0012949600729020424,0.000872854017672277
2013-11-14,0.0009974764310806852,0.0009185682475394822,0.0009654527496800707,0.0014047979493121104,0.0008692170515710926
2013-11-15,0.0008695392818308084,0.0016118049545390848,-0.0001578911811671145,0.0007427715869036413,-0.00031631230701023805
2013-11-18,-0.0007014814198316269,2.7106191589415925e-06,0.0007070696334123696,-0.00124230493971479,-0.0013442719965069314
2013-11-19,-0.00043508916892767756,-0.0005144761707597683,-0.0007441719897237454,-0.0014017816171705752,-0.0003182326842381414
2013-11-20,-0.0006246776869941602,-0.001393159416375706,-0.0011002888360336133,-0.0024334241423048988,0.00015893484646133322
2013-11-21,0.0016126849427116996,0.0012496936010945893,0.0001794875384600191,0.0015481880863843032,0.0025390424223966676
2013-11-22,0.0010008623291581913,0.0005764112589078593,0.0005716481628893223,-0.000783745877142779,0.0006275431638402414
2013-11-25,-0.00019863570481847803,-0.0006054336123843345,0.00015666156622927066,-0.0009371064544341038,-0.00023383373971573725
2013-11-26,5.4697675143322835e-05,1.656472038220434e-07,0.0004316101240890418,-0.0006976282028276078,-7.894160627781761e-05
2013-11-27,0.0004865899746667129,0.00048506275388535873,-0.0004522584768005374,0.0017089237875521281,-6.63849120877219e-07
2013-11-29,-0.00013235573465697118,0.0003983795262406081,-0.00011829169787643113,-0.0018494656231579933,-7.314508270383639e-05
2013-12-02,-0.0005183442629418287,-0.0014811514645213014,-0.0008595175805013531,-0.0011600212167430226,-0.00023522066600068498
2013-12-03,-0.0008651202876039588,-0.0014012594580344203,0.0003561324311798376,-0.0003995007994071936,0.0011743997337898015
2013-12-04,-2.4346742480838165e-05,-0.0010653600287884694,-0.0009089662858286077,0.000743394211339098,0.00038689545862375665
2013-12-05,-0.000879599541636796,-0.0011408823396542144,-0.0004964606986085141,0.0007040085065454804,-0.00023413040989271258
2013-12-06,0.0022334901944066677,0.0024750410659537736,0.00017995948951437808,0.001435340794769992,0.0007010867294268389
2013-12-09,0.0005079600860136616,-0.00021435239264074626,0.00023809730259125418,0.0009699396981581734,-0.0006996664089864045
2013-12-10,-0.0007181656021137444,-0.0003372835363591992,0.0008322701534343084,-0.0005143249106808258,0.0006261622363609157
2013-12-11,-0.002244520373157762,-0.0018706548631866292,-0.0007716733495882447,-0.004597877703908287,-1.5713503721968105e-07
2013-12-12,-0.0006599418004898411,-0.0014575531506625056,-0.0005761259530524502,-0.0011152664065580723,-0.001866759037902099
2013-12-13,-2.257405539164217e-05,-0.00012552610514635337,0.00029795641085504583,0.0004982175850505848,-0.0007866177945179523
2013-12-16,0.0012454620324182095,0.0014350050915217895,-0.00010084274578595524,0.0006832424790791441,0.0006295714885793801
2013-12-17,-0.0006354945105624146,-0.0008691519645185368,0.0006350862544384782,0.0009274186003636919,-0.0009436597787130761
2013-12-18,0.00341553502245152,0.003135939127403558,-0.0007547418652770314,0.003549732315165886,0.0003939523763461723
2013-12-19,-0.00023160565250380383,-1.837776022299992e-07,-0.0008359734821018036,-0.002757070907853816,0.00047040785999138523
2013-12-20,0.0011640982386881475,0.0011427096575271347,0.0006190620912752746,0.0012309328925142555,0.0015691384044028542
2013-12-23,0.001067714513609236,0.0020559939578026955,-0.0006395752828950275,0.0003963340557098661,-9.477839269214722e-07
2013-12-24,0.0004375223369127711,0.0003958232341508882,-0.0007802891886110916,0.00017862963599057745,0.0006222040996991607
2013-12-26,0.0010131579248727424,0.0010905526608757192,-0.0001733262430023926,0.00015456066011402265,0.0003927825395514472
2013-12-27,-1.0548581750120817e-05,0.0010314634043816888,-0.00012117406024226622,0.0004315611885879427,0.0006551116582160413
2013-12-30,-3.328699612892991e-05,0.0008388496661799416,0.0005416614614956506,6.070320973975632e-05,-0.0011412133305678377
2013-12-31,0.0009445184747360402,0.0007465490624587073,-0.0009042240090160378,-0.0010781872521144402,-0.00030791376829729687
2014-01-02,-0.0019158432602699401,-0.003555324610762781,0.0007817456174595577,2.9695024535813522e-05,-0.0028856712190607676
2014-01-03,-3.28103567142467e-05,0.00021200729173367103,-0.00012091914308513051,0.0011158641710156503,-0.0012674280648221916
2014-01-06,-0.0005786576358323732,-0.00024351434318470753,0.0005625472951186103,0.0010155512772679629,0.00023839875271255067
2014-01-07,0.001226780227793203,0.0011216602736150469,0.0003202020339232708,0.0008899991240290651,-0.00015937067269393323
2014-01-08,4.304632841826683e-05,-6.045520103824169e-05,-0.0009810684781708992,-0.0009773687966721377,-0.001911014112699711
2014-01-09,0.0001312159709896581,-0.00015156660916107556,0.0005222595133523569,1.3446608287789402e-06,-0.00161079854243155
2014-01-10,0.0005444976844243912,0.0018423975156606853,0.0016828055090241513,0.0027239756176424055,0.001296517011372881
2014-01-13,-0.002664057363967994,-0.0017394208969513487,0.000575155802337056,-0.0013300655628509562,-8.070344052081274e-05
2014-01-14,0.002176522148975685,0.001598823327616604,-0.0007550804474669291,0.0014597629292958404,-5.453333411925431e-07
2014-01-15,0.0010760552513919498,0.0008388989929706751,-0.00017856492562781914,0.0015110057553115429,0.0005629050217070124
2014-01-16,-0.0002601267785007618,-8.955983879054947e-05,0.0005568758410151093,0.00036063209333486593,-0.00031956031271634884
2014-01-17,-0.000847360249580184,-0.0005976967947768263,0.00047645128704580935,-0.0011674289712238707,0.00024130562884867458
2014-01-21,0.0005886002937140696,0.0009578243086874513,-0.00021808341089568365,0.0018062454364976266,0.00048170224908490556
2014-01-22,0.00013020294139247146,-3.1786010978208827e-07,-0.0005560062476614962,0.0008656504144684608,0.0009602223221501191
2014-01-23,-0.001641608310591792,-0.0013425882104790134,0.0013484765020474617,-0.0004756854554405451,-0.0001572733036309217
2014-01-24,-0.004273553692475447,-0.005516164002257048,0.0008082633140800867,-0.0025032299892191316,7.83690739635233e-05
2014-01-27,-0.0009830449249633103,-0.0009251076203491856,-0.0006109111742315893,-0.0015382020239224404,-0.0013569759041856188
2014-01-28,0.0011921950432354673,0.0017326693359625848,0.0002958077951279002,0.0016736410041922351,0.0009626542383910423
2014-01-29,-0.0019224407117044108,-0.002240146263351468,0.0009421127690395472,-0.0010859914932138835,-0.0001610237283843773
2014-01-30,0.002117253439536122,0.0010247758416975464,-0.00019507923553330276,0.003030674557343814,-0.0008014247627326995
2014-01-31,-0.0011660212364994376,-0.0033888493332292265,0.0007829534117739806,0.001075243610451883,-0.0002411590431400942
2014-02-03,-0.004502014717710408,-0.004088022606742298,0.001087339410949896,-0.003180561423483527,-5.006016293773327e-07
2014-02-04,0.0013992512175748533,0.002306243413832699,-0.0006046003572764934,0.002417807787062643,0.0015262151117863654
2014-02-05,-0.0002507885247678817,0.00041110467977571475,-0.0007233406591964242,-0.0004142410624645137,0.0003979330207371742
2014-02-06,0.0026387511314694403,0.0035357106612726686,-0.00037391030689025147,0.001467339455071103,0.0007961060762633417
2014-02-07,0.002478150874999619,0.002611608887506644,0.000530871434045139,0.0015121042590188613,0.002298158371667104
2014-02-10,0.00036642674312393266,-0.0006766400049611305,9.754443967292028e-05,0.0018793084642610446,-0.0010992595224340763
2014-02-11,0.0021883886181145915,0.003163580253385075,-0.0008828249936920214,0.0007900171649204846,0.0010232846190398601
2014-02-12,9.856556973969081e-05,0.0003335157636822983,-0.00047327016204903204,0.0001163984407444327,0.00039248583200633235
2014-02-13,0.0010405751142327697,0.000618449091811645,0.000944424287748379,0.0007555725313868475,0.0010921044789602805
2014-02-14,0.001103103915547315,0.0007543601858411676,-0.00013756467344751185,0.0007812448866001738,0.0007020595091065124
2014-02-18,0.00023876100908725077,0.001712947230935117,0.0004909350987689962,0.0009798121571976625,0.00286494256842783
2014-02-19,-0.0013265101079307801,-0.001343846937441529,-0.00039028389614269066,-0.00011508258158864518,0.000534155571734297
2014-02-20,0.0011780962005012712,0.0006906996552200922,-0.0002162726474708742,-0.0004306160673529161,0.00038161307241772204
2014-02-21,-0.0002281620879420048,0.00039022237188988317,0.0002559524472062969,0.0004886097046902728,-0.0005341536105217384
2014-02-24,0.001108916714474667,0.0017298865957909497,-0.0001971550227119265,0.00048775103226405604,0.0008407234533059052
2014-02-25,-7.608139541863556e-05,-0.00047409486680554454,0.0006866745603700835,0.0006572427237637189,-0.0009137829185699394
2014-02-26,1.0727523921998217e-05,-0.000683741037339982,0.0005870916698650552,0.0004564426352906857,-0.0005354759151057732
2014-02-27,0.0010497700154842953,0.0006865463346628822,0.00023358409996258983,-0.0005402894347867426,-0.0006131700864476634
2014-02-28,0.0005052959557802472,0.0003555832566798514,-0.00019519925035354403,0.0018522767130226916,0.0006928913999008514
2014-03-03,-0.0014049233308866984,-0.0042503404478896455,0.0009862715899668778,0.00011709732022174808,0.00275870109827704
2014-03-04,0.0028065782458645675,0.0039640428743035125,-0.0015450945613334854,0.0028793430601941404,-0.0007481675553759093
2014-03-05,0.00018062639839368526,-0.0001784369354653676,0.00021579318157478004,-0.0002509674021161374,-0.0016668540581477505
2014-03-06,0.0004577150174510188,0.002078168927087335,-0.0008625669847789537,-0.001674629032636149,0.0018366624494962531
2014-03-07,8.891834866610977e-05,-0.001087865948212141,-0.0008656161755954344,-0.0021696611344201072,-0.0009095615423572888
2014-03-10,-0.00010689061494782766,-0.0012418009293447565,0.00021632978170206882,-0.001049271196911953,-0.001675821308129882
2014-03-11,-0.000987720438283979,-0.0014604583821245987,0.00019698057049591123,0.0012565335501351377,7.64930023592321e-05
2014-03-12,5.371698224770503e-05,-0.0007451124393330455,0.0007863880224807449,0.0005951434075480238,-0.000534758118089865
2014-03-13,-0.0022367572027217186,-0.0037240154137961586,0.001183214262041563,-0.0009337645101782723,-0.0009244104267917672
2014-03-14,-0.0005623236755936215,-0.0004255707956470931,1.9660455534383352e-05,0.0005112806368059342,0.0010790215933668915
2014-03-17,0.0018065632419702966,0.0025131299345438163,-0.0008031567228741319,0.0004307488583813572,-0.002239398190697865
2014-03-18,0.0014254810009934663,0.001242786246436831,0.0004897936702286523,0.0005945156697317016,0.001011085982751232
2014-03-19,-0.0010651672296869534,-0.0024421417961253892,-0.001858441697526307,-0.0037699648175251194,-7.442687839540533e-05
2014-03-20,0.0011658083483874332,-0.0007579659261288764,3.850560147054011e-05,0.0003437386248184223,-0.0009284356931006101
2014-03-21,-0.0007738167016787005,-0.00039576007955544664,0.00037517129202667323,0.0018379392592376845,0.00015463940755455817
2014-03-24,-0.0008267431065989187,0.0005244956789065934,8.122665197053279e-05,-0.0013103679965185604,-7.736853298357651e-05
2014-03-25,0.0009487113845522476,0.0021713841832992817,-0.00011862514561347635,0.00182468270550281,0.0013197949238324769
2014-03-26,-0.0014361968806956582,-2.2317127332696907e-05,0.0008480092341628841,-0.0022543527278739667,-0.00015261433314302407
2014-03-27,-0.0004226014915457692,0.0009984245385710247,0.00019680432207517192,0.0012736795246891485,0.0017724177838764953
2014-03-28,0.0009857067383197266,0.001506330246953621,-0.0007077896325556644,0.0012068456343214621,7.615184419377947e-05
2014-03-31,0.0016372648620811895,0.0010185910587903674,2.224730478603067e-05,0.0016830743781273078,-0.00015382456242961625
2014-04-01,0.0013245311998263641,0.0012787752623671653,-0.00041459465098336195,0.0009055660188671168,-0.002458589778857777
2014-04-02,0.0006682703319092486,0.0003839803264749161,-0.0008693563121841625,0.0001688818467605952,-0.00046545494402682445
2014-04-03,-0.0002645806606890991,-0.0005617747850667184,0.0001386549778351309,-0.00042233741582208787,0.001630143407199175
2014-04-04,-0.0023611004584233766,-0.0006224235868670236,0.0012288346559594981,0.0006773121150815449,0.0009246655048519273
2014-04-07,-0.002213333070623723,-0.0009508080658464623,0.000471696942779592,0.000646043255683011,-0.0004607336217036694
2014-04-08,0.0008248215982076377,-0.00011737455677185615,0.0002749365748762676,0.001232860834705499,0.002300198268154285
2014-04-09,0.0021496827590511977,0.0025613797883451556,-5.741657051405671e-05,-0.0005012642057368241,0.0005321385430410573
2014-04-10,-0.004200048336013947,-0.0035482274399252487,0.0008425335154621753,-0.001896207592002884,7.539309555319052e-05
2014-04-11,-0.0018044356436206525,-0.0012011756252810536,0.00041011612588507144,-0.0012128406244341363,-0.0009098695733123045
2014-04-14,0.0015751172747231477,0.0011466014674273901,-0.00031287165226125677,0.0011915447519884623,0.0018257241715025506
2014-04-15,0.0013744768578832086,-0.0008412752599604965,0.00023394764070509646,0.002365181624549336,0.00015370892896526074
2014-04-16,0.0020932556655311883,0.0024676305341791265,-0.00031160838208854494,0.0012826467524197573,0.00037714766391667114
2014-04-17,0.0002794869810132999,0.0010400823201401445,-0.001133219616492927,-0.0011639931952627032,0.00045217541596060735
2014-04-21,0.0006969587881344774,0.00026622955057814914,-3.972070917628388e-05,0.0011409173057979323,-0.0006767669851914375
2014-04-22,0.0009083345201763636,0.000827245715307765,-7.836037248356111e-05,0.000442939036020108,-7.557446541682551e-05
2014-04-23,-0.0004686949670016888,-0.00047172719091906036,0.0005105069462391246,-0.0008019791525339354,-0.00015091233123692491
2014-04-24,0.0004069557644227982,-2.9675494927665684e-05,-5.7400248230313894e-05,0.0008325896294123052,0.0012055636908281633
2014-04-25,-0.0016421313564740586,-0.0009751058839785266,0.00027423026717523006,-0.000772896227890975,-0.0008253648725817348
2014-04-28,0.0006334466518517801,0.0006228840455541612,-0.0002947198502511739,0.0015530218407886723,-0.00067883484425262
2014-04-29,0.0009307076398836679,0.001300523335639089,0.0001782185323021054,0.00013776279797502594,0.0005285194325679363
2014-04-30,0.0005969717228047222,0.0007926231566142965,0.0005282191389756805,0.0007139662861562772,-0.0010545463610330307
2014-05-01,2.084721811455557e-05,0.0005551532400149305,0.0005748142324025043,0.0008480976008101801,-0.0015150051117358875
2014-05-02,-0.0002864765015321275,-0.00032075553161373674,0.0002933541595019433,-5.2628980244261045e-05,0.0005326940996334713
2014-05-05,0.00038492011173552136,-0.00014119414692790374,-0.00011561614012829403,0.0004094665150736571,-0.0004568864147418817
2014-05-06,-0.0017426221062969746,-0.0003509779498739959,0.00023356653501378967,-0.0007086639227210903,0.00015211284018864032
2014-05-07,0.001176327747606053,0.00023459588712616277,0.0001560259708347731,0.0024041339173327247,0.0005337099810797099
2014-05-08,-0.00021319372518002175,2.943478025781576e-05,0.00021394784925129456,0.00045909011233736066,-0.0006079077661028747
2014-05-09,0.00029798295630013963,-0.0002930736104797322,-0.00015576530199259736,0.00013454824296285395,-0.000990859633001914
2014-05-12,0.001943938197636143,0.0013176659228376095,-0.0005265991189114136,0.000621515305891032,0.0004596022837496634
2014-05-13,0.00017879046886106996,0.00029096866554424586,0.000780220899842178,-0.0012915916518916003,0.0009166597019977067
2014-05-14,-0.0009494958851710934,-0.0003788317666680279,0.0009131186298371943,8.076096741481195e-05,0.0009123667647822383
2014-05-15,-0.0017578753604926684,-0.0008750121833598915,0.0007148083767917515,-0.00010799550094664838,-0.0012137546681844317
2014-05-16,0.0006931272534835884,0.00043870337208600207,-0.0004248812069074542,0.0018370695910383747,0.0002283526818232216
2014-05-19,0.0007347954623645083,-0.0004061840764366734,-0.0002505629707809267,-0.0008039638015882373,-0.0001504875376499395
2014-05-20,-0.0012612160683994253,-0.0012603759085660323,0.000579749424163264,-0.0006182363475656236,0.0003803428704406118
2014-05-21,0.0016831227166929155,0.0015584137230287244,-0.00030874511674552967,-0.0013193498728308476,0.0003803688613795735
2014-05-22,0.0004865065930847575,0.0002628938223103208,-0.00021300370375494908,-0.0003533839425430487,0.00015341095868130506
2014-05-23,0.0008011625819045882,0.000525696632359239,0.0004056982243439256,0.001769495958996737,0.0004545502802498342
2014-05-27,0.001227609396015706,0.0014255288835290393,5.8069057774611385e-05,0.0014279335222365324,-0.001668342351653796
2014-05-28,-0.00014638274003167973,-0.0006652771411456109,0.0010978274761008714,-0.001261010382148942,7.591889485207022e-05
2014-05-29,0.001034180515972772,0.001216619594169364,-0.0002505501114697076,0.00040392960309752513,7.595148554036135e-05
2014-05-30,0.0003214274876054302,2.8240456447122243e-05,-0.00015403055765503105,0.0009132070146001367,-0.0015272341631762
2014-06-02,0.00022802203802964563,0.0004035958898798908,-0.0009170359762651477,0.0006152928079065997,-0.00023070664807530806
2014-06-03,-0.00010372784271188245,-0.0004890175993163642,-0.0010065127263307154,-0.00010714182405931338,-0.000154205035490652
2014-06-04,0.0004051431721911096,-5.742615912511037e-05,-0.00015548627896310076,0.0004001410439815075,-0.0005384889423639914
2014-06-05,0.0013038125182598908,0.00138199263855065,0.00029199387038569927,0.0036735000920124373,0.00023230007051533932
2014-06-06,0.0009561946279607898,0.001087759820491155,-0.00015587324280842566,-0.0008338886706562753,0.0008495311087662838
2014-06-09,0.00020450035855890873,-0.0001978665935307219,-0.0002923159521339893,-0.0024152280215252076,0.0008430157663636245
2014-06-10,1.989641231021138e-05,-0.00042700301473287846,-0.00035100386794585127,-0.0014891192394126613,-0.00053535484698784
2014-06-11,-0.0006956386200894399,-0.0010007706792220974,0.0002726153849881015,-0.0005360438346036532,-0.000535280488557843
2014-06-12,-0.0014205606507389132,5.760792258433239e-05,0.000780379397644177,-0.0005124033652913766,0.0028359294230328497
2014-06-13,0.0006088107967508493,0.00014317669312301082,-0.0003864588196295106,0.0005116137677830885,-1.5407150184986116e-07
2014-06-16,0.00016487535923847608,5.7518100814532e-05,-3.357818498058969e-07,-0.0010221648461375735,0.000605233653795904
2014-06-17,0.0005552180050349424,-0.00014153369599488494,-0.0008368592737210437,0.0005121563166069203,0.0002257700223932774
2014-06-18,0.0014686876114508578,0.0017210846239034548,0.0010534916904732787,0.0014017356341807403,0.0008305147793560074
2014-06-19,0.0002240572435417503,0.0010813590133633116,-0.0005069042457397655,0.0016595972439484633,0.0019520838539509508
2014-06-20,0.00040589272110405064,-0.0003399234870184611,0.000233931072798612,0.0006899311784715616,0.00037198678524990355
2014-06-23,-6.137627980791955e-05,-0.0005376506289470649,-0.00013569493939049465,-0.000820016993958062,-0.0007425039846428483
2014-06-24,-0.0012062107008541728,-0.001252366665262905,0.0008165111252282433,0.00014692741150819176,0.00029853347304218547
2014-06-25,0.0009041020851656914,-6.747690961008849e-05,0.0001948579407158527,-0.0004018473028636983,0.0002989513158174437
2014-06-26,-0.00014343717087810122,0.00014673917710369722,0.0005223058085226447,-0.00018811619584968375,-0.0008190942267454663
2014-06-27,0.00038960188044762534,0.00011863638915521145,1.5523761157504653e-07,0.0015317008433320364,-0.0003729940074182932
2014-06-30,-0.00010248826112529679,0.00017621180246769327,0.0001543058979775938,-0.00047952471467702454,-0.001198394591804584
2014-07-01,0.0013368225345573752,0.00175138010891913,-0.0006546493630590388,0.0010686396840772251,-0.000602468759787038
2014-07-02,0.0002026573279238353,0.00031860214981423125,-0.0008159865978518286,-0.0004783506840251846,-0.00037759581657987283
2014-07-03,0.0009816334211088758,0.00040479509854047656,-0.00040829060129381027,-0.0011471011913759977,-0.0003781061279652151
2014-07-07,-0.0006964323947552231,-0.0015610593137333566,0.00048659362054965263,0.0005881730732540829,-0.0015919591903611676
2014-07-08,-0.0012868349720159054,-0.002101500714830253,0.0009138787695297313,0.0005896807037195357,-0.0005327558066110327
2014-07-09,0.0008953251026151838,0.0006479003000276558,3.860517125145619e-05,0.00031923640753662796,-0.0013809795336595088
2014-07-10,-0.0007871039251473351,-0.0021836889663784838,0.00042830211686304196,0.0009030699478378534,0.0003070456817456838
2014-07-11,0.00027479209660548906,0.00011863849028825975,0.00032831372934141495,2.623564276100328e-05,-0.0017732935594249601
2014-07-14,0.0010067606923889695,0.0014841116992857673,-0.0004457968771551063,0.000979732250459949,0.0007791342434445687
2014-07-15,-0.0003740122411716211,-0.0004993723815830488,-0.0001742930510841101,0.00013139534423403776,-0.001861044421346955
2014-07-16,0.0007401139710594709,0.0012392019517352064,0.000291041803876254,0.0006320120852109962,0.000312487952761804
2014-07-17,-0.0022769295475699005,-0.002557780489528188,0.0011582060836130563,-0.001024451213704455,0.00046762669925746043
2014-07-18,0.002040026978357101,0.0015717462560987622,-0.00040460042977454166,0.001978819754779705,-0.001325197196813581
2014-07-21,-0.0003743469933664517,-0.000735033357513045,5.7513906125122624e-05,-0.0007318129489389888,0.0009369349975653235
2014-07-22,0.000871280597230134,0.0008872465306223981,0.00025050361825022793,0.0006292330445271246,-0.0008571492882895455
2014-07-23,0.00044370684733367966,0.00041265849761958176,-1.9580536398560926e-05,0.00036572468575672343,0.0005479567250682991
2014-07-24,9.725195956742605e-06,0.0004699301043848916,-0.0008097526793642634,-0.00026041572566908874,-0.00023300360420536233
2014-07-25,-0.000937540526964097,-0.000821693085549389,0.0007718011904900118,-0.0013819830177593138,0.0007824257130894445
2014-07-28,8.058299746584306e-05,2.9083108347528976e-05,-0.000231297415954933,0.0013917400951480347,-0.00038984708055601083
2014-07-29,-0.0008587182390675637,-0.0004105616922259975,0.00026956317792714064,-0.0009656759688599434,-0.000625034084233655
2014-07-30,3.2416209752126356e-05,-0.0002952421328209714,-0.0014078833026066992,-0.00042045241612471203,-0.0008603120030429032
2014-07-31,-0.0039548331320516245,-0.0033445197449322793,-5.9688369979942274e-05,-0.002972596857779555,-0.0010185608022119383
2014-08-01,-0.0006114090141050643,-0.0013833739416604202,0.0011739533395994418,-0.00048036766010540875,-0.0015821214566426513
2014-08-04,0.0014446120399364104,0.0009370504465739214,0.0001153949122628051,0.0013915904279755346,0.001511406377611478
2014-08-05,-0.0019400844425129231,-0.002562010694658695,9.518679075999348e-05,-0.0020473321311132737,-0.0009484003439615648
2014-08-06,6.487504003741348e-05,-0.0004823949730201633,0.00017520129123692695,-8.050423527370937e-05,0.0012663547443412541
2014-08-07,-0.0010791232229776023,-0.0016209847708862518,0.0009070326462371171,0.00010751647830982093,0.00039418090135047705
2014-08-08,0.002310389618525912,0.0011727901781520725,-0.0001724692287014983,0.0011802446592938875,-0.0009467203429922339
2014-08-11,0.0005794075190035037,0.0007657712168640328,-9.681261298809097e-05,0.0012542482506081713,0.00031612744322486586
2014-08-12,-0.0002788868322207932,-0.00015281740754794613,-0.00028795426087325793,-0.00031848455968072186,-0.001265480864705819
2014-08-13,0.0013527180389069358,0.0011297702189701244,0.000654180110021419,0.002898075548469411,-0.00016010759103955683
2014-08-14,0.00094353548857509,0.0010616640835546586,0.0004023030703647535,-0.00013094468694836394,-0.0023956235099313137
2014-08-15,-4.0205279639906295e-05,-0.00020918825866340007,0.0008054934324864402,-0.00020923538227809663,0.0008061276502910989
2014-08-18,0.0016726399475683322,0.0012985568008137811,-0.0006301191533650063,0.0019650390969094505,-0.001688300235987886
2014-08-19,0.001043355970438378,0.000481066908930026,-0.0002104796823593214,0.00041545467675937033,0.0004042046583892913
2014-08-20,0.0005343065948179253,-0.0006274181633853556,-0.0005936000960777061,0.0009061497702673479,0.0005649122565931414
2014-08-21,0.0005829587543672746,0.0008411105988092422,0.000422278458813236,-0.00030978605308015235,0.00048428449370737595
2014-08-22,-0.0003110114022874473,-0.0009594296917312488,1.879509262577222e-05,-0.0016021436002213807,-0.00032131569599026284
2014-08-25,0.0010135119446601018,0.0012929605504592714,0.0001532788860657091,-0.0004409815962558329,0.00032119469936358344
2014-08-26,0.00012966548304012534,2.961322054534348e-05,-3.864721899034534e-05,0.00039168946077770757,8.089158714458795e-05
2014-08-27,-8.053917653670471e-05,0.0003891423281919468,0.0005549683044577101,0.00012988698805531943,0.0003207060653907129
2014-08-28,-0.00010899468363000838,-0.0008938101520659988,0.00026786239525031664,-2.6385733123723786e-05,0.0001611451807342861
2014-08-29,0.0005692479862614215,-9.031176933329761e-05,1.8713711663064198e-05,0.0010675773558202178,0.0004002125447476245
2014-09-02,-9.896166040271891e-05,0.0003902295511774797,-0.0012789410784822702,2.571772517369646e-05,-0.0028852660651513483
2014-09-03,-0.00010983397972897963,0.0014080152355398872,0.00029015233703375367,0.0005179732703237969,0.0008105451179383449
2014-09-04,-0.0002886565897589044,-0.0009521267848042976,-0.0007110560072922188,-0.0007498646057394309,-0.0008061876723697173
2014-09-05,0.0008991893060904723,3.1244767642189385e-05,5.926882224343318e-05,0.002124159366750455,-0.0003248292285205239
2014-09-08,-0.0005167375493101132,-0.0021226985595098396,-0.00020830834503046902,-0.00020553557115935963,-0.0009710318362427801
2014-09-09,-0.0012654220790361001,-0.0005731903587204783,-0.0004627826874895204,-0.001231420706060214,-0.0016344950953958751
2014-09-10,0.0007512245601236106,0.0011482893547946596,-0.000502740149509476,-0.003155276808873255,-0.001400408959240501
2014-09-11,0.00023018254401534108,-0.0011124044704075428,-0.00024956042367601974,0.00015636602715181353,-0.0009932065130882726
2014-09-12,-0.0011673812209778579,-0.0002723890511521106,-0.0007565797545427143,-0.00615486804690121,-0.0015821225265777305
2014-09-15,-0.00015068152369996857,-0.0004244946296587355,0.00036950652437741554,-0.0009746422911123392,0.00025335666515478606
2014-09-16,0.0015099701806160365,0.0008588463486405534,-5.8244780135694516e-05,0.001957118309735996,0.0018392459620165474
2014-09-17,0.00026919643372097843,-0.0014242611739180672,-0.0005047714497299224,-5.275007801933537e-05,-0.0008310547472948844
2014-09-18,0.0010649624852059963,0.0015505831795637603,-0.00013695783927131024,-0.0017527038050499755,-0.001924473313539607
2014-09-19,-0.0001786689824631652,-0.0006946681251892143,0.0007600920061857235,0.0002447669474096027,-0.0005906029388545961
2014-09-22,-0.0015447700043635386,-0.0008790351315156413,0.00042658725866556745,-0.0015748518733080031,-0.001691955324460314
2014-09-23,-0.0011457863515716856,-0.001676722412368224,0.00042550013862233696,-0.0014489732417935686,-2.768143048958147e-07
2014-09-24,0.0015644351319113031,0.0010124990159161885,-0.0005613541513400946,-0.0005343683787921865,0.0008535501537455864
2014-09-25,-0.0032314495436208276,-0.0029412484014752723,0.0009681253406363958,-0.0008916418352761229,-0.0004235438689322882
2014-09-26,0.001586904040279979,0.0008363732323709158,-0.00042514480136646984,0.002695979996363261,-0.0003403651055238509
2014-09-29,-0.000358770421456407,-0.0018515685086280495,0.0006381666785480237,-0.0002755541724641296,0.0011864436446902271
2014-09-30,-0.0005253755143275979,-0.0001553085420843504,-0.00017383208194472524,-0.0009957774940754103,-0.003474895746731762
2014-10-01,-0.0027109534278206273,-0.0023762911128888398,0.001675175168281958,0.00016840483203906366,-0.0006887121300675713
2014-10-02,3.013004608722286e-05,-0.0021489218605556704,-0.0005932879496652223,-0.0003336991277128972,-0.000772528005492697
2014-10-03,0.002195856036845917,3.061952025573117e-07,-5.671574844619687e-05,0.0012515872011802042,-0.0019142022706546385
2014-10-06,-0.0002332135848401312,0.0012755672439621268,0.0003274990207124284,0.0005258275035241243,0.0025403928309744436
2014-10-07,-0.003091939443712193,-0.003400532225113467,0.0011678985880632352,-0.001573024023790864,-0.0007787088155230569
2014-10-08,0.0034958587610234492,0.003157402520048573,0.0007061029267193628,0.00433199997825539,-0.0007813355737927364
2014-10-09,-0.003960537199492831,-0.005388579861759196,-0.00034229980234599087,-7.549488600410105e-07,-0.0023544181783493306
2014-10-10,-0.0022817428318721356,-0.003010080231779341,0.0007801293578308505,0.00019059423116079595,-0.0007063812016398058
2014-10-13,-0.003295357799108529,-0.0002446883714908997,0.0010447023687886242,0.00019136069564515792,3.681010228305412e-06
2014-10-14,0.00031115289551909413,0.0005014462226056629,0.0003973018220378148,0.0032315146173517518,-0.003025384828527788
2014-10-15,-0.001339255611101388,-0.001190976964081207,0.00115350012805871,-0.0007761895006811574,-0.0025178747911397095
2014-10-16,-0.00014744565676307612,-0.0018287140657201031,-0.000520006341927386,0.00032789516179033675,0.0019847251990798647
2014-10-17,0.0023615020121208327,0.0037236162124164476,-0.0005839906359728947,0.0002419559964448787,0.0007205427852799722
2014-10-20,0.001943952183558676,0.0012535028563323291,0.0002831923083721418,0.0030460828579605636,-0.0014389461305747086
2014-10-21,0.003953103037034656,0.002390393751794352,-0.0005467429425957854,0.0018207845680345437,0.0016269996782970755
2014-10-22,-0.0014209776407878537,-0.0014598041798287295,-5.6590604204598915e-05,5.2050105122504775e-05,-0.002234188633568847
2014-10-23,0.002323187740864966,0.0019239870683589965,-0.0008335094343665423,0.0015419217382971852,0.002358731922030643
2014-10-24,0.0015378272825000503,0.0010974544259782638,0.00017057439146402138,-0.00015579692906814494,-0.001258435815309153
2014-10-27,-0.0002755694569239859,-0.001122575455941313,0.00020680177425322463,0.0014724101061234754,-0.000533481785603657
2014-10-28,0.0022931148841925536,0.003030508037621149,-0.0004935137446675302,0.0008834986056402846,0.001627501005491701
2014-10-29,-0.0003032947830725547,-0.0015266706892446873,-0.0006657519247817741,-0.001132268261031201,0.002329636127221608
2014-10-30,0.001282336806756908,0.0014451221248023892,0.00020982004989880855,0.001262161774689115,-0.0016876939926750028
2014-10-31,0.0022875209277985363,0.003686066469596843,-0.00032452089630740565,0.002511092677984349,-0.00024193908326514658
2014-11-03,0.00010924660173772079,-0.001722317868817926,-7.474357094469621e-05,0.0017427264588174398,-0.0017938380791210915
2014-11-04,-0.0006940046283731161,-0.0011350839299975662,-1.873499887695715e-05,0.0003242375500818232,-0.0028988908343231617
2014-11-05,0.0012640360327939677,0.0003804956584070877,5.748092715593018e-05,-0.00042500403765027617,0.0005670286747886553
2014-11-06,0.0007987346285019395,-0.0010772429901942768,-0.0006108413280570244,-0.0015304256257337643,0.00018494660247069043
2014-11-07,0.00018687793339644353,9.791326260007078e-05,0.0012803466445073695,-0.00025308619534616445,0.0009129317711844201
2014-11-10,0.0006297845771126054,0.0008903761965261189,-0.0008188486171570861,0.0016535383077477459,-0.0019044295497036728
2014-11-11,0.00019583043231164444,0.001201782102270447,1.8817119535782077e-05,-0.0007795704553034266,0.0010136130057359612
2014-11-12,-0.00021474701628099903,-0.0016969090192728272,-7.412350982887932e-05,-0.001509512794962374,-0.0006390485310568225
2014-11-13,0.00022520775144160808,0.00095190967461652,0.0003243673170781077,0.0010914031741943067,-0.0036823418448007576
2014-11-14,4.8589894553460974e-05,0.000291020528896005,0.0004191923683005722,-0.0016412258848086583,0.0021448180901522556
2014-11-17,0.00012611202335670345,-0.0007857051412059906,-0.00022645692923648403,0.0008892211935834394,-0.00082926870588293
2014-11-18,0.0011553358487071952,0.0021816930633910695,0.00022865995728004729,0.0008634129623312105,-0.0010230259323653922
2014-11-19,-0.00032122301722307354,-0.0005959149561381679,-0.0005331552511060475,-0.0017968372949107656,-0.0010158685499295028
2014-11-20,0.00035483762788741414,-0.0011881711209947134,0.0003641374169889714,0.0006623657310986057,0.0016827479729149286
2014-11-21,0.001071896308337653,0.0017427299775122668,0.00040199632540518013,0.0012452182578980482,0.00213801941273354
2014-11-24,0.0005608325586842309,0.0011587244475623204,0.00022909255011702677,0.0007063520729919944,-0.0017524877570217208
2014-11-25,-0.0001451024188406746,0.00034322085071095094,0.0004946162996507622,0.00035218530114162935,-0.0009208301978577329
2014-11-26,0.0005114711332625037,0.000777547771321447,0.0003407896100388706,0.0019344944066959332,-0.00046682076350014083
2014-11-28,-0.0004226165469383423,-0.0016122998952566587,0.0007722630637126321,0.0004966611859086906,-0.009236504857774401
2014-12-01,-0.0013922138043148634,-0.0001873640238750839,-0.0004868375580198993,-0.0004967150806426909,0.004125080940171427
2014-12-02,0.0012888014957341209,0.000561852330259188,-0.0008893748077697481,0.0012405507532708387,-0.004240975315916032
2014-12-03,0.0007709430749990508,-0.00024946093885218747,7.574284495178484e-05,-0.00019766124603101735,-0.0011773500433898611
2014-12-04,-0.00022146611995011792,-0.0006562085062374976,0.0007009538567955372,0.0005185819731372885,-0.0005905244407926417
2014-12-05,0.00032681503518865125,0.0004385877283520463,-0.001117621839222273,-0.0010131345389542408,-0.0004937993688912561
2014-12-08,-0.0013356735383027178,-0.0017527307643191807,0.0006631691020738966,0.0012621960048897454,-0.0034798282653648637
2014-12-09,-0.00012505713976847268,-0.0010700237085664059,0.0007401352081363346,0.0009246000060380631,0.001405295036092276
2014-12-10,-0.0032040272056837638,-0.0025353094076641346,0.0009034920421082728,-0.0001970526743479466,-0.003114134507254512
2014-12-11,0.0010120691260852325,-0.00025576460334860487,-0.0003389426775623727,0.00036782596195110315,-0.0018338798807692389
2014-12-12,-0.0032425554555045684,-0.0038627086556552908,0.0016340930819338157,-0.0017420304695865525,-0.0016432225908501756
2014-12-15,-0.0013673133858997945,-0.0033111298820814867,-0.0007296061623228851,-0.002587321000349122,-0.0032126712771227664
2014-12-16,-0.001606320195054362,0.0014305341115552,0.0010139644126735603,-0.0002756261728550429,-0.0011504776195172513
2014-12-17,0.003914154751138014,0.0023857787236096994,-0.001384064912374698,0.004590398058645299,0.001168664422726471
2014-12-18,0.004932630827992237,0.0035642081476487827,-0.001129769710240774,0.0013982583871742242,-0.0006125173464070523
2014-12-19,0.0008503880525446215,0.0002947284925057795,0.0007367736643225561,-9.769629746178278e-05,0.0029512501544427367
2014-12-22,0.0009185938194198564,0.0009712425164630938,-3.356793954948021e-07,0.0033345877449757126,-0.003659448674400754
2014-12-23,0.00027068894602309774,-0.0006461070351091933,-0.0016609338356038882,-0.0005555319484683201,0.002015171424899078
2014-12-24,1.9594196103248368e-05,0.0009044397856105849,0.00014467038829361247,-0.0008244294373350515,-0.002630844505124759
2014-12-26,0.0006449232936605497,0.000515413397065557,0.00026580120110906064,0.00071013025531559,-0.00021267755198487072
2014-12-29,0.00026856229974212855,-0.0014447018165101302,0.0006819917018148205,0.0010979075294397366,-0.001898818469454652
2014-12-30,-0.0010741342005951165,-0.0018484331205857493,0.00022733361791350183,-0.0001457632816442135,-0.00021516180880868312
2014-12-31,-0.0019806604993114936,-0.001234580252252772,0.0002262856984348064,-0.003355326881577427,-0.0015005206488558733
2015-01-02,-0.00010492742786268539,-0.0008519419539620832,0.0010192842060406772,0.0030022711678542795,-0.002391054711321322
2015-01-05,-0.0036146962574635792,-0.004739153531624147,0.00121379814485352,0.0010902066297130237,-0.0028513439826536547
2015-01-06,-0.0018821389513043497,-0.0022696182201961523,0.0013414173622696825,0.001983645749886797,-0.0018960007308247602
2015-01-07,0.0024873767847888926,0.0022194726923897446,-3.4380759469836405e-05,0.003064409006741397,-0.0012409793212110865
2015-01-08,0.0035389664048395076,0.0027013154480170034,-0.0008175292953631076,0.0007565718241341278,0.0007962894806410529
2015-01-09,-0.0015987315028256669,-0.0009670516933666433,0.0009857318305581697,9.382610680414931e-05,-0.00033761523656295834
2015-01-12,-0.0015633796967975762,-0.00046809373768184084,0.0007024511042919258,0.0015225261097083968,-0.004422025987145259
2015-01-13,-0.0005559634185158825,0.0010203660618839383,0.00018593206452510207,-0.00030370133934637514,-0.0008091750434461602
2015-01-14,-0.001197858060945293,-0.0005683861670164301,0.0009260177105725584,0.0017220442216072417,0.002212144198666847
2015-01-15,-0.0018363304187353107,0.0012814822063212045,0.001714246383075404,0.0004625949573844324,-0.0027379573813735704
2015-01-16,0.002629151180777861,0.0025990698862344676,-0.001478111044745693,0.001733750367449603,0.0038169217111455682
2015-01-20,0.000427075791755444,0.0006964156743110611,0.00045806400385931776,-0.0015718684171834732,-0.00273675864482962
2015-01-21,0.0010148852756193458,0.0015754096846052456,-0.0009518982806810517,-0.00013881621958680059,0.0012701607905013985
2015-01-22,0.002969983087145502,0.0007550426216411778,-0.0004966552413040106,0.003553015156837762,-0.00022693169628927118
2015-01-23,-0.0010970217026910311,-0.001135017649561668,0.0013052261025874338,-0.0005670791480657261,-0.001265491901019117
2015-01-26,0.0004698699941214422,0.002729859232342711,-0.0004588330643655608,0.0016838353043831021,-0.0006956622763282409
2015-01-27,-0.002641051245939131,0.00028893196795861704,0.00028111180120514505,6.761648714531725e-05,0.0010427725233742335
2015-01-28,-0.0025402461019425416,-0.0029873022501249015,0.0015396272904891482,-0.0013289961667315134,-0.002899125465128923
2015-01-29,0.0018505694604832425,0.0027312308793639756,-0.0007105305476307799,0.0007040373617899096,-0.0009393348399760953
2015-01-30,-0.002520468049461221,-0.003160482419029933,0.001750698077368705,-0.004116687537383595,0.004825401286784737
2015-02-02,0.002476807164666072,0.002413248822428536,-0.0002473090356889302,-0.0005336231307913448,0.002752483022173575
2015-02-03,0.002890373340728602,0.0031921231760033966,-0.0016949638619799775,0.0017446323239388292,0.0055276969490439705
2015-02-04,-0.0007615205625894899,-0.0016529435508345507,0.0003281597168353153,-0.0008265857317979022,-0.0044174104830831205
2015-02-05,0.0020167948754783423,0.00274866621683327,-0.0007324515928314985,0.00239853784308044,0.002710034864189637
2015-02-06,-0.0005487909958549197,-0.002501170558542417,-0.0022409189954690043,-0.005810580177177502,0.0005557718049536756
2015-02-09,-0.0008959085079599645,-0.0009553977815783159,-9.019483542872446e-05,-0.001408950237495806,0.001992184945205037
2015-02-10,0.0021269963613142835,0.0018301680060175568,-0.0005019352490887878,0.0006383023013706907,-0.002535708281097273
2015-02-11,0.00011541364061616728,-0.001082687414266846,-7.37442447573175e-05,-0.0005854367838933458,-0.0015596394401399245
2015-02-12,0.0019232409206171644,0.003103339815726869,7.449576788900193e-05,0.002391110383301121,0.003022522018824439
2015-02-13,0.0008249364019137309,0.0013245857150856577,-0.0006721693669820251,-0.0013323352370554656,0.002208401634018309
2015-02-17,0.0003145054411360562,0.00046987762450825967,-0.0014176052557646778,-0.0004937002366846694,0.00011067603173167173
2015-02-18,1.9492311289479127e-05,0.0011857164306678326,0.0009574398020426037,0.0018612522597456192,-0.002409098458393832
2015-02-19,-0.00014288521008926476,0.00024739811513609095,-0.0005046773465390533,-0.004279896143366186,-0.0006445749014697784
2015-02-20,0.0012043601107508451,0.0018701933920989857,-0.0001102515627385281,0.0019331431821276366,-0.0007726557203764783
2015-02-23,-2.8751373280665943e-05,-0.0007064187786994276,0.0009171799338665036,0.0016038250840069758,-0.001337652665690143
2015-02-24,0.0005685065765697317,0.0012352403926526728,0.0013285689655651405,-0.0039471511288120004,0.00011669430755801583
2015-02-25,-0.00017031400390597618,0.0001541236045502439,0.00018549167045008234,4.766743773188806e-05,0.0030155685642541162
2015-02-26,-0.00023642752687987902,-0.000552000877842844,-0.0011865054162909128,-0.0021734423140777376,-0.0016578300354781954
2015-02-27,-0.0006833643861520063,9.179378826644952e-05,0.0007084468778995576,0.0015708535939951127,0.002221748818253789
2015-03-02,0.0012610028879086602,0.00030685788172128773,-0.001489057935316289,0.0011489096549380069,-0.002870978426359574
2015-03-03,-0.0008216728423530804,-0.0012287620433683506,-0.0004312532601907768,-0.0003819033353631411,0.0012256385597610657
2015-03-04,-0.0008433910026246462,-0.0008017601063612898,0.00015096286913115784,-0.0019075544293755723,-0.0017780903316087055
2015-03-05,0.00021858895576505694,0.00046479661177766473,0.00011244404720810797,0.0005788861763939711,-0.0007837383961661365
2015-03-06,-0.0028087661670472518,-0.0027214507202834386,-0.0020452664149267605,-0.006663796572972536,-0.002468044479150851
2015-03-09,0.000829271447249957,0.00031412396925427984,0.0009283883880873844,0.0015911499942852614,-0.0005690877687699193
2015-03-10,-0.0032459283699354893,-0.004360661771813514,0.000848844050217347,-0.00015065798064755261,-0.002626908929520975
2015-03-11,-0.00046839451152573617,0.0005114236278213596,0.0003573382125939729,0.00017276983832354467,0.0010403480000182727
2015-03-12,0.0025461655585241145,0.0024872012155750865,0.00018602275350912116,0.0034858703694842755,-0.000919702504252255
2015-03-13,-0.001225545216478645,-0.0011643726821602832,-0.0002999175529566096,-0.00012155194789469125,-0.004050076485700067
2015-03-16,0.002670320124952649,0.0022472113830711237,0.0006940644754608204,0.0020610256872855242,-0.00023472930186302636
2015-03-17,-0.0005946872416076637,-0.0005011681869972178,0.0004109267556280438,-7.303838816892192e-05,-0.001418405472715929
2015-03-18,0.0024095695023411403,0.004270852860170485,0.0022890982751005754,0.004178442176268069,0.005493489005964349
2015-03-19,-0.0009106780960651871,-0.0023389651475157797,-0.0009394767247936867,-9.594070248523644e-05,-0.003359675763702424
2015-03-20,0.0017667235305948617,0.004411072629721947,0.0008160910472455447,0.005025206247139897,0.002708674415002301
2015-03-23,-0.0003906909991869926,0.0010042763209564477,0.00025838912819528266,-0.00025360283576459085,0.0023201435480625673
2015-03-24,-0.0011239829545607108,-0.000422605775982863,0.0006078836026892605,-0.0017028406597595033,-0.0016114305358136392
2015-03-25,-0.0029346959743684615,-0.0009397129501436067,-0.0008666254745318933,-0.0034498512793343693,0.0005789582758367463
2015-03-26,-0.0004757469735430379,-0.0017403440603101868,-0.001127287315353452,-0.0010465197285632393,0.0024249157283058086
2015-03-27,0.0004574427619929935,0.0005223488342366121,0.0007782878130197136,0.00026198006922236117,-0.004009740314224098
2015-03-30,0.002435214352881596,0.00012281764778210858,-1.9122570967220875e-05,0.002857924048950577,0.0010475104002193522
2015-03-31,-0.0017467540110337346,-0.0030990422171199784,0.0005139120829947603,-0.0017619551718740239,-0.002317512446818325
2015-04-01,-0.0007097454472984532,0.0014335906665271028,0.0009514203819425533,-0.00028610197254421614,0.003630132197982347
2015-04-02,0.000719564865099333,0.0017290956146073944,-0.0005704559692602702,0.0015179444153019797,-0.0010331070502283437
2015-04-06,0.0013670954145474877,0.002022557027451906,0.0002588222874681811,0.002074944246351983,0.0025401932300180958
2015-04-07,-0.000529401264273355,-0.0002727668168426808,0.00016621517005668842,-0.0035246459536853606,0.0010278491120172019
2015-04-08,0.000675458624762034,0.0008589501875864412,-0.00018506628365395238,0.00030875722025424464,-0.0038814097185735194
2015-04-09,0.0008852452883083581,0.0002721214332306613,-0.0008112181619522324,-0.0041561621432035295,-5.423301447531699e-08
2015-04-10,0.0010923003176037391,0.00039672410054313246,-5.609823178030285e-05,-0.00014291037564882018,0.00208236941527454
2015-04-13,-0.0009050285166048293,-0.0012696308197089486,0.00040656461899123906,-0.0005333765065926284,-0.0009140180822753719
2015-04-14,0.0003848154711794374,0.0014872914957659242,0.0005912318258392402,0.0007047357759653578,0.0009213566032238563
2015-04-15,0.0008974742188582383,0.0009046576307222986,0.00010973233662286333,-0.001500318147021989,0.004005544978492852
2015-04-16,-5.6669548912597697e-05,0.0005397603456794633,0.00014705991989734092,0.0005136109106224275,0.002131856151320415
2015-04-17,-0.0023025252585780814,-0.002514487369834991,0.0004018059069094795,-0.0009247606461105634,-0.00044394872255639373
2015-04-20,0.0018230692886237803,0.00021199158536018328,-0.00036752302141102657,0.00029456538232305635,-0.0008885273159918336
2015-04-21,-0.00023670839188796598,0.001785954805941979,-0.00042413334312831725,0.00034163058394957,-0.0014603711676834618
2015-04-22,0.0009819793395420054,0.0003901363568643479,-0.001162690867736496,0.000414298778859573,0.0006762398995246206
2015-04-23,0.000504436215793631,0.0007575258492575549,0.0006106010211593475,0.0005344483025463552,0.0024648087910032427
2015-04-24,0.00046373923658411977,0.0011627445005660184,0.0007018288466152566,0.0004121260468689353,-0.00011124404061352149
2015-04-27,-0.0008296650019040785,0.0009792633090780342,-0.0003135739301282654,-0.0002668866776897932,-4.211943885791417e-07
2015-04-28,0.0006350120540091041,0.0002370995554622333,-0.0009229553325599529,-0.0003879439230837239,0.0003327558109400793
2015-04-29,-0.0008231249376024353,-0.0017409108738479365,-0.0007410609253588219,-0.004041321532202093,0.0013233523587634893
2015-04-30,-0.0020039214259462285,-0.0021153352166860522,-5.603922679279797e-05,-0.0032484428563013734,0.0015365030656358048
2015-05-01,0.0021629635081104716,0.0022193465555112833,-0.0010952601190459667,0.0015107122493902764,-0.0002141385136388265
2015-05-04,0.0005689333837833602,-0.00020847462733370606,-0.00041203056573155885,0.00020090875990649536,-0.00010726272205279492
2015-05-05,-0.0022946444198670584,-0.0029877999734388623,-0.00033810422595794467,-0.004351736364166938,0.0016429157358664106
2015-05-06,-0.0008213544506863036,0.0005167840812149453,-0.0009799839879016906,-0.0003840021736662449,-3.2239920271979006e-07
2015-05-07,0.0007979519437660089,-0.0006626424405132851,0.0008488162328226426,0.003064790448196242,-0.003150789789869184
2015-05-08,0.0026322765244913395,0.0046166118745513,0.0007700364221815631,0.0027957292817049812,0.0011137184489515507
2015-05-11,-0.0009524492280616915,-0.0017456455146188724,-0.001968173773365613,-0.0030093891500262695,-0.0008760299460957731
2015-05-12,-0.000597837119691639,-0.00011971736590961919,0.00015067584991179176,0.0006152908254157834,0.0020857548569166847
2015-05-13,3.598077621051817e-05,0.001493702195745774,-0.0002676262990867225,-0.0019122134498243666,0.0002215667834753671
2015-05-14,0.00208524600046453,0.002396590998846811,0.0006832992884257943,0.003860141467781386,0.0011987637795287463
2015-05-15,0.00021647908088807282,0.00023628681293951122,0.0014307966253955524,0.00203659907178751,-9.779042182399611e-05
2015-05-18,0.0006193028991471388,-0.0006721699244805532,-0.0013498207818008299,-0.0005180775010441853,-0.0005422646147244139
2015-05-19,-6.511972711734517e-05,-0.0007627702444091271,-0.000886730108956191,-0.0006924829598865388,-0.004252394141337825
2015-05-20,-0.00014117498547145096,0.0003830816084057913,0.00043565162448212607,-0.00017368538980658109,-0.00044457994652862887
2015-05-21,0.0005845656492372124,0.0010584317108747227,0.0011906589759842808,-0.0009456041086208504,0.00244310330168827
2015-05-22,-0.00047796062860083315,-0.001286642943305568,-0.00045131244920764086,-0.00025012072681984904,-0.0022018398284655515
2015-05-26,-0.002147475014839973,-0.003597519673541999,0.001236980729096606,-0.0015188499972773304,-0.0039028068311615103
2015-05-27,0.0018939745071724437,0.001944313535914539,-0.00011231813940451856,0.001958180478898672,-0.0027302751027084224
2015-05-28,-0.00022572306686843298,-0.00035396530961250407,0.00018675812693807182,-0.000398767791236484,0.0010335763779901566
2015-05-29,-0.0012418313660951417,-0.0019358188746577973,0.00011271543436974278,-0.0022992826001993778,0.0025139829589212745
2015-06-01,0.0004078459112330778,-0.0005394772934397522,-0.0008840955517140478,0.002447972309893399,-0.00045253112114001625
2015-06-02,-0.00019794672046682984,0.0009313932996677128,-0.0013950042064304951,-0.0018518123125420374,0.002368775511966122
2015-06-03,0.0005297549950516897,0.0011062401623195951,-0.0017086651892067783,-0.002877544397540043,-0.0025793940692769575
2015-06-04,-0.0016904680706631278,-0.002148061203908027,0.0009713700789989138,-0.0003835047929649353,-0.0018152577442569352
2015-06-05,-0.0003419145045031684,-0.0023768206882049236,-0.001445755400486523,-0.0022273926058992625,0.0009165100495468778
2015-06-08,-0.0012306202057812436,-0.0002744176964206276,0.000287683264521555,-0.0003628080075115103,0.00011390638948619279
2015-06-09,-2.8954372796596667e-05,-0.0010994793493213438,-0.0006516871967721815,-0.0014572434743928084,0.003180877106561649
2015-06-10,0.0024000767921332033,0.004191746744588814,-0.0007715247657680735,0.0014199653343332087,0.0007899378340830992
2015-06-11,0.0006446975485418763,0.0005410381138590962,0.0015794773511874649,0.001220666630183622,-0.0017923144951295135
2015-06-12,-0.0015310588024432955,-0.0015863416072027844,-0.0001158119329056665,-0.0001815651891145365,-0.0020250330353609384
2015-06-15,-0.0008563954812590611,-0.001199105780661521,0.000482486837434421,-0.0010819644402661715,-0.0009088530038495798
2015-06-16,0.001090638186124672,-5.693029480097077e-05,0.0007620618371267491,0.0016074071001916737,0.0005706469202363614
2015-06-17,0.0003233658863328054,-0.0004550336380166631,0.00011500146692996314,0.001701071989483156,0.0005829767036553744
2015-06-18,0.002077316363111684,0.0017962667044880381,-0.00015193488506251527,0.002760989449053287,4.4132771731097795e-07
2015-06-19,-0.0008877429309694405,-0.00048315152442782893,0.0010625498444199347,-0.0015331444084447248,-0.0018149953371121757
2015-06-22,0.00102448427536533,0.0037843959764947616,-0.001689813542865845,-0.0020635816780428936,0.0006962262617670357
2015-06-23,0.0001415605388784843,0.0005339729714133624,-0.0006103588656787117,-0.0016700149135872424,0.0023995481295895223
2015-06-24,-0.0014523931577307043,-0.0017215265556074675,0.0005919046459762141,-0.0010843181860283573,-0.0013558465881298035
2015-06-25,-0.0006058876635153097,-8.533365201654617e-05,-0.0004961671773488467,-0.00202738659619772,0.00022895393710780276
2015-06-26,-3.7597158108937393e-05,-9.097216374380571e-05,-0.0009572928602266165,0.0014404074470930452,0.0009072404608493893
2015-06-29,-0.004201031280555573,-0.006177574816559557,0.002311256756359275,-0.0031046641623478136,-0.0009037884664175692
2015-06-30,0.00042424486652081474,-0.0007070571040943104,-0.0005487445929406495,-7.945098797357606e-05,0.004319733401269029
2015-07-01,0.0016043344893983977,0.0013018324009984746,-0.0010467334538088802,0.0033139811166916703,-0.002453154115836235
2015-07-02,-0.00018380646697623598,0.0002501133821505182,0.0007094387107115702,0.0005034593414036732,-0.0003391243356172658
2015-07-06,-0.0005718831960979938,-0.004031659589292976,0.0014145373404137814,0.0012492241490811885,-0.006561390295780306
2015-07-07,0.001256001843973886,7.322376396131496e-05,0.0005337321906780226,0.0031213258850396838,-0.0011648686161700628
2015-07-08,-0.0033590548409550194,-0.004672261256393452,0.0007910783009777667,-0.000771666515624332,-0.0009362159286849939
2015-07-09,0.00036810887629986705,0.0033141337096433397,-0.001401616746571263,-0.000965305267084452,0.002354157414077227
2015-07-10,0.0025174498854112983,0.0065434104130572554,-0.0013880032384507165,0.0016628185452837582,0.0009329445100801335
2015-07-13,0.002202267182994813,0.0007460132819973412,-0.0005338332383326901,0.0002827178695792297,0.0001166843724805364
2015-07-14,0.0008679670268905605,0.0016698899167577159,0.0006321466474805379,0.00041066883473892343,-0.0006913308664203131
2015-07-15,-6.642490206065252e-05,-0.0007377236607179,0.0007624770993578431,0.0003330948648475739,-0.002327546171868098
2015-07-16,0.0016035852126056911,0.0017277330851536235,-7.38874667670666e-05,0.0016140913369728494,-0.0009411241305104582
2015-07-17,0.00016911161149864106,-0.000336552828760142,1.8698360970136827e-05,-0.00071094182430367,-0.001063613411578836
2015-07-20,0.00010348283097831041,0.0005205828471262525,-0.000399997166615038,0.00022917947437549053,-0.0032152169709906836
2015-07-21,-0.0007907798101539955,-0.0005806626963069291,0.0005535541552456229,-0.0005591821020107659,0.0008430708316087861
2015-07-22,-0.0003594950868355674,-0.0015293686719424777,0.0002456701128794457,0.000863144486552837,-0.0028885794566452846
2015-07-23,-0.0011264029203004898,-0.0005245687903597282,0.0008186032665013413,-0.002493951571614918,-0.0017001116144146808
2015-07-24,-0.002071451672373031,-0.0022008480067308702,0.00018867943039015242,0.0008475154816470835,-0.0016011462251032261
2015-07-27,-0.0011641541188838823,-0.001470594225465514,0.0006612043619746913,0.00035682119358174027,-0.0038551331955512594
2015-07-28,0.00245338895470724,0.002517792668442598,-0.0005663311231423457,0.00012741583444764415,0.001640490706165934
2015-07-29,0.0013734036847525954,0.0007157883964450573,-0.00028392066129121293,0.0013034300661986912,0.0006270561365644788
2015-07-30,4.7493218967150395e-05,-0.00015474796659689533,0.00022583433266193666,-0.000990520882003788,-0.0007494345923465519
2015-07-31,-0.00030672154264675607,0.0011813868950669925,0.001171272231563229,0.0015810033365416534,-0.002763876253841525
2015-08-03,-0.00067463464490929,-0.0005238466949316847,0.000608100180002118,0.0012366754437976148,-0.0033177591183573773
2015-08-04,-0.00039233463997911776,0.00015423323945025326,-0.0010351348070116602,-0.0014580831390349556,0.0011630150677259077
2015-08-05,0.0006592680393228979,0.0010509770280781032,-0.0007756170043102251,-0.0013206308311682622,-0.000771629360985005
2015-08-06,-0.0016349502193702624,-0.0008317205356788194,0.0006992280366368189,0.00028004131049277816,-0.0001266971521509136
2015-08-07,-0.00038425413322449323,-0.00036934770750994805,0.0007897783836687463,0.0007377489485258194,-0.0007753063529483189
2015-08-10,0.0025142289568066524,0.0024448958997903545,-0.0008291883416306379,-0.0006341543254012916,0.004270547419141141
2015-08-11,-0.0018058764336167435,-0.003061731489638625,0.0013166406161257628,0.001316484281853632,-0.0026678891123642482
2015-08-12,0.0002451429461450076,-0.0014167844751329342,-7.407153123217677e-05,0.0006314093293489286,-0.0006320728732357776
2015-08-13,-0.0002496813402680101,-0.0001260646356840674,-0.000525777403889862,0.00022619941119902395,-0.0009043821352118434
2015-08-14,0.0007264104539251407,0.0003132661182124028,-0.00020776183192102178,0.0010832343889645277,-0.0012971268745013184
2015-08-17,0.0011208162181772494,-0.0003663581203932175,0.00035804141232688474,0.001699661809506993,-0.0007792441842068639
2015-08-18,-0.0005795023301870798,-0.0015041952493538035,-0.00032019472030412027,0.000543866129161585,-0.0010478611244203948
2015-08-19,-0.0015823832686524153,-0.0017681880798062367,0.0012208745105326583,-0.0011893808301698435,-0.002228116338453515
2015-08-20,-0.00419117016201756,-0.004860541679751802,0.0005410670993805792,-0.001471769170175182,0.000547281905728797
2015-08-21,-0.006044849667195448,-0.004558984094384223,0.0007981882412021646,-0.003716549550728589,-0.003324084454807008
2015-08-24,-0.008374799169938066,-0.006887416863225378,0.00037797223630581245,-0.009375499182248403,-0.00499849075622544
2015-08-25,-0.002262364451839616,0.002053637516151208,-0.0011039728537050925,-0.005558154869254897,0.0008212636773078626
2015-08-26,0.007638474608576191,0.004720853373146336,-0.0012367813318397089,0.005409066409467443,-0.0012519830856879582
2015-08-27,0.004934052102683845,0.002445988393163545,-0.000112048062015862,0.0038658312730367617,0.0071919317519728845
2015-08-28,1.2051526968510183e-05,-0.0002919903465019655,4.021583741180812e-05,-0.0002904690774973884,0.005201309707375616
2015-08-31,-0.0016172416827946363,-0.0014907916264291173,-0.0003305929806919993,-0.00455957558547929,0.0048766235621425045
2015-09-01,-0.0059824650656782954,-0.006718733003272348,0.000891349973053555,-0.0038019835630514333,-0.006622275206712587
2015-09-02,0.003791491965401821,0.0029695201439396686,-0.0005459415454355727,0.002067411884875961,0.0017156233862496006
2015-09-03,0.0001439582219904168,0.0004759369633350804,0.0004885917364303387,0.0005450891921178234,0.0013079595338760985
2015-09-04,-0.0030291182004483683,-0.004584452960476174,0.0006154846397402674,-0.0037175928295454627,-0.0024638636009559657
2015-09-08,0.005013898240569642,0.005852872207392911,-0.0008805345375895799,0.00302016224882443,0.0014519149382117699
2015-09-09,-0.0026590890285679413,-0.0007731319537880552,8.267210886211889e-05,-0.002285786893243789,-0.002625505667562592
2015-09-10,0.0010891817711941175,0.0013190117322110805,-0.0004508480734381989,0.00044236381509581195,0.0017175737690178516
2015-09-11,0.0009072969570626183,-2.8550552596954804e-05,0.0005256437669986976,0.0038160419872106605,-0.0002554735259061417
2015-09-14,-0.0007396739214485951,-0.001513757829150065,0.0001878029471319373,0.00010790665110462323,-0.0025014059484197264
2015-09-15,0.0024934931021799575,0.001358828745487667,-0.0015779388910902648,0.001970607168613616,0.0006639665518676499
2015-09-16,0.0017347563395397599,0.0030566108303282844,-5.7121030277839254e-05,0.002148090989104158,0.003305221349170312
2015-09-17,-0.00044939498829877364,0.00010437253331182165,0.001660450544139526,0.0022693293192768784,-0.001305047253843403
2015-09-18,-0.003270123392309551,-0.005018440113383548,0.0009317805629815871,-0.0003427479040342104,-0.0030164422731761595
2015-09-21,0.0010332158786181306,-0.00010123981141233355,-0.0011408010463487656,0.0017056907071414343,0.0022616538834485493
2015-09-22,-0.0025960012522974686,-0.004764303839170969,0.000990475723640682,-0.002517217107445274,-0.0011810096736945591
2015-09-23,-0.0003206035267459337,-0.0009422815941769028,-0.0002245673131363732,0.0012539941420395793,-0.0015786603810957055
2015-09-24,-0.0007202420747939314,-0.0005548324890947808,0.0003023986082535332,-0.0018731557679217753,0.001202362725152485
2015-09-25,-4.5913382037839514e-05,0.0017667664372920033,-0.0005223404314420201,0.0007999142820055928,0.0011963597542460449
2015-09-28,-0.005022587966737777,-0.0039403756936991444,0.0011356728871093381,-0.0031015512529478074,-0.0027769690535311867
2015-09-29,0.00011702348275516395,-0.00028230410933257363,0.0006887053063882782,0.0021268922403964797,0.001337919272543528
2015-09-30,0.0037248869166970774,0.0037985964404781275,4.075941509022893e-05,0.001681919828573837,0.001467689026271075
2015-10-01,0.0005219446990396307,0.000629013146641183,0.00015543307243218144,0.0009816317007518421,-0.0012973462027008223
2015-10-02,0.003039542877710923,0.0034155027273695846,0.0009736241943512983,0.0014434550492231333,0.0013464854907834143
2015-10-05,0.0035569567592750777,0.003958100082541087,-0.0011144439770670528,0.003379991044953247,0.002637690221087401
2015-10-06,-0.0006862630042163943,0.0002348474524268807,0.00040930369588171436,-0.0004632147128095848,0.0038958825991667594
2015-10-07,0.0016380556324889514,0.0025101304233393776,-0.0005009748436964108,0.002296644680636339,-0.00037618337941215836
2015-10-08,0.0018049073483179584,0.001599680412005624,-0.0005183710512646919,0.0016792915694953474,0.0008973151740003916
2015-10-09,0.00011908328402736484,0.00036087624227758996,0.00011188794739898319,-0.0003294894696729458,0.0008943302679718466
2015-10-12,0.00018863484353856565,-0.000393360665811895,0.0006697044360855718,0.0014164921486693775,-0.003169183351351842
2015-10-13,-0.0012600212403663716,-0.002527005055573233,0.00018473508082373778,-0.0015569021352013904,-0.001289242341915964
2015-10-14,-0.000961045287447759,0.0003989935546979559,0.0010929655597451359,-0.001494870158898352,0.000519140573414252
2015-10-15,0.003064163153145272,0.0034044344767071607,-0.0006833266741780718,0.0027318287929963057,-0.0005140626003187855
2015-10-16,0.0009085602669547273,-0.00016298517119927975,-0.00016654801211756398,0.0015115737900661098,0.0001301428068612616
2015-10-19,9.788990206354198e-05,-0.0006857707355465146,-9.250466599475977e-05,0.0027882859764225146,-0.00364226720689818
2015-10-20,-0.0002558208785074839,-0.0008191376593118984,-0.0006855566356712505,-7.448690773921042e-05,0.000395464994246471
2015-10-21,-0.0012384285734870105,-9.244617924900881e-05,0.0006873300565477588,-0.0007391001741396104,-0.0017170234707228778
2015-10-22,0.0033755321117449,0.002236353513299898,0.00020389423382442056,0.0017602415434379512,0.0006670676308100676
2015-10-23,0.0021897837538983464,0.0019832997786894623,-0.0011308663743415722,-0.0019418998873731216,-0.0011953203832203731
2015-10-26,-0.0004918782539250804,-0.0007419951202869858,0.0005203936701848751,-4.968831244081657e-05,-0.0005337440713049915
2015-10-27,-0.0003863881158769547,-0.0017484710991844503,0.0005003332228896652,-7.468436530036741e-05,-0.0009362519524387609
2015-10-28,0.0022740112997454535,0.0013036088800005999,-0.0010391116496285774,0.00017335069193130868,0.0033546245687254873
2015-10-29,-0.00011638267335632613,-0.001453400647170618,-0.0012272802359663288,-0.0002738958338262202,-0.0011892140125916802
2015-10-30,-0.0008623681836102779,-0.00042551948789054764,0.000392686743222688,-0.0018376162824739316,0.001990774321975658
2015-11-02,0.0023620650689642826,0.0018930041481418237,-0.0005756445041991907,0.0042471487282347105,-0.001052132998647041
2015-11-03,0.0005803404325980011,-5.881035777542148e-05,-0.0005260839916408016,-0.002012583337465759,0.0035532277460626448
2015-11-04,-0.0006060866696501301,-0.001102720077673753,-0.00020751678010128645,-0.0008917367276405416,-0.0033832083375255
2015-11-05,-0.00019982585169795453,-0.0003572751133928872,-0.00013217525313109231,0.0007946579626754754,-0.001589309497625065
2015-11-06,-0.00010716766997760857,-0.0009158344642876883,-0.0013579051322658978,-0.0062462288609255855,-0.0011999886024735926
2015-11-09,-0.001866761838027005,-0.002070587378370818,-0.0003430688562275851,-0.003432531249488844,-0.001739924318528181
2015-11-10,0.0004613737005532897,-0.00013143815489792334,0.000378706170426584,0.0022847311409297244,-0.000406737829651562
2015-11-11,-0.0007886364322466968,0.0010316979622016186,-9.572387293299902e-05,0.0002307781414433403,-0.002029822611771192
2015-11-12,-0.0027934066175615245,-0.0026119604176568435,0.00011194095149421712,-0.0013604839048226313,-0.0028796839146301937
2015-11-13,-0.0022491727270377813,-0.0016763721152919,0.0007567684525256035,-0.0022736123840059203,-0.0015283201408107109
2015-11-16,0.003040557505664733,0.002524293981387358,0.0002635828039336359,0.0023045196948505956,0.0009840628795238899
2015-11-17,-0.0001454905143082844,0.0005334640106289596,-5.699303259964674e-05,-5.498092468071348e-07,-0.003075378548224505
2015-11-18,0.0031709859700434426,0.0018251815663669368,-9.522302126444381e-05,0.0017596819831408356,0.0008483038113026808
2015-11-19,-0.00017354208574197868,0.0010202062527250035,0.00043372659416203625,0.0006145704113077132,-7.758992609568377e-07
2015-11-20,0.0007280682439560493,-0.00046009802651896117,-0.0002662117552807422,0.002500558064778369,-0.00028256288833555625
2015-11-23,-0.0002302307761833253,-0.0012501041400471296,0.0002632035321886392,0.00042755681595499194,0.0015515337525106425
2015-11-24,0.0002733829185472768,4.1129580030486923e-05,0.00018706698094809568,-0.0010596857142029237,0.003210166340707314
2015-11-25,-2.9982854378361376e-05,0.00046029879924384465,0.00011139137606125332,0.0008077186612731633,-0.00026763884228126194
2015-11-27,0.00022755090119972246,3.201292988487007e-05,0.00020539345144140547,0.0017366706877155256,-0.003045229130113982
2015-11-30,-0.0008329660675856645,-0.00016662099395860797,7.363597773397813e-05,-0.0014731410244561607,-0.001260445396981623
2015-12-01,0.0019061424910513283,0.002106634845258238,0.0010660899628001303,0.0027761227103514914,0.002250615805285084
2015-12-02,-0.0020345712354347036,-0.0021228611265513885,-0.0005632983589557318,-0.004071050501776036,-0.004197287252076198
2015-12-03,-0.0028007713286569433,-0.00095021023736677,-0.0021118849929841984,-0.003154282901420946,0.002270918189508783
2015-12-04,0.0038950189804064007,0.0016278609063361583,0.0007372139539660882,0.003805234592355675,-0.000281750637462382
2015-12-07,-0.001212299466948504,-0.0012845242154385084,0.0006377759619242555,-0.0005582484097635082,-0.005810849452504223
2015-12-08,-0.0013454118622811084,-0.002942818334525566,0.00011406928088200972,-0.0001816693155051261,-0.001017814609050029
2015-12-09,-0.0015607983519480713,-0.0009080433885653689,0.0002992786395133594,-0.001120376528112655,0.00014811829529698316
2015-12-10,0.0005144633732816299,3.4807924351235115e-05,-0.0004347161305578386,-0.001429788037920497,-0.0007317135960815702
2015-12-11,-0.003888717278552798,-0.0038228471823447225,0.0015936937423556207,-0.00036213197217849636,-0.0020456406240518684
2015-12-14,0.0010063904165896896,0.00031014658288628174,-0.0014814693860906673,0.0009228037903530395,-0.0013283863918041908
2015-12-15,0.002095544293110086,0.0009939955881438124,-0.000509186248378572,0.0021760104093726937,-0.0004492896137323416
2015-12-16,0.002918888653986276,0.004014097818848179,-0.000532049718073055,0.003900215374763898,-0.0008987467944548555
2015-12-17,-0.0030427262226322993,-0.00254881749925947,0.0008305040097095591,-0.0009950234819947588,-0.002104714821149964
2015-12-18,-0.003574160412231062,-0.002109054173327435,0.0007140019348456609,-0.002326905524349027,0.0009057193489980565
2015-12-21,0.001646868000171448,0.0009346505246129667,9.257247945857119e-05,0.0007823920711931595,-0.0009057172177312324
2015-12-22,0.0018103110315423338,0.001511597891820478,-0.0005662116431611387,0.0008042913123703033,-0.0009114540960470622
2015-12-23,0.0024735849553850662,0.0033388229016750705,-0.0004534141915162348,0.0020574788996232107,0.00364100628710433
2015-12-24,-0.00033172160193380065,-0.0003358948514718734,0.0003647319510273537,-1.1878663560528744e-06,2.321858561600342e-06
2015-12-28,-0.0004589456012149983,-0.0004729335505687562,3.5460002076272025e-05,0.0011047784706902106,-0.0028452515677219914
2015-12-29,0.0021319122572813097,0.0019873212637859087,-0.0010645673213833297,0.002133425812450641,0.0033259148363985105
2015-12-30,-0.0014174264796670197,-0.001204503668878755,7.347701678583021e-05,-0.0006945407528848328,-0.0019411829027792616
2015-12-31,-0.002003258344936561,-0.0026947189021924787,0.0002265094584940193,-0.0017382099989607341,0.0010569038885732186
2016-01-04,-0.0027927570153996524,-0.003067653417903689,0.0008509016985662268,-0.0024116521200088408,-0.001474327888434732
2016-01-05,0.000336641161476481,-0.00031288452024728994,-5.8210435592452584e-05,0.003853737254884009,-0.0019658354067798238
2016-01-06,-0.0025227764871875763,-0.0032845532216620754,0.0011996371761675507,-0.000552076790338585,-0.0032020661693570054
2016-01-07,-0.004808280243564798,-0.004161512280206421,0.0004267902578923001,-0.0038993404856249815,-0.0009320119844050235
2016-01-08,-0.002189651141262069,-0.00240378200927114,0.0005066256631714355,-0.002664391132581106,-0.0009381369602926527
2016-01-11,0.00019975952739408607,0.0008490729657412487,-0.0006363994237145241,0.0011351745384248725,-0.00550327152636534
2016-01-12,0.0016123129474248604,0.0009431737065310324,0.0009025047470288236,-0.0013370871509466584,-0.0012881991941225343
2016-01-13,-0.004985720470857091,-0.003089889093066403,0.0007844466153799703,-0.0028710882896591165,-0.0011337446850902787
2016-01-14,0.003272661601816767,0.0025576539939220137,-0.0004107974995023411,-0.00047453823608203965,0.0004896574923869805
2016-01-15,-0.0042840081213912215,-0.007253505726002507,0.0009346363370707807,-0.0013734991447604983,-0.004219060874345491
2016-01-19,0.00027337938481827536,0.001854799881682136,-0.00026142028967579767,0.0010566667797090462,-0.0016696362268462967
2016-01-20,-0.002561696912000417,-0.004546916152161778,0.0009796860524379101,-0.005375385552782822,-0.001506149537450298
2016-01-21,0.0011160919479105324,0.0014904047975488805,-0.0004992682987984499,0.0011056150832167986,0.0027206557721939965
2016-01-22,0.004098478488656968,0.0058820680814679815,-0.0004435282500715933,0.0055813413401567275,0.005964384271338909
2016-01-25,-0.003023569282535123,-0.0026867205840072905,0.0006631816374631028,-0.001257372338766528,-0.004371560058722327
2016-01-26,0.0027273886082726582,0.0035677986976733788,0.0001457613615592066,0.004186377504398757,0.003944297565268069
2016-01-27,-0.0021820274722792,-0.0012825428970361398,0.00014492528727082539,-0.0038719007894755983,0.0024190172779546544
2016-01-28,0.0010406795310179246,0.0005875888568172847,0.00026020747898426743,-0.0015342576363253778,0.00224057397514634
2016-01-29,0.00487178489972008,0.0035198412302453225,0.0010666636318927298,0.004101969358675766,0.001893768205175307
2016-02-01,-7.572809262657995e-05,-0.00021687871506746755,-0.0004627985233022578,0.0003339122028412753,-0.0037663222684590266
2016-02-02,-0.003607736092873566,-0.004669001428009774,0.001407298377481637,-0.0018153102065989752,-0.003509081036191289
2016-02-03,0.0011964178659986144,0.001660278072880578,-0.00022246767329859001,0.0013322574369053826,0.005011934859111096
2016-02-04,0.0003138508731351056,0.00026340502458658524,0.0004727175980268487,0.0001017053469652023,-0.0003045167652955504
2016-02-05,-0.00381357345347734,-0.0030800297321132513,0.00025250901382652363,-0.0037936237065324,-0.0012708425816592333
2016-02-08,-0.0026975894638192775,-0.0037253303936677327,0.0014844137189003086,-0.005729537573844781,-0.0009422295024507467
2016-02-09,1.182042680959286e-05,-0.0022885876584456954,4.062325578343646e-05,-0.0036844430508360306,-0.00512950630954445
2016-02-10,-0.00017219724651564087,-0.00023189955321846917,0.0005960763126311737,0.001385824210146638,0.0003282239168151641
2016-02-11,-0.0025993018400916074,-0.0029190133430460384,0.0009244916472251245,-0.002844484442197355,0.0024439347227961676
2016-02-12,0.0041085836216404195,0.0035063666389633192,-0.001534413345152561,0.0022899610255256394,0.0029196967195498553
2016-02-16,0.0033692680429279545,0.004047003385098195,-0.0006020509772383669,0.003677352168110903,-0.002254269665469245
2016-02-17,0.003257870763520517,0.003438660429500722,-0.0004929555695767716,0.0017130028377104907,0.004203591301420297
2016-02-18,-0.0008227805221255696,-0.0010316640747448764,0.0009288536120307631,0.002018729896656935,-0.0011034472791502407
2016-02-19,-9.598832028138283e-05,-0.00022097045924637906,-3.279467332964817e-06,0.0011419088264626779,-0.0017563925592342744
2016-02-22,0.0028904238866783493,0.002259501841702147,-0.00020223261560708858,0.0019060350559443305,0.00304831440506116
2016-02-23,-0.0025292181346353764,-0.003272556278003631,0.0003951254471079583,-0.0005271572044923269,-0.002695311161683959
2016-02-24,0.0009181876520199403,-0.0006852198241654975,4.640755140419168e-06,-0.00024128035546840213,0.002567920992415972
2016-02-25,0.002419008482383691,0.0023879042759233377,0.0005941803511631025,0.00407694855935315,-0.00015761000506498717
2016-02-26,-0.0004602724601080852,-0.0005177395321455524,-0.0009760862560747983,-0.0010402268701206498,-0.00029113819492125186
2016-02-29,-0.0015717811400654084,-0.001191045652111965,0.00032361384651349845,-0.0007828607419030711,0.0025314180490284646
2016-03-01,0.004689589936883103,0.005195162731872555,-0.0015722253589717248,0.005649144985725438,0.00015539315485504183
2016-03-02,0.0008953066594923362,0.0013757044314599235,-0.00034967185736165923,0.001446086467992204,0.0010945778773793103
2016-03-03,0.0007823851511857573,0.001942595812886105,0.00023551292852591843,0.0010546598859392001,0.0010936815033548955
2016-03-04,0.0006487920952167027,0.0014627528707166493,-0.0006793148359047372,2.365421677186507e-05,0.0038651780717691834
2016-03-07,0.00015917852873708284,-0.00023938643697568368,-0.0004055953989715275,0.0005253933978787896,0.0036252409736546635
2016-03-08,-0.0021909011696239974,-0.0019600031310198756,0.0011543467564145168,-0.0020505511926765443,-0.0026877041507704777
2016-03-09,0.0009853664936348746,0.0007512094967211674,-0.0007890292973398246,0.0011079769579602514,0.0030193208482693834
2016-03-10,0.0001583094772185017,-0.00031362305097294523,-0.0007191868325832067,-0.0007212479044754835,-0.00029403330580463674
2016-03-11,0.0032253779330150287,0.005209899093094038,-0.0005787702663499768,0.0044779002655892155,0.0007434549340255615
2016-03-14,-0.0002589218215950161,-0.0004213117015178596,0.00014509429416009948,2.1527695450135846e-05,-0.0017904197479686522
2016-03-15,-0.0003279413581052632,-0.0018901197347097436,-3.691088028933471e-05,9.531252931280199e-05,-0.0016547465632412994
2016-03-16,0.0011555958392690934,0.001779018203244045,0.0010470871330129487,0.002411201489689549,0.003464911557480611
2016-03-17,0.0012694232082147822,0.0015389248416200476,0.00021786308434176661,0.002819760336138663,0.0022250711201295494
2016-03-18,0.0007832723373253732,-0.00034984694446648057,0.0003458620410216622,-0.0008653760013058651,-0.00014854534404973465
2016-03-21,0.0002812028180984149,-0.00031541996650520253,-0.0005696847638549127,-0.0018075157289154853,0.0005858140807809735
2016-03-22,-0.0001085871223066735,-0.00034421657772520817,-0.0004202310438852675,-2.680905795413108e-06,0.0014628812960967327
2016-03-23,-0.0013212019224146392,-0.00202512685436592,0.0009133160283260444,-0.001080645623679027,-0.00424610803309112
2016-03-24,-9.160308284108201e-05,-0.0013353065330395544,-0.0001996976324085824,6.94237232055412e-05,-0.0011817983312320255
2016-03-28,0.00011599105961007205,0.0012050058710156967,0.00029069901319776596,0.0018053350986423,0.0005979798899181855
2016-03-29,0.0018475275970371223,0.0021566374746513454,0.0013468171423824476,0.004315860887490546,-0.0004400167088460612
2016-03-30,0.0008762774500868898,0.0014999504171150024,-0.000273271756832718,-0.000386760733729379,-0.0007451714035281771
2016-03-31,-0.0004869487330458874,-0.0019804930995966155,0.0007248029891671009,0.001221788954697517,-0.00030219615284853186
2016-04-01,0.0013522008981999938,-0.0021137812830458198,-5.976380106954583e-05,-0.00026605650122765154,-0.0034649707011402404
2016-04-04,-0.0006496876568851363,-0.0004240245630620826,0.00023409983665437342,-0.0002874368140755861,-0.0027675636096782634
2016-04-05,-0.0020005630012141454,-0.003941083263371804,0.0007952040620509062,-0.0013177498918796248,-0.00046740554296183104
2016-04-06,0.002183791304438693,0.003244726349695836,-0.0004359145073446608,0.00048009649017472,0.0021768848107887235
2016-04-07,-0.002398575198559146,-0.0029255875702698633,0.0010270204596030542,-0.0012509218240082064,-0.0006176286905155221
2016-04-08,0.0005350899838689056,0.003826098947655555,-0.00030739774402367806,0.0011105075278082977,0.00477505825767847
2016-04-11,-0.00046974114076442076,0.00010920238937910523,-3.610506857569764e-05,-0.0004112088859449225,0.0015065694071381374
2016-04-12,0.001865013707035517,0.002965958268646116,-0.0007975173520468065,0.001445616814816648,0.004324432245676198
2016-04-13,0.002017696849167354,0.00316894262596899,0.0001453220689450519,-0.0008897902958523062,0.0010250072720111394
2016-04-14,7.806222110304678e-06,0.0006521920509878161,-0.00047274860827120326,-0.001108395544459925,-0.0016070622508814834
2016-04-15,-0.00022261888910152038,-0.0004465602127239185,0.0005960650299700846,0.0014926350922263515,-0.0007294261378239005
2016-04-18,0.0013992356201699213,0.0017103264164254192,-0.00020080729633432085,0.0009558772024030448,0.0009078172015299238
2016-04-19,0.00062956495360481,0.0034631038474198,-0.0003284278272902641,9.209345928626146e-05,0.004246626876644463
2016-04-20,0.00018853981243242414,0.00016524500381975642,-0.0010165155772581666,-0.0033867294846510296,0.0038963313460611652
2016-04-21,-0.00107782622555421,-0.001206206135334519,-0.00032985782370459056,-0.0035726527934419857,-0.0008381499791737068
2016-04-22,-1.1977514732070367e-06,9.922790326654398e-05,-0.00022094533245257099,0.0021724567937828547,-0.0008489947959907176
2016-04-25,-0.0003461760959671154,-0.0010098894333493388,-0.00022125931292574664,0.00166276681712042,-0.0001430569477931968
2016-04-26,0.00029523778117289206,0.0007070736552522294,-0.0004238848619538144,0.000773771243255009,0.002557490737436474
2016-04-27,0.00041196363310435827,0.00013520537651224193,0.0010970522959100788,-0.00012283881751497526,0.001821528939033282
2016-04-28,-0.0018169005163585247,-0.002727925894347966,0.0006881598147544663,-0.000411331140304337,0.001107116178459464
2016-04-29,-0.0010831364607134751,-0.0008535219367233705,-7.383463304909448e-05,-0.0018471564140546941,0.0019391793305465587
2016-05-02,0.0015858127397707768,0.001878521595369521,-0.0005833935648210088,0.003107048766760452,-0.002755404794377268
2016-05-03,-0.0017436744944992182,-0.0032996471543433265,0.0011842904788985965,0.0003096277034435856,-0.0030666630602970294
2016-05-04,-0.0011172452698729966,-0.0023153201100451766,0.00036041497499380394,0.0028714469354209687,0.0001472890693080952
2016-05-05,-4.08377808321628e-05,-0.00042134620781729545,0.0005437542054940271,0.0005674941992318975,-0.001939544552502561
2016-05-06,0.0007335592824576866,0.0005605114429993979,-0.00047084744451665904,0.0021902312830244055,0.0012810831725184406
2016-05-09,0.0001632763982613755,-0.0004172597758558905,0.0003780145695620709,0.002187661928425631,-0.004415991172351143
2016-05-10,0.0024852298540326873,0.002857636335335156,-3.8010181962763396e-05,-2.617509381069242e-05,0.00490940185472584
2016-05-11,-0.0018750555612883568,-0.0017263909757032725,0.0003050372716372438,-0.004276039250460494,0.00464112324646866
2016-05-12,5.6650438189388753e-05,-6.189738527633363e-05,-0.0005439366961086015,0.0011565878099635502,0.0002742880354393114
2016-05-13,-0.0017425758575238853,-0.0020545959099430027,0.0007552820839803751,-0.001786108425112198,-0.00027575874032887917
2016-05-16,0.0019730463734386723,0.002383164077784444,-0.0007250651669698447,0.001897818910002292,0.0022049673038298167
2016-05-17,-0.0018691079105327983,-0.0014596787222614653,-0.0002737074152861092,-0.003714542709850321,0.0014991989516067211
2016-05-18,5.574045201776953e-05,6.781523769463078e-05,-0.0016148951216678942,-0.003138856292451612,-0.001494834825385958
2016-05-19,-0.0006955122943471322,-0.0014349469614758175,0.00019839760565035312,-0.0022391103417794696,-0.0005415449293564426
2016-05-20,0.0012612974297084468,0.0016510877000256805,0.00012549884989116435,0.0015950528606581244,0.0008195478831031983
2016-05-23,-0.000274610466236271,-0.0006658021879925112,0.00012484605116351488,2.2534695274048463e-05,-0.0010838346689929054
2016-05-24,0.002585936192145669,0.0028965343526364644,-0.00033119272792848123,0.0024785364738299336,7.185695117531962e-07
2016-05-25,0.0013536080731914573,0.002099848723543358,-9.419056661023248e-05,-3.0140544108389566e-06,0.00233027061072651
2016-05-26,5.483080917932645e-05,0.0005442946082083889,0.0006187988612016686,0.0003854131036310656,-0.00013408435533473638
2016-05-27,0.0008565779652366315,-0.0002066706709008578,-0.0003847181636537391,0.0010773470294918484,0.0008137565198891655
2016-05-31,-0.0003825975043323168,-0.0009511575627565405,0.0002364592371724283,-2.624172633002563e-05,-0.0012186607120173634
2016-06-01,0.0004076219163741114,-0.00017257961674489513,-6.679111328439855e-05,0.00016510498044671626,0.00205146591430693
2016-06-02,0.0006058927030372799,8.752151089089903e-07,0.0006169998849126032,0.0010248156434328603,0.0004039564586092153
2016-06-03,-0.0006000096449170532,0.0013014209177703482,0.0018533708355688476,0.0008100669068125333,0.0013413545196405419
2016-06-06,0.0010159641422749542,0.0011217597245324672,-0.0005259927302836814,-0.0015438520872366195,0.0023958305842295496
2016-06-07,0.0003101928826952055,0.0014544612539124915,0.0002868944259868872,0.0012135132765190447,0.0019784187790029273
2016-06-08,0.0006511161880021759,0.0004015947190838101,0.00023283087118152149,0.0012832484170487042,0.0033825783603759403
2016-06-09,-0.00027541066284912956,-0.0024525263921522807,0.00030626200043338224,0.0004431327058219962,-0.00038112297795178695
2016-06-10,-0.0018974764432008395,-0.005835409195731702,0.0006985795852756674,-0.0009417099741832022,-0.0024460047432205917
2016-06-13,-0.0015448897416644734,-0.002910595885715725,0.0003922004173228835,4.4769747489152075e-05,-2.6766965889151374e-06
2016-06-14,-0.00039571461968758355,-0.003206431639346356,-5.281278037816753e-05,-0.0005200589100020845,-0.0013040887339401924
2016-06-15,-0.00028146393314237096,0.0013354704028978959,0.0006081190469544647,0.0018909209877202955,-0.0010534454078848733
2016-06-16,0.0005927439913932331,0.00046441662065669216,0.00021365870226157447,0.0011209924331397028,-0.003424755512639477
2016-06-17,-0.000749669418225318,0.0019654117617103504,-0.0006823614640151369,-0.00033011636991437765,0.004669116320409803
2016-06-20,0.0012875969688907086,0.004981143789199715,-0.0008622349445744701,0.0002746710323121848,0.0018377077164011292
2016-06-21,0.0005653543450352437,0.0016222680758516282,-0.00045215833649341443,0.0007598857658071167,-0.0015592820343089662
2016-06-22,-0.0003291137430192523,-0.00012310007689964343,0.000395088448356088,-0.000307075537862234,-0.00117500816471347
2016-06-23,0.0026004652996145187,0.0055108021514026825,-0.0009574579126446451,0.0010071540083711847,0.0015793468510823523
2016-06-24,-0.007186305371907849,-0.01722300586861461,0.0027805300280072743,-0.001797845020156412,-0.004052683573279163
2016-06-27,-0.00359248448135042,-0.0038522546865437787,0.0017219061579054993,0.00013926555591581549,-0.00040130171044787025
2016-06-28,0.003607119073440231,0.0052342486373752025,-3.796828080788841e-05,0.004225210698152597,0.0032005169246235136
2016-06-29,0.003400922343220751,0.0036577419235545978,-0.0008203199574667254,0.0024225351702165136,0.002889008503321579
2016-06-30,0.0027226450141228796,0.00297644468060926,0.0004414488124713527,0.00206866179888612,-0.0011692072807484005
2016-07-01,0.00041860467493775054,-2.329761808513515e-06,0.0005270173983025303,6.632901851900907e-05,0.0024759571218422706
2016-07-05,-0.0014420729243279924,-0.0038864628622247493,0.0010917798651578123,0.002201603086117847,-0.005647348302943093
2016-07-06,0.0011932137087179284,-0.0003552972711914987,3.354861014254398e-05,-0.0008701453130978562,0.0008082618594519508
2016-07-07,-0.00012637804743727152,-0.0008068730795924533,-0.0002658821848992394,-0.0020673047547608327,-0.0056431892404698245
2016-07-08,0.0029741179576530433,0.0030438387357605637,0.00038716754866693974,0.0032353204347210355,0.002034505988089394
2016-07-11,0.0007031327837076696,0.0029268396054986457,-0.0010609067792708496,0.001337577667862815,-0.00080212583781043
2016-07-12,0.001450658500625021,0.002709750180449509,-0.0011903912829674163,-2.5231287717222354e-05,0.0037685287566627665
2016-07-13,-3.046129921166415e-05,-0.00021357942787309463,0.0005129258697636178,0.0011039015043252847,-0.002520250278038282
2016-07-14,0.0011150236890376448,0.0017245610206852416,-0.000833928445537106,-0.0017927535054903256,0.0008058088348093462
2016-07-15,-0.00026799099899769106,-0.0010167035170943668,-0.0007684804806254893,6.397579775834198e-05,-0.0005366396335903033
2016-07-18,0.0005341495376392707,0.0004885102009051733,-5.526335937478312e-05,0.0005293391720012094,-0.0009347815407142422
2016-07-19,-0.00020566051468956376,-0.0015790342635033066,0.000533257924214067,0.0009695754391913196,-0.001213377334271338
2016-07-20,0.0008293461795001905,0.0017937930883172104,-0.00041263960331259787,2.0182592215880597e-05,-0.0013493960495223605
2016-07-21,-0.0007576770444369968,-0.0008077326350170024,0.0004454336523582911,0.0003947741268675742,-0.0010857547098503948
2016-07-22,0.0008934289268440162,0.0003838670287696183,-0.00016260810477499097,0.001756762182155822,-0.0004137299741866949
2016-07-25,-0.0005455821732774482,-0.0002473346277404642,-0.00016307475205074563,-0.00037237713540303234,-0.0022053739898588755
2016-07-26,8.996089695284403e-05,0.0008397001627809876,0.00012258748896410568,-0.0009847203661247069,-0.0008372562078114709
2016-07-27,-0.0002145972854311556,0.0007320966273114167,0.0008542744050549514,-0.0015635262538475432,-0.0019560683947269382
2016-07-28,0.00022912157273592302,-0.00021095750544897026,0.00010503181229742948,0.0018572055163105792,-0.0005637931130511926
2016-07-29,0.0003226943814848539,0.002364082352260945,0.0007612899343630055,0.0025377378108838106,0.001699226668428965
2016-08-01,-0.0001675645472649375,-0.001311744408378125,-0.0006965580415801496,0.0004289287294020498,-0.0035139440157209373
2016-08-02,-0.001285148218241198,-0.0010095522984758568,-0.0004807859602830711,-0.003204925687211277,-0.00026270209433027283
2016-08-03,0.0005812153089572819,-0.000693495931749276,0.00010465980140439692,-0.0011657951498943982,0.003269277213715215
2016-08-04,0.00021061932060320866,0.0011505433518817334,0.0004784630201014101,-0.0008173597268303323,0.0008558357851377374
2016-08-05,0.0016329068959232817,0.000901784818228363,-0.0012473527677394761,0.00013074066172804021,0.0008365988318617765
2016-08-08,-0.00012178740414186645,0.0004130591410839003,-0.00010963247309460881,0.00035254206805352366,0.0011119250803312511
2016-08-09,0.00011690770106173878,0.0015854845380278333,0.0007136434691908138,0.0010810196649220399,-0.0005548889299055431
2016-08-10,-0.0004990291774978849,0.0006852213212063732,0.000533414131605079,-0.00022230050460931143,-0.0023554893505087315
2016-08-11,0.0009257976532341169,0.0014315038904207343,-0.0009649252734590291,-0.0022756760332217243,0.003082648331528067
2016-08-12,-0.0001756165380990261,-0.0005118214873414435,0.0007129056512972412,0.000843518894746429,0.0015191973364640048
2016-08-15,0.0005743219831068262,0.0007795088279748241,-0.0005911020212875967,-0.0002025244509169993,0.0032858827482624446
2016-08-16,-0.0010341713213810851,-0.0003070329302367413,-0.00034129419188061764,-0.002401893384908531,0.0016155042515925624
2016-08-17,0.0003733678155023535,-6.942582107605553e-05,0.00031918997716982894,0.0008062232642379389,0.0008018038413922862
2016-08-18,0.000446774857682732,0.0010172352369670465,0.00035474434279480837,-0.0007415808137542297,0.002527550590860587
2016-08-19,-0.00029511792437237835,-0.0014848178566561063,-0.0006794649351425857,-0.0012793025949570966,-0.0006615592778289703
2016-08-22,-1.1625753407320717e-05,0.00020294714578343345,0.00044457126541477343,0.0010793709925976706,-0.0018557714264392526
2016-08-23,0.0004006877750605042,0.000849261103922864,-2.0478036781278028e-05,0.00011082406735905932,0.000813278075298014
2016-08-24,-0.0010258916979696527,-0.00047582480364431826,-7.363866912052853e-05,-0.0008746186288688545,-0.002402885193135039
2016-08-25,-0.00013999932776257473,-0.0008172897486966606,-0.00032388702452482393,0.0008982805300640876,0.0008037768629680045
2016-08-26,-0.00037921352147468417,-0.0011940251456276,-0.0007709056475357354,-0.0019771392051290302,-0.0006739583043669164
2016-08-29,0.000981356481464696,0.0006161966241052002,0.0008218248096807556,0.001966730219141073,-0.0008103532994961928
2016-08-30,-0.00033255021129595245,-0.0002756932332547038,-2.05075238620046e-05,-0.00038311529843796386,-0.0018961081015221688
2016-08-31,-0.0005713244390194626,-0.000412959836381129,-0.0002345801676075101,0.00019917888391986563,-0.0038332053130996995
2016-09-01,6.505635331069473e-06,0.0013658245128074216,0.0003125676473007412,-0.0004960675998343419,-0.002232466852972493
2016-09-02,0.0008989897668894919,0.002310529223627266,-0.000522933084105249,0.0017325732872359916,0.0022450768093053813
2016-09-06,0.000601840966391324,0.0013426832264501467,0.000931624749741161,0.0015366209131818002,0.0013914968546016317
2016-09-07,-2.0714332617647115e-05,9.792048065485709e-05,0.00010433334034396553,0.001198774257826354,0.001789035544006521
2016-09-08,-0.0004594461903926584,-0.0005708102333375736,-0.0009849958768017772,-0.0024554373822379127,0.0035378997200995717
2016-09-09,-0.004788244751582571,-0.003889187263100286,-0.0009523604207230934,-0.00794583737898135,-0.0030950217577701985
2016-09-12,0.0028646332195970043,0.0016454132728656527,0.0001755553478881018,0.0023588088840214667,4.134753486379569e-06
2016-09-13,-0.002879592295571705,-0.004046780466720074,-0.0007355222829913588,-0.005020484996801526,-0.0025960652389538457
2016-09-14,-7.755853876227632e-05,-0.00027937378226678333,0.00044867124402600154,0.000636966324278568,-0.0015268097463483113
2016-09-15,0.001998895246015769,0.0017288076396195114,5.1921219370147244e-05,0.0007546199545934687,0.0009720383481959415
2016-09-16,-0.0007753695585708129,-0.0025810774541989707,0.0002137255395577819,9.064023005149641e-05,0.00027818549759342005
2016-09-19,3.501249353788109e-05,0.0010466869351523243,-0.00034541536990916776,0.0018105075214004673,-0.0001416259683858056
2016-09-20,8.316535243888971e-06,0.001212852982713409,0.0003042596059888418,-0.00030400831977803633,0.0007011285886804159
2016-09-21,0.002248237765126406,0.0034986471429761545,0.0003249787884951685,0.002573839021915086,0.0024809081853623045
2016-09-22,0.0012591855292595512,0.0020324344341639145,0.0005930435991164761,0.0035718409039540116,0.0010910099524707817
2016-09-23,-0.0010969877517761325,-0.0016754273213352175,8.765207078338578e-05,0.0006103563825236393,-0.0023022163038058144
2016-09-26,-0.0016245131588106599,-0.001859525943852223,0.0005701540282502728,0.00047342790135468594,0.001367994277080126
2016-09-27,0.0012381331073990553,0.0009556886489106433,0.0003382215227105849,-0.002107079300296646,-0.0019104387663228422
2016-09-28,0.0009909186047114742,0.0014240599817905014,-9.165364565961945e-05,0.0016379662488776284,0.004665673727239304
2016-09-29,-0.0018119842454715112,-0.002491211180824406,0.00012330129056852042,-0.002673390020345011,0.001205821009770879
2016-09-30,0.0015058593079119794,0.0015662911855422483,-0.0005030350205486018,-0.0013747309072294001,0.0006661664288319682
2016-10-03,-0.00048335765438752546,-0.0005437476939469064,-0.00046720880868181,-0.0037507610922756173,0.0017237338214418979
2016-10-04,-0.0010225455044122404,-3.3286556428940704e-05,-0.0009193128891473022,-0.0027340054444784374,-0.0005301416639607309
2016-10-05,0.000882472682400001,0.000811519011033061,-0.00045461511066724827,-0.004058472733188103,0.0011908875736259385
2016-10-06,0.00013610358667804596,-0.0010839436126786795,-0.000417870814642645,7.299625082234013e-05,0.0003913661964963407
2016-10-07,-0.0006883424914053761,-0.0010228846883944276,0.0002870916605585386,-0.00033576254028130524,-0.000527004234231296
2016-10-10,0.0010388422158708157,0.0005782191332808523,-0.0005271496630116568,0.0012398117412053267,0.002238565992936779
2016-10-11,-0.0025291555891615645,-0.002833327833879601,-5.73080980603393e-05,-0.0019372520675571174,-0.0011753263469243649
2016-10-12,0.00025922067109416516,-0.00045180239204809723,-2.9028263447689596e-06,0.0022883478646428188,-0.001446631860710522
2016-10-13,-0.000655280817723117,-0.0007543158948601581,0.00041395021886918694,0.0015667741362686706,0.0013126575018807104
2016-10-14,0.00010421836916378632,0.00034991095537722974,-0.00061825152289737,-0.0008913274884715399,0.00012875000505326874
2016-10-17,-0.0006970662527202752,-0.0005927182889320489,0.00043246315441359715,0.00043020519212973694,0.0002595296233646588
2016-10-18,0.0012509365373029337,0.0019820167113131265,0.00040007634913644265,0.00127040167458073,0.00038901948889686483
2016-10-19,0.0005304255074643367,0.0005480761172984618,8.82595956131726e-05,0.0004269958712427582,0.0013028438711899224
2016-10-20,-0.00037607170176705713,0.0003058317683804785,-0.00018168074185177818,-0.00045447618493504047,-0.001819446292615033
2016-10-21,9.050890689439643e-05,-0.00044451277705151806,0.000214225846845227,-0.0007423908968725745,0.0007820634296439115
2016-10-24,0.0008480816755754866,-3.67528016856919e-05,-0.0002742605096681226,0.0004533248169339034,0.00012793710185268937
2016-10-25,-0.0006724585041581312,-0.00014010697432897775,-3.911390752792886e-05,-0.00036046769996086526,-0.0009145144040008787
2016-10-26,-0.00040412745514118933,-0.0008969399342747026,-0.00043649477748078364,-0.0026119877582714015,-0.001312310382139371
2016-10-27,-0.0005323081268272424,-0.00024359599119265317,-0.0006914537193121174,-0.0052590598521561355,0.0011833256063627361
2016-10-28,-0.0005928791673786929,-7.128772447369932e-05,3.4118225052825694e-05,0.00047052127017497024,-0.001314764007768215
2016-10-31,6.999552484657267e-06,0.00010132702582343306,0.0001609804499761934,0.0032445024150541428,-0.002650015537969489
2016-11-01,-0.0014526073983958884,-0.0008672845345700657,7.1862759420012234e-06,-0.004380678328154081,0.0009537394411994155
2016-11-02,-0.0012062629895215296,-0.0013561092973773045,0.0005964099071059066,-0.0029274747765849754,-0.0024034479616998183
2016-11-03,-0.0009179658453743993,-0.00021053975780501092,-0.00012966910031768044,-0.001551060712593022,-0.0006769514963862746
2016-11-04,-0.00022247497632355915,-0.0019315975524083664,0.0006127902602298452,0.0015771874937015001,-0.0013522894926681658
2016-11-07,0.004425392140809256,0.0027517650464183845,-0.0008368739570174667,0.003490958248756588,0.0008131331105882385
2016-11-08,0.0008968819017037212,0.000555018531685516,-0.0007104064423171967,0.0010412468532974058,-0.0002688725591739621
2016-11-09,0.0021167643991962873,0.00016953003704147325,-0.003041855940444964,-0.003003750107420573,0.0009420122110553576
2016-11-10,0.0004969188581903698,-0.000559462091746987,-0.0012087606637511533,-0.003354497953182785,-0.0016271443974766966
2016-11-11,-0.00046447821748527886,-0.0012238635300973583,-0.00041000882831448185,0.0011972972527941209,-0.0038269222746897175
2016-11-14,0.00015469946135224276,-0.001089437976675083,-0.0011619802137754305,0.004728043433285009,-0.0004203291167477596
2016-11-15,0.0015565907997037748,0.0008836362822561361,-4.057153675248961e-06,-0.0016677486179485067,0.004429914966386249
2016-11-16,-0.0003796055042270715,-0.0021105040236488624,0.00018285073363561057,-0.0005782231876620095,-0.002453927424422445
2016-11-17,0.0010261767384138333,0.0015203049902600997,-0.0008878723942608172,-0.0020475131946850584,0.0004195896695055418
2016-11-18,-0.00045052460035439787,-0.0021895753713795482,-0.0008889540913668016,0.0005803610601657377,0.0016422610429036057
2016-11-21,0.0015084603142189788,0.0017056139628004517,0.00016656893185289042,-0.0006144352718506718,0.005559992285833946
2016-11-22,0.0003868518400516674,0.0004902030290325096,0.0001850622691675161,0.0034971725746280533,-0.00026966235153053346
2016-11-23,0.00010235742325644608,-0.0007031716242532999,-0.0007221717522108576,-0.0008513447535699296,0.000789020884970899
2016-11-25,0.0007387146071001887,0.0005968560195337893,-0.00017448277686639703,0.0011499700132131673,-0.0014624187297630688
2016-11-28,-0.0009444553551250758,-0.0010623683073160402,0.0009063653846025873,0.0009197928639205557,0.0006637599783088391
2016-11-29,0.00038501171541766683,0.001266425137555758,0.00020337160305536404,0.001901008224420591,-0.004001663244328436
2016-11-30,-0.0004818810092205271,-0.00021441947679405891,-0.0013447820463709916,-0.002296545650812959,0.0060520552866365086
2016-12-01,-0.0007385347448259208,-0.0007799965624424104,-0.0007659759329152338,-0.0029528829405733046,0.0036706588041097404
2016-12-02,9.633004359101083e-05,0.000493653210792007,0.0008934167293644296,0.0019873484020810264,0.0014158928216179917
2016-12-05,0.0011973643253870242,0.0019688835164262263,-7.671810004174731e-05,0.0014748513566768388,0.0010246553512765035
2016-12-06,0.0006292241357847177,0.0013572393878105282,7.22945878579958e-05,0.0012847434627853065,-0.0008980283303840976
2016-12-07,0.002617003013580082,0.002972499804544075,0.0006611241885085472,0.003991349692078226,-0.0015439638739631568
2016-12-08,0.0004851322296955877,-0.00017471015557688515,-0.0007623573355245819,0.0013782312016791041,0.00038272271725161655
2016-12-09,0.0012040184291563715,0.0008519674384650822,-0.0010332539923810894,-0.00022051462213673232,0.0010263286967108808
2016-12-12,-0.00023396656967908898,-0.0008905818390343541,3.44930652931281e-05,0.0013250353493615581,0.0012961716849331925
2016-12-13,0.0013314036039070792,0.0021493068075313635,0.00010944527778172368,-0.00010050454418292536,0.0005062274699875987
2016-12-14,-0.0016561643982407313,-0.002952467827495671,-0.0016573243917134342,-0.004377654521727411,-0.0019128211663503477
2016-12-15,0.0008171334574516093,-0.0004502380768089128,-0.0005616448084803143,-0.0011748753821027133,-0.0002526804430142971
2016-12-16,-0.0003945116565366529,0.00013428357431135944,0.00024735862045933244,0.002991900479898138,0.0008947562237140463
2016-12-19,0.0004314927987229769,-0.00031421454111748724,0.0009215455046248439,0.0021469485417148354,-0.0011577042752017775
2016-12-20,0.0007668387272309842,0.0006848881136111946,-0.0004258023355961646,0.0004515147790342724,0.0008958420174688892
2016-12-21,-0.0005610175407670089,5.1458883966426256e-05,0.00032303856228577956,-0.003039033020788798,-0.0011559145815788433
2016-12-22,-0.0003494492909494586,-0.00045488220686181624,-9.055485362542681e-05,-0.00033841245874926824,-0.00026151074023554686
2016-12-23,0.0002888872582115435,0.0005173586477872097,0.0001885042290191664,0.0005167292323128692,0.00038328985025224294
2016-12-27,0.0004921707264723401,-0.0002470936692106037,-0.00029208543314771705,0.0004166320300297537,0.003074531089088994
2016-12-28,-0.0016557470886738087,-0.0007688910118668092,0.0007281205904861879,-0.001211586722208333,0.0001226468440515164
2016-12-29,-4.8464632029392156e-05,0.0004841828522594162,0.0006105783424151341,0.002477815946010749,0.00024964549308015245
2016-12-30,-0.0007356686960903239,0.0006954413007061763,0.0005901091922674012,0.0025263068426582386,0.00037577871356930543
2017-01-03,0.0015251004330971792,0.0012430527347966488,-9.34270943473893e-05,0.0006506756541077595,-0.0023865523290278337
2017-01-04,0.001185704846635271,0.0022636882733243976,0.00022557503368320702,0.0029195556668517256,0.0015308373628393763
2017-01-05,-0.00016275838175033012,0.0016958563276065926,0.001291442351980019,0.0006444683394287229,0.0010096903579126354
2017-01-06,0.0007096001984564194,-0.0006787330682442635,-0.0009139232989953221,2.0193131291204685e-05,-0.0002561586971459329
2017-01-09,-0.0006642063181399213,-0.00030782944744059567,0.000756790708848405,-0.0017981026181140456,-0.0030465137891622636
2017-01-10,-4.101375381286766e-06,3.004005506199954e-05,-9.889350318035e-05,-0.0017046266070874817,-0.0008957923287284506
2017-01-11,0.000562102756408902,0.0010517918253273991,0.0002234392126093891,-0.0012363872255182077,0.0021815142854587554
2017-01-12,-0.0005061377575924424,0.000299593805439961,0.0001099145585635533,0.0010172540428636807,0.0029194977309775828
2017-01-13,0.00045429262157188735,0.0007358180287068368,-0.0004397944027548608,-0.00029402263797064784,-0.0003796474794760758
2017-01-17,-0.0007096190098544675,-0.0007438177709090001,0.0010016138155076182,0.001543988609012932,-0.0001133150212266165
2017-01-18,0.00043699039340627864,-0.0005768516343041479,-0.0014211243357884714,0.00033131155898226915,-0.0017699367272485374
2017-01-19,-0.000743643968836073,-0.0005109075239775245,-0.0007651190551703285,-0.002046064116911264,-0.0006364657452571327
2017-01-20,0.0007308662292123454,0.0011477672536705185,9.309007049089434e-05,0.0014543224512734514,0.0022919151158707924
2017-01-23,-0.0005240565425477842,0.0005014126016618936,0.001043324864995665,0.001676453618231205,2.2869030658433285e-06
2017-01-24,0.0012776540643730354,0.0005016209885555475,-0.0007641914204581222,4.373775644807891e-05,0.0005019796540104483
2017-01-25,0.0017230236739077256,0.0020675361009380795,-0.0009956261657118942,-0.001316060219739844,-0.0012607470882268338
2017-01-26,-0.00021312698382477559,-0.000800968482433304,0.00026434694953110413,-0.00038823860383431177,0.0008816334058489687
2017-01-27,-0.00031827671023426055,-0.0003373679104720245,0.0002445634599311496,-0.0019474217661022062,-0.0016406244045088132
2017-01-30,-0.001244186177130171,-0.0014369731266240164,-6.125133416951195e-05,-0.0013635077944163813,-0.0011470744358359679
2017-01-31,-1.9945498334459015e-05,0.00029824719473806044,0.0006839778794275419,0.0014404305460850285,0.0011469506150449638
2017-02-01,7.510317665193282e-05,0.0008029053775921429,-0.0003864328291255758,-0.002412568266128619,0.002151313372287549
2017-02-02,0.00012791923180723285,9.609187295085423e-05,7.323616654319078e-05,0.0023820552742468415,-3.2372996490167935e-06
2017-02-03,0.001373500972854519,0.0007975734049365501,0.0001488168249459824,0.001090287385890735,-0.00012513737733508515
2017-02-06,-0.00036179145889762154,-0.0014290793860381702,0.0009487725984324584,-0.00034108383266062003,-0.0012596100825184304
2017-02-07,5.637746565402835e-06,-0.00020502874480202353,0.00035623562437613634,-0.000704156341059307,-0.0008864898839846896
2017-02-08,0.00025797573501075996,0.0003318097107172761,0.0008112176025080859,0.001571417334952634,0.0007581166995312071
2017-02-09,0.0011842035860269546,0.0008327423578049547,-0.0011957287913805408,0.00047829341513581746,0.0010099156090660473
2017-02-10,0.0007847194514165242,0.00046395854666915395,-0.0001364092787907314,0.0014158088343896049,0.0021326094319354828
2017-02-13,0.0010822849742975955,0.0007938867376306358,-0.0003080604682965121,6.747241680968259e-05,-0.0022512045237961724
2017-02-14,0.0007953900782706494,-0.0003013032993954214,-0.000727761843697907,-0.001055412415339486,0.00025364160849756135
2017-02-15,0.0010370075254047288,0.000760393444578843,-0.0003862434816957133,-0.000674233367748301,0.0002462971233563121
2017-02-16,-0.00017452095096120334,0.00045862705187604407,0.0007993687121540318,0.0011742770673442658,-0.001261865469384544
2017-02-17,0.000312288101766207,-0.0005297073190918408,0.0005294823886865071,0.0003785951589208687,-0.0003802472941057197
2017-02-21,0.0011856041757166969,0.0006580221073140865,-9.847869960180862e-05,0.002554258255821004,-0.00025347332492487687
2017-02-22,-0.00018165659988326403,-7.427512567864071e-07,0.0003194343230333557,-0.0006616916768000941,-0.0010199945089694414
2017-02-23,0.00013073607237253286,0.0004240523180243036,0.0005279467582553665,0.0010371617501231725,0.000640261422487174
2017-02-24,0.0002516238794740253,-0.001444913893694157,0.0009223209882813386,0.0009349559350924146,-0.0003842877606604583
2017-02-27,0.0003085355732374841,0.00013041471108243705,-0.0007206223713187314,0.0010492114452550518,-0.0005122196428038513
2017-02-28,-0.0005442114633679101,-0.0003020536535822707,-9.839777100432633e-05,-0.0013774619531553853,0.000762996125110671
2017-03-01,0.0027870820105824084,0.00207947092843421,-0.0013978804810700987,-0.0006152667162230162,0.0008862568548900098
2017-03-02,-0.001261736686046176,-0.001317535252579848,-0.0005776132697780708,-0.0010858608997896433,-0.0031795609540217437
2017-03-03,0.00012050999994904218,0.0011817990610665705,0.00018583249679502965,-0.0007872607624897262,0.0010233629974566014
2017-03-06,-0.0006010729943464676,-0.000629539485486607,-4.3952089431063766e-05,-0.0009088965452543339,-0.00025630583297703264
2017-03-07,-0.0006033394421168578,-0.0006969852206072182,-0.00029294826178775284,-0.0009607243859578071,-0.000898295295847848
2017-03-08,-0.00037465577590610537,-0.0007315791970482231,-0.0006758516632135043,-0.003706087657557604,-0.004515664485615822
2017-03-09,0.0002476982405664005,0.0007560804555381887,-0.0005632213623740514,-0.003013398111699387,-0.0017215880102144168
2017-03-10,0.0006951072301249194,0.0016780730819643459,0.0004180968329093273,-0.0006181416323620002,-0.0018747601252340489
2017-03-13,9.487688300120937e-05,0.001040911178896001,-0.0005067932902902129,0.0004910019020384943,-0.0002744025072875426
2017-03-14,-0.0007712564787840213,-0.001538241131549945,0.00020521301622695255,-5.638393528466874e-05,-0.0008098197218171792
2017-03-15,0.0017253016424219959,0.002853668705410592,0.0017494328320302548,0.0040398453238184645,0.0017455909335100286
2017-03-16,-0.0003994806754613303,0.0009658077468969168,-0.000560056418412438,-0.0003955232836395052,-0.00027048330204165137
2017-03-17,-0.0003577421630066454,0.0005099007604057862,0.0005307609849371572,0.0009201194708294548,0.0006636767974551071
2017-03-20,-0.00022526506329318264,-0.00042361707268585115,0.00047127606139411166,-0.00017566810061395684,-0.00013904935456621867
2017-03-21,-0.0025735256136782637,-0.0008960878385421644,0.000663410522692732,-0.0008819316388028695,-0.0010743748741521635
2017-03-22,0.0004642268242502779,2.801978022223761e-05,0.0003734240915951244,-0.00011613832545424676,-0.0001395916187819212
2017-03-23,-0.00021927908759090394,0.0004477537354979272,-0.0002140673233774435,0.0014678991598769222,-0.00040911347069662497
2017-03-24,-0.00015140379125041145,0.0005424115682361697,0.00010789303347664906,-0.00022573501011509663,0.0006665590767187976
2017-03-27,-0.00020349354271740228,0.000507486989274293,0.0004887693352102955,-0.0018120603565289254,-0.00027037218688648855
2017-03-28,0.0014545640385287073,0.0009570772789903599,-0.0006873384895576103,0.0008562228701567408,0.001201631833161345
2017-03-29,0.0001813838248072234,-1.6681094093119033e-06,0.0005626276011795087,0.0011231045960300044,0.0018581395163733984
2017-03-30,0.0006305109476464665,-0.0007094757450175655,-0.0005737775166339569,0.0003606394654840412,0.0007863954005472594
2017-03-31,-0.00047156028907012026,-0.0002928859099209666,0.0003920216615718327,0.0011856854664447363,0.0003898309292001074
2017-04-03,-0.0003538612119142453,-0.00029515934190544246,0.00097730771021693,0.000577859152248921,-0.0007918858309656242
2017-04-04,0.00012154565430771169,-6.762733096981902e-05,-0.0002893572323017646,-5.998498455687094e-06,0.001968179987982843
2017-04-05,-0.0006000422881049588,-0.001071042084992376,0.0003741305745970699,0.000283546793228449,0.0004003033280202223
2017-04-06,0.0005561170839509692,2.6132728730117567e-05,-0.00013855752966094087,0.0010586814710946864,0.000516758839236686
2017-04-07,-0.000210309258646966,-0.00013530972804956163,-0.000609104157989696,0.0002815736152116313,0.000514143913443586
2017-04-10,0.00011258510377708346,-0.00023288818474808022,0.0003533863800399875,0.0012394854078848511,0.0015484673396357193
2017-04-11,-0.00024422227828182607,0.0009322611716180474,0.0009191100434195834,0.001374664278506706,0.000380524715191813
2017-04-12,-0.0008832827614327122,-0.00016746521436802943,0.0006139475378913123,-0.00036093612235016766,-6.397508325160487e-06
2017-04-13,-0.0013069316265224202,-0.0012987748941890337,0.0005934288564180067,-0.0004563575344554264,0.0006370376901675524
2017-04-17,0.001764286677884236,0.0012263334263190927,-0.0003251635086351443,0.0024145982469770326,-0.0011617076441288276
2017-04-18,-0.0006032110787895936,-0.000908544066813815,0.0011325446492898544,0.0005312951740625968,-0.0007792348877071455
2017-04-19,-0.00037193730926300147,-0.0008160029507833032,-0.0005279759661045497,-0.00028714796822418845,-0.003497894908241075
2017-04-20,0.0016205766557303896,0.0015891259533494404,-0.0004550970697390405,1.830594891693309e-05,-0.0007962157857635126
2017-04-21,-0.000643968638483346,0.0001230289086808481,8.728241971149826e-05,-0.0007326616228217806,-0.0019867269775347613
2017-04-24,0.002193014389010283,0.005052836300026183,-0.00041302301890848827,-0.0022221230131896975,-0.0006786114318607308
2017-04-25,0.0011556636161266002,0.0014077844186784953,-0.001039099817058642,0.0008255746672970482,0.0009355680164698821
2017-04-26,-0.00013218903835447634,-0.0005691478373125229,0.0005201888408506898,-0.0014964847038291653,-0.0010740885337495287
2017-04-27,0.00016158665663154863,0.0001819786851766426,0.00012510348946649468,-0.0005291998226942186,-0.0010755325317607356
2017-04-28,-0.0004412940782905771,-0.0002254231982224679,0.0002010590715697632,-0.002090288977543096,-0.0005435269464321026
2017-05-01,0.0004974808785594684,0.0008082377914895852,-0.0004393872137822687,0.0011762345496355159,0.0003990998110914481
2017-05-02,6.895145784418181e-05,0.0010227640126311162,0.00040824620932584753,-0.0003424853329132774,-0.0021672035759894652
2017-05-03,-0.00024948284438189777,-0.00041029162049114747,-0.0004197998332163134,-0.0026776406324317756,-0.0008221891641557847
2017-05-04,0.0002281643055178492,0.0018836838420398484,-0.00045860264442850634,-0.0009813961402899399,-0.004818731680288128
2017-05-05,0.0007803905175513474,0.0022144178294949586,3.055487069427881e-05,0.0018791057826793966,0.00279327410263248
2017-05-08,-4.047260800295481e-05,-0.0015017362518282259,-0.0004973256665845201,-0.0014074044536422949,-0.000836908512909735
2017-05-09,-0.00019022354598265898,-0.0004990604232295273,-0.00023426250986751198,-0.0010828277289585428,-0.000976691256025823
2017-05-10,0.0003527470483054383,0.00030112772713269546,-8.259485589289555e-05,0.0015688368552777524,0.003193285511534599
2017-05-11,-0.0004154487954415179,-0.0004981652015578459,0.00014469213928907935,-0.0010075086003986612,0.0008175061253519497
2017-05-12,-0.0003414739497810808,0.0011031929403229725,0.0010144772643448463,-0.0008167047755048626,-6.169940145474529e-06
2017-05-15,0.0010987965807926984,0.0010054559715539139,-0.00013923610872858738,0.0005844038672109235,0.0011047896467370768
2017-05-16,-0.0001906683497606311,0.0012733912749384587,0.0002574638630848119,-0.001359867612235537,0.00026645195901839016
2017-05-17,-0.0035600165543009073,-0.002288358612128385,0.0015902155267155012,0.0008095382057275901,0.0013504410429164746
2017-05-18,0.0007969605421512989,0.0003303201562020587,-6.271561711708549e-05,0.0010990686370920876,-0.0005436687922752031
2017-05-19,0.001294787536110406,0.0023158103860552903,-6.276918186015189e-05,0.0010746487526943568,0.0039041561281377064
2017-05-22,0.0010077435306023593,0.00023470060745925874,-0.00023164839080187574,0.000772136860209158,0.0013185170248556407
2017-05-23,0.0004352742338675882,2.3280017715482348e-05,-0.0005312076992359367,0.00016250509786570725,-0.0006675284013405849
2017-05-24,0.0004587587897079476,0.00011484721700326547,0.0004050444541630761,0.0016125619616107884,-0.0004040572707233151
2017-05-25,0.000947537190317085,-7.32611281311114e-06,0.00010493361574126637,1.704007914365214e-05,-0.004393128365942166
2017-05-26,-4.870016502494019e-05,-0.0005785650516840031,0.00012366286131476387,-0.001448225400345363,0.0014796820938789018
2017-05-30,-0.0001811528371030442,-0.00021915007154049205,0.0004964309216652167,-0.0012630120756575596,-0.001621050432094104
2017-05-31,-5.6871803204877065e-05,0.00023883740517466814,8.563580199231864e-05,0.00011439489707679504,-0.0021805183142640937
2017-06-01,0.0015804943455703234,0.001292123426413716,-0.00011150905925992793,0.001043203121051048,-0.0013788016391765299
2017-06-02,0.0006591145754695347,0.002184002606044427,0.0008696131931017497,0.0020473309810545566,-0.0009744849543034805
2017-06-05,-0.0001551632423745577,-0.0011086187914782768,-0.0003422400009098052,-0.0008698932101501534,-0.0011173419524944494
2017-06-06,-0.0006472623137955781,-0.0005754489640631316,0.0006257153406146594,-0.0009689376223545618,0.0013880521978554719
2017-06-07,0.0003619931015643576,5.258715576239581e-05,-0.0003793368471938052,0.0013948660396959588,-0.002783913987670769
2017-06-08,9.055905254205416e-05,-0.00036675166575422135,-0.00032390591452265713,-0.0004875485296158124,-7.915282480137315e-06
2017-06-09,-0.0003104308627170991,-0.0007581176642465109,-0.00019405444910994553,0.0013871534050167802,0.0011134378983849783
2017-06-12,-4.875766066643512e-05,-0.0007621449593660277,-4.496238009981998e-05,0.0017845362887210347,-0.0018200267617369088
2017-06-13,0.0009696346072090933,0.0015345396217256472,6.717795189660879e-05,0.0004432369033504275,0.0008383827444567248
2017-06-14,-0.00026265409705947696,-0.00015538327014158373,0.0010364120065400654,0.00027781676136606976,-0.003533022355639253
2017-06-15,-0.00039221005856994917,-0.0020737834504268057,-0.00036020421104612587,0.0010041279416596498,0.0008438483470679798
2017-06-16,3.5368507924743956e-05,0.0016913838397234525,0.0001034368387988461,-0.0005257047240144336,0.0008455870613072157
2017-06-19,0.0016544665300138024,0.000805043322056081,-0.0005659228651232766,1.5461742116213e-05,-0.0012851470560639447
2017-06-20,-0.0013560307903580345,-0.0016180331740555684,0.0004935102409417064,-0.0004773384893623808,-0.002005296424492697
2017-06-21,-5.6550873948292206e-05,-0.00025322415245436123,-2.612933303261579e-05,-0.0004089770481317864,-0.002160649492286275
2017-06-22,-9.81207232221315e-05,-3.820908407915754e-05,0.00017845290607301884,0.00018242609659306232,0.0002846397567896809
2017-06-23,0.00023126543369610665,0.0004848787283904739,4.8044586950025404e-05,0.0006863271959010629,0.0008641247181668651
2017-06-26,0.00012416543716279707,0.00033348062173153847,0.00015915970009199363,0.0014182201720820706,0.00042790095883113476
2017-06-27,-0.0016186703548646277,-3.835554344969829e-05,-0.0009910012094622536,-0.001804625398820101,0.0022956612360987495
2017-06-28,0.0017801111153100862,0.0017380520605543314,-0.00019476118450679474,0.0004682575353106703,0.0012778097158265404
2017-06-29,-0.0017626933288378422,-0.0019864081254396533,-0.0007529954186547194,-0.00229240551186279,0.0008441812525369478
2017-06-30,0.0003651786430211473,0.00011463432253572492,-0.000477494978594568,-8.129280450782119e-06,0.0040797657418857915
2017-07-03,0.0003319298037306636,-0.0002538678090800536,-0.0007445485549847947,0.0025358177376437426,0.0020653652792763334
2017-07-05,0.00045394324583576277,-6.599299065694824e-06,0.0001426808961908962,-0.002826573750415806,-0.0030221540192603914
2017-07-06,-0.0018376446548726943,-0.0008975897604486944,-0.00038503280106814655,-0.0037707816128010807,0.0001328315291979547
2017-07-07,0.0012856974870972212,2.350872446859908e-05,-0.0003290398110210146,0.00111749192601105,-0.00195778449488127
2017-07-10,0.0002066925705891661,0.0004858117932055756,0.0002563407632549098,-0.0018330740756941873,0.0008355345192267358
2017-07-11,-0.0001566688214162478,0.00045513178293746535,0.0002560171116149465,-0.00022923619130949262,0.0019499297237768121
2017-07-12,0.001495189467647612,0.0015877784983386197,0.0005761478118351792,0.0024543055519076875,-0.0009766987350334178
2017-07-13,0.00032796241772201215,0.0005701454051990306,-0.00021513271554048828,0.00030820246560977864,-0.0001473307057015672
2017-07-14,0.0009279780923563249,0.001389471873692166,0.0002744952104776198,0.0019100780935716363,0.0022165240592589264
2017-07-17,-3.2858974201375294e-05,-0.00040045239930882806,0.0002358975482340049,0.0016038054774328088,-0.0006966581005543892
2017-07-18,9.929820002441887e-05,0.00017378877913335825,0.000723609588260988,-0.0004391990167336663,0.0008264154525318547
2017-07-19,0.00107433446293077,0.0008668973866726539,-8.783372637865731e-06,0.0014992930559917217,0.0017770553913889207
2017-07-20,7.990288169806374e-05,0.0008024658231402663,4.693165578366926e-05,-0.0009371167086923662,-0.0002787290886163174
2017-07-21,-0.00018663457975111493,-0.0007865523558267069,0.00034628682683399234,-0.00015179289540292082,-0.0027381120029714577
2017-07-24,-5.777407121649898e-05,-0.000548994269215823,-0.00013997517472959353,-0.0003910739030775569,0.0004055767117795817
2017-07-25,0.0004770025249362929,0.00026332231930434595,-0.0011332045176836176,0.0002539620640420269,0.002199058353898374
2017-07-26,-7.001922062839488e-07,0.0012236998269478318,0.0006304550669806152,0.0013778867046419436,0.0019043557529713417
2017-07-27,-0.0001936545373821705,-0.0004562757464028675,-0.00032690624343768154,0.00023226692261144253,0.001207698007608136
2017-07-28,-0.00024286608733587706,0.00020274306330685194,0.0003289947990830201,-0.0005531977276253804,0.0010656287560788739
2017-07-31,-0.00012116655892819603,0.00041073698984174506,4.7874540443347324e-05,0.00025303752638205005,0.0011981488869842903
2017-08-01,0.0004374905712323484,0.001099496784644574,0.0004904588738046275,0.0008928747071150956,-0.002277436377842539
2017-08-02,8.862234634392228e-05,8.073004753721194e-05,-0.00019548818736868565,-0.0018312927992985685,0.0003948773263423059
2017-08-03,-0.00039661102924221656,0.00011045428100097261,0.0006835325371477273,-0.0004140833630704893,-0.001482953088133987
2017-08-04,0.00035602818681101933,0.00025869137540516927,-0.0005497776354583908,0.0006610497448734836,0.00039702935251143147
2017-08-07,0.0003634268057832665,8.154188533858799e-05,0.00010408255294218512,-0.0002222052195235665,0.0003972483738268144
2017-08-08,-0.0005003694124003708,-0.001075306209924448,-0.00017640200056028197,-0.0009621796961276524,0.0001266512833018433
2017-08-09,-1.4637952254502723e-05,-0.0003312561029037454,0.00023657573574552808,-0.0006783479445256394,0.0013349685071343184
2017-08-10,-0.002837156139776753,-0.002851539713670706,0.000738070736069724,-0.0014514859604914676,-0.0030606591454278536
2017-08-11,0.0002872072867939773,-0.00037136250898644227,0.0002154181610087988,-0.0012421538470586155,0.0006718468843319956
2017-08-14,0.001971974433577949,0.0014473697795957087,-0.0004922054200120672,0.0033259022475604152,-0.0017738169155661668
2017-08-15,-3.105733120940273e-05,-0.00015886702274511187,-0.0006043970018581032,-0.0006069600258032038,-0.000961514219007603
2017-08-16,0.0003408835636268294,0.001136321101393408,0.00036746544848984024,0.0007854453169197398,-0.0005539685854379538
2017-08-17,-0.003127707569025118,-0.0022569628158657885,0.0006996106906131356,-0.001251712803213912,0.0005438947050703513
2017-08-18,-0.0003208742855402436,0.0005371997591044346,2.9613935854852993e-05,-0.0020364783584955162,0.0035505247719191547
2017-08-21,0.00014834941307766857,-6.838888447784797e-05,0.00012202675187970677,0.0021300943652341467,-0.0024400437307034793
2017-08-22,0.002081136371886866,0.0009588174634432786,-0.0003986137802760595,-0.00058649319111127,0.0005376475691948482
2017-08-23,-0.0007244131468900505,2.3463575625906057e-05,0.0006801289276060514,0.0020423587236656857,0.0017576580736309226
2017-08-24,-0.00047284196499115805,-0.00045907249261532493,-0.00032342522808771946,-0.0006276213490219838,-0.0001427568969414182
2017-08-25,0.00045948733442646163,0.001197011699797037,0.00032701905781646863,0.0009505636465769508,-0.0004138762001500043
2017-08-28,9.956112291152096e-07,-7.789694056674298e-06,0.0001782343199143377,-0.0015363313465705459,0.0001284026841980286
2017-08-29,0.00022647799657812666,-0.0008162152399478284,0.0004580723201056516,-0.00022457783200401655,-7.814072295178755e-06
2017-08-30,0.0009383324528563373,-0.00027872586152927843,-0.0001744436776756875,0.0011238351725344868,-0.0014946323204637654
2017-08-31,0.0011954943716021638,0.00152795982433078,0.00030756070988403764,0.001141332585728005,0.005559091203966111
2017-09-01,0.0002749337077873669,0.00026251130703525247,-0.0005971596670469634,0.0006822622100002911,0.0002590831009208641
2017-09-05,-0.0014477218109343359,-0.0013527266126526023,0.0013821008614906996,-0.0005533910658977451,0.0003887121142323156
2017-09-06,0.0006743487227510775,0.001223448203884237,-0.0004890845418254156,0.0005148711693254575,0.0019704512776977843
2017-09-07,-3.26842443153918e-05,0.0016345107992913278,0.0008608761082859604,0.0012727887656843282,-0.0001382453489896517
2017-09-08,-0.0002430554790522522,2.281238025273517e-05,-0.00015531178788374728,0.0001578631504305698,-0.0022354682323809296
2017-09-11,0.0021211457478599515,0.0015606015296821553,-0.001151988881789721,0.0018284732892667496,0.00038922393312640835
2017-09-12,0.0006657633019275233,0.00060972177125852,-0.0004901673823879221,-0.0023703879381195897,0.0005237750920461543
2017-09-13,8.820727998235942e-05,-0.0010936893979274728,-0.0004160737733207837,-0.000527350683061399,0.0009122153482653297
2017-09-14,-7.176323894229736e-05,0.0003468494916153834,2.9163988470544896e-05,0.0016521840554469648,0.00013275367510095232
2017-09-15,0.0002614390053475854,0.0001682936427850084,0.0002335853241263882,0.00036793115330776145,0.000907577400335684
2017-09-18,0.00041684906742327525,0.0002566837515087547,-0.000788489948200989,-0.0010862609114909289,-0.00026912666924388157
2017-09-19,0.00019201570095099413,0.0009304520048645592,-0.0002321741114405211,-0.001328865117644013,-0.00039998432029976255
2017-09-20,6.385271963742743e-05,-0.0004469060606779513,-0.00040046397423565633,-0.0005525339861370712,0.0016903300416978495
2017-09-21,-0.0005436813553814203,-0.0004179018008743565,-0.0002692469376395031,-0.0003883195391870345,-0.0007857211272074044
2017-09-22,3.288538129121629e-05,0.0006078443449428207,0.00034792013332670313,-0.0014196926031799044,0.0007729033210034792
2017-09-25,-0.00041741203008614005,-0.0011501495599525232,0.0005893896606148888,0.001155006232746394,0.0033566781339799717
2017-09-26,0.0001129384160355623,-0.0004496140586341572,-0.00017610387302213903,0.00032891988603202217,-0.0017956296084959177
2017-09-27,0.0007695742400675485,0.00013901198517770466,-0.0010346319512163319,-0.0018139642645519263,-0.0007809303199160136
2017-09-28,0.00023215462466355343,0.0005217596372103222,-4.5610486318259635e-05,0.0013547612861230574,-6.352315169317715e-06
2017-09-29,0.0006942965530078176,0.001166096040314895,-0.000251465410191422,0.0004022459671577669,-0.0010430461951142502
2017-10-02,0.0008576596262355214,-0.00018276141845003198,-0.0002345912460118841,-0.0002950359754844464,-0.0016949568828189627
2017-10-03,0.0004197637514236172,0.0006637417133322348,0.0002738961116997623,-0.00029773792745204454,0.00012261666974011513
2017-10-04,0.00022907090920491494,-0.000386941581631313,-6.456060166819822e-05,0.0010045027245323835,0.0002531900033606404
2017-10-05,0.001176837359374949,-0.0001243520647734093,-0.000215761113206332,0.0007124147428255805,0.0022090649463437284
2017-10-06,-0.00023692549882121063,-0.00015512607372760698,-0.00025394267723268654,-0.0006546096183014729,-0.0031157934216960196
2017-10-09,-0.00033842423672627604,5.018771406543832e-05,0.0002179409117619054,0.0004718361483738029,0.00012302344286746657
2017-10-10,0.0005191703609224153,0.0018896433785794086,6.641626062934234e-05,0.0005903032473997589,0.002351106078046062
2017-10-11,0.00030601031859011117,0.0004839847403285268,0.00021726569137294193,0.0006600217806901668,0.0003804179015694581
2017-10-12,-0.0003065378415522198,-0.00018167539625542172,0.0001792576335053176,0.0012743740288425854,-0.00026483145582402977
2017-10-13,0.00023442480901365886,0.0010318773346396257,0.0006675280195807172,0.000511420607344152,0.0019347409779637557
2017-10-16,0.00025803135085730115,-0.000152515812883288,-0.0003456256316943856,-0.001000587597935498,0.000505941163836966
2017-10-17,0.00013228592962356598,-0.0005264385369699457,-8.34931988185181e-05,0.00022836811580252876,-0.0002645893383819452
2017-10-18,0.0001873676495000855,0.0005677170420453724,-0.000514681364567541,-0.00022155201743349293,-0.00013648670100847423
2017-10-19,4.706020082970029e-05,-0.0003238280905925425,0.00019962076207843488,-0.0006002407938353107,-0.000906020354683375
2017-10-20,0.0010219167743634112,-0.00026796382457427553,-0.0008358413383991267,-0.0011502266351605926,0.0010225652483384054
2017-10-23,-0.0007855725132870759,-0.0004412830709402071,0.00018004914438782274,-0.0007731490723963569,-8.53682708371079e-06
2017-10-24,0.0003426273016122969,0.00030905066079690727,-0.0006121393755530748,-0.0012105219487232128,0.0020401749040519905
2017-10-25,-0.000998480180293859,-0.0007869916480131381,-0.00032965739095616834,-0.0005878658110631944,0.0002444065128715623
2017-10-26,0.000250185389846226,-3.702634349914494e-05,-0.0002737406183043025,-0.001652499918708971,0.0008835002787820214
2017-10-27,0.001622755244203134,0.0004551433535808308,0.000635096333163682,0.0008950122484522221,0.0010115533844750413
2017-10-30,-0.0007531172013695244,0.0004532581769464085,0.000708336032256826,-0.0001756960151751585,0.0004935621852595318
2017-10-31,0.00030259555469128055,0.0008268375648662016,-0.00014101831000605755,-3.335639228607516e-05,0.0004926575243893419
2017-11-01,0.00025539981507772137,0.00019262357503870215,0.00011235627470746985,0.0009647784216508864,0.00011901761175111285
2017-11-02,6.857730875639685e-05,0.0005941330500372375,0.00025484355463109776,0.0016825033089942784,0.001242546308779766
2017-11-03,0.000657717399323708,-0.00032397566669884994,0.00031072836779781464,-0.000511776507060207,0.001229419807842913
2017-11-06,0.0003006466596241453,0.00027961115386192784,0.00023506845743539716,0.0013379603374906416,0.0038040432823654136
2017-11-07,-0.00014831630376054258,-0.0007538231323829155,6.541089118864585e-05,0.00161365794984826,-0.0012207436961277007
2017-11-08,0.00033083796992594306,0.0006502845447441733,-0.000253402528799822,0.0009871071319317718,-0.00037504140770260394
2017-11-09,-0.0007348534806434602,-0.0011525877818849397,-8.550671752208007e-05,0.00020246063011420144,0.0003542803628898819
2017-11-10,-7.19208592205287e-05,-0.0005565756739308056,-0.0010252233025014963,0.0002051637125861589,-0.0003744813067522436
2017-11-13,0.0001769463143047053,-0.0008381986409232314,-0.00010370286631626351,0.0010002464500018962,-0.0006169357377436446
2017-11-14,-0.0004740176204333788,-0.00015480646625809253,0.00027312799686950536,-0.0004315758465205361,-0.002701820142706037
2017-11-15,-0.0010112813880006958,-0.0009631936464486173,0.0007071338560670069,-0.0020279809551664012,-0.0002574124525851769
2017-11-16,0.0016871741495027282,0.0015912261231903816,-0.0005185018436882325,0.0016572280187680192,-0.0006313881236206069
2017-11-17,-0.0005982450263288952,-0.0007335976661469038,0.0002541179445205367,-0.0008815020272058376,0.003216845969978093
2017-11-20,0.00033068091773489136,0.0004258263003949548,-0.00033034538571507946,-0.000599555876985128,-0.001599694890103604
2017-11-21,0.001298340504705732,0.0014951217847367806,2.685646662220745e-05,0.0014831966493035554,0.001349967730529637
2017-11-22,-0.0001871374842618998,0.0005368026924678522,0.0006312019554350286,-0.00045753339446937056,0.0010948974256724513
2017-11-24,0.00045188606218243897,0.0016237457831952266,-0.00017934589309980627,0.0002493774696497665,0.0006001544367342448
2017-11-27,-0.00010972287196072822,-0.001205777441271081,0.00012172957493778698,-0.0009505367330113382,-0.00037488130059261203
2017-11-28,0.002015630953598709,0.0011323270754712608,2.7736365879965197e-05,-0.0007675304033585235,-0.0008624883082107836
2017-11-29,-0.00013148974937958658,-0.0008047275202278938,-0.0006495736630642968,6.172656367454608e-05,-0.0013571021586626171
2017-11-30,0.001739270705075192,0.00019102866936652793,-0.0006339982940971993,0.0002988793320340789,-0.0008742844743659048
2017-12-01,-0.00042539076977299225,-0.0008078946114788228,0.000728727554812744,0.00046383682436370357,0.0017190919997726137
2017-12-04,-0.00024058266028110256,-0.0007267304257831765,-0.00010368289958668889,-0.001000196470548491,-0.002471670841510028
2017-12-05,-0.0007295478465233094,-0.0004413085460299072,0.00014044109102835016,-0.0016752890637767377,-1.0633689086807744e-05
2017-12-06,2.7780800449563685e-05,-0.0004135739426293363,0.0004049663620854953,-0.0002017788839699664,-0.0033710835840444096
2017-12-07,0.0006205170741015718,0.0005096754831845803,-0.0003688912843423411,0.0004935399553377507,0.0006215912483259894
2017-12-08,0.0010804481977105737,0.0010550157363901542,-0.00016160402854031148,0.0010186968382524396,0.0009979614132530532
2017-12-11,0.000592195402955959,0.0005049661596085629,-0.00014288790233515835,-3.447938451487132e-05,0.0004907626841672032
2017-12-12,0.00034287303683152464,0.00024657359168005346,-0.00018060536017030783,0.0009653771660279563,-0.001762139202846079
2017-12-13,-3.269675708196162e-05,0.000759890198314869,0.0008028361879630236,0.0003215658808523691,-0.0008940982787062973
2017-12-14,-0.0008254570162866365,-0.0011184475046463636,-8.541512011146431e-05,-5.76095593725149e-05,0.0006267733238330033
2017-12-15,0.0016527101551824105,-6.713210950653396e-05,-4.7374314449327854e-05,0.001243533958262849,-8.661096852626644e-06
2017-12-18,0.0012573130631791207,0.0023599599799308413,-0.0004650276355957775,0.0013077448984628842,0.0008734291292828901
2017-12-19,-0.0007780117335712978,-0.0007452925445190628,-0.0009187517584430407,-0.004260568719161029,0.0014947945237487141
2017-12-20,-0.00011267444739028428,-0.00035444539665486276,-0.0005992754961610175,-0.00232573523209521,0.0011121256768729872
2017-12-21,0.0004014424697419966,0.0007070151040723568,0.00013066212065756128,-0.0007802693617170296,0.00011476981355500662
2017-12-22,-6.275684476573899e-05,0.0005049347763109814,6.574143818794668e-05,0.0013675571406343702,0.000856668732123539
2017-12-26,-0.0002507096670480966,-6.808754804441154e-05,6.461871273466505e-05,0.000990295541334749,0.0029438518343599873
2017-12-27,8.586727801684332e-05,0.0003596995012169368,0.0008458351471654258,0.0006482286886703091,0.0004753136618798423
2017-12-28,0.0004005829181495714,0.00010352873740496598,-0.00025752653089534917,0.0010589511737801002,0.0009591561314692787
2017-12-29,-0.0007651884257732673,0.00013263893914980718,0.0003119878102564554,6.126265206379132e-05,0.0005930222554487326
2018-01-02,0.001418989820275738,0.0014670200039961444,-0.0006760515761564096,-0.0007599430661231464,0.0009515621219960177
2018-01-03,0.0012546870961069171,0.0009492692461708966,0.00019814934245557624,-0.0005920686935417447,0.0011860752511139337
2018-01-04,0.0008316731501942503,0.0021784735289438317,-0.00010479427430829807,-0.003462565316677642,-0.00024982948339796995
2018-01-05,0.0013201244544723734,0.001099870055252062,-0.0002581014040910113,8.815016342594579e-05,-0.0007263473380577382
2018-01-08,0.0003545386903995196,-6.652597373042415e-05,-0.00010626819213760553,0.0010237523963854888,-0.0001310618703056963
2018-01-09,0.0004409990546247445,0.00020997606978822187,-0.0009640273538929717,-0.0025882662087781186,0.001306206297334468
2018-01-10,-0.00031655900350712916,-0.00039734268538778946,-6.757462179776856e-05,-0.0022534920985166343,0.0007023005883638896
2018-01-11,0.0014473255303382982,0.0013714896282326448,0.0001229370282137061,-0.0006894680822980556,-0.00012996011829403793
2018-01-12,0.0012917634439137704,0.0019907496912524433,-0.0001443214855177602,-0.0016299031220548895,0.0012921017246514217
2018-01-16,-0.0006896351769981125,-0.00020108728109483707,8.419811814921106e-05,0.00037071209617639176,-0.0009554979467912698
2018-01-17,0.0018925529352489506,0.0010231291492551614,-0.000451574254273498,0.0013837348206953318,0.00022617393282437
2018-01-18,-0.00034721206170685394,-0.00025498466928908713,-0.0006438559684561982,-0.002587017019219283,-1.1542363817833293e-05
2018-01-19,0.0008981890182273607,0.0011004243001278254,-0.0005310198998014518,0.0010613399923641682,-0.0003664114556263682
2018-01-22,0.0016173254754141733,0.001013669599935125,-8.837279607960764e-05,0.001816545419999246,0.0004625705236593043
2018-01-23,0.00041396204867416277,0.0006332500627573864,0.0005669404105478326,0.0027540488210133,0.0014065503042159297
2018-01-24,-8.821661770737585e-05,0.00033962116103416476,-0.000395853273561124,-0.0010564902125934801,0.0021024375821230685
2018-01-25,7.484007461787254e-05,-0.0007816872266121968,0.0004333399471301627,-0.0003608781895326363,-0.0011711079909283058
2018-01-26,0.0023025257325743147,0.0017562125710257376,-0.0006081851974832262,-0.0007130707955621146,0.0015064445437016586
2018-01-29,-0.0013362869809154113,-0.0018465296453520584,-0.0005125372946934224,-0.0026948404673231793,-0.0005910621889166393
2018-01-30,-0.002065074605536936,-0.0016739209044245324,-0.0004743076151751611,-0.001461810372376325,-0.0014054947108164838
2018-01-31,8.84622224585985e-05,-0.00028111731320516867,4.631908802135939e-05,0.0035745795487101754,0.00022277965024336378
2018-02-01,-0.00023817168247044243,0.0005572203169139073,-0.0010419675585876837,-0.004326299080533847,0.0019714845681253197
2018-02-02,-0.004360331537550089,-0.004068887493452099,-0.0007520332061940686,-0.001709728074879181,-0.0032576759433591263
2018-02-05,-0.008389656553927493,-0.00843546426213113,0.001622459057287734,-0.005951568123419308,-0.0018913088649150577
2018-02-06,0.003979256606191965,0.003901886849024335,-0.0008812047432354677,4.353877322396774e-05,-0.0012002307955340872
2018-02-07,-0.0010974693605922186,-0.002131264492997776,-0.0005943413903892134,-0.0008667012318596464,-0.0022763306533330322
2018-02-08,-0.007498755316136989,-0.005224294196528084,0.00016507654242811867,-0.005777282312592348,-0.002061915910764446
2018-02-09,0.002987041700086639,0.0008381809103279033,-0.0003626006959664924,0.004982486489620044,-0.0029614171212435114
2018-02-12,0.002919933885452693,0.0030456538821870527,-7.217011556544626e-05,6.860786052773562e-05,0.0012272120067611321
2018-02-13,0.0004876546763558775,-0.0006114179433571366,0.0003192854011560702,0.0013873484830762804,0.00035632767288403276
2018-02-14,0.00268957152827055,0.0035327383606977856,-0.001222186194779659,-0.0014576137880712237,0.003057242024296417
2018-02-15,0.0025338558818116595,0.001232426183944316,4.639570654235739e-05,0.0019304008183146446,0.0003568446721944675
2018-02-16,4.766670015593601e-05,0.0008869402329133968,0.0004593075147494704,0.0010811338634766005,0.000351706187151413
2018-02-20,-0.001265812357023739,-0.0018912756850864426,-0.00022888001846127815,-0.0023776767823061483,0.0005893247461583855
2018-02-21,-0.001006629368738453,-0.000971310196506008,-0.000601626372506289,-0.003968556483993979,-0.0002538845430105725
2018-02-22,0.00024662209550702514,0.0010379137504575775,0.0002626413622007361,0.002261417367074899,0.0017956203800389965
2018-02-23,0.0031704640537759117,0.0015690752559922923,0.0007538841099059688,0.0031851455395981794,0.0013043596283084428
2018-02-26,0.002308191509192321,0.0018646298211131502,0.00022155371113808002,0.0005478246970360606,0.0010551382571371902
2018-02-27,-0.0025058830929399183,-0.002994312496764558,-0.0006380318170017742,-0.004655736827935735,-0.0020203240386730205
2018-02-28,-0.002034390151876988,-0.0019053051445828905,0.00045825049068981815,-0.00014871825172992897,-0.0021548917896927725
2018-03-01,-0.002915446377563767,-0.0033806112965208113,0.0008452188214264021,0.00017761670244828326,0.0003510862239172445
2018-03-02,0.0010240450955288573,0.0009403436757618978,-0.0007531917654573735,-9.452397590207721e-05,-1.04315265548625e-05
2018-03-05,0.0023031269905718194,0.0010622420089076944,-0.00026334898766141305,0.0022462142875143954,0.0011934852378817477
2018-03-06,0.0004941220004884335,0.0011635921795512354,-3.304605924629458e-05,0.0009309615937994393,0.0007042982129893658
2018-03-07,-7.765664573401571e-05,-6.916867625274874e-05,-1.0722060789521478e-05,0.0012221308384086735,-0.0021559806022293754
2018-03-08,0.0009539833345432673,0.0004145506961947876,0.00039898095742107184,0.0003602050798815114,-0.0012201210413310118
2018-03-09,0.003458054008051151,0.0012669765912188642,-0.00044382105966739836,0.0010795838647748625,0.0019223382575134828
2018-03-12,-0.0002638142365303328,0.00021272005147755717,0.00045726590622753355,0.000859321533285708,-0.0003717159307787516
2018-03-13,-0.0013013992937723597,-0.0013385299538865231,0.0003193163950568336,0.0001711754810992325,-0.0006162560846972132
2018-03-14,-0.0010371285674108006,0.00047456744826133193,0.0003784374317697931,0.00017144852885336249,-1.4089875304616138e-05
2018-03-15,-0.00023103614634592963,-0.0001273366112909736,-9.197560044798842e-05,-6.624199740099585e-05,-0.0001343277583095049
2018-03-16,0.00020338095718389833,-0.00015552077688542538,-0.0002481032739257887,0.0013810272991331416,0.0007103529081374848
2018-03-19,-0.0027213244790429392,-0.001632826880134467,-0.00020956534215702078,-0.001736437413974094,-0.0013360476787067604
2018-03-20,0.0003259746132022168,-4.2432890957104876e-05,-0.00040544141153270525,-0.0007003076030264838,0.001316194612239579
2018-03-21,-0.0003977339115239125,0.00030250149980458584,0.00012423282193822953,-0.0014966875267007917,0.00357733570388423
2018-03-22,-0.005027018459966189,-0.003736939102903328,0.0008077353649348874,-0.00118399279262494,-0.0015487751424191302
2018-03-23,-0.0042748844351259505,-0.0022256049084511957,0.00026045892530458754,-0.0035839353075536044,0.0017679758955427036
2018-03-26,0.005438175835700086,0.003572849480997962,-0.0005615698466472228,0.002262961284408636,0.0001020839660490684
2018-03-27,-0.0034109497591913902,-0.0014834797033094677,0.0011202375382629473,0.000749352234305894,-0.0008393117860017674
2018-03-28,-0.0006057710952428828,0.001151940389946173,-5.245269605234066e-05,0.005000505140374824,-0.0008442484710089366
2018-03-29,0.002539340224552224,0.0018095922144104176,0.0003952323359985699,-0.0002521752029433258,0.001772038882959895
2018-04-02,-0.004331084047667537,-0.0027727029768855977,0.0001894497539393623,-0.0027157945052465188,-0.002723258598717663
2018-04-03,0.002546056228269329,0.0012662727992181272,-0.0006555185475370754,0.0016805485430480857,0.001060602457809789
2018-04-04,0.0021683201655700096,0.0006935685092271239,-0.0001256355250362326,0.0020848844405700257,-0.0008452222691540677
2018-04-05,0.001564271391280324,0.0013110542574772737,-0.0005204669401292448,-9.292635626061369e-05,0.0009442198761891231
2018-04-06,-0.004487612523434207,-0.0013284715743973898,0.0008631414189792252,-0.0015164115133889475,-0.001439015625037725
2018-04-09,0.0009723957055878398,0.0016301201920348911,2.716034443181366e-05,-0.0006547518760115388,0.0024935120164144954
2018-04-10,0.0031624652233875564,0.0021295591382522565,-0.0003645710668096061,-0.00022992758868945558,0.0034062891877951564
2018-04-11,-0.0010611334090198782,-0.0007774080607019082,0.00018163145185834853,0.0004138799313050863,0.0014914977561933697
2018-04-12,0.0016285902337305484,0.0007520661053078872,-0.0007338333790585977,-0.0022463185590009373,-0.0008156519889270411
2018-04-13,-0.0005938468048001348,0.0001850112850133505,0.00016262342839321996,0.0010392859675731085,0.00010180739981140723
2018-04-16,0.0016288671980395966,0.0002968949835627525,-0.00011003701668936391,0.0012190672937648515,-0.000707900304359565
2018-04-17,0.002121762533321581,0.0008886521396921234,0.00010331488571653728,0.0023280798708064567,0.00010329188902844038
2018-04-18,0.0001333108057871777,0.0010248243996947468,-0.0007964500057672429,-0.00043677234930170934,0.0036853900660077724
2018-04-19,-0.0011245657436960489,-0.0007683388210516117,-0.0005624252293598781,-0.002919395144896508,-0.0008067506557628587
2018-04-20,-0.0017067603341016765,-0.0007714399388321739,-0.0006809399021103048,-0.0018585891405650838,-0.0003545886876646491
2018-04-23,-4.301267308067818e-05,-0.0002679447724873231,-0.00021152076340508124,-0.0001764645551151806,-0.0001224070421480573
2018-04-24,-0.002695169242383406,-0.0008306379679162742,-0.0002510660791514051,0.0007421617272938115,-0.0010475038871391184
2018-04-25,0.0004788459626330237,-0.00035347724089108956,-0.0004486044154201478,-0.0003912313084294109,0.00033040202442919325
2018-04-26,0.0020185963126456447,0.0009779410949518434,0.0005593411772804479,0.002604992066788117,0.0010203072921649377
2018-04-27,0.00017436316901977734,0.00018332497971755533,0.0003208694846623908,0.003422202457855066,-0.00012626547463903147
2018-04-30,-0.0015475175411098397,-0.0006633145449000706,0.00020195630447204053,-0.0007997595424616902,0.0009036803428297518
2018-05-01,0.000341427525592105,-0.0007209718694857537,-0.00032735909276658336,0.0017960144518307567,-0.0011541462198382687
2018-05-02,-0.001359118718618163,-9.434192841906863e-05,2.4959596051861394e-05,-0.0007447393352892186,-1.3909415078215663e-05
2018-05-03,-0.0004543280490545761,0.0006094037550809097,0.0004983682601772041,-0.00014395431035884841,0.0012449445335693116
2018-05-04,0.002581110507777742,0.0007033192521980249,5.9818771148574015e-06,0.002178821742469394,0.0013496085834006073
2018-05-07,0.0006619703774055781,1.3924106692568277e-05,-0.00011314056586920881,0.0013312418175475036,-0.00012570715433689382
2018-05-08,-1.4260076353266099e-05,1.5817895485221468e-05,-0.000349489536151024,-0.0010169860413957366,0.0005537256385152259
2018-05-09,0.0019150718378247978,0.0004658346771424692,-0.0004682594486311919,0.0013328655583875989,0.0017860604304890985
2018-05-10,0.001855164372475973,0.0012786828007278058,0.0004001346319732508,0.0015497503288925216,0.0009917008174360196
2018-05-11,0.0005953263893704747,0.0005159990766324511,4.784713026803067e-06,-0.0007026013943598752,-0.001240754390760391
2018-05-14,8.033440922421268e-05,0.00034803609156466186,-0.0004492904019205335,-0.001729715529248021,0.0014389777368547056
2018-05-15,-0.0013925628849798088,-0.001460647950325156,-0.0011216924605895902,-0.0032628217109167104,0.0002054400710091669
2018-05-16,0.0008258224649658701,0.0002656966864809467,-0.00043255418161787957,-0.000615581817861983,0.0010954497792030995
2018-05-17,-0.00018382580801095582,0.00029281235903356274,-0.00013441858321958287,-0.001014149407343241,0.00020635557971548357
2018-05-18,-0.0005152292759253662,-0.0007417188362866527,0.0007614235169833482,0.00024900892312733087,9.536665494861508e-05
2018-05-21,0.0014876244499255173,0.0012460476316572815,0.00012452030976746993,0.0023600259103908282,0.001527972374743717
2018-05-22,-0.0005707569926049206,-0.00026609213645331376,-9.458608183311971e-05,0.0002720458359940946,0.00020644742060589748
2018-05-23,0.0005385836411367065,-0.0022161956757349517,0.0008956435672568193,0.0019831528436595166,0.0010738776091563569
2018-05-24,-0.0004247719257893301,-0.0006358914718262076,0.0004983727776702438,-0.0004268356984541428,-0.0013192876580453647
2018-05-25,-0.0004913617830326909,-0.001316015326307912,0.0007721767029048308,0.0006800931405794855,-0.002974970750880769
2018-05-29,-0.002317488307763259,-0.0040995713042626695,0.0021318264165537237,0.0009336719228485117,-0.0018995942910235149
2018-05-30,0.0026494244957638554,0.003029584931540903,-0.0008699390013880424,0.0027086486049141367,0.0025588630978092704
2018-05-31,-0.0012404002918902008,-0.001276125587535251,-0.00011239719476452685,-0.000697419259118026,-0.0005669586772247086
2018-06-01,0.0019434994609777714,0.0017120399988303123,-0.0007535032907528379,0.0008782627890489137,-0.0013481900573380295
2018-06-04,0.0009346568739325129,0.0005877732291763101,-0.0007232316353496438,0.0017262197546487348,-0.0023670543926913993
2018-06-05,0.00013038298422801825,-0.00032886833785863924,0.0004967550203032889,-0.0005376773432635312,0.0003253900935985436
2018-06-06,0.0016545475341865218,0.0017788621249272953,-0.0008215077757262783,0.00046183401880497754,0.000662503473190972
2018-06-07,-3.6228372753657414e-05,-0.001145815248844398,0.0008333373841137281,-1.5137609120745712e-05,0.0007722806812713444
2018-06-08,0.0005774553124799652,0.0002125989481137763,-0.0002899261333342112,0.0007098198725622172,-0.0001269867038217566
2018-06-11,0.0002504595639258303,0.001260331760790923,-0.00021172675766557898,-0.0003144686283135293,-0.00012180180165700384
2018-06-12,0.00024364184023832226,-0.0012858006643749142,-0.0001330508517309134,0.0011828603560526377,-0.00012555232614464975
2018-06-13,-0.0006528702470069399,0.0002698032269594995,-0.00025147821623092403,-0.0039145360122126,0.0007731537905932599
2018-06-14,0.0004887539880488455,-0.00044108724194305164,0.0006156229405319051,0.0018809553088438608,-0.002256775263702613
2018-06-15,-0.00027007651760553185,-0.0010386533807412756,0.00014321238537209197,-0.00014042121940645576,-0.0048903055401425515
2018-06-18,-0.00042457037302197966,-0.001438195837145436,8.34883106274234e-05,4.0014035043804806e-05,0.001714568219045121
2018-06-19,-0.0007795383334734246,-0.001845009300922585,0.0005147959532575334,-0.00021993378806943884,-0.0020805389589952997
2018-06-20,0.00032615633407637564,0.00013385481446086668,-0.0006628182272942996,0.002218693759168187,-0.0002446732499176001
2018-06-21,-0.0012679646256700905,-0.001437532919114165,0.0005145963766474246,0.0009358152416598455,-0.0015271690378365064
2018-06-22,0.0003486873109397173,0.0021039234695751086,2.6085025497382585e-05,0.00156147943011696,0.003954578479186923
2018-06-25,-0.0027373110727069677,-0.0027910120633198106,0.0002583977777937728,-0.000534688374886188,-0.002309898591492257
2018-06-26,0.00042767709479750525,0.0003441220338111333,8.263417516816962e-05,0.0006302235874267232,0.001957112842675315
2018-06-27,-0.0016727045063943784,-0.0019002731170773787,0.0007475548887189197,-0.0007822656586996587,0.0010195316113355121
2018-06-28,0.001129175185394811,0.0007391407007766473,-0.00020986852423326353,0.0017738620026982817,-0.00012792859152390101
2018-06-29,0.0002735666322523336,0.001097821378018047,-0.00017164850779848582,0.00048139130091034337,0.0022698614756062017
2018-07-02,0.00041409423570770715,-0.0018286786072577099,-0.00015056136576361678,-0.0011131218237675597,-0.004207954745807733
2018-07-03,-0.0007219368963903515,0.0005912222527536793,0.0004944678270759761,0.0014951920009304948,-0.0002418860871791828
2018-07-05,0.0016156824323070153,0.001966750743729412,4.286200587774073e-06,0.0023633441213340846,0.0011423126490377
2018-07-06,0.001675558232657432,0.0010543636985200808,0.00016017081852983723,0.0010484121814410949,0.0009192804382383968
2018-07-09,0.0017839362229283178,0.0019061229640354054,-0.0005226241141944309,-0.0016080818655708961,0.0010150749440521625
2018-07-10,0.0007037784041360787,-0.00010291620940733684,-0.00017192579847531185,0.00039717160892079674,-0.00046841497112429405
2018-07-11,-0.0014785618447749195,-0.003365552528007613,0.0003947939591123309,-0.0006683992570336216,-0.006997512390328892
2018-07-12,0.0017966704149586226,0.0015346087380347314,-9.290803436633881e-05,0.0005923249481166534,0.0010494512235832325
2018-07-13,0.00014232992004006617,0.0006060496034911701,0.00031625318129272466,-0.0006212873141114189,0.00033744409922041926
2018-07-16,-0.00019399957952555933,-0.00010426797615345537,-0.0003471183053548238,-0.0010846130219751714,-0.004260567410204159
2018-07-17,0.0007960472100961078,0.0003396677601011265,-0.00013264090868600158,-0.001331428282586181,0.00022499570997329757
2018-07-18,0.0004049490597439941,1.3945465877383666e-05,-0.00017163555597086194,-0.0009023772635610574,0.0017798507484339332
2018-07-19,-0.000769878191785906,-0.0004264125538424878,0.0005304365138691755,0.00232772807501121,-0.00025219150125334387
2018-07-20,-0.0002442058135547703,0.0009288137340525705,-0.0007179911337947236,-0.0019499159798930519,0.001408619072970202
2018-07-23,0.00035684214831505046,-1.5568186687304817e-05,-0.0009949747060790891,-0.00043511897017059714,0.000692516096806772
2018-07-24,0.0009908904183564967,0.0011617726178783897,0.00012229141643439897,-0.0010330073338828338,0.001043238487171175
2018-07-25,0.0016928261461621838,0.0014760092423399204,-0.00015312928687873336,0.0015753523416816972,0.0026688919443271235
2018-07-26,-0.0004872811929788586,-0.0009148364823810934,-0.00023088545599686864,0.000648743592952131,-1.5116622750219494e-05
2018-07-27,-0.0013721197310842532,0.00036405942349089455,0.00029935737722581465,-0.002153487538055506,-0.000825393101488367
2018-07-30,-0.0010620130304151085,-4.3717910628569744e-05,-0.0002711764648027206,0.00010830696551886935,0.0011435344270781511
2018-07-31,0.0009696064655945753,0.0002464695555866642,0.0002596831951328482,0.0033319662743993518,-0.001171639171217588
2018-08-01,-0.0003475939338244692,-0.0010302600042632383,-0.0004885956734498522,0.0014074984767722973,-0.00291963280010986
2018-08-02,0.0010762773784870313,-0.001323683042543792,0.00022032308019178173,-0.0008149259302507208,0.0011586403220334512
2018-08-03,0.0008409745706302638,0.0001051373787709195,0.0004966090535727007,0.0021492237507742358,0.0006853415004629438
2018-08-06,0.0007171326343344624,-0.0008655944261513355,8.21840449113013e-05,-0.0002807231965371617,0.00033456558120315396
2018-08-07,0.0006445184095633003,0.0015487397351569656,-0.00043059200141281907,-0.0003799089059745771,0.0014976294495719555
2018-08-08,-0.00010013604204876633,-0.0001916085987007003,0.00016102223338362515,-0.0011751309430309115,-0.00244209521898181
2018-08-09,-0.0002894526254608044,-0.0006021748921930121,0.000534780491292905,8.114366178466971e-05,-0.000831774257673658
2018-08-10,-0.0013564293787013718,-0.004016026197161598,0.0008448055756775501,-0.0015364584309110435,-1.635211390797916e-05
2018-08-13,-0.0007628223598137827,-0.0007353884662096049,-7.488356555915992e-05,-0.00040755735492398394,-0.0010734420898718781
2018-08-14,0.0012595130453873088,-4.657094944599078e-05,-0.00021208173614649408,0.0009664384729267298,0.00034241714361891854
2018-08-15,-0.0015096072513212625,-0.0029061369348231327,0.00047207261052884696,0.0015115431229647707,-0.004387140463244533
2018-08-16,0.0016008804027277848,0.0013872836126254842,-7.520373569169216e-05,0.0016106946600180421,0.0015485080715870957
2018-08-17,0.0006896755293815475,0.0011676962886200404,6.204866573207126e-05,0.001840057843358363,0.0008244542447707947
2018-08-20,0.0004118049614700111,0.0010677715071390759,0.0006082562186120566,0.00012653749704372624,0.0003416844792817443
2018-08-21,0.0004529447933845334,0.0012124758477767862,-0.00028899937482735553,-0.0012324493033290906,0.0003413891854154372
2018-08-22,-0.0001343970824203292,0.0007582146085954161,0.00035380366557172813,-0.001144305923705013,0.0028218524906641223
2018-08-23,-0.0002816274776608186,-0.0014417695195221164,-3.544663439084165e-05,-0.0005204863201011726,-0.0003655484554194315
2018-08-24,0.0011880009137078746,0.0011486936604461968,4.3705394084644816e-05,0.0011689537039588555,0.0015106562499894003
2018-08-27,0.0015613233483626051,0.002651590003730125,-0.00046457538717504534,-0.0007377940084191266,0.0006810529885842672
2018-08-28,8.01308739541878e-05,-0.00019166863724687878,-0.0004651209342621695,0.002677837236689544,-0.000826011268282361
2018-08-29,0.001059958385035719,0.0010703394727237063,-7.532913889632525e-05,3.082325878725093e-05,0.002187692858447321
2018-08-30,-0.0008264135973745323,-0.0019153067639315338,0.00035420830963774574,-0.0012950060612086742,-0.0003596858426597873
2018-08-31,-9.19497153258131e-06,-0.0016100241831373343,2.3328028397946894e-05,0.000771347893539651,0.00021595592584951775
2018-09-04,-0.00036108776960304634,-0.0017026067827293457,-0.0004732663085155392,-0.0023942725431274907,-0.001161581897581523
2018-09-05,-0.000554845822806845,-0.0018467695924552622,-3.634042843282383e-05,0.00113770797035228,-0.0008251081266557422
2018-09-06,-0.0006186692346711052,-0.0006218645433777046,0.00039446904346144033,0.0005576953812730947,-0.0011777506870738206
2018-09-07,-0.00040566270631617573,-0.0016225455184708931,-0.0009152411617000097,-0.002185960879097946,0.0004499137678144486
2018-09-10,0.000330806565346192,0.0012070251125653744,0.00010145791924538995,0.0008762989158411875,0.0006831982993376402
2018-09-11,0.0006426194699358555,0.0001683517436165313,-0.0007423160663678607,-4.068819727643649e-05,0.001954526222783686
2018-09-12,3.169065179574025e-05,0.000833069476496835,0.00021948459614928317,7.919548811277806e-05,0.0013627818187599537
2018-09-13,0.0011658016889830123,0.0014667583192409875,-3.708250755835174e-05,0.0009679396916167337,-0.0021986699679926846
2018-09-14,1.772683531871339e-05,0.00028408357352111506,-0.0003905313073560356,-0.0012844759228879633,-0.0012896411696517343
2018-09-17,-0.0010780408254463876,0.0001652122960351248,2.308830792546679e-05,0.0006336756695561679,-0.00024535489551946363
2018-09-18,0.0010704068284447914,0.0020753723865012965,-0.0008469762633846603,-0.0009794419449664778,0.0018458203678404777
2018-09-19,0.00019626635041969392,0.0006936738782100431,-0.0003532606275854555,-0.0023534102835235807,0.0012522127103877258
2018-09-20,0.001602722637305165,0.0024592495994339198,3.862688252528415e-06,0.0018658408890964697,-1.747505627383013e-05
2018-09-21,-0.00019838830346437768,7.054592545488364e-05,6.249271720714813e-05,-8.916645096662206e-05,0.0004426974613182006
2018-09-24,-0.0006825939049012077,-0.000921385325011423,-0.00023516795600695084,-0.0036193654821101793,0.0029463298217391517
2018-09-25,-0.00020310712915002312,0.0009808040249329674,-0.00021549914794259954,7.450800619546892e-06,0.00043354955814287933
2018-09-26,-0.0006150751537247361,7.02756289492944e-05,0.0006369982934249206,-0.00241147815138878,-0.0009176935780146232
2018-09-27,0.0005418252357952322,-0.00042491439139483915,-1.6808883895930222e-05,0.0009422336874901215,0.000885929364375384
2018-09-28,4.170425446478216e-06,-0.0016500109878094464,8.230935665982299e-05,0.002690144311707518,0.002000379028465377
2018-10-01,0.0006780616345958175,0.00021859578249245847,-0.0005253152962578401,-0.0018806612383457345,0.0037675779134557622
2018-10-02,-0.00013388046604230806,-0.0010425674467053666,0.0004984862785935666,-0.000467456838951117,0.0006380325332195967
2018-10-03,9.420869321148914e-05,-0.00037135421876846846,-0.0015064916570117974,-0.0021515954246935816,0.0018325972430099304
2018-10-04,-0.0015794768833758907,-0.002358718488073402,-0.0005362809057748032,-0.0016915748428681656,-0.0021661310101096024
2018-10-05,-0.0011349979615599712,-0.0012161407105659445,-0.000497563088039468,-0.00011951509198195829,-0.0004533731815027594
2018-10-08,-1.792858646893685e-05,-0.0009728202308048677,6.315264765637458e-05,0.0028586598735231682,-0.0005602628119271761
2018-10-09,-0.0003094039415738457,-0.0005183020470167974,0.00036261534538682406,0.0002592203537114793,0.0014030974774802063
2018-10-10,-0.006346531467260892,-0.004268933163972034,8.221341235676833e-05,-0.002987931636682687,-0.003935335829818396
2018-10-11,-0.00443186277773384,-0.002809772435825444,0.0008006164750325127,-0.0057208796746120155,-0.003022202029869822
2018-10-12,0.00276451213587124,0.0007046083897329131,-0.00025726561349371233,-0.0005381109256844449,0.001559752823817474
2018-10-15,-0.001142320108905111,-0.0004878753730085413,0.00010164056099683451,0.0013271929032480695,0.00042867760300673393
2018-10-16,0.004344536921884081,0.0033966649921216433,-3.743617300492895e-05,0.004104377673183998,0.000879804675318499
2018-10-17,1.7562725267720178e-05,-0.0011612235103799404,-0.0005956458067658908,-0.00078809048926287,-0.0017961236026707644
2018-10-18,-0.002906257897068639,-0.0032470473282195877,0.0003402456842534888,-0.00040370938014223874,-0.0022604023951014944
2018-10-19,-0.00012661470191253183,0.001117739280277438,-0.00025831949772026725,0.001715673654729334,0.001115230375778059
2018-10-22,-0.0009128965767168372,-0.0008963104189294473,2.182659215226235e-05,-0.002807471940263951,0.00021025775211835337
2018-10-23,-0.001024323894204138,-0.0018984349810976476,0.0005074347176621486,0.0008561113424345239,-0.004416295804021855
2018-10-24,-0.006087753455277709,-0.005710876648751312,0.001056298869602915,0.001866026927445873,-0.0013903660627245025
2018-10-25,0.003561658022697297,0.002498956190242725,-0.000494666886448891,0.002548089139822406,0.0007929229375828851
2018-10-26,-0.0035405221305455843,-0.0013692035643974602,0.0008738026243153282,-0.004789572382071358,0.0014810527708270524
2018-10-29,-0.001097375690916228,-0.0005563197203165755,-3.691868568670016e-05,0.0025184598817596833,-0.0020924808178975013
2018-10-30,0.002942602424884793,0.0023900604656718143,-0.000453269475642073,0.0027110259522973154,-0.00105439333297432
2018-10-31,0.0021176018616486762,0.001466286601697163,-0.0005133994018226199,-0.0023715599428289725,-0.002706753958652131
2018-11-01,0.00211001741334604,0.0025389714216819113,0.00015432266077025164,0.0009287424112438928,-0.0014300588200179475
2018-11-02,-0.001198839966655235,0.00027567198802365606,-0.0011355858687034284,-0.001671754658241589,-0.0004946533041205126
2018-11-05,0.0010852276905691507,-1.8740324369721946e-05,0.00010131330544225692,0.002955243332856954,-0.00013425818777600902
2018-11-06,0.0012486817080309164,0.0008028269787338124,-0.00023822166435153613,0.00099163951244514,-0.0008502977406864989
2018-11-07,0.004255819728678121,0.002651270082506811,-2.0086870011921576e-05,0.0023706175368118395,-0.0004976925091334649
2018-11-08,-0.0003809362149367172,-0.0019755948361295213,-0.0002975862829668399,0.00013066789657996554,-0.0012162812099724778
2018-11-09,-0.001972614527501857,-0.0013344684333000327,0.0007601454842810465,-4.4171830205460084e-05,-0.00218947579734919
2018-11-12,-0.003762794111500382,-0.0033124160529291132,0.0005801528590118921,0.00037845833738493924,-0.0004965511363613126
2018-11-13,-0.0003915155844426259,0.000846187208686658,0.0001407910016003941,-0.00021659094314251278,-0.005540622938559549
2018-11-14,-0.0013791837987502675,0.00014312012869807945,0.0004030447178773402,-0.0005177050137293326,0.0017448385431658112
2018-11-15,0.0020822290777716057,0.0006302392687460006,0.00012162118265651184,-0.001386962503325161,-0.00037741334972645006
2018-11-16,0.0005079324749433591,0.0002138912810362506,0.0005961167595202778,0.002138116002999105,0.0012382144977311272
2018-11-19,-0.003404188554643669,-0.0017642824466319817,0.00027758959310343574,0.0002536160658134345,-1.4448879620707982e-05
2018-11-20,-0.0037250958636824805,-0.003483583046165166,-5.764637246075981e-05,-0.002066910164307691,-0.00610808314693835
2018-11-21,0.0006636631524384552,0.002783017249446058,-5.7826978897699125e-05,0.000156638541215873,0.00164416427932542
2018-11-23,-0.0013547253801781658,-0.0013374082381932446,0.00010235589013833605,-0.0004199498605324857,-0.005865392645868486
2018-11-26,0.003204650569397637,0.0029880742229212603,-0.00017660374737678216,0.00035537182049320213,0.0008965766342583852
2018-11-27,0.0006562015429728507,-0.0007830812679956381,0.00017792388597335663,0.0008275948582418763,-0.0007995264125791947
2018-11-28,0.004573768220011245,0.0028297922779987844,-3.8148149799021916e-05,0.0017720261743836858,-0.0006726421803266974
2018-11-29,-0.0004550487706641507,-0.0010279838165839308,0.0004947360223992935,3.0826392182455815e-05,0.0012893569158520938
2018-11-30,0.0011980633049930905,-0.0008742607898306168,0.0003746595298683566,0.001870614636511027,-0.0009228855504690633
2018-12-03,0.002632567915007049,0.0026273102370115357,0.00042716034789733854,0.0010533435769756866,0.004563132160558059
2018-12-04,-0.006516296039614775,-0.005227054455934858,0.0009032395996376809,-0.002980504601614836,0.00011339925869045617
2018-12-06,-0.0003033018824412835,-0.001880152213955792,0.0004923519924184863,0.004907551758753511,-0.0016774317064837598
2018-12-07,-0.004684957958691882,-0.002042584715518589,0.0005685157022442788,-0.0026513284784826278,0.00231857862860458
2018-12-10,0.00035945985142007335,-0.0015673754061470329,9.740647561403139e-05,-0.0013054233605018577,-0.003213050249318533
2018-12-11,4.194717012208435e-05,0.0006151023861556742,-0.000525210797131269,7.709129368069377e-05,0.0011493370125793437
2018-12-12,0.000995630750567377,0.0029257637713473914,-0.0005671834315619847,-0.0031123190288636555,-0.0006672861016083089
2018-12-13,-8.455032343634419e-05,-0.0003769997451461935,9.837028098546761e-05,0.001136981781914246,0.0025726881384340095
2018-12-14,-0.0037181956885538967,-0.002600807991146537,0.00029348361206289704,-0.0005952227395572244,-0.0030802337614882357
2018-12-17,-0.003956514024418218,-0.0016073570095806,0.0005659614085216275,-0.007545668641161325,-0.0023381946337240975
2018-12-18,-0.00023404296744409156,0.0001431176592860047,0.00047518313806827085,0.0020429273148228114,-0.004230282123392068
2018-12-19,-0.003019238404380927,-0.0019325263463929741,0.0006815373999712963,-0.002218255679730977,0.0007840902986020591
2018-12-20,-0.003284016560039211,-0.0008320381923189283,-0.0002687569899945404,-0.0030220402131607544,-0.0018853372089995088
2018-12-21,-0.004089577883903194,-0.003512908353629826,0.000155900178405871,-0.002790629556188873,-0.0017692455072041923
2018-12-24,-0.005321397934337806,-0.0023415677410036934,0.0004834936474375083,-0.007154637208947817,-0.0022326608752694294
2018-12-26,0.010049570062893014,0.004609448258990963,-0.0009687256637535491,0.006676122719060405,0.004447863528515528
2018-12-27,0.0015460004505390792,0.0005744045270758108,0.0004895852763811281,-4.6856214950856736e-05,-0.0019211195945138641
2018-12-28,-0.0002745184710298274,0.0010479528923929636,0.0010681110678614541,0.000636918989241711,-0.0016724163455849204
2018-12-31,0.0017311806915950487,0.00028973210605669875,0.0007361536942885744,0.0005209954866201222,0.0005346105283814081
2019-01-02,0.0002063924647322292,-0.00042133300021619574,0.0004003001616725086,-0.004368874542033635,0.0005363443651390993
2019-01-03,-0.004813892800180165,-0.0018277533043647178,0.0015688901216710923,0.001382260175985445,0.0016310042253768068
2019-01-04,0.006655991978831088,0.00608044794392735,-0.001639020237286177,0.0023283096018194955,0.002709521104553733
2019-01-07,0.0015600722541244073,0.0007494116442499093,-0.0005760889974501392,0.001944317077368151,0.0014618785124445577
2019-01-08,0.0018598848743764168,0.001279961770066094,-0.0005212826543731445,0.004111142835746563,0.001985930133162193
2019-01-09,0.000916052377021592,0.0022256832755663076,9.693470648171114e-05,-0.00030839242127219334,0.003941862612647416
2019-01-10,0.0006931953729829186,0.0007661755501322089,-0.00011342182405043108,0.0026997847615912577,-0.0005376703479846033
2019-01-11,6.038833824920266e-05,-0.0013853225898410378,0.0005774149509493137,0.0005473355795531889,-0.0006694351546094653
2019-01-14,-0.0012378106847098342,-0.0009351131473530588,-0.00013354906120341265,-0.0006880138578974688,-0.0017151554027281886
2019-01-15,0.0022752763838933803,0.0010345166827325873,-0.0002118745981892451,0.0018930161455812558,0.0015595803579204987
2019-01-16,0.0004649114007020007,0.0005377729021976371,-0.0001341681760433349,0.0013886203412253341,0.0010250484837731133
2019-01-17,0.0014988524986808197,0.0007039637228238325,-0.0003836165832519307,0.0009434846529670921,0.00011389649213626073
2019-01-18,0.0026400006767603322,0.0019983633163020253,-0.0006574910473512454,0.0006633376880907196,0.00206033642796502
2019-01-22,-0.0027234192789795924,-0.003117928353875893,0.0006758576256800237,-0.000623008299508781,-0.0014330291744558553
2019-01-23,0.00040025853372705513,0.0009013954710605157,-0.00011430297621042703,5.855290275902492e-06,-0.00027805712421044153
2019-01-24,8.796220677039566e-05,0.00020941254779313477,0.0006176152434276484,0.0006663793191777625,0.0005013045148005409
2019-01-25,0.0016729460252811947,0.0022565177454665817,-0.00048072344445820175,0.0024736900163649534,0.0010192465363666808
2019-01-28,-0.0015382886484277358,-0.001111735714064659,3.782945402061981e-05,0.001933990540070737,-0.0027219215193476317
2019-01-29,-0.0002849730946223857,0.0004367198248065108,0.0005593725995281203,0.0015634546046085149,0.0019338039300606145
2019-01-30,0.0031410090379870867,0.002173622268715551,0.00044460109849544334,0.0015971586762826703,0.0014004938359293505
2019-01-31,0.0017398354313866984,7.778358862949894e-05,0.0009001145789389279,0.002069549269096074,-0.0010361626077784862
2019-02-01,7.763953329262997e-05,-8.248151665776885e-05,-0.001090438365431849,-0.0012886646252326934,0.0017831545063749768
2019-02-04,0.0013848911493496417,0.0007144601418962883,-0.00046057393405892616,0.0014739979798479143,0.00011929012933097723
2019-02-05,0.0008191077401460535,0.001537610804734936,0.00032766358538386173,0.0011308521542352204,-0.0009111998768587086
2019-02-06,-0.00028246790667173807,-0.001029096098346071,0.00013592657284606293,-0.0013300536737478835,0.00023882401166522844
2019-02-07,-0.001927633495412727,-0.002688187202444001,0.0006332467952534934,0.001634575683788652,-0.0019374234029966074
2019-02-08,0.0002290836185063091,-0.0006593322614031679,0.00024897235476215886,-1.7859233950658467e-05,0.00024041865139578177
2019-02-11,9.324951714014287e-05,-0.0002125349737723526,-0.00032489720046276346,0.0005268506282899483,-0.0011791899833433607
2019-02-12,0.0025515049489692053,0.0023031999414220416,-0.0002881489158638089,-0.0012812223856800097,0.0011528017093323393
2019-02-13,0.0006304038658576582,1.4054467235674565e-05,-0.0005179317995627106,0.0010085217639206293,0.0011420279930577362
2019-02-14,-0.0004608700019993094,4.490450712128569e-05,0.0009234059310773993,0.0006215124565707894,0.0004956423024188273
2019-02-15,0.002159262109275083,0.0028790892608498435,-0.00020940850012281633,0.0013319490026237118,0.0036866644743935324
2019-02-19,0.00032842604932930663,0.0007376735455015854,0.000325383924889423,-6.597810599970093e-05,0.00048339995709188055
2019-02-20,0.00038406051887791354,0.0005441017051993744,-5.7206437613960146e-05,-0.001265554677414044,0.000609332478143386
2019-02-21,-0.0007304243239823636,-0.00042487565088958394,-0.0006118887953031975,0.0001750479224528334,0.0006054638566773053
2019-02-22,0.0012212565672518343,0.000638071986202882,0.0005755197113393422,0.0011633199809640686,0.000480678094777172
2019-02-25,0.0002561514639616339,0.0005760945343901601,-0.00032530712089879206,-0.0015929191965122378,-0.0030151980308738657
2019-02-26,-0.00016189210012170735,0.000944816977700589,0.0005745219002869999,-0.0006348643644211225,0.0008637125413008221
2019-02-27,-0.00010432565584919932,-0.0008240171108128328,-0.0007256795333914916,-0.0010176223584654335,0.0009838439768681897
2019-02-28,-0.00039162393344069406,-0.00029877770779399856,-0.000536308913824697,0.0005056053815807544,-0.0005192954069704012
2019-03-01,0.001229625694834249,0.001070200953202298,-0.0006766383270188008,-0.0006395464552507479,-0.002280104704978182
2019-03-04,-0.0007457670822953956,-0.0007645966944498977,0.0005993880006787805,0.00088844190311225,0.0006167413343060782
2019-03-05,-0.00029122492729531007,0.0001674162933636828,9.682313349293444e-05,0.0005282635453163553,0.0009904497832620251
2019-03-06,-0.0012296894219339224,-0.0005142508675217179,0.0005384475577012377,-0.0009428048234408226,-0.0011519815154034843
2019-03-07,-0.0016944668641248278,-0.002577849755413985,0.0006518001336018957,-0.000445677053204915,-0.0005238315283762102
2019-03-08,-0.00041611968675941383,1.4219072570072739e-05,0.0002668997808371968,0.00019380722307672403,-0.00013927530159422915
2019-03-11,0.0028786916726831046,0.0017158964236502275,-0.00017233950412216042,0.002910626029462508,0.00023461268017853273
2019-03-12,0.0007348276603362374,-0.00014425140278873322,0.0005351914926985979,0.000897753847654882,0.0012461205398296782
2019-03-13,0.0013037986824763334,0.0016984506733839682,-9.49364119196641e-05,0.0009641673095481233,0.0012391385812821518
2019-03-14,-0.00014706691230937022,-5.0043454556100735e-05,-0.00030503372468765355,0.00028343748938387765,-0.0008940863158964081
2019-03-15,0.0009686874730194246,0.002146296956069508,0.0006107701765722405,-0.0006471904888035131,-1.160481192766925e-05
2019-03-18,0.0007063721518068641,0.0006860997372611044,-0.0002858460443092614,-0.0010225917049092447,0.0009851362193929398
2019-03-19,3.130694057974837e-05,0.00038036703631024284,-0.00015181733803174666,-0.0006305055518197791,0.000482287527859739
2019-03-20,-0.0006213445620209657,7.485724591959497e-05,0.0013705258328097008,0.0005918325806295172,0.0014753075430409483
2019-03-21,0.0022413088363353994,-0.0001365356853601871,-0.00011293906453768959,0.003538394046404324,-0.001009608681089857
2019-03-22,-0.003874141410771364,-0.003875549842238414,0.0014543140432758143,-0.001463395815527351,-0.001762169731461417
2019-03-25,-0.00016940984591918456,0.0002607305067734414,0.0004881236696399777,0.0002357052185138339,0.0007356029182751533
2019-03-26,0.0014711722211836746,0.0009761268707809947,-0.0001869330489477708,0.0015808779980074747,0.0003559240252537306
2019-03-27,-0.0010658572902423088,7.435786961340774e-05,0.0005629047084033431,-0.0005932655492750575,-0.0011442892800191233
2019-03-28,0.0007379007004113465,-0.0005131307468487194,-3.441733595008533e-07,0.0019156861598551556,-0.0006333454992861647
2019-03-29,0.0012420328715562038,0.0008173452796970874,-0.0003348666311989224,-0.0002034365574905786,0.000110767308239229
2019-04-01,0.002349857330992451,0.002536786228028129,-0.0014001063926703885,-0.00013534371718812937,0.0018664524410737626
2019-04-02,7.917163872410471e-05,4.2412165666971555e-05,0.0003216104578536574,0.0013840214011194688,0.00048106854569504446
2019-04-03,0.0002973232014957157,0.0015322537234828295,-0.0006425268294498957,-0.0002482643271478075,0.00022955523439360182
2019-04-04,0.0005111199861288516,-0.00044118308043049293,0.00018923733063842707,-0.0003390218840008211,0.00010569743983794741
2019-04-05,0.0009478682711915604,0.000496173658315483,7.5832477613883e-05,0.0013797973765184777,0.0006015015003660769
2019-04-08,0.00013418965723200948,0.00010184230215489281,-0.0003405277685638265,-0.0011352708769103623,0.0007223313176735568
2019-04-09,-0.0010446038094460216,-0.00128738312618957,0.0003414924614309656,-0.001070915896733219,-0.00038847624529837223
2019-04-10,0.0006634627669623777,0.0007405622864604345,0.00045397015406143705,0.0018208735857859796,0.0017084795156234098
2019-04-11,-7.347246167514793e-05,-0.00044251107919050895,-0.00047200136542111665,-0.00015534685697188647,-0.0009992713755200202
2019-04-12,0.0013335140713227253,0.001374838415937057,-0.000947302994896842,0.0009423015284943546,0.0005959703699435149
2019-04-15,-0.0001498324748362106,7.141960065582596e-05,0.00024711422375178695,-0.0010404336957311614,-0.00038693594549270933
2019-04-16,0.00011387777627150676,0.00013387015061505506,-0.0007026070395456305,-0.0045377653185077775,-0.0007536336787885415
2019-04-17,-0.0005060695971650223,0.0005531567261306446,1.936256515467057e-05,-0.0018389903385589651,-0.0007606420044025831
2019-04-18,0.0003749494177658656,-0.00013902063140296163,0.00045696731983247964,0.0015120620134882214,0.0006004032435603703
2019-04-22,0.00015518255774035585,-0.0003483405176518369,-0.00030377802655566104,-0.002219587097630118,0.0009682454950786909
2019-04-23,0.001778732714171916,0.00037360544664366097,0.00034220689977702856,0.0026241463050558386,0.0002266402097376233
2019-04-24,-0.0004630340428555442,-0.0014006325889764067,0.0007396223021647896,0.0014489052929620517,-0.0007548428940256743
2019-04-25,-0.0001421443261350682,-0.00016896133911121063,-0.00026460773610023,-0.00043609022805644215,-0.0003869618043866816
2019-04-26,0.0009128234354354875,0.0007964335550628593,0.0005115432482447067,0.0015585040039495508,-0.002369423622544791
2019-04-29,0.000294515995506207,0.0007933343072867097,-0.0004347355847674331,-0.0019793003267414805,0.00010607888978470781
2019-04-30,8.373439546564803e-05,0.00010109183339047623,0.000379144982953332,0.0018887372474258664,0.0006051102388197078
2019-05-01,-0.0015186769803586253,-0.0011560121716304916,-0.00010989849483878195,0.0001424951821160074,-0.0006412412781097922
2019-05-02,-0.00045064697635591687,-0.0003194526710173093,-0.0005869215677791836,0.00018778321201775195,-0.002268882035717226
2019-05-03,0.0019368062731473718,0.0021220694976609826,0.0002467939347528274,0.0016835709445445356,0.00010674170928353276
2019-05-06,-0.0008238597372119209,-0.002260108498440142,0.0004954160222457522,-0.0006594019716463015,0.0006041820050395815
2019-05-07,-0.0033647943933058718,-0.0035282729109626836,0.0006599251466620556,-0.003621296096032998,-0.002534275689395104
2019-05-08,-0.0002967965202104753,0.00022693555949980344,-0.0003952657198795097,-0.00022846697844524323,0.00023573993490445564
2019-05-09,-0.0006204022373196914,-0.0009315266336710337,0.0005108336275749737,0.0004921907003147115,-0.0010351583484654548
2019-05-10,0.0009906311444236064,0.0014604400160997588,-0.00015039525714827224,0.002121938902669617,0.000363856869974059
2019-05-13,-0.005060235733190587,-0.00468463762432185,0.0009777685584139186,-0.00022629583858555983,-0.001004149696989181
2019-05-14,0.0017904650154208874,0.001985529285203456,-0.00020666172041748027,0.0007194027189750583,0.002667392948977363
2019-05-15,0.0011639605237088054,0.0007068625142565814,0.0006195330915758991,0.0013348640998519365,0.0017453732456677374
2019-05-16,0.0018325344587029003,0.0015876992570959564,-0.0004116423461557995,0.0007815437577328581,0.0011092621999505422
2019-05-17,-0.0013093045785048248,-0.001337968129086996,7.677619652729594e-05,-0.0004049447050293216,-0.0018861208682083006
2019-05-20,-0.0013415548169965514,-0.0008214982321703259,-0.00035511291560367056,-0.002915829520404707,0.0008630707355496385
2019-05-21,0.0017827619814066438,0.0013138355658865216,-0.0002444668070541577,0.0016906627390347857,0.00010622839521766469
2019-05-22,-0.0006326571545669324,-0.0008188918895114338,0.0005814955150771066,0.0005752047226358036,-0.002903251569350586
2019-05-23,-0.0024642208231518553,-0.0018418233284205035,0.0011926230417480255,0.0004344934769174714,-0.004219675906473019
2019-05-24,0.0004361408014748837,0.002134466481111025,-7.401068175732604e-05,0.000596766934083802,0.0027055378877151688
2019-05-28,-0.0018832896380629207,-0.00197107671602589,0.0008573631438591957,-0.001994968683729075,0.0016481192276060694
2019-05-29,-0.0013616439464429894,-0.0012960174215084297,-9.03026030228624e-05,-0.0026774608955838237,-0.000778934055407687
2019-05-30,0.0005278085750109713,0.0007346555790274493,0.000705426173305865,0.0008186394000487797,-0.0020570783343739794
2019-05-31,-0.0027157140637390875,-0.0018263141730719631,0.001305487261341396,0.0011315574024959585,-0.005310538486367346
2019-06-03,-0.0005287795180651103,0.0011491381483992337,0.0009449468289369758,0.00046508053739811867,-0.0006674688206971297
2019-06-04,0.004307308072421059,0.0022674865192019197,-0.0007502180351798959,-0.0009154289716349672,0.0011767865242069985
2019-06-05,0.0017121800832607746,-7.85041722074866e-05,-1.8650566884126276e-05,0.004146540382951166,-0.004129856475086219
2019-06-06,0.001283483050610414,0.0007881773323852406,-5.5335548105764874e-05,0.0003661432015022588,0.003481815176658225
2019-06-07,0.0019835605430051505,0.002511686175451527,0.0007732118109347005,0.0007265965059618772,0.000656382069756467
2019-06-10,0.0009010986640201917,0.000531203830009863,-0.0010081540980317162,-0.0006685213659031544,-0.0005458334476343824
2019-06-11,-6.244697785491148e-05,0.0009899599040331772,-1.7274292853552505e-05,0.000523243065050014,0.0013048228495569894
2019-06-12,-0.0003702852831811736,-0.001502131689765741,0.0004967178023928726,0.0006552295802894599,-0.002782197695225894
2019-06-13,0.0008083777916024394,0.000164953071373226,0.0004797205542276894,0.0008370021920535556,0.002527339258806351
2019-06-14,-0.0002379929322058038,-0.0014813672611257048,0.0001292564673835937,9.432959560219667e-05,0.0007720821286163669
2019-06-17,5.865758265995368e-05,0.00012699959470935732,-5.3806628519364775e-05,0.0021196839445157298,-0.0009352651564244385
2019-06-18,0.002076241136965433,0.0026435833550165558,0.0003661269102913253,-0.00021345932141753865,0.0023568028620831213
2019-06-19,0.00043367358593447984,0.0012168826688360697,0.0005316025002584156,0.0010655551117679082,-0.00040394880340835265
2019-06-20,0.0018943887727892134,0.0017364957650505522,0.0003102924209320578,0.0009931656216680433,0.004015469608171209
2019-06-21,-0.00030713968122113837,-0.000869572074878013,-0.0008348112296437094,-0.002841624616411673,0.0004934740868803126
2019-06-24,-0.00026211349356810925,0.0004119282990543278,0.0006775085834538767,-0.0007003738334892892,0.0008757406379851754
2019-06-25,-0.0019803983325905254,-0.001207584127148608,0.00029286741855127403,-0.002978257543524901,0.0006181384320534944
2019-06-26,-0.00021526880132527104,0.00022973184625039094,-0.0008363482992803014,-0.0040202676674090275,0.0009944272003708128
2019-06-27,0.0006925512581019535,0.00047420887652129006,0.000585915142496975,0.0025531258493292647,-1.714168171253732e-05
2019-06-28,0.001012208826158018,0.0011150603511696782,7.508390774995471e-05,0.0006728152195821382,-0.002151123371525158
2019-07-01,0.0018016073623988587,0.0009282444852075763,-0.000270751856550292,-0.00011058883262256061,-0.00013956908961652617
2019-07-02,0.0005039973564855014,0.0005579354521980012,0.0006935111060041883,0.0034605264775729597,-0.0033330771571546632
2019-07-03,0.001582777496424974,0.0013411142731001812,0.0003646038012306742,0.002371777266939086,0.001921098718505724
2019-07-05,-0.00024538702011686733,-0.0015464953737492067,-0.0012867328294723685,-0.0007278055360991802,0.0003645602187082066
2019-07-08,-0.0011170644489960871,-0.0011664478573789948,-0.00021705204503969866,0.0006960788954492179,-0.00027062642511036357
2019-07-09,0.00023320134628602562,-0.0008666936118087618,-0.00014518468166785654,0.0006486084501433877,0.0006210421404181732
2019-07-10,0.0009387051702967713,0.0006848584361715445,9.201323639740545e-05,0.0011356834154894354,0.004308609205811598
2019-07-11,0.00045190189016820623,-7.713104455873228e-05,-0.001004871949647288,-0.0026185237138294307,0.00010812354766953954
2019-07-12,0.0008778764814001273,0.00022703043911313016,0.00020376233125119284,-0.00028446729121337356,0.0004828605687219255
2019-07-15,4.9845544849883866e-05,0.00016563499310549195,0.00040508242454624334,-0.00017315244832190145,-0.002134894343757598
2019-07-16,-0.0006608191642021308,-0.0008369271056805571,-0.00045567081947089276,-0.00048637129904830086,-0.0021563151476974955
2019-07-17,-0.0013805540821985336,-0.000290540234021309,0.000918892014459091,-0.0006888672662813108,-0.0017950298271150766
2019-07-18,0.0007159336643326572,0.0005969639592429018,0.00047617234032317114,-1.5759119490318488e-05,-0.0014271114442065672
2019-07-19,-0.0011207220820793808,-0.0005949893528838136,-0.00038018095578495946,-0.003277546952521486,0.001147481936923769
2019-07-22,0.0004748604538007077,0.00019751158123460985,7.513075488940829e-05,-0.00019889300994314546,-0.0006587418892237889
2019-07-23,0.00141244898814132,0.0012339519135906789,-0.00034474838830156237,0.002249746048084699,0.0012795591876425647
2019-07-24,0.0009274652139130157,0.00013685971054927098,0.00027588011042060267,0.00014223374124315458,-0.0009106260297404038
2019-07-25,-0.0009724642990298771,-0.002048836265590972,-0.00036302545191577195,-0.001192255238659862,-0.000784653249296827
2019-07-26,0.0013226597896063331,0.0003813613803957727,-5.3270763921827614e-05,0.0008937430976377791,0.00024193890621806383
2019-07-29,-0.0003815101634462703,0.00041128299288247877,0.0001662672136962681,0.0005273010293884092,0.000757563604199587
2019-07-30,-0.0005060751666698376,-0.0023328622574627952,7.522067372887007e-05,0.0015834746194285038,0.001136346691197375
2019-07-31,-0.00220375645553132,-0.0013431231042389574,0.0004952405184855059,-0.0008000552853214648,-0.001292155372391925
2019-08-01,-0.0017559965977447425,-0.0005735465716371656,0.002248595433278579,-1.582200612884377e-05,-0.005573212144028504
2019-08-02,-0.001525101679745772,-0.0017940326023714887,0.00039870948644222626,0.0009523566403253394,0.000259856738485721
2019-08-05,-0.0060549272600466135,-0.00502351141837233,0.0017037389268796607,-0.0039402583565889635,-0.0017322293324600025
2019-08-06,0.002783488379082583,0.0013371721013613585,0.0003089360294068471,0.0022019173721447775,-0.0010835344968434086
2019-08-07,0.00012014700959261133,0.0007512551520315239,-5.328084491321945e-07,0.001924770731973325,-0.002564448480914836
2019-08-08,0.003897365369556546,0.0019253384635700903,4.39230690476598e-06,0.00349573085873586,0.0010715870747652117
2019-08-09,-0.001380561751850872,-0.001406766663938211,-0.0003181693384098957,-0.00025735831256592536,0.0017379826640365776
2019-08-12,-0.0024559827862910572,-0.0016065289391509292,0.0012478400596317237,-0.0005438208902217673,-0.001485159207165063
2019-08-13,0.003097591433319003,0.001877864408186529,-0.0007242370661648031,0.0002714308339319057,0.0046912697808422265
2019-08-14,-0.005947395570371565,-0.005522574552751594,0.0013152642314594345,-0.0030473467367073785,-0.0030457749450195025
2019-08-15,0.0005138156880129921,0.0006709272073231118,0.0012570726811701371,0.001976161310638274,-0.001622623182809871
2019-08-16,0.0029291475607325377,0.0023869751030858523,-0.0005406817343526824,0.0020462565210344007,-0.00014980459476960297
2019-08-19,0.002393423991178214,0.0012080966942791319,-0.0009657957746239339,0.001432879962732934,0.0009289248852381251
2019-08-20,-0.0015513088660701114,-0.0006866641081620201,0.0008689397102246441,-0.0014263957695238552,0.0005219770351566378
2019-08-21,0.0016117171760677417,0.0013981356645988124,-0.0005441182865492384,0.0008186546559901655,0.0006580352812997434
2019-08-22,-7.579520469167213e-05,-0.00039725987092062567,-0.00045725506810992503,0.00090203411030268,-0.0009497312434523372
2019-08-23,-0.005159599507400776,-0.002499948213473026,0.001324413641655396,-0.0028137673811821245,-0.0014880062834391292
2019-08-26,0.0021950377490873203,0.00163181066339633,-0.00021006243087433947,0.0015284003464147336,-0.000145242179316214
2019-08-27,-0.0007973084918779362,-0.00017440885696655151,0.0008482768319399846,-0.000581726523572126,0.0013374308865927358
2019-08-28,0.0013993134229177938,-1.4069367216632284e-05,5.465123187650213e-05,0.0006435011382918375,0.0017278361083849195
2019-08-29,0.0025357438841122327,0.0017154071630738614,-0.00040224204930417985,0.0015375028039416945,0.0005187726066916258
2019-08-30,-0.0001002823267445697,0.0007813357226086894,3.848395784834053e-05,0.00013663452793986542,-0.0032147644757456613
2019-09-03,-0.001184775155145764,-0.00039426843738098795,0.00042182798462244656,0.0019706743522619357,-0.0010880747443944175
2019-09-04,0.0022540737569658963,0.002803521715667265,0.00030414782036155424,0.0016609002166024596,0.0047170529234355765
2019-09-05,0.0025510603975334814,0.0010486348217478546,-0.001630398788799369,-0.0014671563833245633,-0.0002794147061586659
2019-09-06,0.00013921919707648075,0.0006374068698552137,0.00010831484435237478,0.00043535908390210674,0.0005272006932629849
2019-09-09,8.669225942749656e-05,0.0005735772968358385,-0.0012519764570748419,-0.0009799022099196435,0.001833206432336781
2019-09-10,-6.149523663476012e-05,0.0003249515863170784,-0.0014702262553930102,-0.0020826202802701195,0.00024705243219096194
2019-09-11,0.0014064301480548047,0.0010940442516323239,-0.0002119865725927697,0.00020282162895839727,-0.0014529573529967975
2019-09-12,0.0006772543423725115,0.0011500606067568653,-0.00045992322136964586,0.0010512303799588428,-0.0007794670683515602
2019-09-13,-0.00014757879154815616,0.0011124711144457357,-0.0018494529063545245,-0.002156570198085516,-1.4859446402455848e-05
2019-09-16,-0.0006316372144133248,-0.0018127556763968995,0.0008535265520391677,0.0017367017309904273,0.008809962057903844
2019-09-17,0.0004917543384582034,0.0006597049283061157,0.0005071041547966672,0.0021427558597431184,-0.0038198878784329485
2019-09-18,0.00010502810964385554,-0.00025867797408617594,5.7722919977885634e-05,-0.00069081338605366,-0.0013097541746332569
2019-09-19,-2.912986085236717e-05,0.0006572608433961449,7.414722008551719e-05,0.0006940890401781575,0.0010277834789157484
2019-09-20,-0.0009591654832379398,-0.00047176855323277184,0.0011347403278768942,-1.4656803549176706e-05,0.00024384273276787234
2019-09-23,-6.178109578960758e-05,-0.0005317296815327043,0.00027027014515488586,0.0003062048013213101,0.0005006573699609025
2019-09-24,-0.0015779823778350583,-0.0007782046404092937,0.000984352048505674,-0.0004574617070986058,-0.002342585668384302
2019-09-25,0.0011639825917134845,-0.0005971311081208353,-0.0013255183563944109,0.00037229218423794915,-0.0011822525480019179
2019-09-26,-0.0004316798649534846,0.0007257595663019772,0.00041452382165712925,0.0016647839139998625,-1.3104234939603413e-05
2019-09-27,-0.0010857032826645243,-0.0006883669901160335,0.0002708066468595728,-0.0011206777802221855,-0.0007928459143808584
2019-09-30,0.0009112608573918356,0.0007235129580581236,0.00014588471248570424,0.00032871890347859677,-0.0019940944825345263
2019-10-01,-0.0023816858432194996,-0.001980421053736118,0.0005441813443027293,-0.0019014480976641862,-0.00014653588480639533
2019-10-02,-0.003552582426227004,-0.004117322195858532,0.0006762495855974353,-0.0008555459605325774,-0.0017379768755202978
2019-10-03,0.001624455242214902,0.0013128651934620624,0.0010286886176613843,0.0019202652722920684,-0.00027639078657702064
2019-10-04,0.0026927636219667393,0.001559380202235676,0.0003750272577376863,0.001192990375407369,0.001597966632930032
2019-10-07,-0.0008767473550616275,-0.0002628714939005058,-0.0006814795170850929,-0.00044062842908639314,-0.00027943921214022637
2019-10-08,-0.003125537247795411,-0.0018876746441967482,0.0004110794411177584,-0.0010632956603980957,-0.0001456108088889359
2019-10-09,0.0018855633782797455,0.0014357766315943401,-0.0005261287005262802,0.0003802418110365603,0.000524650777117905
2019-10-10,0.0013408175374208194,0.0013957204389177897,-0.0012680350410845943,0.0003099884522533393,0.0013187361513444706
2019-10-11,0.0020599412300899636,0.0035525764426305433,-0.0013847667524703176,-0.00010088068772662972,0.002371920533906757
2019-10-14,-0.0002358871935678179,-0.0008366923021352888,0.0005409855392257394,7.304922385958499e-05,-0.0009272865174778641
2019-10-15,0.0019640283837037862,0.002311069314535725,-0.0009773130949328015,0.00024493961583228714,-0.0005396480560427474
2019-10-16,-0.00033423146615811725,0.0002897494065746357,0.0003807725492355574,8.397410726851433e-06,0.0002518802124380055
2019-10-17,0.0005773939927657012,0.00047238837076207313,-8.430133459839282e-05,0.0012960805224677787,0.0007787489403173988
2019-10-18,-0.0008893816744979003,-0.0001032915275940511,0.00016571935314780908,0.0015231547131829791,-0.00014246980809634176
2019-10-21,0.0013411561243010846,0.0010744317481686096,-0.0007464205621403673,0.0015101080610130115,-0.0002721290157111565
2019-10-22,-0.0006666789686521361,-0.0004942414462950502,0.00045333472994708727,-0.000600993592482378,0.00025101427416451187
2019-10-23,0.0005702079161273138,0.00106936119963046,5.899775494329028e-05,0.00042918722713215074,0.002484108415669542
2019-10-24,0.0003141169997487347,0.0003464137283693125,-4.924066903168095e-05,-0.000517863864929984,0.0010229340670531697
2019-10-25,0.0008076404193091233,0.0001977237601895926,-0.00044146916613849966,-0.0017191620047416877,0.0011448422023017891
2019-10-28,0.0011133819528784292,0.0008818990435521329,-0.0007661632952230465,-0.00122491270227234,-0.0007810960252080991
2019-10-29,-7.22404624519244e-05,-7.076217699977558e-05,0.00016734242577651605,0.0012023456464217396,-0.00039359649808084704
2019-10-30,0.0006003899720305978,0.0008201701663057543,0.0009573281073867873,0.0007106948460296986,-0.0013011822098201896
2019-10-31,-0.0005446452549164393,-0.00048521442184874553,0.0012557548719134485,-0.00037032702855660884,-0.0011811067503981138
2019-11-01,0.0018394748770704779,0.0017664132796703362,-0.0003899145319972496,-5.508075436164603e-05,0.003634922963232918
2019-11-04,0.0007922299188820857,0.001018177611477044,-0.001030002741846255,-0.001417067608054889,0.0012707741335937193
2019-11-05,-0.00023287726942201957,-0.00039253561973966904,-0.0010889481910180947,-0.003414972600390652,0.0004971823493561215
2019-11-06,3.3460410015351574e-05,-9.992287901913073e-05,0.0005643664115214102,0.0004223167293040072,-0.0021762448532839152
2019-11-07,0.000691870121633129,0.0006054825895090972,-0.0016158181884678136,-0.002013305174342818,-0.0001384611205045676
2019-11-08,0.00047961821334763504,-0.0001288473635379804,-0.0002837838792701761,-0.0004936370654749129,0.0005147980919679186
2019-11-11,-0.0003932349503724525,-0.00027396152290799325,0.0002066802429240393,0.0004252529427638126,-0.0012899453464346046
2019-11-12,0.0004091257369457123,7.553894766181757e-05,7.824936700523519e-05,-0.001524628721466023,0.00011677948189521298
2019-11-13,5.3607049763954734e-05,-0.000711527391762245,0.0005319707937643544,0.0018148236729192493,0.00037643717373432985
2019-11-14,0.0002796057663484144,-0.0005680423696330446,0.0009986498672059428,0.0015391730590127387,-0.0006531349578264327
2019-11-15,0.0014330601292855468,0.001253540743874949,-0.0001737411750279372,0.0010727000839065436,0.00102293976936448
2019-11-18,0.0001351985726404691,0.00022206178514550708,0.0003294272225991927,0.0009574008009633917,-0.0020709920739435464
2019-11-19,-6.925339146776347e-05,-0.0002736506878686171,0.00036500409735177355,0.0003317356141196755,-0.0018333088759825134
2019-11-20,-0.0007568495201469408,-0.001272462171680774,0.0007219618677486903,-0.00011941206362301125,0.002597026247190456
2019-11-21,-0.00033378866654420087,-0.00027745556250900386,-0.0005125233984087627,-0.002829071471797179,0.0017920105515974846
2019-11-22,0.00043242330722561304,0.0005485717823689202,-4.847818115447235e-05,-0.0007527205240717167,-0.0001405021633479303
2019-11-25,0.0015355911840073966,0.001573699152065641,7.703676900149825e-05,0.0006207448282508435,-9.149234947399997e-06
2019-11-26,0.00044087714644306725,-0.000128843042871456,0.00036332003426901686,0.0026412492687938067,0.00113970120288939
2019-11-27,0.0008778317227076911,0.0005126320562639994,-0.0005309670583170702,0.0009328538687628622,-0.0010327784785881015
2019-11-29,-0.0007536693438730973,-0.0014110711860646238,-0.00017357415891270856,-0.0009292648616005144,-0.003994104381868953
2019-12-02,-0.0017083816041680788,-0.0010395022519479335,-0.000729702672398499,-0.0030498522503505203,-0.0002665232752553879
2019-12-03,-0.0013500649814796077,-0.000743678019860216,0.0017647218700708371,0.001271296795554438,0.00011773977777629039
2019-12-04,0.0012218794776794072,0.001821065995580081,-0.0007822455085105294,0.0008179220342294773,0.0031179963140937133
2019-12-05,0.00034772048861440895,-0.00039304043755963093,-0.00047711956533433856,9.601244724336048e-05,0.00037417127095105697
2019-12-06,0.0018122323854102612,0.0018080496903841274,-0.0006222126116412624,0.00039884252097966154,0.0012783984146341582
2019-12-09,-0.0006412311819563504,-0.0010612807851308604,0.00015076734715353712,0.0003753684601513398,-0.0002672122628960927
2019-12-10,-0.00023520796455102464,7.591638166575516e-05,-0.00024604509625393556,-0.0011725958685854213,0.0008819627227258605
2019-12-11,0.0005551914822097373,0.0010412252751183448,0.0008166138714477353,-0.002044166285529518,-0.0009041886353090546
2019-12-12,0.0017111314915816617,0.0013279392105303327,-0.0015932008948162646,-0.0027194251673290856,0.001775389118630027
2019-12-13,0.00010820188010104898,0.0013741289177531652,0.0011633696891448458,3.1906810861522095e-05,0.00100188748788346
2019-12-16,0.0013614046232246393,0.002124017381289485,-0.0009512434376834227,0.0014279306764748458,0.001373671632726385
2019-12-17,3.180488624138645e-05,-0.0011626716260370348,5.98246701598359e-06,-0.0018959350580169511,0.0008633612382677273
2019-12-18,5.840559970419353e-07,-0.0002723770941188413,-0.0005548885682432408,0.0024256235413347383,0.00011302458444752459
2019-12-19,0.0008068788736227439,-1.1607434840408785e-05,0.00014388233780321893,0.0017606578342696006,0.0008584253184434755
2019-12-20,0.0008639516567366565,0.00013272308463207943,-1.1659353004364908e-05,0.001084640289990476,-0.0002602105872223158
2019-12-23,0.00029338887404512377,0.0003056548558667111,-0.00019389806210238898,-0.0010094944853869425,3.955108481392265e-05
2019-12-24,-6.057350695738313e-06,-0.00021444470117744263,0.00033335181132950246,0.0005142149465370046,0.0008707086911982948
2019-12-26,0.0010524426347899788,0.0008541831014229641,0.0002777860169807373,0.0008637852191344057,0.0014930038492188338
2019-12-27,-6.166471267558613e-05,0.0003342727157407555,0.000277410401054002,0.0006199295306004801,0.0003618504991821133
2019-12-30,-0.0011149831073324545,-0.0015032638990179813,-0.00013683378656908745,0.0001842585310882129,-0.0003795750173061951
2019-12-31,0.00047370303506982835,0.0009117108937440342,-0.0007351346093173903,0.0014184372387398263,-0.0012586055935579754
2020-01-02,0.0018578082308249916,0.002002405708197148,0.0009133834018857733,-0.0023620666150969824,0.00023848785169123805
2020-01-03,-0.0015194992866704666,-0.0024906316395019255,0.0013210743753020897,0.001237967496612874,0.002381543693301482
2020-01-06,0.0007623925184834995,0.000769217528696802,-0.00022662159529490607,0.00022665873057468245,0.00036653570258362835
2020-01-07,-0.0005744448416863144,-0.0005579885705872797,-0.00029921654473460735,-0.002243565487972508,-0.00013544547062912466
2020-01-08,0.0010533001280021619,0.0005656864951981136,-0.0004790676252349763,0.0006007799431023782,-0.0029805515829349673
2020-01-09,0.0013422010444748926,0.0004477991135998775,0.0001333933330567188,-0.00012107195754661313,-0.0008894692658725691
2020-01-10,-0.0005864273804378838,-0.0007588860348054984,0.00042035636576692644,0.0015149538913330864,-1.19492251505335e-05
2020-01-13,0.001360865414329291,0.0010234800987612832,-0.0002458838806748842,0.002390727796964413,-0.0015275429099285776
2020-01-14,-0.0003172350579860809,0.00018935469971620913,0.0003834646647562828,-0.0007625038277923205,0.0008762165680452293
2020-01-15,0.0004400121325292375,-1.2101633102906473e-05,0.000490526919387527,0.0017899440726025255,-0.001025261567429062
2020-01-16,0.0016489975112206757,0.0008178547408905054,-0.0004246895031600132,0.0015853289590760614,-0.00026653411054953775
2020-01-17,0.0006100373626285146,0.0005861653151347105,-0.0001730362838080874,0.0001783692941621026,0.0006239438400395934
2020-01-21,-0.000403559698885313,-0.0016055419849838313,0.0007768463835926167,0.0018827019708030775,-0.0011542899666288414
2020-01-22,1.2999995307054726e-05,0.0003905984134768748,2.375713260089467e-05,-0.00134819342730819,-0.002701313976028238
2020-01-23,0.00021705336742572297,-0.0004978121640785072,0.0004885892553214043,0.0016668161968779946,-0.0016904594197704177
2020-01-24,-0.0017855565746465985,-0.0008646289816491041,0.0007012425105098569,-0.0006998307720493425,-0.0030217485241743076
2020-01-27,-0.003216335475822762,-0.0041596196914417665,0.001338480712129929,-0.0009768438761113927,-0.003719920322794661
2020-01-28,0.0020803982233616423,0.0018662744964561071,-0.0006853117825958109,0.0007879813176740864,0.0009328521310790519
2020-01-29,-0.00017507871112415005,1.6788890059334425e-05,0.0009457417209909785,-0.0007451773319304554,-0.0009536428210346858
2020-01-30,0.0006400542572452241,-0.00018319585106329157,0.00018245683787804397,0.00013300411371503865,-0.0017637608791849124
2020-01-31,-0.00363824266649674,-0.003400792101660787,0.0009888536923183034,-0.002445666519740335,-0.0016445201680570433
2020-02-03,0.001470430606682307,0.0004620347050600348,-0.00018208960144002246,0.0006477095527877382,-0.0037323621052770296
2020-02-04,0.0030328208460783934,0.003326075157581622,-0.0011753954708255796,0.002050931425408756,0.0002726986871673259
2020-02-05,0.00229595398925192,0.0019070382529750864,-0.0008802665125739902,0.00011217751912414662,0.0030563387867667277
2020-02-06,0.0006606241988772847,0.0005350834010084045,0.0001300857621104526,0.0006592790081588182,0.0008153585767251587
2020-02-07,-0.0010786946002053148,-0.001911160890145419,0.0009446836978902707,-5.322012820447053e-05,-0.0011071207593724647
2020-02-10,0.0014841817351570143,0.00039400333794214196,0.0003761442188899103,0.002218921513632909,-0.0018041122773056232
2020-02-11,0.0003345816954615806,0.0013479940457351003,-0.0004895166670516282,0.001499025275139527,0.0006839073153162172
2020-02-12,0.001276051366481089,0.0006776308996578799,-0.0005257014369247855,0.0011810147094289385,0.0027549092781967996
2020-02-13,-0.00022432203824645732,-0.0014138801749186442,0.00016445476184136088,0.001189421817461902,0.00012428750719708638
2020-02-14,0.000308152971760567,-0.0003591574063957235,0.00048303609071301615,0.0020563046146449783,-0.00014876972457287762
2020-02-18,-0.0005275695959816181,-0.0012833190685034891,0.00030515811784732086,-0.0002327298872308165,0.0014866934200519634
2020-02-19,0.000943514416193615,0.0006566351156442053,-4.7140516023789914e-05,-0.0027114878816720187,0.0018823049594515358
2020-02-20,-0.0008345866406280162,-0.0012023765673928345,0.0005686183972333173,0.002370102380896788,-0.0008166126422016347
2020-02-21,-0.002074613414152452,-0.0009457756556502698,0.0007947232675347805,0.0005706725400700192,-0.0008201848137452654
2020-02-24,-0.006651093747846306,-0.008010729984895406,0.001547294920113755,-0.0027417761191328464,-0.0038005775845260524
2020-02-25,-0.006052560994116367,-0.0032968803455326844,0.0005451184645463109,-0.005426070609777219,-0.0037494933007425793
2020-02-26,-0.0007429138277146173,0.0002452841296982227,-0.00011466704738636162,-0.00216810812142682,-0.0019869753359567145
2020-02-27,-0.009029429029172987,-0.005940199625995838,0.0009638538977195838,-0.010673629378897934,-0.003415748815956175
2020-02-28,-0.0007820772826943482,-0.0012069859468051309,0.002215335565700102,-0.004840108793464901,-0.0034756621289314584
2020-03-02,0.00863740220643987,0.0025738724979574063,-0.00014616930434717694,0.00854009762186649,0.004534395681661013
2020-03-03,-0.005743902687541622,-0.0016080345847594836,0.0023206437031760476,-0.00046994783322183335,0.0004236224912605525
2020-03-04,0.00836828970318889,0.005962301799336248,-0.000453285377935396,0.007530703614589864,0.0001307229843449293
2020-03-05,-0.006676382930704854,-0.005325265507426325,0.0017655994252602633,-0.004295339675047733,-0.0021358030455212573
2020-03-06,-0.0032628310776932077,-0.0030004566294626915,0.0020532035074216576,-0.0034440815179001267,-0.0065279018168610415
2020-03-09,-0.015642536734325536,-0.015558111883873087,0.0019967040157396615,-0.015432765931028799,-0.01557441155431308
2020-03-10,0.010310414243430198,0.007376080488314284,-0.003757293259641272,0.008448789647322751,0.006325293202895159
2020-03-11,-0.009810911075403812,-0.010257222924048416,-0.0019171480962790353,-0.012082161403360811,-0.003598217468883299
2020-03-12,-0.019268875255196348,-0.02220542353738632,0.0003099321942079248,-0.02042004616922703,-0.008012182920450833
2020-03-13,0.01700179697143092,0.012121977655572103,-0.0013417033287477227,0.017357370617987377,0.0021230531193086235
2020-03-16,-0.02192491055434411,-0.02046768092208969,0.005209081883357441,-0.035891423078534844,-0.012062575209215129
2020-03-17,0.010721693463447568,0.00970582628210624,-0.005076226578317394,0.01148967372612217,-0.0031981839663839102
2020-03-18,-0.010058849272755927,-0.011438288653856358,-0.002728331489932215,-0.019148380227670573,-0.006573564074930438
2020-03-19,0.00042367368110191386,0.0031021043329729488,0.0006550971636263202,0.0007375988210535076,0.004250368709198713
2020-03-20,-0.00865650790848833,-0.0024165456818107515,0.005107614469966231,-0.010038421353004572,-0.002131303453745621
2020-03-23,-0.005117079583750518,-0.0023098017467522076,0.0023581624422754468,-0.009307605369350255,0.0024172191285125903
2020-03-24,0.018015163593775408,0.01688081512129038,-0.0013470244774388426,0.017910764944413744,0.004337316545305996
2020-03-25,0.0029913716518680683,0.006477888534393786,0.00011728705784563395,0.010779489806703405,0.003364464471787972
2020-03-26,0.01162462135147312,0.008945044148175344,0.0004840880746378514,0.014056199420711521,-0.0006974331515505792
2020-03-27,-0.005956862032648657,-0.0056751061886157065,0.0014725325797702985,0.00026402539685865773,-0.0007133239296922957
2020-03-30,0.006472077767812318,0.0040498154913113,0.0004639164212484077,0.004353264004275132,-0.0005146466596025805
2020-03-31,-0.0029838026658575456,-0.001727558987086357,0.00036139437239402937,-0.004848450713527872,-0.002409791664043763
2020-04-01,-0.009021848674563371,-0.00888631282807427,0.0008270324889147875,-0.01323200855631333,-0.005650828555550489
2020-04-02,0.004632109454905623,0.00390603999798582,3.368216224983065e-05,0.00072189576457857,0.0038219067049766638
2020-04-03,-0.0028986618907171392,-0.004591793080666706,0.0001471808528362008,-0.0029123837284457184,0.005008089549397644
2020-04-06,0.013336978264409993,0.010559483708147271,-0.0009104709067142833,0.01470963656113324,0.0010657049411645215
2020-04-07,0.00028476838992962485,0.001178759259478513,-0.0008777667632223013,0.0019339120190351384,0.0013799402505066541
2020-04-08,0.006686364097963323,0.0016332451798066214,-0.00024918827268550483,0.013531887401164662,-0.0005234552517183839
2020-04-09,0.0030397295679755925,0.00451602666656486,0.0004334037238390494,0.011154115052707447,0.0005189739185427698
2020-04-13,-0.001831066041259283,-0.0019120315302436955,-0.0004318419853910138,-0.008453680876283877,0.0034401419657108852
2020-04-14,0.005880022773173751,0.003557435654155916,0.0002632090643285911,0.0055926736918110636,-0.001721726134746749
2020-04-15,-0.004250335836615558,-0.0062559215226899575,0.0017681967861176721,-0.00795196172662236,-0.004116191917137185
2020-04-16,0.0009636257570266319,0.00010999470266045892,0.00021189628852189937,-0.0022819867419236577,-0.0005268772682562977
2020-04-17,0.00539505461101466,0.005297849857334551,-0.0005318011285408582,0.006306717288452205,0.0008886385464120178
2020-04-20,-0.0035256945016005326,-0.002978836509662281,0.0005216302302312302,-0.007465296615393528,-0.003321179518624154
2020-04-21,-0.0060740209504135225,-0.003896090143106473,0.0005604299128768371,-0.0036166099890916673,-0.009470981129287872
2020-04-22,0.004434079031533357,0.0033793417395772607,-0.0006252539178608289,0.003056586807495366,0.0027982969105571458
2020-04-23,-1.4594044269059025e-05,-0.0006243366691058076,0.00013106058594111627,-0.0016739983937698246,-0.0005313102784546621
2020-04-24,0.00278304392579299,0.002304236211294958,5.009086269667217e-05,0.0008568114395558151,-0.002595298578103004
2020-04-27,0.002873950879486043,0.0026363017442121855,-0.0010677783372019937,0.006805384378070406,-0.003755437635325567
2020-04-28,-0.0009142013608247862,0.00152126739071599,0.0008754757951056882,0.001661621850997496,0.0001833762415717445
2020-04-29,0.005230470135282127,0.0049990105623479615,-0.00010206122706308128,0.0030107201663738536,0.0036157419492989316
2020-04-30,-0.0018634628706321412,-0.004168978402894235,-0.0004733096417542834,-0.0023068989737033236,0.0037115843659794633
2020-05-01,-0.005304245102399806,-0.004352115260646774,0.0002765846281665704,-0.006775531676078446,-0.0025657681677132543
2020-05-04,0.0005535187726321257,-7.079220799134523e-05,3.100371013615287e-05,-0.0009718491960128233,0.0024039968439716077
2020-05-05,0.0018475525361932121,0.0003599191497953788,-0.00014630071868156113,0.000984519112822262,0.005126895756703375
2020-05-06,-0.001343586550963394,-0.001282464522608372,-0.0007390615638435981,-0.003582471927304091,-0.003960214269583481
2020-05-07,0.0024123974144365646,0.003013539679572275,0.0012306155264377818,0.0028532071258350455,0.001296651986791264
2020-05-08,0.0033052468543775014,0.00339514670496093,-0.0006594801599103675,0.004740185519341605,0.004172587775192511
2020-05-11,4.248782311447349e-05,-0.000176413216379567,-0.0005580208575441768,-0.002912316736435046,-0.002661841699712701
2020-05-12,-0.003976926154786099,-0.0025344239502434474,0.000660965877227693,-0.009073911019799902,-0.001626532163101057
2020-05-13,-0.0035425147409479667,-0.0015165416196825383,0.0004097686696856679,-0.004872155001255864,-0.0020010318734170825
2020-05-14,0.0023951603469583556,-0.0018666195658158967,0.00031064730165354865,0.0007141876554645536,0.0034523060026359323
2020-05-15,0.0009406837366058027,0.00018062258956937744,-0.00013126407166163487,-0.0007806348948206696,0.001983723043366757
2020-05-18,0.006086156594256003,0.008069049255586313,-0.0012494861927007863,0.01176686599505296,0.005710499905119017
2020-05-19,-0.002054916788853372,-0.0027608189685634017,0.0005586326589809358,-0.002693746436397532,-0.0005187113322938595
2020-05-20,0.0033952960008355577,0.00416562699518536,5.1898294691713655e-05,0.0017801258661056798,0.0034783757565981367
2020-05-21,-0.001381098632538958,-0.002324164239611311,0.00013075928102515677,0.00016783011111610514,-0.0008519641083217396
2020-05-22,0.0003773568469042477,-0.0005607493354385759,0.00037582516021556086,0.002689778619535258,-0.0015426704513350719
2020-05-26,0.0024703724095986148,0.005727285612389111,-0.0005253233427710113,0.007456126577001583,0.0020760777260225407
2020-05-27,0.0029717288244897402,0.002422863133306466,0.0001650404832889653,0.003986568222970631,-0.002588899765409051
2020-05-28,-0.0003720431925152539,0.0018927008545575861,-0.00018120555930374347,0.0009557888100644935,0.001043915617299152
2020-05-29,0.0008890857636822319,-0.0007025605356699072,0.0006391991011713562,-0.00199856398365461,0.0034536742671166334
2020-06-01,0.0008098279121550778,0.004435086416218776,-7.96823933814131e-05,0.004625914821305725,0.0011953180805666824
2020-06-02,0.001655887798041242,0.0018674338134380744,-0.0003306782564514898,0.0016139287569194303,0.002190719585491915
2020-06-03,0.002657629742074392,0.004758321486272498,-0.0011904914358506905,0.006385644828777723,1.6935660488709746e-06
2020-06-04,-0.0005265290466973985,-0.0008570135233579632,-0.0007948995716398775,-0.0019930150496117877,0.00166204393714751
2020-06-05,0.005122148494321392,0.00344278154941867,-0.0009928594743505268,0.0075617952615649655,0.003972071024697717
2020-06-08,0.002418340216742223,0.002597415661948839,0.00021730216285272366,0.004935784357613895,-0.0013059957671868818
2020-06-09,-0.001492829113430158,-0.0025937560284711473,0.0007158138481798656,-0.0033176967632474867,0.0006448432625048916
2020-06-10,-0.001116249748555105,-0.0004374598977675088,0.001493221526155156,-0.005104856180982434,0.0013019713336013979
2020-06-11,-0.01154013749448567,-0.010736452969143506,0.0007073884770011775,-0.012934666270585283,-0.006472833897740985
2020-06-12,0.002410148737096729,0.0034637058672116433,-0.0004480596028510035,0.007162616973244594,0.000823598643129735
2020-06-15,0.0018918535487656572,0.0008309259112528591,-0.00015625229342690211,0.0029616199362976926,0.0018146775541121206
2020-06-16,0.0038622152648691696,0.0024725348349940936,-0.00040762480228444774,0.003982658864258403,0.001643315639999458
2020-06-17,-0.0008313311217226354,0.0007509798674595787,0.00031268304318347217,-0.0028923089662625467,-0.0009860214341556978
2020-06-18,7.614131296956574e-05,-0.0010699182222454193,0.000443898266327829,-0.0021911712724828167,0.0011448153099163564
2020-06-19,-0.0011367208982896945,-0.00097470343631535,7.010806279252201e-05,-0.0028794035737539346,0.0016382354851770347
2020-06-22,0.001287845564137272,0.0023849231434060784,-0.00018259139230029396,-0.00020076823271337178,0.002103915437055572
2020-06-23,0.000922024119675775,0.001105803433199606,-6.64792746070789e-05,-0.0008165128435937079,-0.0009708000791408932
2020-06-24,-0.005103059642727725,-0.005134292397506807,0.0003739769861149777,-0.005717304239166275,-0.004984850571894891
2020-06-25,0.002144184617205011,0.002834068572394972,3.220892694193235e-05,0.002570974363919869,0.0018187225466229184
2020-06-26,-0.004756251608069832,-0.0029005389171504604,0.0005401114587242765,-0.0038424071310849397,-0.0024636558216042524
2020-06-29,0.0029401789829306543,0.001619237878166831,0.0001968450312082735,0.0038516365598404217,0.0033133916339083413
2020-06-30,0.002560914523629369,-0.00035641879467088384,-0.0003609249554042503,0.0023609625630982107,0.0009797002619742574
2020-07-01,0.0013986226952387478,0.0007575007772547623,-0.0003131954640070528,0.004602824124758167,0.0016214206277605568
2020-07-02,0.0011036273412214919,0.0021944698435137264,0.00024977549296464305,-0.000546447282559318,0.0008035596539083987
2020-07-06,0.003084883672189569,0.003267563998067977,-0.0002948648125874547,-7.143073586676405e-05,0.0016037106280762273
2020-07-07,-0.0020634324434537312,-0.00293585573293958,0.0006369230164618572,-0.0039829488821302925,0.000156029551047582
2020-07-08,0.0015276341099402942,0.0016825573174347873,-0.00031298667513979397,-0.00028177090117979,0.0025382851537223026
2020-07-09,-0.0011369614302732794,-0.002280934244055382,0.0006397682425720202,-0.0012535817854995395,-0.0023520369365515525
2020-07-10,0.0020439701465846073,0.002135414985336859,-0.0003942224145141526,0.0006183131078462133,0.0012693586401831306
2020-07-13,-0.0017182235660606474,-0.0012795814773293502,0.00021437372011550023,-0.0023816913136968988,-0.002059463662565544
2020-07-14,0.0026030840118384103,0.002928991932186714,-1.6924027121743395e-05,0.0016811724130963513,0.0009627880811109614
2020-07-15,0.0018368274815741344,0.002262846926665977,-6.511015079214469e-05,0.001961903646013891,0.0023930360049839944
2020-07-16,-0.0006585103522228875,-0.0012913614625652862,0.0001472801544745462,-0.0023942237258006405,-0.00157133829930164
2020-07-17,0.0005790114380549745,0.001170792183641876,-5.031160158705922e-05,0.0025972876532152638,0.0003159971874001412
2020-07-20,0.0016154061523624232,0.0009742864958783069,0.00013020870757849133,-0.0023908010848604846,-0.00015738022696943325
2020-07-21,0.0004240700492520098,0.0004051336626724388,0.00021241896246438033,0.0004893245908478306,0.002844129158586568
2020-07-22,0.0011374941229809424,0.0005300379669304306,6.47041770203264e-05,0.0030672473452544686,0.0012455767319928459
2020-07-23,-0.002387919657944706,-0.0015934873864036584,0.00019523870151674438,-0.0008358441308522429,-0.00046537279283096736
2020-07-24,-0.0012892507396942698,-0.001101133720646693,-9.914829944241224e-05,-0.0014725743151899813,0.0003082532645745724
2020-07-27,0.0014590414282129617,0.002618855545864223,-0.00031310533454836123,0.0019000311223414073,0.0018578770373232185
2020-07-28,-0.0012695067742861425,-0.0012811004417979932,0.0004728788866589282,0.00396879879456029,-0.0010767556433441826
2020-07-29,0.002459655587434297,0.0021019154455032777,0.0002611425411666991,0.003868221802449422,0.0010800507954086907
2020-07-30,-0.0007164495321652163,-0.0029320909295643474,0.0002754240943986382,-0.0012904131610618752,-0.0023048389915594665
2020-07-31,0.0015772853163258404,-0.004279947335039765,4.847944926273799e-05,-0.00036897340621723415,0.0010860117930960292
2020-08-03,0.0013890793279513,0.003887183740418347,-9.78315853278838e-05,-0.0026646575739713327,0.0020075854855618495
2020-08-04,0.000772092755052626,0.0011097531206755414,0.0006823496365812113,0.002984762161222878,0.0010761086548382506
2020-08-05,0.0012421991142130178,0.0006601537990324064,-0.000669201635875722,-0.001012436698760415,0.001705202476424261
2020-08-06,0.001339970078357975,0.00022267048576151509,0.00022772100597474192,0.0003240368962501992,0.0015119176064434963
2020-08-07,0.00014163782391571114,-0.0008091778211258789,-0.0004222154851243183,0.002851920883361964,-0.0027005907439924814
2020-08-10,0.0005970971031540698,0.0006600519003791017,-0.0002138069860346753,0.0003147743089323885,0.0010629935578395401
2020-08-11,-0.0016553468640446473,0.0007502222154794834,-0.0006873772256721518,-0.002863656058880643,-0.003191894102430967
2020-08-12,0.0027881706253596256,0.004426151513454662,-0.0005924013617663048,0.002015853096655347,0.002147687112883682
2020-08-13,-0.00036224162370986616,-0.0008867172420631377,-0.0004116373828184513,-0.0024644437329691005,0.0010601009234358606
2020-08-14,4.994035295766282e-06,-0.0012271149240538467,9.808883534764988e-05,2.4214552140570612e-05,-6.616189629545311e-07
2020-08-17,0.0006344539551257157,0.001510863194680856,0.00032844730199935043,0.001630103610536165,0.003315112516925377
2020-08-18,0.0004313767614011154,-0.00012139723843333371,0.00034455944079798116,-0.0009555780324559905,0.00044516814130906847
2020-08-19,-0.0008341565951225683,-0.0008850439603732085,-0.0002639406681316277,-0.003511066154423009,-0.0005950764523723717
2020-08-20,0.0006223230324726996,-0.0006425818277149865,0.0005741278541666777,0.0018981553518775181,-0.00029149381222250576
2020-08-21,0.0007051525238776047,-0.0010117892766295371,0.00014632007295184335,0.0003192336635549682,-0.0019354159367883875
2020-08-24,0.0020249056980845815,0.0026406387536305823,-0.00028133411498454234,0.0012891125491368979,0.0010520742597970585
2020-08-25,0.0006993022690915434,0.0001238915446200798,-0.000475786381929451,0.00051512911104511,0.0016448754506226502
2020-08-26,0.0020008784450157423,0.0011621129147094942,-8.301750898120128e-05,-0.0018420155946759509,0.00044414915121503373
2020-08-27,0.00043645580647306713,-0.0020437772236344487,-0.0007078481755558839,0.0029421339952030714,-0.0007407733203307163
2020-08-28,0.0012912265567868325,0.001413500216681666,0.0003291137053700261,0.0013171649383152187,0.0013359486581836467
2020-08-31,-0.000725696536489518,-0.0015307003266120732,0.00021326078888438824,-0.0020372713765401166,-0.00014547250167676546
2020-09-01,0.0018800090159696219,0.00021448467496341668,0.0006552718337302579,0.00014882565880735692,0.0002955040130217571
2020-09-02,0.0028857265420802534,0.0026677356734152984,0.0002792300765644314,0.003719311387038676,-0.002665313972206756
2020-09-03,-0.006897853022549222,-0.0045232339744701935,0.00026082913757894733,-0.002395296590808231,-0.001796861294604141
2020-09-04,-0.001630931642150749,0.0002800699407083881,-0.001116373132836511,-0.001042075882774307,-0.0018156910425314683
2020-09-08,-0.005477292203036319,-0.0024499238459353718,0.0004264105456811382,-0.0024323437162730266,-0.004866137631564291
2020-09-09,0.003940919099247261,0.0037285717690312093,-0.00010100652733831085,0.001978715742946729,0.0018761625045345344
2020-09-10,-0.003455861803030197,-0.0023311919075802425,0.0002472531725960125,-0.0024517303006987116,-0.0020158019506361607
2020-09-11,0.00010171336617222596,0.001997083006574328,0.000311627317865677,-0.0011204048889551332,0.0014048270805041996
2020-09-14,0.0026299060877673247,0.0010814456960413267,-0.00018240899626573032,0.004877204626673112,0.0001564829963908401
2020-09-15,0.0010112631032841719,0.0012920981606274226,-9.956671992401393e-05,0.0024082143371232352,0.001085636565759665
2020-09-16,-0.0007951420832810099,-1.7946567945340968e-06,-0.00011706852441686498,0.0010567436297597723,0.0036905695165371
2020-09-17,-0.0017485901994040364,0.0002722912340133235,6.8050288094915e-05,-0.003904899136345592,0.002262856038632337
2020-09-18,-0.0022960288464640875,-0.0016183243061929824,-0.00018136277105610074,-0.004513751306214376,0.0008966659748315646
2020-09-21,-0.0022249548151273874,-0.0050694304063799685,0.0003621208625981541,-0.00601320515643443,-0.004916950331390567
2020-09-22,0.0020326968898838546,-6.405337012090051e-05,-9.075089482166094e-07,0.002389209638649339,-0.0009173292167720617
2020-09-23,-0.004635369622737631,-0.0016575092748557722,-9.374170346470067e-07,-0.006028045578812346,-0.0023089289107118063
2020-09-24,0.0005356631683576376,-0.00019131498280257383,9.740741789790352e-05,0.0010714747876979036,0.0009319219588160566
2020-09-25,0.0032317456308335562,0.0006802235368356238,0.00016289493630840862,0.004119817314835753,-1.2164506139784906e-06
2020-09-28,0.0033177620590609707,0.003009092320881153,-3.3916598428025326e-05,0.0040844881218945455,0.0017034247441167054
2020-09-29,-0.0010893579274606074,-0.0002191740049533998,0.00014654918471925595,-0.001436979777771998,-0.0023035500744168417
2020-09-30,0.001514298678931383,-0.00097146456195753,-0.0005417512581928811,0.0006101704689992727,0.0023203546539679364
2020-10-01,0.0012852770279662726,0.001161461023538387,0.00011404733439778662,0.00399461982781189,-0.002461803154113282
2020-10-02,-0.0018942558654576967,-0.0004055534394714479,-0.00019407581422958806,0.0034625200318585693,-0.0024766701456984627
2020-10-05,0.00354603650425283,0.003033667854570727,-0.0012735900033792574,0.0011474964174264099,0.005161193315257825
2020-10-06,-0.002851049997999775,-0.002133197243064844,0.00046311904581160175,-0.0013120047332543401,0.0007722722224039069
2020-10-07,0.0034728884829825124,0.0017125858014541333,-0.0005800037051868219,0.0002937116564224616,0.0007614709443306353
2020-10-08,0.0017712575853972175,0.0013902172051002194,0.00036365011319407827,0.0033412227180689993,0.001972541801848755
2020-10-09,0.0017839440215292655,0.0015634353530228457,-9.982922525454586e-05,-0.0007878297815547284,0.0006007569520810475
2020-10-12,0.0032071084360058306,0.0011562422627007243,0.00021415700861490274,0.000939340867058612,-0.0021058157962831605
2020-10-13,-0.0013042268140735346,-0.002245378281393137,0.0004440298974333096,-0.003435251644422788,0.0004527811864826972
2020-10-14,-0.0012574966514804049,-0.00033632654587756534,6.478026382345272e-05,-0.0024468266406543313,0.0013581207387247812
2020-10-15,-0.0002442565313388182,-0.0023487942570161015,-0.00021079150609787348,0.0010293253558678853,0.0006099628322750578
2020-10-16,-0.00011783767578317938,0.0009290599728706638,-0.00011623388147509577,-0.001425543623075558,-0.0013465338376501496
2020-10-19,-0.003039429832158242,-0.0007386830598246182,-0.0003308456475588813,-0.003121777731935574,0.00015358137710200272
2020-10-20,0.0008002773278784255,0.0009928805983625288,-0.0004314701953723015,0.0014314859866574117,0.0022622819165656277
2020-10-21,-0.0003789196520820303,-0.0009572465633862581,-0.00026577832830525303,-0.0006000110620212611,-0.001639750597219422
2020-10-22,0.0010954919179186138,0.00015455760109956844,-0.0006974623590487757,-2.573101186190569e-05,0.0005994179673199005
2020-10-23,0.0006782453603133196,0.0012998478879057617,0.0002827887609832378,0.0012004215556135234,-0.0015021051540207266
2020-10-26,-0.0037025408122950167,-0.0036083562390345526,0.0005292714295971262,-0.0028638576758026773,-0.0028661845853701212
2020-10-27,-0.0006906551478343967,-0.0015719760379484854,0.000446623722022743,-0.003208533205450683,0.001374819705340736
2020-10-28,-0.006845130675247184,-0.005982267328834116,-1.3032761444386539e-05,-0.004774788713875408,-0.0053263247851030255
2020-10-29,0.002022774554236143,0.0009395389284517291,-0.0008414190497373421,0.002666968792573498,-0.0024619367248248487
2020-10-30,-0.0020882969891027566,-0.0010381515483831793,-0.0006469624409817957,-0.0013244801250785411,2.3242838534654732e-07
2020-11-02,0.002240764398730177,0.002603756285061035,0.0003413908869971863,0.004767825257241747,0.003668341000703768
2020-11-03,0.003528891959517868,0.0052276474542240535,-0.0004524108626846441,0.0038496173297598714,0.001241238922215901
2020-11-04,0.004459109771201288,0.002197713613305121,0.0016836923605579289,0.0003481705966407358,0.0021605924390830666
2020-11-05,0.0038963321331895303,0.0048010801541125536,-3.577813474737163e-05,0.0009459389076630673,0.0009127741550798913
2020-11-06,-4.631362367436153e-05,0.0004238762359350012,-0.0006793513997419606,-0.001363274190729282,-0.0007614692242274626
2020-11-09,0.002547618504741233,0.005881205511411993,-0.0014790278541043276,0.007188842425614939,0.0024207207425312673
2020-11-10,-0.0002926033408357415,0.0017889640898863376,-0.0005691792370979836,0.0029284001417652535,0.003903400946490333
2020-11-11,0.0014846465836875712,0.0016859186957970053,0.0003190658436685327,0.0007613996973983689,-0.00014225970744567357
2020-11-12,-0.001942650328149648,-0.0029229438111059657,0.0011347764024089014,-0.002616609770746749,-0.0016155207122330066
2020-11-13,0.002764360309615741,0.003067903960041377,-0.00026800096076439275,0.005327907407624005,-0.0008990716782711443
2020-11-16,0.002497850325330607,0.0020750865487826507,-0.00015158827459282328,0.0022669972145760043,0.0018005023522311443
2020-11-17,-0.001075547812053942,-0.00020085749020354803,0.0005151350984361094,0.0001895184222035812,0.0005945821574217467
2020-11-18,-0.0024100755693807646,-0.0010578073988319846,-6.751153753180682e-05,-0.0038877222928977925,0.0002960321357663224
2020-11-19,0.0008422603635455028,0.0014049072207566644,0.0002158229619645763,0.0007785007231971804,1.0354586187493428e-06
2020-11-20,-0.0013713994189329737,0.0005985801699767906,0.0003484331709447939,-0.0010827815199819647,0.0010328244308429899
2020-11-23,0.0011979526628286363,-0.00025675806784643653,-0.0004000195606384069,0.000380216763950506,0.0005877155972957949
2020-11-24,0.0032227436891090313,0.0029867972178594204,-0.00031867229517924394,0.0010641652423851679,0.004242865598837027
2020-11-25,-0.0003093408278108181,-0.00024755942414435766,6.591091298897064e-05,0.00011659708033707436,0.0017196433126610117
2020-11-27,0.0005563423539322693,0.0013742580145005398,0.0005986366011281303,-0.0008895693286226105,-0.0004259849291199313
2020-11-30,-0.0008864984343733412,-0.004359424125679109,-0.0001335163641782678,-0.0020973762179835806,-0.0011394348820023498
2020-12-01,0.002186151253792035,0.004690869699261116,-0.001070482976881164,0.0025692800380535644,-0.0005805146868819778
2020-12-02,0.00042047590102251004,2.9122623500962377e-05,-0.00033472639965531403,-0.0015750403227120767,0.000862660666306973
2020-12-03,-5.531670115338754e-05,0.00033432515297315547,0.0005348284137007716,0.0016798487192001383,0.0002878003718946715
2020-12-04,0.0017234626010828892,0.0016932063968786468,-0.0007865101211037653,0.0030487802941272443,0.0008576813706440775
2020-12-07,-0.00041171185949095664,-0.0016284323323619658,0.0006184210090044539,-0.001735765298584312,1.2644377817564505e-06
2020-12-08,0.0005868786859569323,0.000694748685232231,0.00020019278878285885,-0.0007008234382411061,0.00028356947979813623
2020-12-09,-0.0017957476380932931,0.00027951229268529255,-0.00028421179864127283,-0.0012430550416288617,0.00014268078134480392
2020-12-10,-6.393717755977692e-05,0.0002817844964110521,0.0004500939775631516,-0.0008723706595666765,0.00297192897503557
2020-12-11,-0.0002342463828855809,-0.0006070662228597014,0.0003987384857820162,-0.0001893131899184459,-0.0005607721147092194
2020-12-14,-0.0008920791198894683,0.00012485617703262842,-0.00011483114839372892,-0.0008685876491407936,0.0005608609534481551
2020-12-15,0.0026983916915142344,0.0020398991431581997,-0.00020051207951333637,0.004087279010664956,0.001541540701006817
2020-12-16,0.000313248520072592,0.0007740874422207362,-0.0001667449380746917,0.00023305435310076936,0.0011100897909735435
2020-12-17,0.0011178549661327876,0.0014062967991824724,-0.0001481302716679995,0.0019339364381772506,0.0023469977403264824
2020-12-18,-0.0007991829548774335,-0.0010424649544912884,-0.00016766870161189393,-0.0040148245507667275,0.0006819398178226965
2020-12-21,-0.0007195925689620181,-0.002535084507914297,0.00013486212465532553,-0.001129819900792018,-0.0020317998666854304
2020-12-22,-0.00033676665379415364,-0.0005026175884369178,0.00033318177389220097,0.001394094155131035,-0.002206780420779785
2020-12-23,0.00017850673651680473,0.0021490265096048592,-0.0004183436864456565,-0.001294324014092088,0.0024995984112606917
2020-12-24,0.0007770316709425889,8.231586213494803e-05,0.0002834476314119173,0.0017468932166995338,0.0005511794450375295
2020-12-28,0.0017162837602331888,0.001632479949844209,1.7332650199772037e-05,0.0011911010754548869,-0.0012394916883816315
2020-12-29,-0.00038172089459458705,0.001295256680364705,-3.308038377532825e-05,-0.001708019901268376,0.0005510267469618548
2020-12-30,0.0002847770549030528,0.0002743254624987466,0.00013333672861921304,0.0010985209820294196,0.0012396656161031497
2020-12-31,0.0010149181934990524,-0.0015242899682413177,0.00013258706060473587,0.0019238624536641723,0.0008211455646575861
2021-01-04,-0.0027339394493786037,0.0010763841051595413,5.3254143766562235e-05,-0.006526174162076242,-0.0010812661884804606
2021-01-05,0.001386382409357318,0.0020725358424929364,-0.0004691120866253306,0.00029206811630013834,0.005578988144532178
2021-01-06,0.0012015269420442305,0.0022865741774081893,-0.0011712398375680524,0.0003391619897549163,0.0002651742294592483
2021-01-07,0.0029617526650422424,0.00021391959440576438,-0.0007068698654669258,-0.00038916416760889416,0.0009289023643760233
2021-01-08,0.0011388713598166026,0.0018636735184285116,-0.0005755039961977357,0.0019448977805035382,0.0015856727078773702
2021-01-11,-0.001348829124721121,-0.00260609105231328,-0.00038827200064156823,-0.0026458681566379995,-0.0014433731968976392
2021-01-12,4.142948412127246e-05,0.0009113844928634373,-3.3520459305815154e-05,0.0004646284471960088,0.0038161891083131104
2021-01-13,0.0005378643243361456,-0.00026713524637589055,0.0006934131564955941,0.0024310201869655033,-0.0005198962036353698
2021-01-14,-0.0007004391356297378,0.0015980269209355021,-0.00045749165518243996,0.0011766652066244085,0.001825267135380857
2021-01-15,-0.0014589527699526222,-0.003127998023548622,0.0005396843841676354,0.002286184407095589,-0.002839833614657531
2021-01-19,0.001569192842578925,0.0014509823948880786,0.00011973573722934013,-0.000565795163433367,0.0006529719494970674
2021-01-20,0.00276055813466429,0.0013611585179219869,8.453026357078022e-05,0.003820774227606868,0.000130104955600842
2021-01-21,0.0001817297701876249,0.00015824873357965887,-0.00028750330716699945,-0.0009557888720403524,-0.0001300669189117759
2021-01-22,-0.0007091959060970271,-0.0009528753985978092,0.00030197118341141854,0.0004640152490149647,-0.003390458579781771
2021-01-25,0.0007868495419499212,-0.00023186268592015127,0.0008075668635136048,0.0015142868363576044,0.002116952442016478
2021-01-26,-0.0003120308995167304,0.00029248257636932634,-6.757195349441722e-05,0.0014106435473979029,0.0003931368488007178
2021-01-27,-0.004896046738390244,-0.004588149116225314,0.00023500048351392952,-0.003540721267483471,-0.0005232809100522493
2021-01-28,0.0017182089260057026,0.0012798855181025404,-0.0005223821326861818,0.0010784987118798988,-0.0008988097677942825
2021-01-29,-0.004011718060083202,-0.0041566444681511334,-0.0003538906857412973,-0.0023075844518287243,0.0002893509190033659
2021-02-01,0.003326765578573142,0.0023754994674695783,0.00025056354044737135,0.004574200106009047,0.0038117734155049955
2021-02-02,0.002823300856516982,0.0020196093247737868,-0.0005053898696423401,0.001196183405594454,0.0015495893457785554
2021-02-03,0.00015738622240067386,0.0004863316945781373,-0.0004907601601953011,-0.0005038219931999886,0.0014086414978383374
2021-02-04,0.0022670463431395836,0.00021854552951674618,-6.801346603919534e-05,0.001374993948466017,0.00101772752720421
2021-02-05,0.000787080870288159,0.0012386025846387583,-0.00042559458294026003,0.0007058937209352982,0.001014376583918156
2021-02-08,0.0014443197561074435,0.0013916577963753681,8.468446593414568e-05,0.0010893935305838743,0.003144448071688143
2021-02-09,-0.00013284268035909836,0.0010886525029401325,0.00015245316521456462,0.0006988783575059916,0.0007447941358636478
2021-02-10,-8.576853327644625e-05,-0.0006878350473273901,0.0005086146705580418,0.0010791795920623115,-0.00037255045289764753
2021-02-11,0.00032263391231740073,0.0013518767128539383,-0.00015314162743888083,0.0004247088482607226,-0.0003709564614397193
2021-02-12,0.000988219481497469,0.001108113502225182,-0.0006604996100047324,4.4736953504157914e-05,0.0024740862762662693
2021-02-16,-0.00017391752223476858,0.0014426006178527742,-0.0014487310428581745,-0.0015412081334156098,0.00269091885531171
2021-02-17,4.659600593209798e-05,-0.0011704073242408215,0.00013628199130006399,-0.0002482345064172185,0.0006059610747951975
2021-02-18,-0.0008492964415993022,-0.0009931429233708136,-1.788320267339483e-05,-0.0008563344323131408,-0.000711234269062509
2021-02-19,-0.0003527025483835946,0.0005786905191938677,-0.0008051426934086333,0.0011528431648854666,-0.00011911849121117241
2021-02-22,-0.0015391072282437506,-0.000498539193077606,-0.0003263392541566169,0.0016681108067072477,0.004451852670352474
2021-02-23,0.0002490758934116897,0.0001835944006568087,0.00015404825548783708,0.0012454030358849543,0.0009480629868596006
2021-02-24,0.0022060977382028306,0.000637651872365714,-0.0002731973111444754,0.0015257744607501283,0.003050145076598105
2021-02-25,-0.004823273790817167,-0.0033891408188455596,-0.0026713011246413468,-0.0038236281637027292,-0.001626743007651797
2021-02-26,-0.0010211426030653128,-0.002831879412737118,0.0017916254083269836,-0.0029040622810558698,-0.004235972836135205
2021-03-01,0.004835160016089247,0.003750031409853693,-0.00022416796971047275,0.0008917540597951587,-0.0016836660301706285
2021-03-02,-0.0015612947718798276,-0.00021264180297478225,0.0003639155855200716,-0.0019274787732417409,0.0008436656904013354
2021-03-03,-0.0026512686097637226,-0.0012231272122562808,-0.0010721780707377614,-0.0011437167841393922,0.0011975843147093589
2021-03-04,-0.002479111257617807,-0.0018974444625986606,-0.000991474710027168,-0.0022761520855093214,0.003097297985588111
2021-03-05,0.003673459646977086,0.001294338253278417,-0.0002745541675092902,0.002186999247032445,0.004102433351288156
2021-03-08,-0.0009904272762405407,-0.0006969270935898002,-0.0007873762838838831,0.0017212374628906557,-0.0027720672899702046
2021-03-09,0.002852625478672688,0.0026868918663052466,0.0009472807074392289,0.0013237451904891068,-2.9189386130068664e-06
2021-03-10,0.0012445320160849784,0.0008488093750764489,0.0004199320271736083,0.0019961274445034326,0.0012845911949599326
2021-03-11,0.002025952319676478,0.0010570639369613887,-7.047805354043122e-05,0.0023323561466835306,0.0030135017160189933
2021-03-12,0.0002683443933108135,0.0005007643314706351,-0.0014479528152651748,0.003337452095051262,-0.0009144173573330983
2021-03-15,0.0011909565755914985,0.0001573511339495396,0.0002452928183804283,0.0029609083577117885,-0.0006880531172866027
2021-03-16,-0.00025156649270324116,0.00034056117224890255,-3.496650995000238e-05,-0.0008174878859572996,-0.0008059331279708379
2021-03-17,0.0006826454143260361,0.0011777684386815796,-0.0003331974828408519,0.00017195854433194944,-6.562123343174144e-07
2021-03-18,-0.002909168144571313,-0.0018180755858094248,-0.001247588115244768,-0.0020245054183856987,-0.009528978986922773
2021-03-19,-0.0003706134667780927,0.0005515280486129581,-0.0001231709362784524,-0.002723764605361441,0.004353903053434239
2021-03-22,0.001595771838561733,0.00018404868042914561,0.000654086756892022,0.0014150984377285347,-0.0003565345818631507
2021-03-23,-0.00157023725248327,-0.002773755489741731,0.0009831386764142273,-0.00028480156648788595,-0.005622023107758728
2021-03-24,-0.0010153342659415413,-0.0010105251031043662,0.0002661569685757949,-0.0011243182498416806,0.005238233155887388
2021-03-25,0.0011252851617881891,0.0014868480604154704,-0.000261763986507545,0.002030685646701249,-0.0045538111397329115
2021-03-26,0.003229160174061189,0.002595817606905827,-0.0006685155680748193,0.004315851685911668,0.004748748242078717
2021-03-29,-0.00010082770829280437,-0.0007825686281914937,-0.000683672281137977,-0.001162796400439875,0.00024075389235670526
2021-03-30,-0.000531128372962221,-0.00026198962813247086,-0.0001777864485420016,0.00025756407845300793,-0.003222883299998249
2021-03-31,0.0008091159374469505,-0.0008667148588307382,-0.0002831748767855577,-0.0012111601613745008,0.0010898308439946025
2021-04-01,0.002160784217863143,0.002611333303919208,0.0008865759242857406,0.003638368810988202,0.0033653286607295335
2021-04-05,0.002863330795363481,0.0029064717039087085,-0.0005644333919674737,0.0007716536949620372,-0.0029763324971922244
2021-04-06,-0.00011810314946767563,-0.002126522293522236,0.0009717318805833207,0.0005108107198135951,0.0007372768909385641
2021-04-07,0.00023141193784555295,0.0004145186208243606,-0.00012343660862645117,0.0001485245829741347,0.0005986061142902715
2021-04-08,0.0009488389831383939,0.0011374976896391107,0.000687089184797498,-0.0007448275371602783,0.001075838576754079
2021-04-09,0.0014525713448206926,0.0006168959059311928,-0.0005267286526526446,-0.00023330100649818705,-0.0007131569170514049
2021-04-12,7.335157339041532e-05,-0.0011043387462263583,-0.00012340174073407757,0.0011717022128547663,0.00012342118652622407
2021-04-13,0.0005933661413157885,0.0011599474762090793,0.000828253075837553,0.000999837174133221,0.0021389035733315365
2021-04-14,-0.0006845660902440442,0.00015363871212267953,-0.000245586877389952,-0.001056605456430375,0.004575035487580191
2021-04-15,0.0021476205098803006,0.0016643880531978725,0.0012829900659206033,0.0034979042661304996,0.0012677848206465953
2021-04-16,0.0006682333522667509,0.001446494929031274,-0.0005411362865447594,0.00043809522613143785,-0.00034402410894826546
2021-04-19,-0.0009841247421317157,-0.00035275309710900636,-0.0002100194119831078,0.0003949741146120209,0.0002294866124706252
2021-04-20,-0.0014653351332066754,-0.0036009169102094816,0.0005939434423365526,0.0016388198999396913,-0.0003344585101020642
2021-04-21,0.0018897676662592631,0.0020562962429601307,0.00010407245416386011,0.001313466039322874,-0.0007927956453381988
2021-04-22,-0.001830039774206271,-0.0006614473152159774,0.00015707028310957985,-0.0010864470584695932,0.0016100886509425427
2021-04-23,0.00216769782548854,0.0020406924986987856,-0.00026229092889124646,0.0011715763060878488,0.0016037743132440762
2021-04-26,0.00041706239378736697,0.00015150535172560984,-0.00020994122321716714,0.0005928076232642824,0.0013689028658382296
2021-04-27,-4.312020271720373e-05,-0.0006557771084159085,-0.0007879704838038113,-1.918342824137694e-05,0.0016855540365583541
2021-04-28,-5.7505673848212675e-05,0.0005077259879965858,0.0002631935299089201,-0.0004265278157686748,0.00033560965103775615
2021-04-29,0.0012746124943296027,7.490419510256307e-05,-0.0003454559493088563,0.0017159549611216857,0.0013438613266349893
2021-04-30,-0.0013142785677030316,-0.002504141406989211,0.00017464881963319341,0.0007866678385659242,-0.0016554199900743576
2021-05-03,0.0004307126055949682,0.0022001075074418374,0.0003413696654457946,-0.0003849400383211707,0.0022314420623172964
2021-05-04,-0.0012350480289266802,-0.002971450371968516,0.0002629655397608421,-0.0012961005275796236,0.0030818532571285358
2021-05-05,6.288934143205989e-05,0.002720396112137088,0.0002467781543115697,-0.003334469818732935,0.0007615651530135976
2021-05-06,0.0015984314644932158,0.001648141554851393,8.74888492082924e-05,0.0011179565700482244,0.0009742578469731234
2021-05-07,0.001455090886679718,0.00226359136387269,7.000966120922066e-05,0.0026370289455993254,0.0019406530045841296
2021-05-10,-0.0019851170975158823,-0.0010691727593670332,-0.00040332366129001464,-6.068081268019015e-05,-0.0013794132409647557
2021-05-11,-0.0017835738689431615,-0.002616543945052805,-0.0003328733305039987,-0.0025201549256618975,0.002134236759042508
2021-05-12,-0.004258650539711214,-0.00319837814443976,-0.0009643881248395976,-0.005056505350552027,-0.0002119523808520547
2021-05-13,0.0023923088992442816,0.0014899214486665262,0.0006677561705188048,0.0025867341951437257,-0.005570327924646019
2021-05-14,0.003071197383825372,0.003344613067956879,0.0004393872692366885,0.0023787192644158664,0.0016469515713672129
2021-05-17,-0.0005090667197238323,-0.0003735855020592335,-0.00019289940281911821,0.00020572456589342073,0.0024890723734209107
2021-05-18,-0.00172594251372852,0.00043437592405529515,-2.4994476173359246e-07,4.078939960264804e-05,-0.0009664516544977515
2021-05-19,-0.0005202628416954946,-0.001757634546698983,-0.0005915092961650917,-0.0006401776543833482,-0.004102617047749107
2021-05-20,0.0021506719131208444,0.002630321783207002,0.000826754900280669,0.00225323100586025,-0.0020979314040095697
2021-05-21,-0.00016407444348536657,0.0002748758871323678,6.941101207667298e-05,-0.00020547334036031785,0.0018909854423784394
2021-05-24,0.0020364524807977074,0.0012247256927028168,0.00019249666006619455,0.0024907808545032092,0.002754788064986732
2021-05-25,-0.00044287028299069977,5.028217530610662e-05,0.000734952176281688,-6.0606763813661946e-05,-0.000653733199442247
2021-05-26,0.0003965201560088663,-0.00012430140010315403,-0.00022687121484100324,0.0008868737338203784,0.000328342071205776
2021-05-27,0.00010500586694047964,0.00037259043514174356,-0.0003490096932509713,-0.00046130539760435354,0.0031506406062816582
2021-05-28,0.0003582670513667371,0.0004711300967521839,-1.7524762084783154e-05,0.001208122008615043,-0.0006448185335235146
2021-06-01,-0.00017840002910166346,0.0007181618949530801,-3.574159086090138e-05,0.003610643024490464,0.003550807195753013
2021-06-02,0.0003142715210060877,0.0006656113514617542,0.0002272025135089548,0.002338465038646301,0.0010558481713326892
2021-06-03,-0.0007412785538588837,-0.000983045519847789,-0.0005065308761422453,-0.0007383175474744369,-0.0016792501892346364
2021-06-04,0.0018299638898178366,0.0017034233933780534,0.0011055579832397143,9.64837450454397e-05,0.002224622753262137
2021-06-07,-0.00019460301063414784,0.0006607884458996248,-0.00015690838974886373,0.002359284469814456,0.00031656432133621445
2021-06-08,4.267283139588879e-05,-9.802963782734418e-05,0.000575400944515174,0.0016565932295782607,0.001992684516351199
2021-06-09,-0.00029822641815879645,-0.0005383704779512881,0.0006258354051533321,0.00026773694492256676,-0.0009347834592975064
2021-06-10,0.0009289211736514452,0.0005509154308720192,0.0007147099093578634,0.0014326400254826475,0.0007298008315377657
2021-06-11,0.00033004425873597686,0.00046954643136990626,-0.0002939092861325845,-0.0007961552891960046,-0.0006226499062600548
2021-06-14,0.00044656265427868186,0.0003447954001718148,-0.0006227234674905482,0.0007783681075264594,-0.0011421744192928126
2021-06-15,-0.00036656831225791967,0.00024599721822781415,3.431299321760242e-05,-0.0021423597789014754,-0.0008374489329411949
2021-06-16,-0.0011168546602516355,-0.0012303723018865795,-0.0013706782076021802,-0.0013004972308127292,-0.0011584917062894783
2021-06-17,-6.697231746470622e-05,-0.0013880585707181147,0.0007138915949834367,-0.0002511494045773445,-0.005192243194266508
2021-06-18,-0.0027019825550903503,-0.004148757124569222,0.0011251471564177116,-0.0033996172327540684,0.002049199909484632
2021-06-21,0.002857321683202474,0.002618430405143548,-0.0006417949294456445,0.0041151911820025,0.0024831211019968615
2021-06-22,0.0010683960215904583,2.611626985181061e-05,0.00036463166278113317,-0.0010393721943287278,0.0003177978769114677
2021-06-23,-0.000241953279075573,-0.0012854905434234838,-0.00039965801811075096,-0.0003494533356000685,0.0012761504991206764
2021-06-24,0.0011822819846733943,0.0019199434258766743,-3.5337711358554693e-05,-0.00043044089187391606,0.0007477565563795876
2021-06-25,0.0007097624010052039,0.00042551991061898567,-0.0004179057644046254,0.001350929150715631,-0.0008387301275163942
2021-06-28,0.000402582000067064,-0.0012781944435855304,0.0006258793606718089,-0.0005823069131348537,-0.00010570080116926681
2021-06-29,0.00010723868666531676,5.0203548741432156e-05,0.00010462455747507158,-0.0005460820794670812,0.0009474849854822894
2021-06-30,0.0001675079444586542,-0.0015334932366645457,0.00031156304876661406,-0.0010537034487690371,0.0018862591101320419
2021-07-01,0.001108545952162343,0.000483029045728218,-0.00014494032432961715,0.0008647185463149465,0.0007598360437580002
2021-07-02,0.0015275193520156833,0.0006836862261194976,0.0007283861566865793,0.000606204931430829,0.0018623056108180763
2021-07-06,-0.0003642895070548069,-0.0013090334951059237,0.0010515422811180472,0.0014610920322386417,-0.005461285162429874
2021-07-07,0.0007063159535360796,0.0010899403115182317,0.0005839184049581015,0.000699425401222112,-0.002426447319809484
2021-07-08,-0.0016246281852151754,-0.0025695418029298605,0.0005117950061302813,-0.0005582896692834519,0.001694102047057335
2021-07-09,0.0021349225927632604,0.0033911432458637717,-0.0010110119255094506,0.003286397396641516,0.002325963961030526
2021-07-12,0.0007151117958139679,0.0008529271662875382,-0.00010301179940360145,0.0017115626600614712,0.0003221581778286249
2021-07-13,-0.0006824114241916373,-0.0010526106461049372,-0.0006181776322928281,-0.0027971143147438927,0.0016665784232074688
2021-07-14,0.000298531392586422,0.0004529412637503197,0.0008617661020855053,0.0014004641361292185,-0.0019678124064442444
2021-07-15,-0.0006834706442865233,-0.0019089081865846238,0.000838598489576518,0.00032160729847269265,-0.001046686067965231
2021-07-16,-0.001567457189193411,-0.0014744415362757844,-3.255494575999307e-05,-0.00013211425839896945,6.743829339174413e-06
2021-07-19,-0.002955672160625297,-0.003630063714417129,0.0017026940795925273,-0.003649879622989421,-0.008018003367073466
2021-07-20,0.0028676598099217445,0.0014650121906832191,-0.00025281799589130753,0.004708698067629862,0.0029549550195128393
2021-07-21,0.0016194992170309834,0.0030404814948764153,-0.0011578479190996298,-2.0243518057146087e-05,0.0039796848484074995
2021-07-22,0.0004183279116838964,7.791127431167475e-05,0.00046070415747611736,-0.0015917711771639218,0.0015846310252109982
2021-07-23,0.002054993116859604,0.0013973248745790864,-0.00030473004811304205,0.001656273042214583,0.0010495551887277311
2021-07-26,0.0004908981629857148,0.00027788734159640474,-0.00013594591137064077,9.409775832065316e-05,0.0014637400055989424
2021-07-27,-0.0009128526069663214,-0.0008069592389858183,0.0008528174395644993,0.0011326962636653362,-0.0011396195972645544
2021-07-28,-8.221413468758225e-05,0.0008608348787726194,0.00017098456991213368,-0.0006953246605290973,0.0009374433990152831
2021-07-29,0.0008294951851292406,0.001386740435913842,-0.0006115789859511457,3.6965787991646e-05,0.0035191613644507285
2021-07-30,-0.0009708175265591234,-0.0010272562608664765,0.0005608649884996835,0.0002634475527956245,-0.001123169543958842
2021-08-02,-0.00041914326935254024,0.001008602297262598,0.0008777838991087261,-0.00043044146314381756,-0.0021644210586816634
2021-08-03,0.0016228549359921566,0.0014232253550048302,5.0295429329055196e-05,0.0002449184206378396,-0.0009124959675831349
2021-08-04,-0.0009845180363187442,-0.0005950001786897718,-4.8073869935149225e-05,-0.0006208500401761998,-0.003238709285376218
2021-08-05,0.001266336185613546,0.0009719193166604285,-0.0007301723060087165,0.002339112468291076,0.0029616706642941197
2021-08-06,0.0003296964048673554,-0.0007454451996221386,-0.0011738941755722967,-0.0003541460066970817,-0.0016645133783799318
2021-08-09,-0.00016291220907471455,-9.979137230620653e-05,-0.00042488147942534323,-0.0010661172867661227,-0.0028422280898442536
2021-08-10,0.0002483219731602322,0.0004488374515895511,-0.00037778445400495715,-0.0019011675551717504,0.0036173325633553554
2021-08-11,0.0004965548074365571,0.001365866678100845,0.00022267880987139027,0.0011756467256645174,0.001804352586893249
2021-08-12,0.0005981439498851385,-0.00017322385763214213,-0.00020620716329941587,0.00043335442205721193,-0.0007263917711177538
2021-08-13,0.0003635567539235398,0.0012096465951462174,0.0011492511610324899,0.0010918924728848616,-0.001148011238589345
2021-08-16,0.0004699992608377403,-0.0010302035868425747,0.0004432492945511134,-0.00024413468509351102,-0.000519666107639844
2021-08-17,-0.001311694711660971,-0.001877335691117861,-0.00010260116410352214,-0.00020763084878980568,-0.002209894441658761
2021-08-18,-0.0021931796523528666,-0.0007731692992907305,-0.00010278601534562367,-0.0018243434523593435,-0.002329437171615364
2021-08-19,0.0003071028616679523,-0.0019742241335336404,0.0004417946601745815,0.0009599547670970111,-0.002793754071806112
2021-08-20,0.001584822675373531,0.0007823175308646886,-0.00018696510087273178,0.0009973709496848453,-0.004713332912350256
2021-08-23,0.00176191978544979,0.0018639403932539762,5.095474526157934e-05,-0.0003804440186013181,0.007223508440444009
2021-08-24,0.00031704541741360727,0.0004245960926990203,-0.0005459918157162133,-0.0008847114339340326,0.0041874633560158026
2021-08-25,0.0004191141234842345,7.446302728669224e-05,-0.0007855831338121224,-0.0001328005341896297,0.001791854469176032
2021-08-26,-0.0011796825210103042,-0.0010458065249910938,-6.479070419044187e-07,7.525472335725751e-05,-0.0015717220164028199
2021-08-27,0.0017883022075845204,0.0018287517899391469,0.0006518559936767065,0.0020942548871046604,0.0025261749526478395
2021-08-30,0.0008785327476286956,-4.996552581965197e-05,0.00039249318269756394,0.0019998559618776943,0.0007282546505107215
2021-08-31,-0.00029636834635253805,-9.820525350102441e-05,-0.0003749679080719764,0.0009458437829855859,-0.0009344130418475888
2021-09-01,0.00010621802831669611,0.001807862917808059,8.507449972715743e-05,0.003200565648839217,-0.0009315818886418971
2021-09-02,0.0006147625228694856,0.0008106179604411876,0.0002384381520724183,0.001052647912716454,0.002306242196934787
2021-09-03,-4.8100639714049335e-05,0.0009040956063464364,-0.0004779672302336667,3.640090365287596e-05,0.00020789060186502021
2021-09-07,-0.0007146289270089294,0.00014627072895157832,-0.0007868630417729081,-0.002254004185402738,-0.002280932278599619
2021-09-08,-0.00024410059234778134,-0.001587650040585575,0.0005486700933826831,0.001007919414640803,0.0014770369733609339
2021-09-09,-0.0008549813592849952,-0.0003435247884586794,0.0005629431909818123,-0.0040739577891367755,-0.0014557435130844415
2021-09-10,-0.001578323375410829,-0.00043917084927572045,-0.0006336401504964333,-0.002940183765405393,0.0026180675806133182
2021-09-13,0.000511733922916089,0.001577569033806515,0.00023913564980494262,0.0013535269892314523,0.0015490294948234582
2021-09-14,-0.001079363191218246,-0.0008321302800538942,0.0007526518679744081,-0.0003524553101716914,-0.00010303218413449206
2021-09-15,0.001673141931478346,0.0005918422795465799,-0.00034208888676637457,0.0006361787504689251,0.003277017436260544
2021-09-16,-0.000317359454795506,-0.00031795029726860774,-0.0006317615365914142,0.00016645231524846886,-0.0014139154107758376
2021-09-17,-0.001946564904074389,-0.00262822437186012,-0.000582272044501292,-0.0017874461092626884,-0.0016262716638734437
2021-09-20,-0.0033368088907254788,-0.003695437892434175,0.0010075489777445535,-0.0012220647553216842,-0.0023568994592738078
2021-09-21,-0.000188029847954474,0.0019799535667095027,-0.00012097688328615598,9.450048001811733e-05,0.0002082564848572672
2021-09-22,0.001950814557106297,0.0010023589166880942,0.00018855392629256738,0.0019459026326030288,0.0022773423147544494
2021-09-23,0.002427143053579922,0.0021663026337571793,-0.0018175355309660607,-0.000393368383092215,0.0030701553913895273
2021-09-24,0.000328789985040602,-0.0018745318186609192,-0.000602614064898893,-0.0021362588232668508,0.0009054981779731901
2021-09-27,-0.0005729381981006388,-0.00012341009046105243,-0.0005362725087328627,-0.0026912683187972305,0.0027043270727116295
2021-09-28,-0.0040360451728874295,-0.004376470411381602,-0.0007629764532974912,-0.0013543201062017937,-0.001549403385288924
2021-09-29,0.00033651128384872144,-0.00045902409461622625,0.00020828878562640233,0.001497575285343327,0.0001996356841309099
2021-09-30,-0.002434268349565284,-0.000791172281798935,0.0002434208202272821,-0.003292804401545816,0.0013113675863518945
2021-10-01,0.002374955728584904,0.0004876942891372009,0.0008167102409550603,0.0028242485607879865,0.002675322382698255
2021-10-04,-0.0025854260313641865,-0.002102250612221271,-0.0002425033235129569,3.865449364177963e-05,0.0032134040029079976
2021-10-05,0.0020787099446665552,0.0013696463208842304,-0.0006252910898193829,-0.0013782544674255028,0.002496732612014408
2021-10-06,0.0008331801929205965,-0.0013198136435655808,5.144089206615573e-05,0.001900408763269473,-0.0033310659660940704
2021-10-07,0.0017279166278289097,0.0015491437081595286,-0.0008017487619972673,0.0005414739068025084,0.0025196946054134115
2021-10-08,-0.0003650949336352299,-2.5620146386120228e-05,-0.00043727640295540874,-0.0018923589548566087,0.0006684225675775705
2021-10-11,-0.0014524255662103198,-0.0006411049293862771,-0.0004904768943005671,0.0005059560277566931,0.0013362474500944897
2021-10-12,-0.0004928145934607203,0.0001022392338460667,0.0009109069406906264,0.002618856652046495,8.3374037563422e-08
2021-10-13,0.0007188039474391209,0.0019760247191724246,0.0003834432511711369,0.0014594295298104973,0.001135853968080514
2021-10-14,0.0033604995409931473,0.0019854559452790483,0.00047070754614036455,0.0024348772028662796,0.002066565199610361
2021-10-15,0.0015226265253511623,0.0016633410180664965,-0.0009930940626855383,-0.0001456031180808026,0.001674408875853112
2021-10-18,0.0005937092807732171,-0.0008478696004744083,-0.0002796806526313971,0.0005089360689015315,-0.0011832623856638962
2021-10-19,0.001540747870747686,0.0012039472550968333,-0.0007185424717248014,9.504660128485117e-05,0.00046695168073743404
2021-10-20,0.0007844154507288259,0.0006978884382709394,-8.808275230247863e-05,0.0031440610412121835,0.0022337786507692983
2021-10-21,0.0005188406428676427,-0.0009450448113351166,-0.0005257097841062029,0.00027458323005171857,-0.003028617933662213
2021-10-22,-0.0002078866514083959,0.0011983763558319547,0.0005100152942331954,0.0009398355926641451,0.0009290589033964934
2021-10-25,0.0010716077721876485,-0.0003977132475756149,0.0002455380644175008,0.0006415353250960346,0.0010195591554824788
2021-10-26,0.00018010944188837257,0.0004006644359593146,0.0002451962212462512,0.000548055612692807,0.00027620241481771774
2021-10-27,-0.0008849293279330874,-0.0007951235572386596,0.001118111550858614,-0.0016864163647029354,-0.0036956812586389593
2021-10-28,0.0019273979474635668,0.0019421407160171993,-0.0005238988420073391,0.0027971457651718,0.0010302617401974838
2021-10-29,0.00040561655019346287,-0.001159861544362746,8.519683752448581e-05,-0.0022481325515689853,-0.0010255416208998984
2021-11-01,0.00034353425194721753,0.0019353787879474293,-1.31943980157696e-05,0.0009903087000629716,0.0014979952818421158
2021-11-02,0.0008076525623013109,-0.000418444356370641,0.0004880856799855341,0.0009472397451900437,0.0005607898427102408
2021-11-03,0.0012175031669081073,0.0016220323201308097,-0.0006253730640431465,0.0006692154011104523,-0.005125935475845002
2021-11-04,0.0009440117297586609,-0.00011993192709081831,0.0010848146358781745,-0.0019094806808470585,-0.0011506599449488963
2021-11-05,0.0006938087016603044,0.0002944466067496777,0.0010954861537898297,0.0010265082383885593,0.00277566439835537
2021-11-08,0.00017057987378024523,-2.5029234958631663e-05,-0.0008662655592173759,-0.00016223310543193612,0.001227709165635762
2021-11-09,-0.00066173293805421,-0.0004406879833622102,0.0009193584077225368,0.0003455133416771313,0.0015979442168407916
2021-11-10,-0.0016102831123647441,-0.0024279092833914767,-0.0017097239710204936,-0.0009270700585496699,-0.002511308824286847
2021-11-11,6.428150030503621e-05,0.0007191465733240397,-0.0006476583942437909,0.00032803194717450463,0.0014136788498722885
2021-11-12,0.0015076764047620352,0.0010859906323252581,0.00041980790430811636,-0.00014553737628548278,-0.0002777878440131734
2021-11-15,6.94705871476796e-05,-0.00036697938398997136,-0.0007859842835983399,0.001401764643245453,0.00010311600463740546
2021-11-16,0.0007915330797495308,-0.0004435119789832904,-0.00017558787965408162,-0.0013213056752729778,-0.00028172302413427444
2021-11-17,-0.0004860134514691585,-0.0002471199055021369,0.0007175263431651728,0.0006207900217959818,-0.001783139218206586
2021-11-18,0.0006785031667125761,0.0001974400372064451,0.00012281931278549797,3.602071745686623e-05,0.0006621178954759663
2021-11-19,-0.0003576514954268122,-0.001705911493135922,0.0005410382158384216,-0.0011794121315412734,-0.0032190644567975154
2021-11-22,-0.00055786095334816,-0.001171887744232714,-0.0014659426314533367,-0.0009864730401601216,0.0014368057223913707
2021-11-23,0.0002651315028573037,-0.0002003617136660425,-0.0008261530600496361,0.0016139067372108182,0.0036061127238848894
2021-11-24,0.0005339967076274027,-0.0013143837515585336,0.0006132391170602088,0.0024135641749907255,-0.0007481927261283632
2021-11-26,-0.004462194506453597,-0.005383003107318932,0.0025630200285061033,-0.00556323454631673,-0.01202925789925447
2021-11-29,0.0024521172568693164,0.0010104443323654308,-0.0004414767761262802,0.0014808868793071634,5.608145412786601e-05
2021-11-30,-0.003894416275233387,-0.001751662037520497,0.001198246304870807,-0.003790565354097843,-0.0055195822981686385
2021-12-01,-0.002202831760697131,-0.001129403518790388,0.00038952286104194776,-0.0032980816602816007,-0.0017261550640862004
2021-12-02,0.0030671599183536586,0.002480993351092256,-0.0004326199136423526,0.00598570056307325,0.0017673523808308755
2021-12-03,-0.0017418425888429383,-0.0008294939592816878,0.0011838170986899824,-0.0006695120501745737,0.0002327251327766619
2021-12-06,0.0023656380983755787,0.0019190204648085044,-0.0010015497522871456,0.003501836920520121,0.0034921063996632656
2021-12-07,0.004129355021437756,0.004209164701968627,-0.000763409505668659,0.002881028701393385,0.003021576204394295
2021-12-08,0.0005290076861210991,0.00037724364553258814,-0.0006430779364940394,0.0014389109188836795,0.0026744618305398027
2021-12-09,-0.0013502631067849862,-0.0016608398819531554,0.0005035756386699671,-0.002892756855293731,-0.003044412583502523
2021-12-10,0.0018806840294966595,0.0004305659111552682,0.00013772845983123143,0.0006156646043087659,0.00228616366125778
2021-12-13,-0.0017723738547432398,-0.0018774224536193603,0.0009514998596826149,0.0018797704897837038,-0.0009832993830834443
2021-12-14,-0.0013762610382733818,-0.0010653188728315444,-0.00034593005990797365,-0.0025541575971508926,-0.00178030556709676
2021-12-15,0.003124700057989574,0.0027099685535105253,-0.0002939909253477524,0.002801796635887922,0.0010008021668419212
2021-12-16,-0.0017624098342099068,2.658471573628118e-05,0.000582347554634873,-7.21966092914318e-05,0.001190441396571641
2021-12-17,-0.002131705575397251,-0.002529453576146717,0.000449727516728538,-0.0002509711471781293,-0.0023704558348227175
2021-12-20,-0.0021265960923528456,-0.00044557988210598676,-0.00016887151125593455,-0.0015565586061737178,-0.001394580572889086
2021-12-21,0.003546456327316525,0.0022231821909561903,-0.0007954658747680471,0.0022526533103385967,0.004211288963077752
2021-12-22,0.0020027556312434023,0.0018669673079941104,0.0001899380907390534,0.002047991772511831,0.00235874696049106
2021-12-23,0.001242729843951456,0.0011780478025368143,-0.000416550781657242,-0.00021163601629850705,0.0010709023627599847
2021-12-27,0.0028244662820990237,0.0015537460004019807,6.889249434131053e-05,0.0033966449577463474,0.002518125279165434
2021-12-28,-0.00016400097976113822,7.533559548873262e-05,-3.4964887455099695e-05,0.0007377214527463969,-0.00038148025033504096
2021-12-29,0.00025519232514714673,-7.61483702158565e-05,-0.001024536641967482,0.0013426753120781044,0.0009582582351134196
2021-12-30,-0.0005531863768195415,-0.0005246666828873311,0.0006614693773230622,0.0008679641091292924,-0.0009548701653391817
2021-12-31,-0.000504887297461841,-0.00017824518294147978,-0.00022617725466498868,0.0005526605608168981,-0.0009573356417318469
2022-01-03,0.0011557150641897248,0.0012946246339839203,-0.0018664662137758373,-0.0015672208251925844,0.0007733722403198716
2022-01-04,-6.775011209702062e-05,0.001136004382140188,-0.00010437228607593137,-0.0002443338920462764,0.0023923811689749797
2022-01-05,-0.0038484377519357473,-0.0017521549072841423,-0.000844666147295384,-0.005740233022867813,-0.0008483772729425633
2022-01-06,-0.00018873340245602373,-0.0010158892752761175,-0.0004949704533497573,0.00017831188925578192,0.0017110787797996573
2022-01-07,-0.0007908298897740797,0.0005845736076290097,-0.000655112406258285,-0.0013265280172291625,0.0003761208231207022
2022-01-10,-0.00024810330784006817,-0.001852710240100912,-5.59770309708549e-05,-0.0011538437866191803,-0.0008464844494697989
2022-01-11,0.001823783029068142,0.00217816530470717,0.0004788932436452503,0.0003079146344699413,0.0038613447932610116
2022-01-12,0.0005398035034807645,0.0019490195341429289,3.3821415281318455e-05,0.00023460747456059805,0.0015749407050824392
2022-01-13,-0.002753759390403479,-0.0014545655497017439,0.0006366134887798895,-0.00039739020022046327,-0.0021229031945574164
2022-01-14,8.752020735820931e-05,-0.00020275839502604392,-0.001377161307611795,-0.0018138347690838687,0.0025908328954975073
2022-01-18,-0.0035502500220270534,-0.002941869239807112,-0.0015103120941576803,-0.002102935771785851,0.0015508315650856472
2022-01-19,-0.0020808664044086028,-0.00018071687998032562,0.00048221962221863354,-0.0026942101360867394,0.0010927507313409517
2022-01-20,-0.002209636850099554,-0.000977074831221417,0.0004272420798987642,-0.0025694496894767714,-0.0007268701731989134
2022-01-21,-0.0039390347800446505,-0.00272304762142805,0.0011563907464302995,-0.0004944821242555734,0.000181414346151658
2022-01-24,0.0008631756976059123,-0.001976281128973755,-0.00016971141494495208,0.00038068315108495573,-0.0004583868404652739
2022-01-25,-0.0024387551602831356,-0.001214084513468478,-0.0002643818525603137,-0.000794087796010923,0.001805738079332796
2022-01-26,-0.00048260541995815825,-0.0007605166509112788,-0.0014338025559648953,-0.0031347911754583367,0.00044927883686484864
2022-01-27,-0.0009727247427284643,-0.0009427423459507771,0.000839863091842656,-0.003310165112962178,0.0009905298981463212
2022-01-28,0.004953935596178047,0.000684342618319972,0.0004630657953296015,0.006466483322099306,0.00018410927459428097
2022-01-31,0.0036039644141736206,0.0029140479551322683,-1.5285233188823777e-06,0.002465566005544133,0.0007142239978102843
2022-02-01,0.0013488631619983766,0.0018938371764813298,-0.00027223570491724714,-0.0007180652564015291,0.0008065796256862284
2022-02-02,0.0019406311687766727,0.001488027846489815,0.00040888706835585996,0.002548524809406651,0.0007980617440843557
2022-02-03,-0.00471306382638392,-0.003166740295821001,-0.0008551196304463701,-0.0021264784595601423,0.00044301870383609015
2022-02-04,0.0009374027253372171,0.00047268862324646754,-0.001538616663282516,-0.0019854283561133042,0.0015840374735484409
2022-02-07,-0.0006426350592293129,0.0003394054783550441,5.1751503753620225e-05,-0.0002880677386008045,0.0004363712308907427
2022-02-08,0.0016410654151137118,0.0010189586072233137,-0.0006494968935150321,-0.0009353197787193066,-0.0017522155366192214
2022-02-09,0.0029230182166671294,0.00323273963976327,0.0002671025968901015,0.004512571192410696,0.0020352685096291885
2022-02-10,-0.003600590745532019,-0.00254601605602785,-0.001835117834026542,-0.004734573567042412,-0.0010433747010332632
2022-02-11,-0.003955417278067768,-0.003030403785092889,0.0020673206169827887,-0.0018185882726015192,0.002980114200633973
2022-02-14,-0.0006568424533007696,-0.0012990987433845527,-0.0013900290619324413,-0.0018153664014490855,0.0010394942600575221
2022-02-15,0.003213167033849441,0.0036552046341676867,-0.0006017259507937817,0.0017939283907237003,-0.003279848786916329
2022-02-16,0.00022730496437290136,0.000761133751941135,0.00041501221310778124,0.0009263179983145965,0.0002691078807652885
2022-02-17,-0.004288889604616543,-0.0032380589516598835,0.0010638525619857918,-0.00212534659721261,0.0016498754152761363
2022-02-18,-0.0012958663026526773,-0.0008479131399557082,0.0006457325166697605,-0.0012123361815910261,0.0007822102732058047
2022-02-22,-0.0021554366310015637,-0.002345781667620259,-2.0320646999826845e-05,-0.0007287610935590496,0.0028662119487534994
2022-02-23,-0.0035407314690456826,-0.00162474504233789,-0.0010491602602138096,-0.0032926408486452555,0.0018700246739806014
2022-02-24,0.0031703475977141013,-0.002541688826044033,0.00048286016830804734,0.0034547445576010773,0.0011883552009991378
2022-02-25,0.004398493565572619,0.004967349524639254,-5.6398357638789105e-05,0.004801845819338827,-0.003027880625816192
2022-02-28,-0.0004946969375955714,-0.0038037926306172904,0.0022603224980091204,-0.002988067697558777,0.003407096750051999
2022-03-01,-0.00306938947372528,-0.0044064102197497,0.0019453326051313833,-0.001060002101988112,0.007980450094100333
2022-03-02,0.003677834792539292,0.002509418087480217,-0.003031364299650927,0.0037495439907770794,0.006485814482790485
2022-03-03,-0.0009915208448058517,-0.003967931553490969,0.0008587402224041165,0.0016312282269502656,0.0021807831084076057
2022-03-04,-0.0016265977240181762,-0.005805644306902356,0.001978527213779093,0.0009312954384928778,0.008321406837918374
2022-03-07,-0.005900402557969951,-0.006375025805232269,-0.0008524656130828519,-0.003959595212366562,0.004338946953143551
2022-03-08,-0.0015255455955593418,0.0017334608060540582,-0.0013024311952082857,-0.0009768271841138882,0.0034025458365432334
2022-03-09,0.005339235092291142,0.008304968601566006,-0.0012411441351886478,0.003077508992000594,-0.016242068513188917
2022-03-10,-0.0008966038224159183,-0.002391184135037055,-0.0009210060586671118,0.0005115993646304343,-0.002274945748993625
2022-03-11,-0.0025443519833535846,-0.0021558999879922464,-5.663088792879856e-05,-0.001585849581311933,0.003439719322525782
2022-03-14,-0.001458768230107,0.0018506095411647602,-0.0025424594952921037,-0.0015472127386188584,-0.0058856877515304756
2022-03-15,0.004373315065561221,0.001896797297663659,-8.925594015639434e-05,0.0013411208117117346,-0.00491188000902361
2022-03-16,0.0044346411355775444,0.007141376433565221,-0.00027982834911563536,0.0023743344407516046,-0.0016947195927627388
2022-03-17,0.0025315149191164335,0.0017036543882421509,-0.00039105016701035454,0.0031209036342876575,0.009521704090213946
2022-03-18,0.002191840716612863,0.0019619810962919894,0.0005839153837150569,-3.624982271939906e-06,0.0009339518645571927
2022-03-21,-6.292745990681425e-05,-0.0012554940352416386,-0.0026201681522422557,-0.0012288001576305164,0.007415215421329124
2022-03-22,0.0023341644600726164,0.0018755855687240326,-0.001102229334185096,0.0005088939845244325,-0.0004558278628042447
2022-03-23,-0.0025888564122592164,-0.0026036811206155783,0.0013391641612268284,-0.00225472517248885,0.00494552498776195
2022-03-24,0.0030021310610282726,0.0018547286266898011,-0.0011173407107846719,0.0012625076524089675,-0.001986921575526553
2022-03-25,0.0009710340119028752,0.00010437359278712421,-0.0020617279512598202,0.0024845578019197763,0.0014843970558162708
2022-03-28,0.0014096429646699724,-0.0006553273645337319,0.0004462863774883152,0.002108436455431477,-0.008767627952015413
2022-03-29,0.0024663669837119077,0.0044300713985065505,0.0009933963849337794,0.005842037532828105,0.0009016435831865319
2022-03-30,-0.0012420902899624906,-0.000830157812205862,0.0007852253549273599,-0.0014559312578028415,0.003595827388939128
2022-03-31,-0.003082020426982733,-0.003328158026794836,0.00036838367863639427,-0.0024280373735651667,-0.003705967339075006
2022-04-01,0.0005630020737903282,0.0018674953443424435,-0.0013000383804335244,0.003879774650533516,0.001300270835714155
2022-04-04,0.0017134451415555473,0.0008095556493866908,-0.0001377812278262569,-0.000987033659355907,0.00380914239668745
2022-04-05,-0.0025354424317266776,-0.0027208884642445008,-0.002391288757088384,-0.000988308292826353,-0.001617127097586662
2022-04-06,-0.002006410101188437,-0.002396859617879809,-0.0007067154754585683,0.0023721477686515836,-0.0015206299054931498
2022-04-07,0.0010029883852731123,0.0004340138319631472,-0.0005010654684783104,-0.001996610217686854,0.0006774927047493208
2022-04-08,-0.0005402501587328419,7.814312106000761e-05,-0.0010177319822307974,0.00032249348259759766,0.0024910561919408007
2022-04-11,-0.0034285323041716395,-0.002117171014325115,-0.0009659815469578491,-0.002151170809103794,-0.0016512256853898313
2022-04-12,-0.0007466106669173086,-0.001513597271675692,0.0009587168597772177,-0.0003037524337581021,0.0059306626714180554
2022-04-13,0.002291579650646122,0.002150646929207201,0.00043568559085149913,0.0014161200285861368,0.004373629016247493
2022-04-14,-0.0024951715096501142,-0.0009159931055525737,-0.001809528324019509,-0.0008608227674688947,0.0015118869561094204
2022-04-18,7.710161799642135e-05,-0.0011745702363044452,-0.0005863422349531232,-0.000817043314463816,0.0022686235263381146
2022-04-19,0.0032066823776217735,0.0009453602828428664,-0.00132461858197183,0.004317653375397824,-0.005163943921007081
2022-04-20,-0.00015521341376939236,0.0013284386535700444,0.0015553941021462774,0.0033214100661554478,0.00020942921812935439
2022-04-21,-0.002977031945916467,-0.0021410187448684913,-0.0011147100328589962,-0.0013912834167407087,-0.0002969986887999539
2022-04-22,-0.005489328573698766,-0.0032667032396632312,9.00932331847181e-05,-0.0035119774515569428,-0.0038475147697835154
2022-04-25,0.001146305159910685,-0.0009692439224343689,0.0012810566389399338,-0.0005186059585742359,-0.0013918368317792865
2022-04-26,-0.005823698496779779,-0.005625295611653932,0.0013276178207209171,-0.0033006583394510377,0.0027278959323106264
2022-04-27,0.0005556699982458398,0.0009022674344771514,-0.0011217286601897926,-0.0013247668466064462,0.0013980999842275346
2022-04-28,0.005022772066070438,0.0028220452589669226,-0.0002940097814364144,0.003672937730960904,0.001677214885058658
2022-04-29,-0.007437221053967383,-0.0023203343988295877,-0.0010691601260055922,-0.009213701231884811,-0.0014974091293282338
2022-05-02,0.0011918333460095476,-0.0005025226555311958,-0.0014979337810278252,-0.004822298683429788,0.003073701768722798
2022-05-03,0.0009100362335981688,0.001481588477636753,0.0002318999187356705,0.0024744932204155182,-0.002810758748241774
2022-05-04,0.006100572350938396,0.0035161068645530947,0.0012932846621604335,0.0022993665019924382,0.006199733531737772
2022-05-05,-0.007139565593051568,-0.006478032490941856,-0.0020135466143937847,-0.005333024080000633,-0.001026898078802487
2022-05-06,-0.0012003554730633857,-0.001951096728035148,-0.001147658808636417,-0.0023828510647117772,0.00020494770605054065
2022-05-09,-0.006420817347142045,-0.006057587591663528,0.0014580630785134248,-0.008793249122110958,-0.009091590951387958
2022-05-10,0.00046728319048001374,0.001508035251627502,0.0006586137631004708,-0.003650295963659472,-0.0012037135875593663
2022-05-11,-0.0032040748559159114,-0.0011973041919145304,0.0012377481665110867,-0.00043620508075081706,0.004901274449856869
2022-05-12,-0.0002095826985950269,-0.0004956109063953178,0.0006531177491584872,0.0015486635877049596,0.0009418386453503331
2022-05-13,0.0047651943462254905,0.0055277994605437055,-0.0010610224172411308,0.005270614800544894,0.0027409557120260447
2022-05-16,-0.0008200282275096903,0.00017425757529051153,0.0008288044678378414,-0.001270412260015082,0.0032630478926316295
2022-05-17,0.004097650038111615,0.003715959526444308,-0.0015257329998290682,0.0027141168442409306,-0.002201870455153548
2022-05-18,-0.008115208057933726,-0.004795328777815035,0.0014134986378038744,-0.005808584620407647,-0.0043041476754020706
2022-05-19,-0.001231290652218364,0.0019072420387747481,0.0007220883788378453,-0.0008926988175696968,0.002546706419809911
2022-05-20,8.536186513851593e-05,0.0013631265642271384,0.0009274712607903487,0.0012668299343012765,0.00027772514209319066
2022-05-23,0.0037278250823933722,0.0033786731968541255,-0.0012279683882334437,0.0023093162160707564,0.0014959007219980524
2022-05-24,-0.0015300910833094617,-0.00032742950771362316,0.0017102917103359815,0.0016847234507630867,-0.00015055939849011428
2022-05-25,0.0017633042154522407,5.619481924421382e-05,0.00039650206455772995,0.0016911642592453244,0.0014089842239219078
2022-05-26,0.003981935986260724,0.0022000494443654307,-0.00010453964482839678,0.0002384757695067867,0.0021855150460185204
2022-05-27,0.004891540159765332,0.0024024819373880783,0.00027906887950161676,0.005349366579285567,0.0023772861153253107
2022-05-31,-0.0011320262487072253,-0.001202524558630784,-0.0021005814142366266,-0.0024669399587883304,-0.001316129015647769
2022-06-01,-0.00162513552836331,-0.00211975531026806,-0.001140445080236308,-0.0016680037258832426,0.0009663696304621919
2022-06-02,0.0038139234426482834,0.004136307367382381,0.00028326097421452163,0.0027632552083670125,0.004534962754536698
2022-06-03,-0.003295228979039143,-0.0028677456714782334,-0.0004004406837982819,-0.002679638065957267,0.0018717302683693877
2022-06-06,0.0006054726817283865,0.0008021703749060278,-0.0015202212772921584,-0.0006350572300527054,0.0008630940078898568
2022-06-07,0.0019235827110808178,0.0006034106710405811,0.0007932398053982175,0.0027463539068368686,0.0013197477680463813
2022-06-08,-0.002184329433580654,-0.0028067627068334698,-0.000752749557229749,-0.004628818023188267,0.0017681658533913115
2022-06-09,-0.004766721570296037,-0.004212731502708469,-0.0001872989590206639,-0.004750097009882863,0.00032259812519644854
2022-06-10,-0.005821767700334463,-0.0048459960438815225,-0.001970670447828699,-0.00444728417349952,-0.0019718317826135415
2022-06-13,-0.007625674274342847,-0.006641103328132511,-0.003556651595247927,-0.010033468079483791,-0.002256924562709695
2022-06-14,-0.000613085325214381,-0.0019059545097915,-0.0016117193282018279,-0.0015351368257019177,-0.0022227109500232165
2022-06-15,0.002836283353527324,0.0037259265164886887,0.002777928627275503,0.004723199456241622,0.00012038398212426603
2022-06-16,-0.006645558769107229,-0.0044134005988279296,0.0012719976936458235,-0.005274720344833853,0.0008486057768371125
2022-06-17,0.00041783183193147837,-0.0008218937547148683,4.7435468285265446e-05,0.001501364269848132,-0.007192586566301183
2022-06-21,0.005008081649691677,0.003016232129387275,-0.0010513303087692951,0.0027686451963473396,-0.0005065679732654268
2022-06-22,-0.0003724687735141278,-0.0013578292939574594,0.0025099095137271414,0.002528776949251704,-0.003529341378272012
2022-06-23,0.0019454308011437897,-0.00023760558523299265,0.0011168420063150193,0.0037847206396486887,-0.0045103130682661195
2022-06-24,0.006336348515195152,0.005939348127344994,-0.0007265622061245446,0.004241285506845049,0.0018828158203575995
2022-06-27,-0.0007726913547874251,-0.0008606628575367191,-0.001141039512508384,-0.00031446816307001375,-0.00044692878407391287
2022-06-28,-0.004099146548132633,-0.0013558959950466147,0.00024657414128502567,-0.0024376868849475303,0.002376463075612146
2022-06-29,-0.00017627410212512539,-0.0007750367761538535,0.0015935955361847717,-0.0012562187777958233,-0.003423833891213026
2022-06-30,-0.0016366675887081268,-0.0010709054816429788,0.0015174412388202461,-0.0003866577848136555,-0.006204281214675241
2022-07-01,0.00211008462348349,0.0005080165209091953,0.0021284649205422163,0.003598243433319729,0.0009821721134458592
2022-07-05,0.0003584955942363324,-0.0042599540393188735,0.0007252029530758883,-0.000583732823337669,-0.01355444087294395
2022-07-06,0.0006608070952413659,0.00014936604411289333,-0.0017056305553439853,-0.0003798988519868896,-0.0029871531978713814
2022-07-07,0.0029893610721954634,0.003018245825237456,-0.0012536852893806712,0.0005239746438468184,0.008226896290281274
2022-07-08,-0.00017709013775403244,0.00021103088483451194,-0.0012311561153582752,-0.0010749928486999383,0.0034806772765225056
2022-07-11,-0.002305065799055696,-0.0032640439828587027,0.0015546619177030016,-0.0004513744441652186,-0.0003986558392033209
2022-07-12,-0.0017809608962759326,-5.121862262890178e-05,0.000457838536136214,-0.0008009782105321612,-0.009169494879780892
2022-07-13,-0.0010559215292592042,-0.00010734307188169583,0.0008348776556017249,-0.000976507614377727,0.001101311012682658
2022-07-14,-0.0005092547388809428,-0.0028165328375695997,-0.001129437082908262,-0.0018181424275627517,-0.001850130496435312
2022-07-15,0.0037984568160218455,0.003161651479919289,0.0006695459841399838,0.0033703450153746983,0.002567544317461389
2022-07-18,-0.0016769078244788425,0.0008020740558161994,-0.0006032925406716294,-0.0014451377272440055,0.003747217823913641
2022-07-19,0.005366357318588348,0.005407596322113945,-0.0009418586353112,0.005146598707271168,0.0008108853387610962
2022-07-20,0.0012540378424318942,-0.0013478123027726168,-0.00020949962414912651,-0.0004902005668485801,-0.00017470923243022554
2022-07-21,0.002012290217447827,0.0020434719033579395,0.002246298312325368,0.0015601100778148789,-0.003362341485537087
2022-07-22,-0.001880876688395776,-0.0005215253675821467,0.002268337593105053,0.0010233373649292245,-0.002412983567496017
2022-07-25,0.00022251489633395505,0.0015251210083558218,-0.0007259153216038475,0.0003184129450331411,0.003584277899310726
2022-07-26,-0.002395904007499357,-0.0028187624423837614,6.29307388114679e-05,0.00019188582988821493,0.0004088681168603798
2022-07-27,0.005166815582122119,0.004701798824001858,0.0003849390459749248,0.0011867261907072036,0.0045422667678027065
2022-07-28,0.002495503954536474,0.0010130040845193933,0.0019596804537394515,0.006454456101950462,0.00013895067240275938
2022-07-29,0.002896612523161755,0.00276217377818081,5.985990973345012e-05,0.0010617515799421647,0.0009227059227278041
2022-08-01,-0.000611974455685423,0.0002515587894114406,0.0011435616310581655,-0.001635636794067621,-0.004062556409578886
2022-08-02,-0.0013401244013259127,-0.003220163726540742,-0.0027797764609707315,-0.002582048973218246,-0.0010320850967198605
2022-08-03,0.003110477513716963,0.0011541880308229644,0.0008129536793248209,0.0006212968638060214,-0.0017375929234067827
2022-08-04,-0.0001542627788372769,0.0009925935725042993,0.000993328333945524,-0.00032703573319556995,-0.0021654019872288264
2022-08-05,-0.0003584684498149228,-0.0014238071388355952,-0.0029127263721508835,0.0005282922149954032,-0.000738087877161106
2022-08-08,-0.0002525403661981284,0.0004450902208242382,0.0011574614365167338,0.0017659384994636743,0.002409138542910699
2022-08-09,-0.0008162212395092971,-0.001096596962656907,-0.000615863614863717,0.0010793168534857921,0.0016508303656124974
2022-08-10,0.0041762079142075555,0.004481648807029574,8.950244440260971e-05,0.003017955012520312,0.002760510671801099
2022-08-11,-1.839594402052753e-05,-8.219373305443178e-05,-0.0013544824365558019,-0.00050113658548422,0.0038570206902536564
2022-08-12,0.0033580896962651634,0.0015211362948569448,0.0007739557593002176,0.003410059459857261,-0.0010864764496143497
2022-08-15,0.0007979668223322916,-0.0012190055579572178,0.00061948756767955,0.0007772300783510255,-0.00240003829665024
2022-08-16,0.0003712781712093518,-7.676799335247263e-05,-0.0002516120494628726,-0.0005489321965491344,-0.002256203670489906
2022-08-17,-0.0014394891694516348,-0.0016174953936462665,-0.0013681154430831444,-0.0012168902241614576,0.0007595022226797052
2022-08-18,0.0005612729932023374,-0.00069093555269247,0.00036698579466947867,-0.0013471438555190435,0.0030193963295227126
2022-08-19,-0.002709105596126274,-0.0027680297348059266,-0.0017431677987876845,-0.0021283091389850918,-0.00010010588594695915
2022-08-22,-0.004194803922377042,-0.003427108649548736,-0.0008956283600209938,-0.004384060520521006,0.0017443441223733151
2022-08-23,-0.0005058693634478067,7.447207159488294e-05,-0.0005120908333044128,-0.0025932673570254134,0.0032488120340582846
2022-08-24,0.0006186111506603434,0.0002336613028225507,-0.0006901453985185659,0.0011213899492292583,0.0020759967847088895
2022-08-25,0.0027989496888154827,0.002175946717612064,0.0012613765226968119,0.002956581619207435,-0.0028462173019987384
2022-08-26,-0.006791872020157106,-0.005266550937734255,-0.00025679438492788446,-0.0050515428696435,0.0008075670781595969
2022-08-29,-0.001344839414063364,-0.0004692900285000699,-0.0011603964725647353,-0.0018230359144693605,0.0028908655529404615
2022-08-30,-0.0022076065379000157,-0.0014406167213224504,-8.20490325685953e-05,-0.002771708337782838,-0.005609765310702687
2022-08-31,-0.0015316703331132782,-0.0013733807537855123,-0.000851685891392579,-0.0009507994537067218,-0.004228203170824144
2022-09-01,0.0005978461187304938,-0.0027124205748544736,-0.00161216942219061,0.00033687048156629283,-0.004307156011813398
2022-09-02,-0.0021288265274468482,-0.0013384426009106502,0.0010991506613855363,-0.0028145882208210973,0.0013354772573247503
2022-09-06,-0.0007774972602998025,-0.0005153958277978432,-0.0022603675885062516,0.0017806102129450836,-0.0012041606453696977
2022-09-07,0.0035591093473309556,0.001748344833464897,0.0012798676933223933,0.0038668930035095058,-0.004809058919514259
2022-09-08,0.0012897946092833366,0.00012578495344865712,-0.0007609475766677754,0.0005290923342804279,0.0007902787302990319
2022-09-09,0.0030893806789297255,0.005054481043859721,-6.8692948546448926e-06,0.002158282306260155,0.005630558464336975
2022-09-12,0.002126685546221772,0.002760303194750824,-0.0005107342636785555,0.0019200786364760726,0.0027298953164958846
2022-09-13,-0.0087580159486257,-0.006990714623022624,-0.0011537630473246695,-0.007696358220321303,-0.001031277495500011
2022-09-14,0.0007378976301387723,0.0006294558784108621,7.70599134209543e-05,-0.00231143617529739,0.0008335896858435761
2022-09-15,-0.002292144707320555,-0.0017866202867341207,-0.0007117789025141739,-0.0036962052188958673,-0.00588403114464268
2022-09-16,-0.0015462078311713103,-0.0012406227230469787,0.00013598883015562043,-2.330574002124314e-06,-0.0007415954999777076
2022-09-19,0.0015205952995289746,0.0006739376118159636,-0.0005950108898945638,-0.0003155173638276755,0.0006428864974779619
2022-09-20,-0.002321900529961193,-0.0034284232323764314,-0.0012660612056746702,-0.0048867454620062315,-0.0002685903351712011
2022-09-21,-0.003509610931260826,-0.002656529568909311,0.0007731812619736082,-0.003173618549462836,-0.001218650954776141
2022-09-22,-0.001709188392940302,-0.0005995210779924459,-0.003051474622656178,-0.00257417121639102,0.0005760877320949969
2022-09-23,-0.003368773570679219,-0.0064191002958979655,0.00021766356027089494,-0.0026807577981849753,-0.006796343682544964
2022-09-26,-0.0020028756438385392,-0.002990272041353666,-0.003351069314847252,-0.005632707533272924,-0.004684467293404504
2022-09-27,-0.0005305027435630189,-0.0013919526881393024,-0.0014022974697450268,-0.0026856380299627586,0.0021116447828846813
2022-09-28,0.0039221076231440635,0.004833178475058213,0.004466149567274179,0.004116862591086913,0.005539624205415773
2022-09-29,-0.004206857380008238,-0.002377342354514838,-0.0009574720860090111,-0.0059081028028310474,-0.0012488104431810445
2022-09-30,-0.003122548203226375,-0.0007367617155139539,-0.0005379545490607582,0.002211535505647814,-0.0025107205421387737
2022-10-03,0.005262173038848229,0.003943213483513618,0.00234879817897079,0.0035399186446866335,0.004489548893888681
2022-10-04,0.00616990492312352,0.007961917119511861,0.00038119609861394447,0.0040238564733310715,0.00536625764578098
2022-10-05,-0.00048601317474324866,-0.0021382417938373786,-0.0019187008975361979,-0.003948421462833077,0.0035207237488294064
2022-10-06,-0.0020888873980652997,-0.0035399517537117965,-0.0011260202919113438,-0.005580904175869457,0.0012213211920823438
2022-10-07,-0.005623012367887377,-0.0032093789410762553,-0.0010087289576018103,-0.004850716903891334,0.002059586313086577
2022-10-10,-0.0015492594402310175,-0.0011544059287906543,-0.0012050344313057372,-0.0019113580246588576,-0.00225051820582879
2022-10-11,-0.0012950655742947168,-0.002224962834218208,0.00047973433792387497,0.001998555231859811,-0.002913528571681754
2022-10-12,-0.0006864879632682312,-0.0006727592595732659,0.0006257937791001994,-0.0021175338106501737,-2.8308456102927847e-05
2022-10-13,0.005297952310877042,0.0041142036357679854,-0.0008738528483438055,0.0036568080192183965,0.002697303461722962
2022-10-14,-0.004566812086245978,-0.0030076022207856136,-0.001143332260685979,-0.004972634827221607,-0.0040299891205918
2022-10-17,0.005103736852925852,0.004892847616747115,0.00017244883399844437,0.007492928563754974,-0.0005216954138553965
2022-10-18,0.0023446642265928293,0.0014045573472193543,0.0004770855588257902,0.002152138002637736,-0.0022002678094716426
2022-10-19,-0.0014478516758161704,-0.0024887991674421603,-0.0021235356564382286,-0.005020181426893054,-0.00011337092045228958
2022-10-20,-0.0017121250361942437,-0.00048679945893654827,-0.0015304834279303082,-0.0009051865198142095,0.00014244728957778322
2022-10-21,0.004819172770617326,0.0036199671519881395,0.000421967623986161,0.0015363637427440037,0.00021165510804618782
2022-10-24,0.0024111941764732615,6.428024745282407e-06,-0.0002899952377923341,-4.718505990789305e-05,0.0005320698857255751
2022-10-25,0.003176735257685326,0.004373671873037286,0.0024602284470957494,0.007832617627793569,0.0010944691643612573
2022-10-26,-0.0015368768920903503,0.0018578394032806637,0.0009864207231455055,-0.00015438514427482865,0.0036994771393105788
2022-10-27,-0.001098026772096438,-0.0019096917380931637,0.0013830951891350798,0.00026689719685664117,0.00028162122185752266
2022-10-28,0.004705215673584497,0.0019515027834739141,-0.0010593351571438181,0.0043697860514273846,-0.0023770803815108387
2022-10-31,-0.0014767962138161788,-0.0019019485493055439,-0.0009390588904225523,-0.0002469645151498252,-0.0014549739950950908
2022-11-01,-0.0009175232359517707,0.0015676039114801733,-7.778502345570365e-05,-0.00011106464791825928,0.002996988041461945
2022-11-02,-0.0050530000435563445,-0.0029340292875061616,-0.0003704519685027222,-0.005551213376621292,0.0017716773249578132
2022-11-03,-0.002091450511518611,-0.0017262352731851325,-0.0009053109398720714,-0.00030621890548587327,-0.00018943020191753153
2022-11-04,0.0028464632714869514,0.007953953543032207,-0.0004679402587792957,0.002708120822626009,0.006724036806405261
2022-11-07,0.001879247725066823,0.000592851393351446,-0.0007405857466225201,-3.0249268598965607e-05,-0.0017686810251856184
2022-11-08,0.0010465614840843374,0.002228436898924287,0.001299691252991204,0.0005797853668939898,-0.002469204303174921
2022-11-09,-0.004152384939869575,-0.002825461192467088,0.0006459966881150061,-0.0020789664899954928,-0.0046578171432171715
2022-11-10,0.010922511424011728,0.011148392524215196,0.004472589722342539,0.014529955498008762,0.0017913402597709855
2022-11-11,0.0019078340446773794,0.003948553657394088,-0.00044403214046109373,-5.6446084558597627e-05,0.0037898183763380847
2022-11-14,-0.001734203997332847,-0.0021429566955263675,-0.0005117129983491278,-0.004909755784777573,-0.003016051179487316
2022-11-15,0.0016795866121591728,0.0013062153296805271,0.0014530892903574387,0.002136485981695418,0.002317039047556915
2022-11-16,-0.0015597779185193424,-0.0004899852510498501,0.0014354337534144012,-0.0018511464137940662,-0.0022563529474258085
2022-11-17,-0.0006417758523085919,-0.00012085623672792437,-0.0013914197513667436,-0.0013959848827364634,-0.003370303962535463
2022-11-18,0.0008809628098649826,0.00036834345691575825,-0.0007390763082862322,0.002499219228893617,-0.001415843337807405
2022-11-21,-0.0007608815214421369,-0.001537454876681488,-0.00014927347630676227,0.001015047189721349,-0.0007187341661047843
2022-11-22,0.0026592238656762846,0.00274972334036503,0.0011118942849383051,0.0010604503112061209,0.002039881475982072
2022-11-23,0.0012246420362507031,0.002155056197221116,0.0010397640437614481,0.00012805587492800843,-0.0027997170427278436
2022-11-25,-7.790579166155342e-05,0.0009919382409893185,-9.384399186216093e-05,0.0012378318927768676,-0.0017837592654049116
2022-11-28,-0.0032284846910437016,-0.0026139491118331165,4.889342287261794e-05,-0.005385427474704599,-0.0012348569420776786
2022-11-29,-0.0003783734575228783,0.0005439302665540409,-0.0008785980386335633,0.0032764533721240893,0.0025648526247244357
2022-11-30,0.006289688483976828,0.0035074596546598186,0.0017777995161036054,0.0045754224520257415,0.004445604150658636
2022-12-01,-0.00018334958108611667,0.0019044794018951866,0.0021586070005014148,-0.00046314330167008676,-0.0010484421917024752
2022-12-02,-0.0002561034833913117,-0.00018050515653577202,0.00036735515122492357,-0.0006202918904163622,-0.002159610610501338
2022-12-05,-0.003642306903491082,-0.0026641959729585643,-0.0020637425105793075,-0.0036870968424645126,-0.005152732741075177
2022-12-06,-0.0029209931123058744,-0.0009303648595066325,0.0011934376386047699,-0.0019146356203775252,-0.003232225494726
2022-12-07,-0.00037344175827058994,-3.333605537859833e-05,0.0017131501670328464,0.000367383965705792,-0.001029137521595381
2022-12-08,0.0015316740624079263,0.0009909808899219593,-0.0011637874632417573,0.0013710152608482013,-0.0003608539971476435
2022-12-09,-0.0015292654916811998,8.742247174329847e-05,-0.0015160213251417282,-0.0004049820301036471,0.0002178683583063647
2022-12-12,0.0028500545547177764,0.0005651629700244731,-0.0003177214190910532,0.0015039469824418667,0.00213892181588889
2022-12-13,0.0015029791345507859,0.002813888410707643,0.001758262578336897,0.003674652426609274,0.0032764418798290076
2022-12-14,-0.0013139476680352439,-0.00021017899037434462,0.0005140971284545097,-0.0013974010535204285,0.0015105393865143572
2022-12-15,-0.004938687070422832,-0.005155424791939052,0.00035427715183993387,-0.002710151483914559,-0.0024464980729309487
2022-12-16,-0.0023922437709160598,-0.001790856212978274,-0.0005414310189437409,-0.00520358925713552,-0.002565890221177681
2022-12-19,-0.0017281688604539255,-0.0005191536278347917,-0.0016593165919188701,-0.0025802554114727014,-0.00040831015657721793
2022-12-20,0.0002391929101425971,0.0007608377397581422,-0.0014856058844373134,-0.0005391037675486844,0.0008844703774317392
2022-12-21,0.002955794185590916,0.0020424184663194863,0.00021225731550961687,0.0016811746905289516,0.002539595863329966
2022-12-22,-0.0028914236782650996,-0.001664321532296558,-9.514353051573832e-05,-0.0008712437886200242,-0.002573148493425031
2022-12-23,0.0011188548720485296,0.0006670481036213399,-0.0009390621724502789,0.0017499322619083657,0.003604069711483317
2022-12-27,-0.0008199328180687575,0.00026772933525696805,-0.0017091039718674275,-0.00010746593257854675,0.0018529922133167008
2022-12-28,-0.0025185130571802987,-0.0021486826107022976,-0.0005124280340233164,-0.0034332512846763368,-0.002301857103942691
2022-12-29,0.003557982013795402,0.0031141058745725696,0.0009483456224939226,0.004335734846289565,-0.00026361907607486417
2022-12-30,-0.0005595682167573052,-0.0020846472251999613,-0.0008657183892377037,-0.0014786399459897736,0.0017656293727510665
2023-01-03,-0.0008771851927774896,0.0017371242780685515,0.0015360113173025903,0.0001633532925631613,-0.0048653780018833494
2023-01-04,0.001508611369711027,0.0026245150263677847,0.0014983694091293027,0.004484962729988403,-0.003629157585274876
2023-01-05,-0.0023172291198625124,-0.0020333648986013177,-0.0003240502065326592,-0.0054191578198204676,-0.0010507202185950448
2023-01-06,0.004542138788796879,0.0050807579046269384,0.002550659530603792,0.005346606928242943,0.0010711183373036176
2023-01-09,-0.0001498391352773543,0.000816086513235064,0.00047722079252088246,3.299691606691558e-05,0.0023379047842008796
2023-01-10,0.0013667759022058217,0.0005483697109908742,-0.001294824340398453,0.000414110880726643,-3.5195285384980104e-05
2023-01-11,0.0024965312798116176,0.0014800020981758648,0.0012513885928594239,0.0071207527237843555,0.0035517022256871134
2023-01-12,0.0006926775334470458,0.0029110004927201763,0.001750813332412441,0.0024996069728391804,0.0016067246773172504
2023-01-13,0.0007468159169197031,0.0010175665672037195,-0.0010994650718136423,-0.001271817011971964,0.0019098722555232618
2023-01-17,-0.0004029599844815741,0.0005877358270578637,-0.0006625596189540391,0.0005306498930092703,0.0013334599660630787
2023-01-18,-0.0032081490562228974,-0.000730073660822748,0.002677915167757663,-0.002968168437389482,-0.0022050592297565576
2023-01-19,-0.0014935210775730815,-0.00034789364346477094,-0.000415990157101864,-0.0011381062837913225,0.0019813683744212534
2023-01-20,0.0036792138156545957,0.001726681556042658,-0.001360603157576493,0.002341060640314678,0.0011647097954513184
2023-01-23,0.0023574808988847226,0.0007863110435993206,-0.0006817507565122186,0.0008750416638945935,0.00044132502593056174
2023-01-24,-0.00024952141827936503,-0.00028600644492888296,0.0011138382819017864,0.0004639202477085302,-0.001145584381535749
2023-01-25,5.355346383604496e-05,0.0012827458452709997,0.0001844561757878509,5.510538565904445e-05,-0.0005953999965047968
2023-01-26,0.0021590793875248945,0.00013113567834010742,-0.0007617740526867574,0.0022024584815357453,0.0008468448222517246
2023-01-27,0.00042352027888414325,-0.00042365269507322316,-0.0003381073433849722,0.002201936902702074,-0.002257842974981289
2023-01-30,-0.002547424359231699,-0.001320337267480403,-0.0006626636868135258,-0.002584793533586302,-0.002621756732723421
2023-01-31,0.0029033717528869608,0.0011226733895701693,0.0009761617264085177,0.004156474104560989,0.0033998306282055244
2023-02-01,0.0020899166139235923,0.0017485700650076278,0.0013969650530375997,0.0011992233989930891,-0.003826706183494621
2023-02-02,0.002872187281150365,-0.0003163719238375418,-0.0001188423826741465,0.004497590110393612,-0.0015065280390091276
2023-02-03,-0.0021614708931553023,-0.001895193559294375,-0.002182726988520671,-0.0037967272865665385,-0.005062950727180628
2023-02-06,-0.001258747715607497,-0.002081110608844704,-0.0017606011811340946,-0.0014887522066845912,0.0005529569921046071
2023-02-07,0.0025799476130494233,0.0016677084018385515,-0.0005272326999445615,-0.0004736309836330239,0.0037495375053603107
2023-02-08,-0.0022274033960257103,-0.00127063137853658,0.0007002375249830291,-0.0009811079475832841,0.0003771769752360406
2023-02-09,-0.0017566648234447642,0.0003525504405949292,-0.0009397196171326103,-0.0022244945969760567,-0.0016157695287649662
2023-02-10,0.0004315653956041411,-0.0009109758440037971,-0.001001515633887478,0.0006593829083768799,0.0027851252936854976
2023-02-13,0.0023064565555824855,0.001969048886744171,0.0004370758850868525,0.001737571770108703,-0.0004412628320195836
2023-02-14,-0.00012939935097375167,0.00032764628034652617,-0.0009422047750525553,-0.0016227667199283568,0.0006263073091442734
2023-02-15,0.0006096411408012297,-0.000924060602648373,-0.0006355370474001741,0.000760509906296949,-0.0021723619944371995
2023-02-16,-0.0027924378797138426,-0.0010201959088143803,-0.0007000473619431314,-0.0019796308015337482,-0.0006187576467538579
2023-02-17,-0.000537640795484602,0.0004681818280404723,0.0005198255510582056,-0.0008192935497205617,-0.0015175128394453836
2023-02-21,-0.004060441483329894,-0.002235771161914222,-0.002217243627070063,-0.004055890268757177,0.00022176882174683327
2023-02-22,-0.0003127423901744173,-0.001149652915593972,0.00031958607831870874,-0.0018410819905013197,-0.0026402227116564176
2023-02-23,0.001027433726139441,0.000993490405754942,0.0007404061413996823,0.0014636474696924633,0.0014897346645050104
2023-02-24,-0.0021732396341216154,-0.003370346018813306,-0.0012477241175522682,-0.0035446678905338594,-0.0007132396578756104
2023-02-27,0.0006448307037365869,0.0023373455827509224,0.0005703110615633289,0.00026904739528945976,0.00012881174161578354
2023-02-28,-0.0007771826396516088,-0.0014999917460993483,0.0002786732283184511,-0.00031710908897489363,0.0005572876994790825
2023-03-01,-0.0008055536527649173,0.0010331527751872992,-0.0016398763843523902,-0.0025659344487546356,0.00340016896076876
2023-03-02,0.0015181050499545926,0.0003673423188987735,-0.0008603557903067999,0.002309007689900098,-0.0007802713985983384
2023-03-03,0.0031687362470223025,0.0028799817513926406,0.0015716721622986089,0.002992981758987194,0.003142418136790451
2023-03-06,0.00010143508252404171,-0.0005457941838075321,-0.00039233512649477614,-0.0008108250333699079,-0.0010020183571423729
2023-03-07,-0.0031010723054332792,-0.003377271759315649,-1.6794158371287895e-05,-0.004701870050228901,-0.004160999109837115
2023-03-08,0.0002875894286997343,0.0010529488955390626,-9.918285031609885e-05,0.0022569081720040943,-0.0011299972506818095
2023-03-09,-0.003729191701377188,-0.0014985503625040532,0.0012041751247771906,-0.004624186263133143,-0.002479947590944636
2023-03-10,-0.002934491009969532,-0.002176000173840424,0.003632870243491996,-0.006691564329112544,0.002097803064694551
2023-03-13,-0.00031236162622559914,-0.0014028778811612827,0.002405485843043715,0.0025866512904731856,-0.0012858333766264994
2023-03-14,0.0032635877118626054,0.0026291937254576277,-0.001936819347174665,0.0019072161234005302,-0.0026055413026012755
2023-03-15,-0.0012862481379082417,-0.006203871026277224,0.0028687080693864586,-0.00017524796162086642,-0.004691876252172916
2023-03-16,0.003479004831258568,0.003070810503682727,-0.0018050325130336544,-0.0004670960715669841,0.0005942151618869875
2023-03-17,-0.002377317067920715,-0.0024224445076648136,0.002322694629294368,-0.004584010315446023,-0.00064442200975968
2023-03-20,0.0018898261882735136,0.003082771220436537,-0.0008463552921450366,0.002244741773461428,0.0007592454375424437
2023-03-21,0.0025861853767797675,0.0029811929075177954,-0.0017816960721701068,-0.0009177793179359898,0.0006659941983522971
2023-03-22,-0.003445629291936754,-0.0007277579075950574,0.002599334932308502,-0.00754169763264457,0.0004887130502133783
2023-03-23,0.0005063286843451036,-1.658203926112136e-06,0.0011218166870625207,-0.0012922954023608776,-0.0005563641846236298
2023-03-24,0.001278730402285029,-0.0006409166121901386,3.19048645574495e-05,0.005108475573500986,0.0009250542851222981
2023-03-27,0.00033899917827701575,0.001848604880459704,-0.0025078520612771796,-0.0002615031438023305,0.0037045689404385743
2023-03-28,-0.0004857268972002027,4.90084932451426e-05,-0.00015869214311617968,-0.000515552609625259,0.0009027962437172658
2023-03-29,0.0028664591757249485,0.0023785349533236113,-0.00037818037861647133,0.004383593589256872,-0.0013207319515347734
2023-03-30,0.0011330147612931343,0.0022930563541096044,0.00026995501864508087,0.0025763099672985465,0.0014182228183554425
2023-03-31,0.002782239237924761,0.0009745664818003737,0.0010590690289878494,0.004233046834595688,0.0018372358365667228
2023-04-03,0.0007287928526804364,0.0015571733812435,0.0009092903886621827,-0.001634126387904008,0.003251141764053568
2023-04-04,-0.001145229518083259,-9.913258377420025e-06,0.001259337498026339,-0.0003035590587802429,-0.0002858333548668378
2023-04-05,-0.0005612547925664405,-0.0014259931788157478,0.000801499142718862,-0.0011080213825655806,0.0007083698047112493
2023-04-06,0.0007445295357350738,0.0009116445247756927,2.1869435564568554e-05,0.001328048218256245,-0.0006170460498403002
2023-04-10,0.0001670581227887593,-0.00017751839240350267,-0.0020107587760799972,0.0008815035611965336,-4.105605534724718e-05
2023-04-11,1.4907652300949939e-05,0.0006286214161323429,-0.00011935115977638048,0.0008065646040829723,0.0010404248988239333
2023-04-12,-0.0008559918415751854,0.0012380210360330038,0.0005438480242622658,-0.0009945176632215906,0.0015297882370264191
2023-04-13,0.0026185932885876536,0.0025184023825413856,-0.0007028755952102244,-0.0006459944958429372,-3.911257497472775e-05
2023-04-14,-0.0005282084237121271,-0.0008552379820905989,-0.0010261962276073152,-0.003138647632734216,0.00020569901025756826
2023-04-17,0.0006760067598051035,-0.0003951712790588479,-0.0013150594710537762,0.004114339754001689,-0.0008578050468778535
2023-04-18,9.15005278052348e-05,0.001054135063114263,0.0002859698141795523,-0.0004992693927189071,0.000370743645884407
2023-04-19,-7.474962265066016e-05,-0.0006660883548426942,-0.0004666913659411738,0.0011432673019277013,-0.002826698488900682
2023-04-20,-0.001129957527010544,-4.018296082951917e-05,0.0011198515938814829,-0.002013060362299949,-0.0017841488371997459
2023-04-21,0.00011586678304916775,0.0009706054597789932,-0.0005246304812533287,-1.540215214842549e-05,-0.0004578865933726098
2023-04-24,0.00016873165550451244,0.00047606020324447924,0.0009325548166331907,-0.000792695364581919,0.001560184039721661
2023-04-25,-0.0032173771961564925,-0.002832043354777429,0.0019309920146039598,-0.002015612994391694,-0.0028776619004985374
2023-04-26,-0.0008858509882142737,-0.0001698902575991909,-0.0008201332530575927,-0.0019639913189941974,-0.0030891643876770573
2023-04-27,0.003930009305499541,0.0024576098099634677,-0.0013480450814497605,0.004478592183801027,0.0002178353208228559
2023-04-28,0.0016702547949866424,-0.0001092469763581087,0.0014534044781385985,0.002409626980078122,0.0018483270006096127
2023-05-01,-0.0002424901266177795,-0.00033796409510055846,-0.0023971114708292163,-0.0015257599129072266,-0.0017400253947570507
2023-05-02,-0.002284868435994482,-0.0020549360473584885,0.0025495670780788173,-0.0034240348337218705,-0.004590922488281826
2023-05-03,-0.0014117262715243335,0.00048234763634166225,0.0012628295029991651,-0.0008202134701333639,-0.0025860072163241743
2023-05-04,-0.0014579839570121505,-0.0004515550813347696,-7.991485200365287e-05,0.0016123467404850077,0.0007564917738640752
2023-05-05,0.003654567031775127,0.002899462963909331,-0.0011178141396678326,0.0032904793462529363,0.0044520259900048655
2023-05-08,1.2416265826307106e-05,1.3603749087904123e-05,-0.0012649129390898235,-0.0012002024371594827,0.0009182533978325104
2023-05-09,-0.0009177910341577631,-0.0008493682499057212,-0.00028231418142411784,-0.0008890854556094697,0.0005605037358510029
2023-05-10,0.0008956502594735244,-0.0004497884526896825,0.0014548273612884882,0.0018823029422950586,-0.0006407585707383536
2023-05-11,-0.0003891701930035784,-0.0005295491622432373,0.0007062544493630085,-0.0022361214984025018,-0.003487010285822729
2023-05-12,-0.00030078578681381416,-0.0003951613383344085,-0.0012416435494536642,-6.443584386271038e-05,-0.0016171280528902998
2023-05-15,0.000649959954003971,0.0014900609867739853,-0.00048226462825326467,-0.0003816666858486399,0.002248702714328196
2023-05-16,-0.0013763959635168838,-0.00194154379215964,-0.0006850358288505456,-0.0050433014278987226,-0.002218971861245842
2023-05-17,0.0023863271025705655,0.0008929852812439676,-0.0006905770960087357,0.002661960124813168,0.0023373656747113615
2023-05-18,0.0018787046551698788,-0.00034113457546737356,-0.0012777653294689132,-0.0010047131107711502,-0.0018709448742515035
2023-05-19,-0.00033231593645365623,0.001133302113238478,-0.0007963304803861687,-0.00036193618007213004,-0.0002961036253192151
2023-05-22,3.956013201488668e-05,1.2878120090309014e-05,-0.00041011515998963364,0.0011755484580055259,0.0001362248398659005
2023-05-23,-0.002287530509429837,-0.002980105666096277,0.0002863766697849574,-0.0019193431542576384,0.0007485125842332088
2023-05-24,-0.0014911472269241806,-0.0029686454774429556,-0.0005507734830740373,-0.0043435103033947695,5.034632187849827e-05
2023-05-25,0.0016904798285026445,-0.0003209323601291227,-0.0012960231091135898,-6.23547425108219e-05,-0.0032048797938411446
2023-05-26,0.0025535405501261876,0.0019179049655887593,0.0003343860760583145,0.0022585873271552554,0.0031558250928036633
2023-05-30,3.9490922101976626e-05,-0.0020679249775816203,0.0015214709636920147,0.0007139056110135435,-0.004707200085113829
2023-05-31,-0.0011507828513391699,-0.0021149356644351754,0.0007121721757172226,0.0009601695294811636,-0.0022857466600492383
2023-06-01,0.0018619909324416885,0.0029244873327218153,0.0005144217445429291,-1.594441769943429e-05,0.0032179442107428905
2023-06-02,0.0028527981945152985,0.002551569707963953,-0.0016439706617445559,0.004823781356021557,0.002545076016764087
2023-06-05,-0.00042399820207406405,-0.0011986758950588187,-0.00010019869593646464,-0.0014334127670658366,-0.0005628547032862851
2023-06-06,0.0003952639242226023,0.0016181788387731129,8.225839684105943e-05,0.0018709729648208576,0.00022823151196024838
2023-06-07,-0.0007323842880358055,-0.001804765963314633,-0.0015022687087447655,0.003623716439602389,0.0007525094455544804
2023-06-08,0.0011698845717449267,0.0020705758019996857,0.0013036188145194058,-0.0012857706534474642,0.0003108371107029917
2023-06-09,0.00031822747424517723,-0.00037565545237449504,-0.0007603492771920264,-0.0011937933286990062,-0.0012693051109335131
2023-06-12,0.001768874030802715,0.0008249875429269496,0.000289137469430983,7.46744160485399e-06,-0.0027826099387469757
2023-06-13,0.0012792755632073064,0.0018524316037314811,-0.0014692795651295788,0.0012511202425607446,0.002647388504115256
2023-06-14,0.0001977645006470882,0.0007052222090890038,0.0002287797175409757,0.0007043945876241401,0.00040293274900438244
2023-06-15,0.002448038938805527,0.0020784774742603628,0.0015114547707224767,0.0010214813121136354,0.004174410952485627
2023-06-16,-0.000717737161971391,-0.00047250787216715625,-0.0009033273626396348,-0.0001832850577678213,0.0024579744903165273
2023-06-20,-0.0010783611486150735,-0.002687112371584691,0.0005558918519216476,-0.002397371181278962,-0.0018299961516445625
2023-06-21,-0.0010654593902325424,0.0002621681284301576,0.00014431421736748882,-0.0012473199523934894,0.002877973868164978
2023-06-22,0.0006771723046564476,-0.0012815148203611198,-0.0011708056868080716,-0.0028833915029259456,-0.0037762642656523696
2023-06-23,-0.0015529032879088743,-0.0031457859089782294,0.0007979090178135186,-0.0027942377473370392,-0.0021847556968399426
2023-06-26,-0.0008597374139552073,0.00021204467325134721,0.00045262753869818777,0.004576950169066397,0.00022094870978506793
2023-06-27,0.0021485023814687885,0.0017009984328895855,-0.000740198725311237,0.002416607830843897,-0.0032812233182619604
2023-06-28,6.024306596989285e-05,9.81008522205604e-05,0.0007611245482739832,0.00024760277336860687,-0.0006590318903612985
2023-06-29,0.0007439606534693958,-0.00031971126592340784,-0.0020964526702798216,0.0021901077875638875,4.646694169912925e-05
2023-06-30,0.0023177559420554696,0.002414233261979565,0.00039642897470657386,0.0010673000380924766,0.0016482290950735037
2023-07-03,0.00018909709408839183,-0.00026214776371947265,-0.0009093581570878268,0.001925190965647179,-3.810050679544492e-05
2023-07-05,-0.0003371441901493348,-0.0022837650264924338,-0.000999398255778763,0.00041003388517673635,0.0011972968646771075
2023-07-06,-0.0016077614297594753,-0.0035079321733760237,-0.0016751411336814932,-0.0015745966219841592,-0.00047802386711795166
2023-07-07,-0.0005464151121169713,0.0014615115323599406,-0.0002948345382890537,-0.0004926277829474171,0.0016227875577451921
2023-07-10,0.00046453235051098084,0.0005232427322960188,0.000992506680534147,0.0008213855449194974,0.00039308154213622603
2023-07-11,0.0012334739204986618,0.0017577501293865355,0.00037898170839582217,0.0028140273509214713,0.0022996067441154273
2023-07-12,0.0015672712951658938,0.003774227019955003,0.0019126859623253675,0.0010418169652777432,0.0014171780654084042
2023-07-13,0.0015463891462056225,0.003154004401627969,0.0016216158447609568,0.001247486967368787,0.0027739464205479712
2023-07-14,-0.0001649121955862457,-0.0011725329342003473,-0.0010322577144097074,-0.0004348612631783147,-0.0013833490985774271
2023-07-17,0.0006510747871310552,-0.0002841233731433986,0.0002890795235946834,-0.001342368250206626,-0.0016510624383929545
2023-07-18,0.0014477682063240853,0.00125926041480676,0.0001864869516128653,-0.0011398270776518556,0.0026034169883845893
2023-07-19,0.0004030424171158947,-0.00015043753448587706,0.000640521755390003,0.0022119146658938923,0.0010547952916407281
2023-07-20,-0.0013694041865494647,-0.0010663259291777932,-0.0016295048621605417,-0.0006924237360258138,0.0005486285311222626
2023-07-21,-4.064250086281073e-05,0.00036452354371845547,0.0001241618491029235,0.0008906441743174767,0.0010450265789592817
2023-07-24,0.0008510644084326317,-0.0005266711663266725,-0.0005186917869625524,0.0016074973835821182,0.00351555150708977
2023-07-25,0.0005026997195209214,0.00017432540232151925,-0.0004155936849063202,-0.001469870070388785,0.0006925779178642618
2023-07-26,-1.1199959962429003e-05,0.0005029499740672621,0.0006441246774820163,0.0008614567094536728,-0.0010173894428609988
2023-07-27,-0.001355631885829539,-0.0004909044326857369,-0.0022318228728328633,-0.004370778572530505,-0.0005336468098722204
2023-07-28,0.0019152547867928387,0.0013922974909919563,0.0006091053604420465,-0.00019190983773305885,0.0011944719932969513
2023-07-31,0.00033888590329505245,1.1776455331549995e-05,0.00020941188495858716,0.0012552848979291394,0.0007716928316106884
2023-08-01,-0.0006144775511226746,-0.0025424404044239665,-0.0012102736287523828,-0.000371039821102481,-0.0010951628695308388
2023-08-02,-0.0028247271582018695,-0.003775922142039417,-0.0004430562159156049,-0.0011924308338624244,-0.003044745400515199
2023-08-03,-0.0006154794376159403,-0.0005941168952172005,-0.0015194760901268568,-0.002217259654376426,0.0018489762409983534
2023-08-04,-0.0009433374043112073,0.0005151267531034892,0.0020825354274014835,-0.0016725472819060783,0.000285822594446225
2023-08-07,0.001702383986437878,0.0016470397519516133,-0.0005270618703784189,0.002463484076871999,3.944866041112575e-05
2023-08-08,-0.0009120386226894261,-0.0012471304946755418,0.0009698860870038231,-0.0013264185979402654,-0.0002722765564586763
2023-08-09,-0.0013791478181645063,-9.707948417776347e-05,8.408261299339733e-05,-6.376835094810856e-05,0.0013477132151076064
2023-08-10,3.1932475105727375e-05,0.0008246693923782222,-0.0015783310259806888,-0.0008097018090931408,-0.001102992133073469
2023-08-11,-0.00015845890936268923,-0.0013914191028729303,-0.0010985667584338253,0.00026995384682762215,-0.0003692155026294468
2023-08-14,0.00105837460435658,-0.0009230844214341027,-0.0003608506770731663,-0.001359630986640398,-0.0010239312820371957
2023-08-15,-0.0023705890718515653,-0.0025219867698327014,-0.0004246086770618652,-0.002291222167141116,-0.00242892174580827
2023-08-16,-0.0015106767446313306,-0.001680913146915971,-0.000809653837877576,-0.0025076232939538045,-0.0008706021841507778
2023-08-17,-0.0015659582811365814,-0.0014643429986032279,-0.0002997928060214593,-0.0016547748253244803,0.00046884170247427087
2023-08-18,5.8941011800119296e-05,-3.6056773563756123e-05,0.0005565752248793187,0.0005888686681615171,0.0013699518098027007
2023-08-21,0.001257782521025665,0.0007019851300714469,-0.0012833005325199355,-0.0018866125785701776,-0.0005301807800919641
2023-08-22,-0.0005823697426495712,-0.0004110055561767809,4.463667291121916e-05,0.0005350410352200181,4.161789569874993e-05
2023-08-23,0.00218520496381647,0.0021280037597208173,0.0021248799797120455,0.0031081674046308325,0.00038036112383361807
2023-08-24,-0.0027968689957292296,-0.0027918043425134765,-0.0007865902365116312,-0.0008008106984677077,0.0001267772317795511
2023-08-25,0.0013670951953952029,0.0013046953566589526,-0.00010570262154228393,0.00010548336306530229,0.0019411172834989424
2023-08-28,0.001225509873808027,0.0020625864733287095,0.0005126600987022465,0.0018352944520843573,-0.0003718994108847722
2023-08-29,0.002846429349622389,0.0024404166547086705,0.0013865238693537725,0.0023796153501332374,0.0006954637247456755
2023-08-30,0.0007820494937310019,-0.00015385206751730628,-6.346675961476583e-05,0.0006841600109574233,0.0002051861433306189
2023-08-31,-0.0003349025895702945,-0.0008229747454510401,0.00035947735328318285,-0.001514413830568889,0.0007741605742381685
2023-09-01,0.00033092364368007577,-0.00014972924568313668,-0.0012727242371527035,0.0002978231251973922,0.0023149986572693817
2023-09-05,-0.0009069306737389571,-0.001779237915793894,-0.0012568400485413985,-0.0023732173614175282,0.0009239478963825486
2023-09-06,-0.0013878645293920943,-0.00046534237835729064,-0.0005540867676575302,-0.0004592029309945996,0.0004384962391658715
2023-09-07,-0.0006530026910239228,-0.0006925649668887553,0.0006434089502704922,0.001212024051712517,-0.00044108757649864114
2023-09-08,0.00025910630247219117,-0.0003259430845601117,1.4091787073914651e-06,-0.0008233965140067355,0.0003576946466689094
2023-09-11,0.0012728393553178288,0.002030042106332959,-0.0003841611504735522,-1.870515291056415e-05,0.001155616723051153
2023-09-12,-0.0011402942744402275,-0.0008572374822462091,0.00023577587696922047,-0.00014007014184802137,0.0006709751874440145
2023-09-13,0.0001909146439270595,-0.0006638463308378404,0.00019379112252180896,-0.0022246326351906777,0.0005895086803513488
2023-09-14,0.001682068263076092,0.00258930933936883,-0.0004939212726113506,0.0035770342175717594,0.0016121454402018595
2023-09-15,-0.0024541851297075518,-0.00048594719390318065,-0.0006631559465229041,-0.000796889336489291,-0.0005109879709199302
2023-09-18,7.514054362606206e-05,-0.0007423304100840396,0.0001514395030480244,-0.0018255948730516133,-0.00011868556109347723
2023-09-19,-0.0004569915612371883,0.00012679458673557403,-0.0007725189204545226,-0.000955687182425403,0.00011520020262249189
2023-09-20,-0.001880278876803309,-0.0005169694639827264,-0.00019299452197168497,0.00013863149763573983,-0.0016920845146236616
2023-09-21,-0.003350182255400033,-0.0033710952211422466,-0.0015300437896073804,-0.006860792276455944,-0.0006659653753624184
2023-09-22,-0.0004924567282432067,0.00013175167302251572,0.0007407019631819502,-0.0015588156513947145,0.00011837564784910869
2023-09-25,0.0007955697904032521,-0.0009270344656484611,-0.0015140150506694411,-0.000223971681758417,-0.0009918003305875124
2023-09-26,-0.00298446202426983,-0.0026323147417698146,-0.00010529384635703338,-0.0036900938988753684,-0.000280983096742404
2023-09-27,3.692230521187134e-05,-0.0004209723224125717,-0.0009381569542217928,-0.0013857736545976587,0.0010724167456986418
2023-09-28,0.0011195763952017484,0.0015906112538532629,0.0005078478944893634,0.00187256582580123,-0.0002796253241635513
2023-09-29,-0.0005275788849047207,-0.0006167852286253657,-1.2108873761353574e-06,0.0005525456223808338,-0.0021952339703958292
2023-10-02,-0.00012250071710981095,-0.0029788626949033992,-0.0016659685004616251,-0.003716823820743396,-0.001559326258013585
2023-10-03,-0.0027203682978845446,-0.002548965088430308,-0.001694663578215472,-0.003949087465127654,-0.0009299027640492437
2023-10-04,0.0014127382534140326,0.00031572742743359814,0.0012242520065017606,0.0023944012833144925,-0.005678350369338702
2023-10-05,-0.00011774610113560385,0.0017098747257397573,0.00033362672411566154,0.0010723772131460134,-0.0012073802411311744
2023-10-06,0.002339229244728874,0.002165479762508378,-0.0012093039963138373,0.000508249283485648,0.0007168975930214865
2023-10-09,0.0012482476049796157,-0.00031969059176415756,0.002503033326593257,0.0021600860110969323,0.004118295534228373
2023-10-10,0.0009984075148058373,0.002699868291015551,-0.00043348995865100765,0.0009167707244053665,-0.0005345406766214354
2023-10-11,0.0007770812926779149,0.0007944438887153864,0.0010557768015279423,0.0034190910891713,-0.001195416800622315
2023-10-12,-0.0012601098620214964,-0.0017061097247799664,-0.001968981630205678,-0.0029673994316882614,-0.00012197236163951463
2023-10-13,-0.0010429310492321212,-0.0019075648029305058,0.001237201798302838,-0.0005465166159225843,0.005223257140067507
2023-10-16,0.0020574539884809094,0.0014183598364890346,-0.0012266322876918854,0.002335856051207682,-0.0006873717164132536
2023-10-17,-5.128395901570196e-05,7.555976025070528e-05,-0.0020054357311759486,-0.00032730886870494793,0.0005172275129406819
2023-10-18,-0.0027092811915983184,-0.0035322456291555604,-0.000977574819940179,-0.0043021212914739065,0.001724552150366059
2023-10-19,-0.0017891613813607293,-0.001812823762965392,-0.0010264429046806791,-0.004800343979882091,0.0020343532595578744
2023-10-20,-0.0025014417691971453,-0.001832380261634528,0.0011250086691534105,-0.0013838877323929235,-0.0015449583563977294
2023-10-23,-0.00038918260462421936,0.0001074162731988112,0.0008953079334544219,-0.0020044881990009767,-0.0013132229000638112
2023-10-24,0.001463505169820711,0.0010979983813761156,0.00031464604964951727,0.0025187568604944067,-0.00221232717931006
2023-10-25,-0.0029133128429686367,-0.001474154302430601,-0.0017979854665754187,-0.004354352715236716,0.00140886264529172
2023-10-26,-0.002439151628625912,-0.001486341876166876,0.001477865092017544,0.0037667371884355146,-0.0017304623517439151
2023-10-27,-0.0009487991307943302,-0.0006422107402991698,0.0002710426935245684,-0.00324730557103049,0.002629859602535224
2023-10-30,0.0023440214420930236,0.002505754627335806,-0.000706473930311889,0.0012203076775053154,-0.0032602232885327377
2023-10-31,0.0012145825085015506,0.0006780366315527816,-0.0004666415645343335,0.003350060280024567,-0.0007757573579007217
2023-11-01,0.0020929873088697576,0.0018425477885393984,0.0022628080700560866,0.0011942004776896362,0.0002933834914693692
2023-11-02,0.0037924741723944864,0.004038663664527623,0.0011966247525224559,0.00650565903376441,0.002096576429546694
2023-11-03,0.0017841951973957037,0.0020759247685443612,0.0015016528153233965,0.004721361011284157,-0.0010920213204284328
2023-11-06,0.0004179330691502092,-0.00104843910216673,-0.0012008357273807873,-0.0029356246974355754,0.0007737009997183407
2023-11-07,0.0005246699283111147,-0.0012527873760564327,0.0010955675058901757,-0.00168593505096235,-0.004334712083024419
2023-11-08,0.00010468897257868592,-0.0003032862578301776,0.0007655779248791524,0.0006168446785705812,-0.0022749293726188834
2023-11-09,-0.001601656927668665,-6.0316043982216886e-05,-0.0020279193709136618,-0.00319344498469802,-0.0005438342573218216
2023-11-10,0.0030759769050744804,0.000863664264951079,0.00017831509845724154,0.0018261067958543194,0.0009614888015477932
2023-11-13,-0.00023292739264568204,0.0004793229150661165,-0.0001515303469075745,-0.0017098000289366,0.002860298165282165
2023-11-14,0.0038405067968474223,0.005066146084816022,0.002964991115171966,0.010982131469121496,-0.00038137971852760053
2023-11-15,0.0003822737662377226,-0.0003506923030127487,-0.0016004933106276238,0.0005389772338847626,-0.0013567118935831077
2023-11-16,0.00020275496595005102,-0.00018260368184814098,0.0014590084716819694,-0.000467742147231858,-0.004863754594003675
2023-11-17,0.0002079424953145314,0.0026626584642236635,8.753084494888172e-05,-0.00018654789034691332,0.0028386518764785783
2023-11-20,0.0014997181733712086,0.0007119596339970485,0.00024101288812409226,0.0014272670789854866,0.0024565670966262597
2023-11-21,-0.00047763994390423274,-0.0008179799005450957,0.000216983753680646,-0.0014491544280467266,0.0011108466491283856
2023-11-22,0.0007299359084456296,0.00043085843733937684,-0.00010561112051973043,0.000951341035784005,-0.0017054508206567926
2023-11-24,8.09819852588221e-05,0.001481393866590971,-0.0010776800621398691,0.0005375902251640968,-0.0013666767576521815
2023-11-27,-0.00040216716682817724,-0.0007312957885269591,0.0014716321170933375,0.0006842938203420584,-0.0013760482380899487
2023-11-28,0.00015629007924851878,1.4794686881176533e-05,0.0008409483508214921,0.0012861295486788465,0.002380658199774992
2023-11-29,-0.00018190958333602386,0.0003727334434651013,0.0010080532407197925,0.0013481015870303297,0.0013666217030565747
2023-11-30,0.0007450183254268257,-0.00020724298913207584,-0.0010229420944160479,0.0014139811889144892,-0.003401168253700086
2023-12-01,0.0011432351017521712,0.0020579767588347125,0.0018454758855941996,0.004880045110410051,-0.0009594000049343048
2023-12-04,-0.0010912291351466658,-0.0015984072927595536,-0.0008712106643484518,0.0014094983315876353,-0.0013862164661965863
2023-12-05,-8.018819482778757e-05,-0.0007580817139385199,0.001364346143961555,-0.0013708503498850058,-0.0018158468993523908
2023-12-06,-0.0008438706848984044,0.0005761068794764742,0.0007854857919405316,-0.0006348473225082622,-0.0049442604819718025
2023-12-07,0.0014828025983577115,0.0009229700903014093,-0.00033700438096174616,0.0005335225401523181,0.0003097678316077539
2023-12-08,0.0008185524365818643,0.0005628726789329566,-0.0013326917951489588,-0.0003753189498958541,0.000833641679393233
2023-12-11,0.0007343345664224928,0.0004493129312975169,-2.0812751678805825e-05,0.0005088592467358153,-0.0007360061371111871
2023-12-12,0.000869481204935096,0.00031209794002583013,0.0003826779762210765,-0.00016104154773980474,-0.00310391868373724
2023-12-13,0.0027180823150447565,0.0028737190784674494,0.0029284238141267156,0.007618055163181613,0.002262646319154218
2023-12-14,0.0005990537325867528,0.0014363787161897218,0.0016232083860620052,0.005706632745879202,0.00328430256852022
2023-12-15,-0.0003709001938629371,-0.001989334870536367,-0.00020818350844716436,-0.0028566399772891075,0.00030218664588048535
2023-12-18,0.0010836875980650244,0.0004423393701010172,-0.0004801179920095066,-0.0004946651253428132,0.001400922713494834
2023-12-19,0.0011755792840508364,0.0016471820307939976,0.0003344232656273406,0.001478095056590218,0.0014900801842405097
2023-12-20,-0.002820005080828914,-0.002061419840408027,0.0009372234590868478,-0.0024752733176597983,-0.0023476567550395813
2023-12-21,0.0018539883918150366,0.003191561926272263,-0.000354948877559345,0.0017316769615411192,0.0003246850595078635
2023-12-22,0.0003602668718302168,0.00014561509867703037,-0.0002293127596746207,0.0007366367318655247,-0.00039782996522793826
2023-12-26,0.0008022340246885369,0.000867517570756946,8.316547085631192e-05,0.001441060226635165,0.001939611910234529
2023-12-27,0.00032084122739154086,0.001024945674179774,0.001514890246799212,0.0009315205739741667,-0.0009322900340542126
2023-12-28,3.392637627924575e-05,-0.00057142048003543,-0.0008049823128777378,0.0013777830505846984,-0.0017435596687656837
2023-12-29,-0.0006201434442399233,0.0001713525360933105,-0.0005379943182006892,-0.0024171458227286837,-0.001120901902365841
2024-01-02,-0.0011603427951776778,-0.0022719121002728443,-0.0007883513245943002,0.0016770499823199137,-0.0016535936206504894
2024-01-03,-0.0016753490121141125,-0.001542495603125282,0.0004377523980766894,-0.004834023816192996,0.0025053540474352584
2024-01-04,-0.000685351915486025,0.0004170932131196302,-0.0012469677492269477,-0.0004094228169681837,-0.0011253458095947543
2024-01-05,0.0002319249824879235,9.325557713131575e-05,-0.0007733409486166322,-0.0005432211706403944,0.0009574165638775333
2024-01-08,0.002801917849955026,0.0020791509401319823,0.0006273329462406362,0.002813591208793005,-0.0029188579939990545
2024-01-09,-0.00034347922516348686,-0.0018295049477912116,-0.0001258071946734952,-0.0013818318976766522,0.0014235774963209267
2024-01-10,0.0010916629310962172,0.0012499545865521753,-0.0003559511991710491,0.00018745863180866088,-0.0014019501624338187
2024-01-11,-0.0001302165429590418,-6.854647868331547e-05,0.0010282359532658566,-0.0019038939331670465,0.001430977280930339
2024-01-12,9.481102131614188e-05,0.0007874975625824546,0.0005000814981352229,0.0011619796218350965,0.0007011702223056711
2024-01-16,-0.0007756174454823297,-0.00340640638994636,-0.001662554051460713,-0.0015121719124906857,-0.001742400704292676
2024-01-17,-0.0011538364544882856,-0.0019349998950645105,-0.0006911491376661628,-0.0037030809896942195,-0.0003183546174587158
2024-01-18,0.0017351069463772835,0.0017342895324434966,-0.00048373335860383686,-0.0011260572551640903,0.0012427398569142228
2024-01-19,0.002448494760456201,0.00042285681399613617,-1.976671689415623e-05,0.002349123672188136,-0.00040259314113098437
2024-01-22,0.00038162819369725194,0.0005807510918776522,0.0005695983903889503,0.001152118595618777,0.0007841616335241186
2024-01-23,0.0005413501658362279,-0.000605777578418917,-0.0005455429048531459,-0.001406407306271689,0.0010468071628781973
2024-01-24,0.00017538267000379016,0.0014788756820237232,-0.0006156315035456723,-0.0028903034188012713,0.0016747990680929352
2024-01-25,0.0010465238832175416,0.0005223844459938777,0.0008245801019102672,0.0025253189351729186,0.0014806524276071758
2024-01-26,-0.0002955752266003082,0.0008424742408608207,-0.00039899325936278303,-0.0006033146205629993,0.00085497604925166
2024-01-29,0.001540926952161702,0.0011311480162425305,0.0011568956353887826,0.0012769408817622176,-0.0017257744328737568
2024-01-30,-0.0001960347875680024,-0.00030631089060133054,0.00023078369308823703,-0.001916250120963027,0.0012951510981163393
2024-01-31,-0.003318699487699245,-0.0010432182281825825,0.0016283192324325242,-0.0019486036927858503,-0.0021740498646508765
2024-02-01,0.002572480432405994,0.0019305263439381274,0.0011962182178683965,0.0035926998156037395,-0.002464876927681211
2024-02-02,0.0020451911268658442,-0.0016257071565366332,-0.002645391047181061,-0.002521900771042992,-0.002308590750102095
2024-02-05,-0.0007679749508974884,-0.0011059448799051717,-0.001988742115327254,-0.004250918189602505,0.0007787769432164334
2024-02-06,0.0005390164785275105,0.0011914349883223997,0.0010365190802802317,0.0026461724220085327,0.0006887090754762881
2024-02-07,0.0016237358262930718,-0.00014800219053901254,-0.00039905649825468015,-0.0003260482487764347,0.0008698271424348547
2024-02-08,4.666159805171268e-05,-0.0003874177660103737,-0.0006945953502645228,0.0015892966913430967,0.0010436006538475343
2024-02-09,0.0011132198600387695,0.0006512886381565282,-0.0004005949645331601,0.0002672669991461082,0.0004984344358209619
2024-02-12,-0.000129324598002697,0.0003039553535277506,0.00014892115318131992,6.253300658238594e-06,4.900049341428783e-05
2024-02-13,-0.002796705254776508,-0.0031170006303440504,-0.0022383300862855535,-0.004163900630987022,-0.0012056519970573948
2024-02-14,0.001774692956077525,0.0021908286916674604,0.0007080753466045542,0.001530678928528334,-0.0019439776627771437
2024-02-15,0.0013411897795242145,0.0022212263326933704,0.0005123585992476554,0.00460132593069098,0.0004150180413292551
2024-02-16,-0.0010349441121796274,0.00027317127154210955,-0.0009120004670360936,-0.0021046548147505982,0.00041135352255136426
2024-02-20,-0.0011441476870947826,0.000775991957735707,0.00029974779132989316,-0.00039324928197345584,-0.0011311915058582445
2024-02-21,0.00014168643694951138,0.00011684147008298145,-0.0006803508035765581,0.0010732169245546428,0.0007795893883912592
2024-02-22,0.004083755839058007,0.0022058215439391383,-2.0148635476544817e-05,0.00033575715314637064,0.0005130592218739714
2024-02-23,9.843760588254172e-05,0.00021673006732764744,0.0008757438313734174,-0.00013581456016590587,-0.002951633417419035
2024-02-26,-0.0007738980337684689,-0.0003258225562957733,-0.00033964862604492614,-0.0022403503806013992,0.0017946357448506217
2024-02-27,0.00032987817597165676,0.0005022382907889312,-0.000489738175281045,0.0001993997006454999,0.0015062860983281695
2024-02-28,-0.00030584727178389914,-0.0012024392056814222,0.0006819951356719442,0.0019891529483456504,-0.0008545928023809927
2024-02-29,0.0006772761648227387,0.00047825879786095494,0.00036284388737274913,0.0016548182926998474,-0.00031190377190103683
2024-03-01,0.0018352951111095279,0.0018968880318147455,0.0008743403176210114,0.0023502403453781774,0.0009580528839795642
2024-03-04,-0.000256010845272867,-0.0005543384121139815,-0.00048601643690161924,0.0018343218004864164,0.0005966044858311734
2024-03-05,-0.0020438640512867898,-0.0004006004930213112,0.001188360919362014,-0.00247378792774785,-0.0015763857549047115
2024-03-06,0.0009717237823249244,0.0023267315619131795,0.00044410919152761905,0.0009544949465987962,0.001594761708340736
2024-03-07,0.0019418953352205387,0.00232232982006858,0.00029500142799170336,-8.650585170588453e-05,0.0005025679325216314
2024-03-08,-0.0012441700028814865,-0.0006947044096884681,0.00010528330816027948,0.002260560710188556,-0.000672746866698867
2024-03-11,-0.00021354299527930585,-0.0011765943495010453,-0.00029291507831541246,-0.0009990049421479078,0.001669522654308739
2024-03-12,0.002103485287056524,0.001554759228127837,-0.0008625341964846207,-0.0004771150294168986,-0.0005783923139204841
2024-03-13,-0.0003552044509446206,-1.6191570364281712e-05,-0.0004855154003023639,-0.001053576539088786,0.0027293182353792726
2024-03-14,-0.00043477430561890857,-0.0015006770891051462,-0.0015250748782344376,-0.003048048838054292,0.0005765315908015697
2024-03-15,-0.0014156354719206388,3.612075480255673e-05,-0.00038245904127143194,-0.0004777017534524981,0.0006618768378243091
2024-03-18,0.001148634669202096,-9.31576783807208e-05,-0.00027750460255526884,5.153589593449075e-05,0.001801958673740234
2024-03-19,0.0010712091983338815,0.000313541397137695,0.0005351025742530032,-0.00011204624387557084,-0.0001286620539403965
2024-03-20,0.0018032924132523605,0.0020803289490891135,0.00042628591653094255,0.0012821349657123925,-0.0005607916569516253
2024-03-21,0.0006204796563572685,-0.00014237040237205647,-2.0608117430317304e-05,0.0014029817573565076,-0.0003045518903189549
2024-03-22,-0.0004211360873588364,-0.000468082572744122,0.0009370865333057758,-0.0025595216699420133,-0.0014436758686745784
2024-03-25,-0.0005942269524501392,-0.0004680405985666611,-0.0005708146935979686,-0.0012695395920961923,0.0016275030312829267
2024-03-26,-0.0004101117299126854,0.00018693205682184124,0.00025630755192154774,-0.0008496686846901746,-0.0016167708399326278
2024-03-27,0.001637863453838264,0.0011658110563580245,0.0007222944422727876,0.005094767666030766,-0.00021193021623426656
2024-03-28,-7.97753072485908e-05,-0.0004902453347101479,-0.00023106568786071532,0.0013771107810583057,0.0023306087709559753
2024-04-01,-0.00038891310795943784,-0.0008942418282961922,-0.001856020288506138,-0.0033852693601682496,0.000915322532440715
2024-04-02,-0.001312437351271711,-0.0014494298965275587,-0.0004689346383134521,-0.0025620578265270677,0.001772478696293332
2024-04-03,0.00017920750588719725,0.0010747889683571194,0.00019778854048270813,0.00017405604327714984,0.0023551534601860403
2024-04-04,-0.0024699767880660773,-0.0017487432811437904,0.0006440956284406287,-0.0013164852966506585,0.00047173896266297866
2024-04-05,0.0020426074560901415,0.0005943178192236215,-0.0013654778220188373,0.0009930346615491998,0.0009731961632643584
2024-04-08,7.016337642775528e-05,0.0009465511779874227,-0.0004924987813083779,0.002101039143814335,-0.00012549485539407757
2024-04-09,0.00018989922523755278,-6.55401713521685e-05,0.0007549071981861138,0.0026217286271645636,-0.0011387082892633878
2024-04-10,-0.0020446289518235307,-0.002687837409449724,-0.002696166360978291,-0.00836745288829697,0.0009630147441037957
2024-04-11,0.0014674843642743542,0.0004947767966406722,-0.00032485678393327777,0.0006405017444677477,-0.000379537197140498
2024-04-12,-0.0028109263544296636,-0.0032890540633186945,0.0007861025970997422,-0.002418454486730946,0.00023508527439692654
2024-04-15,-0.0025278751507144307,-0.000614467781679359,-0.0013197130035409478,-0.003430222745535433,0.00021390746996462516
2024-04-16,-0.00040398483474053394,-0.0020171889425749795,-0.0008266055957561184,-0.002856495485101732,-0.0003785987313824731
2024-04-17,-0.0012175842426359862,9.350356232727588e-05,0.001226603258327032,-0.0015104163123271573,-0.003177288302223277
2024-04-18,-0.0004518429011425058,-0.0005930920193410175,-0.0007391158946759175,-1.4383480426576516e-05,-0.00012739112947045088
2024-04-19,-0.0017899453777512149,3.714413096680281e-05,0.00022047332151845268,0.0009256139485372087,0.0009006516505108461
2024-04-22,0.001796846560293519,0.0022912284580474643,-1.8697757774880402e-05,0.0017276881325463385,-2.881186931237126e-05
2024-04-23,0.002324754006873494,0.002134309337881772,0.00022045286607446626,0.0017869765570453816,0.000834134271140531
2024-04-24,-0.00013556676882511576,-0.0004255043063767069,-0.0006515716426409131,0.00033429263731604323,-0.00029654566180698216
2024-04-25,-0.0007951895076730058,-0.0009582277947590356,-0.0008071811210819618,-0.0011824417938621017,0.001053593029180267
2024-04-26,0.0018517108249428743,0.001561303811632678,0.0005063999817416809,5.7485037892882004e-05,0.00012931950982958922
2024-04-29,0.0006666212350886261,0.0007281496006423401,0.0007674014462742748,0.0020028954987095626,-0.00021032971927461517
2024-04-30,-0.0032046399764786185,-0.0025686324731477236,-0.0009776803954209907,-0.0034294229035150177,-0.0025828575002591722
2024-05-01,-0.0006912529539967159,-0.000481520312634874,0.0007492067981612347,3.370349465240839e-05,-0.002963465830809844
2024-05-02,0.0018282469196249825,0.002653131031893924,0.0009030553672831367,0.002767272739704714,0.0006560201390937108
2024-05-03,0.0024371612773541806,0.0019547789393184072,0.0010666271591956154,0.0013102826141692199,0.00021565934520409674
2024-05-06,0.0020230911349710776,0.0013265445796697645,0.00013147507498443192,0.00013397440457795724,0.0022089547476605684
2024-05-07,0.00017889069370228763,0.0004869464116816561,0.00047719685580099473,0.0018486465722328761,-0.00020804343908389572
2024-05-08,-2.3567277332134728e-05,-0.00026815930138435006,-0.0006019392432709973,-0.001721983395903991,-0.001064742077477558
2024-05-09,0.0011120208283612433,0.001494118979159503,0.0005647346320329861,0.004042819766870208,0.000733933881026233
2024-05-10,0.00021643004194781164,0.000332761882338463,-0.0006893811887681372,-0.0005951415243556283,-0.00038468240823507364
2024-05-13,-1.4357170713288391e-05,-4.2034895733935176e-05,0.00019617876513224945,0.0006097553339564065,0.0012476133442166641
2024-05-14,0.000876816520507235,0.0014501598228936097,0.0005414282985779535,0.0014960918818020853,-0.0008933983186796491
2024-05-15,0.0024366718649656656,0.0020848242678513963,0.001465714705908867,0.0027273729255650014,0.000647651259939854
2024-05-16,-0.000453286130121222,-0.0011192248007751027,-0.0004264541216176521,-0.0001827619865277687,0.00047072605557563305
2024-05-17,0.00024594182110777477,0.0006470837792754158,-0.0006635485266731661,-6.520939309335231e-05,0.001998927141180239
2024-05-20,0.00018869005332808087,0.00010531612066475598,-0.000342521816549085,-0.0012213404079458028,0.0017270122614481834
2024-05-21,0.000448634984468867,-0.0003591887258867846,0.00047477929220598303,-0.00011257954367748249,-0.0008780306228325265
2024-05-22,-0.0006167728789418834,-0.001931054642267113,-0.00029974420335158374,-0.0018425169153361643,-0.0029013272389568144
2024-05-23,-0.0014992914849328966,-0.0010458145827916523,-0.0007543302471553408,-0.004368263616872334,-0.0010551350067722325
2024-05-24,0.001281321278300805,0.001598954701634479,0.00021864338189846533,0.00010601994024542052,0.001327915317018392
2024-05-28,9.717446737205532e-05,-0.00011689646093990834,-0.0011670564192945612,-0.0013615546983894093,0.0035219644081278963
2024-05-29,-0.0014422477657218805,-0.0032048974379633908,-0.0010139914506113394,-0.0019847581939838217,-0.002127699611172366
2024-05-30,-0.0013716278350967028,0.0016361599065195635,0.0009583033741216185,0.002880710458354179,-0.0026695162289025005
2024-05-31,0.0017837615465753128,0.0018721672439095255,0.0008897801387762267,0.0036993147388160973,-0.0009816307182681464
2024-06-03,0.00012157502304487781,0.0005249166583389868,0.0012692118885778319,-0.0004939773348755377,-0.0028871740125487166
2024-06-04,0.00018186564706162633,-0.0002874311870045034,0.0010507216461832492,0.0015001410975990035,-0.002049114948662762
2024-06-05,0.002332187371039967,0.0013591467432987451,0.0006849604397795483,-0.0002814956675151953,0.0006635375931634321
2024-06-06,-4.533879027489852e-05,0.0006419926746165754,-0.00012654317414742704,0.00034671381738695495,0.002582361431117607
2024-06-07,-0.00028623926062868675,-0.002208293334986544,-0.002149347094518586,-0.001920011883804414,-0.0029004722532985504
2024-06-10,0.0005764562881592297,-0.00018306608244374843,-0.0004720577852738665,0.0006354315200417888,0.002844911826507565
2024-06-11,0.0004393102781242401,-0.0023144061917709266,0.001010875794950894,-0.0007623348284847464,-0.0003013009386991741
2024-06-12,0.001600168496528736,0.002317554684391917,0.0010704693661732654,0.0017603351674862365,0.0006498763879902698
2024-06-13,0.0003614091040558438,-0.0029095647434660642,0.0012792823114327072,0.0007705168975590748,0.00013353134008058576
2024-06-14,8.001844126914681e-05,-0.0022487082825843937,0.0004234813097617208,-8.893688894739566e-05,-0.0008101662742882373
2024-06-17,0.0015464945655664047,0.0007541253500011672,-0.0009719027372670127,-0.0008266628710742555,0.0006499211995891636
2024-06-18,0.00046681309546301776,0.000752353522065987,0.0008286390782538445,0.0007465676822742585,0.0016025896647998443
2024-06-20,-0.0005826199756799097,8.642262552479458e-05,-0.0005474409587458456,-0.0006131806484720901,0.00038754156427773845
2024-06-21,-0.00030965565037500287,-0.001442201956045978,1.7921136475598467e-06,0.0004591963545871892,-0.001666040585148692
2024-06-24,-0.0006933105929449238,0.0015491216413433817,0.0001282125024242104,0.0015088624596692269,0.00159632945109993
2024-06-25,0.000727575394404057,0.00044182169831136843,0.00012785130074530537,-0.0025016595544009594,-0.0019261781625685994
2024-06-26,0.00020661578603096108,-0.0015132132690388028,-0.0012481332511066002,-0.0006618381625169105,0.00030477154333869176
2024-06-27,0.0002746753061566243,0.00011173699212939141,0.0004056355406165147,0.0019044791039439515,0.0009953252578982512
2024-06-28,-0.0008298520528772827,0.0001892012202117285,-0.0011042603346197635,0.001552774913689973,-0.000894341256024679
2024-07-01,0.00037007197583572394,0.00031849071277310486,-0.0015334676690235073,-0.0019323543136689214,0.0025345980758717528
2024-07-02,0.0013118196702319091,0.00044708998037789645,0.000713853418433317,0.0008975898245606404,0.0002145577815556482
2024-07-03,0.0008537850537326697,0.002242465498226984,0.001291493249090314,-0.00023421811571570038,0.0010624765930116523
2024-07-05,0.0011149400667405406,0.0012920159338414173,0.0010691764889802448,0.0005109705316899114,0.0007183164439405531
2024-07-08,0.00018922288313309864,-0.001038346520119527,2.2008281072828308e-05,0.0006038912281113126,-0.002740437858139042
2024-07-09,0.00015325596362543784,-0.0008450874580799432,-0.0003175563135785951,-8.883276300778898e-05,-0.0014053313942997258
2024-07-10,0.0019380641660861485,0.0027738168095900943,0.0001497768264544606,0.0014378244615602133,-3.993505156168791e-05
2024-07-11,-0.001775005736492307,0.0005313199384771838,0.0012334135310297662,0.0056700799976016954,0.0006499486168393841
2024-07-12,0.001220867766010815,0.002086527670884269,0.00038166763956374043,0.0014793561321873557,-0.0008123889265295902
2024-07-15,0.00050930529747528,-0.0018085961104654163,-0.0006734628339506838,0.001305142472960041,-0.0015036310271809052
2024-07-16,0.0011429033556054615,0.0009269782240757977,0.0008450802586866251,0.0024036783076010703,-0.000551885321824451
2024-07-17,-0.0028509763826371935,-0.0010999440797608245,0.00012611532653980937,0.001324116364663232,-3.947281192194151e-05
2024-07-18,-0.0015712883251582821,-0.0020157132089886607,-0.0006091751747406246,-0.001805706010688568,-0.0015148798096043302
2024-07-19,-0.0013679625051648944,-0.0012668948531598405,-0.0006738326571928273,-0.00039931623041421677,-0.0027538386631456337
2024-07-22,0.002018174345247699,0.002069094855984268,-0.00023260164991421132,0.002031681700737193,0.000498157487568181
2024-07-23,-0.00035431630374510716,-0.001161304940246018,0.00010734156164722064,-0.00019734864317672216,-0.0018989937491003532
2024-07-24,-0.004593275500088226,-0.002570913210865891,-0.0004824862027423295,-0.0029823466334585086,-0.0001298148019628596
2024-07-25,-0.0010811314354136547,-0.0013057455761212161,0.00040375643750049554,-0.0006907059482860642,0.00041127117337323526
2024-07-26,0.002196571451700987,0.0025062403873832343,0.0009108674725629509,0.0034516154017346767,-0.002099318474125257
2024-07-29,7.730870785343926e-05,-0.0009241735820216371,0.0002960461980778596,0.000986107319853473,-0.0009391071893849824
2024-07-30,-0.0010512528527207095,0.000415365740307653,0.0003794426288414242,0.0015116827784831949,-0.0006672932228622517
2024-07-31,0.0032073348190216665,0.002786205676756543,0.001432166517618602,-0.0007548487256398292,0.004572017608571637
2024-08-01,-0.0028643413186808736,-0.005380058385680186,0.0008127085947593109,0.001974685330801865,-0.0024358146917153015
2024-08-02,-0.0037720040945391628,-0.0031884216144078704,0.0030403985316999694,-0.00015132250217550714,-0.003723586000781742
2024-08-05,-0.005824139213730938,-0.004361284880957787,0.00019779493887787114,-0.0057570785733225,-0.00041795457743326196
2024-08-06,0.0017947175665793279,0.00031296160765052,-0.0018182470037173583,0.003892528009631552,-0.0016820736358553563
2024-08-07,-0.0013608653190025444,0.0009428068710586398,-0.0007648394932747211,-0.001419463296590002,0.0018055097249011435
2024-08-08,0.004565984543203233,0.0033012449173249613,-0.0006397512737026951,0.001926195711214307,0.0017894565153665201
2024-08-09,0.0008461010742531715,0.0007445013012979618,0.0007703597417818051,0.0008856688660276742,0.0011379527231336628
2024-08-12,6.525388512660224e-05,-0.00022129352424168133,0.0005198877713053102,-0.0015149905998535845,0.0027420848008858374
2024-08-13,0.0032448615522106326,0.00339390463657526,0.0008470794737709548,0.0017059575042818105,-0.0019147265810386248
2024-08-14,0.0005905348064043187,0.0006969295980455735,0.00022724656480267722,0.00048585654070138563,-0.001296123994935214
2024-08-15,0.0033785475653416836,0.0023885978321036626,-0.0012880686655059295,-0.00019478040606831556,0.0015822967352864625
2024-08-16,0.0004099469167097182,0.0010591002584794912,0.00035179297198531463,-0.00014974555407411188,-0.0012940157028957498
2024-08-19,0.0018733092622200602,0.002393913162481097,0.00022816585502545054,0.0016263932573744378,-0.0011214960918929857
2024-08-20,-0.0003655824470395887,-0.0006557391505552411,0.0007618120265952409,-0.0002787441677402506,-0.0008523956954087671
2024-08-21,0.0006476507204079389,0.001808334233457594,0.0003703127214264803,0.0010268372994840136,-0.0010391379537805269
2024-08-22,-0.001603984888534306,-0.0012082906958195494,-0.0009619424750288504,0.0005440538117182671,-0.00022290498460844648
2024-08-23,0.002085507723946399,0.003620302893852254,0.0008866827571824737,0.004366049997562624,0.0035200691822257694
2024-08-26,-0.0005175014768689371,-0.0009350820381349045,-0.00028593543784380133,-0.0001231774281841639,0.0020283597928555386
2024-08-27,0.00023503657242180992,0.0008798899925019646,-0.00012131381957007,0.00026449691044509857,-0.001017436872176337
2024-08-28,-0.0011986955942848534,-0.000739049564938343,-0.00014157908918631675,-0.0008178920475438116,-0.0024558708348024335
2024-08-29,-2.071862605734769e-05,0.0007119343959936424,-0.00038778615308870696,-0.0006548729798704364,0.002217816332743807
2024-08-30,0.0018660828664318642,0.0002749260345645912,-0.0007382457614606998,0.0018881661699359758,-0.0022831491745717316
2024-09-03,-0.004156929942282451,-0.003196692266874986,0.0012759287024851856,-0.00014541738089195947,-0.004028868733815868
2024-09-04,-0.0004484781966219943,-0.0009182885205596461,0.0011273781954211372,0.0005278152088657609,-0.001517539066379332
2024-09-05,-0.0005275456831977523,9.412981172061173e-06,0.0004301253629170159,-0.0006836019774564262,0.0004285683540732579
2024-09-06,-0.0034050601828026403,-0.0038119318062431154,0.00024594311636673183,-0.00022814200086579143,-0.002722288773878539
2024-09-09,0.002196918383831205,0.001963641967412595,0.0002470927262532477,0.0021999082432748677,0.0005272481578916284
2024-09-10,0.0008319686763750531,-0.0010323935909436392,0.000814578518239219,0.00285102297052795,-0.0029489932205528824
2024-09-11,0.0020123696663687856,0.0011567899099934774,-0.00018006447651632484,-0.00041753257904369784,0.0017665057321848167
2024-09-12,0.0016478933141378872,0.0016031653464286773,-0.00036285614562101405,0.0008050398643231754,0.0038127078392658203
2024-09-13,0.00100817993543552,0.0004294795444626624,0.00034695775347176383,0.0020488801329615353,0.00033242467726345804
2024-09-16,0.00025887601737320385,0.0015803690441622683,0.0004886679312298896,0.0006314284547592152,0.0014387347760784677
2024-09-17,4.63918655971148e-05,-0.0011585810916390309,-0.0004011073666498382,-0.0014306559679921212,0.0013399713883633696
2024-09-18,-0.0006290186423750852,-0.0006722432615533266,-0.0009069338835923296,-0.00028033772647033373,-0.0013132902291402681
2024-09-19,0.0033759728439690657,0.003913143218282715,-0.00019459514488463973,4.928317273196772e-07,0.0035345430429112386
2024-09-20,-0.00038213461393938404,-0.0020121498225728752,-9.772563993577194e-05,-0.0008301487317077611,-3.679018348448506e-05
2024-09-23,0.00046380078771411713,0.0007179324217902576,-0.0001569904429273315,0.0019444492693834023,5.399084479116403e-05
2024-09-24,0.0005369112814150492,0.0011510475126696026,0.0001920213919502331,0.00025451643205384185,0.0032917485745502986
2024-09-25,-0.00047672507573874703,-0.0011157739521441307,-0.0008488552627008845,-0.0013679413922334216,-0.001720485900928585
2024-09-26,0.0007592338449990797,0.004361352590228832,-0.0001798179135718045,-0.0018538820393135369,-0.0018268005475017607
2024-09-27,-0.00032574814820592615,-0.001247186795532815,0.0007600124951107026,0.00022749705572989632,0.000958565423045789
2024-09-30,0.0007659835285772511,-0.0007255562459218811,-0.0005844197741912712,0.0015371411990755769,-0.00048353526954582647
2024-10-01,-0.0018289044092042455,-0.0015182823051933581,0.0006917107162467457,-0.0013259971123145199,0.0034849220496891123
2024-10-02,4.903457727161781e-05,-0.00044525335987386205,-0.0006048790438446058,-0.0007318092526108587,0.0016477639744516858
2024-10-03,-0.000401311045824601,-0.0018955483784139425,-0.0010567098364671612,-0.0018606935871073845,0.0028404430088586766
2024-10-04,0.0017791569408268555,0.001132349215187899,-0.0019680645666640003,-0.0009982312581523999,0.00048140518346728896
2024-10-07,-0.0018450965572017137,-0.0011510518720019055,-0.0007617643924430886,-0.0018050224524150385,0.0027050527622367476
2024-10-08,0.0018481030908024762,-0.00035272410453417006,0.0001298940912803824,0.00036718837979590486,-0.004725457788408361
2024-10-09,0.0013422321164486418,1.3321691811944921e-05,-0.0007834303872452516,0.0001736361550925371,-0.0017617328776956566
2024-10-10,-0.00038594063684086307,-0.0002797321117342785,-5.696997661479086e-05,-0.0018160319761502182,0.0038898568440955345
2024-10-11,0.001162385922778321,0.0009909651546177033,2.693869690090477e-05,0.0022198229119931245,0.00013658199871241267
2024-10-14,0.0015916934839914194,0.0005451303639576728,-0.0003906927119269638,0.0011644120611084823,-0.003131585893501385
2024-10-15,-0.0015840105937071811,-0.0033566672387766025,0.0009861279776798913,0.002363943748046765,-0.0038690363322966903
2024-10-16,0.0008341908378335324,0.0004815471380946894,0.0002761353744502463,0.002158298434172044,-0.0005699581544158884
2024-10-17,-1.1058758225786935e-05,-8.711799654938795e-06,-0.0010750002690769838,-0.001617566292243855,0.00023574584800443687
2024-10-18,0.0007330916775765741,0.0013142954737247452,0.0001936062409285884,0.00145100282229927,-0.0011074154256105258
2024-10-21,-0.0003642245028414233,-0.0024083901080926328,-0.0015801987332694615,-0.003962996940749303,0.0005963571531947291
2024-10-22,-0.0001394620440228756,-0.0011713330416270194,-0.000224055220503755,0.0002588823811409269,0.003428884673169054
2024-10-23,-0.0018623974510814682,-0.002049346165252249,-0.0004988036308542765,0.001422230230486531,-0.0011767264094155116
2024-10-24,0.0003967100874961378,0.0010951190618039384,0.00040749798566322003,0.0004000309597395395,-0.00012184938566889537
2024-10-25,-0.00010474538611732584,-0.0007112234578413939,-0.0004789354313146514,-0.0019091207020341177,0.0013773463029182235
2024-10-28,0.0005870006490609323,0.0015618329054947035,-0.0004983019202632349,0.0005975814409377454,-0.005379715547632924
2024-10-29,0.0002872606207650597,-0.0007560001170490157,5.009512002209588e-05,-0.0014728090004293205,-0.0003961098638444964
2024-10-30,-0.0006406851787345569,-0.0013295074872997292,-0.0003291023803814539,0.000844977658522791,0.002483292485032407
2024-10-31,-0.0039636320349506786,-0.0012647929218885623,-0.0001418072501938722,-0.003424977814436746,0.0012954157104566534
2024-11-01,0.0008091264907152603,0.0003696940673381369,-0.0012234734977502285,-0.0022395217298280365,-0.002161642241649647
2024-11-04,-0.0004690245713868187,0.00011572778700732984,0.001032665547216441,0.0021593925955947883,0.0033587761905185544
2024-11-05,0.002381114468839718,0.0019506986031828238,7.158756107530508e-05,0.0026434286162234396,0.0011957503896958795
2024-11-06,0.004919563032054216,-0.0029270210559573023,-0.0020913123792459577,-0.004256083560966251,-0.0021831248795968106
2024-11-07,0.0015127580862848906,0.0029952562656621728,0.0015742702310895952,0.0023650505060048873,0.0020021574348696603
2024-11-08,0.0008283976876281041,-0.002805920997453025,0.0003900967357905009,0.0029346871226450873,-0.0031071904915738677
2024-11-11,0.00015683485341208165,1.8057611431575225e-05,-0.0005871872624439121,-0.0010353879014057881,-0.0032437009558185536
2024-11-12,-0.0006550711289157556,-0.0037610319188983187,-0.0012918976203059643,-0.0028044532890120328,-0.0011083364025834116
2024-11-13,6.221662880850379e-05,-0.001221133198504883,-0.000160310814281534,0.0010737199036826577,-0.0006707530081074208
2024-11-14,-0.0013254476050702966,0.00038299620282322277,-5.7091104239134285e-05,-0.0018384370197916278,-0.00021013874864739322
2024-11-15,-0.002602268704291652,-0.0007580895466663895,5.064933611416851e-05,7.277139996908952e-05,-0.0010322194170924233
2024-11-18,0.0007843807060418339,0.0010559571676847402,0.000415561348180526,0.0014268514783835047,0.0045243942685117
2024-11-19,0.0007028303278414414,-0.0002844482223298352,0.0003933888770867452,0.0009393327201506307,0.0005913147278914762
2024-11-20,3.253652200451862e-05,-0.0005767764061725185,-0.00033355721643176043,-0.0002866696225170968,-0.00012153981796688298
2024-11-21,0.0010381374872048346,1.785388874944823e-05,-0.00014259422375045576,0.0014444622683528177,0.0013956978266805183
2024-11-22,0.0005844123566035608,0.000742138005974301,9.330490462340896e-05,0.0014688382582117197,0.00014887781113015412
2024-11-25,0.0006448402479012189,0.000997919977794371,0.0021212148028045587,0.002747030809470437,-0.0028885349621930374
2024-11-26,0.0010082218075697887,-0.0011911854266727709,-0.00045791346044611803,0.0007665628008799384,-3.007725629673744e-05
2024-11-27,-0.0006423526224341926,0.001048144011425665,0.0007699613898161532,0.001250268494074975,-0.0011166388971318596
2024-11-29,0.0012090251980654183,0.0026323621692786146,0.0008090213022749992,-0.0009292445348898274,0.0001469120209755153
2024-12-02,0.0003230152600354844,0.000521290029296826,-5.099305840736898e-05,-0.0029548939111309134,-0.00148132538629279
2024-12-03,5.8590898981154336e-05,0.0011022811669192559,-0.0006056100068004786,-0.0010508905943608423,0.002236829940857563
2024-12-04,0.0012059236795037983,0.00011616739499656498,0.0007305800581731792,-0.0005747279169846564,-0.00111293161512097
2024-12-05,-0.0003634803928793,0.0009440229023898492,-5.423871486467075e-05,-0.000512848836685315,-0.0003057405250347576
2024-12-06,0.00034489383558142575,-5.727747481058724e-05,0.0005979799028120173,-0.00032547314692346716,-0.0015768437744310634
2024-12-09,-0.001067774289150264,-0.00015636132999238201,-0.0007292032399592425,0.000531074812493489,0.0018849170242473943
2024-12-10,-0.0006543088779303445,-0.0018356334786168039,-0.00039217325266352893,-0.002934617635541736,0.0004174195348577686
2024-12-11,0.0015115893757928823,0.0012266751525789067,-0.0006269041942244946,-0.0005016554666500787,0.0024883521445377386
2024-12-12,-0.0010627650537187302,-0.0017891452127786003,-0.0007945049358771438,-0.0003520746980269862,-0.0008339077122675459
2024-12-13,-7.114828032235232e-05,-0.000588995896099018,-0.0009696662370267614,-0.0006079043250187984,-0.00012310351250822865
2024-12-16,0.0008192853930577505,-0.0006926313811908651,3.07292229998036e-05,-0.0007373066539201857,-0.0011083256634608282
2024-12-17,-0.0008578527222273939,-0.0003511197636395938,-3.416840815611294e-05,-0.0009962486118082923,-0.0013825893015198868
2024-12-18,-0.005993668878737556,-0.004941370460504981,-0.001578802130705765,-0.008300777631067346,-0.0018423916839102605
2024-12-19,-8.615834157270549e-05,-0.0006692442598051993,-0.0009418988495258419,-0.0031298850067624684,-3.022546161664786e-05
2024-12-20,0.002374041768754371,-0.000572472006136451,0.000705255601311658,0.0033277516748391953,0.0012433882702132808
2024-12-23,0.0011634565133077242,0.0012685739738706049,-0.0009190420000685505,0.0007518029673350885,0.0001197129853325702
2024-12-24,0.0021856811949966417,0.0006804662331556898,7.567889377792681e-05,0.001301061750642835,0.0011120090141978163
2024-12-26,-1.9376300412020667e-05,0.0009134335576832971,0.00011946434234924075,0.0005045168597316686,-0.0006029934042500332
2024-12-27,-0.0021429615484373035,-0.0003218568573898668,-0.0005529234090698217,-0.0020451545758942164,0.0009232727031466314
2024-12-30,-0.002315306153245125,-0.0013482221793372714,0.0011378618272251133,-0.0010261225182344779,0.0017779569491732778
2024-12-31,-0.0007613522547009675,-3.3394561401849256e-05,-0.00040185352668756615,0.0017087376570730064,0.0010035472695413682
2025-01-02,-0.0005214158461133646,-0.0007234237958701276,7.426430716057657e-05,-0.001813464504677372,0.0019288312580872373
2025-01-03,0.0024624251047448238,0.0008423222154100441,-0.0003580766437273046,0.0025930609794867655,-0.0010550543068129222
2025-01-06,0.0011195274101314517,0.001868194433923139,-0.00022845454780109843,-0.0026174543485515517,0.0003411321126878966
2025-01-07,-0.002295981779983609,-0.00018217577466450604,-0.000947657482086225,-0.0019353329903845273,0.0008959530035048833
2025-01-08,0.0002583862701079658,-0.000344112779514684,0.00031521829145669274,0.0004919182981392866,-0.00040158471601562133
2025-01-10,-0.003097076571473202,-0.003088068852598551,-0.0014917154167474395,-0.004942064114799049,0.005364456691112357
2025-01-13,0.00028578708820955307,-0.0005813822342684359,-0.00038347743673313725,0.0024145202194821706,0.0014051283168261452
2025-01-14,0.00024412666784039193,0.0006877443868710245,3.219697606952674e-05,0.0017881822205900043,-0.00011959601857855459
2025-01-15,0.003604812770604103,0.0025225184425239377,0.0020719003302999053,0.0011653454248573586,0.0032120246351028158
2025-01-16,-0.00041634558752919287,0.0009905505335598207,0.00044463009667638907,0.004100398073926288,-0.0009156984291580017
2025-01-17,0.001972854368626089,0.0007778333616068558,0.00011800316738266632,-0.00016676849777620014,-0.0009163478984977127
2025-01-21,0.0017959707389493707,0.003990462641759405,0.0006371859080412438,0.0037108154211407834,-0.0010063491662098383
2025-01-22,0.0010897942432786588,-0.000491830394150408,-0.0005514398262158883,-0.0035257646420268087,-0.00021253430451002167
2025-01-23,0.0010591844080765412,0.0016011459702885854,-0.0005512298357284261,0.0014350463390338738,-0.0007495457319147884
2025-01-24,-0.0006176258477683155,0.0010824516179581878,0.00037873989596976583,0.0006578133163509124,5.685476659257198e-05
2025-01-27,-0.002838821864617231,-3.4078959130678107e-05,0.0012639608476022436,0.00261912889849106,-0.0030905669746252354
2025-01-28,0.0016813428644772567,-0.00028577833449066904,-1.1028736051416616e-05,-0.002452833236053091,0.00014905846028924813
2025-01-29,-0.0009307076679439054,-5.861554458323988e-05,-0.00026921429884124655,-0.002674967704402105,0.00033146360476523355
2025-01-30,0.0010407270208666153,0.002164549327999916,0.0003967832584368387,0.0025094886972010775,0.0001485973067122661
2025-01-31,-0.001088929315513763,-0.0019098840813374478,-0.0003549914415986192,-0.00047413228499291175,-0.0003956368087558845
2025-02-03,-0.001365261024274006,-0.002371048990552473,0.0001123860009250095,-0.0004504304096848925,0.0015058186650164036
2025-02-04,0.0013038978059832604,0.002280122687968423,0.0004613684863606623,0.00012538405047456437,0.0005398681379582353
2025-02-05,0.0007818769857950011,0.0019072537929815576,0.0011267127310657522,0.002767757213007185,-0.001293093584242303
2025-02-06,0.0006615053832468801,0.0009163119110963433,-0.0002689448906719169,0.00046980243150133777,5.689847038137448e-05
2025-02-07,-0.001864543481637331,-0.0019257656331213965,-0.0006974602817517259,-0.0006855735738994388,6.0131741189931314e-05
2025-02-10,0.0013242660993885275,0.0013228461111375437,-7.750396435586068e-05,-0.00012221674941516745,0.0028596364692079846
2025-02-11,0.00012083680109026181,0.0009146493687543912,-0.0005491367228603508,0.0008455361107967943,0.0014815861589207212
2025-02-12,-0.0006773533366356571,0.0007046127878536226,-0.0014117350916919662,-0.0018599985819421475,-0.0022442708817850235
2025-02-13,0.0020775012331929413,0.002386640674987722,0.0014607377810634118,0.0019702942366558113,0.0009572881369309849
2025-02-14,-4.380984114819222e-05,0.00026128559218954555,0.0008058689281513964,-0.0009480405135265103,5.7596271824655926e-05
2025-02-18,0.0005536089695396044,0.0014058362983951189,-0.0011077183535136445,0.0008652757320008035,0.0029000835227798757
2025-02-19,0.00043787508384067643,-0.002093699037617392,0.00028902246366673825,0.0001208889409310758,0.0015474177644971955
2025-02-20,-0.0008666836086805993,0.0008961935649398364,0.00037517610255382656,0.0009232467327328897,0.00022794303317986002
2025-02-21,-0.0034555677841907966,-0.0012754422233216354,0.0011460947487822288,-0.0019958958904551924,-0.0028261572297638583
2025-02-24,-0.0009393886887682166,-0.00015315389006530103,0.0003946541247212024,0.0007520855077464604,-0.0007397791069153972
2025-02-25,-0.0010321625222917393,0.0017881783801639928,0.0015418781725947226,0.002425446256265399,-0.0022586068257008625
2025-02-26,6.865851852633028e-05,0.0002348559768741912,0.0005164549256753691,-0.0008686525853471549,-0.0017390491439849747
2025-02-27,-0.0032118276662826276,-0.0022977191297401628,-0.0002637006191224269,0.000764699682553802,0.0002388345042481671
2025-02-28,0.0030861319588435274,0.0003850286966314482,0.0010622595273918328,0.0016598237322002659,-0.001569801317830686
2025-03-03,-0.0035443111983772405,0.002196189168841484,0.0007039589988608729,0.0009056589289685661,-0.001308124515132103
2025-03-04,-0.002405414897533755,-7.557634106606077e-05,-0.0006588026392837744,-0.00233901298539415,0.0006052240571221459
2025-03-05,0.002115424082708544,0.004714935987978073,-0.0011472515690252227,0.002215677490442733,-0.0005661347275811665
2025-03-06,-0.0035897620210754272,-0.0020945021705301306,-0.00013944817628878977,-0.005176677888409879,-0.0010387097298699044
2025-03-07,0.001096515062364412,0.002049477900024861,-0.00028382187789077946,0.001165798709275487,0.0017105776997893697
2025-03-10,-0.005385363370565235,-0.004765083717498152,0.0013621079156842092,-0.0019535651336490267,-0.0012948194710103347
2025-03-11,-0.001700663262227799,-0.0007130564852978256,-0.0007499289350030657,-0.0023751366213946375,0.0010709262268157056
2025-03-12,0.0010365636530491839,0.0014023046740744584,-0.0006247908283781801,-0.0006543592417522689,-3.413319122062056e-05
2025-03-13,-0.0026957956996687097,-0.0013634634336201219,0.0007707177941040184,-0.003972769600971933,-0.0007630896575903519
2025-03-14,0.004089491466662178,0.0036324711976110967,-0.0007313559096099876,0.003962998325618864,0.0010677667071641362
2025-03-17,0.0015113612764020455,0.0022106809840124297,0.00013600273453867007,0.0033933866618344496,0.0013306123664007972
2025-03-18,-0.002200355962391591,-5.690487752064951e-05,0.0001998614959431145,-0.0010810805717182158,-0.0004747322786685429
2025-03-19,0.002140092905912281,0.000562114512662748,0.000580119879405624,0.0002077853468282509,0.001233501582370635
2025-03-20,-0.0006096212791592699,-0.0016939187503770658,0.00026823664608404785,-0.00016474891175173684,0.00032656546108119326
2025-03-21,3.798447914790356e-05,-0.0012681350110582757,-0.000198783626120684,-0.00224745327217778,-0.0012015872368674105
2025-03-24,0.0035379878102111866,-5.680643653280855e-05,-0.0011950790967257456,0.00304078789200888,0.0006902686044332711
2025-03-25,0.0004474896414383382,0.0010675164316627458,0.0003060515230788339,-0.002284224832440351,0.00023711113773844394
2025-03-26,-0.002420236462592206,-0.002632957760916769,-0.0004984645082939964,0.0007457233586753279,-0.0003013445887359253
2025-03-27,-0.0005646088147435889,0.00040066960463374404,-0.00020280170355631383,-0.0005410292835577273,0.0005083215288956448
2025-03-28,-0.00407030505920301,-0.0018162995223743848,0.00157455164759444,-0.0002977819667650867,-0.0006626928664307919
2025-03-31,0.0013362590032178652,-0.0017912376091163732,0.0005567988140397469,0.0018116627893079035,0.002746800450092203
2025-04-01,0.0005367159745835491,0.00026034055309582757,0.0006689084173865425,5.5764806831014275e-05,5.5901074322072706e-05
2025-04-02,0.0012547574647958696,0.00043741003755450026,-0.00021435330019474645,0.0011798797582557232,0.001207562124092612
2025-04-03,-0.009941050547710372,-0.004208205457628839,0.0020286297777417257,-0.0068494195431070565,-0.008062255943750285
2025-04-04,-0.011767164329839762,-0.013332690139811193,0.0005655773310354209,-0.008644895709329387,-0.007287944911156218
2025-04-07,-0.00031448035472707585,-0.004842861259936177,-0.002373764748410829,-0.005285039558207721,-0.003178267074081711
2025-04-08,-0.003020882570114184,-0.0005951245101142233,-0.0010398746780495122,-0.005358138943699535,-0.004561251581010561
2025-04-09,0.02094387452420685,0.01524979337103723,-0.000665623955197125,0.012071266083535943,0.007209635086422569
2025-04-10,-0.008839797565812563,-0.0039790741366933086,-0.0012668498394363772,-0.004595124629814339,-0.0025230655431124145
2025-04-11,0.003537391956786094,0.004949870863058534,-0.0011606087450846438,0.0024281734127351885,0.002867575063548446
2025-04-14,0.0019250909567740562,0.002121327181161414,0.0015733235089594264,0.004102957935252977,5.844005422124522e-05
2025-04-15,-0.000594382711545793,0.0017688606986758031,0.0005616505449349464,0.0005755512291021634,-0.0005114746469530582
2025-04-16,-0.004504031174135678,-0.0008029365565082594,0.0008329083221278863,-0.0001714358274507574,0.0024473512162186133
2025-04-17,0.0002517828979486638,0.0021330333517970658,-0.00060445623878881,0.0029638663577102454,0.0020456164281295753
2025-04-21,-0.0048090512626502175,-0.0011007086773758908,-0.0011101358941229844,-0.0042142236068520396,-0.0017184479744160258
2025-04-22,0.005160888816250108,0.00410040856553503,0.00011243099347740179,0.003843563887681307,0.0009099406076155859
2025-04-23,0.00309197359530981,0.000767365239773323,0.00017598382595543306,0.00033725062322335556,-0.0015501972905385606
2025-04-24,0.004180083955818869,0.0026261865576180676,0.001047612372169609,0.0007050765282317596,0.0017632733494737907
2025-04-25,0.0014104472220193437,0.0008274160965252534,0.0007247002996990127,-0.000377365576151218,0.00025324309318559455
2025-04-28,4.313041700678151e-05,0.0012961087146611035,0.0007656013225441425,0.0012085016564413638,-0.0011590252102676615
2025-04-29,0.00122846729999259,0.00036719149749202257,0.000655411721612783,0.001037719746932724,-0.0025825343117399993
2025-04-30,6.11273956984631e-05,-0.0002684102666092919,0.00027693854195494084,0.0006686903097456666,-0.0037561362567731607
2025-05-01,0.0013882962327258835,-0.0006715912337427025,-0.0009070556081909901,0.0006232986657079824,0.0009421072558629703
2025-05-02,0.0029333617005050023,0.0037983092682217475,-0.001381221702689383,0.0024261520144583603,0.000836401911114102
2025-05-05,-0.0011787537548183875,0.00031596845915096683,-0.0003922411565456754,-0.000479390871035203,-0.001189488923321543
2025-05-06,-0.0017025965875550682,-0.0002887281317585447,0.0004746370564879469,-0.0015787302022538658,0.0029734201102819533
2025-05-07,0.0008066409350847598,-0.0007074644632004472,0.0004937610516330377,0.00019182800064732145,-0.0025209214336703333
2025-05-08,0.00136002729178797,-0.0007338290229459152,-0.0015978462329722443,-0.000820496143242016,0.0025733839301660755
2025-05-09,-0.0002888385087897913,0.0009506604956995834,0.00011465023042222384,0.0013041943463008407,0.0014923226829267429
2025-05-12,0.006563879980789278,0.0009958191722407139,-0.0013063744378720072,0.0009570506250874192,0.0012985054962840383
2025-05-13,0.0012874208811921948,0.00022169511262325333,-0.000183403793474564,-0.0025827025934243024,0.003060924163227611
2025-05-14,0.0002215803764096366,-0.0009987913774109549,-0.0007811904059839732,-0.002005116566110731,-0.0010542449279914087
2025-05-15,0.0009489922648778534,0.002144073102505679,0.0012712094707537907,0.0036093011444023656,-0.001989247338750595
2025-05-16,0.001231857211946257,0.0004266676136065635,3.267370901681262e-05,0.0024555201322235907,-0.0007866514561019502
2025-05-19,0.00019656142491036966,0.0018590217897577813,-0.00013967806708678503,1.6200847927806806e-05,-0.00031671084091001815
2025-05-20,-0.000706468269692158,0.00091793943282897,-0.0002890228993701487,-0.0012059651051323876,0.0025081143196935057
2025-05-21,-0.0034134994965573768,-0.0012038721091017913,-0.0014205972663494826,-0.005376624929393085,-0.0003044996206569599
2025-05-22,4.4799156189580545e-05,-0.00014631161984685477,0.0007159926760993979,-0.0009464618892739472,-0.0010603973167550686
2025-05-23,-0.0013899287580777262,0.00024796645397068447,0.0005457961915986048,0.00017206856776315007,0.001089258583492355
2025-05-27,0.004113964701939768,0.002873273792296126,0.0007994487669709622,0.003452944799948339,-0.0018166451735333556
2025-05-28,-0.0011883016952507364,-0.0023435352741830806,-0.0005860890209995746,-0.00023650050616672694,-0.0006856401377582016
2025-05-29,0.0007615465763381522,0.0008498646577514487,0.0007970390762563322,0.0017774568854680643,-0.0010775072765316183
2025-05-30,-0.00025740389191946614,0.0002590089585528364,0.0005590479120339846,-3.208493879029681e-05,-0.0015563962316999052
2025-06-02,0.0011012285698085355,0.0021067125399881056,-0.000713670986719762,0.00025247124823382807,0.004188594148281429
2025-06-03,0.0011040410628633008,-0.0015456305816475475,-0.00022353341968920555,-0.0004354010640707123,0.0012757469094209985
2025-06-04,-8.756370706417925e-05,0.0008640659963706452,0.001435133528900064,0.0005276803613869376,-0.0007792454908301525
2025-06-05,-0.0010001623745437087,-0.00016760406274263906,-0.0006278928961379581,-0.00019094743365775116,0.0009038792378149389
2025-06-06,0.002018454491976075,0.0006819804106190588,-0.0016297069412867277,0.0009273522263740947,0.0015515752541388529
2025-06-09,0.0001465001077444917,-5.576959722880428e-05,0.00032977830625496266,0.00023318138899579838,0.0001510891699166093
2025-06-10,0.001101122499763592,0.0002342389471445088,0.0003080441172213422,0.0016779847843078617,-0.0004961026631666856
2025-06-11,-0.000604954886690177,-0.0003683204448474948,0.0007976650774053862,-0.0011153093343353958,0.003196664127884032
2025-06-12,0.0007648381128021537,0.0015023899476093703,0.0008358400858096927,0.0009426762869177842,-3.347418768964745e-05
2025-06-13,-0.002273711759925077,-0.002600876889765207,-0.0007735835022160626,-0.001976852278752867,0.006114638061549753
2025-06-16,0.001866883351498188,0.0007205217130839968,-0.0006079470895472812,0.00012277255216238764,-0.00047564008169901007
2025-06-17,-0.0017476323360865896,-0.0024960986019904167,0.0009442263399947484,-0.0007464947202194007,0.00419341928306676
2025-06-18,-6.417250382784736e-05,0.0003114422012831996,9.318061629020334e-05,0.0006584817284686107,0.00048704133788621663
2025-06-20,-0.0004992530794097755,-0.0018282693287034117,9.516751178462831e-05,-0.00016541736418715006,0.0010031402505506987
2025-06-23,0.001939500899522399,0.001491253501503216,0.0006638529572058253,0.002966597021087231,-0.007429277769847427
2025-06-24,0.0021689695463097684,0.0023955587719495714,0.0006616255207499051,0.0004922654974087003,-0.004864430557638562
2025-06-25,7.971196475221267e-05,-0.0011238726428973408,5.019526272899501e-05,-0.0048566753932722286,-0.0003076371848615371
2025-06-26,0.0015315110906599214,0.0022017093114467924,0.0006805532621308183,-0.00021982459885955282,0.0007001871959114213
2025-06-27,0.0009598132834355838,0.0017711241639809072,-0.0005563631791362453,0.0004653866140730411,-0.0010394849433542457
2025-06-30,0.0009219405556064212,8.016542014764977e-05,0.0007625520486804973,0.0012549459688723414,5.8055401316489316e-05
2025-07-01,-9.798868641430555e-05,-0.00036884174963180966,-0.0004043005518691478,0.0014272669269768507,0.0010642542994245717
2025-07-02,0.000872744176077396,0.0005514121166522889,-0.0004530558838408148,0.0004357124656563071,0.0032360276341122703
2025-07-03,0.001539638088483577,1.1015393696612952e-05,-0.000728374267360764,0.00018852297130916095,-0.00012304530475491289
2025-07-07,-0.001523902748173006,-0.002203655905002317,-0.0006665149998605366,-0.0017395073097620905,-0.0002106664387861642
2025-07-08,-0.00014288984419805504,0.0014315897051132643,-0.00032983698480468525,-0.00032460105482918263,0.0005946952486400991
2025-07-09,0.0011644386733939808,0.0014665549399517008,0.0010052754782246748,0.00012343928368988377,-0.00039010094095668724
2025-07-10,0.0005292959552964675,-0.00016688541238702606,-0.0001392609222914227,0.0012191396395370385,-0.0006604779789469194
2025-07-11,-0.0007365611251706108,-0.001950527719772087,-0.0009623178141300957,-6.876017028537831e-06,0.0025616442962635125
2025-07-14,0.0003478056917200871,-3.2222846948077654e-05,-0.00011860438645064875,0.001257845082511263,-0.0017198757584158681
2025-07-15,-0.0008827409551920644,-0.002126594183358539,-0.0008184155333838223,-0.002981017695703713,-0.00039265493502974985
2025-07-16,0.000634621328322859,0.0007855132387692506,0.0005198450912389302,0.0018497801678971433,0.00024051199670372146
2025-07-17,0.001188952001496956,0.0004886246411102214,-9.722333214285417e-05,-0.00025626177173785784,0.0015809795389641653
2025-07-18,-0.00018153351856801502,-0.0005975782974890943,0.000518601078343555,0.0003894839649597642,0.0003312472691736695
2025-07-21,0.00034548605723617174,0.0010298836006293291,0.0006656137777035839,0.000790888372160455,-0.00047756676578112575
2025-07-22,-5.01481079940207e-06,0.0010687499503106751,0.000536054271369894,0.0033909327624656255,-0.00038746133524570275
2025-07-23,0.0016664316046391624,0.004912539799749245,-0.0007511230386680008,0.0003581714807417034,-0.0005685678176752316
2025-07-24,3.247525530334363e-05,-0.0015210417627598404,-0.0003290118360419323,-0.0007290722251339404,0.00014445674222982085
2025-07-25,0.000809302645224474,-0.00026903553366265334,0.00043107920482621655,-1.1441843778983037e-05,-0.002089085935205421
2025-07-28,-8.368502598531016e-05,-0.0032625304922162465,-0.00047711474771471306,-0.0032428796848963204,0.0020367891503000374
2025-07-29,-0.0005607984072338235,-0.00043765072170316743,0.001278405217582879,0.003170933728511228,0.0025614368721313574
2025-07-30,-0.00028432153750943245,-0.001471069315693038,-0.0007274267153094698,-0.0028644082407121847,-0.00047365949783829736
2025-07-31,-0.0007622417573513441,-0.002184637068281234,0.00013535813513963768,-0.0028500409810913257,-0.001712757035592211
2025-08-01,-0.0033271920211981596,-0.0005589822092041832,0.002264253923732644,-0.0005061834767221232,-0.003244496707790626
2025-08-04,0.003000268709279158,0.0026202731960324245,0.00023876741875215998,0.0020145934924993103,-0.0007522372131977217
2025-08-05,-0.0010455368992971336,-5.50206372051291e-05,-0.0001789085292177795,0.0008789130601885071,-0.0017629390223851944
2025-08-06,0.001500656513882882,0.001278097784316249,-0.00017871416539538796,-0.0015886443076312087,-0.00047475620272174516
2025-08-07,-0.00020039289789960872,0.0017667095428934342,-0.00018029371074911523,0.0005477255550905435,0.0006102411089004982
2025-08-08,0.0015257385272392325,0.0011908989289207662,-0.0004939538260141327,-0.0016818638967388644,-3.220102376669317e-05
2025-08-11,-0.00042777522617433304,-0.0008745237388174688,3.0028233823412236e-05,-0.0013596971096728457,0.00024138351632892505
2025-08-12,0.002093182338112518,0.002407178167516144,-7.438352321575579e-05,0.0010965499579323177,-0.0008576756299095807
2025-08-13,0.0006519877914505137,0.0011745762434081603,0.0006802232343251987,0.00183382241154979,-0.00030891646675770893
2025-08-14,-1.3797596090160937e-05,-9.406427510949831e-06,-0.0006800628975457127,-0.0014590222986456095,0.0007922939107442867
2025-08-15,-0.000500021923469245,0.0011457242963664868,-0.0004312283543904276,0.0011115185526787096,-0.0006708829919032334
2025-08-18,-7.651749409794424e-05,-0.00024957429237647185,-0.0002212143206310164,-0.001725102282177788,0.0001555210788214426
2025-08-19,-0.001119104139957256,-1.0261120498072199e-05,0.000471676208164418,0.003398347057488986,-0.0015973363335964447
2025-08-20,-0.0005653962075014518,0.0006839892203721843,0.00026135514669902235,0.0005421908010614426,0.0021829971583343095
2025-08-21,-0.0008351861740885333,-0.0012884208567604289,-0.0006187188232437994,-0.0006276923863498417,0.0011527606285798087
2025-08-22,0.0030377088357298647,0.002970357185488444,0.001081390824416794,0.0038277887618551987,0.0007895538550421682
2025-08-25,-0.0009129597397620132,-0.002676686016162729,-0.0004293230626837681,-0.0011826713006730211,0.0009613690343219339
2025-08-26,0.0008034897976262703,-0.0002496139301199045,0.0004894947119826556,-0.0005557402155041381,-0.001566438265232466
2025-08-27,0.0004228560097821038,-0.0005056630030651141,0.0003430906119818216,0.0012113057357341552,0.00014894949071892185
2025-08-28,0.0006759600715443378,0.0007090713175410468,0.0004265894486693277,-0.0005547622176732502,0.001238191084381546
2025-08-29,-0.0012258704724898524,-0.0012065249530949058,-0.00019844455574197564,0.0010557097189909895,0.00023862406365055545
2025-09-02,-0.0015096920731555354,-0.001990790705618309,-0.0006295284549850247,-0.0033542375823300535,0.0031865034664053968
2025-09-03,0.001050256319908639,0.0002776184339021564,0.0006583095538881982,7.878310703757383e-05,-0.0018074927270329316
2025-09-04,0.0016387194429995813,0.0014208331755484196,0.0008641766603274507,0.0014640294704288727,-0.0014624141915602594
2025-09-05,-0.0006113180580034634,0.0008687115600626814,0.0009453093098550221,0.0022192973125006827,-0.0016601741747222839
2025-09-08,0.0004599166074848597,0.001969991749352029,0.0005884892967451895,-0.0011903236536452495,0.0013308864302581038
2025-09-09,0.00043085977038669526,-0.0006997518830929582,-0.0005053297621041378,-0.0004881770066739498,0.000513684486897163
2025-09-10,0.0005478884183396952,-7.437810651628143e-05,0.0005056388874967439,-0.00035935630026418035,0.0013181282292314032
2025-09-11,0.0016278730850980121,0.0020853082622555898,0.00027759712490677376,0.003608571232309391,-0.0015472492476681242
2025-09-12,-9.817544649161087e-05,-0.0008241548729092534,-0.0006074803225938547,-0.0009543262506009081,0.0011407970511378715
2025-09-15,0.0010339323497641191,0.001302068956652248,0.00029877517845628023,-0.00035508140249995544,0.0017571988252965257
2025-09-16,-0.00030650740060411187,-0.0005873755482450972,9.263109040262423e-05,-0.00109010544428511,0.0020045201546689743
2025-09-17,-0.0002792553226980374,-0.0007813211524420082,-0.0004622795211412848,-0.0002887963643905126,-0.0021427570727875094
2025-09-18,0.0009030277549537546,0.0007430808853905855,-0.0006907927959155143,0.0004034990520727577,-0.000918426488695079
2025-09-19,0.0009579728578672476,-0.0008024861834396975,-0.00011366612311513617,-0.001328685875211776,-0.0016380972841043091
2025-09-22,0.00091689501774787,0.0006138677730615305,-0.00036147089092988707,1.286595635748131e-05,-2.866904916232183e-05
2025-09-23,-0.001121443403252428,-0.0004160647821995293,0.0005291765680966468,0.0010605078174604492,0.0020330815118474077
2025-09-24,-0.0006648163852096592,-0.001191780506716466,-0.0005685346890987301,-0.001998883540611467,0.001300435401301205
2025-09-25,-0.0009536175418385539,-0.00145717687126206,-0.0004662644183904922,-0.0006269739628581622,0.0013780559251646628
2025-09-26,0.00111486137067978,0.001512341288296759,-0.0001348398130429754,0.0019414264038444548,5.747300062919268e-05
2025-09-29,0.0005319154568316064,0.0007461232596695144,0.0005511530761886975,3.532960804914382e-05,-0.001700231122894254
2025-09-30,0.0007225790564692973,0.0007864473435990728,-0.00011312603659639033,0.0007807313284542202,-0.0008257269514298582
2025-10-01,0.0006566634799208221,0.00161496025463566,0.0006436736869688663,0.0002756111797423839,-0.000376141545693731
2025-10-02,0.00020045399319652542,0.0002897623387773997,0.0001768652177828656,-0.0010810836494861778,-0.0013670903285367408
2025-10-03,-3.408357233798763e-05,0.0016436076072712047,-0.0004253049405812276,0.0007163445682883602,0.0005959059804750225
2025-10-06,0.0006865383600903875,0.00043215177245219496,-0.0006122494331730895,-0.001914848066519588,0.002018190543262637
2025-10-07,-0.0007705371766595529,-0.0017760916460663415,0.0004683431612428343,-0.000758580045605369,0.0007650764731834557
2025-10-08,0.0011611851494421083,0.0005622825813365431,1.1266715236103749e-05,-0.0010735794788452055,0.0002333636866081863
2025-10-09,-0.000610533663154751,-0.0016785092040634327,-0.00017600825986572707,-0.0011215635100249905,-0.001869087080872951
2025-10-10,-0.005423994621654503,-0.0037198014655883314,0.0012128297078240068,-0.0025740832330413813,-0.0043085809604725776
2025-10-13,0.003033309476115172,0.0015745631046170097,7.290173897424906e-05,0.0012447428236632555,0.0025040377496871337
2025-10-14,-0.0002700199046135032,0.0008731214645310992,0.000482651175071916,0.0020112972131754547,-0.0022657463132663546
2025-10-15,0.0008584292002444975,0.0009328470967938624,-0.0002581654170838361,0.0028723415948638704,0.0006934177018782814
2025-10-16,-0.0013923093448156415,0.0010139916924299579,0.0008994146568269797,-0.0007351991118722885,-0.00039171717223507904
2025-10-17,0.0011053250982811854,0.0003316682477721199,-0.0003584607154303201,0.0012708931999150831,-0.00021112949779702865
2025-10-20,0.002048381789634904,0.0016192620179800554,0.00023694815524890359,0.001986238974717945,0.001961083431674239
2025-10-21,-3.317400809355466e-05,-0.001500801886697508,0.0003386649503278242,-0.0005944748753445106,-0.002092698080456869
2025-10-22,-0.0010714305858454038,-0.00032694596191946805,1.103052938356096e-05,0.0008189449100605012,0.003126692904684147
2025-10-23,0.0011586450141212355,0.0009022703672808704,-0.0006867111948285402,-0.0001612326762129795,0.003347456355734569
2025-10-24,0.0016036092536330822,0.0002859963632022127,0.00015456049479317503,0.0005586216301212742,5.713954290508337e-05
2025-10-27,0.0023255041122695807,0.0013582455535606506,-2.859156234950316e-05,0.000533617691704638,-0.0004686218165792501
2025-10-28,0.0005013306561286478,-0.00011331185940070525,0.00015466450908057045,-0.003959049851905645,-0.0018743065945473253
2025-10-29,6.692815547092438e-05,-0.001158983815543167,-0.001321865514281952,-0.005208390240383783,0.0010324273152280598
2025-10-30,-0.0022312799373127397,-0.0009124678912922472,-0.00031892900802561714,0.0009155653885125599,5.8142547844027684e-05
2025-10-31,0.0006315081815760173,-0.00047379761733162,5.295156057070062e-05,0.000496815302357211,0.0013769907376101269
2025-11-03,0.0003486436728180039,5.4346192650716795e-05,-0.00012550118269178138,-0.0003028030993876158,0.0014521184478651639
2025-11-04,-0.0024024608855747224,-0.002082403480597363,0.0002175567125036275,0.00030664242414398256,-0.0014167597323858094
2025-11-05,0.0006634567414331227,0.0012514617751347781,-0.0009837971849254782,0.00015018249384822095,-0.0006422787397504713
2025-11-06,-0.002180050408159721,-0.0004756513321606474,0.0009881891694370724,-0.0009945968972325733,0.00023296853330124055
2025-11-07,0.00016955064338645154,0.0007203697346187739,5.290643561820996e-05,0.003068891377529474,0.000408361466118217
2025-11-10,0.0030831571214882895,0.0020672022800898994,-0.00029936489103293005,-0.00013942642988598215,0.002150828992120336
2025-11-11,0.0004313106266597493,0.0014377086006571178,0.0005912307631067076,0.0022073135176127402,0.0012656939287718836
2025-11-12,8.265627700353398e-05,0.0011547363069986398,1.1004988892402081e-05,-0.001523565503135112,-0.0022665234165579183
2025-11-13,-0.0033536207229258866,-0.00216321653183401,-0.0006082101312888698,-0.0024873056463727856,-0.0010655815125137514
2025-11-14,-4.7790059543195917e-05,-0.0005918389761958305,-0.0003572524073380232,0.0003948113013670625,0.00040522212312418056
2025-11-17,-0.0018957688693197624,-0.0026405880312223573,0.00019777324685912198,-0.001673448446356614,-0.0002913681424991347
2025-11-18,-0.0017111790736436213,-0.0026259908536701328,0.0003026498298446784,0.0007779426170054964,0.0016202454653670686
2025-11-19,0.0007410172668016614,-0.0006333726489718361,-0.0001741382497797945,-0.0015975162009912148,-0.0020218805494265305
2025-11-20,-0.003025471598272362,-0.002797323995530661,0.00044719803162913155,-0.000866833577276465,-0.001959072761697978
2025-11-21,0.0019613775558125998,0.003052936086766816,0.0006309137720254133,0.003208819628837086,-0.0013517021682164481
2025-11-24,0.002904115129527218,0.00014427795240957108,0.0002787613090888635,0.0005059198373134363,0.0009528981668741339
2025-11-25,0.0018519146296497079,0.0023576345853771894,0.00048362731818104215,0.001815016864759223,-0.0010871368401891217
2025-11-26,0.0013492245795495988,0.002161273409659242,0.00013494701853774809,0.0008574448625915689,0.002100175067945354
2025-11-28,0.0010619339423176585,0.0006462681375054023,-0.0003783373127634377,0.000631645246960219,0.0025993021855532585
2025-12-01,-0.0009416724125264183,-0.0010164222440635043,-0.001103447922441155,-0.0023309935802542274,0.000489738374933517
2025-12-02,0.00034130737983357703,0.000646534511858245,0.00013651402906328475,-0.0007366265518459555,-0.0008960886133514745
2025-12-03,0.0006659781932769834,0.0010445769320709965,0.00038443930086644985,0.00048394036686496915,0.0009271180176930847
2025-12-04,0.00011769063866371864,0.0005177879671881017,-0.000648391879433081,-0.0005171722245505899,0.000490611062367749
2025-12-05,0.00035113378621070136,-2.7930197970546456e-05,-0.0004432262275977368,-0.0002508982448908765,0.0011775408050195074
2025-12-08,-0.0006277568677264687,-0.0006543893204463091,-0.00044343288349982664,-0.0015618534134943878,-0.002521968088387243
2025-12-09,-0.00020164760616260676,-0.0003010700664993558,-0.00031939643763122033,-0.0007888921954291737,-0.0004634767943596515
2025-12-10,0.0012998164048121418,0.002191874512972833,0.0006171338454730246,0.0006912893775628942,0.001190707266516831
2025-12-11,0.00044027527009795773,0.0011513537245527595,-6.3736679321895454e-06,0.0008449283971917035,-0.00019204907376409676
2025-12-12,-0.0021817315654762788,-0.0010792192665801633,-0.0005674629030454379,-0.00026957866490809134,-0.0016720721830529898
2025-12-15,-0.00032756111804977544,0.0011963227444747862,0.00013758894076347164,0.0005978551500210673,-0.0009920490546725046
2025-12-16,-0.0005746926657437541,-0.000955137114065385,0.0005311579172103356,-0.0014973609002161881,-0.002048121734347658
2025-12-17,-0.002227392282132431,-0.0016543029196440498,-6.932544493414414e-05,0.0007142960646608904,0.002356714670739011
2025-12-18,0.001483509323829628,0.0013960921426747841,0.0004898838113128472,-0.0010787277818329688,-0.0014354437729284216
2025-12-19,0.0017824048580452573,0.0013202470235274895,-0.00047856104310710324,-0.0007939169022816455,0.0013804757991622884
2025-12-22,0.001217094986884893,0.0004757929472128994,-0.0002364492023555237,0.0010049121609344396,0.0025393944413341016
2025-12-23,0.0008889159014306106,0.00120440968936994,-0.00011043235689477648,-0.00016454220825168223,0.0022009014827153416
2025-12-24,0.0006753959893472663,0.00022070803082858718,0.0004915655358371344,0.0012873005465508431,-0.00011674519225064537
2025-12-26,-4.865875655139199e-05,0.000303640218691368,0.00015855529479212208,0.00019752824483352385,0.000590380245727511
2025-12-29,-0.0007409887999218688,-0.0006289728199258274,0.0002617002149055885,0.0003787587794651097,-0.001882026751024773
2025-12-30,-0.00027299480528559177,0.0003045702805124884,-0.000235125719085749,0.0003764391246108135,0.0013104182458686634
2025-12-31,-0.0015074573235008837,-0.0008783375669273491,-0.0006916493459739156,-0.0016630186625741835,-0.0025074034760878346
2026-01-02,0.0003399392689707926,0.00207486383458702,-0.00019556120278619132,4.087471908384392e-05,0.00024001887052914485
2026-01-05,0.001303321435694114,0.002261633229918103,0.0005759900768936672,0.00042878340805917436,0.0037112060436348144
2026-01-06,0.0011616379290462738,0.00027760189448439214,-0.00017317930827991974,0.0014465532575112692,-0.00010988503174506767
2026-01-07,-0.0006726368194124727,-0.0007818199218228113,0.00034595728772421504,-0.0019600814750895305,-0.0018752600219974433
2026-01-08,-4.8530368124860704e-05,-6.383405193464828e-06,-0.000629179696461469,0.0017633654832215936,0.002531831618025393
2026-01-09,0.0012951627822263114,0.001746232184641674,0.00020133606503966727,0.0003757311806133001,0.00014784039547644873
2026-01-12,0.00029314903023791366,0.0011848108410110552,-0.0002774893656960818,0.00023994031938607668,0.002497209693761479
2026-01-13,-0.00042879440528152576,-0.0011779230630784509,0.0002212229572879822,0.0010889868776338654,0.0015226017786062272
2026-01-14,-0.0010128125715709604,0.0009019875558177371,0.0003871853283575829,0.0017062051892603766,0.00015247914269729687
2026-01-15,0.0005194175733584795,-0.00010746022598294891,-0.0004432717131091758,0.0013562610869433827,-0.0016522198353076188
2026-01-16,-0.00019494907725817838,0.0005153036476728534,-0.000797418677120057,0.0024251410781770412,-0.0003732744766568049
2026-01-20,-0.004111086038258799,-0.00306295465247783,-0.0008206574426148285,-0.0037494009713326783,0.0027380644348167296
2026-01-21,0.002283412964880836,0.002036431201957159,0.0004957542121965167,0.00076447115347018,0.0022724820733066383
2026-01-22,0.0010169730662103662,0.0007588523055546086,-4.9080613347490606e-05,-0.002002335123590132,-0.00011257271906308885
2026-01-23,4.4779394262441596e-05,0.0010843878151249441,0.00030578363584991386,0.00037185046878757447,0.0036648540906953284
2026-01-26,0.000988289697839413,0.0009719596736366079,0.00026318058145752743,-0.00029448579462398866,0.0008826350658912888
2026-01-27,0.000768455199200073,0.0031863800662272194,-0.00025780566597714507,-9.452134820856989e-05,0.0026930917320484677
2026-01-28,-4.769851379219844e-05,-0.0021479197368426545,-0.0001952849834132845,-0.0020840502754659643,0.002562013519287186
2026-01-29,-0.0004310288099118911,0.001318452638567202,0.0001836946545464997,0.0027710227362984655,0.002914609685764735
2026-01-30,-0.0006252205930696233,-0.0018939100362597063,-0.00015317641272913482,0.00016735470822617935,-0.006948657834602145
2026-02-02,0.0009605143986347975,0.0012732388587731334,-0.00041884426134071413,-0.0020826380551124033,-0.007342688010834172
2026-02-03,-0.001723356538527447,7.312973165727515e-05,0.00016083001536929909,-0.0004749750658187894,0.005129667898529757
2026-02-04,-0.0010004363068429965,0.0006302722763055331,-7.013922495464385e-05,0.0028441883816539017,0.0003026588000586504
2026-02-05,-0.002527679143838449,-0.002880978581016054,0.0011382946257983762,-0.0003153528242859316,-0.0035905301872495854
2026-02-06,0.003809745358320984,0.00450264343742049,-2.9498638449858124e-05,0.003117792357622219,0.0020795451609286284
2026-02-09,0.00093832578377495,0.0026524020810716965,1.3136590691234548e-05,0.0008181425486664552,0.0019739086849397307
2026-02-10,-0.0005566837366282425,0.00045428702719288206,0.00084533862933932,0.0026505998333303535,-0.0009383626548855909
2026-02-11,-7.285173507146122e-05,0.0013141044372411415,-0.0005876632228282242,-0.0011404199632661849,0.0018798513481985625
2026-02-12,-0.003117041501161873,-0.0015370250689175273,0.0011984713956704324,-0.0002420476170676064,-0.0047333392354286736
2026-02-13,0.00011232206336145614,0.00014674396391807553,0.000755935554757239,0.002840289651382746,0.0006434341142707637
2026-02-17,0.0002933328201246006,-5.857657042164923e-05,-4.909910449178811e-05,0.0018656440440901298,-0.002461627474221629
2026-02-18,0.0009796272285134393,0.0002014463648861391,-0.00044071284256207746,-0.0023853142041669337,0.005200115446777942
2026-02-19,-0.0005559269029822012,-0.0005791819362291548,0.00015640044786089025,-0.00045244002990070563,0.0017822666694233024
2026-02-20,0.0014231977667200114,0.0016078341347481589,-2.8551162551497387e-05,0.0014769392329283834,0.001361416910081764
2026-02-23,-0.002075304099285578,-0.0008492871257027464,0.0006921708337654487,-7.122089802426452e-06,0.0011899797909248218
2026-02-24,0.0014234848607280442,0.0003361975982321361,-6.966145511200513e-05,0.00047800546109389645,-0.0002708990132076887
2026-02-25,0.0016569188445369509,0.0018791459265777718,-0.0001925404210914612,-0.0005764046868703771,0.00021412416833681047
2026-02-26,-0.0011387060678102487,-0.00019892575924868695,0.0005050774774707334,0.0013386394895379603,5.9893405157708555e-05
2026-02-27,-0.0009811874575863047,-0.00038884598923915264,0.0007700777916638426,0.00033130098037359695,0.002716577400820435
2026-03-02,0.00010299609210785935,-0.0039540971786154715,-0.0012306992124733619,0.00047672496649706823,0.005646300560296504
2026-03-03,-0.0017848513317516579,-0.006149388564479505,-0.0002607858710401895,-0.001083632232319444,0.0008608135084619123
2026-03-04,0.0013827720405016441,0.0025431836178414348,-0.00044192864586985154,0.00022618916091204127,0.0017443371780490734
2026-03-05,-0.0011435037864352918,-0.004421809683199696,-0.0006485268822311032,-0.002038507971679086,0.002860511750426935
2026-03-06,-0.0026531713554493017,-0.0017698815339906007,-0.0001525600757960632,-0.0022099922912748563,0.0073871726191717425
2026-03-09,0.0017526177477287497,0.0014824931237626602,0.0005937522468589169,0.00043981232723678225,-0.0024405956336115424
2026-03-10,-0.0003510124001689153,0.000439793191051025,-0.0006720070993893785,-0.0003260127969414866,0.0033574590652280184
2026-03-11,-0.0002788680635136993,-0.00044932751868402245,-0.000941053245178093,-0.0021046202166673275,0.0037962143100581636
2026-03-12,-0.003075641971205543,-0.0031702014325539502,-0.0006745708983367982,-0.001408573200135304,0.005137589750060537
2026-03-13,-0.0011535497271093235,-0.0024067913117512578,-0.0002375897948024566,0.0003102326389376191,-0.0010520294142627416
2026-03-16,0.0020061151233560772,0.0037026072049244313,0.0008711134477356093,0.001643353976503496,-0.002837807158882181
2026-03-17,0.0004966107920944102,0.000521727091548946,0.0003253855042259541,0.0008537215446741926,0.0031464600089564777
2026-03-18,-0.0028240140155079566,-0.003454296267988793,-0.000943590592478389,-0.0029912727074596045,0.003498781983908994
2026-03-19,-0.0005226337717439247,-0.00034686141038765925,-5.2611959716413926e-05,-0.0008339086037664175,-0.002966457070113657
2026-03-20,-0.0028978613798770264,-0.006113683052547281,-0.0018282358645457652,-0.006217647242294,0.0006636561259016659
2026-03-23,0.0020791288932483264,0.00476763979318199,0.0006044968044320142,0.001533939040860956,-0.008340113626400785
2026-03-24,-0.0006985210040884841,-0.0012005912529630732,-0.0007011245206432093,-0.001349376680145101,0.003493009979100265
2026-03-25,0.0010880602301219934,0.002895689070726588,0.0010252415064380621,-0.0001869134231127231,-0.00047023030113944777
2026-03-26,-0.003609582755948178,-0.004183137341368166,-0.0016442547073357912,-0.0003022715516312458,0.0018868502968746716
2026-03-27,-0.0034509373488566144,-0.0018504971918178914,-6.453907657527531e-06,-0.0016736997728288637,0.004586926307032204
2026-03-30,-0.0006967094176301916,0.0005477238371015967,0.001388037635020054,0.0007314076861770736,0.0010715155696259426
2026-03-31,0.005776499139529098,0.006453083754671597,0.0003266690174791494,0.003106180100635915,-0.0021664671568353004
2026-04-01,0.0014767527411138457,0.003015914274253101,-0.00020356562546450984,0.0006942971102969058,-0.0018978061878757767
2026-04-02,0.00018498818040362636,-0.0012086495686509263,0.00043345279941770263,0.00268911571580366,0.00452897422710803
2026-04-06,0.000915984629745437,0.0009696959156603374,-0.0005538657715269507,0.00026125731182930596,0.0009921661812762534
2026-04-07,6.032685909805423e-05,-0.0003045949707656083,0.0004753262501811731,0.0002600177737519365,-0.0007652554980317897
2026-04-08,0.005066192243149636,0.007797826297661533,0.00041007413876785167,0.003569948056455709,-0.005344785603952805
2026-04-09,0.0011250038859112112,-0.00048370633970724945,-9.158578749255813e-05,0.0014097905777040376,0.001027240477201975
2026-04-10,-0.0001604938776406968,0.00042708938233785595,-0.00036437324439441473,0.0004028994039945487,-0.0014955015666975502
2026-04-13,0.0019383160192454599,0.0012368903400163114,0.0004128921320909805,0.0007304196493363366,0.003236273979862638
2026-04-14,0.002406950927840208,0.0015836753638269149,0.0006220375915264994,0.0018849168341828987,-0.0008560750399185268
2026-04-15,0.0015464639433035296,-0.0006658558048221173,-0.0004671978505524386,0.00012082908412085503,0.000317562156970647
2026-04-16,0.0004628427213762991,-0.0006096941321537763,-0.0003854728751907113,0.0018168203845619615,0.0014927835709914253
2026-04-17,0.0023793664781341928,0.0025179891427352624,0.0010604721053011682,0.0031535379345186973,-0.005614834031519739
2026-04-20,-0.0004288190893660658,-0.0008130607027493738,-0.00021636769208634879,0.0006969810406400474,0.00264860912816254
2026-04-21,-0.0013328525085363856,-0.004436852754149673,-0.0009055000007290667,-0.0035735451303728336,0.0037248149553088176
2026-04-22,0.0019952216070363384,0.0006418826284400636,0.00018020369361926544,-0.0016904546368037162,0.00202629975964088
2026-04-23,-0.0008055560685275397,-0.0014626130451743317,-0.00034245605997560216,0.0020187180409863667,0.0025458297861629545
2026-04-24,0.0015178866319031485,0.0010168972670027388,0.00037014539229248414,-0.00042663943567054785,-0.00022597200833601041
2026-04-27,0.00031642876122670727,-0.0007943536103849657,-0.0004893114424784006,-0.0011214583325399932,0.0015085345161775638
2026-04-28,-0.0010021469077287203,-0.0008571444965849824,-0.0002173266826206084,0.001801976483287672,0.001628647000707718
2026-04-29,-5.933344549858059e-05,-0.0020749677534985782,-0.0009749511983576764,-0.0016004419294928362,0.0048224631163216675
2026-04-30,0.0019585106210666765,0.004730257777451831,0.0003512918504522378,0.002999222129611829,0.00012154332650206829
2026-05-01,0.0005257182178104197,-0.00045856955254387673,0.00012355376828957835,-0.0005860861164536866,-0.001897283732731075
2026-05-04,-0.0007607572900640955,-0.0027779790011233127,-0.000767407819112653,-0.0012788259473287265,0.0033335678599665072
2026-05-05,0.0015742470948930352,0.002627276858262711,0.0002680316629364663,0.0005999641069924553,-0.0008587765965014102
2026-05-06,0.0027461093502886636,0.00538673078473968,0.0009654489365050313,0.002743332223927253,-0.006408840049535331
2026-05-07,-0.0006377844181189899,-0.003681350037331731,-0.0006346732978734405,-0.001470543186181622,0.00027811893596674226
2026-05-08,0.0016214768567326076,0.0020489971468216107,0.0004993923639548787,0.00044861112618911267,0.00030928332558702304
2026-05-11,0.0004298995868294903,-0.0004526962136272736,-0.0007045560149328187,0.00011631278745824287,0.004961990472372616
2026-05-12,-0.00033067993979930013,-0.001183872790390476,-0.0007055226750208901,-2.8617563965194186e-05,0.004008650467536081
2026-05-13,0.0010879784699450636,0.001308554432939683,-2.8806965217449422e-05,-0.0016858666691980466,-0.0020499319863756466
2026-05-14,0.001547048827995135,-0.0007410759289942049,-0.00015418707001788436,-0.0012115913611367435,-0.0014260386008995885
2026-05-15,-0.0024356874657871647,-0.0033966818107753084,-0.0016194368365523234,-0.002976020779986726,0.00022482192235547452
2026-05-18,-0.00016988507853707318,0.001817607529067155,-0.00011466318641745459,0.002316288371640234,0.0011904778455034733
2026-05-19,-0.0013619668633258033,-0.0014717274183280603,-0.0007990252170593016,0.0005390536949320631,0.001437083828255501
2026-05-20,0.0020165041974267604,0.003299403517112919,0.0013234852205962345,0.00251058493477003,-0.004670671763743545
2026-05-21,0.0003706612672254401,0.001088919651267461,0.00010070471874333379,0.00034892444939975105,-0.0011414990275332045
2026-05-22,0.0007581706191723512,-0.0004321102351704856,0.00014211597765217696,0.00017883823659818065,-0.0010730660682556447
2026-05-26,0.001298508813831538,0.002187063418294828,0.0008237058303109109,0.0009012100515246017,-0.0033809095203980043
2026-05-27,-6.288561132886166e-05,-0.000711563507515385,5.6395542233983664e-05,-0.0006452201486973966,-0.0036188972862846525
2026-05-28,0.0010746682038205045,-0.00017520882470542615,0.00043760976315127887,-0.0007928293161190292,0.001528770769931935
2026-05-29,0.00046928019807145006,0.00018413732772692688,0.00020403442649543456,-0.0017919190554983567,-0.0016463184470789538
2026-06-01,0.0005168749260112852,-0.0007097142754433038,-0.00037226146610105823,-0.0034068020514785263,0.0034356192573598045
2026-06-02,0.00024422248009117655,0.0010809226143742338,0.00012003458619159964,0.0008851652740413057,0.0008381862932958234
2026-06-03,-0.0014332696702566634,-0.0017458170426955346,-0.0005382031225616787,-0.0002614999026422841,0.0010997736017745799
2026-06-04,0.0007317074123994073,0.0015628798385512585,0.00022664241789975892,0.003537599796509197,-0.0027434897935587794
2026-06-05,-0.005191415492451588,-0.00516087283388718,-0.0010910493388311506,0.0014008444288128297,-0.004387295078402311
2026-06-08,0.000426141570278022,0.0011865020491795561,-0.0002451103211227359,-0.002772002726031565,0.0016130894745869275
2026-06-09,-0.0006114977725011733,2.1960482030373753e-05,0.000527253589532751,0.004571650045450346,-0.0027583549686896747
2026-06-10,-0.003190093513675597,-0.002620917401270536,-0.00022043918553748428,-6.77334452976689e-06,0.00065775382927977
2026-06-11,0.0033673852547505853,0.006168475499351281,0.0013609382272252277,-0.0001730348806915898,-0.0022304911620363074
2026-06-12,0.001051214220213194,0.0005249802027992798,-0.0003680102133838133,0.0018105264200047326,-0.0021130723316344024
2026-06-15,0.003488950604176736,0.0013280952279423987,0.00018321113047199626,-0.001434424844168043,-0.0023376634535660656
2026-06-16,-0.001222122448230098,0.00041722156650175925,0.00047998909902810847,0.00046617432016248097,-0.0022979561967130194
2026-06-17,-0.0025274206932356337,-0.001032556709961562,-0.0010887940920066173,-0.005047754923539495,-0.0013894519040486217
2026-06-18,0.0020517272568021994,0.00118572547956891,0.0006940226305636866,-0.00013024692247061244,-0.0005993690268521382
2026-06-22,-0.0006576367181389662,0.00029619759594346607,-0.0007931512783705177,0.0021206926549765205,-0.001625370943160588
2026-06-23,-0.002934447709499664,-0.004082500696633136,0.0002262107206818772,0.0025754831619496242,-0.002145014222660782
2026-06-24,-0.0001197257078066027,-0.000419826659899865,0.0012638047898878917,-1.676275858911672e-05,-0.00498365535696018
2026-06-25,0.0002619564994995057,0.001714830129561066,9.644219164262071e-05,0.00034109017145083866,0.003606202234144343
2026-06-26,-0.0014755655748349872,-0.0012115936571801128,0.0004751975084856827,0.00299756071645462,-0.0027059747688369775
2026-06-29,0.003255183564182529,0.0017442739942981802,3.3783676286834495e-05,-0.0010867820807467978,-0.00010525113868381137
2026-06-30,0.0015250351740594152,0.0008015559221489377,-0.0010610110839142746,-0.003548012073528508,0.0007290658491712487
2026-07-01,-0.0003000882285168798,-0.0016859703578969497,-0.0005153583678634467,0.0007766640261985825,-0.0016049274826771954
2026-07-02,-0.00029410483304357775,0.0025953723787125182,0.00016225965321137428,0.002448291007145851,0.0008809055362506967
2026-07-06,0.0017148497458004067,0.0020571604712166514,9.790227893711678e-05,-0.001625711758654281,0.0032016599952499115
2026-07-07,-0.0009812579937526142,-0.0025026450817176907,-0.0010505145989899388,0.002349046157502106,0.0025569474767731643
2026-07-08,-0.0006454083819681479,-0.001554900360418165,-0.0004351502543072329,-0.0032812958094920637,0.003246549272056138
2026-07-09,0.0016621433536860106,0.001053560152468016,0.00039855039344004775,0.0005696452019762911,-0.0016161119201705807
2026-07-10,0.0008330726048850486,0.0007591593646417178,-0.00020043245626673252,0.0004464183797744557,-0.00046435405948478363
2026-07-13,-0.0015652537499417794,-0.002126510683832708,-0.0007573806920050298,0.001017242700231072,0.005818437781201017
2026-07-14,0.0006813411319877321,0.0013692187610213553,0.0005275126082327807,-0.0005650311054133627,0.002089081495730128
2026-07-15,0.0007633101307697647,0.001297985346622667,0.0004628299425101116,0.0005650717454901869,0.0010878919168512884
2026-07-16,-0.0011130589419567373,-0.0016333409732883356,-0.00015756373397345132,0.00446484061179388,-0.0023212491839729042
2026-07-17,-0.0020063090608539763,-0.000937733686098975,0.00022749410449438465,-0.00012723255353393848,0.003604159148864776
2026-07-20,-0.0003463976715935865,-0.001500921765688808,-0.0006696397636311708,-0.0011112795453418383,0.0010745428514456902
2026-07-21,0.00163831940762455,0.002871213820944871,-0.0005231455328739735,4.9355634988615465e-05,0.0029166304950322647
2026-07-22,-0.0002615616694785487,0.0003356919499944813,-0.00048124544685755025,-0.0010344949816622963,0.001930987579179423
2026-07-23,-0.002502820321340387,-0.0026178954757038906,-0.0005673576630672254,-0.0006967568650458544,0.00297854392275085
2026-07-24,0.0001730182137315367,0.000961499718316884,0.00035747802008899573,0.0042484815906280735,-0.0014156081718991866
2026-07-27,2.6438284392945296e-05,0.0009447574579043732,0.0005065564272227955,-0.0005661131037573811,-0.007336101444805909
2026-07-28,0.000448651288462536,-6.022972960132789e-05,0.0005696970085338135,0.000789854951074614,-0.0028644252338229435
2026-07-29,-0.0031212333128836267,-0.0010343792513879903,-0.0008661401873246202,-0.0006064114737846309,0.0056809567817633095
2026-07-30,0.0033169810286336455,0.005496778240920024,5.6098379909861224e-05,-0.00236162245263548,-0.0007087727864973241
2026-07-31,0.0014084761284340517,-0.0012738243923993925,-0.0005875892332929514,-0.0011161073690073595,0.000860887571030812
2026-08-03,0.002813171371032751,0.0008033362568692721,0.00037605007961077425,0.00021279655517453675,-0.003914317439304937
2026-08-04,0.003558498643052267,0.002412238341737722,0.0008952518371392258,-0.00032122668383474293,-0.003989666638303455
2026-08-05,-0.00042627757998183645,0.00017745515408406875,9.969356910864206e-05,-3.0675479083964984e-05,0.0011712392597156094
2026-08-06,-0.00035038639143993,-0.00016045893138663493,-0.0008036087786849015,-0.0017948152977421705,0.0026340365126014315
2026-08-07,0.0011940700102150024,0.002190011582649774,0.00044367529261561434,0.0007677485214318656,0.0003176577965356774
2026-08-10,-8.905724034985348e-05,-0.001026548184499197,-0.0009115493037290653,-0.0027234155173960885,0.0069690337771694585
2026-08-11,-0.0006665319816709458,0.00012096490280132506,0.00020775646670533393,-0.0015353670100712266,0.000249187861463578
2026-08-12,0.0004722494977908218,0.0007300617082687528,0.00016394850807430612,0.0018995080134443095,0.0009084139554334424
2026-08-13,0.0013643586206535212,0.00032074043218443957,0.000701959926211822,0.0025739227867239787,-0.0022273523594981523
2026-08-14,-0.00042522821454198676,-0.00012143475955577085,-0.0005871761107545158,0.00047786997688303623,0.001447381353138017
2026-08-17,-0.0009753200914062891,-0.0003792895943970343,-0.0004597485793892936,-0.0017535530670657413,0.0036907076762625413
2026-08-18,-0.0013821436549886369,-0.0022106416399602516,0.00016420745756044234,-0.0007509124665939346,-0.0005522995951889688
2026-08-19,0.00038961520683528084,0.0006978870165914451,0.0009390085674192928,0.0019981444651640153,0.0018073942156214178
2026-08-20,-0.0017123362379805928,-0.000605210216726125,-0.0008435055525683258,-4.974306091156772e-05,0.002239186392474478
2026-08-21,0.0007887310431523031,0.0016277927456258808,-0.00041821362116106493,-0.0002334797083376792,0.0009355201950593025
2026-08-24,-0.0006175069927103732,-0.00041752319577934775,0.00037950889117638375,0.0011863792842375352,-0.0020802550377850117
2026-08-25,0.0006097659447211637,0.0014113949666241072,0.0010437526286049522,0.0002731348469738001,-0.0033266993718802256
2026-08-26,1.5025179191647429e-05,-0.0010216634395260253,-0.00043577715843795377,-0.0013171759858884252,0.0004324593256894927
2026-08-27,0.0012787057877896222,-0.0004912673535018956,-0.00022213057929878412,-0.0019812511153620167,0.0023252358893375985
2026-08-28,-0.0004846570728143693,-0.0005820162878843832,-0.0008471582123125392,-0.0008658229681943715,-0.00048320085687374094
2026-08-31,-0.0006284623825555722,-0.0005298244334646589,-0.0002671387757522995,-0.001680658652400485,0.0032719554939456036
2026-09-01,-0.001404807124713428,-0.0018204234193614297,-0.0006970795477666454,-0.00031945789614293345,0.003973710073565562
2026-09-02,0.0008564849462303476,0.001038799646448789,0.000143643471363562,-0.0011099970619627656,-2.5713329985395684e-05
2026-09-03,0.0020642195239773766,0.002116445767265277,0.00018693007208032302,0.001806134449864463,0.0001652854449090861
2026-09-04,-0.0007999604788495249,0.00022870148054221818,-9.507106337433425e-05,-0.0013548406704167065,-0.0004022798740653363
2026-09-08,-0.0011307930254830483,-0.001120536777141946,-0.00022548490208302882,-0.0002130451737440183,0.0030951205856787935
2026-09-09,-0.000961142920252958,-0.0022640834741802004,-0.0005949677342769081,-0.0020998029898976196,0.0027432631090659283
2026-09-10,-0.0012300018453824497,-0.0017226601362172894,-0.00159974023281671,-0.001755275761554738,0.004626268608019559
2026-09-11,0.0016740612951545598,0.001941780391977666,-0.0004051436821030661,0.0014138695773566457,-0.002763862800087598
2026-09-14,-0.0009214550187453463,-0.0016245166485899297,-0.00020734334322324304,-0.0010228006826830903,-6.981069414019737e-05
2026-09-15,-0.0009497022181599658,-0.000882519989037454,-0.00027355807922049087,-0.0005194246308635918,0.0031534569860531157
2026-09-16,-0.000912364268556291,-0.00074851762580615,-0.00022979504430707218,-0.001350995350968186,-0.0031278296414795083
2026-09-17,0.0022367382334989487,0.0019132575128674321,0.0011149048652656485,0.0006764787405535094,-0.0006885966110191248
2026-09-18,0.0002251251247911809,-0.002050454391461131,-0.0010181171103544827,-0.0019528979093489894,-0.0007454565761915746
2026-09-21,0.0030632417115591354,0.0021772042726108005,0.0007389445101683576,0.00190431567736514,-0.0021625309564514577
2026-09-22,-6.27340630473247e-05,0.0006647400111046753,-9.899039053347634e-06,-0.0004361282744957784,-0.0008887652712298663
2026-09-23,-0.00146956638595565,-0.003233216617639248,-0.0021586368974502402,-0.002980418633419916,0.002666042362654352
2026-09-24,-0.00019298420101982112,-0.0006045132547960175,-0.0011396105071065756,-0.0006397990351548918,0.0017883581241478408
2026-09-25,0.0010532389503152238,0.0019912792854572324,0.0006583225631802473,-0.00042263636735955645,-0.0034184374210860517
2026-09-28,-0.0015225527759487694,-0.001017623925329472,-0.0010771210742662521,-0.0009074835902599687,-0.0008203492805052866
2026-09-29,-0.00039719766968203315,-0.000984386853504624,-0.00021083443903445427,-0.00016523033455576212,-0.003053060782426899
2026-09-30,-0.00044605072539026345,-0.00128050986961718,-0.00034798829503794734,-0.0020248159942203602,0.001983890315415074
2026-10-01,0.00032504251851575897,-0.0020957179588612066,0.0006368237859472755,-0.0010590924426635024,0.0026221233230429015
2026-10-02,0.0014486075113061166,0.00218196385637172,-0.0005909256680819366,0.0007083919337036159,-0.0012853189732625748
