date,ret
2005-01-03,9.087301587301587e-05
2005-01-04,9.126984126984126e-05
2005-01-05,9.087301587301587e-05
2005-01-06,9.007936507936508e-05
2005-01-07,9.047619047619046e-05
2005-01-10,9.246031746031747e-05
2005-01-11,9.166666666666667e-05
2005-01-12,9.126984126984126e-05
2005-01-13,9.166666666666667e-05
2005-01-14,9.206349206349206e-05
2005-01-18,9.365079365079364e-05
2005-01-19,9.246031746031747e-05
2005-01-20,9.166666666666667e-05
2005-01-21,9.166666666666667e-05
2005-01-24,9.285714285714285e-05
2005-01-25,9.365079365079364e-05
2005-01-26,9.404761904761906e-05
2005-01-27,9.523809523809524e-05
2005-01-28,9.563492063492063e-05
2005-01-31,9.841269841269841e-05
2005-02-01,9.801587301587303e-05
2005-02-02,9.801587301587303e-05
2005-02-03,9.682539682539682e-05
2005-02-04,9.642857142857143e-05
2005-02-07,9.841269841269841e-05
2005-02-08,9.841269841269841e-05
2005-02-09,9.801587301587303e-05
2005-02-10,9.801587301587303e-05
2005-02-11,9.92063492063492e-05
2005-02-14,0.00010119047619047618
2005-02-15,0.00010119047619047618
2005-02-16,0.0001003968253968254
2005-02-17,0.0001003968253968254
2005-02-18,0.00010158730158730159
2005-02-22,0.00010436507936507936
2005-02-23,0.00010436507936507936
2005-02-24,0.00010476190476190476
2005-02-25,0.00010674603174603174
2005-02-28,0.00010793650793650795
2005-03-01,0.00010714285714285715
2005-03-02,0.00010634920634920635
2005-03-03,0.00010714285714285715
2005-03-04,0.00010714285714285715
2005-03-07,0.00010753968253968253
2005-03-08,0.00010714285714285715
2005-03-09,0.00010714285714285715
2005-03-10,0.00010674603174603174
2005-03-11,0.00010714285714285715
2005-03-14,0.00010912698412698413
2005-03-15,0.00010912698412698413
2005-03-16,0.00010873015873015873
2005-03-17,0.00010833333333333334
2005-03-18,0.00010912698412698413
2005-03-21,0.0001111111111111111
2005-03-22,0.00011230158730158731
2005-03-23,0.00010992063492063491
2005-03-24,0.0001103174603174603
2005-03-28,0.00011071428571428572
2005-03-29,0.0001103174603174603
2005-03-30,0.00010992063492063491
2005-03-31,0.00010833333333333334
2005-04-01,0.00010873015873015873
2005-04-04,0.00010912698412698413
2005-04-05,0.00010873015873015873
2005-04-06,0.00010753968253968253
2005-04-07,0.00010753968253968253
2005-04-08,0.00010833333333333334
2005-04-11,0.00010753968253968253
2005-04-12,0.00010753968253968253
2005-04-13,0.00010793650793650795
2005-04-14,0.00010793650793650795
2005-04-15,0.00010833333333333334
2005-04-18,0.0001130952380952381
2005-04-19,0.0001130952380952381
2005-04-20,0.00011150793650793651
2005-04-21,0.0001119047619047619
2005-04-22,0.00011388888888888889
2005-04-25,0.00011428571428571428
2005-04-26,0.0001134920634920635
2005-04-27,0.00011230158730158731
2005-04-28,0.0001119047619047619
2005-04-29,0.00011269841269841269
2005-05-02,0.00011428571428571428
2005-05-03,0.0001130952380952381
2005-05-04,0.00011150793650793651
2005-05-05,0.00010912698412698413
2005-05-06,0.0001111111111111111
2005-05-09,0.0001134920634920635
2005-05-10,0.00011269841269841269
2005-05-11,0.00011150793650793651
2005-05-12,0.0001119047619047619
2005-05-13,0.00010952380952380952
2005-05-16,0.00011269841269841269
2005-05-17,0.0001119047619047619
2005-05-18,0.0001111111111111111
2005-05-19,0.00011150793650793651
2005-05-20,0.00011230158730158731
2005-05-23,0.00011547619047619047
2005-05-24,0.00011428571428571428
2005-05-25,0.00011468253968253969
2005-05-26,0.00011428571428571428
2005-05-27,0.00011507936507936507
2005-05-31,0.00011626984126984129
2005-06-01,0.00011547619047619047
2005-06-02,0.00011547619047619047
2005-06-03,0.00011666666666666667
2005-06-06,0.00011746031746031746
2005-06-07,0.00011746031746031746
2005-06-08,0.00011746031746031746
2005-06-09,0.00011626984126984129
2005-06-10,0.00011666666666666667
2005-06-13,0.00011785714285714286
2005-06-14,0.00011706349206349207
2005-06-15,0.00011666666666666667
2005-06-16,0.00011547619047619047
2005-06-17,0.00011587301587301588
2005-06-20,0.00011746031746031746
2005-06-21,0.00011746031746031746
2005-06-22,0.00011785714285714286
2005-06-23,0.00011904761904761905
2005-06-24,0.00011984126984126985
2005-06-27,0.0001226190476190476
2005-06-28,0.00012222222222222221
2005-06-29,0.00012142857142857144
2005-06-30,0.00012142857142857144
2005-07-01,0.00012301587301587303
2005-07-05,0.000125
2005-07-06,0.0001238095238095238
2005-07-07,0.00012222222222222221
2005-07-08,0.00012301587301587303
2005-07-11,0.00012420634920634922
2005-07-12,0.00012460317460317462
2005-07-13,0.000125
2005-07-14,0.0001253968253968254
2005-07-15,0.0001261904761904762
2005-07-18,0.0001281746031746032
2005-07-19,0.0001285714285714286
2005-07-20,0.0001281746031746032
2005-07-21,0.00012976190476190477
2005-07-22,0.00013095238095238096
2005-07-25,0.00013373015873015875
2005-07-26,0.0001333333333333333
2005-07-27,0.00013214285714285715
2005-07-28,0.00013214285714285715
2005-07-29,0.00013253968253968253
2005-08-01,0.00013531746031746032
2005-08-02,0.00013531746031746032
2005-08-03,0.00013412698412698412
2005-08-04,0.00013452380952380953
2005-08-05,0.0001365079365079365
2005-08-08,0.0001376984126984127
2005-08-09,0.0001365079365079365
2005-08-10,0.00013611111111111113
2005-08-11,0.00013611111111111113
2005-08-12,0.0001365079365079365
2005-08-15,0.0001376984126984127
2005-08-16,0.0001373015873015873
2005-08-17,0.0001365079365079365
2005-08-18,0.00013571428571428572
2005-08-19,0.0001365079365079365
2005-08-22,0.0001373015873015873
2005-08-23,0.0001373015873015873
2005-08-24,0.0001369047619047619
2005-08-25,0.0001373015873015873
2005-08-26,0.0001376984126984127
2005-08-29,0.0001376984126984127
2005-08-30,0.0001373015873015873
2005-08-31,0.0001365079365079365
2005-09-01,0.00013492063492063494
2005-09-02,0.00013412698412698412
2005-09-06,0.0001369047619047619
2005-09-07,0.00013531746031746032
2005-09-08,0.00013492063492063494
2005-09-09,0.00013531746031746032
2005-09-12,0.0001365079365079365
2005-09-13,0.00013492063492063494
2005-09-14,0.00013293650793650793
2005-09-15,0.00013373015873015875
2005-09-16,0.00013571428571428572
2005-09-19,0.0001392857142857143
2005-09-20,0.00014047619047619049
2005-09-21,0.00013253968253968253
2005-09-22,0.00013452380952380953
2005-09-23,0.00013492063492063494
2005-09-26,0.0001373015873015873
2005-09-27,0.00013571428571428572
2005-09-28,0.00013452380952380953
2005-09-29,0.0001373015873015873
2005-09-30,0.0001376984126984127
2005-10-03,0.00014047619047619049
2005-10-04,0.00014087301587301586
2005-10-05,0.0001388888888888889
2005-10-06,0.0001396825396825397
2005-10-07,0.00014047619047619049
2005-10-10,0.00014047619047619049
2005-10-11,0.00014484126984126984
2005-10-12,0.00014365079365079365
2005-10-13,0.00014523809523809525
2005-10-14,0.00014642857142857144
2005-10-17,0.00015000000000000001
2005-10-18,0.00014960317460317458
2005-10-19,0.00014960317460317458
2005-10-20,0.00014920634920634917
2005-10-21,0.00014960317460317458
2005-10-24,0.00015238095238095237
2005-10-25,0.00015238095238095237
2005-10-26,0.0001511904761904762
2005-10-27,0.00015039682539682542
2005-10-28,0.000151984126984127
2005-10-31,0.00015436507936507937
2005-11-01,0.00015357142857142856
2005-11-02,0.00015277777777777777
2005-11-03,0.00015277777777777777
2005-11-04,0.00015396825396825397
2005-11-07,0.00015357142857142856
2005-11-08,0.00015357142857142856
2005-11-09,0.00015476190476190475
2005-11-10,0.00015396825396825397
2005-11-11,0.00015396825396825397
2005-11-14,0.00015595238095238097
2005-11-15,0.00015555555555555556
2005-11-16,0.00015515873015873016
2005-11-17,0.00015555555555555556
2005-11-18,0.00015515873015873016
2005-11-21,0.00015515873015873016
2005-11-22,0.00015238095238095237
2005-11-23,0.00015317460317460315
2005-11-25,0.00015317460317460315
2005-11-28,0.00015436507936507937
2005-11-29,0.00015436507936507937
2005-11-30,0.00015317460317460315
2005-12-01,0.00015396825396825397
2005-12-02,0.00015476190476190475
2005-12-05,0.00015674603174603175
2005-12-06,0.00015674603174603175
2005-12-07,0.00015634920634920635
2005-12-08,0.00015277777777777777
2005-12-09,0.00015277777777777777
2005-12-12,0.000151984126984127
2005-12-13,0.000151984126984127
2005-12-14,0.0001511904761904762
2005-12-15,0.00015238095238095237
2005-12-16,0.00015238095238095237
2005-12-19,0.00015436507936507937
2005-12-20,0.00015396825396825397
2005-12-21,0.00015476190476190475
2005-12-22,0.00015436507936507937
2005-12-23,0.00015476190476190475
2005-12-27,0.00015476190476190475
2005-12-28,0.00015357142857142856
2005-12-29,0.00015555555555555556
2005-12-30,0.00015833333333333335
2006-01-03,0.00016150793650793652
2006-01-04,0.0001623015873015873
2006-01-05,0.00016269841269841268
2006-01-06,0.0001634920634920635
2006-01-09,0.00016428571428571428
2006-01-10,0.0001662698412698413
2006-01-11,0.0001666666666666667
2006-01-12,0.00016746031746031745
2006-01-13,0.00016785714285714288
2006-01-17,0.00016984126984126986
2006-01-18,0.00016865079365079366
2006-01-19,0.00016865079365079366
2006-01-20,0.00016865079365079366
2006-01-23,0.00016984126984126986
2006-01-24,0.0001706349206349206
2006-01-25,0.00017142857142857143
2006-01-26,0.00017222222222222224
2006-01-27,0.00017222222222222224
2006-01-30,0.0001738095238095238
2006-01-31,0.00017341269841269843
2006-02-01,0.00017341269841269843
2006-02-02,0.00017341269841269843
2006-02-03,0.00017341269841269843
2006-02-06,0.0001738095238095238
2006-02-07,0.00017420634920634919
2006-02-08,0.00017460317460317462
2006-02-09,0.000175
2006-02-10,0.00017539682539682538
2006-02-13,0.0001765873015873016
2006-02-14,0.0001765873015873016
2006-02-15,0.0001761904761904762
2006-02-16,0.0001761904761904762
2006-02-17,0.00017579365079365078
2006-02-21,0.00017698412698412697
2006-02-22,0.00017698412698412697
2006-02-23,0.0001777777777777778
2006-02-24,0.0001781746031746032
2006-02-27,0.00017896825396825398
2006-02-28,0.00017896825396825398
2006-03-01,0.0001781746031746032
2006-03-02,0.00017857142857142857
2006-03-03,0.00017857142857142857
2006-03-06,0.0001781746031746032
2006-03-07,0.0001781746031746032
2006-03-08,0.00017738095238095238
2006-03-09,0.0001777777777777778
2006-03-10,0.00017857142857142857
2006-03-13,0.00017857142857142857
2006-03-14,0.0001777777777777778
2006-03-15,0.00017896825396825398
2006-03-16,0.00017857142857142857
2006-03-17,0.00017936507936507936
2006-03-20,0.00018055555555555555
2006-03-21,0.00018134920634920636
2006-03-22,0.00018134920634920636
2006-03-23,0.00018055555555555555
2006-03-24,0.00018015873015873017
2006-03-27,0.00017896825396825398
2006-03-28,0.00017976190476190476
2006-03-29,0.00017896825396825398
2006-03-30,0.00017857142857142857
2006-03-31,0.00017936507936507936
2006-04-03,0.00018055555555555555
2006-04-04,0.00018095238095238093
2006-04-05,0.00018055555555555555
2006-04-06,0.00018095238095238093
2006-04-07,0.00018134920634920636
2006-04-10,0.00018174603174603174
2006-04-11,0.00018174603174603174
2006-04-12,0.00018174603174603174
2006-04-13,0.00018174603174603174
2006-04-17,0.00018293650793650796
2006-04-18,0.00018293650793650796
2006-04-19,0.00018293650793650796
2006-04-20,0.00018293650793650796
2006-04-21,0.00018373015873015874
2006-04-24,0.00018412698412698412
2006-04-25,0.0001853174603174603
2006-04-26,0.0001853174603174603
2006-04-27,0.00018492063492063493
2006-04-28,0.00018452380952380955
2006-05-01,0.0001865079365079365
2006-05-02,0.00018611111111111112
2006-05-03,0.0001865079365079365
2006-05-04,0.0001857142857142857
2006-05-05,0.0001865079365079365
2006-05-08,0.0001884920634920635
2006-05-09,0.00018888888888888888
2006-05-10,0.00018888888888888888
2006-05-11,0.0001865079365079365
2006-05-12,0.0001873015873015873
2006-05-15,0.00018809523809523813
2006-05-16,0.0001869047619047619
2006-05-17,0.0001869047619047619
2006-05-18,0.0001869047619047619
2006-05-19,0.0001865079365079365
2006-05-22,0.0001869047619047619
2006-05-23,0.0001873015873015873
2006-05-24,0.0001865079365079365
2006-05-25,0.0001865079365079365
2006-05-26,0.0001873015873015873
2006-05-30,0.0001873015873015873
2006-05-31,0.00018809523809523813
2006-06-01,0.0001869047619047619
2006-06-02,0.00018611111111111112
2006-06-05,0.0001876984126984127
2006-06-06,0.00018809523809523813
2006-06-07,0.00018809523809523813
2006-06-08,0.00018809523809523813
2006-06-09,0.0001884920634920635
2006-06-12,0.00019087301587301586
2006-06-13,0.00018928571428571426
2006-06-14,0.00018928571428571426
2006-06-15,0.0001873015873015873
2006-06-16,0.0001884920634920635
2006-06-19,0.00019087301587301586
2006-06-20,0.00019047619047619048
2006-06-21,0.00019007936507936508
2006-06-22,0.00019007936507936508
2006-06-23,0.00019206349206349205
2006-06-26,0.00019484126984126987
2006-06-27,0.00019523809523809525
2006-06-28,0.00019365079365079365
2006-06-29,0.00019365079365079365
2006-06-30,0.00019325396825396824
2006-07-03,0.00019682539682539682
2006-07-05,0.00019365079365079365
2006-07-06,0.00019325396825396824
2006-07-07,0.00019404761904761905
2006-07-10,0.00019563492063492062
2006-07-11,0.00019523809523809525
2006-07-12,0.00019563492063492062
2006-07-13,0.00019523809523809525
2006-07-14,0.00019563492063492062
2006-07-17,0.00019761904761904763
2006-07-18,0.0001984126984126984
2006-07-19,0.00019761904761904763
2006-07-20,0.00019642857142857144
2006-07-21,0.00019682539682539682
2006-07-24,0.0001972222222222222
2006-07-25,0.0001984126984126984
2006-07-26,0.00019761904761904763
2006-07-27,0.0001972222222222222
2006-07-28,0.00019603174603174606
2006-07-31,0.0001972222222222222
2006-08-01,0.000198015873015873
2006-08-02,0.0001972222222222222
2006-08-03,0.00019761904761904763
2006-08-04,0.00019682539682539682
2006-08-07,0.000198015873015873
2006-08-08,0.0001972222222222222
2006-08-09,0.00019603174603174606
2006-08-10,0.00019523809523809525
2006-08-11,0.00019603174603174606
2006-08-14,0.000198015873015873
2006-08-15,0.0001972222222222222
2006-08-16,0.00019603174603174606
2006-08-17,0.00019682539682539682
2006-08-18,0.0001972222222222222
2006-08-21,0.00019761904761904763
2006-08-22,0.0001972222222222222
2006-08-23,0.00019682539682539682
2006-08-24,0.00019682539682539682
2006-08-25,0.00019761904761904763
2006-08-28,0.0001972222222222222
2006-08-29,0.00019603174603174606
2006-08-30,0.00019523809523809525
2006-08-31,0.00019523809523809525
2006-09-01,0.00019404761904761905
2006-09-05,0.00019325396825396824
2006-09-06,0.00019206349206349205
2006-09-07,0.00019206349206349205
2006-09-08,0.00019047619047619048
2006-09-11,0.00019087301587301586
2006-09-12,0.0001896825396825397
2006-09-13,0.00019007936507936508
2006-09-14,0.00019126984126984127
2006-09-15,0.00019166666666666667
2006-09-18,0.00019126984126984127
2006-09-19,0.00019126984126984127
2006-09-20,0.00019087301587301586
2006-09-21,0.00019007936507936508
2006-09-22,0.00019047619047619048
2006-09-25,0.00018888888888888888
2006-09-26,0.00018888888888888888
2006-09-27,0.00018888888888888888
2006-09-28,0.0001884920634920635
2006-09-29,0.00018928571428571426
2006-10-02,0.00018888888888888888
2006-10-03,0.0001896825396825397
2006-10-04,0.00019047619047619048
2006-10-05,0.00019087301587301586
2006-10-06,0.00019126984126984127
2006-10-09,0.00019126984126984127
2006-10-10,0.00019325396825396824
2006-10-11,0.00019404761904761905
2006-10-12,0.00019563492063492062
2006-10-13,0.00019523809523809525
2006-10-16,0.00019682539682539682
2006-10-17,0.00019682539682539682
2006-10-18,0.00019682539682539682
2006-10-19,0.0001972222222222222
2006-10-20,0.00019682539682539682
2006-10-23,0.000198015873015873
2006-10-24,0.0001984126984126984
2006-10-25,0.000198015873015873
2006-10-26,0.000198015873015873
2006-10-27,0.00019761904761904763
2006-10-30,0.0001972222222222222
2006-10-31,0.00019642857142857144
2006-11-01,0.00019603174603174606
2006-11-02,0.00019603174603174606
2006-11-03,0.00019682539682539682
2006-11-06,0.00019682539682539682
2006-11-07,0.00019642857142857144
2006-11-08,0.0001972222222222222
2006-11-09,0.00019682539682539682
2006-11-10,0.0001972222222222222
2006-11-13,0.00019682539682539682
2006-11-14,0.00019682539682539682
2006-11-15,0.00019682539682539682
2006-11-16,0.00019682539682539682
2006-11-17,0.00019682539682539682
2006-11-20,0.00019642857142857144
2006-11-21,0.00019603174603174606
2006-11-22,0.00019523809523809525
2006-11-24,0.00019484126984126987
2006-11-27,0.00019523809523809525
2006-11-28,0.00019484126984126987
2006-11-29,0.00019484126984126987
2006-11-30,0.00019444444444444446
2006-12-01,0.00019444444444444446
2006-12-04,0.00019365079365079365
2006-12-05,0.00019285714285714286
2006-12-06,0.00019285714285714286
2006-12-07,0.00019246031746031743
2006-12-08,0.00019206349206349205
2006-12-11,0.00019087301587301586
2006-12-12,0.00019087301587301586
2006-12-13,0.00019126984126984127
2006-12-14,0.00019166666666666667
2006-12-15,0.00019007936507936508
2006-12-18,0.00019206349206349205
2006-12-19,0.00019206349206349205
2006-12-20,0.00019206349206349205
2006-12-21,0.00019206349206349205
2006-12-22,0.00019285714285714286
2006-12-26,0.00019325396825396824
2006-12-27,0.00019246031746031743
2006-12-28,0.00019325396825396824
2006-12-29,0.00019404761904761905
2007-01-03,0.00019523809523809525
2007-01-04,0.00019484126984126987
2007-01-05,0.00019523809523809525
2007-01-08,0.00019642857142857144
2007-01-09,0.00019642857142857144
2007-01-10,0.00019682539682539682
2007-01-11,0.00019761904761904763
2007-01-12,0.00019682539682539682
2007-01-16,0.00019761904761904763
2007-01-17,0.000198015873015873
2007-01-18,0.000198015873015873
2007-01-19,0.0001988095238095238
2007-01-22,0.0001984126984126984
2007-01-23,0.0001988095238095238
2007-01-24,0.0001984126984126984
2007-01-25,0.0001988095238095238
2007-01-26,0.0001984126984126984
2007-01-29,0.0001988095238095238
2007-01-30,0.0001984126984126984
2007-01-31,0.000198015873015873
2007-02-01,0.0001984126984126984
2007-02-02,0.0001988095238095238
2007-02-05,0.0001992063492063492
2007-02-06,0.0001988095238095238
2007-02-07,0.0001992063492063492
2007-02-08,0.00019960317460317463
2007-02-09,0.0001992063492063492
2007-02-12,0.0002
2007-02-13,0.00019960317460317463
2007-02-14,0.0001992063492063492
2007-02-15,0.00019960317460317463
2007-02-16,0.0002
2007-02-20,0.0002003968253968254
2007-02-21,0.0002
2007-02-22,0.0002003968253968254
2007-02-23,0.0002003968253968254
2007-02-26,0.0002003968253968254
2007-02-27,0.000198015873015873
2007-02-28,0.0001988095238095238
2007-03-01,0.0001984126984126984
2007-03-02,0.00019761904761904763
2007-03-05,0.0001972222222222222
2007-03-06,0.000198015873015873
2007-03-07,0.0001972222222222222
2007-03-08,0.00019642857142857144
2007-03-09,0.00019682539682539682
2007-03-12,0.00019682539682539682
2007-03-13,0.00019603174603174606
2007-03-14,0.00019523809523809525
2007-03-15,0.00019484126984126987
2007-03-16,0.00019444444444444446
2007-03-19,0.00019563492063492062
2007-03-20,0.00019523809523809525
2007-03-21,0.00019484126984126987
2007-03-22,0.00019523809523809525
2007-03-23,0.00019603174603174606
2007-03-26,0.00019563492063492062
2007-03-27,0.00019563492063492062
2007-03-28,0.00019523809523809525
2007-03-29,0.00019484126984126987
2007-03-30,0.00019444444444444446
2007-04-02,0.00019484126984126987
2007-04-03,0.00019484126984126987
2007-04-04,0.00019523809523809525
2007-04-05,0.00019444444444444446
2007-04-09,0.00019404761904761905
2007-04-10,0.00019404761904761905
2007-04-11,0.00019444444444444446
2007-04-12,0.00019404761904761905
2007-04-13,0.00019365079365079365
2007-04-16,0.00019365079365079365
2007-04-17,0.00019325396825396824
2007-04-18,0.00019285714285714286
2007-04-19,0.00019246031746031743
2007-04-20,0.00019246031746031743
2007-04-23,0.00019246031746031743
2007-04-24,0.00019206349206349205
2007-04-25,0.00019166666666666667
2007-04-26,0.00019126984126984127
2007-04-27,0.00019087301587301586
2007-04-30,0.00019007936507936508
2007-05-01,0.00018888888888888888
2007-05-02,0.00018928571428571426
2007-05-03,0.00018888888888888888
2007-05-04,0.00018888888888888888
2007-05-07,0.00018928571428571426
2007-05-08,0.00018888888888888888
2007-05-09,0.00018809523809523813
2007-05-10,0.0001876984126984127
2007-05-11,0.0001876984126984127
2007-05-14,0.0001876984126984127
2007-05-15,0.0001865079365079365
2007-05-16,0.00018333333333333334
2007-05-17,0.0001857142857142857
2007-05-18,0.0001865079365079365
2007-05-21,0.00018888888888888888
2007-05-22,0.00019007936507936508
2007-05-23,0.00018928571428571426
2007-05-24,0.00018928571428571426
2007-05-25,0.0001884920634920635
2007-05-29,0.00018888888888888888
2007-05-30,0.0001869047619047619
2007-05-31,0.00018253968253968252
2007-06-01,0.00018492063492063493
2007-06-04,0.0001857142857142857
2007-06-05,0.0001865079365079365
2007-06-06,0.0001853174603174603
2007-06-07,0.0001853174603174603
2007-06-08,0.00018412698412698412
2007-06-11,0.00018253968253968252
2007-06-12,0.00018214285714285712
2007-06-13,0.00017976190476190476
2007-06-14,0.00017936507936507936
2007-06-15,0.00017579365079365078
2007-06-18,0.00017896825396825398
2007-06-19,0.00017936507936507936
2007-06-20,0.00018293650793650796
2007-06-21,0.00018134920634920636
2007-06-22,0.00018214285714285712
2007-06-25,0.00018611111111111112
2007-06-26,0.00018611111111111112
2007-06-27,0.00018412698412698412
2007-06-28,0.00018412698412698412
2007-06-29,0.0001857142857142857
2007-07-02,0.00019087301587301586
2007-07-03,0.00019087301587301586
2007-07-05,0.00019087301587301586
2007-07-06,0.00019087301587301586
2007-07-09,0.00019166666666666667
2007-07-10,0.00019087301587301586
2007-07-11,0.00019087301587301586
2007-07-12,0.00019166666666666667
2007-07-13,0.00019166666666666667
2007-07-16,0.00019206349206349205
2007-07-17,0.00019126984126984127
2007-07-18,0.00019126984126984127
2007-07-19,0.00019206349206349205
2007-07-20,0.00019166666666666667
2007-07-23,0.00019365079365079365
2007-07-24,0.00019365079365079365
2007-07-25,0.00019246031746031743
2007-07-26,0.0001896825396825397
2007-07-27,0.0001873015873015873
2007-07-30,0.00019126984126984127
2007-07-31,0.00019126984126984127
2007-08-01,0.0001884920634920635
2007-08-02,0.0001884920634920635
2007-08-03,0.0001873015873015873
2007-08-06,0.00018809523809523813
2007-08-07,0.00019047619047619048
2007-08-08,0.00019087301587301586
2007-08-09,0.0001853174603174603
2007-08-10,0.0001761904761904762
2007-08-13,0.00018293650793650796
2007-08-14,0.00017896825396825398
2007-08-15,0.00016269841269841268
2007-08-16,0.00014642857142857144
2007-08-17,0.00014484126984126984
2007-08-20,0.00012222222222222221
2007-08-21,0.0001392857142857143
2007-08-22,0.00014206349206349206
2007-08-23,0.00015039682539682542
2007-08-24,0.00016388888888888887
2007-08-27,0.00017857142857142857
2007-08-28,0.00016984126984126986
2007-08-29,0.00015396825396825397
2007-08-30,0.00014841269841269842
2007-08-31,0.00015515873015873016
2007-09-04,0.00017261904761904762
2007-09-05,0.00016825396825396826
2007-09-06,0.00016587301587301585
2007-09-07,0.00015714285714285713
2007-09-10,0.00015317460317460315
2007-09-11,0.00015873015873015873
2007-09-12,0.00015595238095238097
2007-09-13,0.00015753968253968254
2007-09-14,0.00015476190476190475
2007-09-17,0.0001607142857142857
2007-09-18,0.00015515873015873016
2007-09-19,0.000151984126984127
2007-09-20,0.00014642857142857144
2007-09-21,0.00014444444444444446
2007-09-24,0.00014920634920634917
2007-09-25,0.00014682539682539685
2007-09-26,0.00014444444444444446
2007-09-27,0.00014365079365079365
2007-09-28,0.00014761904761904763
2007-10-01,0.000151984126984127
2007-10-02,0.00015317460317460315
2007-10-03,0.00015317460317460315
2007-10-04,0.00015277777777777777
2007-10-05,0.00015436507936507937
2007-10-08,0.00015436507936507937
2007-10-09,0.00015714285714285713
2007-10-10,0.00015674603174603175
2007-10-11,0.0001591269841269841
2007-10-12,0.0001623015873015873
2007-10-15,0.0001662698412698413
2007-10-16,0.00016428571428571428
2007-10-17,0.00015515873015873016
2007-10-18,0.00014523809523809525
2007-10-19,0.0001488095238095238
2007-10-22,0.00015476190476190475
2007-10-23,0.00015396825396825397
2007-10-24,0.0001488095238095238
2007-10-25,0.00015238095238095237
2007-10-26,0.00015317460317460315
2007-10-29,0.00015515873015873016
2007-10-30,0.00015317460317460315
2007-10-31,0.00015238095238095237
2007-11-01,0.00014722222222222223
2007-11-02,0.0001396825396825397
2007-11-05,0.00014365079365079365
2007-11-06,0.00014523809523809525
2007-11-07,0.00013492063492063494
2007-11-08,0.00013095238095238096
2007-11-09,0.00012658730158730157
2007-11-12,0.00012658730158730157
2007-11-13,0.00013531746031746032
2007-11-14,0.00013214285714285715
2007-11-15,0.00012777777777777776
2007-11-16,0.00013174603174603174
2007-11-19,0.00013174603174603174
2007-11-20,0.0001257936507936508
2007-11-21,0.00011984126984126985
2007-11-23,0.000125
2007-11-26,0.00012142857142857144
2007-11-27,0.00012222222222222221
2007-11-28,0.00011825396825396825
2007-11-29,0.00011587301587301588
2007-11-30,0.00012222222222222221
2007-12-03,0.00011865079365079367
2007-12-04,0.00011904761904761905
2007-12-05,0.00011904761904761905
2007-12-06,0.00011984126984126985
2007-12-07,0.00012063492063492063
2007-12-10,0.00011825396825396825
2007-12-11,0.00011388888888888889
2007-12-12,0.00011150793650793651
2007-12-13,0.0001111111111111111
2007-12-14,0.00011150793650793651
2007-12-17,0.00011944444444444444
2007-12-18,0.00011825396825396825
2007-12-19,0.0001130952380952381
2007-12-20,0.0001130952380952381
2007-12-21,0.00011587301587301588
2007-12-24,0.00012936507936507936
2007-12-26,0.0001285714285714286
2007-12-27,0.0001226190476190476
2007-12-28,0.00012301587301587303
2007-12-31,0.00013055555555555555
2008-01-02,0.0001261904761904762
2008-01-03,0.0001253968253968254
2008-01-04,0.0001238095238095238
2008-01-07,0.00012658730158730157
2008-01-08,0.0001257936507936508
2008-01-09,0.00012460317460317462
2008-01-10,0.0001253968253968254
2008-01-11,0.00011984126984126985
2008-01-14,0.0001234126984126984
2008-01-15,0.0001226190476190476
2008-01-16,0.00012142857142857144
2008-01-17,0.00011904761904761905
2008-01-18,0.00011071428571428572
2008-01-22,9.126984126984126e-05
2008-01-23,8.571428571428571e-05
2008-01-24,9.206349206349206e-05
2008-01-25,8.928571428571429e-05
2008-01-28,9.087301587301587e-05
2008-01-29,8.849206349206349e-05
2008-01-30,8.571428571428571e-05
2008-01-31,7.619047619047618e-05
2008-02-01,8.174603174603175e-05
2008-02-04,8.80952380952381e-05
2008-02-05,8.492063492063493e-05
2008-02-06,8.134920634920634e-05
2008-02-07,8.412698412698413e-05
2008-02-08,8.650793650793651e-05
2008-02-11,8.928571428571429e-05
2008-02-12,8.928571428571429e-05
2008-02-13,8.80952380952381e-05
2008-02-14,8.968253968253968e-05
2008-02-15,8.571428571428571e-05
2008-02-19,8.849206349206349e-05
2008-02-20,8.730158730158731e-05
2008-02-21,8.53174603174603e-05
2008-02-22,8.53174603174603e-05
2008-02-25,8.53174603174603e-05
2008-02-26,8.293650793650792e-05
2008-02-27,7.698412698412698e-05
2008-02-28,7.380952380952382e-05
2008-02-29,7.182539682539683e-05
2008-03-03,6.626984126984126e-05
2008-03-04,6.468253968253968e-05
2008-03-05,5.9523809523809524e-05
2008-03-06,5.436507936507937e-05
2008-03-07,5.634920634920634e-05
2008-03-10,5.2777777777777784e-05
2008-03-11,5.7539682539682534e-05
2008-03-12,5.7539682539682534e-05
2008-03-13,5.2777777777777784e-05
2008-03-14,4.603174603174603e-05
2008-03-17,4.3253968253968256e-05
2008-03-18,3.6111111111111116e-05
2008-03-19,2.380952380952381e-05
2008-03-20,2.4603174603174602e-05
2008-03-24,4.880952380952381e-05
2008-03-25,5.0396825396825395e-05
2008-03-26,5.0396825396825395e-05
2008-03-27,5.0793650793650794e-05
2008-03-28,5.1984126984126985e-05
2008-03-31,5.3968253968253975e-05
2008-04-01,5.476190476190476e-05
2008-04-02,5.515873015873015e-05
2008-04-03,5.476190476190476e-05
2008-04-04,5.2777777777777784e-05
2008-04-07,5.674603174603175e-05
2008-04-08,5.515873015873015e-05
2008-04-09,5.1190476190476193e-05
2008-04-10,4.96031746031746e-05
2008-04-11,4.642857142857142e-05
2008-04-14,4.2460317460317464e-05
2008-04-15,4.3253968253968256e-05
2008-04-16,4.404761904761905e-05
2008-04-17,4.801587301587301e-05
2008-04-18,5.238095238095238e-05
2008-04-21,5.2777777777777784e-05
2008-04-22,5e-05
2008-04-23,4.9206349206349204e-05
2008-04-24,4.9206349206349204e-05
2008-04-25,5.1984126984126985e-05
2008-04-28,5.634920634920634e-05
2008-04-29,5.714285714285714e-05
2008-04-30,5.595238095238095e-05
2008-05-01,5.634920634920634e-05
2008-05-02,5.833333333333333e-05
2008-05-05,5.992063492063492e-05
2008-05-06,6.349206349206349e-05
2008-05-07,6.507936507936507e-05
2008-05-08,6.468253968253968e-05
2008-05-09,6.587301587301587e-05
2008-05-12,6.904761904761904e-05
2008-05-13,7.142857142857143e-05
2008-05-14,7.103174603174603e-05
2008-05-15,7.142857142857143e-05
2008-05-16,7.182539682539683e-05
2008-05-19,7.103174603174603e-05
2008-05-20,7.261904761904762e-05
2008-05-21,7.261904761904762e-05
2008-05-22,7.261904761904762e-05
2008-05-23,7.222222222222223e-05
2008-05-27,7.380952380952382e-05
2008-05-28,7.380952380952382e-05
2008-05-29,7.420634920634921e-05
2008-05-30,7.341269841269842e-05
2008-06-02,7.222222222222223e-05
2008-06-03,7.222222222222223e-05
2008-06-04,7.182539682539683e-05
2008-06-05,7.222222222222223e-05
2008-06-06,7.182539682539683e-05
2008-06-09,7.380952380952382e-05
2008-06-10,7.857142857142857e-05
2008-06-11,7.619047619047618e-05
2008-06-12,7.777777777777778e-05
2008-06-13,7.738095238095238e-05
2008-06-16,8.095238095238096e-05
2008-06-17,7.777777777777778e-05
2008-06-18,7.500000000000001e-05
2008-06-19,7.420634920634921e-05
2008-06-20,7.261904761904762e-05
2008-06-23,7.341269841269842e-05
2008-06-24,7.142857142857143e-05
2008-06-25,7.063492063492064e-05
2008-06-26,6.746031746031747e-05
2008-06-27,6.507936507936507e-05
2008-06-30,7.420634920634921e-05
2008-07-01,7.301587301587302e-05
2008-07-02,7.103174603174603e-05
2008-07-03,7.182539682539683e-05
2008-07-07,7.301587301587302e-05
2008-07-08,7.261904761904762e-05
2008-07-09,7.103174603174603e-05
2008-07-10,6.507936507936507e-05
2008-07-11,6.26984126984127e-05
2008-07-14,5.9523809523809524e-05
2008-07-15,5.436507936507937e-05
2008-07-16,5.3571428571428575e-05
2008-07-17,5.555555555555555e-05
2008-07-18,5.7539682539682534e-05
2008-07-21,5.793650793650794e-05
2008-07-22,6.0317460317460316e-05
2008-07-23,6.19047619047619e-05
2008-07-24,6.42857142857143e-05
2008-07-25,6.785714285714286e-05
2008-07-28,6.746031746031747e-05
2008-07-29,6.706349206349206e-05
2008-07-30,6.626984126984126e-05
2008-07-31,6.547619047619048e-05
2008-08-01,6.468253968253968e-05
2008-08-04,6.825396825396825e-05
2008-08-05,6.825396825396825e-05
2008-08-06,6.388888888888888e-05
2008-08-07,6.468253968253968e-05
2008-08-08,6.626984126984126e-05
2008-08-11,7.301587301587302e-05
2008-08-12,7.261904761904762e-05
2008-08-13,7.222222222222223e-05
2008-08-14,7.341269841269842e-05
2008-08-15,7.182539682539683e-05
2008-08-18,7.103174603174603e-05
2008-08-19,7.023809523809524e-05
2008-08-20,6.666666666666666e-05
2008-08-21,6.706349206349206e-05
2008-08-22,6.626984126984126e-05
2008-08-25,6.785714285714286e-05
2008-08-26,6.666666666666666e-05
2008-08-27,6.507936507936507e-05
2008-08-28,6.785714285714286e-05
2008-08-29,6.706349206349206e-05
2008-09-02,6.706349206349206e-05
2008-09-03,6.626984126984126e-05
2008-09-04,6.587301587301587e-05
2008-09-05,6.547619047619048e-05
2008-09-08,6.706349206349206e-05
2008-09-09,6.468253968253968e-05
2008-09-10,6.42857142857143e-05
2008-09-11,6.26984126984127e-05
2008-09-12,5.793650793650794e-05
2008-09-15,4.0873015873015874e-05
2008-09-16,3.333333333333333e-05
2008-09-17,1.1904761904761904e-06
2008-09-18,9.126984126984127e-06
2008-09-19,3.849206349206349e-05
2008-09-22,5.1190476190476193e-05
2008-09-23,3.214285714285715e-05
2008-09-24,1.984126984126984e-05
2008-09-25,2.9761904761904762e-05
2008-09-26,3.412698412698413e-05
2008-09-29,3.809523809523809e-05
2008-09-30,3.571428571428572e-05
2008-10-01,3.333333333333333e-05
2008-10-02,2.4603174603174602e-05
2008-10-03,1.984126984126984e-05
2008-10-06,2.1428571428571428e-05
2008-10-07,3.214285714285715e-05
2008-10-08,2.6587301587301588e-05
2008-10-09,2.3015873015873015e-05
2008-10-10,9.523809523809523e-06
2008-10-13,9.523809523809523e-06
2008-10-14,1.3492063492063494e-05
2008-10-15,8.730158730158731e-06
2008-10-16,1.785714285714286e-05
2008-10-17,3.1746031746031745e-05
2008-10-20,4.9206349206349204e-05
2008-10-21,4.3253968253968256e-05
2008-10-22,4.0873015873015874e-05
2008-10-23,3.809523809523809e-05
2008-10-24,3.412698412698413e-05
2008-10-27,3.333333333333333e-05
2008-10-28,3.0158730158730158e-05
2008-10-29,2.4206349206349206e-05
2008-10-30,1.5873015873015872e-05
2008-10-31,1.7460317460317463e-05
2008-11-03,1.9444444444444445e-05
2008-11-04,1.9047619047619046e-05
2008-11-05,1.5476190476190476e-05
2008-11-06,1.2301587301587301e-05
2008-11-07,1.1904761904761905e-05
2008-11-10,1.1507936507936508e-05
2008-11-11,1.1507936507936508e-05
2008-11-12,7.142857142857143e-06
2008-11-13,8.333333333333332e-06
2008-11-14,5.555555555555557e-06
2008-11-17,4.7619047619047615e-06
2008-11-18,4.7619047619047615e-06
2008-11-19,2.7777777777777783e-06
2008-11-20,1.1904761904761904e-06
2008-11-21,7.936507936507937e-07
2008-11-24,5.158730158730158e-06
2008-11-25,3.968253968253968e-06
2008-11-26,1.984126984126984e-06
2008-11-28,3.9682539682539683e-07
2008-12-01,2.7777777777777783e-06
2008-12-02,2.3809523809523808e-06
2008-12-03,7.936507936507937e-07
2008-12-04,7.936507936507937e-07
2008-12-05,7.936507936507937e-07
2008-12-08,1.1904761904761904e-06
2008-12-09,1.1904761904761904e-06
2008-12-10,0.0
2008-12-11,3.9682539682539683e-07
2008-12-12,7.936507936507937e-07
2008-12-15,1.5873015873015873e-06
2008-12-16,1.5873015873015873e-06
2008-12-17,1.984126984126984e-06
2008-12-18,0.0
2008-12-19,7.936507936507937e-07
2008-12-22,3.9682539682539683e-07
2008-12-23,7.936507936507937e-07
2008-12-24,0.0
2008-12-26,1.1904761904761904e-06
2008-12-29,2.3809523809523808e-06
2008-12-30,3.968253968253968e-06
2008-12-31,4.365079365079366e-06
2009-01-02,3.1746031746031746e-06
2009-01-05,5.555555555555557e-06
2009-01-06,5.555555555555557e-06
2009-01-07,4.365079365079366e-06
2009-01-08,3.5714285714285714e-06
2009-01-09,2.7777777777777783e-06
2009-01-12,4.7619047619047615e-06
2009-01-13,4.365079365079366e-06
2009-01-14,4.7619047619047615e-06
2009-01-15,4.365079365079366e-06
2009-01-16,4.7619047619047615e-06
2009-01-20,5.158730158730158e-06
2009-01-21,4.365079365079366e-06
2009-01-22,3.968253968253968e-06
2009-01-23,4.365079365079366e-06
2009-01-26,5.9523809523809525e-06
2009-01-27,5.158730158730158e-06
2009-01-28,7.5396825396825394e-06
2009-01-29,9.126984126984127e-06
2009-01-30,9.523809523809523e-06
2009-02-02,1.0714285714285714e-05
2009-02-03,1.2698412698412699e-05
2009-02-04,1.1904761904761905e-05
2009-02-05,1.1507936507936508e-05
2009-02-06,1.1111111111111113e-05
2009-02-09,1.2698412698412699e-05
2009-02-10,1.2301587301587301e-05
2009-02-11,1.1904761904761905e-05
2009-02-12,1.1507936507936508e-05
2009-02-13,1.1507936507936508e-05
2009-02-17,1.2698412698412699e-05
2009-02-18,1.2301587301587301e-05
2009-02-19,1.1904761904761905e-05
2009-02-20,1.0714285714285714e-05
2009-02-23,1.1904761904761905e-05
2009-02-24,1.2698412698412699e-05
2009-02-25,1.1904761904761905e-05
2009-02-26,1.0714285714285714e-05
2009-02-27,1.0317460317460317e-05
2009-03-02,1.1111111111111113e-05
2009-03-03,1.0714285714285714e-05
2009-03-04,1.0317460317460317e-05
2009-03-05,7.936507936507936e-06
2009-03-06,7.936507936507936e-06
2009-03-09,9.126984126984127e-06
2009-03-10,9.523809523809523e-06
2009-03-11,9.126984126984127e-06
2009-03-12,8.333333333333332e-06
2009-03-13,7.5396825396825394e-06
2009-03-16,9.523809523809523e-06
2009-03-17,9.523809523809523e-06
2009-03-18,8.333333333333332e-06
2009-03-19,7.936507936507936e-06
2009-03-20,8.333333333333332e-06
2009-03-23,8.730158730158731e-06
2009-03-24,8.333333333333332e-06
2009-03-25,7.5396825396825394e-06
2009-03-26,5.9523809523809525e-06
2009-03-27,5.158730158730158e-06
2009-03-30,7.142857142857143e-06
2009-03-31,8.333333333333332e-06
2009-04-01,8.730158730158731e-06
2009-04-02,8.730158730158731e-06
2009-04-03,8.333333333333332e-06
2009-04-06,7.936507936507936e-06
2009-04-07,7.936507936507936e-06
2009-04-08,7.142857142857143e-06
2009-04-09,7.142857142857143e-06
2009-04-13,7.142857142857143e-06
2009-04-14,6.746031746031747e-06
2009-04-15,5.9523809523809525e-06
2009-04-16,5.158730158730158e-06
2009-04-17,5.555555555555557e-06
2009-04-20,5.555555555555557e-06
2009-04-21,5.9523809523809525e-06
2009-04-22,5.555555555555557e-06
2009-04-23,3.968253968253968e-06
2009-04-24,3.968253968253968e-06
2009-04-27,5.158730158730158e-06
2009-04-28,5.158730158730158e-06
2009-04-29,4.365079365079366e-06
2009-04-30,5.555555555555557e-06
2009-05-01,5.9523809523809525e-06
2009-05-04,7.5396825396825394e-06
2009-05-05,7.5396825396825394e-06
2009-05-06,7.5396825396825394e-06
2009-05-07,7.142857142857143e-06
2009-05-08,7.142857142857143e-06
2009-05-11,7.5396825396825394e-06
2009-05-12,7.5396825396825394e-06
2009-05-13,6.746031746031747e-06
2009-05-14,6.349206349206349e-06
2009-05-15,6.746031746031747e-06
2009-05-18,7.5396825396825394e-06
2009-05-19,7.142857142857143e-06
2009-05-20,7.142857142857143e-06
2009-05-21,7.5396825396825394e-06
2009-05-22,7.142857142857143e-06
2009-05-26,7.142857142857143e-06
2009-05-27,6.746031746031747e-06
2009-05-28,5.9523809523809525e-06
2009-05-29,5.555555555555557e-06
2009-06-01,5.158730158730158e-06
2009-06-02,5.555555555555557e-06
2009-06-03,5.555555555555557e-06
2009-06-04,5.555555555555557e-06
2009-06-05,7.5396825396825394e-06
2009-06-08,7.5396825396825394e-06
2009-06-09,7.5396825396825394e-06
2009-06-10,7.142857142857143e-06
2009-06-11,7.5396825396825394e-06
2009-06-12,7.142857142857143e-06
2009-06-15,6.746031746031747e-06
2009-06-16,6.746031746031747e-06
2009-06-17,6.746031746031747e-06
2009-06-18,7.142857142857143e-06
2009-06-19,7.142857142857143e-06
2009-06-22,7.936507936507936e-06
2009-06-23,7.936507936507936e-06
2009-06-24,7.5396825396825394e-06
2009-06-25,7.142857142857143e-06
2009-06-26,7.5396825396825394e-06
2009-06-29,7.936507936507936e-06
2009-06-30,7.5396825396825394e-06
2009-07-01,6.746031746031747e-06
2009-07-02,6.746031746031747e-06
2009-07-06,7.5396825396825394e-06
2009-07-07,7.5396825396825394e-06
2009-07-08,7.142857142857143e-06
2009-07-09,7.5396825396825394e-06
2009-07-10,7.142857142857143e-06
2009-07-13,7.142857142857143e-06
2009-07-14,7.142857142857143e-06
2009-07-15,7.142857142857143e-06
2009-07-16,7.5396825396825394e-06
2009-07-17,6.746031746031747e-06
2009-07-20,7.5396825396825394e-06
2009-07-21,7.5396825396825394e-06
2009-07-22,7.5396825396825394e-06
2009-07-23,7.5396825396825394e-06
2009-07-24,7.142857142857143e-06
2009-07-27,7.5396825396825394e-06
2009-07-28,7.5396825396825394e-06
2009-07-29,7.5396825396825394e-06
2009-07-30,7.142857142857143e-06
2009-07-31,7.142857142857143e-06
2009-08-03,7.5396825396825394e-06
2009-08-04,7.142857142857143e-06
2009-08-05,7.142857142857143e-06
2009-08-06,6.746031746031747e-06
2009-08-07,7.142857142857143e-06
2009-08-10,7.5396825396825394e-06
2009-08-11,7.142857142857143e-06
2009-08-12,6.746031746031747e-06
2009-08-13,6.746031746031747e-06
2009-08-14,7.142857142857143e-06
2009-08-17,7.142857142857143e-06
2009-08-18,7.142857142857143e-06
2009-08-19,6.746031746031747e-06
2009-08-20,6.746031746031747e-06
2009-08-21,6.746031746031747e-06
2009-08-24,6.746031746031747e-06
2009-08-25,6.746031746031747e-06
2009-08-26,5.9523809523809525e-06
2009-08-27,5.9523809523809525e-06
2009-08-28,5.9523809523809525e-06
2009-08-31,5.9523809523809525e-06
2009-09-01,5.555555555555557e-06
2009-09-02,5.555555555555557e-06
2009-09-03,5.9523809523809525e-06
2009-09-04,5.555555555555557e-06
2009-09-08,5.555555555555557e-06
2009-09-09,5.555555555555557e-06
2009-09-10,5.555555555555557e-06
2009-09-11,5.555555555555557e-06
2009-09-14,5.555555555555557e-06
2009-09-15,5.158730158730158e-06
2009-09-16,3.968253968253968e-06
2009-09-17,3.968253968253968e-06
2009-09-18,3.1746031746031746e-06
2009-09-21,4.365079365079366e-06
2009-09-22,4.365079365079366e-06
2009-09-23,4.365079365079366e-06
2009-09-24,3.968253968253968e-06
2009-09-25,3.968253968253968e-06
2009-09-28,4.365079365079366e-06
2009-09-29,5.158730158730158e-06
2009-09-30,5.555555555555557e-06
2009-10-01,3.968253968253968e-06
2009-10-02,3.968253968253968e-06
2009-10-05,3.1746031746031746e-06
2009-10-06,3.1746031746031746e-06
2009-10-07,3.5714285714285714e-06
2009-10-08,2.3809523809523808e-06
2009-10-09,2.7777777777777783e-06
2009-10-12,2.7777777777777783e-06
2009-10-13,2.7777777777777783e-06
2009-10-14,2.7777777777777783e-06
2009-10-15,2.7777777777777783e-06
2009-10-16,2.7777777777777783e-06
2009-10-19,3.1746031746031746e-06
2009-10-20,3.1746031746031746e-06
2009-10-21,2.7777777777777783e-06
2009-10-22,2.3809523809523808e-06
2009-10-23,2.7777777777777783e-06
2009-10-26,3.1746031746031746e-06
2009-10-27,3.1746031746031746e-06
2009-10-28,2.7777777777777783e-06
2009-10-29,2.3809523809523808e-06
2009-10-30,1.984126984126984e-06
2009-11-02,2.3809523809523808e-06
2009-11-03,2.3809523809523808e-06
2009-11-04,1.984126984126984e-06
2009-11-05,1.5873015873015873e-06
2009-11-06,2.3809523809523808e-06
2009-11-09,2.7777777777777783e-06
2009-11-10,2.7777777777777783e-06
2009-11-11,2.7777777777777783e-06
2009-11-12,2.7777777777777783e-06
2009-11-13,2.3809523809523808e-06
2009-11-16,2.7777777777777783e-06
2009-11-17,2.3809523809523808e-06
2009-11-18,1.5873015873015873e-06
2009-11-19,7.936507936507937e-07
2009-11-20,7.936507936507937e-07
2009-11-23,1.984126984126984e-06
2009-11-24,1.984126984126984e-06
2009-11-25,1.984126984126984e-06
2009-11-27,1.1904761904761904e-06
2009-11-30,2.3809523809523808e-06
2009-12-01,2.3809523809523808e-06
2009-12-02,1.984126984126984e-06
2009-12-03,2.3809523809523808e-06
2009-12-04,2.3809523809523808e-06
2009-12-07,1.5873015873015873e-06
2009-12-08,1.1904761904761904e-06
2009-12-09,1.1904761904761904e-06
2009-12-10,7.936507936507937e-07
2009-12-11,1.1904761904761904e-06
2009-12-14,1.5873015873015873e-06
2009-12-15,1.984126984126984e-06
2009-12-16,1.5873015873015873e-06
2009-12-17,1.5873015873015873e-06
2009-12-18,1.984126984126984e-06
2009-12-21,3.1746031746031746e-06
2009-12-22,3.1746031746031746e-06
2009-12-23,2.7777777777777783e-06
2009-12-24,1.984126984126984e-06
2009-12-28,4.365079365079366e-06
2009-12-29,3.968253968253968e-06
2009-12-30,1.984126984126984e-06
2009-12-31,2.3809523809523808e-06
2010-01-04,3.1746031746031746e-06
2010-01-05,2.7777777777777783e-06
2010-01-06,2.3809523809523808e-06
2010-01-07,1.984126984126984e-06
2010-01-08,1.984126984126984e-06
2010-01-11,1.5873015873015873e-06
2010-01-12,1.984126984126984e-06
2010-01-13,2.3809523809523808e-06
2010-01-14,1.984126984126984e-06
2010-01-15,2.3809523809523808e-06
2010-01-19,2.3809523809523808e-06
2010-01-20,1.984126984126984e-06
2010-01-21,2.3809523809523808e-06
2010-01-22,2.3809523809523808e-06
2010-01-25,2.3809523809523808e-06
2010-01-26,2.7777777777777783e-06
2010-01-27,3.1746031746031746e-06
2010-01-28,3.1746031746031746e-06
2010-01-29,3.1746031746031746e-06
2010-02-01,3.968253968253968e-06
2010-02-02,3.968253968253968e-06
2010-02-03,3.968253968253968e-06
2010-02-04,3.5714285714285714e-06
2010-02-05,3.968253968253968e-06
2010-02-08,4.7619047619047615e-06
2010-02-09,4.7619047619047615e-06
2010-02-10,4.365079365079366e-06
2010-02-11,4.365079365079366e-06
2010-02-12,3.968253968253968e-06
2010-02-16,3.968253968253968e-06
2010-02-17,3.968253968253968e-06
2010-02-18,3.968253968253968e-06
2010-02-19,4.365079365079366e-06
2010-02-22,4.365079365079366e-06
2010-02-23,4.7619047619047615e-06
2010-02-24,4.7619047619047615e-06
2010-02-25,5.158730158730158e-06
2010-02-26,5.158730158730158e-06
2010-03-01,5.158730158730158e-06
2010-03-02,5.555555555555557e-06
2010-03-03,5.555555555555557e-06
2010-03-04,5.555555555555557e-06
2010-03-05,5.9523809523809525e-06
2010-03-08,6.349206349206349e-06
2010-03-09,6.349206349206349e-06
2010-03-10,5.9523809523809525e-06
2010-03-11,6.349206349206349e-06
2010-03-12,5.9523809523809525e-06
2010-03-15,6.746031746031747e-06
2010-03-16,6.349206349206349e-06
2010-03-17,5.9523809523809525e-06
2010-03-18,6.349206349206349e-06
2010-03-19,6.349206349206349e-06
2010-03-22,5.9523809523809525e-06
2010-03-23,5.555555555555557e-06
2010-03-24,5.555555555555557e-06
2010-03-25,5.555555555555557e-06
2010-03-26,5.555555555555557e-06
2010-03-29,5.9523809523809525e-06
2010-03-30,6.349206349206349e-06
2010-03-31,6.349206349206349e-06
2010-04-01,6.349206349206349e-06
2010-04-05,7.142857142857143e-06
2010-04-06,6.746031746031747e-06
2010-04-07,6.746031746031747e-06
2010-04-08,6.746031746031747e-06
2010-04-09,6.349206349206349e-06
2010-04-12,6.349206349206349e-06
2010-04-13,6.349206349206349e-06
2010-04-14,6.349206349206349e-06
2010-04-15,6.349206349206349e-06
2010-04-16,6.349206349206349e-06
2010-04-19,6.349206349206349e-06
2010-04-20,6.349206349206349e-06
2010-04-21,5.9523809523809525e-06
2010-04-22,6.349206349206349e-06
2010-04-23,6.349206349206349e-06
2010-04-26,6.349206349206349e-06
2010-04-27,6.349206349206349e-06
2010-04-28,6.349206349206349e-06
2010-04-29,6.746031746031747e-06
2010-04-30,6.349206349206349e-06
2010-05-03,6.746031746031747e-06
2010-05-04,6.349206349206349e-06
2010-05-05,5.9523809523809525e-06
2010-05-06,4.365079365079366e-06
2010-05-07,5.158730158730158e-06
2010-05-10,6.349206349206349e-06
2010-05-11,6.349206349206349e-06
2010-05-12,6.349206349206349e-06
2010-05-13,6.349206349206349e-06
2010-05-14,6.349206349206349e-06
2010-05-17,6.349206349206349e-06
2010-05-18,6.746031746031747e-06
2010-05-19,6.746031746031747e-06
2010-05-20,6.746031746031747e-06
2010-05-21,6.746031746031747e-06
2010-05-24,6.746031746031747e-06
2010-05-25,6.746031746031747e-06
2010-05-26,6.746031746031747e-06
2010-05-27,6.746031746031747e-06
2010-05-28,6.349206349206349e-06
2010-06-01,6.349206349206349e-06
2010-06-02,6.349206349206349e-06
2010-06-03,5.555555555555557e-06
2010-06-04,5.555555555555557e-06
2010-06-07,4.7619047619047615e-06
2010-06-08,4.7619047619047615e-06
2010-06-09,3.968253968253968e-06
2010-06-10,3.968253968253968e-06
2010-06-11,3.1746031746031746e-06
2010-06-14,2.7777777777777783e-06
2010-06-15,3.5714285714285714e-06
2010-06-16,3.968253968253968e-06
2010-06-17,3.5714285714285714e-06
2010-06-18,4.365079365079366e-06
2010-06-21,4.7619047619047615e-06
2010-06-22,5.158730158730158e-06
2010-06-23,5.158730158730158e-06
2010-06-24,5.158730158730158e-06
2010-06-25,5.158730158730158e-06
2010-06-28,6.746031746031747e-06
2010-06-29,5.9523809523809525e-06
2010-06-30,7.142857142857143e-06
2010-07-01,6.746031746031747e-06
2010-07-02,6.746031746031747e-06
2010-07-06,6.746031746031747e-06
2010-07-07,6.349206349206349e-06
2010-07-08,5.9523809523809525e-06
2010-07-09,6.349206349206349e-06
2010-07-12,6.349206349206349e-06
2010-07-13,5.9523809523809525e-06
2010-07-14,5.9523809523809525e-06
2010-07-15,5.9523809523809525e-06
2010-07-16,5.9523809523809525e-06
2010-07-19,6.746031746031747e-06
2010-07-20,6.349206349206349e-06
2010-07-21,6.349206349206349e-06
2010-07-22,6.349206349206349e-06
2010-07-23,6.349206349206349e-06
2010-07-26,6.349206349206349e-06
2010-07-27,5.9523809523809525e-06
2010-07-28,5.9523809523809525e-06
2010-07-29,5.9523809523809525e-06
2010-07-30,5.9523809523809525e-06
2010-08-02,6.349206349206349e-06
2010-08-03,6.349206349206349e-06
2010-08-04,6.349206349206349e-06
2010-08-05,5.9523809523809525e-06
2010-08-06,5.9523809523809525e-06
2010-08-09,5.9523809523809525e-06
2010-08-10,5.9523809523809525e-06
2010-08-11,5.9523809523809525e-06
2010-08-12,6.349206349206349e-06
2010-08-13,5.9523809523809525e-06
2010-08-16,6.349206349206349e-06
2010-08-17,6.746031746031747e-06
2010-08-18,6.349206349206349e-06
2010-08-19,6.349206349206349e-06
2010-08-20,5.9523809523809525e-06
2010-08-23,6.349206349206349e-06
2010-08-24,6.349206349206349e-06
2010-08-25,6.349206349206349e-06
2010-08-26,6.349206349206349e-06
2010-08-27,5.9523809523809525e-06
2010-08-30,5.555555555555557e-06
2010-08-31,5.555555555555557e-06
2010-09-01,5.158730158730158e-06
2010-09-02,5.555555555555557e-06
2010-09-03,5.555555555555557e-06
2010-09-07,5.555555555555557e-06
2010-09-08,5.555555555555557e-06
2010-09-09,5.555555555555557e-06
2010-09-10,5.555555555555557e-06
2010-09-13,5.9523809523809525e-06
2010-09-14,5.9523809523809525e-06
2010-09-15,5.9523809523809525e-06
2010-09-16,6.349206349206349e-06
2010-09-17,6.349206349206349e-06
2010-09-20,6.746031746031747e-06
2010-09-21,6.746031746031747e-06
2010-09-22,6.349206349206349e-06
2010-09-23,6.349206349206349e-06
2010-09-24,5.9523809523809525e-06
2010-09-27,6.349206349206349e-06
2010-09-28,6.349206349206349e-06
2010-09-29,6.349206349206349e-06
2010-09-30,6.349206349206349e-06
2010-10-01,6.349206349206349e-06
2010-10-04,5.158730158730158e-06
2010-10-05,4.7619047619047615e-06
2010-10-06,5.158730158730158e-06
2010-10-07,5.158730158730158e-06
2010-10-08,4.7619047619047615e-06
2010-10-11,4.7619047619047615e-06
2010-10-12,5.158730158730158e-06
2010-10-13,5.158730158730158e-06
2010-10-14,5.555555555555557e-06
2010-10-15,5.555555555555557e-06
2010-10-18,5.9523809523809525e-06
2010-10-19,5.555555555555557e-06
2010-10-20,5.555555555555557e-06
2010-10-21,5.158730158730158e-06
2010-10-22,5.158730158730158e-06
2010-10-25,5.555555555555557e-06
2010-10-26,5.555555555555557e-06
2010-10-27,5.555555555555557e-06
2010-10-28,5.158730158730158e-06
2010-10-29,4.7619047619047615e-06
2010-11-01,5.158730158730158e-06
2010-11-02,5.158730158730158e-06
2010-11-03,5.158730158730158e-06
2010-11-04,5.158730158730158e-06
2010-11-05,5.158730158730158e-06
2010-11-08,5.158730158730158e-06
2010-11-09,5.158730158730158e-06
2010-11-10,5.158730158730158e-06
2010-11-11,5.158730158730158e-06
2010-11-12,5.158730158730158e-06
2010-11-15,5.555555555555557e-06
2010-11-16,5.9523809523809525e-06
2010-11-17,5.555555555555557e-06
2010-11-18,5.9523809523809525e-06
2010-11-19,5.555555555555557e-06
2010-11-22,5.9523809523809525e-06
2010-11-23,5.9523809523809525e-06
2010-11-24,6.349206349206349e-06
2010-11-26,6.349206349206349e-06
2010-11-29,7.142857142857143e-06
2010-11-30,6.746031746031747e-06
2010-12-01,6.349206349206349e-06
2010-12-02,6.349206349206349e-06
2010-12-03,5.555555555555557e-06
2010-12-06,5.9523809523809525e-06
2010-12-07,5.555555555555557e-06
2010-12-08,5.9523809523809525e-06
2010-12-09,5.555555555555557e-06
2010-12-10,5.158730158730158e-06
2010-12-13,5.9523809523809525e-06
2010-12-14,5.9523809523809525e-06
2010-12-15,5.555555555555557e-06
2010-12-16,5.158730158730158e-06
2010-12-17,4.365079365079366e-06
2010-12-20,5.555555555555557e-06
2010-12-21,5.555555555555557e-06
2010-12-22,5.555555555555557e-06
2010-12-23,5.555555555555557e-06
2010-12-27,6.746031746031747e-06
2010-12-28,5.9523809523809525e-06
2010-12-29,5.158730158730158e-06
2010-12-30,4.7619047619047615e-06
2010-12-31,4.7619047619047615e-06
2011-01-03,5.9523809523809525e-06
2011-01-04,5.555555555555557e-06
2011-01-05,5.555555555555557e-06
2011-01-06,5.9523809523809525e-06
2011-01-07,5.555555555555557e-06
2011-01-10,5.9523809523809525e-06
2011-01-11,5.9523809523809525e-06
2011-01-12,5.9523809523809525e-06
2011-01-13,5.9523809523809525e-06
2011-01-14,5.9523809523809525e-06
2011-01-18,6.349206349206349e-06
2011-01-19,6.349206349206349e-06
2011-01-20,6.349206349206349e-06
2011-01-21,6.349206349206349e-06
2011-01-24,6.349206349206349e-06
2011-01-25,6.349206349206349e-06
2011-01-26,6.349206349206349e-06
2011-01-27,5.9523809523809525e-06
2011-01-28,5.9523809523809525e-06
2011-01-31,5.9523809523809525e-06
2011-02-01,5.9523809523809525e-06
2011-02-02,6.349206349206349e-06
2011-02-03,5.555555555555557e-06
2011-02-04,5.9523809523809525e-06
2011-02-07,6.349206349206349e-06
2011-02-08,5.9523809523809525e-06
2011-02-09,5.555555555555557e-06
2011-02-10,4.7619047619047615e-06
2011-02-11,4.7619047619047615e-06
2011-02-14,5.158730158730158e-06
2011-02-15,5.158730158730158e-06
2011-02-16,4.7619047619047615e-06
2011-02-17,3.5714285714285714e-06
2011-02-18,3.968253968253968e-06
2011-02-22,4.7619047619047615e-06
2011-02-23,4.7619047619047615e-06
2011-02-24,5.158730158730158e-06
2011-02-25,5.158730158730158e-06
2011-02-28,5.9523809523809525e-06
2011-03-01,5.555555555555557e-06
2011-03-02,5.158730158730158e-06
2011-03-03,5.158730158730158e-06
2011-03-04,4.7619047619047615e-06
2011-03-07,4.365079365079366e-06
2011-03-08,4.365079365079366e-06
2011-03-09,3.968253968253968e-06
2011-03-10,3.1746031746031746e-06
2011-03-11,3.1746031746031746e-06
2011-03-14,3.5714285714285714e-06
2011-03-15,3.968253968253968e-06
2011-03-16,3.968253968253968e-06
2011-03-17,3.1746031746031746e-06
2011-03-18,2.7777777777777783e-06
2011-03-21,3.968253968253968e-06
2011-03-22,3.968253968253968e-06
2011-03-23,3.5714285714285714e-06
2011-03-24,3.5714285714285714e-06
2011-03-25,3.5714285714285714e-06
2011-03-28,4.365079365079366e-06
2011-03-29,3.968253968253968e-06
2011-03-30,3.968253968253968e-06
2011-03-31,3.5714285714285714e-06
2011-04-01,2.7777777777777783e-06
2011-04-04,2.3809523809523808e-06
2011-04-05,2.7777777777777783e-06
2011-04-06,2.3809523809523808e-06
2011-04-07,1.5873015873015873e-06
2011-04-08,1.5873015873015873e-06
2011-04-11,1.984126984126984e-06
2011-04-12,1.984126984126984e-06
2011-04-13,2.3809523809523808e-06
2011-04-14,2.7777777777777783e-06
2011-04-15,2.7777777777777783e-06
2011-04-18,2.7777777777777783e-06
2011-04-19,2.3809523809523808e-06
2011-04-20,2.3809523809523808e-06
2011-04-21,2.3809523809523808e-06
2011-04-25,2.7777777777777783e-06
2011-04-26,2.7777777777777783e-06
2011-04-27,2.3809523809523808e-06
2011-04-28,1.5873015873015873e-06
2011-04-29,1.5873015873015873e-06
2011-05-02,1.984126984126984e-06
2011-05-03,1.1904761904761904e-06
2011-05-04,1.1904761904761904e-06
2011-05-05,7.936507936507937e-07
2011-05-06,7.936507936507937e-07
2011-05-09,1.1904761904761904e-06
2011-05-10,1.1904761904761904e-06
2011-05-11,1.1904761904761904e-06
2011-05-12,7.936507936507937e-07
2011-05-13,1.1904761904761904e-06
2011-05-16,1.5873015873015873e-06
2011-05-17,1.5873015873015873e-06
2011-05-18,1.984126984126984e-06
2011-05-19,1.984126984126984e-06
2011-05-20,1.984126984126984e-06
2011-05-23,2.3809523809523808e-06
2011-05-24,2.3809523809523808e-06
2011-05-25,2.3809523809523808e-06
2011-05-26,1.984126984126984e-06
2011-05-27,1.984126984126984e-06
2011-05-31,2.3809523809523808e-06
2011-06-01,1.984126984126984e-06
2011-06-02,1.5873015873015873e-06
2011-06-03,1.5873015873015873e-06
2011-06-06,1.984126984126984e-06
2011-06-07,1.984126984126984e-06
2011-06-08,1.5873015873015873e-06
2011-06-09,1.984126984126984e-06
2011-06-10,1.984126984126984e-06
2011-06-13,1.984126984126984e-06
2011-06-14,1.984126984126984e-06
2011-06-15,1.984126984126984e-06
2011-06-16,1.984126984126984e-06
2011-06-17,1.5873015873015873e-06
2011-06-20,1.1904761904761904e-06
2011-06-21,1.1904761904761904e-06
2011-06-22,7.936507936507937e-07
2011-06-23,3.9682539682539683e-07
2011-06-24,7.936507936507937e-07
2011-06-27,7.936507936507937e-07
2011-06-28,1.1904761904761904e-06
2011-06-29,7.936507936507937e-07
2011-06-30,1.1904761904761904e-06
2011-07-01,7.936507936507937e-07
2011-07-05,7.936507936507937e-07
2011-07-06,3.9682539682539683e-07
2011-07-07,1.1904761904761904e-06
2011-07-08,1.1904761904761904e-06
2011-07-11,1.1904761904761904e-06
2011-07-12,1.1904761904761904e-06
2011-07-13,3.9682539682539683e-07
2011-07-14,3.9682539682539683e-07
2011-07-15,7.936507936507937e-07
2011-07-18,7.936507936507937e-07
2011-07-19,1.1904761904761904e-06
2011-07-20,7.936507936507937e-07
2011-07-21,1.984126984126984e-06
2011-07-22,1.984126984126984e-06
2011-07-25,1.984126984126984e-06
2011-07-26,2.7777777777777783e-06
2011-07-27,3.1746031746031746e-06
2011-07-28,2.7777777777777783e-06
2011-07-29,3.968253968253968e-06
2011-08-01,3.968253968253968e-06
2011-08-02,2.3809523809523808e-06
2011-08-03,7.936507936507937e-07
2011-08-04,7.936507936507937e-07
2011-08-05,3.9682539682539683e-07
2011-08-08,1.984126984126984e-06
2011-08-09,1.1904761904761904e-06
2011-08-10,7.936507936507937e-07
2011-08-11,1.1904761904761904e-06
2011-08-12,7.936507936507937e-07
2011-08-15,7.936507936507937e-07
2011-08-16,1.1904761904761904e-06
2011-08-17,3.9682539682539683e-07
2011-08-18,3.9682539682539683e-07
2011-08-19,7.936507936507937e-07
2011-08-22,3.9682539682539683e-07
2011-08-23,3.9682539682539683e-07
2011-08-24,7.936507936507937e-07
2011-08-25,3.9682539682539683e-07
2011-08-26,3.9682539682539683e-07
2011-08-29,7.936507936507937e-07
2011-08-30,3.9682539682539683e-07
2011-08-31,7.936507936507937e-07
2011-09-01,7.936507936507937e-07
2011-09-02,-0.0024609191787221428
2011-09-06,-0.008346308194437685
2011-09-07,0.0016363660769066156
2011-09-08,-0.002414690630869722
2011-09-09,-0.0028457238587920103
2011-09-12,-0.005025601973702122
2011-09-13,-0.0035228873789176804
2011-09-14,0.004286709264980181
2011-09-15,-0.0024114173619214714
2011-09-16,0.006097513338406397
2011-09-19,-0.005477312815343086
2011-09-20,0.0012920290824216193
2011-09-21,-0.009375080957109146
2011-09-22,-0.011585339332692806
2011-09-23,-0.018416228733353728
2011-09-26,-0.0018798087921368819
2011-09-27,0.0007171798842073961
2011-09-28,-0.01671752873116541
2011-09-29,0.006762396788185376
2011-09-30,-0.014189685833241678
2011-10-03,-0.0011030167826459483
2011-10-04,0.0006288470741138167
2011-10-05,0.0023405037926965155
2011-10-06,-0.002935580591856836
2011-10-07,-0.0044522895056012205
2011-10-10,-0.009535155326680261
2011-10-11,-0.003241199148049347
2011-10-12,-0.004169169149144299
2011-10-13,0.00578592728335197
2011-10-14,-0.007092608944220881
2011-10-17,0.004410829278926829
2011-10-18,0.007775627316776725
2011-10-19,0.003019798898974022
2011-10-20,-0.0021988362134013647
2011-10-21,-0.0011386889336831112
2011-10-24,-0.005679661893677302
2011-10-25,-0.0009977766257095173
2011-10-26,-0.000880142402536406
2011-10-27,-0.012014485635565867
2011-10-28,0.0021324184213157415
2011-10-31,0.007507988136879914
2011-11-01,0.015223697003299685
2011-11-02,0.0006087821956212887
2011-11-03,0.008588205986665244
2011-11-04,-0.00017368522766876028
2011-11-07,0.005415514360637624
2011-11-08,0.0033733180293879427
2011-11-09,-0.01538211757382178
2011-11-10,0.004969343218125657
2011-11-11,0.008810121142579458
2011-11-14,-0.0032775587764608638
2011-11-15,-0.0007118840785801847
2011-11-16,-0.007107488558578135
2011-11-17,-0.00925580756685408
2011-11-18,-0.0004323093098390752
2011-11-21,-0.008988663445710497
2011-11-22,-0.00035826039817629435
2011-11-23,-0.008742062077617914
2011-11-25,-0.004483976578050413
2011-11-28,0.01710955506880978
2011-11-29,-6.039825124331092e-05
2011-11-30,0.019617672638613033
2011-12-01,-0.00032991668848651224
2011-12-02,-0.003671951378578864
2011-12-05,0.003606176650248128
2011-12-06,-0.0012529974473305618
2011-12-07,0.0069020982074651255
2011-12-08,-0.005458064811405483
2011-12-09,0.007732812091428195
2011-12-12,-0.002243878264377972
2011-12-13,-0.0021374570122128936
2011-12-14,0.007804046734046703
2011-12-15,-0.0009311640577033292
2011-12-16,-0.004203185348173206
2011-12-19,5.398971196587878e-06
2011-12-20,0.0005466150269547861
2011-12-21,-0.0052044086790822616
2011-12-22,0.0080511152301057
2011-12-23,-0.002061464004846844
2011-12-27,-0.007593357598912273
2011-12-28,0.004187044072947824
2011-12-29,0.006621483436837071
2011-12-30,-0.003522866244527859
2012-01-03,-0.0042517033831648504
2012-01-04,-0.0013166281813076343
2012-01-05,0.0012300663775243858
2012-01-06,0.003025247116019829
2012-01-09,0.0015846856535643372
2012-01-10,0.0013030789868556853
2012-01-11,0.0043774200426645385
2012-01-12,-0.0026279248356807484
2012-01-13,0.0007515170857340293
2012-01-17,0.0012528320052415784
2012-01-18,-0.0003588331423119814
2012-01-19,0.0006115341756664221
2012-01-20,-0.0026528457303352983
2012-01-23,-0.004806251300953325
2012-01-24,0.00030579818522505944
2012-01-25,0.0007523995803382693
2012-01-26,0.0030402769103158958
2012-01-27,-0.0006646389875480936
2012-01-30,0.001968001765787363
2012-01-31,0.0029529814554152406
2012-02-01,0.0007506947025680483
2012-02-02,-0.0008870911758112339
2012-02-03,0.002176809541625715
2012-02-06,0.00016696698309678318
2012-02-07,-0.0008316249218444186
2012-02-08,0.00036845860577497717
2012-02-09,-0.0002442569095618496
2012-02-10,-0.002389916626665194
2012-02-13,0.002144375747320607
2012-02-14,0.000295553226823073
2012-02-15,-0.001799924344585762
2012-02-16,0.0026795883849412717
2012-02-17,6.812378606617714e-05
2012-02-21,-0.0017266821928886133
2012-02-22,0.00041248991457309124
2012-02-23,0.0036512735334369535
2012-02-24,-0.0004777359111670705
2012-02-27,0.0037829089713129213
2012-02-28,0.0015365180534156946
2012-02-29,-0.005370865915943902
2012-03-01,0.006181227383108901
2012-03-02,-0.007397329511132646
2012-03-05,-0.0011600505776959975
2012-03-06,-0.007139792331071588
2012-03-07,0.0023935724856893686
2012-03-08,0.005313467098834293
2012-03-09,0.002069527340048152
2012-03-12,-0.00021133025510199123
2012-03-13,0.005638418716097303
2012-03-14,-0.0013930185640237869
2012-03-15,0.0021284790305109297
2012-03-16,0.0014595356541090639
2012-03-19,0.0005676170432239531
2012-03-20,-0.002408431823929431
2012-03-21,-0.0006415461087726817
2012-03-22,-0.0028741094028882476
2012-03-23,0.0016605781955987373
2012-03-26,0.006716918657606184
2012-03-27,-0.002674856266913739
2012-03-28,-0.002421611758888233
2012-03-29,-0.0022235464472003365
2012-03-30,0.002278148464188196
2012-04-02,0.0039095888113531785
2012-04-03,-0.0004127225330508566
2012-04-04,-0.004581164218648472
2012-04-05,-0.0014736904501841553
2012-04-09,-0.006168902876189447
2012-04-10,-0.0033422395372315855
2012-04-11,0.0013200759456413178
2012-04-12,0.006711556319113907
2012-04-13,-0.004684707086190283
2012-04-16,-0.001265343068671139
2012-04-17,0.006347214875766627
2012-04-18,-0.0008713337478944248
2012-04-19,-0.0027851762501754722
2012-04-20,0.0027974878091842695
2012-04-23,-0.0055019434934712765
2012-04-24,0.007245256702697922
2012-04-25,0.0019993435609439413
2012-04-26,0.0009237982189494698
2012-04-27,0.0022241377176980865
2012-04-30,-0.0028054586562291715
2012-05-01,0.001935813617995281
2012-05-02,-0.002393744664172227
2012-05-03,-0.005515163171894065
2012-05-04,-0.004337239356128773
2012-05-07,0.0006952504035296448
2012-05-08,-0.004617843249341916
2012-05-09,-0.003568701618804478
2012-05-10,0.002606668060123291
2012-05-11,-0.0033208333068947705
2012-05-14,-0.0032629105954883014
2012-05-15,-0.00016555674349400047
2012-05-16,-0.001262249776217132
2012-05-17,-0.006975641058740328
2012-05-18,-0.008917895756138071
2012-05-21,0.0097468049833795
2012-05-22,-0.003001383675489581
2012-05-23,0.002051653873371413
2012-05-24,0.0023949816547201262
2012-05-25,-0.0015830263474976459
2012-05-29,0.005783438065587558
2012-05-30,-0.004014291962746757
2012-05-31,-0.00432188315955356
2012-06-01,-0.012006593763446474
2012-06-04,-0.008408949675178964
2012-06-05,0.004803771567739749
2012-06-06,0.0032329038787445087
2012-06-07,0.0026634173346215388
2012-06-08,0.007505539967398673
2012-06-11,-0.006136970419050375
2012-06-12,0.0019917447853671343
2012-06-13,-0.0030597683759775994
2012-06-14,0.0014282519171273738
2012-06-15,0.008677851966132251
2012-06-18,0.000555231097052339
2012-06-19,-0.0012719442694269013
2012-06-20,0.002486087417451559
2012-06-21,-0.004688908189906115
2012-06-22,-0.0027353888373008936
2012-06-25,-0.009699719730239937
2012-06-26,0.0005143971070706617
2012-06-27,0.005733615618272783
2012-06-28,0.004951682045231817
2012-06-29,-0.002750474513127093
2012-07-02,0.0032052970187706285
2012-07-03,-0.002296094556131317
2012-07-05,0.009058488249761314
2012-07-06,0.0007075566801614573
2012-07-09,0.0007008723067191493
2012-07-10,-0.002735817381477567
2012-07-11,-0.0035810415687770793
2012-07-12,0.00030895268125857205
2012-07-13,0.007092816885420814
2012-07-16,0.003922169132084569
2012-07-17,0.00014371422626284323
2012-07-18,0.011567864278914227
2012-07-19,0.00010690055731808144
2012-07-20,0.003928930011032387
2012-07-23,-0.010892187533409144
2012-07-24,-0.009717189211504421
2012-07-25,0.009436705425995723
2012-07-26,-5.8785425852354316e-05
2012-07-27,0.011795970742189205
2012-07-30,0.007081626949206385
2012-07-31,-0.0010876283254803892
2012-08-01,-0.004970785413818674
2012-08-02,-0.002931091227154225
2012-08-03,0.0053692680358520765
2012-08-06,-0.0005411033872973933
2012-08-07,-0.001855020891698304
2012-08-08,-3.521062921298791e-05
2012-08-09,0.0031583420155411497
2012-08-10,0.0012658021077837798
2012-08-13,-0.0018196498111495512
2012-08-14,-0.0035553958502490494
2012-08-15,0.00012159401817097093
2012-08-16,0.0006933408332523663
2012-08-17,0.0011193982210301009
2012-08-20,0.0015311335554798837
2012-08-21,-0.002756952564394921
2012-08-22,0.002852881472509078
2012-08-23,-0.005827897329649596
2012-08-24,0.003591426944295212
2012-08-27,9.970133218577365e-05
2012-08-28,6.02416189937822e-05
2012-08-29,0.0005698578306856773
2012-08-30,-0.0013350079526804667
2012-08-31,0.003833689998989047
2012-09-04,-0.006283020829034381
2012-09-05,-0.0032476242879662456
2012-09-06,0.009362556326379763
2012-09-07,0.004223939342429061
2012-09-10,-0.005922871786402242
2012-09-11,0.000564241893484026
2012-09-12,0.0034459595082682276
2012-09-13,0.007633237195071744
2012-09-14,0.0019637411829299366
2012-09-17,-0.006878769735636945
2012-09-18,-0.0012054318482766211
2012-09-19,-0.0012651695557183984
2012-09-20,-0.0006413013972495746
2012-09-21,-0.0004945247512657237
2012-09-24,-0.002193414231622736
2012-09-25,-0.0045939530755238584
2012-09-26,-0.003856251449179474
2012-09-27,0.0050124610497669555
2012-09-28,0.0003470892520204986
2012-10-01,-0.0007001629100004357
2012-10-02,-0.0015140871084822483
2012-10-03,0.001990274678141167
2012-10-04,0.004694132894508854
2012-10-05,-0.002280579110970196
2012-10-08,-0.0018692021096982888
2012-10-09,-0.006386331701025669
2012-10-10,-0.0031152197650852797
2012-10-11,0.003733097937441547
2012-10-12,-0.0040340982155397664
2012-10-15,0.003886334351123659
2012-10-16,0.0034168553376209103
2012-10-17,0.0006732677174134135
2012-10-18,-0.003011751206928861
2012-10-19,-0.011175534168284321
2012-10-22,0.001768922192651358
2012-10-23,-0.008455139978873634
2012-10-24,-0.0012070030941669738
2012-10-25,0.00042321796646224165
2012-10-26,0.0017012849929793602
2012-10-31,-0.0011079658714772777
2012-11-01,0.007129829525209152
2012-11-02,-0.0057512149019224735
2012-11-05,0.001446805186801102
2012-11-06,0.0032633916433868486
2012-11-07,-0.01466284368084472
2012-11-08,-0.011673851495746295
2012-11-09,0.0015924701503090817
2012-11-12,0.002362665163092592
2012-11-13,-0.0027081805640398267
2012-11-14,-0.00774783976674933
2012-11-15,0.002198635346115729
2012-11-16,0.004548533846057449
2012-11-19,0.005607549820551785
2012-11-20,0.004663743317071834
2012-11-21,0.003275890576113842
2012-11-23,0.0032519433369185844
2012-11-26,-0.0009358685384848802
2012-11-27,-0.0057423413847731385
2012-11-28,0.005289128558803329
2012-11-29,0.0025454407254928164
2012-11-30,0.003977366421734744
2012-12-03,-0.009242212803313948
2012-12-04,-0.005701137587799283
2012-12-05,0.002657241047569125
2012-12-06,0.002609352315521602
2012-12-07,0.0017043066309038151
2012-12-10,0.0010806675587621995
2012-12-11,0.0068266344629228076
2012-12-12,-0.000822961384406027
2012-12-13,-0.004265712600480784
2012-12-14,-0.0026451709229399177
2012-12-17,0.004431108663987603
2012-12-18,0.004528123135642909
2012-12-19,-0.005107337460740483
2012-12-20,0.0030902445855236437
2012-12-21,-0.00511900309898656
2012-12-24,-0.0044248867416512355
2012-12-26,-0.0002975055070013023
2012-12-27,0.0017591054067702696
2012-12-28,-0.01260913159266623
2012-12-31,0.01633801184359857
2013-01-02,0.015800356916288352
2013-01-03,-0.004868388780506056
2013-01-04,0.0041400280858382415
2013-01-07,-0.0017806926871785675
2013-01-08,-0.003540536033030544
2013-01-09,0.0005603924588445846
2013-01-10,0.012492374147175876
2013-01-11,-0.002936266269825275
2013-01-14,-0.006020208192220181
2013-01-15,-0.0034207312906452706
2013-01-16,-0.004421916065589204
2013-01-17,0.006773879583755435
2013-01-18,-0.001699281031322283
2013-01-22,0.0003956862085239476
2013-01-23,-0.0011059222300290968
2013-01-24,0.0056229229504131395
2013-01-25,0.006466835485600216
2013-01-28,7.343921519993056e-05
2013-01-29,0.0056206545044139335
2013-01-30,-0.0032551427430253565
2013-01-31,0.004471134905508381
2013-02-01,0.0031870112976632517
2013-02-04,-0.009923255878421307
2013-02-05,0.006788103794340938
2013-02-06,-0.002176371950526444
2013-02-07,-0.002925730088025725
2013-02-08,0.0028167950716467684
2013-02-11,0.00034981744129347327
2013-02-12,0.003153948159633264
2013-02-13,0.0007330566299374146
2013-02-14,0.0002348125146769959
2013-02-15,-0.0006747490707034393
2013-02-19,0.005063927844584636
2013-02-20,-0.008148598909329783
2013-02-21,-0.005424711211601977
2013-02-22,0.0029901356424863
2013-02-25,-0.013819910666446888
2013-02-26,-0.0003381590079054345
2013-02-27,0.0077374529165780545
2013-02-28,-0.004936665777808591
2013-03-01,0.0024943126354496016
2013-03-04,-0.0005425788767423785
2013-03-05,0.004866717288799009
2013-03-06,0.002358289429794595
2013-03-07,-0.0018488847526423509
2013-03-08,0.005193601059464871
2013-03-11,0.0018264171430921042
2013-03-12,-0.004058833065114379
2013-03-13,0.002256494226739607
2013-03-14,0.00010728927848478608
2013-03-15,-0.00030047093251100255
2013-03-18,-0.0007923574653037804
2013-03-19,-0.0012780194218350283
2013-03-20,0.002793785301490289
2013-03-21,-0.005567954324914457
2013-03-22,0.00501243939057579
2013-03-25,-0.002530880114002287
2013-03-26,0.004103678521355424
2013-03-27,-0.0005560535490799945
2013-03-28,0.0024454275668693154
2013-04-01,-0.0036548082371181487
2013-04-02,0.004347295803615175
2013-04-03,-0.008201648279848447
2013-04-04,0.004397537916901325
2013-04-05,-0.003005727644156256
2013-04-08,0.006945834812305879
2013-04-09,0.00030962363695691546
2013-04-10,0.014348256624124188
2013-04-11,0.001661936098491623
2013-04-12,0.004183175044503892
2013-04-15,-0.007206822959400488
2013-04-16,0.0058849948416855955
2013-04-17,-0.0067562726122370725
2013-04-18,-0.006780925272471786
2013-04-19,0.005740513913918785
2013-04-22,0.0026175445002178215
2013-04-23,0.010862716104624854
2013-04-24,-0.0026397565215627514
2013-04-25,-0.0030730156481222903
2013-04-26,0.0009135858948561209
2013-04-29,0.005137406923794116
2013-04-30,0.0006291012064192182
2013-05-01,-0.00558721467439883
2013-05-02,0.0026950124907593343
2013-05-03,0.002807286112950797
2013-05-06,-0.0001237023997932515
2013-05-07,0.003639004339764444
2013-05-08,0.0034281536445217612
2013-05-09,0.0019550396448623606
2013-05-10,-0.0015949673384406478
2013-05-13,0.002917596844151462
2013-05-14,0.00537948839091223
2013-05-15,0.006365283345339701
2013-05-16,-0.000607383435971065
2013-05-17,0.007079479908569343
2013-05-20,-0.002239365766276312
2013-05-21,0.0036908730065335444
2013-05-22,-0.004334648224396786
2013-05-23,-0.0016953358108768772
2013-05-24,-0.001977507537248312
2013-05-28,-0.001950850837947693
2013-05-29,-0.0026319808186513268
2013-05-30,0.0015250614896186847
2013-05-31,-0.009302436403882149
2013-06-03,-0.0028867416389484982
2013-06-04,-0.0035681589699129873
2013-06-05,-0.01009740918414162
2013-06-06,0.0006537528466611469
2013-06-07,0.012648736395914085
2013-06-10,0.004164879916882503
2013-06-11,-0.007392420582694851
2013-06-12,-0.00848241192872518
2013-06-13,0.00800318457947593
2013-06-14,-0.008678767179551823
2013-06-17,0.005626070792836703
2013-06-18,0.007935950167418045
2013-06-19,-0.0031867526509360552
2013-06-20,-0.009182654157334137
2013-06-21,0.0017030133836445592
2013-06-24,-0.003977868408545036
2013-06-25,0.007478676316182806
2013-06-26,0.0082252309784602
2013-06-27,0.005405924898445658
2013-06-28,-0.005571409243215053
2013-07-01,0.0020777534423889444
2013-07-02,-0.00012906825916827948
2013-07-03,0.0017948637496655944
2013-07-05,0.024166531148374734
2013-07-08,-0.004983271847039081
2013-07-09,0.0034546167232764866
2013-07-10,-0.0033376267022629533
2013-07-11,0.0015789699849198223
2013-07-12,0.0018930136588723029
2013-07-15,0.0025171469264778324
2013-07-16,-0.0018557594598364578
2013-07-17,6.708406228894443e-05
2013-07-18,0.001350393668001498
2013-07-19,0.0013395075653142062
2013-07-22,-0.0026090223924889124
2013-07-23,-0.0009315321190076002
2013-07-24,0.00444226639585743
2013-07-25,-0.0035265108294809393
2013-07-26,0.001101044583950337
2013-07-29,0.0025779838511942924
2013-07-30,0.002395874571236375
2013-07-31,0.0008412615109126135
2013-08-01,0.01293703943308752
2013-08-02,-0.004170615445655477
2013-08-05,-0.0019664950304041067
2013-08-06,-0.003762976917589753
2013-08-07,-0.0021635842073948353
2013-08-08,-0.0016460581813184118
2013-08-09,-0.0017809067038803846
2013-08-12,-0.0012724723022153447
2013-08-13,0.004166829005503659
2013-08-14,-0.006702672342453741
2013-08-15,-0.009649126298683697
2013-08-16,0.0001269442527861424
2013-08-19,-0.0054402565365953654
2013-08-20,0.004243086427504917
2013-08-21,-0.00616709047380057
2013-08-22,0.01194837156260375
2013-08-23,-0.0004216688492072514
2013-08-26,-0.010326442032891509
2013-08-27,-0.0071952810524303695
2013-08-28,0.002714531833724158
2013-08-29,0.0009886591887080117
2013-08-30,-0.0017653342174658907
2013-09-03,-0.000154163683355926
2013-09-04,0.005328843616267862
2013-09-05,0.0028492582941211566
2013-09-06,-0.0016261448692699184
2013-09-09,0.005506389007490016
2013-09-10,0.0037464579905937653
2013-09-11,0.0005776623524954713
2013-09-12,0.0011845011143134755
2013-09-13,0.0013028577863010244
2013-09-16,-0.003828312002636146
2013-09-17,0.0019214223478081977
2013-09-18,0.0059429502232091775
2013-09-19,-0.0016278128553026464
2013-09-20,-0.005506861495100574
2013-09-23,-0.007153295888434539
2013-09-24,9.922651938580298e-05
2013-09-25,-0.0022337314558109503
2013-09-26,0.0023347082301699946
2013-09-27,-0.003429128303753119
2013-09-30,-0.005543469677858045
2013-10-01,0.005521314950307017
2013-10-02,-0.0067522929532495436
2013-10-03,-0.0037665490454169737
2013-10-04,0.0037336884149606255
2013-10-07,-0.007445905729182566
2013-10-08,-0.007818108920343538
2013-10-09,-0.004042410704658002
2013-10-10,0.014225512831648031
2013-10-11,0.010364971459019857
2013-10-14,0.0038265980566757596
2013-10-15,-0.0024470079892983986
2013-10-16,0.0042918009145594
2013-10-17,0.011344712352480519
2013-10-18,0.0019137898601974343
2013-10-21,0.0005715535422550473
2013-10-22,0.00738622613982756
2013-10-23,-0.003675881247308123
2013-10-24,0.004471082264628419
2013-10-25,0.002055444574040417
2013-10-28,0.002694185734773974
2013-10-29,0.0024841575855062744
2013-10-30,-0.006817049492909304
2013-10-31,-0.0003476073306029844
2013-11-01,-0.0013728999958194312
2013-11-04,0.004248577378864672
2013-11-05,-0.003295023037593307
2013-11-06,0.002957182712927583
2013-11-07,-0.007117392384244913
2013-11-08,0.008263652882421991
2013-11-11,-0.001484814380867151
2013-11-12,-0.0009817638193782368
2013-11-13,0.009075348815405046
2013-11-14,0.002019840127306305
2013-11-15,0.0038844491148745794
2013-11-18,-0.0014106608138967198
2013-11-19,-0.0015146385535752872
2013-11-20,-0.0058998239707591296
2013-11-21,0.0056697030200074175
2013-11-22,0.0026584800311649525
2013-11-25,0.00120849236143232
2013-11-26,0.0022772981952254947
2013-11-27,0.0009184838545117579
2013-11-29,0.001463881642229585
2013-12-02,-0.005960202454044708
2013-12-03,-0.006488071158225204
2013-12-04,-0.0009874577146678069
2013-12-05,-0.003709533891041991
2013-12-06,0.010407539593439184
2013-12-09,0.0030716201608744467
2013-12-10,-0.004797942692500587
2013-12-11,-0.012183944261131566
2013-12-12,-0.0010677791333652408
2013-12-13,-0.0010430795197651076
2013-12-16,0.0033312057004583045
2013-12-17,-0.0011317759564976472
2013-12-18,0.01970555416659479
2013-12-19,-0.0010719104716756622
2013-12-20,0.0046451828576220214
2013-12-23,0.003386732124090628
2013-12-24,0.002385916380713599
2013-12-26,0.0033915966412318625
2013-12-27,0.0013310198528658005
2013-12-30,0.0006351352965162614
2013-12-31,0.004604761528579801
2014-01-02,-0.01107950303804099
2014-01-03,-0.00841268754020207
2014-01-06,-0.0023873793794935588
2014-01-07,0.006767705709798778
2014-01-08,0.00314321889851314
2014-01-09,-0.0005034589645867006
2014-01-10,-0.003094456390217067
2014-01-13,-0.012245497982616487
2014-01-14,0.011236686744652825
2014-01-15,0.006817146887382419
2014-01-16,-0.0045705070918472535
2014-01-17,-0.0005884366938319133
2014-01-21,0.0023541415753754007
2014-01-22,0.007798252034598937
2014-01-23,-0.012368924343954122
2014-01-24,-0.020086914744430764
2014-01-27,-0.0018954867911269687
2014-01-28,0.009933102169214196
2014-01-29,-0.00819457857673791
2014-01-30,0.0011435082285361933
2014-01-31,-0.008482566769168944
2014-02-03,-0.020380007968051415
2014-02-04,-0.003006371432096098
2014-02-05,-0.0022910657149977304
2014-02-06,0.007685461260260173
2014-02-07,0.009297285522764348
2014-02-10,-0.0006554088424060528
2014-02-11,0.008146682077487304
2014-02-12,-0.0003595052272408621
2014-02-13,0.004319482992577459
2014-02-14,0.0007072518597060223
2014-02-18,-0.0018952813952443437
2014-02-19,-0.0012194155098826504
2014-02-20,0.003577148146351809
2014-02-21,-7.604593984954485e-05
2014-02-24,0.002492406721688266
2014-02-25,0.00333368834147273
2014-02-26,0.00273846379167923
2014-02-27,0.005050029943471491
2014-02-28,0.0029857833291734763
2014-03-03,-0.015136189089760797
2014-03-04,0.009681711182432473
2014-03-05,-0.0016969734886071758
2014-03-06,0.004531694113838427
2014-03-07,0.0004887580795571464
2014-03-10,-0.0011931653686001174
2014-03-11,-0.005774469272503164
2014-03-12,0.0013289941759731187
2014-03-13,-0.008091418737813574
2014-03-14,-0.0030342857032296415
2014-03-17,0.005662804363168173
2014-03-18,0.008248452985897485
2014-03-19,-0.008955643536768573
2014-03-20,0.0031211536461777773
2014-03-21,-0.004762240074051777
2014-03-24,-0.0029983184307980997
2014-03-25,0.004367889661493889
2014-03-26,-0.005442445793963157
2014-03-27,0.0007428397237573822
2014-03-28,0.002309988485561324
2014-03-31,0.006514658524241557
2014-04-01,0.00553902968777037
2014-04-02,-0.004906133889341442
2014-04-03,0.001144468187021223
2014-04-04,-0.014087423067946376
2014-04-07,-0.009470378353257796
2014-04-08,0.0015250493173291858
2014-04-09,0.012775426458687535
2014-04-10,-0.019781756849610293
2014-04-11,-0.008681924389780481
2014-04-14,0.00774840826893904
2014-04-15,0.011825809802551072
2014-04-16,0.0041758021396488005
2014-04-17,0.0044210892587361805
2014-04-21,0.0009260237559174506
2014-04-22,0.0022635607948347154
2014-04-23,0.0032053271302211403
2014-04-24,-0.004769245011307893
2014-04-25,-0.004553249759969348
2014-04-28,0.0064001044903997115
2014-04-29,0.002247003043884149
2014-04-30,0.00736863660958908
2014-05-01,-0.0033799470506519535
2014-05-02,-0.004880256028710906
2014-05-05,0.000992676715992192
2014-05-06,-0.0036697338846712084
2014-05-07,0.004352745636123456
2014-05-08,-0.0015125855541095145
2014-05-09,-0.00022045829980521086
2014-05-12,0.004378069541639244
2014-05-13,0.0020250255316594293
2014-05-14,-0.0022749029839420403
2014-05-15,-0.0075191722494182016
2014-05-16,0.0025091642142138146
2014-05-19,0.0033538171008417337
2014-05-20,-0.005764646404889096
2014-05-21,0.009244674543024061
2014-05-22,0.001123647781714306
2014-05-23,0.0018379504275548564
2014-05-27,0.0036101377933524426
2014-05-28,-5.848099863409073e-05
2014-05-29,0.0038135795525185857
2014-05-30,-7.057606913083109e-05
2014-06-02,-0.00439179783273996
2014-06-03,-0.003172730685087384
2014-06-04,0.0007283864336792101
2014-06-05,0.006893858928125
2014-06-06,0.002621911377203611
2014-06-09,-0.0002543164579629416
2014-06-10,-0.0008284519229720377
2014-06-11,-0.0010398053020158348
2014-06-12,0.0005113438618079305
2014-06-13,-0.001354028640697499
2014-06-16,-0.005623999803932258
2014-06-17,-0.0018320244600224832
2014-06-18,0.009230296502168339
2014-06-19,-0.004340049234527854
2014-06-20,0.0036399899488621865
2014-06-23,-0.0025591056057287062
2014-06-24,-0.002549579160892776
2014-06-25,0.004084687032106456
2014-06-26,0.0013036239890529809
2014-06-27,0.001995174306720032
2014-06-30,0.0003928930027891148
2014-07-01,0.004122800194161823
2014-07-02,-0.002998502487808856
2014-07-03,0.002741771915331541
2014-07-07,-0.003000467121970513
2014-07-08,-0.002882932817023279
2014-07-09,0.003062418210113016
2014-07-10,-0.0021802482967877273
2014-07-11,0.0030074125209706517
2014-07-14,-0.0009553532978855795
2014-07-15,-0.0033120264394083275
2014-07-16,0.0014715821097923628
2014-07-17,-0.005469228200821188
2014-07-18,0.00806064561986828
2014-07-21,0.00040794565417085323
2014-07-22,0.004191631271690796
2014-07-23,0.0031704475696816806
2014-07-24,-0.004904102115472632
2014-07-25,-0.0013000782613820502
2014-07-28,-0.0012387774332685761
2014-07-29,-0.0027928989024312667
2014-07-30,-0.0050105198856907
2014-07-31,-0.01801122724510814
2014-08-01,-0.004262357957937193
2014-08-04,0.0029959031326889252
2014-08-05,-0.006367536387574427
2014-08-06,-0.004326323664440128
2014-08-07,-0.003976357299542006
2014-08-08,0.008075557472388249
2014-08-11,0.005314828282738633
2014-08-12,-0.0007843664955543452
2014-08-13,0.006676372293088633
2014-08-14,0.007588599957938994
2014-08-15,0.0020927944078582496
2014-08-18,0.008107156395400666
2014-08-19,0.0014261276236420635
2014-08-20,0.005970706277588535
2014-08-21,0.002343632016082184
2014-08-22,0.0017588641075262123
2014-08-25,0.0052765515707228275
2014-08-26,-0.00025859737301608623
2014-08-27,-0.00013288909133363124
2014-08-28,-0.000647435000176756
2014-08-29,0.0026232109589231414
2014-09-02,0.001881990755641241
2014-09-03,-0.002097372550454646
2014-09-04,0.0019655900965967104
2014-09-05,0.004173243207605769
2014-09-08,-0.0013552094998088137
2014-09-09,-0.005656815473465584
2014-09-10,0.0034070933722010863
2014-09-11,0.001027624131334193
2014-09-12,-0.008346151556478814
2014-09-15,-0.0031407133964778933
2014-09-16,0.006117541752607459
2014-09-17,0.0017527765016955449
2014-09-18,0.008001584854886763
2014-09-19,0.0011102013314424526
2014-09-22,-0.0058724221609890844
2014-09-23,0.0012714505123155406
2014-09-24,-0.0014324141386544015
2014-09-25,0.0025424627172473597
2014-09-26,-0.0020036278574621824
2014-09-29,-0.003362900912216162
2014-09-30,0.0009710947480167057
2014-10-01,-0.005826935431235998
2014-10-02,-0.0028912358885904155
2014-10-03,0.02145904855010969
2014-10-06,-0.014939339085196379
2014-10-07,-0.0131961080907275
2014-10-08,0.012910472653854926
2014-10-09,-0.01197245482544046
2014-10-10,-0.008442059684208676
2014-10-13,-0.017021018419251625
2014-10-14,0.009790046350089253
2014-10-15,-0.01844016187902497
2014-10-16,-5.068380787459269e-05
2014-10-17,0.013706866439838703
2014-10-20,0.009192681843539286
2014-10-21,0.011396110759504106
2014-10-22,0.003738755319776322
2014-10-23,0.004150291473540338
2014-10-24,0.008481850537152802
2014-10-27,-0.005986547374312028
2014-10-28,0.0013846254759256624
2014-10-29,-0.0034864725098703708
2014-10-30,0.015553086931154085
2014-10-31,0.011795737025300415
2014-11-03,0.014146913950989225
2014-11-04,-0.0018243992481418434
2014-11-05,0.009272691831846603
2014-11-06,0.0058408767676785146
2014-11-07,-0.0031894814548553752
2014-11-10,0.0028827118430361687
2014-11-11,-0.0002555577611293324
2014-11-12,0.00205648902802345
2014-11-13,0.006316572533210296
2014-11-14,-0.006120174285352074
2014-11-17,0.0037443121456925146
2014-11-18,0.0035403691413720953
2014-11-19,0.0004016106841841706
2014-11-20,-0.0015118353952783409
2014-11-21,0.004669772480318031
2014-11-24,0.005544063365444894
2014-11-25,0.001292734954180616
2014-11-26,0.003112352926475397
2014-11-28,0.0168665899534257
2014-12-01,-0.01957521141782312
2014-12-02,0.007886152519276728
2014-12-03,0.0028845941334333493
2014-12-04,0.00047886900668548115
2014-12-05,-0.000925860657800993
2014-12-08,-0.0011719203386248466
2014-12-09,-0.0043348199543995465
2014-12-10,-0.011024297550832446
2014-12-11,0.004379764442805722
2014-12-12,-0.0060929465054735885
2014-12-15,-0.002496642661303696
2014-12-16,-0.0060025674123431
2014-12-17,0.01606222972037195
2014-12-18,0.02138377267210377
2014-12-19,0.002751307534416866
2014-12-22,0.008454064115220582
2014-12-23,-0.0028727932515195268
2014-12-24,0.0015182524316455818
2014-12-26,0.002000486804009488
2014-12-29,0.007969749850806042
2014-12-30,-0.007869122123076189
2014-12-31,-0.00038536234981254426
2015-01-02,0.00042247317638831024
2015-01-05,-0.005802093023281853
2015-01-06,-0.0004756368720618741
2015-01-07,0.009806818539934543
2015-01-08,0.0102765947244394
2015-01-09,-0.006995382631579525
2015-01-12,0.007088986456486915
2015-01-13,-0.0014496492273933636
2015-01-14,-0.007478608179790798
2015-01-15,-0.030012656095397543
2015-01-16,0.004431443853765237
2015-01-20,0.014205934823426742
2015-01-21,-0.0004881598007869503
2015-01-22,0.01971071795082332
2015-01-23,0.007748931221813727
2015-01-26,0.007894427669483834
2015-01-27,-0.01335634559009009
2015-01-28,-0.0032579019475012577
2015-01-29,0.01941584291959395
2015-01-30,-0.015626790485506855
2015-02-02,0.0018007962734253652
2015-02-03,-0.010460260547199654
2015-02-04,0.006501503211646946
2015-02-05,-0.0028688222944701224
2015-02-06,-0.00812685606350751
2015-02-09,-0.0049395666834663905
2015-02-10,0.00880369913663911
2015-02-11,0.0022773031409847335
2015-02-12,-0.00045812766935779484
2015-02-13,-0.004549160411814779
2015-02-17,-0.0037603752823975366
2015-02-18,0.005177257289711655
2015-02-19,-0.005777370531712308
2015-02-20,0.005509088722695245
2015-02-23,0.005089148566367645
2015-02-24,0.0039188750076429345
2015-02-25,-0.005220008761047392
2015-02-26,0.0014421408369284093
2015-02-27,-0.0042455419231095795
2015-03-02,0.00042472786552544576
2015-03-03,-0.008268207846928234
2015-03-04,-0.001706598954131576
2015-03-05,0.006337764672693257
2015-03-06,-0.0036396475986883656
2015-03-09,0.0066962228889469785
2015-03-10,-0.004433653937683146
2015-03-11,0.0038344221672047814
2015-03-12,0.008446230416093199
2015-03-13,-0.0014448505066431646
2015-03-16,0.008783087489762077
2015-03-17,0.003561270405819604
2015-03-18,-0.0008311207830930881
2015-03-19,0.003277793251002149
2015-03-20,-0.00395608826655694
2015-03-23,-0.008158894052205523
2015-03-24,-0.0004075361186258017
2015-03-25,-0.01449269790042623
2015-03-26,-0.004827641731626837
2015-03-27,0.00742030420300663
2015-03-30,0.014423251163117221
2015-03-31,-0.004071624903612142
2015-04-01,-0.007190784606919488
2015-04-02,-0.003339134510866923
2015-04-06,0.00041617044097424485
2015-04-07,0.001398703980711144
2015-04-08,0.003701784802493985
2015-04-09,0.00486446062227855
2015-04-10,0.00230695781857586
2015-04-13,0.002048798518580662
2015-04-14,-0.0018061345702468645
2015-04-15,-0.002185880471151248
2015-04-16,-0.005524061018516361
2015-04-17,-0.006825038432813753
2015-04-20,0.005363980983911581
2015-04-21,0.000510742637857909
2015-04-22,-0.001890754303620302
2015-04-23,-0.0013967687766862713
2015-04-24,0.0055568886877694085
2015-04-27,-0.004325269077973925
2015-04-28,-0.006640486015777261
2015-04-29,-0.011756293318336513
2015-04-30,-0.004701770298583395
2015-05-01,0.007070905561203758
2015-05-04,0.0007381184614269119
2015-05-05,-0.0080559297841007
2015-05-06,-0.006863608817718726
2015-05-07,0.0059130301665673
2015-05-08,0.00893798796963128
2015-05-11,-0.0013600858028157518
2015-05-12,0.001684196108128702
2015-05-13,-0.0015918618063588844
2015-05-14,0.00429947202419578
2015-05-15,-0.0004133890635226086
2015-05-18,-7.70729886894e-05
2015-05-19,0.0009894377874583168
2015-05-20,-0.0012159934415310705
2015-05-21,0.003252116602354385
2015-05-22,-0.002534602007400148
2015-05-26,-0.004882905298900347
2015-05-27,0.006169175556046083
2015-05-28,0.001066121566884935
2015-05-29,-0.003129722431104918
2015-06-01,-0.0007198915013561932
2015-06-02,-0.012331503821134892
2015-06-03,0.003920154084476352
2015-06-04,-0.00605706074327171
2015-06-05,-0.0016025049228195122
2015-06-08,-0.008149114257882445
2015-06-09,-0.003116070322279763
2015-06-10,0.007402364762780633
2015-06-11,0.0038894183642876655
2015-06-12,-0.005915227175944624
2015-06-15,-0.003648558983738252
2015-06-16,0.004350470350923353
2015-06-17,-0.00335125097440889
2015-06-18,0.006777985008406501
2015-06-19,-0.0030221962366368082
2015-06-22,0.007200854073113556
2015-06-23,-0.0002451055486765948
2015-06-24,-0.004262502540956604
2015-06-25,-0.008983102238219395
2015-06-26,-0.002937980164090483
2015-06-29,-0.01644651656438428
2015-06-30,-0.010062760651417892
2015-07-01,0.010113154454684309
2015-07-02,-0.0021900863597268056
2015-07-06,0.0021034453814477634
2015-07-07,0.005578790399415313
2015-07-08,-0.009725658800566766
2015-07-09,0.005362683288683951
2015-07-10,0.004783155269662028
2015-07-13,0.008772042504987865
2015-07-14,0.002521212906402121
2015-07-15,0.004537645399714717
2015-07-16,0.004081333951892054
2015-07-17,0.002512342887369677
2015-07-20,0.003382960821937245
2015-07-21,-0.0054468086877548574
2015-07-22,0.00024121173398263684
2015-07-23,-0.0029088930108033795
2015-07-24,-0.010598661864567763
2015-07-27,-0.004605929598559022
2015-07-28,0.006671331790977232
2015-07-29,0.0004904534303666093
2015-07-30,0.002550345779393165
2015-07-31,0.0002188350601613188
2015-08-03,-0.0016645689912348986
2015-08-04,-0.007880941003690682
2015-08-05,0.0041989887671615685
2015-08-06,-0.004505853838273981
2015-08-07,-0.0023538775787910475
2015-08-10,0.00012682233408019343
2015-08-11,0.0008518029639237686
2015-08-12,-0.004440190171407596
2015-08-13,0.0006888958316105777
2015-08-14,0.004930173183638031
2015-08-17,0.006192640200989096
2015-08-18,4.307702400631489e-05
2015-08-19,-0.0038042674043353613
2015-08-20,-0.021277879000286225
2015-08-21,-0.018278366558837317
2015-08-24,-0.022256004616845442
2015-08-25,-0.0166992556805592
2015-08-26,0.04178589999185302
2015-08-27,0.00816535073365113
2015-08-28,-0.0068409924542368735
2015-08-31,-0.017307641753731402
2015-09-01,-0.005709564975691849
2015-09-02,0.0006453860319229551
2015-09-03,-0.001483816084132331
2015-09-04,0.0035717275455534837
2015-09-08,-0.005169831081069657
2015-09-09,0.003673292886225921
2015-09-10,-0.007082863895353756
2015-09-11,0.005993956804106558
2015-09-14,-0.00547937094142799
2015-09-15,0.004869168697162561
2015-09-16,-0.003873185775713537
2015-09-17,0.0028220864133145685
2015-09-18,0.004557638362904354
2015-09-21,-0.0028549424892418294
2015-09-22,0.004712403091268558
2015-09-23,0.0034929070755142675
2015-09-24,-0.0025729084789838435
2015-09-25,-0.008221608221314586
2015-09-28,0.004689583422385137
2015-09-29,0.000967361725902168
2015-09-30,0.00672921640683337
2015-10-01,0.005465046114345504
2015-10-02,-0.0004885495670971121
2015-10-05,5.302084825643663e-05
2015-10-06,-0.010696547230730864
2015-10-07,0.001082489367749731
2015-10-08,-0.0007101587811904421
2015-10-09,-0.005161950518516928
2015-10-12,0.004635267705809828
2015-10-13,0.00013646137501630744
2015-10-14,-0.003927656125568587
2015-10-15,0.004105388329063805
2015-10-16,0.0003354286062084135
2015-10-19,0.004584563506998469
2015-10-20,-0.006320322498094295
2015-10-21,0.004978798032841286
2015-10-22,0.009049271305385872
2015-10-23,0.0028414765297796003
2015-10-26,0.0058457089057811
2015-10-27,0.0027413945081300396
2015-10-28,-0.002628831449428855
2015-10-29,-8.407946450256356e-05
2015-10-30,-0.004852447061881777
2015-11-02,0.003660181781187945
2015-11-03,-0.003624445156006964
2015-11-04,0.000584575767942565
2015-11-05,0.005010125795719476
2015-11-06,0.002283051065899359
2015-11-09,-0.003512407189956304
2015-11-10,0.002218742400633205
2015-11-11,-0.002833718951565993
2015-11-12,-0.005087058360372726
2015-11-13,-0.004430934503323577
2015-11-16,0.014678162981451841
2015-11-17,-0.0037146622499167436
2015-11-18,0.009968378906210384
2015-11-19,-0.002579234588543329
2015-11-20,0.005532532911722612
2015-11-23,-0.003022245848901847
2015-11-24,-0.0030088416110913532
2015-11-25,0.0006780061283170382
2015-11-27,0.004441650796478348
2015-11-30,-0.0010700142764798264
2015-12-01,-0.0027520745709712566
2015-12-02,0.0013611062913251601
2015-12-03,-0.017637189533179515
2015-12-04,0.008245567446109913
2015-12-07,0.009856785758740836
2015-12-08,-0.0031886561966583435
2015-12-09,-0.008961191761997545
2015-12-10,0.003117357495319818
2015-12-11,-0.009819538127066955
2015-12-14,0.00617719556987017
2015-12-15,0.007507640147550666
2015-12-16,0.00950702532303422
2015-12-17,-0.004287295106935117
2015-12-18,-0.013771178081184937
2015-12-21,0.0028922163460751117
2015-12-22,0.004291727697784066
2015-12-23,0.0001374495127982959
2015-12-24,-0.0027122862093908484
2015-12-28,0.0026659621247385927
2015-12-29,0.003409357592805587
2015-12-30,-0.001101129570781761
2015-12-31,-0.0055966027854615205
2016-01-04,-0.004256128119008529
2016-01-05,-0.0008448182613056945
2016-01-06,-0.003309088907902393
2016-01-07,-0.014106726540187391
2016-01-08,-0.003704998547695858
2016-01-11,0.008924822146880791
2016-01-12,0.0004562553775705132
2016-01-13,-0.011922266550120688
2016-01-14,0.01099141814826039
2016-01-15,-0.006939651095548324
2016-01-19,0.0016198885181245763
2016-01-20,-0.005226861557545074
2016-01-21,-0.003240589665651434
2016-01-22,0.003985476114864613
2016-01-25,-0.005831376488088226
2016-01-26,-0.0017848251804749578
2016-01-27,-0.007044918102785108
2016-01-28,0.0009776632299424045
2016-01-29,0.006303373765785508
2016-02-01,0.0005999651410350112
2016-02-02,0.0014471637863414633
2016-02-03,-0.013475626544464414
2016-02-04,-0.002838803443547807
2016-02-05,-0.0019278999657740194
2016-02-08,-0.0009043665686048632
2016-02-09,0.002817426312327609
2016-02-10,-0.0013261420368698704
2016-02-11,-0.0026536208231085455
2016-02-12,-0.001398449212971382
2016-02-16,0.010305995505711037
2016-02-17,-0.0002580028034042179
2016-02-18,0.002335482956904824
2016-02-19,-0.0026596417920810686
2016-02-22,0.004188688665882506
2016-02-23,-0.00021496786847212003
2016-02-24,0.0007660518341697874
2016-02-25,0.002930206578909611
2016-02-26,-0.0008347988615190176
2016-02-29,-0.0057411906105083056
2016-03-01,0.0028345172187815254
2016-03-02,-0.004827335369614147
2016-03-03,0.0021817051993141072
2016-03-04,-0.007403676186966426
2016-03-07,-0.0033471884565771633
2016-03-08,0.0006624912297648927
2016-03-09,-0.003783255076587671
2016-03-10,-0.004035524007419525
2016-03-11,-0.001741347317921312
2016-03-14,-0.001738899964418348
2016-03-15,0.0025519514005993265
2016-03-16,0.008245457263425774
2016-03-17,0.0013725625848997516
2016-03-18,0.0033592004171426586
2016-03-21,-0.004755679923493492
2016-03-22,-0.00298270566123689
2016-03-23,0.003929848044854692
2016-03-24,-0.003844744916911531
2016-03-28,-0.0011303001625074618
2016-03-29,0.008909174561611676
2016-03-30,0.0031962856856827715
2016-03-31,0.0035992486007012264
2016-04-01,0.0024714829705373277
2016-04-04,-0.005406827875956205
2016-04-05,-8.496807150135933e-05
2016-04-06,0.00515013471579285
2016-04-07,-0.005539788569569144
2016-04-08,0.0023335532547401148
2016-04-11,-0.00020992099623351514
2016-04-12,0.0028112675375035574
2016-04-13,0.002282104962332235
2016-04-14,-0.0012474835317611243
2016-04-15,0.0017612001271575543
2016-04-18,0.003430361480774645
2016-04-19,0.00380700815284683
2016-04-20,-0.005739401382961747
2016-04-21,-0.006347212513903415
2016-04-22,0.00018482624566672115
2016-04-25,-0.0033399324838395924
2016-04-26,-0.0029861112075516625
2016-04-27,0.006759889426036411
2016-04-28,0.000695011957568388
2016-04-29,-0.0011604130875074294
2016-05-02,0.0017245161593784472
2016-05-03,-0.009636890753890246
2016-05-04,-0.004919651594331522
2016-05-05,-0.007506151314896595
2016-05-06,0.005552200880862829
2016-05-09,-0.010086364539813862
2016-05-10,0.014683615448491281
2016-05-11,0.00210390471826501
2016-05-12,-0.0023606251296532967
2016-05-13,-0.006814126218230588
2016-05-16,0.006301379344383307
2016-05-17,-0.0019227641723983447
2016-05-18,-0.006984313703401151
2016-05-19,-0.0018406787020375558
2016-05-20,0.006130048738964051
2016-05-23,-0.002024168091011274
2016-05-24,0.007296165389242871
2016-05-25,0.008458372614387678
2016-05-26,0.0009695554867508129
2016-05-27,-0.0028341359493278284
2016-05-31,-0.006482617958705873
2016-06-01,0.004797042861134996
2016-06-02,0.0034402215852285412
2016-06-03,-0.006976746763216912
2016-06-06,0.0012045381680245468
2016-06-07,0.0014204921814313957
2016-06-08,0.0020409407093528796
2016-06-09,0.0005108025660660665
2016-06-10,-0.003498757675055257
2016-06-13,-0.007248117863333504
2016-06-14,0.00014761143699637072
2016-06-15,-0.0028579085478535452
2016-06-16,0.00331294630554766
2016-06-17,-0.0022437131527327553
2016-06-20,-0.00032632843876767494
2016-06-21,-0.005540562548096807
2016-06-22,0.0012054418713054857
2016-06-23,0.0016736602799558534
2016-06-24,-0.018547114233504303
2016-06-27,-0.0013144649968165382
2016-06-28,0.010724604780577678
2016-06-29,0.008900503781263228
2016-06-30,0.005218181739088816
2016-07-01,0.0021528153961442326
2016-07-05,-0.0011812332739961826
2016-07-06,0.0031902890067460688
2016-07-07,-0.002145411479580722
2016-07-08,0.010321790357085959
2016-07-11,-0.0019174803123597273
2016-07-12,-0.0043262358051552674
2016-07-13,0.005139969358611714
2016-07-14,-0.005945676516658148
2016-07-15,-0.002051743691596484
2016-07-18,-0.00010941307903288616
2016-07-19,0.0013837655427442193
2016-07-20,-0.004152713605207558
2016-07-21,0.0036790825551498933
2016-07-22,-0.0012326893038187262
2016-07-25,-0.004430532458411356
2016-07-26,0.003356819780858803
2016-07-27,0.0050642881209566285
2016-07-28,0.0016598696524394896
2016-07-29,0.006659710001319468
2016-08-01,-0.006900416325507613
2016-08-02,-0.0050695175952646335
2016-08-03,-0.0009666533552239798
2016-08-04,0.005052101491704515
2016-08-05,-0.004080405065078341
2016-08-08,-0.0018192699904914335
2016-08-09,0.004004175948861443
2016-08-10,0.00323292551086369
2016-08-11,-0.005535806287328124
2016-08-12,-0.0021602912201555344
2016-08-15,-0.006216286487642738
2016-08-16,-0.0018543077165387167
2016-08-17,-0.0006413831811467541
2016-08-18,-0.0030033701228422954
2016-08-19,-0.005267768493645964
2016-08-22,0.004371618842670067
2016-08-23,0.002461526609724306
2016-08-24,-0.004238060527734685
2016-08-25,0.0006471109348072837
2016-08-26,-0.005278200495501418
2016-08-29,0.0102318836323879
2016-08-30,-0.002935270653934085
2016-08-31,-0.00033626167721254236
2016-09-01,0.0013409562160722728
2016-09-02,0.0013660669145177076
2016-09-06,0.005610657738276601
2016-09-07,-0.006135221377536829
2016-09-08,-0.00661063408719823
2016-09-09,-0.02249222637819979
2016-09-12,0.010247810364267708
2016-09-13,-0.006448393559889694
2016-09-14,-0.0018843720292450713
2016-09-15,0.006601426654169989
2016-09-16,-0.00142407036048632
2016-09-19,-0.0006218869596201648
2016-09-20,0.001518924694224485
2016-09-21,0.009221450928452526
2016-09-22,0.005908225701002263
2016-09-23,-0.0016948238119557121
2016-09-26,-0.0037080535032551223
2016-09-27,0.006624449940301444
2016-09-28,0.0010659500317813102
2016-09-29,-0.004748719486739371
2016-09-30,0.0025378617742530768
2016-10-03,-0.0037993399285487913
2016-10-04,-0.00951082510838217
2016-10-05,0.0018403983108251699
2016-10-06,0.00165509327817222
2016-10-07,-0.00021357128216304078
2016-10-10,0.00477797083963735
2016-10-11,-0.008442780904216645
2016-10-12,-0.0007367551791313976
2016-10-13,-0.0038939924024302256
2016-10-14,0.0060584554859575935
2016-10-17,0.0022725584343517486
2016-10-18,0.002433732304458244
2016-10-19,0.0058461935128294555
2016-10-20,-0.003371546308097132
2016-10-21,-0.0005136405443598188
2016-10-24,0.003197183773342959
2016-10-25,-0.0024073444307065577
2016-10-26,-0.003650054270022075
2016-10-27,-0.008435632101650384
2016-10-28,-9.908409520195818e-06
2016-10-31,0.001388100567224989
2016-11-01,-0.003563853027771977
2016-11-02,-0.007999855644395966
2016-11-03,-0.0031367182471487656
2016-11-04,-0.004245747408232339
2016-11-07,0.015500380760009659
2016-11-08,0.008001884940075603
2016-11-09,0.0049177925900657825
2016-11-10,0.004404764345842122
2016-11-11,0.002731195404706289
2016-11-14,0.004816972808223673
2016-11-15,0.006766628288958587
2016-11-16,-0.0033871968876226137
2016-11-17,0.011063235539553238
2016-11-18,0.0012818544168316257
2016-11-21,-0.0024283965741334927
2016-11-22,0.003933732801741959
2016-11-23,0.006701121864744314
2016-11-25,0.0004178337940283519
2016-11-28,-0.006006836235828544
2016-11-29,0.0008485959707867891
2016-11-30,0.0031202865078918413
2016-12-01,-0.006039995113521593
2016-12-02,-0.005834681683936424
2016-12-05,0.004037890719220872
2016-12-06,0.002153267534504411
2016-12-07,0.004451940734921485
2016-12-08,0.0047495164178944635
2016-12-09,0.0067862870359342254
2016-12-12,-0.005196061635825359
2016-12-13,0.004106269805539439
2016-12-14,0.003088546875743337
2016-12-15,0.005912178790609583
2016-12-16,-0.002598226986412532
2016-12-19,-0.0006743095087771347
2016-12-20,0.001890986199343352
2016-12-21,-0.002165718443312757
2016-12-22,-0.00025146110279059084
2016-12-23,6.0825482893760136e-05
2016-12-27,0.0021151620650282244
2016-12-28,-0.005102924719723964
2016-12-29,-0.005298044584747209
2016-12-30,-0.003908204049154919
2017-01-03,0.004633242185327469
2017-01-04,0.0012086928158806395
2017-01-05,-0.004030196700263308
2017-01-06,0.004777267642174515
2017-01-09,-0.005661997546831959
2017-01-10,0.0017665256479822236
2017-01-11,0.0017696769898079027
2017-01-12,0.00017290039677832463
2017-01-13,0.001403833338605135
2017-01-17,-0.005539702087567335
2017-01-18,0.0036208373704282692
2017-01-19,-0.0011140497496750488
2017-01-20,-6.704583635935164e-05
2017-01-23,-0.004361309957352261
2017-01-24,0.005724927604221115
2017-01-25,0.005295635280653547
2017-01-26,0.00039275052822156564
2017-01-27,-0.0010757194484994485
2017-01-30,-0.0064284804566664905
2017-01-31,-0.0021211143997704155
2017-02-01,0.0009035357197371796
2017-02-02,-0.0009256023747943812
2017-02-03,0.005924546985851132
2017-02-06,-0.0015521778886231584
2017-02-07,-0.0025405502890226044
2017-02-08,0.0035955048493272255
2017-02-09,0.0037204276250749975
2017-02-10,0.006575371631709108
2017-02-13,0.004046553412617821
2017-02-14,0.0024435787215982886
2017-02-15,0.0067173035508925885
2017-02-16,-0.0027825220530471296
2017-02-17,3.7814775541471105e-05
2017-02-21,0.00470245448399833
2017-02-22,-0.0006844635665207547
2017-02-23,-0.0011935344871367745
2017-02-24,0.0011340000372900077
2017-02-27,0.0011079620997950282
2017-02-28,-0.0016191183098020685
2017-03-01,0.008817964599167626
2017-03-02,-0.011152295021527673
2017-03-03,0.0001322038068993722
2017-03-06,-0.003393989649647404
2017-03-07,-0.003507706675386766
2017-03-08,-0.002258778256157091
2017-03-09,-0.00010419691817170828
2017-03-10,-0.0003316796557419914
2017-03-13,-0.001702409247472142
2017-03-14,-0.0015917841560958534
2017-03-15,0.006422216318614404
2017-03-16,-0.0015427289153533495
2017-03-17,-0.0006392024956043845
2017-03-20,-0.0021206725212788683
2017-03-21,-0.014953697862044773
2017-03-22,0.0034915958366461704
2017-03-23,-0.002449093155249149
2017-03-24,0.0006236070694682352
2017-03-27,-0.0016830123036940098
2017-03-28,0.007621904563517809
2017-03-29,0.0028945323008850144
2017-03-30,0.0021170155776117174
2017-03-31,-0.0015291350664519067
2017-04-03,-0.0019447525953507501
2017-04-04,-0.0025780435286895595
2017-04-05,-0.005250145033630057
2017-04-06,0.002621876802905323
2017-04-07,-0.002952475905763614
2017-04-10,0.0015250123608109973
2017-04-11,0.002734451118733408
2017-04-12,0.000433209062310506
2017-04-13,-0.005427648047977888
2017-04-17,0.007191474394101379
2017-04-18,0.002884821625905946
2017-04-19,-0.00379167381690163
2017-04-20,0.008099021119829188
2017-04-21,-0.0023417242531248708
2017-04-24,0.006501983290672399
2017-04-25,0.0012506938708141775
2017-04-26,0.0020881490381291596
2017-04-27,0.0010802492669582345
2017-04-28,0.0003820972947349719
2017-05-01,-0.0017729317257512258
2017-05-02,-0.0001224283757526505
2017-05-03,0.005157343111918934
2017-05-04,0.004492137645637445
2017-05-05,0.0007905405385907715
2017-05-08,0.0009888660680642475
2017-05-09,-0.00041845042574131135
2017-05-10,-4.551532225573698e-06
2017-05-11,-0.0038539248545509637
2017-05-12,-0.0008608193457938958
2017-05-15,0.00022378804585862668
2017-05-16,-0.007175236793865055
2017-05-17,-0.013873537918932704
2017-05-18,0.007142427295071061
2017-05-19,0.0002674678755543333
2017-05-22,0.0002552908859790092
2017-05-23,0.0056330880686148764
2017-05-24,0.0017577782245251849
2017-05-25,0.010846949689800347
2017-05-26,-0.0019318953785943008
2017-05-30,0.0038087397660600117
2017-05-31,0.0018649491338224107
2017-06-01,0.012228978355712378
2017-06-02,0.004625996295189228
2017-06-05,-0.0019186193893401167
2017-06-06,-0.00292263831416534
2017-06-07,-0.0011245369529057645
2017-06-08,-0.0027447151374513606
2017-06-09,-0.0038670222382265265
2017-06-12,-0.001871657298461628
2017-06-13,0.004449054752236821
2017-06-14,-0.001388398024789506
2017-06-15,-0.004336811093120695
2017-06-16,-0.0005434007319794141
2017-06-19,0.007012280375335867
2017-06-20,-0.0018190492649331703
2017-06-21,0.0009999510253184938
2017-06-22,0.0024073489054564643
2017-06-23,0.0005198527913119783
2017-06-26,0.0013340497879023691
2017-06-27,-0.011482498583829001
2017-06-28,0.010427413358862955
2017-06-29,-0.014525354707975405
2017-06-30,-0.007862550135641997
2017-07-03,-0.005064315848226347
2017-07-05,-0.0029668879101048084
2017-07-06,-0.008568960412854302
2017-07-07,0.00861787040115687
2017-07-10,-0.0019909395132790258
2017-07-11,-0.002210016734558248
2017-07-12,0.00935992977499166
2017-07-13,0.004999151592718206
2017-07-14,0.001463343441422487
2017-07-17,0.00020478004221146653
2017-07-18,-0.0010331666964796874
2017-07-19,0.0043742950579652015
2017-07-20,-0.00022150816356842506
2017-07-21,0.000601753731971519
2017-07-24,-0.0006223411069898841
2017-07-25,0.0042393467214962306
2017-07-26,-0.0005852746896867379
2017-07-27,-0.00563925138376295
2017-07-28,-0.00126607213067129
2017-07-31,-0.0005217787625078464
2017-08-01,0.0052386091934976875
2017-08-02,-0.001966807073759166
2017-08-03,-0.0029051094292268475
2017-08-04,0.0011799571873923925
2017-08-07,0.002184343205320657
2017-08-08,-0.004448260826757127
2017-08-09,0.002263305322370402
2017-08-10,-0.017945700421937587
2017-08-11,0.003764306025355219
2017-08-14,0.00808174661316588
2017-08-15,-0.0028048643382489157
2017-08-16,0.003143466113137554
2017-08-17,-0.01785533417321191
2017-08-18,0.004716348496893908
2017-08-21,0.00036831211259908016
2017-08-22,0.010502859859256041
2017-08-23,-0.00413139812100956
2017-08-24,0.0041009583858628035
2017-08-25,0.00024001829574871324
2017-08-28,-0.004404271935168415
2017-08-29,0.009449701881346402
2017-08-30,0.0020528941989195575
2017-08-31,0.012429266762255487
2017-09-01,0.0011142390515271382
2017-09-05,-0.010869079272224129
2017-09-06,0.0009383063965263562
2017-09-07,0.0068237805825793335
2017-09-08,-0.004056013463260203
2017-09-11,0.00709497087157365
2017-09-12,0.00203576762157635
2017-09-13,-0.005135862440162195
2017-09-14,-0.004695868844277676
2017-09-15,0.0027324147118464965
2017-09-18,0.00018799686526339322
2017-09-19,0.0011932025184830176
2017-09-20,-0.0029304605970719025
2017-09-21,-0.0041900247153259336
2017-09-22,0.00039124935673020677
2017-09-25,-0.0009604375458779771
2017-09-26,-0.0032282807191418733
2017-09-27,-0.002044711251863578
2017-09-28,0.0036454055307145144
2017-09-29,0.002314240626409561
2017-10-02,0.0036429915345982155
2017-10-03,-0.001576086888410609
2017-10-04,0.002485035987891193
2017-10-05,0.006647252791145683
2017-10-06,-0.002745275496629761
2017-10-09,-0.000129198159445742
2017-10-10,0.0021713334467465843
2017-10-11,0.002133721521769968
2017-10-12,-0.003255935847537667
2017-10-13,0.0002380755197033496
2017-10-16,0.004538328289035496
2017-10-17,0.0020080487996297714
2017-10-18,0.004257899408007318
2017-10-19,-0.003926099334539892
2017-10-20,0.009097799890109805
2017-10-23,-0.006117041421119206
2017-10-24,0.0038530682037722793
2017-10-25,-0.0035651199531687577
2017-10-26,0.0036141104876286374
2017-10-27,0.005563717120389186
2017-10-30,-0.005491386652669341
2017-10-31,0.005197485376770401
2017-11-01,-0.000818829587610057
2017-11-02,-0.0014358082267511099
2017-11-03,0.002204389502482653
2017-11-06,0.002669702193936523
2017-11-07,-0.004153089324087389
2017-11-08,0.004951613499289811
2017-11-09,-0.004613037683705433
2017-11-10,0.00024498630840842357
2017-11-13,0.0016399207915401015
2017-11-14,-0.005549733029623662
2017-11-15,-0.005326692070270942
2017-11-16,0.011201697005550742
2017-11-17,-0.006320871682638986
2017-11-20,0.004531635968509532
2017-11-21,0.007449390074593941
2017-11-22,-0.0029143031613501195
2017-11-24,0.005943449588279262
2017-11-27,-0.0021004563295928917
2017-11-28,0.010997535021337792
2017-11-29,-0.00013858489844289498
2017-11-30,0.009750017328099186
2017-12-01,-0.005036021620139811
2017-12-04,-0.0028985265121472224
2017-12-05,-0.0025727782733955397
2017-12-06,0.0001830640265096646
2017-12-07,0.005768126250231117
2017-12-08,0.004039554070999433
2017-12-11,0.004293664229747578
2017-12-12,-0.0004934858657539426
2017-12-13,0.0005682102991194387
2017-12-14,-0.00575238889815835
2017-12-15,0.013385692937444923
2017-12-18,0.005680415843222654
2017-12-19,-0.003065602133717818
2017-12-20,-0.0026049104869652296
2017-12-21,0.003246140810604319
2017-12-22,-0.0012419601043729316
2017-12-26,0.002034012098610555
2017-12-27,-0.0024233042688856015
2017-12-28,0.0013509918115026302
2017-12-29,-0.008338619424169365
2018-01-02,0.011924733409734734
2018-01-03,0.0071269413856723555
2018-01-04,0.010045752475078364
2018-01-05,0.007387302384774342
2018-01-08,0.002828096606669056
2018-01-09,-0.0007562780559128386
2018-01-10,0.0005252350581944753
2018-01-11,0.009139540623108755
2018-01-12,0.01421921998323611
2018-01-16,-0.0015237505778122622
2018-01-17,0.009486012532802481
2018-01-18,-0.0037017973316922914
2018-01-19,0.004433730761407334
2018-01-22,0.010162462490357163
2018-01-23,0.0010025647055061525
2018-01-24,0.0035575946162084145
2018-01-25,0.0014503649057684114
2018-01-26,0.015578483923267609
2018-01-29,-0.011558458505534906
2018-01-30,-0.01823712919171251
2018-01-31,0.008849798811423198
2018-02-01,0.0006147924559833398
2018-02-02,-0.034115513747609676
2018-02-05,-0.061757872006364255
2018-02-06,0.03054629737994201
2018-02-07,-0.02003204275783157
2018-02-08,-0.023567862393481527
2018-02-09,0.01121572641600952
2018-02-12,0.014992630011148627
2018-02-13,0.007234345005540953
2018-02-14,0.0226198698018972
2018-02-15,0.019551059662558202
2018-02-16,-0.002952362191505606
2018-02-20,-0.010084928147346489
2018-02-21,-0.012260355035125764
2018-02-22,0.010662301460652198
2018-02-23,0.012752129738300508
2018-02-26,0.015316629940221033
2018-02-27,-0.013348684235123878
2018-02-28,-0.016413178544705895
2018-03-01,-0.019109637842570526
2018-03-02,0.0022376038974510834
2018-03-05,0.006939330695512032
2018-03-06,-0.008615694128427312
2018-03-07,0.008654894820497248
2018-03-08,0.0030649232587866447
2018-03-09,0.008249871727601821
2018-03-12,-0.000844861725546091
2018-03-13,-0.0061538554296793665
2018-03-14,-0.00434622143383301
2018-03-15,0.001854210230462242
2018-03-16,0.00041756867844453314
2018-03-19,-0.008859480322920655
2018-03-20,0.004175139611247683
2018-03-21,-0.002506769026128372
2018-03-22,-0.020725765374965524
2018-03-23,-0.002724885095288211
2018-03-26,0.015486350208076313
2018-03-27,-0.0160961383745477
2018-03-28,-0.003389427978429093
2018-03-29,0.0072165525991037885
2018-04-02,-0.01300051254518742
2018-04-03,0.004307838358827908
2018-04-04,0.006896492005570719
2018-04-05,-0.00868984348272048
2018-04-06,-0.0023254711010234196
2018-04-09,0.0023697554734965565
2018-04-10,0.01009399523077371
2018-04-11,0.003510400570526232
2018-04-12,-5.431522285992523e-05
2018-04-13,0.001881147753517276
2018-04-16,0.005174907749978796
2018-04-17,0.0024864546494236402
2018-04-18,-0.000880988194163991
2018-04-19,-0.0037452246628853847
2018-04-20,-0.004308525317693023
2018-04-23,0.004249921865727365
2018-04-24,-0.007383479741868312
2018-04-25,0.0017654032617342099
2018-04-26,0.005392936355002519
2018-04-27,-0.0005858010637099884
2018-04-30,-0.003012452660095348
2018-05-01,-0.0032951704513775656
2018-05-02,-0.008605846503928809
2018-05-03,-0.0023612086914081916
2018-05-04,0.0086757024819657
2018-05-07,-0.0009101950840378033
2018-05-08,0.0023677641831505785
2018-05-09,0.009593046966227764
2018-05-10,0.001169833118025082
2018-05-11,0.00012613355046103188
2018-05-14,0.005145603986806261
2018-05-15,0.0021335798327626596
2018-05-16,0.006349294358162894
2018-05-17,-0.0005847130742173397
2018-05-18,-0.004972144637276488
2018-05-21,0.00448568069479382
2018-05-22,-0.00255807661132012
2018-05-23,-0.0030649520798865615
2018-05-24,-0.005141085886108237
2018-05-25,-0.006542149123345686
2018-05-29,-0.02001622873917326
2018-05-30,0.011875572486517766
2018-05-31,-0.0009591311694803199
2018-06-01,0.004950566019577815
2018-06-04,0.005137482936281409
2018-06-05,-0.0018400187015229245
2018-06-06,0.004778825012439062
2018-06-07,0.003996613826880315
2018-06-08,-0.0005010131491824507
2018-06-11,0.006473166713201566
2018-06-12,-0.0028116926029424167
2018-06-13,1.2688566387726065e-05
2018-06-14,0.007698743760445363
2018-06-15,-0.0039241131728544355
2018-06-18,-0.0011242316226049045
2018-06-19,0.003528693491991963
2018-06-20,0.0013217973702513127
2018-06-21,-0.007867358634780771
2018-06-22,0.0028354120463168495
2018-06-25,-0.005248669753429833
2018-06-26,0.005459445932946503
2018-06-27,-0.0003557924125197745
2018-06-28,0.00586445793503839
2018-06-29,-0.0025704221576402318
2018-07-02,0.0025544295348596383
2018-07-03,-0.009476001579269285
2018-07-05,0.005491968213159407
2018-07-06,0.0011536002128301334
2018-07-09,0.00904937920639808
2018-07-10,-0.0016896571686679037
2018-07-11,0.006992616468962763
2018-07-12,0.005049213186436529
2018-07-13,0.0020738097275352415
2018-07-16,-0.002516186612462287
2018-07-17,0.007198640260656857
2018-07-18,0.0002260972483294664
2018-07-19,-0.0011038055425438246
2018-07-20,-0.006351871895654218
2018-07-23,0.007208732694815848
2018-07-24,-0.0011933608225307797
2018-07-25,0.0003002547205645002
2018-07-26,0.006102676551962306
2018-07-27,-0.008430541933128014
2018-07-30,-0.004209556499107716
2018-07-31,-0.0006364385835063691
2018-08-01,0.0038899340352975833
2018-08-02,0.005640362877508456
2018-08-03,-0.00098467988946616
2018-08-06,0.00428329269521875
2018-08-07,0.0013622448483631634
2018-08-08,-0.001655437683021962
2018-08-09,-0.0017177609092690629
2018-08-10,-0.000948885223656691
2018-08-13,-8.523498972172453e-05
2018-08-14,0.005288106371565678
2018-08-15,-0.001115835708727233
2018-08-16,0.002830488666806415
2018-08-17,-0.0025385810308715135
2018-08-20,-0.002779292680220435
2018-08-21,-0.0038406457661132273
2018-08-22,0.006786460132526216
2018-08-23,0.004881399960554369
2018-08-24,-0.00045352273812657715
2018-08-27,0.003094591136320737
2018-08-28,0.003412118993998231
2018-08-29,0.002757584194346375
2018-08-30,-0.0025206400865206762
2018-08-31,0.000964838721172089
2018-09-04,0.0032494101965316905
2018-09-05,-0.008089977786240527
2018-09-06,-0.004310830138188372
2018-09-07,0.0004633905470049154
2018-09-10,0.0002708573438643079
2018-09-11,0.0056026026094058885
2018-09-12,-0.0036649957015296507
2018-09-13,0.0032401053163197396
2018-09-14,0.004425681989229783
2018-09-17,-0.009510390454875754
2018-09-18,0.004757492090322141
2018-09-19,-0.0005468727780849185
2018-09-20,-0.00023599987118174315
2018-09-21,-0.0010860969859973605
2018-09-24,0.0016695100315824833
2018-09-25,-0.0023977721728670118
2018-09-26,0.00016814291188794336
2018-09-27,0.007077349640719633
2018-09-28,-0.0009837133964433985
2018-10-01,0.0021662477664251127
2018-10-02,-0.003983237028561115
2018-10-03,0.008266016106483044
2018-10-04,-0.00533434845837394
2018-10-05,-0.003611147731326826
2018-10-08,0.0003276660872023762
2018-10-09,-0.001538841127468528
2018-10-10,-0.029653448986948414
2018-10-11,-0.008879993730627095
2018-10-12,0.003623062123773443
2018-10-15,-0.005448065855293609
2018-10-16,0.016722180685201288
2018-10-17,-8.021151160371575e-05
2018-10-18,-0.008857286414689362
2018-10-19,-0.00019281337305556985
2018-10-22,-0.0019097339790859794
2018-10-23,-0.005849788170058908
2018-10-24,-0.022443560653059427
2018-10-25,0.005633073080062443
2018-10-26,-0.005222358311442439
2018-10-29,-0.004243375996246549
2018-10-30,0.014832611898862643
2018-10-31,0.0071714751434953355
2018-11-01,-0.0021278134521713543
2018-11-02,0.0011114383444027415
2018-11-05,0.006204068049363595
2018-11-06,0.0022262252753526353
2018-11-07,0.013235065197605126
2018-11-08,0.0011332586835594966
2018-11-09,-0.001868565720307769
2018-11-12,-0.006779738236824497
2018-11-13,0.001151413505573369
2018-11-14,-0.00491247253933481
2018-11-15,-0.0007098236288186383
2018-11-16,-0.0019686881444057726
2018-11-19,-0.007241290963841492
2018-11-20,-0.004378700610865337
2018-11-21,-0.0011691827659555715
2018-11-23,-0.0013900117538696941
2018-11-26,0.008919501259564496
2018-11-27,0.005496159726709447
2018-11-28,0.00565062051353917
2018-11-29,-0.0010537511303958843
2018-11-30,0.0032927156699883602
2018-12-03,-0.005051228997248998
2018-12-04,-0.019691660319863774
2018-12-06,-0.0022968376001546646
2018-12-07,-0.015276682032922656
2018-12-10,0.00599145510994171
2018-12-11,-0.00029974077776801465
2018-12-12,0.000696896988528732
2018-12-13,-0.004608922340680895
2018-12-14,-0.005604407241157096
2018-12-17,-0.010229245914496952
2018-12-18,-0.0020781145800277336
2018-12-19,-0.01159044106582552
2018-12-20,-0.005251116347819176
2018-12-21,-0.007458068935990793
2018-12-24,-0.02007487818133486
2018-12-26,0.02453982054099491
2018-12-27,0.004434854117044554
2018-12-28,-0.0027998001991237937
2018-12-31,-0.003885935293222424
2019-01-02,-0.01083836723334003
2019-01-03,-0.014698111256642856
2019-01-04,-0.010831151191865741
2019-01-07,-0.0010890772967240175
2019-01-08,-0.0011554480462911876
2019-01-09,-0.007251813579348194
2019-01-10,0.005843383165227827
2019-01-11,0.0014510770489322194
2019-01-14,0.003642459792089092
2019-01-15,0.002648125960346663
2019-01-16,-0.00037938618054396335
2019-01-17,-0.0037881082799203812
2019-01-18,0.0003907922728417951
2019-01-22,0.0021698954584893067
2019-01-23,-0.0016131210644693636
2019-01-24,0.0017461905460651199
2019-01-25,-0.007118139312245028
2019-01-28,0.004268531734039594
2019-01-29,0.0005624583901376334
2019-01-30,-0.00014979719219569611
2019-01-31,0.00528928138937413
2019-02-01,-0.0048515842867641965
2019-02-04,-0.0025588095874248904
2019-02-05,0.006765805860318505
2019-02-06,0.0009611282317115327
2019-02-07,0.0015071977549364346
2019-02-08,0.004418223661791139
2019-02-11,-0.0016544952666896792
2019-02-12,0.0014435910884151803
2019-02-13,0.0005201484334898217
2019-02-14,0.0015028068639754708
2019-02-15,0.004653673518775331
2019-02-19,0.0043663611779669554
2019-02-20,0.0028276640786021805
2019-02-21,-0.009769138933744703
2019-02-22,0.007410327155860365
2019-02-25,0.00035697297243955287
2019-02-26,9.713641697639742e-06
2019-02-27,-0.004480185826922924
2019-02-28,-0.00638561854140913
2019-03-01,-0.004792391418801141
2019-03-04,-0.005805293276045501
2019-03-05,-0.0001947420776544725
2019-03-06,0.0009936721488691168
2019-03-07,0.0024750696208563445
2019-03-08,-0.0011135497178055564
2019-03-11,0.008103887632086929
2019-03-12,-0.0037265240856704635
2019-03-13,0.004213976429092779
2019-03-14,-0.002907120250225527
2019-03-15,0.0016742401616663268
2019-03-18,0.0008040226167924426
2019-03-19,-0.0011453168219834173
2019-03-20,-0.0007370324382841348
2019-03-21,0.004839472120176203
2019-03-22,-0.007999028400392955
2019-03-25,0.0009182608439857974
2019-03-26,0.004862659438039589
2019-03-27,0.0012949092368828214
2019-03-28,0.003719914144019931
2019-03-29,0.006687068438548645
2019-04-01,0.0023122078367685296
2019-04-02,-0.001440845511530271
2019-04-03,-0.001701534673415792
2019-04-04,0.0014115267938947615
2019-04-05,0.006465847172114627
2019-04-08,-0.0028292686892012467
2019-04-09,-0.0027233094749337734
2019-04-10,0.00452723837314368
2019-04-11,0.0011616190035881027
2019-04-12,-0.0010067649649316995
2019-04-15,-6.8396205486067036e-06
2019-04-16,0.0026715742584748716
2019-04-17,0.0007639755405729644
2019-04-18,0.004879787796611879
2019-04-22,-0.00029527368173477993
2019-04-23,0.012167901038210749
2019-04-24,0.0042891085335247025
2019-04-25,-0.005417840561628367
2019-04-26,0.004257743924163639
2019-04-29,4.456426116662325e-05
2019-04-30,0.004336638609824176
2019-05-01,-0.006615207971108184
2019-05-02,-9.11699761178325e-05
2019-05-03,0.0038177546126671757
2019-05-06,-0.0028076451804902786
2019-05-07,-0.0075506228196129946
2019-05-08,0.0017514230487108476
2019-05-09,0.002010297229966526
2019-05-10,0.0018553122102392889
2019-05-13,-0.01957056103647776
2019-05-14,0.004410495968940807
2019-05-15,0.003124396307307387
2019-05-16,0.004993870303254136
2019-05-17,0.0008084092632483686
2019-05-20,-0.008913101036777685
2019-05-21,0.006629399407788415
2019-05-22,-0.003346621659011203
2019-05-23,-0.007555671398923772
2019-05-24,-0.004801609149161955
2019-05-28,-0.008634142688341805
2019-05-29,-0.004548166838613751
2019-05-30,-0.009543204820271047
2019-05-31,-0.0041918428655881735
2019-06-03,-0.004921821827963068
2019-06-04,0.0020831943860095937
2019-06-05,0.006861678908504343
2019-06-06,-0.00038839766720708295
2019-06-07,0.006740095881296421
2019-06-10,-0.0025191374641485046
2019-06-11,-0.0003186871102019421
2019-06-12,0.005867113646115662
2019-06-13,0.0028011551200487835
2019-06-14,0.0044716403895864645
2019-06-17,-0.0032521886538606605
2019-06-18,0.0014359146041306651
2019-06-19,0.002981400181210819
2019-06-20,-0.0022336194078883096
2019-06-21,-0.0034636910273528896
2019-06-24,0.0022991986605438346
2019-06-25,-0.00428237332439621
2019-06-26,-0.005987320781640371
2019-06-27,0.003328873743932951
2019-06-28,0.0014196315419049165
2019-07-01,0.004160156274165785
2019-07-02,0.009052821657091408
2019-07-03,0.005916185201228933
2019-07-05,-0.009764374423233545
2019-07-08,-0.004698674628207488
2019-07-09,-0.001816790633957353
2019-07-10,0.006409382688013864
2019-07-11,-0.0022285520766350806
2019-07-12,0.004406039412410128
2019-07-15,0.0025037802718183046
2019-07-16,-0.0037515135110136022
2019-07-17,-0.000695234210044546
2019-07-18,0.005807797906683209
2019-07-19,-0.00935937739603605
2019-07-22,0.002678514659100084
2019-07-23,0.00019444413210152646
2019-07-24,0.006969846913435858
2019-07-25,-0.00650509595498116
2019-07-26,0.004557601722510906
2019-07-29,0.0027703975391878658
2019-07-30,-6.364224391089331e-05
2019-07-31,-0.01214209405241494
2019-08-01,0.006285253089156614
2019-08-02,-0.0037515189699924506
2019-08-05,-0.026756300261277233
2019-08-06,0.02793467704631193
2019-08-07,0.006192012988471334
2019-08-08,0.011378212040842602
2019-08-09,-0.006246541575454985
2019-08-12,-0.0024660010113748973
2019-08-13,0.005865874864396015
2019-08-14,-0.010939365854005192
2019-08-15,0.00839389977396366
2019-08-16,0.0074979387262035764
2019-08-19,0.0033020438852503033
2019-08-20,-0.005180820544197893
2019-08-21,0.008675000815256389
2019-08-22,-0.003465126114492975
2019-08-23,-0.009271657339904179
2019-08-26,0.006367665275351222
2019-08-27,0.0036882250577590214
2019-08-28,0.003318422035203503
2019-08-29,0.008530124092182975
2019-08-30,0.0056322229439827905
2019-09-03,0.001960808384117255
2019-09-04,-0.00339524847193923
2019-09-05,-0.006151412472648806
2019-09-06,0.0013304678194759566
2019-09-09,-0.007994890808430138
2019-09-10,-0.011661508767678816
2019-09-11,0.006898276128034734
2019-09-12,-0.005541068112224803
2019-09-13,-0.0133020736997291
2019-09-16,0.0011837569314485817
2019-09-17,0.004883050792950558
2019-09-18,0.0008415055910770835
2019-09-19,0.0023768751258992295
2019-09-20,0.005079842649196022
2019-09-23,0.0021611676097051296
2019-09-24,0.00023972626234363878
2019-09-25,-0.0056071125094380135
2019-09-26,0.0029934248240382926
2019-09-27,-0.004405201377895702
2019-09-30,-0.0024853685857747993
2019-10-01,-0.0034366925342487102
2019-10-02,-0.01006677518272604
2019-10-03,0.006920200013160096
2019-10-04,0.007444182712025806
2019-10-07,-0.0027767035585817726
2019-10-08,-0.008668240609357575
2019-10-09,0.00032024853217582145
2019-10-10,0.0036461822997169886
2019-10-11,-0.0025549318550959045
2019-10-14,0.0035358777580145923
2019-10-15,0.004624277435835819
2019-10-16,-0.0020688725912768446
2019-10-17,-0.004388570724550783
2019-10-18,-0.006823728755683317
2019-10-21,0.002606455951095571
2019-10-22,0.0010361236522629478
2019-10-23,0.0004495058105480641
2019-10-24,0.0031185997496095815
2019-10-25,0.0032053859465642947
2019-10-28,0.002770364355235317
2019-10-29,-7.379059703671386e-05
2019-10-30,0.0035450610243244187
2019-10-31,-5.491525782159892e-05
2019-11-01,0.0021803255803552655
2019-11-04,0.0018600876686533756
2019-11-05,-0.0050942759876903086
2019-11-06,0.0009804787661342748
2019-11-07,-0.001690796483566895
2019-11-08,-0.0022420382976941315
2019-11-11,-0.002287697444789932
2019-11-12,-0.0008791122270845249
2019-11-13,0.0014869799404626303
2019-11-14,0.0020764064377940226
2019-11-15,0.003446895029306409
2019-11-18,0.0008255702493300021
2019-11-19,0.0014031908384738005
2019-11-20,0.0008246227233168028
2019-11-21,-0.0029595790702597645
2019-11-22,0.000731996156590409
2019-11-25,0.0038304675350812924
2019-11-26,0.0028143900241235495
2019-11-27,0.00012365658619621766
2019-11-29,-0.0025211166193968293
2019-12-02,-0.0077803575638235095
2019-12-03,-0.007998096328824901
2019-12-04,0.0032239364066902754
2019-12-05,0.0003098407781640232
2019-12-06,0.008426917016673387
2019-12-09,-0.0017430903179137518
2019-12-10,-0.0017211418626596102
2019-12-11,0.0009726446118585126
2019-12-12,0.0065948668990419256
2019-12-13,-0.0003191171083252551
2019-12-16,-0.00034670639553024464
2019-12-17,-0.00037258165758577097
2019-12-18,0.0007865435175779948
2019-12-19,0.0023091871159999183
2019-12-20,0.002686936518925192
2019-12-23,-8.772883068306927e-05
2019-12-24,-0.0010115873038571315
2019-12-26,0.0034155634615493737
2019-12-27,-0.0020665846791116963
2019-12-30,-0.004883265009707888
2019-12-31,0.0008191774332626587
2020-01-02,0.005447957023208972
2020-01-03,-0.005585094353948357
2020-01-06,0.0010548711030077538
2020-01-07,-0.005096695569453683
2020-01-08,0.005865593121654354
2020-01-09,0.0022330061226956245
2020-01-10,-0.0025695283647362817
2020-01-13,0.004136899799483985
2020-01-14,-0.0020939685746078304
2020-01-15,0.004919022875388923
2020-01-16,0.0041258587139063425
2020-01-17,0.0004910075507891132
2020-01-21,-0.003454483157895145
2020-01-22,-0.002718766565385922
2020-01-23,0.0005033876413366267
2020-01-24,-0.009662169766201684
2020-01-27,-0.011948621244721848
2020-01-28,0.0044000253325786835
2020-01-29,-0.0015912934848873964
2020-01-30,0.0021070942879149296
2020-01-31,-0.013554650926892557
2020-02-03,-0.0005870506652405013
2020-02-04,0.001256894394340572
2020-02-05,0.004895103787827618
2020-02-06,0.0024373415027155753
2020-02-07,-0.00020016024590303246
2020-02-10,0.009406905119175793
2020-02-11,-0.0010802914816562172
2020-02-12,-0.002093859690376248
2020-02-13,0.002036820764460715
2020-02-14,0.001115983376086683
2020-02-18,0.0015660015021218211
2020-02-19,0.0016528704588116864
2020-02-20,0.0008729210223543359
2020-02-21,-0.0022481653992894937
2020-02-24,-0.00891903218962747
2020-02-25,-0.017477246255046507
2020-02-26,-0.005096520682760968
2020-02-27,-0.025928609278728813
2020-02-28,0.010229164227132744
2020-03-02,0.008644829357898119
2020-03-03,-0.0025717908380971776
2020-03-04,0.008724790596499478
2020-03-05,0.0041039929873223505
2020-03-06,0.0076018957848459036
2020-03-09,0.007227271147341593
2020-03-10,-0.005197125119899488
2020-03-11,-0.005473490933384837
2020-03-12,-0.01840673894104585
2020-03-13,0.031367862493820765
2020-03-16,0.002198415652246201
2020-03-17,-0.008008265147411016
2020-03-18,0.024285685774819963
2020-03-19,-0.023120393309111194
2020-03-20,-0.006603526074921594
2020-03-23,-0.0030203047810257472
2020-03-24,0.015893680444763945
2020-03-25,0.0033567166615241723
2020-03-26,0.025177626532420862
2020-03-27,-0.010910949282929084
2020-03-30,0.024071670490065745
2020-03-31,-0.013408303236061757
2020-04-01,0.004028571110254257
2020-04-02,-0.0050994396083955795
2020-04-03,-0.0011127315485417373
2020-04-06,0.0013240524663041423
2020-04-07,-0.009751061061235529
2020-04-08,0.000725586643819435
2020-04-09,0.007934361100464724
2020-04-13,-3.749342799937906e-05
2020-04-14,0.006395963154225837
2020-04-15,0.010815949622438934
2020-04-16,-0.0004610706545503943
2020-04-17,0.001969997770234862
2020-04-20,0.004452543619913729
2020-04-21,0.017827479723939558
2020-04-22,-0.006911570266624069
2020-04-23,-0.007862021363785937
2020-04-24,0.005802150070991974
2020-04-27,0.00306727648542982
2020-04-28,-0.0023340809556039914
2020-04-29,-0.010573513027531498
2020-04-30,-0.01575009711810145
2020-05-01,0.00199413169140705
2020-05-04,7.156594382036279e-05
2020-05-05,-0.0018342998549988258
2020-05-06,0.0034106218183585896
2020-05-07,-0.0005368594473126309
2020-05-08,-0.006111924125088472
2020-05-11,0.0024127138732096404
2020-05-12,-0.004010245338205549
2020-05-13,0.008456037786959027
2020-05-14,0.0008693021860320642
2020-05-15,-0.0021454772131661304
2020-05-18,-0.010369171643003142
2020-05-19,0.001343315468782144
2020-05-20,-0.0007278690918295809
2020-05-21,0.0030751254599243084
2020-05-22,0.005236551344146247
2020-05-26,-0.010844635829781261
2020-05-27,0.003720357870661372
2020-05-28,-0.0018278707447185853
2020-05-29,0.0009147974764627855
2020-06-01,-0.006290901404706799
2020-06-02,-0.0003632555738265512
2020-06-03,-0.0012183812170480912
2020-06-04,-0.003906998452927449
2020-06-05,0.00018221059447018343
2020-06-08,0.004746108925641109
2020-06-09,0.0041610543047758955
2020-06-10,0.000317148083669568
2020-06-11,-0.013038359049987201
2020-06-12,-0.0005003491704416072
2020-06-15,0.004761361794901964
2020-06-16,0.004981550388333792
2020-06-17,-0.003398058103218554
2020-06-18,0.0013211357930425036
2020-06-19,-0.0034672826453064263
2020-06-22,0.006751325051540496
2020-06-23,0.0005313391355690609
2020-06-24,-0.0058354829056252114
2020-06-25,0.006434188459866254
2020-06-26,-0.0024681492006108
2020-06-29,0.0025661280680694685
2020-06-30,0.002329959089915817
2020-07-01,-0.007404538458574653
2020-07-02,0.004357821425317515
2020-07-06,0.003833029651893481
2020-07-07,-0.002684481496096323
2020-07-08,0.002776249431544951
2020-07-09,-0.002129230325252151
2020-07-10,0.00337468617967167
2020-07-13,0.002404194350197423
2020-07-14,0.006335238222138173
2020-07-15,-0.004529714746471845
2020-07-16,-0.0017568947336732692
2020-07-17,0.0017485476837660208
2020-07-20,0.007357265744223383
2020-07-21,0.004123215160456837
2020-07-22,-0.00033343891352063883
2020-07-23,-0.00361214791419294
2020-07-24,-0.0042664036278952456
2020-07-27,0.006389386732667537
2020-07-28,-0.0012633469883323134
2020-07-29,0.004478890521014979
2020-07-30,0.004266538808604637
2020-07-31,0.0002876366516130184
2020-08-03,-0.0015624471157771338
2020-08-04,0.005876224674663375
2020-08-05,0.0030977461876927547
2020-08-06,0.005134507219218921
2020-08-07,-0.006901845186007863
2020-08-10,0.00014653799097401766
2020-08-11,-0.00931187075225314
2020-08-12,0.004666877263785737
2020-08-13,-0.0022158293753693718
2020-08-14,-0.000159599729873072
2020-08-17,0.004630619739629736
2020-08-18,0.005867045562884357
2020-08-19,-0.00853893093058249
2020-08-20,0.005978728561125175
2020-08-21,-0.001796457396390921
2020-08-24,0.0012452270853776884
2020-08-25,0.001259988353679332
2020-08-26,0.005426365456055492
2020-08-27,-0.0023885689741424106
2020-08-28,0.005677652215311409
2020-08-31,-0.0027642194056468135
2020-09-01,0.005144529271532003
2020-09-02,0.001107354786890811
2020-09-03,-0.01418089485659473
2020-09-04,-0.0005287668109393044
2020-09-08,-0.01149816434712525
2020-09-09,0.009605293188564274
2020-09-10,-0.006367797977223559
2020-09-11,0.0011489913137476045
2020-09-14,0.004634063351058822
2020-09-15,0.00020631265746824917
2020-09-16,0.001269323002646661
2020-09-17,-0.0008692796555610514
2020-09-18,-0.0011683090244724431
2020-09-21,-0.009711003904775596
2020-09-22,-0.0002631296868577057
2020-09-23,-0.01258823941108339
2020-09-24,0.003342104534020546
2020-09-25,0.0017859993621642423
2020-09-28,0.008993640883417047
2020-09-29,-0.0011940020645869432
2020-09-30,0.005894601783291512
2020-10-01,-0.0006091385216049285
2020-10-02,-0.004391673236073234
2020-10-05,0.0010040304487279163
2020-10-06,-0.0014325022082137037
2020-10-07,0.008418535388673553
2020-10-08,0.003196026797326672
2020-10-09,0.006239580433402392
2020-10-12,0.003555739068066583
2020-10-13,-0.001354697119451869
2020-10-14,9.816055890979627e-05
2020-10-15,0.001099864519176655
2020-10-16,-0.0034395366834999315
2020-10-19,-0.002847529788934246
2020-10-20,0.001120895529214715
2020-10-21,-0.00033772982994721945
2020-10-22,0.0011100218384778933
2020-10-23,0.003976774813188447
2020-10-26,-0.0044192477342660606
2020-10-27,-0.003208361432431215
2020-10-28,-0.012373334339202463
2020-10-29,-0.002510057635309196
2020-10-30,-0.00020042295754015032
2020-11-02,0.002384078246175991
2020-11-03,0.0035045150256766433
2020-11-04,0.004466772903089442
2020-11-05,0.008194497077611483
2020-11-06,0.002572436168516218
2020-11-09,-0.00123491999413045
2020-11-10,0.001986929849332517
2020-11-11,0.00406522182847436
2020-11-12,-0.004531305597125145
2020-11-13,0.007482205450310461
2020-11-16,0.0023676723122612927
2020-11-17,-0.0006953723341037329
2020-11-18,-0.002471653690774716
2020-11-19,-0.001451436264017206
2020-11-20,0.0006823328996175506
2020-11-23,0.0029396323540599296
2020-11-24,0.0017058371647295106
2020-11-25,-0.004543197234558012
2020-11-27,0.005396781652719491
2020-11-30,-0.0063393843850898185
2020-12-01,0.0015269421407012628
2020-12-02,-0.0016358796513090577
2020-12-03,0.0037987707790401656
2020-12-04,0.0015914899367137569
2020-12-07,-0.0012261096530721948
2020-12-08,0.0006809370575366195
2020-12-09,-0.0015817998456218293
2020-12-10,0.002122721077924732
2020-12-11,-0.0009481846256613821
2020-12-14,-0.00045742912238345144
2020-12-15,0.005503220766133201
2020-12-16,0.0007890398753630144
2020-12-17,0.00403348529741025
2020-12-18,0.0010842512509480606
2020-12-21,-0.0027990813882659026
2020-12-22,-9.758805804636504e-05
2020-12-23,0.002650710056193189
2020-12-24,0.0012102106527995475
2020-12-28,0.003186197593480812
2020-12-29,0.0019935745530684744
2020-12-30,0.0024538841714226455
2020-12-31,0.002418567154445105
2021-01-04,-0.005317878064022699
2021-01-05,0.005076962618617843
2021-01-06,0.0027247272455732
2021-01-07,0.00199346694725974
2021-01-08,0.000645970800956544
2021-01-11,-0.004782499709237631
2021-01-12,0.005267583160936214
2021-01-13,-0.00033051824430335367
2021-01-14,0.0015343040624456006
2021-01-15,-0.006490942015201376
2021-01-19,0.004799492615333508
2021-01-20,0.004094086315194542
2021-01-21,0.0005108681694249534
2021-01-22,-0.004387506796828106
2021-01-25,0.002518305864373623
2021-01-26,0.002468428526782479
2021-01-27,-0.012491285458634822
2021-01-28,0.004288199410488182
2021-01-29,-0.0043121623855174014
2021-02-01,0.0051042547074713895
2021-02-02,0.0026096334905337795
2021-02-03,0.0015878209234440634
2021-02-04,0.001774441518444924
2021-02-05,0.003132562936479733
2021-02-08,0.003858179997630266
2021-02-09,0.0008688768044876635
2021-02-10,-0.0021813358414868138
2021-02-11,0.0012253572521031203
2021-02-12,0.0028478122774552687
2021-02-16,0.001066667509286462
2021-02-17,0.00011248043435235189
2021-02-18,-0.0013988400378410354
2021-02-19,0.0010916735946741468
2021-02-22,-0.00015577887847610558
2021-02-23,-2.1205513345656152e-05
2021-02-24,0.0067053732781021
2021-02-25,-0.009744566134174725
2021-02-26,-0.0033761844614708923
2021-03-01,0.004351399237776011
2021-03-02,-0.0019661335080653967
2021-03-03,-0.005490838406392433
2021-03-04,-0.0020943330527236647
2021-03-05,0.0072729807766785245
2021-03-08,1.4213538442966196e-05
2021-03-09,0.0024864059551531945
2021-03-10,0.0018639112188070107
2021-03-11,0.005091405697045537
2021-03-12,0.001203663337351034
2021-03-15,-7.881140097322611e-05
2021-03-16,0.00022236715015742621
2021-03-17,0.00226857429446365
2021-03-18,-0.0069182439313025135
2021-03-19,0.00011612243287134838
2021-03-22,0.0020149043976249435
2021-03-23,-0.005443825003760976
2021-03-24,7.368600463043406e-05
2021-03-25,0.00040746629846511194
2021-03-26,0.0048878960183609075
2021-03-29,6.532801770698984e-05
2021-03-30,-0.0027062184995202826
2021-03-31,0.0038813929452489516
2021-04-01,0.002489562877739804
2021-04-05,0.0038516207118379367
2021-04-06,-0.0017477793228712485
2021-04-07,0.0005336541084359733
2021-04-08,0.0009864457799496583
2021-04-09,0.0009131020273679088
2021-04-12,-0.0007525917345569223
2021-04-13,-0.0008105163005998905
2021-04-14,0.0024574889783428467
2021-04-15,0.0009611915516132709
2021-04-16,0.001196621244589475
2021-04-19,-0.0006977126869575585
2021-04-20,-0.003832051863271287
2021-04-21,0.0031503724223763845
2021-04-22,-0.0007911143346875392
2021-04-23,0.004090004738164171
2021-04-26,0.004673223667054742
2021-04-27,0.0010536207729317873
2021-04-28,0.0005728314295489156
2021-04-29,0.0015902962616310698
2021-04-30,0.0007644123517262723
2021-05-03,3.1545006853829147e-06
2021-05-04,-0.0025924734430924877
2021-05-05,0.00010680421052362879
2021-05-06,0.005869092212978738
2021-05-07,0.00532119189828818
2021-05-10,-0.005109282383848415
2021-05-11,-0.001921210406357377
2021-05-12,-0.008869726057891797
2021-05-13,0.00129978030032894
2021-05-14,0.007602717971250627
2021-05-17,0.0011185554545274843
2021-05-18,-0.005495238794637728
2021-05-19,-0.00481965394192402
2021-05-20,0.0057733713233359225
2021-05-21,-0.0007722949008247798
2021-05-24,0.004960551797572935
2021-05-25,-0.001226975431943063
2021-05-26,-0.0004987705804260703
2021-05-27,0.00623230574275869
2021-05-28,-0.002103653239420788
2021-06-01,0.0013840428160976786
2021-06-02,0.0007932395075095079
2021-06-03,-0.005229612401006971
2021-06-04,0.006925161102747774
2021-06-07,-0.0004407543992991627
2021-06-08,0.0006647345228491898
2021-06-09,-0.0017040270784328322
2021-06-10,0.001670791335448765
2021-06-11,-0.0032281683459848692
2021-06-14,-0.0027252855006253537
2021-06-15,-0.0030817026968591858
2021-06-16,-0.009807637044212844
2021-06-17,-0.008183769476381962
2021-06-18,-0.008428766667308685
2021-06-21,0.0121813531286927
2021-06-22,0.00233934527870127
2021-06-23,0.0010544547972376494
2021-06-24,0.0016399367649361084
2021-06-25,0.0001492535416004613
2021-06-28,0.0015658252904997302
2021-06-29,0.0006208392232366256
2021-06-30,0.0034179396190577127
2021-07-01,-0.00017633984437314358
2021-07-02,0.0007942696143788531
2021-07-06,-0.005720063183120082
2021-07-07,0.001581389355455932
2021-07-08,-0.005330100832054201
2021-07-09,0.008489656148568933
2021-07-12,0.0032772687488253714
2021-07-13,-0.002308070352016225
2021-07-14,-2.8665058386339665e-05
2021-07-15,-0.004088000653965738
2021-07-16,-0.003178542645923802
2021-07-19,-0.010567683721799252
2021-07-20,0.009116035076451237
2021-07-21,0.007006801721057128
2021-07-22,0.002638713236788212
2021-07-23,0.004349490804597663
2021-07-26,0.0025169822775687628
2021-07-27,-0.0036500650572830634
2021-07-28,0.0015052919800806043
2021-07-29,0.00043474315916977975
2021-07-30,0.00028809449810162984
2021-08-02,-0.002440573727242703
2021-08-03,-0.00053081223837232
2021-08-04,-0.0030609531788668085
2021-08-05,0.0033305878906657147
2021-08-06,-0.0009814367201138171
2021-08-09,-0.0029564962653469595
2021-08-10,0.0016186053533725569
2021-08-11,0.0029376468847583394
2021-08-12,-0.00029878669352353075
2021-08-13,0.0016559097350837381
2021-08-16,0.0007498928732787793
2021-08-17,-0.007159379491575841
2021-08-18,-0.0071967478669399875
2021-08-19,-0.000597968941008573
2021-08-20,0.0015001095008964575
2021-08-23,0.01157697927374034
2021-08-24,0.0013884627060904865
2021-08-25,0.003019876378720591
2021-08-26,-0.0030312898444149203
2021-08-27,0.007620828490505286
2021-08-30,0.0038748471078098733
2021-08-31,-0.00040005561517285435
2021-09-01,-0.002968252990208105
2021-09-02,-0.0022332388736195623
2021-09-03,-0.001590611031547965
2021-09-07,0.0005106812166541014
2021-09-08,0.0004007319623021068
2021-09-09,-0.003977410767717549
2021-09-10,-0.0032661844353124004
2021-09-13,0.001046012193206207
2021-09-14,-0.003744523709179098
2021-09-15,0.004459695230743695
2021-09-16,0.000799739608423253
2021-09-17,-0.005688722805448731
2021-09-20,-0.00960000270283902
2021-09-21,-0.004988942039343353
2021-09-22,0.010840875098693987
2021-09-23,0.009423216063424663
2021-09-24,0.002432730358452379
2021-09-27,-0.00021938229140075862
2021-09-28,-0.009237905496756935
2021-09-29,0.0022639673871636917
2021-09-30,-0.008976608114097256
2021-10-01,0.0040842132811042585
2021-10-04,-0.010411775220261769
2021-10-05,0.011394108453914172
2021-10-06,0.0023631050859430455
2021-10-07,0.007732105320363981
2021-10-08,-0.002772512638719475
2021-10-11,-0.0012437638395613275
2021-10-12,-0.003431734920967528
2021-10-13,0.0016383231112315768
2021-10-14,0.00935486570033361
2021-10-15,0.008301893739431278
2021-10-18,0.002126655238098403
2021-10-19,0.005806687771359868
2021-10-20,-0.0017146466766769124
2021-10-21,0.001431430294698918
2021-10-22,-0.00040825120747403935
2021-10-25,0.006914359085020401
2021-10-26,-0.00012487099593795726
2021-10-27,-0.004945040696683394
2021-10-28,0.0007638429656369452
2021-10-29,0.00951276291931998
2021-11-01,0.0002298958768313531
2021-11-02,-0.0022233229520937405
2021-11-03,0.005133760846714424
2021-11-04,-0.001167353252367359
2021-11-05,-0.0011866935012803995
2021-11-08,0.002858935249982369
2021-11-09,-0.003186876646012503
2021-11-10,-0.00047809678002411714
2021-11-11,0.0025840218218099657
2021-11-12,0.0029428365434703554
2021-11-15,0.0018471718465938383
2021-11-16,0.0035172546077494567
2021-11-17,-0.005597483834918446
2021-11-18,0.0016901103577758349
2021-11-19,-0.003573309240157111
2021-11-22,0.002934912747002635
2021-11-23,0.0013949239466572178
2021-11-24,0.003329940855172922
2021-11-26,-0.03310068437949853
2021-11-29,0.013679510357464968
2021-11-30,-0.015643701119904107
2021-12-01,-0.012030656854772009
2021-12-02,0.00582462727361969
2021-12-03,-0.004918223591813594
2021-12-06,0.009734810040126635
2021-12-07,0.013694010717106402
2021-12-08,-0.0019519299220887736
2021-12-09,-0.0006086293502654902
2021-12-10,0.0025695954394172695
2021-12-13,-0.006317556839631054
2021-12-14,-0.0017425565232314206
2021-12-15,0.007646225737861233
2021-12-16,-0.014350051846573227
2021-12-17,0.00013582240884990376
2021-12-20,-0.005640465744746259
2021-12-21,0.00808842970336846
2021-12-22,0.003342177172569521
2021-12-23,0.0032038052231030158
2021-12-27,0.0074974424534195415
2021-12-28,0.00017628462488095546
2021-12-29,-0.0016158527382994347
2021-12-30,-0.0016357884783748235
2021-12-31,-0.0047668079966660245
2022-01-03,0.00843455127585419
2022-01-04,0.0018236525953732865
2022-01-05,-0.009309025766730837
2022-01-06,0.0012195943066623568
2022-01-07,-0.0021362938389323243
2022-01-10,-0.0018870744474208737
2022-01-11,0.0066289075878437865
2022-01-12,0.0035025043127966823
2022-01-13,-0.010446269272279693
2022-01-14,0.003946299840561712
2022-01-18,-0.007575285386381975
2022-01-19,-0.00486373702218732
2022-01-20,-0.007990721744739132
2022-01-21,-0.011794642641359668
2022-01-24,0.0019163518175630996
2022-01-25,-0.004870444268219362
2022-01-26,0.006751936752790387
2022-01-27,-0.005685090181144935
2022-01-28,0.009740988641243127
2022-01-31,0.010839724341588652
2022-02-01,0.01004832883346282
2022-02-02,-0.005849463951603011
2022-02-03,0.0029584576362108473
2022-02-04,0.0053683156885671445
2022-02-07,-0.0005063622149684996
2022-02-08,0.00401409454379719
2022-02-09,0.0075585672611565916
2022-02-10,-0.0032909499073442714
2022-02-11,-0.007729395832840792
2022-02-14,0.002281778271242151
2022-02-15,0.0044140924322500115
2022-02-16,-0.0020298812808505163
2022-02-17,-0.013885836180469185
2022-02-18,-0.001978998777006043
2022-02-22,0.0038033706980430643
2022-02-23,-0.010474397576270366
2022-02-24,0.010914662863680155
2022-02-25,0.0041608195974454365
2022-02-28,-0.0063262107641228514
2022-03-01,-0.0013107694052286998
2022-03-02,0.01766912401443896
2022-03-03,0.004389964847476612
2022-03-04,-0.000872784478015797
2022-03-07,-0.006657835120664398
2022-03-08,0.010688207196966788
2022-03-09,-0.004258851311863762
2022-03-10,-0.0021401024263313305
2022-03-11,-0.0021279572009390824
2022-03-14,-0.00932260166930672
2022-03-15,0.0021680723790546983
2022-03-16,0.015410962651244718
2022-03-17,0.010852321395917606
2022-03-18,0.006652060550567504
2022-03-21,0.017098647052253897
2022-03-22,0.009166819683699732
2022-03-23,-0.0010712311141641468
2022-03-24,0.006374241213353778
2022-03-25,0.008340846948960454
2022-03-28,-0.009118512988387143
2022-03-29,0.0003417310791670338
2022-03-30,-0.0009759297373998636
2022-03-31,-0.009943800329494776
2022-04-01,0.00017233158021077085
2022-04-04,0.008232350899771992
2022-04-05,0.009334025018071084
2022-04-06,-0.010298576622458496
2022-04-07,0.00793627566702938
2022-04-08,0.005287131194500162
2022-04-11,-0.006118124462147118
2022-04-12,0.00040076783029253043
2022-04-13,0.0027470016253649484
2022-04-14,0.005236295549804717
2022-04-18,0.010835876863494466
2022-04-19,0.009915516827806215
2022-04-20,-0.0042311769238871375
2022-04-21,-0.004671801650562416
2022-04-22,-0.018490572564445105
2022-04-25,-0.00048722344285172974
2022-04-26,-0.01641927738403204
2022-04-27,0.015262428424499945
2022-04-28,0.007994673059803153
2022-04-29,-0.010465334410391054
2022-05-02,0.003202479678638316
2022-05-03,-0.0011200798530955854
2022-05-04,-0.0017942173464477774
2022-05-05,0.010735028953413288
2022-05-06,0.003584083161464484
2022-05-09,-0.017002156819383038
2022-05-10,0.0006328333635685059
2022-05-11,-0.0005822405545662738
2022-05-12,0.005849837923209511
2022-05-13,0.005123794139109124
2022-05-16,-0.0010355562399870404
2022-05-17,0.004235677664423235
2022-05-18,-0.020925490109235292
2022-05-19,-0.008179552021064131
2022-05-20,-0.002399020542122137
2022-05-23,0.0009382728194936174
2022-05-24,-0.0061983624383220425
2022-05-25,0.000136972334776929
2022-05-26,0.004345149792034609
2022-05-27,0.0066974982503759375
2022-05-31,-0.0010737115455103977
2022-06-01,0.000517336155827134
2022-06-02,0.0002040048569797643
2022-06-03,0.004072049428100836
2022-06-06,0.014906840775261915
2022-06-07,-0.003517957712664737
2022-06-08,0.0017261902879016123
2022-06-09,0.00560565545813031
2022-06-10,-0.006243260830444335
2022-06-13,0.006235165701130301
2022-06-14,-0.0002505401916913059
2022-06-15,-0.013256349279936316
2022-06-16,-0.018495910950478506
2022-06-17,-0.0028222869244601953
2022-06-21,0.002947456059729791
2022-06-22,-0.00906950789352849
2022-06-23,0.000761702460343459
2022-06-24,0.01270390209454156
2022-06-27,0.004248297134898714
2022-06-28,0.0015379350998945029
2022-06-29,-0.008438205082755203
2022-06-30,-0.009719361014163179
2022-07-01,-0.003356265533377826
2022-07-05,0.007095126964545189
2022-07-06,0.010125542809263848
2022-07-07,0.00026905167021770417
2022-07-08,0.004028960741947122
2022-07-11,0.004357123837238427
2022-07-12,5.086618492588835e-06
2022-07-13,-0.004216260075543166
2022-07-14,0.010596747744397216
2022-07-15,-0.004618898734783403
2022-07-18,-0.0038713850499341295
2022-07-19,0.0032714030752444777
2022-07-20,0.0011173409205901584
2022-07-21,-0.01186637806734041
2022-07-22,-0.009967950715138507
2022-07-25,0.0026909166166071037
2022-07-26,0.002348892916891702
2022-07-27,-0.007592298783326361
2022-07-28,-0.005482250980648291
2022-07-29,-0.004936685345300967
2022-08-01,-0.01028262810307578
2022-08-02,0.0037148312819134583
2022-08-03,0.0032401506196669287
2022-08-04,-0.00660067085414755
2022-08-05,-0.003121395940247641
2022-08-08,-0.005999993739903791
2022-08-09,-0.00020115602357150672
2022-08-10,0.0024642422411314557
2022-08-11,0.0007913954656786559
2022-08-12,0.0010846935568630898
2022-08-15,0.014181584951410678
2022-08-16,-0.0019145163912662462
2022-08-17,0.004165363742678847
2022-08-18,0.006677009460985008
2022-08-19,-0.001419202937410831
2022-08-22,0.0037445665393411767
2022-08-23,-0.008188263683863885
2022-08-24,-0.002253260331967964
2022-08-25,0.00030800804508678714
2022-08-26,-0.005053078897729574
2022-08-29,0.002357207060251362
2022-08-30,0.002652597162034221
2022-08-31,-0.005391633397413325
2022-09-01,0.014508981141415307
2022-09-02,-0.010528959009130832
2022-09-06,0.008997515698453772
2022-09-07,-0.0036200816090805306
2022-09-08,0.0016384838401010055
2022-09-09,0.0010722521883216258
2022-09-12,-0.0008714143328778164
2022-09-13,0.005445976869613165
2022-09-14,-0.003968709231759732
2022-09-15,0.0023273707364149083
2022-09-16,-0.0025003562891991837
2022-09-19,0.001179483268668911
2022-09-20,0.005920391909693976
2022-09-21,-0.00015979448881483035
2022-09-22,0.0028187775610299688
2022-09-23,0.00976278079846562
2022-09-26,0.011933711492923028
2022-09-27,0.00025462679610869875
2022-09-28,-0.014232037655105464
2022-09-29,-0.00970035639865999
2022-09-30,0.0032093409587768745
2022-10-03,-0.01588724506238799
2022-10-04,-0.0014160149585951101
2022-10-05,0.00848816857404569
2022-10-06,0.0056073874276813904
2022-10-07,-0.0006321845728750037
2022-10-10,0.007322167769705796
2022-10-11,-0.0008791440978451935
2022-10-12,-0.005025963598638119
2022-10-13,0.010321936859841853
2022-10-14,0.0015304610219024108
2022-10-17,-0.0009968839982198265
2022-10-18,0.0035549296041713983
2022-10-19,0.007960588693020604
2022-10-20,-0.0002554842780604094
2022-10-21,-0.00356627047583901
2022-10-24,0.008011856448749171
2022-10-25,-0.008832891610965862
2022-10-26,-0.014876465765814273
2022-10-27,-0.005036145529338266
2022-10-28,0.021267147216027304
2022-10-31,0.008498462475323508
2022-11-01,-0.005698569957827444
2022-11-02,-0.0031437083408041014
2022-11-03,0.0013376949570305303
2022-11-04,-0.0064509405113747755
2022-11-07,0.006853893653311519
2022-11-08,-0.00842519401036817
2022-11-09,-0.009289617003799508
2022-11-10,-0.008601607602432683
2022-11-11,-0.005054416967999996
2022-11-14,-0.00032131254847358743
2022-11-15,-0.0014596384023486723
2022-11-16,-0.004507289354955791
2022-11-17,0.0041365380755995105
2022-11-18,0.00579175794118471
2022-11-21,0.0033513709044247185
2022-11-22,-0.0018271407059831375
2022-11-23,-0.007179084480695153
2022-11-25,-0.0002814732338671074
2022-11-28,-0.0022235774430599473
2022-11-29,0.002983285062234724
2022-11-30,-0.001730204820335635
2022-12-01,-0.015179426660998393
2022-12-02,-0.002952724729243059
2022-12-05,-0.006682871087621833
2022-12-06,-0.00614551236377179
2022-12-07,-0.0011688799422892612
2022-12-08,0.005526216320496433
2022-12-09,0.002134243664840075
2022-12-12,0.0029033961134423986
2022-12-13,0.006961551486684064
2022-12-14,-0.001592690513543337
2022-12-15,-0.012922428616947696
2022-12-16,-0.004526311979803195
2022-12-19,-0.0013384340590227137
2022-12-20,0.0083320311195792
2022-12-21,0.0028268404581879712
2022-12-22,-0.007566006358839683
2022-12-23,0.006270575954955208
2022-12-27,0.0019282611098698505
2022-12-28,-0.004139284554022151
2022-12-29,0.009227946703173348
2022-12-30,0.0009556341392558977
2023-01-03,-0.006887556616963369
2023-01-04,-0.0036680045139278064
2023-01-05,-0.003590148786903705
2023-01-06,0.0032129100235125324
2023-01-09,-2.1116054181448345e-05
2023-01-10,0.005454893783487562
2023-01-11,0.0029854166923768705
2023-01-12,0.0010772865475089884
2023-01-13,0.0062087180782342466
2023-01-17,-0.0015911578555594843
2023-01-18,-0.011005464642261497
2023-01-19,0.0006327666054568313
2023-01-20,0.007573771847764271
2023-01-23,0.004073213871494558
2023-01-24,-0.0023935047735313686
2023-01-25,0.000866075352609097
2023-01-26,0.004174738995250176
2023-01-27,-0.0020093081556064873
2023-01-30,0.001536586737914521
2023-01-31,0.002034110761904613
2023-02-01,-0.0026625079762336024
2023-02-02,-0.0016478546041585047
2023-02-03,-0.007937840325220488
2023-02-06,-0.0022781772855383704
2023-02-07,0.0029977084233886266
2023-02-08,-0.002359421566788232
2023-02-09,-0.002416441883790794
2023-02-10,-0.0007175683228393683
2023-02-13,0.004859754439485307
2023-02-14,-0.002720216946499542
2023-02-15,-0.0007258155914037418
2023-02-16,-0.006320590375026739
2023-02-17,0.0022018526055654387
2023-02-21,-0.00593434487533433
2023-02-22,-0.0010926074702227993
2023-02-23,5.968388857209922e-05
2023-02-24,-0.0054760484294501775
2023-02-27,0.002948079012480016
2023-02-28,-0.0030657689742697187
2023-03-01,0.0006548782825037407
2023-03-02,0.0033292461718439927
2023-03-03,0.001970935772300728
2023-03-06,0.006168328676407175
2023-03-07,0.004484980604227189
2023-03-08,0.0009020933258741405
2023-03-09,-0.012590140840155067
2023-03-10,-0.017798078208712414
2023-03-13,-0.01998755109412894
2023-03-14,0.014221294217097306
2023-03-15,-0.010378575469966693
2023-03-16,0.014055288504432937
2023-03-17,-0.01502119586581832
2023-03-20,0.004839108438520927
2023-03-21,0.01337151681856941
2023-03-22,-0.013560646813145956
2023-03-23,-0.0005207715777244459
2023-03-24,0.0009106929102009248
2023-03-27,0.004608575229373676
2023-03-28,0.0029139592506327847
2023-03-29,0.0066188978412978555
2023-03-30,0.0015710465090028709
2023-03-31,0.0025782583063194593
2023-04-03,-0.0056026830244986295
2023-04-04,-0.00013051412147912491
2023-04-05,0.0027484106629533625
2023-04-06,0.008838555295386057
2023-04-10,-0.002249428247073798
2023-04-11,0.00106052208722232
2023-04-12,0.0006706334347139531
2023-04-13,0.006617635100392537
2023-04-14,-0.005175456922646031
2023-04-17,-0.004954332432647673
2023-04-18,-0.0010455579573606956
2023-04-19,-0.0009523750487615858
2023-04-20,0.0023571569129165223
2023-04-21,-0.0007408802623276879
2023-04-24,0.003915910513977158
2023-04-25,6.776802260591933e-05
2023-04-26,-0.0009696299444463865
2023-04-27,0.006256203216946093
2023-04-28,0.004059527151599102
2023-05-01,0.0004216366650827129
2023-05-02,0.002446872667725852
2023-05-03,-0.0008033871626264415
2023-05-04,-0.0037860699284491075
2023-05-05,-0.0026349838625299464
2023-05-08,-0.000682615367010422
2023-05-09,0.0031457432963997063
2023-05-10,0.002506311228066643
2023-05-11,0.0014400112781571069
2023-05-12,-0.00017242666188601322
2023-05-15,-0.003941084884035606
2023-05-16,0.0038078269599782196
2023-05-17,0.006037073297579854
2023-05-18,0.0032806946291184056
2023-05-19,0.002782089919576385
2023-05-22,-0.0035459448036370403
2023-05-23,-0.005861092949082546
2023-05-24,-0.0010375831355231605
2023-05-25,0.0014230595372818444
2023-05-26,0.0035704043426729986
2023-05-30,0.00993917975655159
2023-05-31,-0.0013139666360204793
2023-06-01,0.0018699974484398224
2023-06-02,-0.00023170320938096958
2023-06-05,-0.001254822190114108
2023-06-06,-0.0016114426006969974
2023-06-07,-0.005494093945399631
2023-06-08,-0.0007548981588205192
2023-06-09,-0.00023502098728414383
2023-06-12,0.008011337101760989
2023-06-13,-0.0005226650900761788
2023-06-14,-0.002661616208380185
2023-06-15,-0.008087302466293684
2023-06-16,-0.004725819715844664
2023-06-20,-0.00329436681213031
2023-06-21,-0.009459057648861126
2023-06-22,0.01116727408137555
2023-06-23,0.0017229418713512411
2023-06-26,-0.003781265674002429
2023-06-27,0.010020800578115196
2023-06-28,0.008623266243336532
2023-06-29,0.0031218510267556473
2023-06-30,-0.0010091941164067238
2023-07-03,0.0009912244837499329
2023-07-05,-0.0022497965092886803
2023-07-06,-0.0016794249615173316
2023-07-07,0.000410124232282682
2023-07-10,0.0006122652421096533
2023-07-11,0.004176173891736163
2023-07-12,0.0003735642092806451
2023-07-13,0.0017244507828073075
2023-07-14,0.0014199348114228
2023-07-17,0.002168359992351435
2023-07-18,0.0040007599541409394
2023-07-19,-0.001575894534674822
2023-07-20,-0.00016031918490358622
2023-07-21,0.0006846401952914387
2023-07-24,0.001039465619482461
2023-07-25,0.0013492394703033968
2023-07-26,0.0013432745008600153
2023-07-27,-0.0014752034450485182
2023-07-28,0.004580998938379763
2023-07-31,0.0005022984981783477
2023-08-01,0.0007496702557556155
2023-08-02,-0.00599836570693697
2023-08-03,0.00102822496129741
2023-08-04,-0.004499885074592642
2023-08-07,0.0033089723950618754
2023-08-08,-0.004201630538896502
2023-08-09,-0.0007801613853156609
2023-08-10,0.0008828048534969396
2023-08-11,0.00013214992873915
2023-08-14,0.0030074801512729255
2023-08-15,-0.005721417569801735
2023-08-16,-0.003253781988165615
2023-08-17,-0.0029094262165223887
2023-08-18,0.0009334133131869474
2023-08-21,0.004906757880587444
2023-08-22,-0.0015001469158318383
2023-08-23,0.005972394701227468
2023-08-24,-0.007786509210752554
2023-08-25,0.004441319163418316
2023-08-28,0.002645607648853966
2023-08-29,0.0065017178699956395
2023-08-30,0.0010619072479498184
2023-08-31,-0.0016920615582882623
2023-09-01,0.0008951187521396909
2023-09-05,0.0004842571591853897
2023-09-06,-0.0020317674314608456
2023-09-07,-0.0031300020754275746
2023-09-08,0.002474629094823952
2023-09-11,0.004454064258518591
2023-09-12,-0.00297584200209624
2023-09-13,-0.0009425119595279138
2023-09-14,0.006457257609273594
2023-09-15,-0.0050955078316317565
2023-09-18,-0.002250541856693062
2023-09-19,-0.00017182977770140214
2023-09-20,-0.004654280981282493
2023-09-21,-0.0054760683188909915
2023-09-22,-0.0018734344466082022
2023-09-25,0.002410164033864476
2023-09-26,-0.0059416991477196516
2023-09-27,0.0032184932002083636
2023-09-28,0.0006032041125825857
2023-09-29,-0.002131608501685009
2023-10-02,0.0010752812376483617
2023-10-03,-0.005158583277143011
2023-10-04,-0.0012877418697952554
2023-10-05,-0.006008827533475736
2023-10-06,0.009964078718051644
2023-10-09,-0.003331697111786417
2023-10-10,0.004681289000361932
2023-10-11,0.0014612381710112149
2023-10-12,0.0017809757437308384
2023-10-13,-0.00492795256184404
2023-10-16,0.00803742655491611
2023-10-17,0.003080848411789899
2023-10-18,-0.004006886056037605
2023-10-19,-0.006018113127322956
2023-10-20,-0.007819704701557083
2023-10-23,-0.0032795274488497356
2023-10-24,0.0001353621714161075
2023-10-25,-0.003607303320804825
2023-10-26,-0.005713782146851341
2023-10-27,-0.0060672658157553535
2023-10-30,0.007244340316149661
2023-10-31,0.006088585385822218
2023-11-01,0.0014782464509026092
2023-11-02,-0.0005270742526758446
2023-11-03,0.0007207033610031943
2023-11-06,0.0023660406908752245
2023-11-07,0.005733805229693126
2023-11-08,-0.0034437409836680583
2023-11-09,0.006668521243164367
2023-11-10,0.005636134318996064
2023-11-13,0.0010907289813972816
2023-11-14,-0.0039055266994257286
2023-11-15,0.004959066794270143
2023-11-16,0.0031962588821554693
2023-11-17,-0.0038394228706325434
2023-11-20,0.0023845948604434733
2023-11-21,-0.002983374804574693
2023-11-22,0.003067916242948305
2023-11-24,0.00676852630550615
2023-11-27,-0.0022015878803342964
2023-11-28,-0.008571596335609647
2023-11-29,-0.004734139050090096
2023-11-30,-0.0007629574930198548
2023-12-01,-0.005595416096860338
2023-12-04,-0.010260230100879153
2023-12-05,-1.3539225411240865e-05
2023-12-06,-0.0008210831616739153
2023-12-07,0.0037789598398627355
2023-12-08,-0.0010772415135702164
2023-12-11,0.0053140856102862205
2023-12-12,0.005833169117286845
2023-12-13,0.00872094288448271
2023-12-14,-0.0026065456121152283
2023-12-15,-0.004519677876769364
2023-12-18,0.0028381980572276073
2023-12-19,0.00568529825859089
2023-12-20,-0.008789053558647656
2023-12-21,0.005980264106352909
2023-12-22,0.00068872876360187
2023-12-26,0.004723900366637412
2023-12-27,0.004008086020084227
2023-12-28,-0.0006666685813878216
2023-12-29,-0.001679750155564098
2024-01-02,-0.004414579899325958
2024-01-03,-0.009632728066316593
2024-01-04,-0.0038318977879502197
2024-01-05,-0.00020092844759490787
2024-01-08,0.01036527682731807
2024-01-09,-0.005340945888493272
2024-01-10,0.00605701723258908
2024-01-11,-0.0027256510780101707
2024-01-12,0.00018081690939258244
2024-01-16,-0.0037276936276884973
2024-01-17,-0.0053268432888896235
2024-01-18,0.006320914267555091
2024-01-19,0.0101453082049928
2024-01-22,0.00048122284879422377
2024-01-23,0.0009305228154825959
2024-01-24,-0.002016068183572025
2024-01-25,0.002056934237527416
2024-01-26,0.00013846397700772228
2024-01-29,0.010139789122624893
2024-01-30,-0.004700569122935188
2024-01-31,-0.006979634097081045
2024-02-01,0.015169946027649511
2024-02-02,0.009487542014037452
2024-02-05,-0.0004830258666872676
2024-02-06,0.001428279350067593
2024-02-07,0.010822908163949823
2024-02-08,0.0018346429337167383
2024-02-09,0.006964823143710491
2024-02-12,-0.0013291714848169816
2024-02-13,-0.0026637924514469093
2024-02-14,0.006123650813746361
2024-02-15,0.005774148475578614
2024-02-16,-0.0062923037915207855
2024-02-20,-0.005565290960418336
2024-02-21,0.010275586705748192
2024-02-22,0.015225003819768228
2024-02-23,0.0013970155822228215
2024-02-26,-0.0007524599100062403
2024-02-27,-0.0011689800816929643
2024-02-28,-0.004728862437535892
2024-02-29,0.0036396525860060893
2024-03-01,0.005229357328301301
2024-03-04,-0.004648439850374248
2024-03-05,-0.0069495939653298165
2024-03-06,-0.0009513475430198725
2024-03-07,0.001895816701561563
2024-03-08,-0.006731155757015922
2024-03-11,0.0006674805843868765
2024-03-12,0.008886532459502426
2024-03-13,-0.0022680416660425576
2024-03-14,0.000664410559359107
2024-03-15,-0.0033741699340492913
2024-03-18,0.006046286406542605
2024-03-19,0.006290348157955337
2024-03-20,0.00262311181359071
2024-03-21,0.0046814281169686505
2024-03-22,-0.0006327432746089799
2024-03-25,-0.001312782866499202
2024-03-26,-0.00014748191060588245
2024-03-27,0.0063143652963742955
2024-03-28,-0.0013887579078533992
2024-04-01,0.00015285818805286646
2024-04-02,-0.00046777573995189156
2024-04-03,0.0022132684742034456
2024-04-04,-0.01199851247684099
2024-04-05,0.011856829992147532
2024-04-08,0.0006636462233969938
2024-04-09,0.00023713257834329093
2024-04-10,-0.0012481988458827031
2024-04-11,0.01070343723000762
2024-04-12,-0.013565662458514052
2024-04-15,-0.0033912407623569634
2024-04-16,0.0033822313766901854
2024-04-17,-0.012786014232515354
2024-04-18,-0.002128032760355222
2024-04-19,-0.004996476847905684
2024-04-22,0.002090503580613616
2024-04-23,0.009339873149141076
2024-04-24,-0.0051399515920937935
2024-04-25,0.007684472929105532
2024-04-26,0.005650881883787263
2024-04-29,-0.0026442840601386473
2024-04-30,-0.011915039461518707
2024-05-01,-0.003756671469900096
2024-05-02,-0.007542728306588992
2024-05-03,-8.465829096031868e-07
2024-05-06,0.0038470069808689373
2024-05-07,0.0019518522465163564
2024-05-08,0.0033014917598359205
2024-05-09,0.004079842356105362
2024-05-10,0.0009314634761736655
2024-05-13,-0.001130065701542123
2024-05-14,0.005593714143369066
2024-05-15,-0.001327660999900872
2024-05-16,0.0005580471994356413
2024-05-17,0.006246597241535778
2024-05-20,-0.0007262394134018469
2024-05-21,0.0027524415272525277
2024-05-22,-0.0034373456276427395
2024-05-23,-0.003097157444584331
2024-05-24,0.0020414272140916703
2024-05-28,0.006408641128076271
2024-05-29,0.0005354691545918817
2024-05-30,-0.009723627415124475
2024-05-31,0.0008208256244329887
2024-06-03,-0.006259295674350297
2024-06-04,-0.00825923202138451
2024-06-05,0.010130042851017672
2024-06-06,0.0010851372202160283
2024-06-07,-0.0065265314754977734
2024-06-10,0.004799957550749696
2024-06-11,0.0010097835236102992
2024-06-12,0.005755667803180186
2024-06-13,-0.0016289671952244627
2024-06-14,-0.0005301297039667256
2024-06-17,0.002847537518263855
2024-06-18,0.0013084718440004848
2024-06-20,-0.0011692843722930675
2024-06-21,-0.0031400386874714348
2024-06-24,-0.0016006302381778056
2024-06-25,-0.0008313025665640647
2024-06-26,-5.953527390880633e-05
2024-06-27,0.005435212736688183
2024-06-28,0.00013572987316649756
2024-07-01,0.0017270792244052549
2024-07-02,0.002301073644804144
2024-07-03,0.0029682979207140085
2024-07-05,-0.0013127349503460832
2024-07-08,0.007372680003252866
2024-07-09,0.0024804834633876042
2024-07-10,0.012275211108683882
2024-07-11,-0.015080723444367986
2024-07-12,0.00227710794449512
2024-07-15,0.011796202071970763
2024-07-16,-6.036532815849834e-05
2024-07-17,-0.012403216294228624
2024-07-18,-0.006249480957380352
2024-07-19,-0.007709549102300872
2024-07-22,0.0020309460282571376
2024-07-23,-0.00526614926502597
2024-07-24,-0.014974685960366408
2024-07-25,-0.0055721264351354756
2024-07-26,0.013914365093239898
2024-07-29,-0.0010029731587525672
2024-07-30,0.0010107920013433535
2024-07-31,0.013848008267369379
2024-08-01,-0.02536985199973692
2024-08-02,-0.010992600633589816
2024-08-05,-0.016199284409808588
2024-08-06,-0.0026269801710683506
2024-08-07,-0.009003548837099494
2024-08-08,0.020079088948171932
2024-08-09,0.0038008081074040745
2024-08-12,0.0009407554094903853
2024-08-13,0.017754138630184286
2024-08-14,0.0015351828633872124
2024-08-15,0.011140787449821414
2024-08-16,0.005667111117498022
2024-08-19,0.0038154256628191614
2024-08-20,0.0006621897119410419
2024-08-21,0.004183971970101894
2024-08-22,-0.003071411428874999
2024-08-23,0.004772375106769985
2024-08-26,-0.0029103140441202823
2024-08-27,0.0013632437078633104
2024-08-28,-0.00556948191268957
2024-08-29,-0.000986731505637445
2024-08-30,0.0029992147516347766
2024-09-03,-0.01236713418959083
2024-09-04,0.001492422729380725
2024-09-05,0.00010628485031770205
2024-09-06,-0.008441540204372414
2024-09-09,0.0056099235555090625
2024-09-10,0.006949394949968759
2024-09-11,0.003346512759738579
2024-09-12,0.005251438274307689
2024-09-13,0.0029493073868357643
2024-09-16,0.0030942298596417705
2024-09-17,-0.001190049309547241
2024-09-18,-0.0017075647770888845
2024-09-19,0.0059943417167058685
2024-09-20,-0.0017233593058901605
2024-09-23,0.0006198214072361465
2024-09-24,0.004334280700049927
2024-09-25,-0.004858099118437524
2024-09-26,0.005941997880250104
2024-09-27,-0.0033116899060453217
2024-09-30,0.0006205175741719026
2024-10-01,-0.008363106488730444
2024-10-02,-0.00150603547067857
2024-10-03,-0.008605433315981462
2024-10-04,-0.0009438115470042158
2024-10-07,-0.009718804652021943
2024-10-08,0.005784303058959959
2024-10-09,0.0018037948070589078
2024-10-10,-0.0011416453927982557
2024-10-11,0.0028301801318901866
2024-10-14,0.007972545818685544
2024-10-15,-0.003265508393813147
2024-10-16,0.002517212093499593
2024-10-17,-0.0002514312905791508
2024-10-18,0.005972844735259838
2024-10-21,-0.0074574787551906436
2024-10-22,-0.0014511510935676837
2024-10-23,-0.008362986683986605
2024-10-24,0.0033605916967111207
2024-10-25,-0.0038566625602892432
2024-10-28,0.005071816245528306
2024-10-29,0.0033780757091591584
2024-10-30,-0.008126977285599317
2024-10-31,-0.010830301403087612
2024-11-01,-0.00039229072713430193
2024-11-04,-0.011744570498756029
2024-11-05,0.0061829465083832035
2024-11-06,0.021754124889848656
2024-11-07,0.004148184088567517
2024-11-08,-6.0634184418906845e-05
2024-11-11,0.0003099828333205567
2024-11-12,0.0007631452362305562
2024-11-13,0.00082899053527297
2024-11-14,-0.0009240428632316275
2024-11-15,-0.011151157585778627
2024-11-18,0.0005425642482558645
2024-11-19,0.0038520913184807853
2024-11-20,-0.00041811351357137804
2024-11-21,0.0027035063596662404
2024-11-22,0.008325596052580134
2024-11-25,-0.006431195053470484
2024-11-26,0.006463609228698799
2024-11-27,-0.004434940830092163
2024-11-29,-0.0015175866536391047
2024-12-02,0.005489914406810695
2024-12-03,-0.0036648794258226126
2024-12-04,0.005559175350602299
2024-12-05,-0.006192609706193399
2024-12-06,0.0060667275745928785
2024-12-09,-0.005392675722509117
2024-12-10,0.00047853488627765795
2024-12-11,0.0036062347769987464
2024-12-12,0.0007997106960210997
2024-12-13,0.00040400337794101177
2024-12-16,0.0024701963266972734
2024-12-17,0.000569414917072036
2024-12-18,-0.011632898144214587
2024-12-19,-0.0028743783054812266
2024-12-20,0.003606886919137284
2024-12-23,0.005620980373063622
2024-12-24,0.008490853487998494
2024-12-26,-0.0017500270267183538
2024-12-27,-0.007451682046719093
2024-12-30,-0.01298039843944264
2024-12-31,-0.0014487101545829276
2025-01-02,-0.0015340190077972524
2025-01-03,0.007795555539417335
2025-01-06,0.0017253344335260807
2025-01-07,-0.004919438532624451
2025-01-08,-0.0012006147860771142
2025-01-10,-0.0004145005655142906
2025-01-13,0.002360318471530656
2025-01-14,0.0001948888928990249
2025-01-15,0.005975528674194201
2025-01-16,-0.002808314054909179
2025-01-17,0.00909528104976794
2025-01-21,-0.004098813917321026
2025-01-22,0.005405021719379311
2025-01-23,0.003420495850730919
2025-01-24,-0.00409970141717919
2025-01-27,-0.008630535588005441
2025-01-28,0.005039278722989949
2025-01-29,-0.004231276752762168
2025-01-30,0.002798803060897877
2025-01-31,-0.002322541451806144
2025-02-03,-0.0016448268958659
2025-02-04,-0.006775985194032972
2025-02-05,0.0014395215396890856
2025-02-06,0.0003077691905143184
2025-02-07,-0.0012825090676644728
2025-02-10,0.0065725999338091595
2025-02-11,0.00136921670542431
2025-02-12,0.001231092194688955
2025-02-13,-0.0005298250634515129
2025-02-14,-0.006599320600746883
2025-02-18,0.005925516546706561
2025-02-19,0.0002445969061256047
2025-02-20,-0.006663007933880849
2025-02-21,-0.015999820691880905
2025-02-24,-0.0027052153499458804
2025-02-25,-0.0074626541963195
2025-02-26,-0.0008875909855387865
2025-02-27,-0.004565046269766714
2025-02-28,0.004797532898085252
2025-03-03,-0.016737030574608378
2025-03-04,-0.009136867441508335
2025-03-05,-0.004872692151371055
2025-03-06,-0.011378536368830261
2025-03-07,0.0004956288405420789
2025-03-10,-0.00968447044558243
2025-03-11,-0.0015833174996609134
2025-03-12,0.0005105072140905993
2025-03-13,0.0002558092697484062
2025-03-14,0.001818005081418491
2025-03-17,-0.0019287023829780287
2025-03-18,-0.001344447309926885
2025-03-19,0.013097381216202445
2025-03-20,-0.0014232903486300782
2025-03-21,0.001101926755210904
2025-03-24,0.004881387990212415
2025-03-25,0.004815196396950245
2025-03-26,-0.005026289918051534
2025-03-27,-0.001771239245871072
2025-03-28,-0.00579884754889369
2025-03-31,0.004366319142093271
2025-04-01,-0.0011138645944282087
2025-04-02,-0.005191091478323393
2025-04-03,-0.010060373888730047
2025-04-04,-0.043512993789822554
2025-04-07,-0.007666740934190711
2025-04-08,-0.015914921482962634
2025-04-09,0.04964964685055933
2025-04-10,-0.008223017129247064
2025-04-11,0.011951354720281228
2025-04-14,0.008412124521948054
2025-04-15,0.002162157188488274
2025-04-16,-0.00021004273424618728
2025-04-17,0.0023854897298131567
2025-04-21,-0.0006072110603209947
2025-04-22,0.0071844459079430335
2025-04-23,0.002658086388571536
2025-04-24,0.01109554621297004
2025-04-25,5.91655867654655e-05
2025-04-28,0.009067086530379043
2025-04-29,0.0012780344384703871
2025-04-30,-0.003251690934348682
2025-05-01,-0.002773180992023134
2025-05-02,-0.001741748323619444
2025-05-05,0.005915480810042392
2025-05-06,-0.0014466496411766516
2025-05-07,0.0003829256226289985
2025-05-08,-0.012087511368993187
2025-05-09,0.0005587998710629474
2025-05-12,-0.005945196340237863
2025-05-13,0.0055129864017416435
2025-05-14,-0.003762385183808859
2025-05-15,0.002861357324135495
2025-05-16,-0.0003078883145896269
2025-05-19,0.0045219691583620394
2025-05-20,-0.0029936973723999625
2025-05-21,-0.003337692990399577
2025-05-22,-0.0004379498559350945
2025-05-23,0.00574143188571155
2025-05-27,0.005781593523841439
2025-05-28,-0.007789288437724838
2025-05-29,0.010297888543200651
2025-05-30,-0.0011084946458816802
2025-06-02,0.003175172748574389
2025-06-03,-0.004590908973342455
2025-06-04,0.0005094543304317406
2025-06-05,0.0020702359079459703
2025-06-06,0.0034641473934493338
2025-06-09,0.005370148347010743
2025-06-10,0.0004746610754766985
2025-06-11,0.00028143082375011824
2025-06-12,0.001247887777414705
2025-06-13,-0.010050605292962313
2025-06-16,0.006129911548724722
2025-06-17,-0.012950915926633324
2025-06-18,-0.0012401446884225723
2025-06-20,-0.0013795201335287692
2025-06-23,0.01788649933023034
2025-06-24,0.005994917604435557
2025-06-25,0.00766002671771175
2025-06-26,0.006136704630333589
2025-06-27,5.013583795958522e-05
2025-06-30,0.003580132433285059
2025-07-01,-0.0010760629444571618
2025-07-02,-0.0018048354035933906
2025-07-03,-0.0010838152076593222
2025-07-07,-0.001099203617298057
2025-07-08,0.002583576471844639
2025-07-09,0.005075887041638632
2025-07-10,3.094304103221287e-05
2025-07-11,-0.0004568862671154468
2025-07-14,-0.0034581759552221223
2025-07-15,-0.003998331606882431
2025-07-16,0.002775568870682337
2025-07-17,0.007187583382812762
2025-07-18,-0.004097155849018679
2025-07-21,0.008528698695869303
2025-07-22,0.003119306749546737
2025-07-23,0.005099896745389451
2025-07-24,-0.0027301006524117393
2025-07-25,-0.0006901761082563446
2025-07-28,-0.0017980543287487132
2025-07-29,-0.00015181251366468544
2025-07-30,-0.005829297716077561
2025-07-31,-0.009722209295182888
2025-08-01,0.004763971963117329
2025-08-04,0.0018861542351898348
2025-08-05,0.00018172303116402715
2025-08-06,0.004450801216273057
2025-08-07,-0.001417962657569739
2025-08-08,0.0036276965104435495
2025-08-11,-0.002056831545427013
2025-08-12,0.005152427529387161
2025-08-13,-0.0028122903132098706
2025-08-14,0.0026149347479779194
2025-08-15,-0.00047498890570552314
2025-08-18,0.0021246214095865454
2025-08-19,-0.0032789674321133267
2025-08-20,-0.0007223438023996238
2025-08-21,0.0019028530511644897
2025-08-22,0.0035834755183859197
2025-08-25,0.0003217409181461117
2025-08-26,-0.00024106094463393967
2025-08-27,-0.0005742075148419931
2025-08-28,0.00040883487673962145
2025-08-29,-0.003903384521196333
2025-09-02,0.004091074331482951
2025-09-03,0.0005459728986980689
2025-09-04,0.0040325576810352525
2025-09-05,0.0016832894477084635
2025-09-08,0.0032378925120570582
2025-09-09,-0.002292982381477723
2025-09-10,0.0027443737863894688
2025-09-11,0.005431800150261675
2025-09-12,-0.0007945651615651351
2025-09-15,0.0037365241139782437
2025-09-16,0.0008749353237834844
2025-09-17,-0.0027728707330489195
2025-09-18,0.0009913175290298375
2025-09-19,0.001080288501444371
2025-09-22,0.006299427329927006
2025-09-23,-0.0004916752975763719
2025-09-24,-0.004872604473628481
2025-09-25,-0.003650093604451045
2025-09-26,0.006881834780137229
2025-09-29,0.0023630136744914754
2025-09-30,0.00108265024816097
2025-10-01,0.0026787481046398926
2025-10-02,-0.002605184183192799
2025-10-03,0.002514155331816898
2025-10-06,0.003979247657381304
2025-10-07,-0.000608158197119828
2025-10-08,0.003615257693852571
2025-10-09,-0.0009458134810133399
2025-10-10,-0.0165086889104463
2025-10-13,0.01627126600410368
2025-10-14,-0.0016338785319767238
2025-10-15,0.003233800581235498
2025-10-16,-0.004697320460096451
2025-10-17,-0.0006931307865400062
2025-10-20,0.00525309179922521
2025-10-21,-0.004666119889472385
2025-10-22,-0.002878499606281822
2025-10-23,0.004878315028148334
2025-10-24,0.0030762323985045878
2025-10-27,0.0010778828651177188
2025-10-28,-0.0019229449882420112
2025-10-29,0.0008343072076757421
2025-10-30,0.0006105614680088637
2025-10-31,-0.003981899797577476
2025-11-03,-0.0014522436356941145
2025-11-04,-0.006803970987005666
2025-11-05,0.0034109838335530615
2025-11-06,-0.003977347444616347
2025-11-07,-0.0005745267081979969
2025-11-10,0.007838768010481499
2025-11-11,0.002769217527536167
2025-11-12,0.00016975438715297663
2025-11-13,-0.004627558495418291
2025-11-14,-0.0028547648006755945
2025-11-17,-0.0031434380669800293
2025-11-18,-0.0021854466471624917
2025-11-19,0.005523995610037198
2025-11-20,-0.012564875721955939
2025-11-21,0.004809006827082262
2025-11-24,0.006821027740298516
2025-11-25,0.0031810725143413053
2025-11-26,0.002933828260784064
2025-11-28,0.0028570069286804963
2025-12-01,-0.001558308896449463
2025-12-02,-0.0008531244425488546
2025-12-03,0.0008038563008937549
2025-12-04,-0.0021008801674608866
2025-12-05,-0.0015486981311486731
2025-12-08,-0.0031413163123375993
2025-12-09,-0.0011927727606436652
2025-12-10,0.0033166774807910065
2025-12-11,-0.0005833298743735518
2025-12-12,-0.006318190002016636
2025-12-15,0.0006215841800575339
2025-12-16,-0.001241964959224047
2025-12-17,0.00013221923220664903
2025-12-18,0.0019976800233791636
2025-12-19,0.005799283655218383
2025-12-22,0.0036425107125556905
2025-12-23,0.00574640477047889
2025-12-24,0.0011430182787220775
2025-12-26,0.008832151086028046
2025-12-29,-0.0101605236239973
2025-12-30,0.0009937370874478326
2025-12-31,-0.00843536780895671
2026-01-02,0.001680043165778297
2026-01-05,0.003232216301553297
2026-01-06,0.007218445969578072
2026-01-07,-0.005949004051695768
2026-01-08,-0.001900232352435136
2026-01-09,0.003797336016844699
2026-01-12,0.002747689236271849
2026-01-13,-0.0011377898363770986
2026-01-14,-0.0007082664288847202
2026-01-15,0.0037054834440645406
2026-01-16,-0.00258727431729766
2026-01-20,-0.006000054165715159
2026-01-21,0.0008341861164793723
2026-01-22,0.0071371351831188345
2026-01-23,-0.0014940690687714696
2026-01-26,0.003410624604207892
2026-01-27,0.005085520243894519
2026-01-28,0.0012338712421252872
2026-01-29,-0.0013259165837240928
2026-01-30,-0.015051832095852192
2026-02-02,0.008900454628099368
2026-02-03,0.0006896348798129754
2026-02-04,-0.0006558575791224616
2026-02-05,-0.019056734803060915
2026-02-06,0.01756624635277336
2026-02-09,0.006631937344194977
2026-02-10,-0.0027673982482297687
2026-02-11,-0.00022328248925246544
2026-02-12,-0.01237495087174133
2026-02-13,-0.0008736518996118315
2026-02-17,-0.000863583092033814
2026-02-18,0.005218861739838973
2026-02-19,-3.9829286557136406e-05
2026-02-20,0.003707643513187424
2026-02-23,-0.0039992955920771485
2026-02-24,0.0034250580179290167
2026-02-25,0.004274248183606477
2026-02-26,-0.004621608485974761
2026-02-27,-0.0007762458528122042
2026-03-02,0.0044362407158705834
2026-03-03,-0.0036064940211873297
2026-03-04,0.006316717515911799
2026-03-05,-0.0016559519843112101
2026-03-06,0.002559473584247278
2026-03-09,0.0014402190648394584
2026-03-10,-1.7007647633200743e-06
2026-03-11,-0.0011736528003366933
2026-03-12,-0.002549816136561826
2026-03-13,-0.004642926344674216
2026-03-16,0.0021488946915937755
2026-03-17,0.005508974478222774
2026-03-18,-0.008581603240630363
2026-03-19,-0.0023562822153210383
2026-03-20,-0.0074798191267030495
2026-03-23,-0.0005025685601143569
2026-03-24,-0.0002424802973310387
2026-03-25,0.0003095390959128144
2026-03-26,-0.005377634480772711
2026-03-27,-0.00393819716345845
2026-03-30,0.004209081108245203
2026-03-31,0.013570674958480775
2026-04-01,-0.0016767946453028098
2026-04-02,0.0033350268742038886
2026-04-06,0.0036767723799107713
2026-04-07,-0.0035424136012304867
2026-04-08,0.0011580301520416687
2026-04-09,0.0023637935100685524
2026-04-10,0.0016438240621018635
2026-04-13,0.001117303552582977
2026-04-14,0.0010863756015959904
2026-04-15,0.0064974409542985665
2026-04-16,0.0038689381164503447
2026-04-17,-0.003905930687504019
2026-04-20,0.0010945911604857072
2026-04-21,0.005608051659806698
2026-04-22,0.0028435571915879673
2026-04-23,0.0034109781346517427
2026-04-24,-0.0005400114470946328
2026-04-27,0.005601722563305328
2026-04-28,0.0028802640675891548
2026-04-29,0.009786042189995414
2026-04-30,-0.003582160931263294
2026-05-01,-0.0010935836541952522
2026-05-04,0.002760835344583777
2026-05-05,0.004327218131666804
2026-05-06,-8.31626240691156e-05
2026-05-07,-0.0012955383199228434
2026-05-08,0.005230467234082076
2026-05-11,0.006333230872701116
2026-05-12,0.004817213862148094
2026-05-13,0.004687457944356739
2026-05-14,0.0008209800377407342
2026-05-15,-0.005864674569133411
2026-05-18,0.005583605019564032
2026-05-19,-0.0016596300281177523
2026-05-20,-0.001679476581168521
2026-05-21,0.0020613863405875826
2026-05-22,0.0004104825096310674
2026-05-26,-0.0007930705044709768
2026-05-27,-0.0013353849338987056
2026-05-28,0.002391992904241038
2026-05-29,-0.0034216674865169584
2026-06-01,0.002393785925067236
2026-06-02,0.002590815277113771
2026-06-03,-0.008735045842342115
2026-06-04,0.0026293875985502007
2026-06-05,-0.019246315072671015
2026-06-08,0.004800058284384672
2026-06-09,-0.00328633022533637
2026-06-10,-0.012174246565450393
2026-06-11,0.017250387478873606
2026-06-12,0.002546722434895263
2026-06-15,0.010152192974468205
2026-06-16,-0.002556249974643534
2026-06-17,-0.0034823894585753624
2026-06-18,0.0013204624748499548
2026-06-22,4.7703072896578395e-05
2026-06-23,-0.010008390152907555
2026-06-24,0.0013717610012099076
2026-06-25,-0.003283404850663188
2026-06-26,-0.004084171453238139
2026-06-29,0.009066909251858407
2026-06-30,0.004690485497359956
2026-07-01,-0.0018385915196795686
2026-07-02,-0.005663276949482798
2026-07-06,0.00059240942927954
2026-07-07,0.00023227705381476907
2026-07-08,-0.0009820128926236347
2026-07-09,0.004420307419182147
2026-07-10,0.0015985049625775994
2026-07-13,-0.0013450820404867564
2026-07-14,-0.0026000736707963985
2026-07-15,-0.006685981423860529
2026-07-16,-0.002793583483444013
2026-07-17,-0.007630883752698386
2026-07-20,0.002856224433033094
2026-07-21,0.007398023651306264
2026-07-22,-0.004143965086668174
2026-07-23,-0.002816290079790492
2026-07-24,4.2313889845010515e-05
2026-07-27,0.0043535923229395005
2026-07-28,0.0026416615222596422
2026-07-29,-0.010046664937817362
2026-07-30,0.0070193062719834465
2026-07-31,0.0016498294839720768
2026-08-03,0.0114695387813933
2026-08-04,0.005137236332472733
2026-08-05,-0.002603027791333893
2026-08-06,0.006219230820490635
2026-08-07,-0.0019528429181351439
2026-08-10,0.004153658084163706
2026-08-11,-0.0016419920332651542
2026-08-12,0.002008755170381438
2026-08-13,0.002791406171293896
2026-08-14,0.002551649571834541
2026-08-17,0.001073419553127047
2026-08-18,-0.00637731797239226
2026-08-19,-0.003391845326185605
2026-08-20,-0.002222122599872143
2026-08-21,0.00530036055551719
2026-08-24,-0.0025153068915159597
2026-08-25,-0.0029178406875773363
2026-08-26,0.007612899017500624
2026-08-27,0.0012342761517398213
2026-08-28,0.008501652178741336
2026-08-31,-0.0031250648965164204
2026-09-01,0.0012469781633790444
2026-09-02,-7.840013884058525e-05
2026-09-03,0.003200624158772495
2026-09-04,-0.0016198703875233995
2026-09-08,-0.005465070221505427
2026-09-09,0.0004050470380863297
2026-09-10,0.00297283216272939
2026-09-11,0.0037796756611505216
2026-09-14,-0.0020185389776906254
2026-09-15,0.0018701255205530595
2026-09-16,-4.582853427015257e-05
2026-09-17,0.002153052411209853
2026-09-18,0.0032872167909183407
2026-09-21,0.008482489909286977
2026-09-22,-3.462212380267411e-05
2026-09-23,-0.0022807058031665585
2026-09-24,0.000695151475842756
2026-09-25,0.002991775412195783
2026-09-28,-0.005657141009066917
2026-09-29,-0.00043051334681232055
2026-09-30,-0.0007133075612582123
2026-10-01,-0.00336831782262099
2026-10-02,0.0003505523484599595
