date,ret
2006-05-08,0.0001884920634920635
2006-05-09,0.00018888888888888888
2006-05-10,0.00018888888888888888
2006-05-11,0.0001865079365079365
2006-05-12,0.0001873015873015873
2006-05-15,0.00018809523809523813
2006-05-16,0.0001869047619047619
2006-05-17,0.0001869047619047619
2006-05-18,0.0001869047619047619
2006-05-19,0.0001865079365079365
2006-05-22,0.0001869047619047619
2006-05-23,0.0001873015873015873
2006-05-24,0.0001865079365079365
2006-05-25,0.0001865079365079365
2006-05-26,0.0017140059688295155
2006-05-30,-0.004035838590315939
2006-05-31,-0.012958367644576852
2006-06-01,-0.0010168363313260325
2006-06-02,0.00018611111111111112
2006-06-05,0.0001876984126984127
2006-06-06,0.00018809523809523813
2006-06-07,0.00018809523809523813
2006-06-08,0.00018809523809523813
2006-06-09,0.0001884920634920635
2006-06-12,0.00019087301587301586
2006-06-13,0.00018928571428571426
2006-06-14,0.00018928571428571426
2006-06-15,0.0001873015873015873
2006-06-16,0.0001884920634920635
2006-06-19,0.00019087301587301586
2006-06-20,0.00019047619047619048
2006-06-21,0.00019007936507936508
2006-06-22,0.00019007936507936508
2006-06-23,0.00019206349206349205
2006-06-26,0.00019484126984126987
2006-06-27,0.00019523809523809525
2006-06-28,-0.01478704159988314
2006-06-29,0.01597713825387623
2006-06-30,0.013408766170490038
2006-07-03,-0.0009990057348500214
2006-07-05,0.00019365079365079365
2006-07-06,0.00019325396825396824
2006-07-07,0.00019404761904761905
2006-07-10,0.00019563492063492062
2006-07-11,0.00019523809523809525
2006-07-12,0.00019563492063492062
2006-07-13,0.00019523809523809525
2006-07-14,0.00019563492063492062
2006-07-17,0.00019761904761904763
2006-07-18,0.0001984126984126984
2006-07-19,0.00019761904761904763
2006-07-20,0.00019642857142857144
2006-07-21,0.00019682539682539682
2006-07-24,0.0001972222222222222
2006-07-25,0.0001984126984126984
2006-07-26,0.00019761904761904763
2006-07-27,-0.0021940998000591705
2006-07-28,0.010039854267756344
2006-07-31,0.0057413600971531215
2006-08-01,-0.0009386442983874268
2006-08-02,0.0001972222222222222
2006-08-03,0.00019761904761904763
2006-08-04,0.00019682539682539682
2006-08-07,0.000198015873015873
2006-08-08,0.0001972222222222222
2006-08-09,0.00019603174603174606
2006-08-10,0.00019523809523809525
2006-08-11,0.00019603174603174606
2006-08-14,0.000198015873015873
2006-08-15,0.0001972222222222222
2006-08-16,0.00019603174603174606
2006-08-17,0.00019682539682539682
2006-08-18,0.0001972222222222222
2006-08-21,0.00019761904761904763
2006-08-22,0.0001972222222222222
2006-08-23,0.00019682539682539682
2006-08-24,0.00019682539682539682
2006-08-25,0.00019761904761904763
2006-08-28,0.0001972222222222222
2006-08-29,0.0016202495097460028
2006-08-30,0.004276660318856773
2006-08-31,0.004753625417062729
2006-09-01,-0.001004354409616556
2006-09-05,0.00019325396825396824
2006-09-06,0.00019206349206349205
2006-09-07,0.00019206349206349205
2006-09-08,0.00019047619047619048
2006-09-11,0.00019087301587301586
2006-09-12,0.0001896825396825397
2006-09-13,0.00019007936507936508
2006-09-14,0.00019126984126984127
2006-09-15,0.00019166666666666667
2006-09-18,0.00019126984126984127
2006-09-19,0.00019126984126984127
2006-09-20,0.00019087301587301586
2006-09-21,0.00019007936507936508
2006-09-22,0.00019047619047619048
2006-09-25,0.00018888888888888888
2006-09-26,0.00018888888888888888
2006-09-27,-0.0027232302904822425
2006-09-28,-0.004407235774485022
2006-09-29,-0.004894916771896101
2006-10-02,-0.0010115322384363276
2006-10-03,0.0001896825396825397
2006-10-04,0.00019047619047619048
2006-10-05,0.00019087301587301586
2006-10-06,0.00019126984126984127
2006-10-09,0.00019126984126984127
2006-10-10,0.00019325396825396824
2006-10-11,0.00019404761904761905
2006-10-12,0.00019563492063492062
2006-10-13,0.00019523809523809525
2006-10-16,0.00019682539682539682
2006-10-17,0.00019682539682539682
2006-10-18,0.00019682539682539682
2006-10-19,0.0001972222222222222
2006-10-20,0.00019682539682539682
2006-10-23,0.000198015873015873
2006-10-24,0.0001984126984126984
2006-10-25,0.000198015873015873
2006-10-26,0.000198015873015873
2006-10-27,0.011282381892488766
2006-10-30,0.0013353118203603763
2006-10-31,0.017262271612838807
2006-11-01,-0.00099865999503917
2006-11-02,0.00019603174603174606
2006-11-03,0.00019682539682539682
2006-11-06,0.00019682539682539682
2006-11-07,0.00019642857142857144
2006-11-08,0.0001972222222222222
2006-11-09,0.00019682539682539682
2006-11-10,0.0001972222222222222
2006-11-13,0.00019682539682539682
2006-11-14,0.00019682539682539682
2006-11-15,0.00019682539682539682
2006-11-16,0.00019682539682539682
2006-11-17,0.00019682539682539682
2006-11-20,0.00019642857142857144
2006-11-21,0.00019603174603174606
2006-11-22,0.00019523809523809525
2006-11-24,0.00019484126984126987
2006-11-27,0.00019523809523809525
2006-11-28,0.005400639976408338
2006-11-29,-0.005367582487866718
2006-11-30,0.020466099351448618
2006-12-01,-0.0009993060729611746
2006-12-04,0.00019365079365079365
2006-12-05,0.00019285714285714286
2006-12-06,0.00019285714285714286
2006-12-07,0.00019246031746031743
2006-12-08,0.00019206349206349205
2006-12-11,0.00019087301587301586
2006-12-12,0.00019087301587301586
2006-12-13,0.00019126984126984127
2006-12-14,0.00019166666666666667
2006-12-15,0.00019007936507936508
2006-12-18,0.00019206349206349205
2006-12-19,0.00019206349206349205
2006-12-20,0.00019206349206349205
2006-12-21,0.00019206349206349205
2006-12-22,0.00019285714285714286
2006-12-26,0.00019325396825396824
2006-12-27,-0.009603060091407862
2006-12-28,-0.00767250409240246
2006-12-29,-0.0018959961563699559
2007-01-03,-0.0006932617664879795
2007-01-04,0.00019484126984126987
2007-01-05,0.00019523809523809525
2007-01-08,0.00019642857142857144
2007-01-09,0.00019642857142857144
2007-01-10,0.00019682539682539682
2007-01-11,0.00019761904761904763
2007-01-12,0.00019682539682539682
2007-01-16,0.00019761904761904763
2007-01-17,0.000198015873015873
2007-01-18,0.000198015873015873
2007-01-19,0.0001988095238095238
2007-01-22,0.0001984126984126984
2007-01-23,0.0001988095238095238
2007-01-24,0.0001984126984126984
2007-01-25,0.0001988095238095238
2007-01-26,0.0001984126984126984
2007-01-29,-0.00472809545315021
2007-01-30,0.003315533937286921
2007-01-31,0.014074402642369963
2007-02-01,-0.00099721845977514
2007-02-02,0.0001988095238095238
2007-02-05,0.0001992063492063492
2007-02-06,0.0001988095238095238
2007-02-07,0.0001992063492063492
2007-02-08,0.00019960317460317463
2007-02-09,0.0001992063492063492
2007-02-12,0.0002
2007-02-13,0.00019960317460317463
2007-02-14,0.0001992063492063492
2007-02-15,0.00019960317460317463
2007-02-16,0.0002
2007-02-20,0.0002003968253968254
2007-02-21,0.0002
2007-02-22,0.0002003968253968254
2007-02-23,0.0002003968253968254
2007-02-26,0.010752542131560466
2007-02-27,0.03311250933069842
2007-02-28,-0.01445331146169428
2007-03-01,-0.000701515031592507
2007-03-02,0.00019761904761904763
2007-03-05,0.0001972222222222222
2007-03-06,0.000198015873015873
2007-03-07,0.0001972222222222222
2007-03-08,0.00019642857142857144
2007-03-09,0.00019682539682539682
2007-03-12,0.00019682539682539682
2007-03-13,0.00019603174603174606
2007-03-14,0.00019523809523809525
2007-03-15,0.00019484126984126987
2007-03-16,0.00019444444444444446
2007-03-19,0.00019563492063492062
2007-03-20,0.00019523809523809525
2007-03-21,0.00019484126984126987
2007-03-22,0.00019523809523809525
2007-03-23,0.00019603174603174606
2007-03-26,0.000673846330835004
2007-03-27,0.00044901579894397563
2007-03-28,0.000995192940824548
2007-03-29,-0.0027435174515742203
2007-03-30,-0.0021923441088897875
2007-04-02,-0.0003878065721767501
2007-04-03,0.00019484126984126987
2007-04-04,0.00019523809523809525
2007-04-05,0.00019444444444444446
2007-04-09,0.00019404761904761905
2007-04-10,0.0005610292442804056
2007-04-11,-0.0003216324337934162
2007-04-12,0.0005355934499826144
2007-04-13,0.0005370355200352268
2007-04-16,0.000930859862814204
2007-04-17,0.001008777757643754
2007-04-18,0.0002138249089553857
2007-04-19,-0.0003749021054105184
2007-04-20,0.0008770041004741414
2007-04-23,0.00022840713101383612
2007-04-24,0.0013871002133846967
2007-04-25,-0.0031842289182777064
2007-04-26,-0.008562728030856276
2007-04-27,-0.00013156998815790584
2007-04-30,0.01190522192111388
2007-05-01,-0.0008945683928859791
2007-05-02,0.0007801667521149058
2007-05-03,0.0001746180421430231
2007-05-04,0.0008136091220709012
2007-05-07,0.0004088317593405463
2007-05-08,-0.00017720210455353592
2007-05-09,2.9244900769393584e-06
2007-05-10,-0.0008905824218502953
2007-05-11,0.000707534513979492
2007-05-14,-0.0006351991562979977
2007-05-15,-0.0006188432489567278
2007-05-16,0.00046343839230265807
2007-05-17,-0.0011414279712352727
2007-05-18,5.788589525598239e-06
2007-05-21,0.0007194850441945907
2007-05-22,-0.00029571177444495114
2007-05-23,-0.00031291946936389323
2007-05-24,0.0020735353382495916
2007-05-25,-0.0016440312668176442
2007-05-29,-0.006674037802278412
2007-05-30,0.0011341985391433245
2007-05-31,-0.0009010496374528916
2007-06-01,-0.0014758051781470628
2007-06-04,0.0003739325508052403
2007-06-05,-0.0009328991072632131
2007-06-06,-0.0014472534443262124
2007-06-07,-0.004230540743619088
2007-06-08,0.0026344230444323518
2007-06-11,-0.0010068929069653521
2007-06-12,-0.002938940735463741
2007-06-13,0.002871858583880559
2007-06-14,0.0005204532460367933
2007-06-15,0.002348012477162367
2007-06-18,-0.0001996241798690838
2007-06-19,0.001634505603432453
2007-06-20,-0.0027428596407647107
2007-06-21,0.0008053660824490891
2007-06-22,-0.0007606639525343688
2007-06-25,0.001439089488957438
2007-06-26,0.0011894162728514719
2007-06-27,-6.941717994254882e-05
2007-06-28,-0.001526513799362611
2007-06-29,0.010350413431669063
2007-07-02,0.0009810932081266383
2007-07-03,0.0004963614257360715
2007-07-05,-0.0004058700416427653
2007-07-06,0.0010354842224169726
2007-07-09,0.0008182216708911602
2007-07-10,-0.000615968504199871
2007-07-11,0.0003437863877055513
2007-07-12,0.002079792878872524
2007-07-13,0.0012820998408030104
2007-07-16,-0.0002188638499181712
2007-07-17,-0.0003232947029298705
2007-07-18,0.0005623546262592317
2007-07-19,0.0007582403620493444
2007-07-20,-0.0005516670389735059
2007-07-23,0.00037071443107476493
2007-07-24,-0.003092127639821344
2007-07-25,-4.179089768212646e-05
2007-07-26,0.004590233620851253
2007-07-27,0.0060490386814234225
2007-07-30,-0.009627806017267388
2007-07-31,0.014194046179097619
2007-08-01,0.0003862192433399927
2007-08-02,0.0014011652918562167
2007-08-03,-0.003207879569001257
2007-08-06,0.0023195246997048335
2007-08-07,0.0013360579023313879
2007-08-08,0.0014175838275107887
2007-08-09,-0.004318845366015308
2007-08-10,-0.0006829010516884964
2007-08-13,0.0007483854483008487
2007-08-14,-0.003083707145194996
2007-08-15,-0.004076200492538721
2007-08-16,0.0018566443094381576
2007-08-17,0.0018669517932417402
2007-08-20,-0.000729202584033483
2007-08-21,0.00027895815953520183
2007-08-22,0.0030871312290170695
2007-08-23,0.0005059246496783491
2007-08-24,0.0028379914727211493
2007-08-27,-0.00171589812804688
2007-08-28,-0.007153860607308522
2007-08-29,-0.00618286030267135
2007-08-30,0.012586050613894237
2007-08-31,0.0029586843938313617
2007-09-04,0.0012696078993051866
2007-09-05,-0.0007139479608316819
2007-09-06,0.0007700083650990404
2007-09-07,-0.001377070173973796
2007-09-10,0.00014852682820561732
2007-09-11,0.0034166950258248587
2007-09-12,0.0010528583518053234
2007-09-13,-0.0005211638764354709
2007-09-14,-0.00040456299624573144
2007-09-17,-0.0004608257726426377
2007-09-18,0.005129693987583482
2007-09-19,0.001254607921074928
2007-09-20,-0.0002909839847364577
2007-09-21,0.0010319374431963359
2007-09-24,0.0012986399665138584
2007-09-25,0.001628713823047996
2007-09-26,-0.001312444680897874
2007-09-27,0.009490527129275589
2007-09-28,0.0015918897837950128
2007-10-01,0.002204980681405512
2007-10-02,-0.0028075763471116437
2007-10-03,-0.0012798968858018683
2007-10-04,0.0008139086028286307
2007-10-05,0.0036366044493412004
2007-10-08,-0.0020571461651436953
2007-10-09,0.0030155779747102545
2007-10-10,0.0008170305874571571
2007-10-11,0.0004689608278690254
2007-10-12,0.0034857353901859758
2007-10-15,8.57987619108945e-06
2007-10-16,-0.001899661770377302
2007-10-17,-0.00026804922667738343
2007-10-18,0.0023864900201477856
2007-10-19,-0.006393046807843788
2007-10-22,-0.00012993803848256809
2007-10-23,0.0033775682352104124
2007-10-24,-0.0009720101766512134
2007-10-25,0.0033699722731569937
2007-10-26,0.01042373166848679
2007-10-29,0.0028939464887300223
2007-10-30,-0.0015839154349882039
2007-10-31,-0.008172550704399775
2007-11-01,-0.004728334524162057
2007-11-02,0.006725826048304667
2007-11-05,-0.002543186670320354
2007-11-06,0.006306604404641338
2007-11-07,-0.0028426465538453753
2007-11-08,-0.0005261872178994242
2007-11-09,-0.0013279382600357942
2007-11-12,-0.007854517227311888
2007-11-13,0.004059132384746757
2007-11-14,0.0028869808953455992
2007-11-15,-0.003914070792318456
2007-11-16,0.001389710747929125
2007-11-19,-0.002188497121193826
2007-11-20,0.0065481323704910995
2007-11-21,-0.0028166525661219334
2007-11-23,0.005651151045320384
2007-11-26,-0.04181725155038558
2007-11-27,0.023980428579003673
2007-11-28,0.00732931201267266
2007-11-29,0.006935716478920518
2007-11-30,0.0037443975985547834
2007-12-03,0.00018442409568193588
2007-12-04,0.0003899392627076522
2007-12-05,-0.001046293525465381
2007-12-06,0.00013543983522061712
2007-12-07,-0.0013816171448141914
2007-12-10,-0.0004898243786012033
2007-12-11,0.001635042863507481
2007-12-12,0.0014185955877375244
2007-12-13,-0.0025560178065698546
2007-12-14,-0.00028332628828552065
2007-12-17,-0.0008252409100922706
2007-12-18,0.0008681628314026322
2007-12-19,0.0011800560803327512
2007-12-20,0.0004118643503389512
2007-12-21,-0.00019264014014714207
2007-12-24,4.940975162232796e-05
2007-12-26,0.0005301457203533217
2007-12-27,0.010443110606672539
2007-12-28,0.015518733741204462
2007-12-31,0.006317247446896487
2008-01-02,0.0016022695192396885
2008-01-03,0.00210455281373598
2008-01-04,-0.0020676005217937555
2008-01-07,-0.0004865707862182661
2008-01-08,0.001689273299281164
2008-01-09,0.000599776694444483
2008-01-10,-2.2723578096914352e-05
2008-01-11,0.00016413311713716033
2008-01-14,0.002845577720437469
2008-01-15,-0.0022479243466795094
2008-01-16,-0.003396542239124303
2008-01-17,1.9485261070267476e-05
2008-01-18,0.001183898723432446
2008-01-22,-0.00039986039785407915
2008-01-23,-0.0030825884969933196
2008-01-24,0.0028986035493582915
2008-01-25,-0.010227729171191639
2008-01-28,0.008178676702217428
2008-01-29,5.308991854276175e-05
2008-01-30,-0.00202283532993104
2008-01-31,0.007778687297667023
2008-02-01,-0.0019406600880878385
2008-02-04,0.0002626134427075613
2008-02-05,0.0024281520980219697
2008-02-06,0.0006477518602455405
2008-02-07,-0.002167979557892094
2008-02-08,0.0033651146184784245
2008-02-11,0.0011106681348915157
2008-02-12,-0.0023703088905196877
2008-02-13,-0.002182445212299958
2008-02-14,0.00034602266163948894
2008-02-15,0.0005903651499381519
2008-02-19,-9.281632169260445e-05
2008-02-20,0.0013267584829143387
2008-02-21,0.002552309021255132
2008-02-22,-0.0007792276893998687
2008-02-25,-0.0009773014439808684
2008-02-26,0.0019317707697098859
2008-02-27,0.007501807705085664
2008-02-28,0.042603799250831555
2008-02-29,0.037525157332425375
2008-03-03,0.00015854322029831974
2008-03-04,-0.0006093549868991503
2008-03-05,0.0007715079794152903
2008-03-06,0.0013168083028563752
2008-03-07,0.0002569968442772622
2008-03-10,0.0011745081233749785
2008-03-11,-0.0016088944120930477
2008-03-12,0.0013511997618253116
2008-03-13,-0.00017801573778945535
2008-03-14,0.0014276127698683904
2008-03-17,-0.000492996781618863
2008-03-18,-0.002355290125307328
2008-03-19,-0.00025337916105313836
2008-03-20,-0.002833533194031578
2008-03-24,-0.002147789316272485
2008-03-25,0.0003056311693613903
2008-03-26,2.3863988948601123e-05
2008-03-27,-0.0008307408313204227
2008-03-28,0.0018565150610574594
2008-03-31,0.0005463921957321288
2008-04-01,-0.004056732254268417
2008-04-02,0.0009587107222733986
2008-04-03,0.0001286822691197381
2008-04-04,0.0006189234422519144
2008-04-07,0.00017843001768751192
2008-04-08,-1.0285988755525088e-05
2008-04-09,0.0019320950249723772
2008-04-10,-0.0007242814151157306
2008-04-11,0.0012728024337852143
2008-04-14,0.00011203768850283387
2008-04-15,-0.0002858536964773749
2008-04-16,-0.0013362400784495748
2008-04-17,-0.00042980416666460984
2008-04-18,-0.001225442462424171
2008-04-21,-6.385253345584883e-05
2008-04-22,0.0010548307373721933
2008-04-23,-0.0010180659687356777
2008-04-24,-0.00798915470330801
2008-04-25,-0.0034961655340207337
2008-04-28,0.0022315499428687416
2008-04-29,0.0028680824400480484
2008-04-30,0.007135943765565399
2008-05-01,-0.002727534406548647
2008-05-02,-0.00021615078129956757
2008-05-05,0.0008847606351128625
2008-05-06,-0.0004632395713638203
2008-05-07,0.0010187630434435613
2008-05-08,0.001126222336828863
2008-05-09,0.0005673585537262298
2008-05-12,-0.0009479625530144741
2008-05-13,-0.0011669926218795398
2008-05-14,-0.0001924291812836852
2008-05-15,0.0007900051970317131
2008-05-16,0.000349447997610475
2008-05-19,0.00043048352828432444
2008-05-20,0.0014682000624904594
2008-05-21,0.0014401440096644539
2008-05-22,-0.0015475248584926806
2008-05-23,0.0024809948852438264
2008-05-27,-0.003205258862082389
2008-05-28,-0.017924370409236928
2008-05-29,-0.012571522644772862
2008-05-30,0.00640782281495576
2008-06-02,0.00024179355896735165
2008-06-03,-0.0004813174748232402
2008-06-04,-0.0005815820530878646
2008-06-05,-0.00010480128449698099
2008-06-06,0.0033325170846654575
2008-06-09,-0.000691220976139343
2008-06-10,-0.0010705454405063111
2008-06-11,0.0015097304988956812
2008-06-12,-0.0012465177567568548
2008-06-13,-0.0003666030162788799
2008-06-16,0.0004758833764826755
2008-06-17,0.000794956700625771
2008-06-18,0.0014598102636213717
2008-06-19,-0.0008588434788410699
2008-06-20,0.0014013185422646144
2008-06-23,-0.0001748060599232743
2008-06-24,-0.004902192806788686
2008-06-25,0.0020626546750882064
2008-06-26,0.0022988000281125394
2008-06-27,0.008027994722671468
2008-06-30,0.002073763342018073
2008-07-01,-0.000872570447900379
2008-07-02,0.0018827428177154886
2008-07-03,-0.00024878323488284747
2008-07-07,0.0003046621722459863
2008-07-08,-0.0019994341733239776
2008-07-09,0.002470800458567838
2008-07-10,0.000384457760759166
2008-07-11,0.0006162698575375536
2008-07-14,0.0017862609985207327
2008-07-15,0.0006973442078582815
2008-07-16,-0.0031539826013217503
2008-07-17,-0.0014405295661612555
2008-07-18,-0.0012711309677615448
2008-07-21,0.0002470729840473516
2008-07-22,-0.0025827465606080265
2008-07-23,-0.0017431835436803361
2008-07-24,0.002162590165874132
2008-07-25,-0.0023615307400162537
2008-07-28,0.004443445124937371
2008-07-29,-0.010513590881180975
2008-07-30,0.0018995853706238253
2008-07-31,0.01763109233154913
2008-08-01,-0.0002620211257218211
2008-08-04,-0.00017753172446009346
2008-08-05,-0.0022227554643895918
2008-08-06,-0.0005916095397736811
2008-08-07,0.001711489361038988
2008-08-08,-0.0017992791436184882
2008-08-11,-0.0019567930687910914
2008-08-12,0.001163595544049273
2008-08-13,0.0007022684109209355
2008-08-14,-0.0007489167202931082
2008-08-15,-0.00046882787418090486
2008-08-18,0.0012282978035433097
2008-08-19,0.0012212848935557379
2008-08-20,-8.051506758615356e-05
2008-08-21,0.0011883737653799258
2008-08-22,-0.002026081636787556
2008-08-25,0.0006491401475833282
2008-08-26,-0.00019516069201499527
2008-08-27,0.00383331998590467
2008-08-28,-0.005722359783673312
2008-08-29,-0.004742526044711064
2008-09-02,-0.0007536943962787144
2008-09-03,1.2701898369252198e-05
2008-09-04,0.0020528579339095217
2008-09-05,-0.0004391168593695148
2008-09-08,-0.0011102990849466753
2008-09-09,0.001333706017390827
2008-09-10,-0.0014597660404027304
2008-09-11,-0.0006655607475352169
2008-09-12,0.00028449443531933824
2008-09-15,0.0075982787158693586
2008-09-16,0.0010689770375735361
2008-09-17,0.012115832960689491
2008-09-18,-0.009235617146535528
2008-09-19,-0.005755930959099241
2008-09-22,0.004704106674284744
2008-09-23,0.0008494564334033223
2008-09-24,-0.003019811487036532
2008-09-25,0.008616082247662688
2008-09-26,-0.001323318657833527
2008-09-29,0.018850170405365064
2008-09-30,-0.025196061590831785
2008-10-01,-0.0011038361035407083
2008-10-02,0.0020159404484731166
2008-10-03,0.0005252841981136065
2008-10-06,0.00227166910955572
2008-10-07,0.001088120509732563
2008-10-08,-0.00011470109758909499
2008-10-09,0.0010298063733371833
2008-10-10,-0.0002581078853093575
2008-10-13,-0.004248652749810067
2008-10-14,0.0008995243672394966
2008-10-15,0.003220560760820606
2008-10-16,-0.0013054894408231594
2008-10-17,0.000498426323384991
2008-10-20,-0.0008648209795304328
2008-10-21,0.001233891925540213
2008-10-22,0.0019514249392503975
2008-10-23,-0.0002912387662696599
2008-10-24,0.0010515397279784236
2008-10-27,-0.0046424371132917355
2008-10-28,0.02415926132553468
2008-10-29,-0.0002891347820511169
2008-10-30,-0.004525318368756869
2008-10-31,-0.001670883827223176
2008-11-03,-0.0005706592326631464
2008-11-04,-0.0012490943443952123
2008-11-05,0.0013345371622527648
2008-11-06,0.0011152343447305548
2008-11-07,-0.0007569515503608328
2008-11-10,0.000269723806381892
2008-11-11,0.0009799200080627072
2008-11-12,0.0015371768568713095
2008-11-13,-0.002069955714666604
2008-11-14,0.001544945676052024
2008-11-17,0.0006392547505335421
2008-11-18,0.000562328680360958
2008-11-19,0.0022286172665950325
2008-11-20,0.00287537150315895
2008-11-21,0.011653775708805658
2008-11-24,0.013861948834426421
2008-11-25,0.011051076845615028
2008-11-26,0.006964388859355504
2008-11-28,0.002846245420213758
2008-12-01,0.0016789783466998475
2008-12-02,-0.0009013734949664413
2008-12-03,-0.0005212149283305327
2008-12-04,0.0007654900088580356
2008-12-05,-0.0007760837563167886
2008-12-08,-0.001176308865944164
2008-12-09,0.0007743666495536105
2008-12-10,-0.0004886203316805168
2008-12-11,0.0002668712519654122
2008-12-12,-0.0005999365827351858
2008-12-15,0.00041577452361461797
2008-12-16,-0.001599814907516957
2008-12-17,-0.00015168225505301578
2008-12-18,0.000612113390407366
2008-12-19,0.000381981661192479
2008-12-22,2.6264131109588346e-05
2008-12-23,0.00015302995187109082
2008-12-24,0.00075565467566381
2008-12-26,-0.0024156169781701466
2008-12-29,0.0025239940324762768
2008-12-30,0.003578773824691909
2008-12-31,-0.015607271048794473
2009-01-02,-0.0014799177702329303
2009-01-05,-0.0004273896673852929
2009-01-06,-0.0006465087031275166
2009-01-07,0.0008217735968862349
2009-01-08,-0.0002049239333893767
2009-01-09,0.0004773792888776258
2009-01-12,0.0010682858423758977
2009-01-13,6.80361813448302e-05
2009-01-14,0.001155388992217274
2009-01-15,-0.00019355005213752923
2009-01-16,-0.0007370477502708812
2009-01-20,0.002175725463411335
2009-01-21,-0.0014266741923281141
2009-01-22,0.00018194417512499826
2009-01-23,-0.00023121178456267223
2009-01-26,0.0012762897357764308
2009-01-27,-0.002376608500130445
2009-01-28,-0.0001474360901948849
2009-01-29,-0.005232731224550235
2009-01-30,-0.0017867465676002395
2009-02-02,0.00022484501738940306
2009-02-03,-0.0006454047727369312
2009-02-04,6.733527853489579e-06
2009-02-05,-0.00023050812863324596
2009-02-06,-0.0013044475339944173
2009-02-09,-0.00017566830461412635
2009-02-10,0.00139775988707239
2009-02-11,-0.00010878132819446763
2009-02-12,-6.888113409677685e-05
2009-02-13,5.76813959991217e-05
2009-02-17,0.0019671946450322904
2009-02-18,5.27670719361895e-06
2009-02-19,0.0001260383038157802
2009-02-20,-3.061887959456068e-05
2009-02-23,-0.004818976222191383
2009-02-24,0.007440226778874404
2009-02-25,-0.02162069420181295
2009-02-26,-0.007369051669379238
2009-02-27,-0.003949114565663549
2009-03-02,0.0009324940903429735
2009-03-03,0.00012897699240079936
2009-03-04,-0.0009445850957139367
2009-03-05,0.0012899800668497072
2009-03-06,-0.00023866905577512787
2009-03-09,0.0011074056376514094
2009-03-10,-0.0021088466700444446
2009-03-11,-0.00017061881343712632
2009-03-12,-0.0017051423180729614
2009-03-13,-0.00034390446011440233
2009-03-16,-4.574585870368697e-05
2009-03-17,-0.0008698344113991149
2009-03-18,-0.0015170116923251468
2009-03-19,-0.0004428601722486756
2009-03-20,0.0008720709683942336
2009-03-23,-0.002434333235365748
2009-03-24,0.0013638946503193663
2009-03-25,-0.00840221435429826
2009-03-26,-0.003844919180974083
2009-03-27,0.0025148493117139186
2009-03-30,0.02565586019611992
2009-03-31,0.0034407042372625084
2009-04-01,-0.0012768425244855518
2009-04-02,-0.0016194735598599776
2009-04-03,-0.0007353764345080294
2009-04-06,0.00041447396349745527
2009-04-07,0.001026114833502413
2009-04-08,-0.0005008275600182342
2009-04-09,-0.0014605727061282139
2009-04-13,-0.0003244072492864337
2009-04-14,0.000706628531022719
2009-04-15,-0.00047991140548629105
2009-04-16,-0.0005177861162121059
2009-04-17,1.9871764095839054e-05
2009-04-20,0.0020453468997047477
2009-04-21,-0.0009306667597120333
2009-04-22,-9.923475273265903e-05
2009-04-23,-0.0007146569821950821
2009-04-24,-0.0075040562168936335
2009-04-27,0.006022750060120264
2009-04-28,-0.01455200542611663
2009-04-29,-0.022003574228249348
2009-04-30,-0.00477735953851034
2009-05-01,-0.001010834845053675
2009-05-04,-0.001146496862993522
2009-05-05,6.57928096428744e-05
2009-05-06,-0.0007337102661173511
2009-05-07,0.0003024431505029602
2009-05-08,-0.001057128445490097
2009-05-11,0.0005870891309418536
2009-05-12,-0.00028350403711064454
2009-05-13,0.00106683766167782
2009-05-14,-0.00033205091063988747
2009-05-15,0.0003765557686130167
2009-05-18,-0.0011086864322433115
2009-05-19,-0.00047504745902054394
2009-05-20,-0.0004241518042636063
2009-05-21,5.9783511446739154e-05
2009-05-22,-0.0026023579655387657
2009-05-26,-0.006104708461676894
2009-05-27,-0.02428892114064122
2009-05-28,0.009847927979282871
2009-05-29,0.017177170981494752
2009-06-01,-0.0018072504263815553
2009-06-02,-8.558202328006049e-05
2009-06-03,0.0008109179100359666
2009-06-04,-0.000630491542699774
2009-06-05,3.302051811266252e-05
2009-06-08,0.00014788961197971322
2009-06-09,-0.00030956022558376587
2009-06-10,-0.00013632781472327625
2009-06-11,-0.00013259354785186958
2009-06-12,0.00048345494776674716
2009-06-15,0.00135671049991239
2009-06-16,0.00037071422259383975
2009-06-17,-3.172451689177737e-05
2009-06-18,-0.0004985372076165675
2009-06-19,1.3242783524120191e-05
2009-06-22,0.0013769644880222845
2009-06-23,-0.00010622421939735447
2009-06-24,0.00044773253188566247
2009-06-25,-0.0008259884841850349
2009-06-26,0.0024008562448587065
2009-06-29,0.005644736138057553
2009-06-30,-0.0072171221722613435
2009-07-01,-0.0012445926540176162
2009-07-02,0.0013192145289367212
2009-07-06,0.0004336600697052845
2009-07-07,0.0009032069084449849
2009-07-08,0.0006608170897107851
2009-07-09,-0.0003510893771308719
2009-07-10,0.0004109310799543774
2009-07-13,-0.0007480318323361244
2009-07-14,-0.0005251286991169035
2009-07-15,-0.0022153899245985625
2009-07-16,-4.304684107160233e-05
2009-07-17,-0.00042633369153340745
2009-07-20,-0.0009643595302526524
2009-07-21,0.0005514794676358846
2009-07-22,-0.0004105310513006962
2009-07-23,-0.0012275744102339648
2009-07-24,-3.5681258505570966e-05
2009-07-27,-0.0056455148784041245
2009-07-28,0.004071754112842944
2009-07-29,0.003175255417306288
2009-07-30,0.009633435038526119
2009-07-31,0.0344600738326319
2009-08-03,-0.002657181003912354
2009-08-04,-0.0002122522355680521
2009-08-05,-0.00014567518695394175
2009-08-06,0.0004027035126338191
2009-08-07,-0.0004871033797322438
2009-08-10,0.00029388273401784475
2009-08-11,0.0005492582246443074
2009-08-12,-0.0005226677348037217
2009-08-13,-5.409322144770505e-05
2009-08-14,0.0006163246456128922
2009-08-17,0.0013196470981252791
2009-08-18,-0.0006986304752832447
2009-08-19,-0.00017510155644869822
2009-08-20,-0.0003392149434263947
2009-08-21,-0.0008721693860517667
2009-08-24,0.00015589335882260183
2009-08-25,0.0005816083342741299
2009-08-26,0.0006753561625687883
2009-08-27,-0.008930018667687055
2009-08-28,0.006516527533163439
2009-08-31,0.010561026291072976
2009-09-01,1.3485108747947513e-05
2009-09-02,0.0006230901231004721
2009-09-03,-0.00018774349594446552
2009-09-04,-0.0006295697930521669
2009-09-08,-0.0006770215708715644
2009-09-09,-0.0003572915700591451
2009-09-10,-8.105128835770382e-05
2009-09-11,0.0002973542189054355
2009-09-14,-0.0004894615636229639
2009-09-15,-0.00023226803819115967
2009-09-16,-0.0006639534752415953
2009-09-17,0.00017612718463566932
2009-09-18,-0.0003159395936032157
2009-09-21,0.00024836257187374613
2009-09-22,-5.276282222669338e-05
2009-09-23,0.00030145817125813777
2009-09-24,0.00587206986207498
2009-09-25,0.00503628982027503
2009-09-28,-0.0018405221263249286
2009-09-29,-0.0003394095712618325
2009-09-30,0.0042049513494936495
2009-10-01,-0.0020104313957201524
2009-10-02,-0.00027381914699566907
2009-10-05,0.0008632858617410808
2009-10-06,0.0010216824546162586
2009-10-07,0.0011462292172263794
2009-10-08,2.174929872091467e-05
2009-10-09,-0.002096122310052475
2009-10-12,0.0006554599431980071
2009-10-13,0.0008683771211460998
2009-10-14,-0.0005149849300525904
2009-10-15,-0.0009400993913825386
2009-10-16,0.0005203335869107242
2009-10-19,0.001479750911484114
2009-10-20,0.00032216093124119455
2009-10-21,-0.00012497777423014085
2009-10-22,-0.00046912458783591137
2009-10-23,-0.0008230697287215712
2009-10-26,-0.002785248419766568
2009-10-27,0.01072193893924363
2009-10-28,0.016255767203728958
2009-10-29,-0.022358181899279482
2009-10-30,0.030693273871605066
2009-11-02,-0.0003401473146787567
2009-11-03,0.00020231748829749075
2009-11-04,0.0002455325559177525
2009-11-05,0.0004984730869885884
2009-11-06,0.0004200100095546955
2009-11-09,0.0013973479331117063
2009-11-10,-9.856121965314953e-05
2009-11-11,0.0006151316933574834
2009-11-12,-0.0009839452418663479
2009-11-13,0.0010787203185289222
2009-11-16,0.001549068160306877
2009-11-17,1.953386380124255e-05
2009-11-18,-0.00015214047394624154
2009-11-19,-0.0005900587908944033
2009-11-20,-0.000292260000278388
2009-11-23,-0.005276288490986087
2009-11-24,0.004593042837490416
2009-11-25,0.010701240958109497
2009-11-27,0.01991094086634338
2009-11-30,0.00521274543020632
2009-12-01,-0.0003976794729153766
2009-12-02,0.0001509175159551048
2009-12-03,-0.0003939662147345011
2009-12-04,-0.000608381597982999
2009-12-07,-0.0002499924673998601
2009-12-08,-0.0006308165577311366
2009-12-09,-0.00019317191182833862
2009-12-10,6.662283176170302e-05
2009-12-11,-0.00029537125801261887
2009-12-14,0.0008650449614227724
2009-12-15,-0.0005613859551978952
2009-12-16,0.0006666921165049229
2009-12-17,-0.001090854117045594
2009-12-18,0.00034942949946731956
2009-12-21,-0.00027873377056530116
2009-12-22,-1.8019388898129505e-05
2009-12-23,0.0006536610070949285
2009-12-24,-0.00546667164431626
2009-12-28,-0.003480695986612603
2009-12-29,0.008550218349052795
2009-12-30,0.006334259433461706
2009-12-31,-0.013557585294897019
2010-01-04,0.0005226683734191005
2010-01-05,0.00021172853082010085
2010-01-06,0.00045361925720837786
2010-01-07,5.542008640982619e-06
2010-01-08,0.0004853717217400804
2010-01-11,0.000170199261698558
2010-01-12,-0.001158857137645271
2010-01-13,0.0006961610447326766
2010-01-14,4.266468129741485e-05
2010-01-15,-0.0010022817366062175
2010-01-19,0.0009245771300909311
2010-01-20,-0.001649659192554339
2010-01-21,-0.0015819312453388414
2010-01-22,-0.0014807898922503894
2010-01-25,0.0018688849924618695
2010-01-26,-0.001988077122774111
2010-01-27,-0.002419331585501844
2010-01-28,-0.003198206489771071
2010-01-29,0.001695830056240572
2010-02-01,0.0009924827331118287
2010-02-02,0.0010738656517084125
2010-02-03,-0.00037341492269837254
2010-02-04,-0.003802374827791409
2010-02-05,-0.0005116868971541448
2010-02-08,-0.0008898975862916883
2010-02-09,0.0016068459160467525
2010-02-10,-0.0007237374558800819
2010-02-11,0.0015051428279069627
2010-02-12,-0.00030461139699635776
2010-02-16,0.002533128760018618
2010-02-17,0.0004015283293845993
2010-02-18,0.0010683415701883384
2010-02-19,5.020777720581939e-05
2010-02-22,-0.0014147924876989743
2010-02-23,0.012260726385031983
2010-02-24,-0.0014200443310408994
2010-02-25,0.012960296916187544
2010-02-26,0.005899741872886704
2010-03-01,-0.0006182023358662637
2010-03-02,0.0009892068854876483
2010-03-03,0.0006129494391624729
2010-03-04,-0.00013260235790599673
2010-03-05,0.0013972842448934683
2010-03-08,4.16006588865689e-05
2010-03-09,0.0002489954729630653
2010-03-10,0.0002776429466251961
2010-03-11,0.0002557156337075595
2010-03-12,0.00029324228566284037
2010-03-15,-0.00047488014440172187
2010-03-16,0.0018427045394024788
2010-03-17,0.0007210919715903402
2010-03-18,-0.0005955103746066124
2010-03-19,-0.001648478813680459
2010-03-22,0.0009930158112481566
2010-03-23,0.0003802708983017939
2010-03-24,-0.002249295984993234
2010-03-25,-0.0073677937361577685
2010-03-26,0.006103627550613089
2010-03-29,-0.008203512212283623
2010-03-30,0.0031157467907563584
2010-03-31,0.00950082946858185
2010-04-01,-0.00036652717050532975
2010-04-05,0.0007255011724089397
2010-04-06,0.0005660861565043076
2010-04-07,-0.00023860399619035522
2010-04-08,4.991706564146117e-05
2010-04-09,0.0010745383509844825
2010-04-12,2.7344830017492977e-05
2010-04-13,0.0005229211686034925
2010-04-14,0.0015370855188099877
2010-04-15,-1.985039108204821e-05
2010-04-16,-0.002633925510207624
2010-04-19,-0.00042103262138911134
2010-04-20,0.0013902138616916633
2010-04-21,0.000522985928717278
2010-04-22,-3.07258063441234e-05
2010-04-23,0.0014686517788985432
2010-04-26,0.0014591965912137018
2010-04-27,0.01339080272194134
2010-04-28,-0.02027399774615627
2010-04-29,0.00454418617756077
2010-04-30,0.024350029691390312
2010-05-03,-0.00012102938807894768
2010-05-04,-0.002543221258825389
2010-05-05,-0.0014630197626463752
2010-05-06,-0.0029462949546071007
2010-05-07,-0.00041550180254465376
2010-05-10,0.003933938628540755
2010-05-11,0.00037250059730120383
2010-05-12,0.0014454010808595328
2010-05-13,-0.0010644480290004413
2010-05-14,-0.001855380187680532
2010-05-17,-0.0005489444585723927
2010-05-18,-0.001050836241804778
2010-05-19,-0.0011683839505833723
2010-05-20,-0.0037984267084217884
2010-05-21,0.001826660128150032
2010-05-24,-0.0106502020826146
2010-05-25,-0.006863629673906633
2010-05-26,-0.00341312132078994
2010-05-27,0.032082340219726425
2010-05-28,-0.012193422656379899
2010-06-01,-0.0020861838824009827
2010-06-02,0.0009994475359602446
2010-06-03,-0.00038961882048178375
2010-06-04,-0.00029395060741444927
2010-06-07,0.00024657763486490354
2010-06-08,4.6035461964325675e-05
2010-06-09,-0.0003324419105356676
2010-06-10,0.00023463907502881143
2010-06-11,0.0014401456108205325
2010-06-14,-0.00029474432062683465
2010-06-15,0.0011826798374245512
2010-06-16,0.00022615187289785687
2010-06-17,0.0011930048825715591
2010-06-18,0.00025488290309130075
2010-06-21,-0.00034695469836532283
2010-06-22,-8.213908944711098e-05
2010-06-23,0.0003584130241597434
2010-06-24,-0.0018828175994268213
2010-06-25,0.0010564660593020505
2010-06-28,0.014978559359495245
2010-06-29,0.007115183887638517
2010-06-30,0.002297400819892209
2010-07-01,-0.0021347265172990955
2010-07-02,-0.000529502311040161
2010-07-06,0.0003658903471023974
2010-07-07,0.001479392013349096
2010-07-08,0.00011544355967128146
2010-07-09,0.0005863257018160922
2010-07-12,-4.19827124616736e-05
2010-07-13,0.0006388035303554166
2010-07-14,0.0008255934978155185
2010-07-15,-4.721455008443564e-05
2010-07-16,-0.0020996018950644535
2010-07-19,-0.00016481776903327507
2010-07-20,0.0015120865744121645
2010-07-21,0.0003995987444589715
2010-07-22,0.0014028583384334868
2010-07-23,0.000273335039208046
2010-07-26,-0.0018837451317444576
2010-07-27,-0.003655558000919652
2010-07-28,0.008084519012213957
2010-07-29,0.004147894236987935
2010-07-30,0.010879431309465061
2010-08-02,0.00039407463990122945
2010-08-03,0.00045408941187316407
2010-08-04,-2.1534620882888716e-07
2010-08-05,0.0002024448738918325
2010-08-06,0.0005913195602628436
2010-08-09,0.0004901796359879615
2010-08-10,-4.753277525347388e-05
2010-08-11,-0.001848616022879139
2010-08-12,-0.0008799981053539197
2010-08-13,0.0008839019361632538
2010-08-16,0.00202380229205255
2010-08-17,0.000571185961018334
2010-08-18,0.00016060751544472824
2010-08-19,-0.000735715159188282
2010-08-20,-0.00041411788722184453
2010-08-23,-0.0003219327502978355
2010-08-24,0.00022139416866674163
2010-08-25,0.005855212292485452
2010-08-26,-0.005898249215157219
2010-08-27,-0.01992532719191648
2010-08-30,0.011834864580508836
2010-08-31,0.008892886339982278
2010-09-01,-0.00024965708082791074
2010-09-02,0.0003270289466470657
2010-09-03,-0.00011948064648467959
2010-09-07,0.0011294878374684763
2010-09-08,-0.00012085468302919815
2010-09-09,-0.0012517480677220478
2010-09-10,0.00048087684910670756
2010-09-13,0.0015614448649178907
2010-09-14,0.0008990218849309637
2010-09-15,-0.00019262612272596553
2010-09-16,-0.000604193553921533
2010-09-17,0.0005040693945062211
2010-09-20,0.0017670682733902075
2010-09-21,0.0013759535692286476
2010-09-22,-0.00027558735092578804
2010-09-23,-0.0003617953552210512
2010-09-24,-0.015777352646966558
2010-09-27,0.012794523643821444
2010-09-28,0.00797625752818602
2010-09-29,-0.00559944465553328
2010-09-30,-0.0015947160917775633
2010-10-01,-0.0007536177604386111
2010-10-04,-0.0003237862303903293
2010-10-05,0.0023748216779813816
2010-10-06,0.0008992100211382012
2010-10-07,-0.0008028271808694737
2010-10-08,0.0016003042192456645
2010-10-11,0.0002812881096323427
2010-10-12,-0.0002905095956518142
2010-10-13,0.0016297172858204178
2010-10-14,-0.0005541858093488604
2010-10-15,-0.0007907361099638024
2010-10-18,0.0010955443669403936
2010-10-19,-0.0021359464014418573
2010-10-20,0.001494565126970068
2010-10-21,-0.0013337554115861409
2010-10-22,0.0008145755905749143
2010-10-25,6.197177918839582e-05
2010-10-26,-0.003951252176733595
2010-10-27,-0.010152124632690428
2010-10-28,0.010148812829575514
2010-10-29,0.007650526554952229
2010-11-01,-0.0005357896094346708
2010-11-02,0.001768367185523471
2010-11-03,0.0001311206020836358
2010-11-04,0.003903739480954409
2010-11-05,-0.00032832760023951933
2010-11-08,0.00020106477477187492
2010-11-09,-0.0028684524749635117
2010-11-10,0.000789968984323328
2010-11-11,-0.0008670307471129556
2010-11-12,-0.0034492420632620787
2010-11-15,-0.002194443201704172
2010-11-16,-0.001988405626273424
2010-11-17,0.0002194870812086304
2010-11-18,0.003158122500886274
2010-11-19,0.0005383060668640642
2010-11-22,0.0005500981434367664
2010-11-23,0.0024755534368091766
2010-11-24,-0.00825148744956065
2010-11-26,0.0160088337149921
2010-11-29,0.007079499472827753
2010-11-30,0.006366050538374987
2010-12-01,0.0003974636631840837
2010-12-02,0.0009322725225229876
2010-12-03,0.0005435590596539721
2010-12-06,0.001235323703116459
2010-12-07,-0.0019269118346204376
2010-12-08,-0.001423570806049711
2010-12-09,0.0002791075949051585
2010-12-10,-0.00019620292977002305
2010-12-13,0.0006757314888165103
2010-12-14,-0.0010617858499958005
2010-12-15,-0.0015118981685164992
2010-12-16,0.001207008658134266
2010-12-17,0.0018138348420746
2010-12-20,0.0006497010568366349
2010-12-21,0.0014960234308688234
2010-12-22,6.0307355481398255e-05
2010-12-23,-0.000532302383008289
2010-12-27,0.0057661401374185265
2010-12-28,-0.02040106238068861
2010-12-29,0.03148615592554988
2010-12-30,-0.004644603880342098
2010-12-31,0.009963159320875688
2011-01-03,-0.0002250339514020303
2011-01-04,-0.0004709479897949807
2011-01-05,-0.00038125702387877713
2011-01-06,-0.00028781976332018563
2011-01-07,-7.022824678335179e-05
2011-01-10,0.0003355390943042923
2011-01-11,0.0003835830564448854
2011-01-12,0.0007602524982445446
2011-01-13,0.00020419802905249438
2011-01-14,6.431068646616063e-05
2011-01-18,0.00020512436026745183
2011-01-19,-0.0006004290166088066
2011-01-20,-0.001387372020312397
2011-01-21,0.00032715357332201487
2011-01-24,0.000398664200973136
2011-01-25,0.0012563738219757879
2011-01-26,-0.0017623493632640812
2011-01-27,0.0046632708591778475
2011-01-28,0.009566140662895111
2011-01-31,-0.006806589212801269
2011-02-01,0.0008702039480457259
2011-02-02,-0.00026963543117057483
2011-02-03,-0.00021586263118551102
2011-02-04,-0.0003744411878277694
2011-02-07,0.0005281401009499231
2011-02-08,0.0002965071374287289
2011-02-09,5.957775606980397e-05
2011-02-10,-0.0007118154517979175
2011-02-11,0.000911850480007569
2011-02-14,0.0003850392544532897
2011-02-15,-0.00010877319308785839
2011-02-16,0.0006057185320566321
2011-02-17,0.000888302645718555
2011-02-18,0.0006540480464211224
2011-02-22,0.017572197932728517
2011-02-23,0.0022384311788551186
2011-02-24,0.005195394053824013
2011-02-25,0.0026979787858322714
2011-02-28,-0.0034601544551196147
2011-03-01,-0.0014917671923663934
2011-03-02,-7.711129144381923e-05
2011-03-03,0.0007846181258606181
2011-03-04,0.0003448449778252422
2011-03-07,-0.0009521772125787266
2011-03-08,0.0003284435612897838
2011-03-09,0.00024810023704274607
2011-03-10,-0.0018428496718197692
2011-03-11,0.0005345163510963239
2011-03-14,-0.0003593149695318354
2011-03-15,-0.001890812830976202
2011-03-16,-0.001241274440273176
2011-03-17,0.0020794598661082243
2011-03-18,0.0012125697674822491
2011-03-21,0.0018184863167193329
2011-03-22,-7.406946906896798e-05
2011-03-23,0.00021939286319312194
2011-03-24,0.0006150923322710279
2011-03-25,0.0018962546665464547
2011-03-28,-0.0014190577773104548
2011-03-29,-0.003004068812228864
2011-03-30,0.00972951338587946
2011-03-31,-0.004482072064482958
2011-04-01,0.00019346483837016012
2011-04-04,0.0011484527987942728
2011-04-05,7.502776204182026e-05
2011-04-06,-8.708635526473884e-05
2011-04-07,-0.0003299695910608439
2011-04-08,0.000578074568389351
2011-04-11,-0.0010276486481818356
2011-04-12,-0.0005971875784647813
2011-04-13,0.0012571476632742007
2011-04-14,0.0006319242262334721
2011-04-15,0.002066272573406316
2011-04-18,-0.0016060374447927255
2011-04-19,0.0016999854151165355
2011-04-20,0.002717593129667213
2011-04-21,0.001452572156198621
2011-04-25,0.00013462871922098943
2011-04-26,0.0015286507021482784
2011-04-27,-0.003885594151187265
2011-04-28,0.008385132867666654
2011-04-29,0.004865226990859426
2011-05-02,-0.0018836722118624372
2011-05-03,-0.0014777376655572088
2011-05-04,-0.0017615735713007049
2011-05-05,-0.004327336914385388
2011-05-06,0.0007214611863175534
2011-05-09,0.0027613725521616777
2011-05-10,0.0010803826976675838
2011-05-11,-0.0036813218290552346
2011-05-12,-9.663255899100011e-05
2011-05-13,-0.0013621158888043542
2011-05-16,-0.0008667157297751506
2011-05-17,0.0008229938601276913
2011-05-18,0.0015047765548448862
2011-05-19,0.00031436682818791154
2011-05-20,-0.0010376056452651556
2011-05-23,-0.0028362504257448853
2011-05-24,-0.0006903991958612781
2011-05-25,0.003120140500032271
2011-05-26,0.013338414829009647
2011-05-27,0.002028271041718348
2011-05-31,0.007832860967184092
2011-06-01,-0.002651656218660633
2011-06-02,-0.0014271234556966464
2011-06-03,3.2526536689749784e-05
2011-06-06,-0.002071153310738346
2011-06-07,0.0013831005639500446
2011-06-08,-0.0009506506305183627
2011-06-09,-3.033155657027317e-05
2011-06-10,-0.003369424438783429
2011-06-13,-0.0007110741806295333
2011-06-14,0.0014636424706567076
2011-06-15,-0.0018339183368431093
2011-06-16,-0.0012064843394367407
2011-06-17,0.0014440082328021789
2011-06-20,0.0009089573540196419
2011-06-21,0.0031598604512531785
2011-06-22,-0.001592639226792038
2011-06-23,3.598325105239381e-05
2011-06-24,-0.0189057966296801
2011-06-27,0.013823372656030428
2011-06-28,-0.008145595181748757
2011-06-29,-0.0036919037340549386
2011-06-30,-2.3338978481433376e-05
2011-07-01,0.00021743406764790368
2011-07-05,0.0014669616463157769
2011-07-06,0.00047486923830366125
2011-07-07,0.0018970456154010409
2011-07-08,0.0001925291789280721
2011-07-11,-0.0028917797639387358
2011-07-12,-5.724800260861705e-06
2011-07-13,0.0025214362699346824
2011-07-14,-0.0021076777988298517
2011-07-15,0.0020044851922156447
2011-07-18,-0.0010971523144352622
2011-07-19,0.0025351066176977823
2011-07-20,0.00042004574321148527
2011-07-21,0.0014330097150541993
2011-07-22,0.0015606265429273472
2011-07-25,-0.0011680663516970959
2011-07-26,0.0020326121792365133
2011-07-27,-0.007287490782690005
2011-07-28,0.004542874473809351
2011-07-29,0.02692355593492112
2011-08-01,-0.000829784351285644
2011-08-02,-0.0007693952567166219
2011-08-03,-1.2019306100550072e-05
2011-08-04,-0.006033634309772078
2011-08-05,-0.0029531209182138813
2011-08-08,-0.0077179289477680045
2011-08-09,0.009499313923872313
2011-08-10,-0.0014728315093450915
2011-08-11,0.0010679230700860135
2011-08-12,0.0020169294759098053
2011-08-15,0.003352222132580725
2011-08-16,-3.458577884885888e-05
2011-08-17,0.0021021764586135923
2011-08-18,-0.005312133523513438
2011-08-19,-0.0008580764369649023
2011-08-22,0.0005290629180241279
2011-08-23,0.0015952360583512141
2011-08-24,-0.0035974304959769513
2011-08-25,-0.022574681428469842
2011-08-26,0.007217066978755124
2011-08-29,0.008109392609682603
2011-08-30,0.007977079995582616
2011-08-31,-0.0003822544431384749
2011-09-01,-0.0010254497509804375
2011-09-02,0.00039661998764254107
2011-09-06,-0.0014171222142975366
2011-09-07,0.0011249785186046302
2011-09-08,-0.0001782274482533875
2011-09-09,-0.0023941897473099254
2011-09-12,-0.0010384103507098852
2011-09-13,0.0005957971169498491
2011-09-14,0.0007083196073363851
2011-09-15,0.0002987445186031601
2011-09-16,0.0005466918586894409
2011-09-19,-0.0011309824506100575
2011-09-20,0.00033394186783426884
2011-09-21,-0.0023668335975321826
2011-09-22,-0.0042394001189277625
2011-09-23,-0.002858717227245956
2011-09-26,0.016410200053988144
2011-09-27,0.016643664768511948
2011-09-28,-0.012078087658129252
2011-09-29,0.0038106389980730854
2011-09-30,-0.009625275271745276
2011-10-03,3.683928984462603e-05
2011-10-04,-0.0010081403459162406
2011-10-05,0.00027347676772970585
2011-10-06,-9.061179786868998e-05
2011-10-07,-0.0011810769834353062
2011-10-10,0.0005253117105232035
2011-10-11,0.0005780090342723495
2011-10-12,-0.0008329930746266619
2011-10-13,0.000432807863410184
2011-10-14,0.00037506704122124135
2011-10-17,0.00034809324142625594
2011-10-18,0.00043124710958990817
2011-10-19,-0.0007490989968374467
2011-10-20,-0.00046139345528853977
2011-10-21,0.0005228344481584256
2011-10-24,0.00019683290544238115
2011-10-25,0.02077963417602066
2011-10-26,-0.01448265432827032
2011-10-27,-0.039549596723131394
2011-10-28,0.014060883281564728
2011-10-31,0.022435645185142936
2011-11-01,0.00010162186267999552
2011-11-02,0.0004555119202680328
2011-11-03,0.00035296043510298715
2011-11-04,6.509899187755557e-05
2011-11-07,0.0004658888086077367
2011-11-08,-0.00021735631577927308
2011-11-09,-0.0010489388401398235
2011-11-10,-0.00027186689556987987
2011-11-11,0.0006395601401047591
2011-11-14,-0.00023232666159714023
2011-11-15,-2.57718849298942e-06
2011-11-16,-0.000506916882268565
2011-11-17,-0.001171243695443999
2011-11-18,6.37471841520842e-05
2011-11-21,-0.0008117257997810885
2011-11-22,0.00032713195593287836
2011-11-23,-0.0048681144823635265
2011-11-25,0.0010418374887140888
2011-11-28,0.004433573813595396
2011-11-29,-0.0007715013359330318
2011-11-30,0.0025685338747927083
2011-12-01,-0.0003873045197668452
2011-12-02,0.0008219468835796369
2011-12-05,0.00024303449222472134
2011-12-06,-7.372264942016438e-05
2011-12-07,0.00028438712579482734
2011-12-08,-0.0007810419934249164
2011-12-09,-5.632875739086786e-05
2011-12-12,-0.00047905500410731517
2011-12-13,-0.0003072706309197191
2011-12-14,-0.0007837935005710954
2011-12-15,7.137793420978552e-05
2011-12-16,0.0013146442063772146
2011-12-19,7.351763004224405e-05
2011-12-20,0.0009586795672855827
2011-12-21,-0.0005634543642584125
2011-12-22,0.0004445891534450587
2011-12-23,0.00043192464852981707
2011-12-27,0.0003269838109738097
2011-12-28,0.0025295044470989535
2011-12-29,0.0014741996037132196
2011-12-30,0.0023300775284553674
2012-01-03,0.00014814747450788587
2012-01-04,-0.0003203198118290152
2012-01-05,8.889705780038145e-05
2012-01-06,0.0008596960320494728
2012-01-09,-0.0003132137403679435
2012-01-10,-0.0003917729686016651
2012-01-11,0.0007093093441732333
2012-01-12,0.0003616214379177997
2012-01-13,0.0007245363457793455
2012-01-17,0.0004366419164815793
2012-01-18,-0.0003593881877979801
2012-01-19,-0.0008259582654097312
2012-01-20,-0.0009515520744191589
2012-01-23,-0.00046033729088630463
2012-01-24,0.0003367227826051175
2012-01-25,0.002708853081373135
2012-01-26,0.006956434197105139
2012-01-27,0.009929389117771
2012-01-30,0.012987754567807623
2012-01-31,0.013453076221094722
2012-02-01,-0.001205890066592218
2012-02-02,0.0005155007495786344
2012-02-03,-0.0014056347457574345
2012-02-06,0.0005955616669901799
2012-02-07,-0.00021205690254499966
2012-02-08,-0.00012088132552606418
2012-02-09,-0.0009195792884328548
2012-02-10,0.00017581482267269786
2012-02-13,0.0008032344065100943
2012-02-14,-3.312817514047262e-05
2012-02-15,-0.00061890095103864
2012-02-16,6.835314711394956e-05
2012-02-17,-0.0005278652671451258
2012-02-21,-0.0001394148865115657
2012-02-22,0.0009937519955656152
2012-02-23,0.0008527996223078161
2012-02-24,0.00013016010667512467
2012-02-27,0.010483082547771817
2012-02-28,0.0014756480712304607
2012-02-29,-0.014408631689146094
2012-03-01,-0.0017344573714797049
2012-03-02,0.00012752028699486518
2012-03-05,-0.0004963832984856202
2012-03-06,-0.00015906056870439587
2012-03-07,0.00019051076329189198
2012-03-08,0.00010090491034159748
2012-03-09,0.00020618284369207138
2012-03-12,0.00036136392566155393
2012-03-13,-0.00026485186892871856
2012-03-14,-0.0026582952789944016
2012-03-15,7.572566312557149e-05
2012-03-16,1.866270655984412e-05
2012-03-19,-1.201474247087392e-05
2012-03-20,0.0005094923829719807
2012-03-21,0.0009170401535260856
2012-03-22,0.0001834581504461044
2012-03-23,0.0008019505546367044
2012-03-26,-0.006942066038183182
2012-03-27,0.007529434141027531
2012-03-28,-0.0024572061643620548
2012-03-29,0.011334644532374089
2012-03-30,-0.015029601592881607
2012-04-02,-0.0006596656128036709
2012-04-03,-0.001309613373731108
2012-04-04,0.0011436254357058446
2012-04-05,0.0007445752391498035
2012-04-09,0.0013491068704233173
2012-04-10,0.0006395306343012677
2012-04-11,-0.00015251673983532996
2012-04-12,-0.00038051339145660684
2012-04-13,0.001704809801646068
2012-04-16,-9.26081959897169e-05
2012-04-17,0.0007857462903833409
2012-04-18,0.0002226508463906344
2012-04-19,-0.0005307257365637601
2012-04-20,-0.00021157780595024294
2012-04-23,0.0008334282807255294
2012-04-24,0.003073097454258825
2012-04-25,0.00869771498025923
2012-04-26,0.008823142051929075
2012-04-27,0.0027330796688093055
2012-04-30,0.0004782139854713784
2012-05-01,-0.001049118596188543
2012-05-02,0.001338879956880126
2012-05-03,0.00025065652441808576
2012-05-04,0.0008625993979933045
2012-05-07,0.00033672696804628433
2012-05-08,0.0009607943986152085
2012-05-09,0.00023623048485854948
2012-05-10,-0.00047451209022686695
2012-05-11,0.001446025569523718
2012-05-14,0.001343889177206273
2012-05-15,0.00028906562377837566
2012-05-16,-0.000230092566999253
2012-05-17,-0.0014110869126607438
2012-05-18,-0.0008822628607499475
2012-05-21,0.0006710407435175996
2012-05-22,0.0005975603915758878
2012-05-23,0.0015196542475461377
2012-05-24,0.004605450926766425
2012-05-25,-0.007756913103390127
2012-05-29,0.003804619619794554
2012-05-30,0.0059352492968405505
2012-05-31,0.004105279928331448
2012-06-01,7.74262644543866e-05
2012-06-04,-0.0018728221028844665
2012-06-05,4.469315263173638e-06
2012-06-06,-0.0023937256249534234
2012-06-07,0.0004776325060719216
2012-06-08,0.0014964387822849568
2012-06-11,0.0002800383420634785
2012-06-12,-0.0011874141309009315
2012-06-13,0.0012215539559150192
2012-06-14,-0.00020678091234294484
2012-06-15,0.001147045981823606
2012-06-18,0.00084670440409815
2012-06-19,-0.0016417057219842426
2012-06-20,0.0007266859601760103
2012-06-21,0.0011200502196900583
2012-06-22,-0.0013024407148479493
2012-06-25,0.00643375066833585
2012-06-26,-0.002639960992536757
2012-06-27,0.002193894866211977
2012-06-28,0.01027305004887751
2012-06-29,-0.020282850402543042
2012-07-02,0.0008061050945797535
2012-07-03,-0.0010534880805728297
2012-07-05,0.001727621640616763
2012-07-06,0.001984275194779039
2012-07-09,0.00012227404759411616
2012-07-10,0.0004698640464107027
2012-07-11,-0.00019073188106811327
2012-07-12,0.0011360273951501946
2012-07-13,-0.00010217429791118158
2012-07-16,-1.4439132468007907e-06
2012-07-17,-0.00036394376324739295
2012-07-18,0.0006586295763438618
2012-07-19,-0.0003111033332791595
2012-07-20,0.0016977363038101485
2012-07-23,0.0010899239505609084
2012-07-24,0.0008845408830560681
2012-07-25,-0.0014856492842769988
2012-07-26,0.006439672701186624
2012-07-27,-0.017412166593795426
2012-07-30,0.008555691339900627
2012-07-31,0.0038782204903878522
2012-08-01,-0.0014852267631376768
2012-08-02,0.0007931053097954452
2012-08-03,-0.001984451107410809
2012-08-06,-7.232341511078229e-05
2012-08-07,-0.0016004091722401778
2012-08-08,-0.000857540979869157
2012-08-09,-0.00038532318190895364
2012-08-10,0.0005082440450551879
2012-08-13,0.000291683397899978
2012-08-14,-0.001513024675903655
2012-08-15,-0.001859499816595865
2012-08-16,-0.0009960753526099125
2012-08-17,0.0009555899537185244
2012-08-20,-0.00039810651182917666
2012-08-21,-0.0007582486727355943
2012-08-22,0.0015071226328253857
2012-08-23,-0.0001264481743174184
2012-08-24,0.0009046610853487277
2012-08-27,0.003319637507064687
2012-08-28,0.0009575983914382336
2012-08-29,-0.0034326809053485683
2012-08-30,0.00806015945419731
2012-08-31,0.02048852021530745
2012-09-04,-0.0012858098310873523
2012-09-05,9.756030647922528e-05
2012-09-06,-0.00012940225450604312
2012-09-07,-0.0011230914080360445
2012-09-10,1.3814077661917282e-05
2012-09-11,-0.0003377437396550225
2012-09-12,-0.0008365722809773534
2012-09-13,0.0011726164499228466
2012-09-14,-0.0016121881576485815
2012-09-17,0.0017379804544717446
2012-09-18,-0.00017310006280385902
2012-09-19,0.0007387896840132511
2012-09-20,-0.0010401461336963238
2012-09-21,0.0001779417238968292
2012-09-24,0.004052586547481539
2012-09-25,0.010356523395088779
2012-09-26,0.014754726806158532
2012-09-27,-0.011014432920582472
2012-09-28,0.0015085009453975969
2012-10-01,-0.0010239167334923926
2012-10-02,0.0003318882232450819
2012-10-03,-1.0937507484101817e-05
2012-10-04,0.0008094397113550576
2012-10-05,-0.0006925531085240086
2012-10-08,-0.0002745832174370744
2012-10-09,-0.0011202503601369916
2012-10-10,-1.140675423658971e-05
2012-10-11,0.0006987772671823633
2012-10-12,-0.00048014191132592484
2012-10-15,0.0003976571294843839
2012-10-16,0.0006436292544642071
2012-10-17,1.9726191067012855e-05
2012-10-18,-0.00065366758697518
2012-10-19,-0.0015143031399345234
2012-10-22,-0.00014685564524856586
2012-10-23,-0.0013097502600111855
2012-10-24,-0.0006420313138186713
2012-10-25,0.0012132043427737038
2012-10-26,-0.0011896348759522944
2012-10-31,0.012915225440718324
2012-11-01,2.412748521923052e-05
2012-11-02,0.0009942796633584557
2012-11-05,3.072354921152952e-05
2012-11-06,-0.002033916268327455
2012-11-07,-0.0005138526186927978
2012-11-08,-0.0016869975465678196
2012-11-09,-0.0007135272439439571
2012-11-12,0.00043483445192689737
2012-11-13,-0.0003760067697388471
2012-11-14,-0.0028893281425485854
2012-11-15,-0.0005663942565593716
2012-11-16,0.0014358611973845424
2012-11-19,0.002124743566228309
2012-11-20,-0.00043145917088555357
2012-11-21,-0.00021600918650762846
2012-11-23,0.0004987012737099561
2012-11-26,-0.0006664566423890493
2012-11-27,-0.0022913541987274817
2012-11-28,0.0048046464549571085
2012-11-29,0.004065873787427958
2012-11-30,0.00012016916763220149
2012-12-03,-0.0011599427296588147
2012-12-04,0.00040216424987814947
2012-12-05,0.0002156212780313095
2012-12-06,0.0005624104250088784
2012-12-07,-0.0008609374105330871
2012-12-10,0.0006984924138358791
2012-12-11,0.00035786062546435543
2012-12-12,-0.0006686509599904307
2012-12-13,-0.0021356010108150277
2012-12-14,0.0006530061457059713
2012-12-17,0.0001705331451818236
2012-12-18,0.0013116260566728526
2012-12-19,0.00024796856566165683
2012-12-20,0.0012829581520271461
2012-12-21,-0.0009605635547569045
2012-12-24,-0.0014896066146719111
2012-12-26,0.006165201173714144
2012-12-27,0.006532127073734639
2012-12-28,0.01043172493948233
2012-12-31,-0.022179889902539298
2013-01-02,0.0006907061781056996
2013-01-03,-0.0020175396450191436
2013-01-04,0.0002090547754331747
2013-01-07,0.00010088960739197533
2013-01-08,0.00011731297146282426
2013-01-09,0.0002951372577498411
2013-01-10,0.0011124942723129332
2013-01-11,0.00021265158680207683
2013-01-14,0.0002417249904279142
2013-01-15,0.000209129070849648
2013-01-16,-6.854659663255714e-05
2013-01-17,0.00045073761421454586
2013-01-18,0.0005037268364831316
2013-01-22,0.0006232737340455763
2013-01-23,-1.8433584623366886e-05
2013-01-24,-0.0006146845028975125
2013-01-25,-0.013832020546479732
2013-01-28,-0.003030454036211378
2013-01-29,-0.007167887155878657
2013-01-30,0.003086752654435501
2013-01-31,0.0036178869706722408
2013-02-01,-0.0007866706371635305
2013-02-04,-0.0008151521684093183
2013-02-05,0.00014495841410962966
2013-02-06,0.0003558750422932605
2013-02-07,-0.0008736698885177934
2013-02-08,0.0013721743623146749
2013-02-11,0.00011660447384978753
2013-02-12,0.0005096469124016591
2013-02-13,-0.00014955718201470965
2013-02-14,0.0006421895744292704
2013-02-15,-4.469865409495758e-05
2013-02-19,0.0009315691104189041
2013-02-20,-0.0009884731397330634
2013-02-21,-0.001764953108239057
2013-02-22,0.0008332305391553575
2013-02-25,0.0033067480342530713
2013-02-26,-0.008120550533210877
2013-02-27,-0.0012480285227906985
2013-02-28,0.005103378698631051
2013-03-01,-0.0003645090341114591
2013-03-04,-0.00011624615919605831
2013-03-05,0.0010788923904299823
2013-03-06,-0.0007581280047704201
2013-03-07,-0.001239003826925453
2013-03-08,-0.00013540936097842387
2013-03-11,-9.490139512460048e-05
2013-03-12,-0.000624767850050225
2013-03-13,0.00045087549437648126
2013-03-14,0.0011807217470954506
2013-03-15,-9.821270155491141e-05
2013-03-18,1.5737556259414912e-05
2013-03-19,0.0002870475461910192
2013-03-20,-7.47221061188783e-05
2013-03-21,-0.0014110589132012587
2013-03-22,-0.003284756718823257
2013-03-25,0.003220399216150029
2013-03-26,0.0001786476708437714
2013-03-27,0.013653557794025968
2013-03-28,-0.006010221987217509
2013-04-01,-0.001277876812908275
2013-04-02,0.001568421889786637
2013-04-03,0.001499124923695965
2013-04-04,0.003253992313239242
2013-04-05,0.00047167537510265083
2013-04-08,0.0005452432737392087
2013-04-09,-0.0011627176788580312
2013-04-10,0.0017063105540852347
2013-04-11,0.0010670292973398836
2013-04-12,0.005905930504337673
2013-04-15,0.0045486209021764505
2013-04-16,-0.0003747250257163735
2013-04-17,-0.00023760151236220238
2013-04-18,-0.002651304388904756
2013-04-19,0.0019710852507483483
2013-04-22,1.8865568201320802e-05
2013-04-23,0.0036772000929228533
2013-04-24,-0.0008580997398054103
2013-04-25,-0.0008475545867689144
2013-04-26,0.008713501095126516
2013-04-29,-0.00040782390215284595
2013-04-30,0.00029582215440230914
2013-05-01,-0.000427272481220975
2013-05-02,0.002156045614133417
2013-05-03,-0.0022242468034381706
2013-05-06,0.00048177676534943287
2013-05-07,0.0008638645078997106
2013-05-08,0.0007566037586120699
2013-05-09,-0.000836566893204922
2013-05-10,-0.001600392365009082
2013-05-13,-0.0012671378335591945
2013-05-14,0.0004810985593332057
2013-05-15,0.003558783547221058
2013-05-16,0.001427751501478379
2013-05-17,0.0005433756767194679
2013-05-20,-0.0020177100519414245
2013-05-21,0.0033515285743008676
2013-05-22,-0.007394742262881977
2013-05-23,-0.003335396096648461
2013-05-24,8.644990017889685e-05
2013-05-28,-0.03539283418466271
2013-05-29,0.013258224524382878
2013-05-30,-0.0016337309775546387
2013-05-31,-0.0044403687997154355
2013-06-03,-0.001896486328950947
2013-06-04,-0.0004590577188522729
2013-06-05,-0.00210959718704779
2013-06-06,0.0016027322808831429
2013-06-07,0.0018109422247081044
2013-06-10,-5.526127215906126e-05
2013-06-11,-0.0013083889667097502
2013-06-12,-0.0003088137555923013
2013-06-13,0.0018650433736518385
2013-06-14,-0.0008392462193276475
2013-06-17,0.0012519384730343436
2013-06-18,0.000778157001840375
2013-06-19,-0.002154280571089132
2013-06-20,-0.0022633871197026904
2013-06-21,0.0008006728717945839
2013-06-24,-0.00219643529539566
2013-06-25,0.0029812813186473825
2013-06-26,0.006943470556309289
2013-06-27,0.00823998941952246
2013-06-28,-0.003094358477627027
2013-07-01,0.00022039053371580644
2013-07-02,-0.00026116238117930996
2013-07-03,0.00025407887249614475
2013-07-05,0.0014831133610549458
2013-07-08,0.0004761610445022832
2013-07-09,0.0007468286826187903
2013-07-10,0.0009408376707271689
2013-07-11,0.0025730845377467722
2013-07-12,-0.00026390193406158034
2013-07-15,0.00045557638946403407
2013-07-16,-0.00032948227577395795
2013-07-17,0.0007931898224536133
2013-07-18,0.0010052094925566061
2013-07-19,-0.0010172516688913855
2013-07-22,0.00010245801907490415
2013-07-23,0.0001561899540145445
2013-07-24,-0.0003171148440597941
2013-07-25,-0.00010134309030487432
2013-07-26,-5.935108411886112e-05
2013-07-29,-0.006642966321707177
2013-07-30,-0.0009250925365076693
2013-07-31,0.0016782337624054505
2013-08-01,0.0006215745313650567
2013-08-02,-0.0003287200263458083
2013-08-05,0.0006461543062402852
2013-08-06,-0.0005759433142550165
2013-08-07,-0.0011524972125909444
2013-08-08,-7.821478380303613e-05
2013-08-09,-0.000601420764205261
2013-08-12,-0.0009647286067082252
2013-08-13,0.002087701329145348
2013-08-14,-0.0012463828061194768
2013-08-15,-0.0026244249318837323
2013-08-16,-0.0006593872820638245
2013-08-19,-0.0005966318257487914
2013-08-20,0.0008921969461206842
2013-08-21,-0.000369291302180012
2013-08-22,0.0014988813798561765
2013-08-23,-0.0012394378523113505
2013-08-26,-0.0012842885878237558
2013-08-27,-0.0034121739550946203
2013-08-28,-0.009538404675188428
2013-08-29,0.003557356466629219
2013-08-30,-0.004581104439249497
2013-09-03,0.0006155808813888844
2013-09-04,0.004424077730408682
2013-09-05,0.0018975462861221023
2013-09-06,-0.0011335052514034301
2013-09-09,0.00288582505576696
2013-09-10,0.004298475890954664
2013-09-11,-0.0009652397996499474
2013-09-12,0.0009112038083050293
2013-09-13,6.366250300618269e-05
2013-09-16,0.0025877877878648743
2013-09-17,0.001108467997776791
2013-09-18,-0.0034825221434226874
2013-09-19,0.0013756704511112073
2013-09-20,0.0007899883297555824
2013-09-23,-0.0015254032991793198
2013-09-24,0.004957533037428301
2013-09-25,0.0056756430916701074
2013-09-26,-0.009367246891781311
2013-09-27,0.006192577579390114
2013-09-30,0.00742370094093452
2013-10-01,0.000992668648997196
2013-10-02,-0.0012961747915338244
2013-10-03,-0.001789608191204201
2013-10-04,0.0012601353385191304
2013-10-07,-0.002485901257372873
2013-10-08,-0.002448844425189575
2013-10-09,0.0009916698698277239
2013-10-10,0.004363069363016885
2013-10-11,0.002351876978672227
2013-10-14,0.0018901985164855837
2013-10-15,-0.0016712059086061398
2013-10-16,0.001346501708696452
2013-10-17,0.0007713461122801699
2013-10-18,0.0013408559235902667
2013-10-21,-6.175575412984755e-05
2013-10-22,-0.0002805221544491062
2013-10-23,-0.0007366248675176795
2013-10-24,0.0008796521286879975
2013-10-25,-0.000964382013600929
2013-10-28,-0.0020710569155063634
2013-10-29,0.0017126668870014413
2013-10-30,-0.007559080929096617
2013-10-31,-0.0028188437724764818
2013-11-01,-1.763890986493404e-05
2013-11-04,0.001314301246411647
2013-11-05,-0.00026935755489586425
2013-11-06,-6.45049277034736e-05
2013-11-07,-0.0038528875912048136
2013-11-08,0.004581287007839326
2013-11-11,0.00029799355772338183
2013-11-12,0.00019709746635851217
2013-11-13,0.0011718877365754583
2013-11-14,-0.0008668490726940704
2013-11-15,0.0017073960747212033
2013-11-18,-0.0013234800584863062
2013-11-19,0.0004812256677012793
2013-11-20,0.0013172970548668607
2013-11-21,0.0012494228601749523
2013-11-22,-0.0006524474934900144
2013-11-25,0.0004963967999846084
2013-11-26,0.0057476991240303825
2013-11-27,-0.006777077615814075
2013-11-29,-0.0013463642598183984
2013-12-02,-0.00040814559187136816
2013-12-03,-0.0018092557816328661
2013-12-04,7.832740767001707e-05
2013-12-05,0.0011967173143930736
2013-12-06,0.0022935009361446613
2013-12-09,0.00015133168329922974
2013-12-10,-0.0031101085697596894
2013-12-11,-0.0028019340315153145
2013-12-12,0.0011845611215166969
2013-12-13,-0.0007907732011514103
2013-12-16,0.0017511647937345678
2013-12-17,-0.0012626317412032723
2013-12-18,0.0055897727386008
2013-12-19,0.00016668345602654602
2013-12-20,-0.0005328033479313681
2013-12-23,0.003641846156381788
2013-12-24,-0.00502951369718892
2013-12-26,-0.0034411393821330983
2013-12-27,-0.003332163451929776
2013-12-30,0.009613143236231591
2013-12-31,-0.01559977975093134
2014-01-02,-0.0025447293958336848
2014-01-03,-0.00040790789250128197
2014-01-06,-0.0005116556341170251
2014-01-07,0.0008937455130959544
2014-01-08,0.0013434874602103633
2014-01-09,-0.00033144734742247264
2014-01-10,-0.0015734338507195664
2014-01-13,-0.0023948052549828585
2014-01-14,0.0029546421276386635
2014-01-15,0.0009948724963461486
2014-01-16,-0.0004532786421490561
2014-01-17,-0.0018531888491282933
2014-01-21,0.0020307924538800026
2014-01-22,0.00041348849164191435
2014-01-23,-0.002144434026850014
2014-01-24,-0.004864443956499953
2014-01-27,3.6816446306240596e-05
2014-01-28,0.0027363881119903187
2014-01-29,0.002064046445906549
2014-01-30,0.00398007838635829
2014-01-31,0.003736760911867971
2014-02-03,-0.003931900778243517
2014-02-04,0.0013354153285849637
2014-02-05,-0.0001577255261854735
2014-02-06,0.001897588912382183
2014-02-07,0.0013939475908840275
2014-02-10,0.0007792763066534908
2014-02-11,0.0015280310792466193
2014-02-12,0.0003589144641944826
2014-02-13,-0.0003016783293322472
2014-02-14,-0.000580548435268733
2014-02-18,-0.0002533303722389512
2014-02-19,-0.00019920456652528187
2014-02-20,0.0009876593187070318
2014-02-21,-0.00018522565788050034
2014-02-24,-0.005314859596475647
2014-02-25,0.0059304381640808935
2014-02-26,0.008792414009775531
2014-02-27,0.002292517815810829
2014-02-28,-0.004010609779380661
2014-03-03,-0.002873589470826278
2014-03-04,0.004563007714814726
2014-03-05,-0.00013839637189163724
2014-03-06,-0.000179542526611365
2014-03-07,0.0002950254333362027
2014-03-10,-0.00021485621498202855
2014-03-11,-0.0008616025646276303
2014-03-12,-0.0004234024818473412
2014-03-13,-0.002971721748627284
2014-03-14,-0.001037738528230005
2014-03-17,0.003283420882863237
2014-03-18,0.0014644323092977678
2014-03-19,-0.000616333695204073
2014-03-20,0.001516904958901602
2014-03-21,-0.0014565864986311916
2014-03-24,-0.00043367205095700274
2014-03-25,-0.0005766504011731616
2014-03-26,0.0012567186386516673
2014-03-27,0.0014599189736379879
2014-03-28,-0.011279429792149782
2014-03-31,0.0006055767551151445
2014-04-01,0.0009591402722227603
2014-04-02,0.0004216269962240789
2014-04-03,-0.0012894411115716641
2014-04-04,-0.003225411330768782
2014-04-07,-0.0014944353834087792
2014-04-08,0.0006002534880364385
2014-04-09,0.002451947783311551
2014-04-10,-0.005510090063363505
2014-04-11,-0.002850969296281016
2014-04-14,0.0011915967739244942
2014-04-15,0.0018770228472856675
2014-04-16,0.0016257417079231493
2014-04-17,0.0003805815105188705
2014-04-21,0.0018072535863207495
2014-04-22,0.0014845670540058942
2014-04-23,-0.0013039661018242035
2014-04-24,-0.0005036948114125252
2014-04-25,-0.0014479786156908645
2014-04-28,-0.005330059594689409
2014-04-29,0.0032959946670199727
2014-04-30,0.009657103190394941
2014-05-01,-0.0009287449619305909
2014-05-02,-0.001178364412114578
2014-05-05,3.429911341135038e-05
2014-05-06,-0.0008793544998784347
2014-05-07,0.0017506763202464876
2014-05-08,-0.0005148096774603247
2014-05-09,-0.00018026289763378798
2014-05-12,0.0013731860407193537
2014-05-13,-0.0009409126922374796
2014-05-14,-0.0024793802808904704
2014-05-15,-0.001604059899848671
2014-05-16,0.0016975120070026493
2014-05-19,0.0013519620109122934
2014-05-20,-0.0019507767502660676
2014-05-21,0.0011481780976791635
2014-05-22,-2.1797759116232576e-05
2014-05-23,0.000535106670664977
2014-05-27,0.0045904060033573725
2014-05-28,0.011161593727424413
2014-05-29,-0.001600949264497814
2014-05-30,-0.0007058945080434174
2014-06-02,-0.0017351473249385735
2014-06-03,-0.001751807368221846
2014-06-04,-3.131835556417741e-05
2014-06-05,0.0026162684597159066
2014-06-06,0.0009983525567327054
2014-06-09,-0.0009691446980760001
2014-06-10,-0.0012592146911896993
2014-06-11,-0.00013935522559866507
2014-06-12,-0.0008056473150446476
2014-06-13,-0.00010942952934855518
2014-06-16,0.0003210379093912579
2014-06-17,-0.001287298185062941
2014-06-18,0.0037723770971952435
2014-06-19,-0.0033552896454488593
2014-06-20,0.0011056214041940445
2014-06-23,-0.00039354154879801215
2014-06-24,0.01420224146613167
2014-06-25,-0.0012861075710687028
2014-06-26,0.007659475607820493
2014-06-27,-0.00022319099643419344
2014-06-30,0.002824479872204362
2014-07-01,-0.001101661923674731
2014-07-02,-0.0011130585077580456
2014-07-03,-0.00044150696143924016
2014-07-07,-0.0005329634679642277
2014-07-08,8.00825671633205e-05
2014-07-09,0.0009126733279359242
2014-07-10,-0.0005992529580314726
2014-07-11,0.0006677448708388889
2014-07-14,-0.0004022362642707817
2014-07-15,-0.0019535829717082266
2014-07-16,0.000735033678411348
2014-07-17,-0.0004941500233340209
2014-07-18,0.0013081264863181808
2014-07-21,0.00010434628698339384
2014-07-22,0.0007238373314281808
2014-07-23,0.0007156284227765371
2014-07-24,-0.0016016264197344459
2014-07-25,0.004820836148318964
2014-07-28,-0.0015099679355480087
2014-07-29,0.003780614676375124
2014-07-30,-0.025902636815491934
2014-07-31,-0.0002458266284310771
2014-08-01,-0.0004905280582502034
2014-08-04,0.0008851629452875649
2014-08-05,-0.00132897614965996
2014-08-06,-0.0002442765948876599
2014-08-07,2.3207246524923757e-08
2014-08-08,0.0013432134005894809
2014-08-11,0.0010703429807787676
2014-08-12,-0.00048082178925687425
2014-08-13,0.0016758772561270992
2014-08-14,0.0013412624172960453
2014-08-15,0.0007786449785501051
2014-08-18,0.000933411779074591
2014-08-19,-0.000149192885936643
2014-08-20,-0.0007673740888214521
2014-08-21,0.0008771367054577493
2014-08-22,-0.0005672136159243558
2014-08-25,-0.0008751409845473495
2014-08-26,-0.00019701452855109354
2014-08-27,0.008780846099599211
2014-08-28,0.00419461093219602
2014-08-29,-0.00048749662140354653
2014-09-02,-0.0016836521678250645
2014-09-03,0.0003555320104013441
2014-09-04,-0.0025304457434306734
2014-09-05,0.0005774087652325373
2014-09-08,-0.0010112997472645534
2014-09-09,-0.0018682437999128305
2014-09-10,-0.000309466586112752
2014-09-11,0.00016701729793373765
2014-09-12,-0.002572646871396601
2014-09-15,-0.0009768837456204651
2014-09-16,0.001175952124361181
2014-09-17,-0.0010539182196074132
2014-09-18,0.0014219251767359675
2014-09-19,0.0010955084710661726
2014-09-22,-0.0011761359784561796
2014-09-23,-0.001103734403044318
2014-09-24,-0.004000559291592407
2014-09-25,0.004951983463669503
2014-09-26,-0.009494123867830497
2014-09-29,0.010586038968684037
2014-09-30,-0.002026497060001721
2014-10-01,-0.001368897678678594
2014-10-02,-0.0006557773982844049
2014-10-03,0.004160767969594564
2014-10-06,-0.001883750240996504
2014-10-07,-0.0011628403064375327
2014-10-08,0.00402726250342865
2014-10-09,-0.004085171907582929
2014-10-10,-0.001766843740200277
2014-10-13,-0.001053801316800064
2014-10-14,0.0028541828392165793
2014-10-15,-0.0005071492727986522
2014-10-16,-0.0011380942036635956
2014-10-17,0.0024105348997289495
2014-10-20,0.0026422954009111934
2014-10-21,0.0029675385296106666
2014-10-22,-0.000426024211798039
2014-10-23,0.0006708392862216298
2014-10-24,0.0015914323970816445
2014-10-27,-0.0028475195756693258
2014-10-28,0.010747515003048576
2014-10-29,-0.00834866260687214
2014-10-30,0.005517745752930414
2014-10-31,0.0022292508027963193
2014-11-03,-0.0006518154202931242
2014-11-04,3.7931186969802094e-05
2014-11-05,0.0019917444265902112
2014-11-06,-0.0011416651611322617
2014-11-07,0.0004017805098979811
2014-11-10,0.0009421612508642311
2014-11-11,-0.000992357879408098
2014-11-12,-0.0002222454744726716
2014-11-13,0.0006287053844734359
2014-11-14,-0.0023992255228119327
2014-11-17,-0.0005277909198081674
2014-11-18,0.000957906678891471
2014-11-19,-0.001625382595864605
2014-11-20,0.0004275995434464972
2014-11-21,0.0027652773501115487
2014-11-24,0.0016085441362185071
2014-11-25,0.007652418235298711
2014-11-26,0.006493234978284183
2014-11-28,0.016224024008213742
2014-12-01,-0.006765790398841613
2014-12-02,0.0005533433840422248
2014-12-03,0.001021885425541256
2014-12-04,0.0008693361466599792
2014-12-05,-0.0007231644150216886
2014-12-08,0.00025982635469277765
2014-12-09,-0.00010199215115057418
2014-12-10,-0.0013331328960390686
2014-12-11,0.0004255227916147064
2014-12-12,-0.0005602283120694598
2014-12-15,0.000505685202369667
2014-12-16,0.00023697788223294133
2014-12-17,0.0038305680550922106
2014-12-18,0.0006842757751216236
2014-12-19,0.0023291176537453555
2014-12-22,0.0032836331864454452
2014-12-23,-0.0034149614497414114
2014-12-24,0.0009905492926269562
2014-12-26,0.00017050403148519553
2014-12-29,0.012283257427508914
2014-12-30,0.003295755879488597
2014-12-31,0.004739199710349417
2015-01-02,0.0014629222136149345
2015-01-05,0.0009348244021774938
2015-01-06,0.0010303073593480288
2015-01-07,0.001754957269507403
2015-01-08,0.0002889934893410793
2015-01-09,0.0006915390466486106
2015-01-12,0.0008704287140042637
2015-01-13,-0.0005905598584018229
2015-01-14,0.00133190805140498
2015-01-15,0.001134752592119569
2015-01-16,-0.0027376603020098176
2015-01-20,0.0011690488135732994
2015-01-21,-0.0025054040314997908
2015-01-22,0.0021152331905950807
2015-01-23,0.004036850179916882
2015-01-26,0.0027663327588408355
2015-01-27,-0.007879089567711377
2015-01-28,0.00938935349601807
2015-01-29,-0.00047992930403880805
2015-01-30,0.009330964566297138
2015-02-02,-0.0008608018290754791
2015-02-03,-0.002716850992858285
2015-02-04,0.0011232244312706966
2015-02-05,-0.0006888638926836079
2015-02-06,-0.004804659545388321
2015-02-09,-0.0017195838431964038
2015-02-10,0.000448011102420446
2015-02-11,0.0001791842706260088
2015-02-12,0.0006625430822710483
2015-02-13,-0.00148217062349676
2015-02-17,-0.0024797373515694572
2015-02-18,0.0028120543936615994
2015-02-19,-0.0015721555300119339
2015-02-20,0.0015488765562602608
2015-02-23,0.010997847752060691
2015-02-24,0.013017212154006474
2015-02-25,0.002087781396599901
2015-02-26,-0.017481936140176794
2015-02-27,0.013221189097231315
2015-03-02,-0.001576229359928341
2015-03-03,-0.000632910955805303
2015-03-04,-0.00012283314918127138
2015-03-05,0.0003968115692063964
2015-03-06,-0.0026587570619792966
2015-03-09,0.0008912574093670255
2015-03-10,0.0002841443783971118
2015-03-11,0.0014208714084243306
2015-03-12,0.0007737501271932008
2015-03-13,-0.0003314576532962448
2015-03-16,0.0011386304975841617
2015-03-17,0.0008646217244470362
2015-03-18,0.002355484594537278
2015-03-19,-0.0002710033802811847
2015-03-20,0.0005671862903755694
2015-03-23,-0.00110408314674459
2015-03-24,0.0008469853245066486
2015-03-25,-0.003999744470926661
2015-03-26,-0.0014879676152970368
2015-03-27,0.012932002743729111
2015-03-30,0.003209943541855588
2015-03-31,0.006854973786818002
2015-04-01,-0.0008158738425542375
2015-04-02,-0.0001549432272326077
2015-04-06,0.00010895583497900804
2015-04-07,0.0007302278322904666
2015-04-08,0.001602380902787394
2015-04-09,-0.0003709625916869235
2015-04-10,-0.00011372030966334937
2015-04-13,0.00029938512199994416
2015-04-14,0.0004777075684537529
2015-04-15,-7.984199574045395e-05
2015-04-16,-0.0005123184769899719
2015-04-17,-0.0008700882143321065
2015-04-20,0.0013388637449111137
2015-04-21,-0.00044611374433924306
2015-04-22,-0.00045758942404277957
2015-04-23,0.00017294784115740353
2015-04-24,0.0027231744586364223
2015-04-27,-0.0017491191627197144
2015-04-28,-0.018362699464247238
2015-04-29,-0.013219940180811155
2015-04-30,0.0006244199206237876
2015-05-01,-0.0006075534978760248
2015-05-04,-0.000572327241433559
2015-05-05,-0.0023755369279127633
2015-05-06,-0.0018773082197971374
2015-05-07,0.0019048161178327437
2015-05-08,0.00261805050679786
2015-05-11,-0.00259896923622445
2015-05-12,-0.0008821481049477273
2015-05-13,-0.0013987613586358626
2015-05-14,0.0018753700365783902
2015-05-15,0.001692257627354207
2015-05-18,-0.001004697259157914
2015-05-19,0.000250351145773954
2015-05-20,0.00037596304621120277
2015-05-21,0.0010728826821214687
2015-05-22,-0.000958720033659592
2015-05-26,0.012188792957532054
2015-05-27,-0.005666888366792953
2015-05-28,0.0022261139524118938
2015-05-29,0.003772328654961789
2015-06-01,-0.0004642033218609565
2015-06-02,-0.0026150132839998477
2015-06-03,-0.0007675907750671055
2015-06-04,0.001196432010099163
2015-06-05,-0.0004435596872890805
2015-06-08,-0.001278022808915489
2015-06-09,-0.0012827515038888705
2015-06-10,-0.0004729839001573903
2015-06-11,0.0026024082673662733
2015-06-12,-0.0006773451672138379
2015-06-15,-0.0008458946838158654
2015-06-16,0.0019947303368205546
2015-06-17,-0.0009319059117955006
2015-06-18,0.0009120693523109272
2015-06-19,0.0012977682208862853
2015-06-22,-0.0016537970365630265
2015-06-23,-9.015457627050194e-05
2015-06-24,0.005939973250684587
2015-06-25,-0.0015891535762858197
2015-06-26,-0.017251015639848214
2015-06-29,0.044161329296284094
2015-06-30,-0.009669188541665801
2015-07-01,7.363178284518444e-05
2015-07-02,-0.0002099629180815987
2015-07-06,0.0013122286712576462
2015-07-07,0.0011912570657779595
2015-07-08,0.0001891682754545386
2015-07-09,-0.0011269372649699188
2015-07-10,-0.0008248171865701336
2015-07-13,0.0006898503707491189
2015-07-14,0.00041391562618471676
2015-07-15,0.0008263347853671207
2015-07-16,0.0005690237588883215
2015-07-17,0.000725247270721768
2015-07-20,0.0009251095062333491
2015-07-21,-0.00017223603330726383
2015-07-22,0.0009803771155862335
2015-07-23,0.00017389119433440885
2015-07-24,-5.7697915961992316e-05
2015-07-27,0.0015878319161117575
2015-07-28,-0.002088541558987663
2015-07-29,-0.003622053358414003
2015-07-30,0.0022535468163698944
2015-07-31,0.009697953836883752
2015-08-03,0.0004958048859692019
2015-08-04,-0.0005038857779021586
2015-08-05,-0.00013230495433839883
2015-08-06,-0.0006142819941146805
2015-08-07,-6.764189217283933e-05
2015-08-10,-0.0010087632027866362
2015-08-11,0.00022253994545782323
2015-08-12,-0.0003773870223570707
2015-08-13,0.00010619063350733003
2015-08-14,0.0007075949754801644
2015-08-17,0.001035555112271295
2015-08-18,0.00024289049468890169
2015-08-19,-0.0006135628207141574
2015-08-20,-0.002002288721163991
2015-08-21,-0.001352945218678364
2015-08-24,-0.0020510873465982133
2015-08-25,-0.002860814564028577
2015-08-26,0.03711158641840259
2015-08-27,0.014040708496696766
2015-08-28,-0.00041907300433596123
2015-08-31,-0.005223660759340786
2015-09-01,-0.0008862751333776495
2015-09-02,0.00017646666244290328
2015-09-03,-7.213266517097756e-05
2015-09-04,0.000614077516188554
2015-09-08,-0.0003778912370840951
2015-09-09,0.0002506865904257481
2015-09-10,-0.0003783760785243701
2015-09-11,-8.117810414677032e-05
2015-09-14,0.0003723720334345803
2015-09-15,0.00030016173428283794
2015-09-16,-0.0009734929199569617
2015-09-17,-0.000807834105810062
2015-09-18,0.000380706821682174
2015-09-21,0.00022281068990396866
2015-09-22,0.0009596889240278388
2015-09-23,0.00017931197231201677
2015-09-24,-0.0012561494624061735
2015-09-25,0.00079833625196366
2015-09-28,0.006003968181839119
2015-09-29,0.004303464671126675
2015-09-30,0.0020335703563630165
2015-10-01,-0.0005076134323937078
2015-10-02,-0.0009315629691451945
2015-10-05,-0.0011283586224774802
2015-10-06,-0.0009392072873993474
2015-10-07,-0.0004756813445299828
2015-10-08,-0.0004140483083197057
2015-10-09,-0.00038037741841384626
2015-10-12,0.0006908599232572063
2015-10-13,7.921787711605216e-05
2015-10-14,-0.0006828629381904999
2015-10-15,0.00015616217553877468
2015-10-16,0.000276481237459582
2015-10-19,0.000870426294796987
2015-10-20,-0.0005975225977779138
2015-10-21,0.0009972135358246638
2015-10-22,0.00023765933049594646
2015-10-23,-0.00032339637551236734
2015-10-26,0.004177654170816968
2015-10-27,0.004320287945560782
2015-10-28,-0.017685697850265688
2015-10-29,-0.016017646377014076
2015-10-30,0.005411174412543419
2015-11-02,-0.0005466063625399177
2015-11-03,-9.177296071049364e-05
2015-11-04,0.0009077603600419842
2015-11-05,0.0005112561113622445
2015-11-06,0.0002454955331387989
2015-11-09,-0.00016523022773253676
2015-11-10,0.0008821832634630544
2015-11-11,1.2382581637590875e-05
2015-11-12,7.415963550510662e-05
2015-11-13,0.00044078504221658474
2015-11-16,0.00023140331294042174
2015-11-17,0.0004942056829368333
2015-11-18,0.0003683003372955727
2015-11-19,-0.0001717544499036619
2015-11-20,0.0006379840037220305
2015-11-23,0.0007984734631237754
2015-11-24,-0.0005148931848661841
2015-11-25,0.0014252954718490377
2015-11-27,0.004222652780228706
2015-11-30,0.0013580696656204905
2015-12-01,-0.0014864160422462848
2015-12-02,0.0008070582945843202
2015-12-03,-0.0023115398237705947
2015-12-04,0.0003840239665416259
2015-12-07,0.0017797168902157524
2015-12-08,0.0009214967684697426
2015-12-09,-0.0009195924507374859
2015-12-10,0.0009292202134535432
2015-12-11,0.001121970461585449
2015-12-14,0.0014689831347885088
2015-12-15,-0.00031383045222770935
2015-12-16,-0.0005016654232349536
2015-12-17,0.0021230792983803594
2015-12-18,-0.0018913764641652457
2015-12-21,0.0001190282871062595
2015-12-22,-0.0003563131986349954
2015-12-23,-0.0008262607085348805
2015-12-24,-0.0020731070373532835
2015-12-28,0.0011363478055518002
2015-12-29,-0.011387903032693932
2015-12-30,-0.00024095610383399258
2015-12-31,0.0004457358762793223
2016-01-04,-0.0009712418960406862
2016-01-05,0.0006903790949689948
2016-01-06,-0.0002648408442826049
2016-01-07,-0.0007847796336808084
2016-01-08,0.0008662580484581672
2016-01-11,0.0024488575154168668
2016-01-12,-0.00010602876663113186
2016-01-13,-0.0010673224982774988
2016-01-14,0.001412265309131433
2016-01-15,0.0013085232787880987
2016-01-19,0.0007625409020609195
2016-01-20,-0.0003486160298616925
2016-01-21,1.380148361972083e-05
2016-01-22,-0.00140300366447356
2016-01-25,-0.022883324764362438
2016-01-26,0.008315590212968387
2016-01-27,-0.008944295827708587
2016-01-28,0.001987939590902132
2016-01-29,0.010590069026015093
2016-02-01,-0.0010017788791088548
2016-02-02,0.0009827607614642058
2016-02-03,-0.0016593980476779734
2016-02-04,-0.00059691076866463
2016-02-05,0.0008652229427857845
2016-02-08,0.00041554195317393427
2016-02-09,0.0011193024856037406
2016-02-10,-0.0005608094451712255
2016-02-11,-0.0005238750134840553
2016-02-12,-0.0007602965118856789
2016-02-16,0.000852967627720277
2016-02-17,-0.0011931563842166094
2016-02-18,-0.0011578011964067999
2016-02-19,0.00013678150263912782
2016-02-22,-0.0007107972544980336
2016-02-23,-0.003088370936735828
2016-02-24,0.00033947796969127457
2016-02-25,0.007180129035352076
2016-02-26,-0.011871127621666418
2016-02-29,0.002033277073979323
2016-03-01,-0.0034155691535034975
2016-03-02,-0.0005646236615283204
2016-03-03,-0.0008835090185890573
2016-03-04,-0.0010048510214352585
2016-03-07,-0.0003120688252881009
2016-03-08,0.0013728743487319132
2016-03-09,-0.00082413088500728
2016-03-10,-0.0004788882469106885
2016-03-11,-0.0024312278107442025
2016-03-14,0.00036859670043263876
2016-03-15,0.0010380758735308005
2016-03-16,-0.002044956948877381
2016-03-17,-0.0018412383243680743
2016-03-18,-0.00027822805193250706
2016-03-21,-0.00019309950276062265
2016-03-22,0.00025364907634486435
2016-03-23,0.0017660912703589572
2016-03-24,-0.002378077926125843
2016-03-28,0.0026159863518603137
2016-03-29,0.016872944736061383
2016-03-30,-0.006896395500255179
2016-03-31,0.013173447753364435
2016-04-01,-0.00047001682564844834
2016-04-04,0.00047815679029971584
2016-04-05,0.0008393961954493533
2016-04-06,-0.0007094657571882871
2016-04-07,0.0010327934682418185
2016-04-08,-0.0011001336981415165
2016-04-11,-0.0006017178552727866
2016-04-12,-0.0014633845016657958
2016-04-13,-0.0006666959089901775
2016-04-14,-0.0004964959063704901
2016-04-15,0.0010388455000912736
2016-04-18,-0.00022320498082745293
2016-04-19,-0.0008958771396437109
2016-04-20,-0.0016699380093678597
2016-04-21,-0.00024960960717194204
2016-04-22,-0.0005174717194052784
2016-04-25,-0.000277165623422485
2016-04-26,-0.0021841416934564074
2016-04-27,0.011554047539540799
2016-04-28,0.010210377764092653
2016-04-29,0.00039825584386197837
2016-05-02,-0.0010385402688162734
2016-05-03,0.0014012795270028076
2016-05-04,0.0005855953486767332
2016-05-05,0.000573624988353336
2016-05-06,-0.0003431026162185319
2016-05-09,6.343931988976499e-05
2016-05-10,-0.0006697607586520916
2016-05-11,0.0003432822208809057
2016-05-12,-0.0005667724842710497
2016-05-13,0.0008524567943200338
2016-05-16,-0.001124488981580593
2016-05-17,0.00014787363248762803
2016-05-18,-0.002440034179749784
2016-05-19,0.00022605340441590106
2016-05-20,-0.00048444243300403304
2016-05-23,0.0001728211244237228
2016-05-24,-0.0009866114838941035
2016-05-25,-0.00017494656290233118
2016-05-26,0.010294898709326867
2016-05-27,-0.00733488681826762
2016-05-31,0.0040585572410911964
2016-06-01,-0.0011562476213835418
2016-06-02,0.0005356741233432782
2016-06-03,0.002293945887877783
2016-06-06,-0.0013340009272383214
2016-06-07,-2.945718244443584e-05
2016-06-08,5.8236572394190025e-05
2016-06-09,0.00085613438455415
2016-06-10,0.0012842538340211412
2016-06-13,0.0008919685521850773
2016-06-14,-1.2839625867127538e-05
2016-06-15,0.0009250065581728577
2016-06-16,0.0010208042280738662
2016-06-17,-0.0017880913967471168
2016-06-20,-0.0020341737416978327
2016-06-21,-0.0011198912929875464
2016-06-22,0.0007388897484437006
2016-06-23,-0.0018778335364577497
2016-06-24,-0.01895383274287373
2016-06-27,-0.010266139434729444
2016-06-28,0.0035480579708095394
2016-06-29,-0.005734363871500127
2016-06-30,0.008782699432932061
2016-07-01,0.0004495848693354801
2016-07-05,0.002340581642451272
2016-07-06,0.0009932553264593417
2016-07-07,-0.00026740856998724275
2016-07-08,0.0021064951062065994
2016-07-11,-0.0015781349050133277
2016-07-12,-0.002871389569943407
2016-07-13,0.0020282758595783984
2016-07-14,-0.0017102758234456646
2016-07-15,-0.0014674262550556634
2016-07-18,0.00027556534534068316
2016-07-19,0.0006534766356331854
2016-07-20,-0.0010423896433604002
2016-07-21,0.0014493573157732633
2016-07-22,-0.00030781179812369556
2016-07-25,-0.0005075589331385902
2016-07-26,0.00037988021822146914
2016-07-27,0.015206999663153798
2016-07-28,0.001117110379572351
2016-07-29,0.012095423011955686
2016-08-01,-0.002429666231540794
2016-08-02,-0.0016240027251384099
2016-08-03,3.75352433061585e-05
2016-08-04,0.001057923010729106
2016-08-05,-0.0012231160296735494
2016-08-08,0.0002318015852993642
2016-08-09,0.0017477087929918637
2016-08-10,0.0008007407326509276
2016-08-11,-0.0014342577357610317
2016-08-12,0.000838024140884396
2016-08-15,-0.000396452094171242
2016-08-16,-0.0010288342345888654
2016-08-17,0.0006392008874828764
2016-08-18,0.0011008650162557699
2016-08-19,-0.0017081967608906174
2016-08-22,0.0005664667237900484
2016-08-23,0.000449939472673878
2016-08-24,-0.0013460095469402286
2016-08-25,-0.0011406291682027182
2016-08-26,-0.0034833164371042107
2016-08-29,0.014008583132292775
2016-08-30,-0.0006514554987508775
2016-08-31,-0.003694455415241235
2016-09-01,-0.0005753454405389718
2016-09-02,0.0008095023200258443
2016-09-06,0.002682011132586093
2016-09-07,-0.00026171404310669364
2016-09-08,-0.0023925374630852513
2016-09-09,-0.005669003052664769
2016-09-12,0.0018490330974699181
2016-09-13,-0.0036357434507702617
2016-09-14,0.000852475792363305
2016-09-15,0.0012948984588717568
2016-09-16,-0.0004311578823390781
2016-09-19,0.0006058938728377897
2016-09-20,0.00015481028725880652
2016-09-21,0.003834720678446052
2016-09-22,0.002628499228468319
2016-09-23,-0.0005131917932943909
2016-09-26,2.982317114972058e-05
2016-09-27,0.000814866010824746
2016-09-28,-0.0025319630470193007
2016-09-29,0.001272781482413252
2016-09-30,-0.00920931429150139
2016-10-03,-0.0021532453197637192
2016-10-04,-0.0034219190827255446
2016-10-05,-0.000255777508684863
2016-10-06,-0.0010400828591796488
2016-10-07,4.4542635192051756e-05
2016-10-10,0.0004577191965873403
2016-10-11,-0.0029705889008740695
2016-10-12,0.0003038120643651299
2016-10-13,7.16219310267825e-07
2016-10-14,-0.0012484879302909415
2016-10-17,0.0006683927100932141
2016-10-18,0.0020459777267573765
2016-10-19,0.0008354887914337424
2016-10-20,-0.0005638213673865098
2016-10-21,1.62476125579984e-05
2016-10-24,0.00019085370032118537
2016-10-25,-6.183252450005023e-05
2016-10-26,-0.0020091317783094403
2016-10-27,-0.014992575058986577
2016-10-28,0.0005051846447748486
2016-10-31,0.0035510805416086593
2016-11-01,-0.0017113601469418791
2016-11-02,-0.00044268629200001035
2016-11-03,-0.0014291454302048643
2016-11-04,0.0013163675817052514
2016-11-07,0.0025728427449804893
2016-11-08,-0.00013360285518420044
2016-11-09,-0.004226194986928334
2016-11-10,-0.0029630988003854736
2016-11-11,-0.0021389195239773914
2016-11-14,-0.0008234230349379053
2016-11-15,0.0022319506510100093
2016-11-16,0.0009762832448928019
2016-11-17,-0.001710550298051219
2016-11-18,-0.0012595383199250924
2016-11-21,0.0008205619174523377
2016-11-22,0.002194633133732579
2016-11-23,-0.011960315733755186
2016-11-25,-0.005915684060726722
2016-11-28,0.01635824086654004
2016-11-29,0.0024617625787269276
2016-11-30,-0.021237445086821922
2016-12-01,-0.0025990042397987185
2016-12-02,0.00027804137907914197
2016-12-05,0.00036621693434111234
2016-12-06,0.0003923588430358928
2016-12-07,0.0006350147931222839
2016-12-08,0.000608988972755838
2016-12-09,0.00011145867267245602
2016-12-12,-0.00014245124984875077
2016-12-13,0.000211459824745951
2016-12-14,-0.0008168939906577524
2016-12-15,-0.00022632823874484188
2016-12-16,4.1682867878814955e-05
2016-12-19,0.000379445749382227
2016-12-20,0.0004597008338868001
2016-12-21,-0.00036165652463343264
2016-12-22,-8.149932879772603e-05
2016-12-23,-6.513240148241705e-05
2016-12-27,-0.0016748696739015225
2016-12-28,0.010865777804392438
2016-12-29,0.00687658083526214
2016-12-30,0.007034587379975573
2017-01-03,0.0006153531454274176
2017-01-04,0.0009031708456794023
2017-01-05,0.0007275710182995393
2017-01-06,-0.0003712977033813172
2017-01-09,2.496266822295231e-05
2017-01-10,0.00018018363530088982
2017-01-11,0.0005072297458165159
2017-01-12,0.00011343448651763308
2017-01-13,-1.5483026779836284e-05
2017-01-17,0.000311327307060155
2017-01-18,-0.0006258080929512571
2017-01-19,-0.0007437355964975741
2017-01-20,0.0005040244620889991
2017-01-23,0.0006884085748630369
2017-01-24,0.00010600457822464614
2017-01-25,-0.001704811278002566
2017-01-26,0.00031159115756559377
2017-01-27,0.0032161194119786477
2017-01-30,-0.0011613098750803488
2017-01-31,0.011647963001024773
2017-02-01,-0.0010105539806464702
2017-02-02,0.0001768240223677381
2017-02-03,0.0005635382929728953
2017-02-06,-8.408443946874062e-05
2017-02-07,-0.0003952214264052105
2017-02-08,0.0003110841229081217
2017-02-09,0.00046559639331280505
2017-02-10,0.0007445196050742477
2017-02-13,7.207834440017954e-05
2017-02-14,0.00019490499728027903
2017-02-15,0.0006862145267974002
2017-02-16,9.122698431160124e-05
2017-02-17,-0.00014076115575566774
2017-02-21,0.0006586824813880144
2017-02-22,0.0015496670855157488
2017-02-23,0.002169083807853264
2017-02-24,0.013473068570097333
2017-02-27,-0.012486128427624123
2017-02-28,-0.0005167377597965705
2017-03-01,-0.0003460664382877596
2017-03-02,-0.0013166584760294325
2017-03-03,0.00023676654635524484
2017-03-06,-0.000488604227704179
2017-03-07,-0.0008764462621111314
2017-03-08,-0.001150581084014444
2017-03-09,-0.0006818479718701503
2017-03-10,0.00033001221558776354
2017-03-13,0.0003446433458757622
2017-03-14,-0.0006926547438563878
2017-03-15,0.002510538493610988
2017-03-16,2.1280442508307455e-05
2017-03-17,0.0002354528629604663
2017-03-20,5.3160233556833046e-05
2017-03-21,-0.001662244042531263
2017-03-22,0.00044576577439382314
2017-03-23,0.00016569894789357026
2017-03-24,0.0005284401036347769
2017-03-27,-0.000557377434052779
2017-03-28,0.0025305101142764417
2017-03-29,0.008851366442682885
2017-03-30,-0.008569677679695483
2017-03-31,0.006151404891400832
2017-04-03,-0.0012378213326661757
2017-04-04,0.00033348369637723656
2017-04-05,-0.0004401406552040566
2017-04-06,0.00039186550054187084
2017-04-07,-9.677494687410413e-05
2017-04-10,0.0001554003411930842
2017-04-11,0.000455156369687518
2017-04-12,-0.00016079510489971075
2017-04-13,-0.000511483286289954
2017-04-17,0.0009533205940122906
2017-04-18,-0.000764642677571551
2017-04-19,-0.0007274242402652468
2017-04-20,0.0012011524110507922
2017-04-21,-0.0004247107522705045
2017-04-24,0.006932811601739087
2017-04-25,0.006352367482670697
2017-04-26,0.0034679656512990706
2017-04-27,0.001444644517803347
2017-04-28,0.0004596372734637099
2017-05-01,-0.00012036443233308597
2017-05-02,-5.0949916709462066e-05
2017-05-03,-3.879997813647698e-05
2017-05-04,-0.0007680478103781336
2017-05-05,0.00132968258496956
2017-05-08,-0.0001321543109767108
2017-05-09,0.0004740489054004018
2017-05-10,0.0012976354781422028
2017-05-11,-0.0002469712210920595
2017-05-12,-0.0003854114207213427
2017-05-15,0.0007418068969136816
2017-05-16,-0.00032829518265914897
2017-05-17,-0.0037411559610235883
2017-05-18,0.0011681677550103512
2017-05-19,0.001559092770000672
2017-05-22,0.0006831412428369786
2017-05-23,0.0006653094745903721
2017-05-24,0.00016230365606349084
2017-05-25,-0.0001532123461481704
2017-05-26,0.0010241861144291656
2017-05-30,0.008609798819349887
2017-05-31,0.0011923690540306944
2017-06-01,0.0006554911155586668
2017-06-02,0.0019084405933306762
2017-06-05,-0.0004557544002759992
2017-06-06,-0.0005975369076941854
2017-06-07,0.0005142392071760821
2017-06-08,0.0002968423358954666
2017-06-09,-0.0016357028063123486
2017-06-12,-0.00048565672279513895
2017-06-13,0.0014009014425181035
2017-06-14,-0.0006247139655701386
2017-06-15,-0.0018167369503107836
2017-06-16,-0.0005128269221976508
2017-06-19,0.0022100345243076538
2017-06-20,-0.00217260595233729
2017-06-21,0.00021932770155336532
2017-06-22,0.0010954922255700403
2017-06-23,0.0014082678706326423
2017-06-26,0.0002183578715405635
2017-06-27,-0.0035878761986455655
2017-06-28,-0.004090294580421636
2017-06-29,-0.014108381437451151
2017-06-30,-0.00852151636177037
2017-07-03,-0.001329901537312505
2017-07-05,0.0008726161352511851
2017-07-06,-0.00022530570142354736
2017-07-07,0.0022565847259635656
2017-07-10,0.0005864266350704375
2017-07-11,-0.00031934164566873186
2017-07-12,0.0013709058230595215
2017-07-13,0.0009884340423096881
2017-07-14,0.0005159307417629375
2017-07-17,-0.0009936601931895602
2017-07-18,-0.00042918824780108667
2017-07-19,0.0005132952358667473
2017-07-20,0.000994446007973933
2017-07-21,-0.0007171753062209575
2017-07-24,0.0004006319269010162
2017-07-25,-0.005978351455805459
2017-07-26,0.002484131521882703
2017-07-27,-0.00686071918167599
2017-07-28,0.005471339254255572
2017-07-31,0.0008087407161476388
2017-08-01,-0.0009035532290769662
2017-08-02,0.00036130377472263397
2017-08-03,-0.0015497158335778427
2017-08-04,0.001079098814944695
2017-08-07,0.0005627077185359408
2017-08-08,-0.0015819787022283086
2017-08-09,-0.0022342370099672926
2017-08-10,-0.0056456267935586
2017-08-11,0.001041196467141091
2017-08-14,0.0027293664620456244
2017-08-15,0.0010727720195107776
2017-08-16,-0.000406696469344159
2017-08-17,-0.0045511313462623364
2017-08-18,0.0015710273674210931
2017-08-21,-0.0004954385412252452
2017-08-22,0.0031143362518453502
2017-08-23,-0.0009489413682323784
2017-08-24,0.0007952575253476547
2017-08-25,-0.0008463792454600316
2017-08-28,-0.002205102630912948
2017-08-29,0.003309908238249655
2017-08-30,-8.394081907811496e-05
2017-08-31,0.005539596183953169
2017-09-01,-0.0007154164206301466
2017-09-05,-0.0030263648730159535
2017-09-06,0.0012562426228253222
2017-09-07,-2.24609558377537e-05
2017-09-08,-0.001106773738220691
2017-09-11,0.0029410193246410337
2017-09-12,0.001939965468825002
2017-09-13,-9.205520426976142e-06
2017-09-14,6.837588474286273e-05
2017-09-15,0.001044237149229739
2017-09-18,0.0013613358915852793
2017-09-19,0.0015037466031031421
2017-09-20,-0.00013694452043494087
2017-09-21,-7.662732296044083e-05
2017-09-22,0.0003680067589425434
2017-09-25,0.0050274495305455335
2017-09-26,-0.002488055249108376
2017-09-27,-0.0178679181118441
2017-09-28,-0.0009140516263186253
2017-09-29,-0.004596682046066647
2017-10-02,-0.0007411600524405786
2017-10-03,0.0008222125486491595
2017-10-04,-0.00035747750378644483
2017-10-05,0.0011355153283751044
2017-10-06,-0.0006287392757671489
2017-10-09,-0.0007278824939387813
2017-10-10,0.001089655979345154
2017-10-11,-0.00011062543677465872
2017-10-12,-0.0010237441593164338
2017-10-13,0.0001303095755095573
2017-10-16,0.0009287764310262945
2017-10-17,0.00023454443755623928
2017-10-18,0.001216415070559496
2017-10-19,-0.0009533501309784886
2017-10-20,0.0018957920909535987
2017-10-23,-0.0012622922791357583
2017-10-24,0.001466348443987611
2017-10-25,0.00039820966273391566
2017-10-26,-0.0027409930571456
2017-10-27,0.006668952147464209
2017-10-30,0.012500561096931765
2017-10-31,-0.0022732662393249326
2017-11-01,-0.0014827839671503506
2017-11-02,0.00012428191302147235
2017-11-03,0.00035260563726357137
2017-11-06,0.00035702964380566104
2017-11-07,-0.0007378302872601607
2017-11-08,0.0001725105157792046
2017-11-09,-0.0010583606245971368
2017-11-10,0.0011002398381825037
2017-11-13,-0.0003234391831243873
2017-11-14,-0.0013282697109555448
2017-11-15,-0.0015052759293697124
2017-11-16,0.0035154250776008645
2017-11-17,-0.0007144776382580918
2017-11-20,0.0010242823811675748
2017-11-21,0.0023757800621974144
2017-11-22,1.3166889967394466e-05
2017-11-24,-0.0005928887118203708
2017-11-27,-0.0009056388071052578
2017-11-28,-0.002439831642569778
2017-11-29,-0.01061647589324107
2017-11-30,-0.011987900880054983
2017-12-01,-0.001130007442276158
2017-12-04,-0.0009223399492407338
2017-12-05,-0.0003898032534462171
2017-12-06,-0.0003699801952580493
2017-12-07,4.490977447109696e-05
2017-12-08,0.000826591686475652
2017-12-11,0.0005029760116131514
2017-12-12,-0.0002811655599820023
2017-12-13,0.0016397620479306138
2017-12-14,-0.0006804753665435939
2017-12-15,0.0012564336127917036
2017-12-18,0.0013946029443448872
2017-12-19,-0.0026336739806202313
2017-12-20,-0.0011050780179664014
2017-12-21,0.001254182713285961
2017-12-22,0.0007732724721226687
2017-12-26,0.0019355252821352687
2017-12-27,0.013273639692934122
2017-12-28,-0.004389984416189475
2017-12-29,0.006861976451832741
2018-01-02,-0.00031679992933087786
2018-01-03,0.0012252837410008082
2018-01-04,0.0006887277200820287
2018-01-05,0.0006246459646473055
2018-01-08,-0.00011636214607565501
2018-01-09,-0.0017221643736478702
2018-01-10,-0.0005120044494206352
2018-01-11,0.0018409404077333186
2018-01-12,0.002021540175497305
2018-01-16,-8.227783187546901e-05
2018-01-17,0.0006347620164046926
2018-01-18,-0.0015595307956917503
2018-01-19,0.0006415559906880686
2018-01-22,0.0015758297245120488
2018-01-23,0.0025106725551410167
2018-01-24,0.0008193823986638715
2018-01-25,0.0035024497826554968
2018-01-26,-0.0211058639883744
2018-01-29,-0.0043267593919961355
2018-01-30,9.906472290068003e-05
2018-01-31,0.0009634644793894121
2018-02-01,-0.0013459311965345355
2018-02-02,-0.0028190046302237204
2018-02-05,-0.003909769419622759
2018-02-06,0.0018711047442183
2018-02-07,-0.0017689415391331385
2018-02-08,-0.0038537626021664675
2018-02-09,4.572081184434694e-05
2018-02-12,0.002192232957478979
2018-02-13,0.0003321352924904599
2018-02-14,0.0026831798024535805
2018-02-15,0.0021894840770892397
2018-02-16,0.0002936204952770782
2018-02-20,-0.0012964475240255357
2018-02-21,-0.0009967587113266642
2018-02-22,-0.0008350915259934736
2018-02-23,0.0025618718352778576
2018-02-26,0.0046368697672534405
2018-02-27,-0.010215863735983719
2018-02-28,0.0011316445846714558
2018-03-01,-0.0026307245522157988
2018-03-02,0.0015275287589076641
2018-03-05,0.0007982307360787266
2018-03-06,0.0007844407735259484
2018-03-07,-0.00012143571642646528
2018-03-08,-0.0004893574757474282
2018-03-09,0.001854876839343995
2018-03-12,-0.00022548451382315972
2018-03-13,-0.0009566297503453682
2018-03-14,-0.0005374862247704696
2018-03-15,-0.0001832484885250846
2018-03-16,0.00047134387183431795
2018-03-19,-0.0009826222243035335
2018-03-20,0.0005217510507031115
2018-03-21,0.0009672653702553518
2018-03-22,-0.003229825728856556
2018-03-23,-0.0017629660573934278
2018-03-26,0.004363604659911915
2018-03-27,0.010652191588632473
2018-03-28,-0.0020429156539661297
2018-03-29,0.006661152686185317
2018-04-02,-0.0027682633818709767
2018-04-03,0.0008695189636034296
2018-04-04,0.0007646148164617044
2018-04-05,0.0006200682508770871
2018-04-06,-0.0014629311890706318
2018-04-09,0.0012636599099149545
2018-04-10,0.0025113008181303106
2018-04-11,2.9921702635212187e-05
2018-04-12,0.0006474041441129381
2018-04-13,-0.00046955870285287927
2018-04-16,0.0007491202076160004
2018-04-17,0.0005438962199181025
2018-04-18,0.00024717666760861655
2018-04-19,-0.0010678384370426488
2018-04-20,-0.0010850842067403458
2018-04-23,-0.0002451343964228042
2018-04-24,0.00048084327250794005
2018-04-25,-0.004129460517746006
2018-04-26,0.007394353401630746
2018-04-27,0.005383912079195044
2018-04-30,0.004280684818026969
2018-05-01,-0.0009934459210806175
2018-05-02,-0.0007778186955687039
2018-05-03,-1.955819287797266e-05
2018-05-04,0.0006417986366898588
2018-05-07,0.0003353371816555861
2018-05-08,0.0005607012134722163
2018-05-09,0.0012811120519056044
2018-05-10,0.00021188562081077435
2018-05-11,-0.00010826935226584051
2018-05-14,0.001432705207582091
2018-05-15,0.0007629060805402699
2018-05-16,0.0014668125067184095
2018-05-17,0.0006291979654485325
2018-05-18,-0.0020345530842733276
2018-05-21,0.0006263723883890202
2018-05-22,0.00014251282626684213
2018-05-23,-0.0017508005111636828
2018-05-24,0.005289907344936143
2018-05-25,0.008932087196058055
2018-05-29,0.03551564810004913
2018-05-30,-0.016464989112488306
2018-05-31,-0.0006836326036836987
2018-06-01,-0.00021355951139874805
2018-06-04,0.0003697610318175761
2018-06-05,-8.247118451333823e-05
2018-06-06,0.0007684069808497249
2018-06-07,-0.000599766616451236
2018-06-08,0.0002837984399098979
2018-06-11,0.00014754024422953524
2018-06-12,-5.887846364910175e-05
2018-06-13,0.00031243862631730765
2018-06-14,-0.0011230454389532685
2018-06-15,-0.0002949978093490567
2018-06-18,4.502797171768134e-05
2018-06-19,-0.0005957832329616399
2018-06-20,0.0006300980018904698
2018-06-21,-0.0006801407954915471
2018-06-22,0.0004034761486075764
2018-06-25,0.0012527874015876457
2018-06-26,-0.00027831929026081654
2018-06-27,0.005938531029140353
2018-06-28,-0.002041679079268266
2018-06-29,-0.000773810924214938
2018-07-02,-0.000925635134229791
2018-07-03,-0.00030667042392492136
2018-07-05,0.0008929621372108766
2018-07-06,0.0010423566390450458
2018-07-09,0.0007117321612713843
2018-07-10,0.00010117213487176936
2018-07-11,-0.00127081835758634
2018-07-12,0.0007126082676407624
2018-07-13,0.0002811066198037628
2018-07-16,-0.00037861120575236626
2018-07-17,0.0006034190310566917
2018-07-18,0.00021651910348473693
2018-07-19,5.459479231490567e-06
2018-07-20,0.0005686134804031724
2018-07-23,0.0006113004548428727
2018-07-24,0.00012346116343902032
2018-07-25,-0.0045763207563316085
2018-07-26,-0.00020204462652339026
2018-07-27,0.006257449005632559
2018-07-30,-0.0019962867398518143
2018-07-31,0.00247756325540733
2018-08-01,-0.0008691980094299852
2018-08-02,0.0003969046877760474
2018-08-03,-6.867212008690736e-05
2018-08-06,0.00044414721905750303
2018-08-07,0.0008515145699371207
2018-08-08,-0.0003930623878452416
2018-08-09,-0.00035342282980308946
2018-08-10,-0.0013410614889927959
2018-08-13,0.0002228150677841351
2018-08-14,0.0009206208019259614
2018-08-15,-0.000840535434384106
2018-08-16,0.0008004545633744546
2018-08-17,0.0001016003746748399
2018-08-20,-0.0003386119834786831
2018-08-21,0.0007357129301390852
2018-08-22,-5.124704414133239e-06
2018-08-23,0.0001555232876661804
2018-08-24,8.851414905414591e-06
2018-08-27,0.00017173541054278248
2018-08-28,0.000902751783347786
2018-08-29,-0.002121943064193418
2018-08-30,0.00578270211090569
2018-08-31,0.0010634248452723973
2018-09-04,-0.000931365784741331
2018-09-05,-0.000491886597428231
2018-09-06,-0.0009952336029052007
2018-09-07,0.0009038675861326923
2018-09-10,0.0004279425834421099
2018-09-11,0.0016312408178011152
2018-09-12,-0.0005662677815384815
2018-09-13,0.0006449459843598457
2018-09-14,0.0011688785708085696
2018-09-17,-0.0010777271026496617
2018-09-18,0.0022559946085300734
2018-09-19,-0.00019840906309816697
2018-09-20,0.0004371418667618988
2018-09-21,0.0001064061242714777
2018-09-24,-0.0001642427336746976
2018-09-25,-0.0012267214190646697
2018-09-26,0.009503817040010703
2018-09-27,-0.0005919393977263279
2018-09-28,0.0015587226290942227
2018-10-01,-0.00012302386123933098
2018-10-02,-0.0015790354490726217
2018-10-03,0.0025826407423116433
2018-10-04,-0.0007191110207494579
2018-10-05,-0.0004868430693269984
2018-10-08,0.0005872040272407439
2018-10-09,-0.0007978159150218651
2018-10-10,-0.004773651742701921
2018-10-11,-0.0057032830795840025
2018-10-12,0.0025343360445092334
2018-10-15,-0.0004696094459047234
2018-10-16,0.003627175598558076
2018-10-17,0.0010169597314656318
2018-10-18,-0.0025309083119960363
2018-10-19,0.0004035288245790999
2018-10-22,-7.050720840665393e-05
2018-10-23,-0.002280431502639027
2018-10-24,-0.006019152139077386
2018-10-25,0.02255264233641902
2018-10-26,-0.028714134148977832
2018-10-29,-0.0034651438311283037
2018-10-30,0.00660573536700063
2018-10-31,0.0040931588523982565
2018-11-01,-0.001917280721049667
2018-11-02,0.0008667902692209226
2018-11-05,-0.00031530050880548236
2018-11-06,-4.815788795863714e-05
2018-11-07,-0.0007262898370129918
2018-11-08,0.001121348705718427
2018-11-09,0.00038497979202836165
2018-11-12,0.0006242576360739388
2018-11-13,-0.00034633707261761825
2018-11-14,-0.0001565906421298757
2018-11-15,2.869447848875878e-05
2018-11-16,-0.0010828815632678247
2018-11-19,0.00012124515641239643
2018-11-20,0.0008098930452782461
2018-11-21,-0.000810069640649586
2018-11-23,0.00038743485865369126
2018-11-26,0.00456647549546028
2018-11-27,0.0005930900747819031
2018-11-28,0.0024209042489567985
2018-11-29,0.0033274033561170625
2018-11-30,0.004585510018092568
2018-12-03,-0.0020624070270273513
2018-12-04,-0.0009667259198833407
2018-12-06,0.0007141769871406733
2018-12-07,-0.0011278662974971254
2018-12-10,0.0010142799607829156
2018-12-11,0.00037683898242721597
2018-12-12,-0.0007956166285748004
2018-12-13,-8.054755194958983e-05
2018-12-14,0.0009809063293367822
2018-12-17,-0.0010879617007800955
2018-12-18,-0.00020014568476273478
2018-12-19,3.076024348948603e-05
2018-12-20,-8.951843006784976e-05
2018-12-21,0.0012022499581831598
2018-12-24,-0.024701779187416496
2018-12-26,0.044320072130251194
2018-12-27,0.0007088758754496479
2018-12-28,-0.002894449173078185
2018-12-31,0.0013014217503115682
2019-01-02,-0.0013498246252703358
2019-01-03,-0.00035490844435379586
2019-01-04,-0.000547600091886205
2019-01-07,-0.0002769164116591141
2019-01-08,-0.0002620218051008798
2019-01-09,-0.0006841915646834992
2019-01-10,0.00038390874298117753
2019-01-11,-5.208600291129573e-05
2019-01-14,0.0005612298884766692
2019-01-15,-7.769660712135598e-05
2019-01-16,-0.0001984128530876602
2019-01-17,-6.86926941834573e-05
2019-01-18,0.00015105190353237622
2019-01-22,0.0003852219807291583
2019-01-23,-8.146554236607177e-05
2019-01-24,-0.00021165266613719377
2019-01-25,-0.004891984271986863
2019-01-28,0.001940499323780308
2019-01-29,0.007025911598190063
2019-01-30,0.002031794140215165
2019-01-31,0.010078652169839494
2019-02-01,-0.0006801754791780604
2019-02-04,0.00011448938004517019
2019-02-05,-6.431395325071405e-05
2019-02-06,0.0006998252374354041
2019-02-07,0.0007233247845472377
2019-02-08,3.7775616305533744e-05
2019-02-11,0.0005095368718708623
2019-02-12,-0.0006983806188111434
2019-02-13,0.00035436505571306674
2019-02-14,-2.421473287247009e-06
2019-02-15,-0.0007240354783233899
2019-02-19,-0.000700399431328816
2019-02-20,-0.00013862245920802932
2019-02-21,0.000558957038233491
2019-02-22,0.00038793558889586746
2019-02-25,-0.0012340490123435208
2019-02-26,0.007664266288683339
2019-02-27,-0.010194233419207227
2019-02-28,-0.0068729239869412635
2019-03-01,-0.000370411808435148
2019-03-04,0.00043660263546536286
2019-03-05,-5.875916962626659e-06
2019-03-06,0.00014245783419508597
2019-03-07,0.0008587501282647912
2019-03-08,-0.0003876933439026613
2019-03-11,0.000479041317499117
2019-03-12,0.00013507538576252773
2019-03-13,-0.0004157413262429723
2019-03-14,0.00047897409326737756
2019-03-15,-6.263915222638588e-05
2019-03-18,-0.00034776533807835306
2019-03-19,-0.00017078654277485317
2019-03-20,7.660296591891149e-05
2019-03-21,0.0012906920015520432
2019-03-22,0.0009326759667643496
2019-03-25,0.0005222838391300154
2019-03-26,0.00010883427427555708
2019-03-27,0.005865485754560261
2019-03-28,0.0011592515568786333
2019-03-29,-0.0037414961366543284
2019-04-01,-0.001774149244287002
2019-04-02,0.00045768070502634473
2019-04-03,-0.0008103371399368422
2019-04-04,0.00038216186001031665
2019-04-05,0.0007227992452250016
2019-04-08,-0.000889430804898621
2019-04-09,0.00010265328212189026
2019-04-10,0.0010996855436754128
2019-04-11,0.0006246982673654511
2019-04-12,-0.0005762259462678402
2019-04-15,5.46555403850372e-05
2019-04-16,-0.0008490975216107551
2019-04-17,-0.000399004356359022
2019-04-18,0.001026784898928858
2019-04-22,-0.000818062915909287
2019-04-23,0.0022180998626450624
2019-04-24,0.007293506111576974
2019-04-25,-0.0013962672169465292
2019-04-26,0.006302316529737021
2019-04-29,-0.008202766397807646
2019-04-30,0.006134770290508665
2019-05-01,-0.0009070278238461675
2019-05-02,-0.00016173453394615638
2019-05-03,0.0007217030707549696
2019-05-06,0.0007073155311425284
2019-05-07,-0.00041774161178973694
2019-05-08,-0.0005238890093190847
2019-05-09,0.0005985384302629659
2019-05-10,0.000390387131046799
2019-05-13,-0.0008576878661118402
2019-05-14,0.00026436790757977213
2019-05-15,0.0011350689577252558
2019-05-16,0.0008504562223890218
2019-05-17,0.0006271599880408639
2019-05-20,-0.001469329237401995
2019-05-21,0.000975583199680414
2019-05-22,0.0010080316627781092
2019-05-23,0.00021685432951386131
2019-05-24,0.0007955654294690359
2019-05-28,-0.012027886565255597
2019-05-29,-0.004506289567170826
2019-05-30,0.006962355208806656
2019-05-31,0.005003309014008129
2019-06-03,-0.0015010770075501042
2019-06-04,-0.00011086412599821634
2019-06-05,0.0015436875172373911
2019-06-06,-0.00013581744203792256
2019-06-07,0.0007313187749293436
2019-06-10,-0.00034738665394110156
2019-06-11,-0.0001958136631453427
2019-06-12,0.0008059685656315204
2019-06-13,0.00019019472189163493
2019-06-14,0.0008118435404474051
2019-06-17,0.00021631589577207283
2019-06-18,0.0006746682251035919
2019-06-19,0.0008831831935891691
2019-06-20,-0.0007785658340013127
2019-06-21,-0.0022174921828558443
2019-06-24,0.008494427752473877
2019-06-25,0.011515526272363978
2019-06-26,-0.013786565858845705
2019-06-27,0.008029958616466422
2019-06-28,-0.001373212112420369
2019-07-01,-0.0008116820076213972
2019-07-02,0.001937115221891926
2019-07-03,0.0012440580406633541
2019-07-05,-0.0017261518284965778
2019-07-08,-0.00040811995688458397
2019-07-09,-0.00017716938006829836
2019-07-10,0.0004820645029192594
2019-07-11,-0.0016664863364715442
2019-07-12,0.0003729117923512499
2019-07-15,0.0009825747162328271
2019-07-16,-0.0008286751450603503
2019-07-17,0.000740072171777077
2019-07-18,0.00043290946604646486
2019-07-19,-0.001234956118835845
2019-07-22,0.0007406891178716247
2019-07-23,0.0005405695294349171
2019-07-24,0.0005526420393556669
2019-07-25,-0.001545981307824095
2019-07-26,-0.002027011555069607
2019-07-29,0.0022602003341626207
2019-07-30,0.0015574746091093063
2019-07-31,0.011292603749562475
2019-08-01,0.002114574330794651
2019-08-02,0.0002958842790617988
2019-08-05,0.001355596238046197
2019-08-06,0.0022291297763041727
2019-08-07,0.001620414715819679
2019-08-08,0.0011449113494523457
2019-08-09,-0.0006025253474268017
2019-08-12,0.002416131125793
2019-08-13,-0.0006296858382013206
2019-08-14,0.0023035135004100074
2019-08-15,0.002545631993457082
2019-08-16,-0.0007328056264725386
2019-08-19,-0.0015057279755714503
2019-08-20,0.001401804522062413
2019-08-21,-0.0002575255598139516
2019-08-22,-0.0003156190594841939
2019-08-23,0.0022389894716374785
2019-08-26,0.009029029368713382
2019-08-27,-0.007093799951734974
2019-08-28,0.0029190020267048384
2019-08-29,0.004117118036198212
2019-08-30,-0.00010419570725672056
2019-09-03,0.0004865481286393926
2019-09-04,-0.0005721697968618489
2019-09-05,-0.004961232838884198
2019-09-06,-0.0002582426629033981
2019-09-09,-0.0032908003083375477
2019-09-10,-0.003248979416901423
2019-09-11,-0.000349033374669816
2019-09-12,-0.0009215769450747402
2019-09-13,-0.0050269047717641105
2019-09-16,0.00307845565404868
2019-09-17,0.0015129193743241985
2019-09-18,0.00013242194401008643
2019-09-19,0.0006180750066449314
2019-09-20,0.0035318307124141074
2019-09-23,0.0017183144375139594
2019-09-24,0.013711328459084264
2019-09-25,-0.016890216324913707
2019-09-26,0.0069007388780159525
2019-09-27,0.006107658670164083
2019-09-30,0.0009712095191598024
2019-10-01,-0.0009042722509026127
2019-10-02,0.0004195374903071962
2019-10-03,0.0013974427566206082
2019-10-04,0.0011699396347380681
2019-10-07,-0.0011137274165675451
2019-10-08,0.0003349194721609019
2019-10-09,-0.00030274705433261346
2019-10-10,-0.002501937180504486
2019-10-11,-0.0024200986959503896
2019-10-14,0.0017813969109252109
2019-10-15,-0.0018313295409284028
2019-10-16,-2.8632815158319635e-05
2019-10-17,-5.946106571376229e-05
2019-10-18,0.00020254643494231319
2019-10-21,-0.0009463541824242908
2019-10-22,0.0006995103880789655
2019-10-23,-2.6147209225488597e-05
2019-10-24,0.0011060725397257069
2019-10-25,-0.002490001992140642
2019-10-28,-0.005139727341351585
2019-10-29,0.0013739832194019884
2019-10-30,0.016459120408100478
2019-10-31,0.022542773364784722
2019-11-01,-0.0010495985646031835
2019-11-04,-0.00020607980538977754
2019-11-05,-0.0014776540771022772
2019-11-06,0.0007850396127362026
2019-11-07,-0.0016474108810170447
2019-11-08,-0.0004556674749776081
2019-11-11,-6.592308925747851e-05
2019-11-12,9.387465451725986e-05
2019-11-13,0.0004293923013051534
2019-11-14,0.0011118697888061974
2019-11-15,0.0005165054716956293
2019-11-18,0.0005413388551747272
2019-11-19,0.0007294920946974365
2019-11-20,-0.00011916557369294919
2019-11-21,-0.0013124627924974513
2019-11-22,-0.0008163159046697111
2019-11-25,-0.0014117853347626664
2019-11-26,0.005053227675595248
2019-11-27,-0.009798091714171737
2019-11-29,-0.0020315129698725825
2019-12-02,-0.003123821720189201
2019-12-03,0.0011051793889410469
2019-12-04,0.000195245007816695
2019-12-05,-0.00010022767989697435
2019-12-06,0.0006225423583727928
2019-12-09,-0.00031914801495382805
2019-12-10,2.402152604619916e-05
2019-12-11,0.001405320058374372
2019-12-12,-0.0002182753437378071
2019-12-13,0.001350683221665422
2019-12-16,0.0006087186766585461
2019-12-17,0.0002497517149150896
2019-12-18,0.00040456673738636494
2019-12-19,0.0008227842545989401
2019-12-20,0.0007105018817663427
2019-12-23,0.00019075926337300012
2019-12-24,0.002296401375806526
2019-12-26,-0.0010805344547352733
2019-12-27,0.0033999275428129917
2019-12-30,-0.00041111453826284854
2019-12-31,-0.013097645875291556
2020-01-02,0.00045920488812406263
2020-01-03,0.0005124788721890683
2020-01-06,8.614848437836733e-05
2020-01-07,-0.00043976483936992625
2020-01-08,-0.00014762908715270257
2020-01-09,0.0008041950353645232
2020-01-10,0.0008357372052663072
2020-01-13,0.0006526885183900392
2020-01-14,8.561457580479295e-05
2020-01-15,0.0007608574094595626
2020-01-16,0.0010681481502170557
2020-01-17,0.00043656992275754815
2020-01-21,-0.000480496599766528
2020-01-22,6.674711576154747e-06
2020-01-23,0.00024020067359115693
2020-01-24,-0.0007537834322393119
2020-01-27,0.007948324132600491
2020-01-28,-0.0055906249471452535
2020-01-29,0.015471674646059252
2020-01-30,0.00199028305218596
2020-01-31,0.020197352881463813
2020-02-03,-0.000514270237429977
2020-02-04,0.0006482779419619596
2020-02-05,0.00055124241362113
2020-02-06,0.0009226744791825588
2020-02-07,0.000506702525048486
2020-02-10,0.0016250884931925177
2020-02-11,-0.00037972262678378837
2020-02-12,0.0002255497390594023
2020-02-13,0.0007530753135421203
2020-02-14,0.000773929014638585
2020-02-18,0.001006753683827968
2020-02-19,0.0004120657040466585
2020-02-20,0.0011874739076245474
2020-02-21,-0.0002477904557756809
2020-02-24,0.03421952092065994
2020-02-25,0.02339527294148498
2020-02-26,-0.0005263183220066652
2020-02-27,0.0269500294700461
2020-02-28,0.02507750872908189
2020-03-02,8.483175142896182e-05
2020-03-03,0.0010719690507663975
2020-03-04,0.000601688892407494
2020-03-05,0.0003818615540402198
2020-03-06,0.0010136648468275407
2020-03-09,-0.0013380895204179114
2020-03-10,-0.002061667743282025
2020-03-11,-0.002564723172405521
2020-03-12,-0.0020596140694542973
2020-03-13,0.0028826825247289193
2020-03-16,-0.0027072509796164973
2020-03-17,-0.0025227552726765547
2020-03-18,-0.0036913002337997988
2020-03-19,-0.0011421833648536058
2020-03-20,0.002764337741611794
2020-03-23,0.004259793147236764
2020-03-24,0.0019862074845057908
2020-03-25,0.0037288747839156204
2020-03-26,0.008863718398548964
2020-03-27,-0.0009610010573545768
2020-03-30,0.005927960700232226
2020-03-31,-0.0027966915574107742
2020-04-01,0.00017693781904859672
2020-04-02,-0.00021242127552061939
2020-04-03,0.0006700913845949306
2020-04-06,-0.0012925896978861152
2020-04-07,-0.0005750037690766563
2020-04-08,-0.0008907730576960745
2020-04-09,-0.0006798089554165321
2020-04-13,0.00039958886387250037
2020-04-14,-0.00037616115501918983
2020-04-15,0.0015331492782732102
2020-04-16,0.00013305477194338917
2020-04-17,-0.0010584797153172696
2020-04-20,0.0008003293899568505
2020-04-21,0.001369590129080789
2020-04-22,-0.0004006821723592636
2020-04-23,0.00019757285331179235
2020-04-24,-0.001318893259943716
2020-04-27,-0.004868663700344264
2020-04-28,0.00600302848215592
2020-04-29,-0.004373662490033174
2020-04-30,-0.002480156248687347
2020-05-01,0.0007226801925229188
2020-05-04,2.4418697970930016e-06
2020-05-05,-0.00030413108211477187
2020-05-06,-9.058267835316495e-05
2020-05-07,0.0006460792592200563
2020-05-08,-0.001131723597314167
2020-05-11,9.343376181404437e-05
2020-05-12,0.0008264753681238174
2020-05-13,0.000915199163901876
2020-05-14,0.0006306005111362773
2020-05-15,0.0005438876271065487
2020-05-18,-0.0022633260028541696
2020-05-19,0.000826054537897099
2020-05-20,-0.00032792513350801813
2020-05-21,-0.000311522659744931
2020-05-22,0.0008089981397943194
2020-05-26,-0.002951784072876727
2020-05-27,8.070323034515903e-05
2020-05-28,-0.0009227865184745368
2020-05-29,0.0036576456090608492
2020-06-01,-0.0007294137730461183
2020-06-02,-0.0008511150878799826
2020-06-03,-0.0022072466583856584
2020-06-04,-0.0004935255153495609
2020-06-05,-0.001745564718642971
2020-06-08,0.000482349446618984
2020-06-09,0.0006430473582767621
2020-06-10,0.0019551658661513247
2020-06-11,0.0015300746998404093
2020-06-12,-0.0009060387189761246
2020-06-15,-5.4064891695330424e-05
2020-06-16,-0.0006163538358828866
2020-06-17,0.000380187170564939
2020-06-18,0.0006401600143283888
2020-06-19,0.0006652587260073631
2020-06-22,-0.0004353418142031938
2020-06-23,0.00023852443361293364
2020-06-24,0.00456023014886442
2020-06-25,-0.0010082573048796045
2020-06-26,0.0116380297936868
2020-06-29,0.001789906217009482
2020-06-30,-0.007260581445504657
2020-07-01,-0.0015872565640404678
2020-07-02,-0.00010440374037466698
2020-07-06,-0.00035882079007178684
2020-07-07,0.0011359672223290463
2020-07-08,-0.0004752590423569056
2020-07-09,0.0012718182011632326
2020-07-10,-0.0005254791759726516
2020-07-13,0.0005439452081706323
2020-07-14,-7.6264609663423544e-06
2020-07-15,-0.0006787345896610273
2020-07-16,0.00037457403313424114
2020-07-17,-5.495357226815891e-05
2020-07-20,0.0008405545992513485
2020-07-21,0.00029869632907591917
2020-07-22,0.001319948487538139
2020-07-23,3.0247937388621996e-05
2020-07-24,-2.2023767385352287e-05
2020-07-27,-0.004844277835735121
2020-07-28,0.006365420542683131
2020-07-29,0.0011737326118667966
2020-07-30,0.005613836132718495
2020-07-31,0.0005994356809456702
2020-08-03,-0.000993415846504832
2020-08-04,0.0016349375195857053
2020-08-05,0.00021694296830188203
2020-08-06,0.0014560990287541332
2020-08-07,-0.0018414363468788955
2020-08-10,-0.00045486945597092844
2020-08-11,-0.003525176587864662
2020-08-12,-0.00024371478200255482
2020-08-13,0.00024664102416232695
2020-08-14,-0.0006764536543793165
2020-08-17,0.0015579997734610407
2020-08-18,0.001691386311529753
2020-08-19,-0.002238726451321619
2020-08-20,0.0013912360265792418
2020-08-21,0.0004061340012256296
2020-08-24,-0.00028071999254250583
2020-08-25,-0.008411059943899336
2020-08-26,-0.00447360990286682
2020-08-27,-0.015402182432127952
2020-08-28,0.005253652409429884
2020-08-31,0.005158063972938205
2020-09-01,-0.00033491101638896865
2020-09-02,0.00039848851644023683
2020-09-03,-0.001488712990548472
2020-09-04,-0.0010637036312380788
2020-09-08,-0.0007060847795749144
2020-09-09,0.0009708099722083675
2020-09-10,-0.00047228753911297713
2020-09-11,0.00023923342387736338
2020-09-14,0.0006304206281413495
2020-09-15,0.00019744960385654567
2020-09-16,-0.0004699973151555547
2020-09-17,-0.00015888579218680497
2020-09-18,-0.000625408918211634
2020-09-21,-0.0009957461319996292
2020-09-22,0.00013226893548503303
2020-09-23,-0.0018130893809430418
2020-09-24,-0.0010869921144524666
2020-09-25,0.0063084188718902905
2020-09-28,0.0034299895604674086
2020-09-29,-0.0006890157699165148
2020-09-30,-4.9852345288188674e-06
2020-10-01,-0.0006979597492903892
2020-10-02,-0.0006646256153361471
2020-10-05,-6.0601599233475596e-05
2020-10-06,-0.0005881119010626976
2020-10-07,0.0005545281384210002
2020-10-08,0.0008251649343112311
2020-10-09,0.001157832195907177
2020-10-12,0.001315413163931238
2020-10-13,-0.0005771754637832389
2020-10-14,-0.00015352187322075463
2020-10-15,-0.0006245514242178023
2020-10-16,3.1460551518243116e-06
2020-10-19,-0.000800799490004095
2020-10-20,-9.866425852005712e-05
2020-10-21,6.827618906617752e-05
2020-10-22,-0.0007544085977004433
2020-10-23,0.0009151608496348239
2020-10-26,0.015009258640923541
2020-10-27,0.0087116830099548
2020-10-28,0.004648960891023338
2020-10-29,-0.017601025933037445
2020-10-30,-0.010064177166578234
2020-11-02,-0.0007984785779571709
2020-11-03,-0.00018192527034414398
2020-11-04,0.0019214497588543468
2020-11-05,0.0008180328865210815
2020-11-06,-0.00043754340290113957
2020-11-09,-0.0024898149496863134
2020-11-10,-0.0010555177062376094
2020-11-11,0.0003693274886470437
2020-11-12,0.0009794699505967716
2020-11-13,1.9630074133480103e-05
2020-11-16,-1.5048575682260204e-05
2020-11-17,0.00027583879926880764
2020-11-18,0.00010356404833381056
2020-11-19,0.0004305700339529521
2020-11-20,0.00018645123957268612
2020-11-23,-0.010660316316499004
2020-11-24,-0.014307473546764328
2020-11-25,0.0005341771269004757
2020-11-27,0.010027323544697571
2020-11-30,-0.0008607376843557813
2020-12-01,-0.0011344663742612656
2020-12-02,-2.4022320974063034e-06
2020-12-03,0.0006294768586634079
2020-12-04,-0.00024524084180266065
2020-12-07,0.0004545420322697189
2020-12-08,0.0002497867704621338
2020-12-09,-0.0006967772580202484
2020-12-10,0.0005724793669821353
2020-12-11,-4.188686390901956e-05
2020-12-14,-7.119096831204199e-05
2020-12-15,0.0006837989033516565
2020-12-16,0.00013087413133398815
2020-12-17,0.0004415317063319866
2020-12-18,-0.0001871600345450069
2020-12-21,-0.00021286765896358855
2020-12-22,-7.115048639811044e-05
2020-12-23,0.00036118850968285346
2020-12-24,0.0002763939304438063
2020-12-28,-0.0011146452279497921
2020-12-29,-0.0012024021513996758
2020-12-30,0.002667216152638575
2020-12-31,0.0016617382240240721
2021-01-04,-0.000907173912035009
2021-01-05,0.00018698265299560115
2021-01-06,-0.000852460936679396
2021-01-07,0.00010521106822876267
2021-01-08,-0.0007656715636257464
2021-01-11,-0.0010094579583186662
2021-01-12,0.0005267054088750149
2021-01-13,0.0005061658921224388
2021-01-14,-0.0001230571560000976
2021-01-15,-0.0007650554111877983
2021-01-19,0.0011920593348431897
2021-01-20,0.0009584849192185131
2021-01-21,0.00010569856516478089
2021-01-22,-0.0002651224782107434
2021-01-25,0.004937678465327561
2021-01-26,-0.00017891826768776803
2021-01-27,0.01009193940404813
2021-01-28,-0.01137046033110265
2021-01-29,-0.000475466799455287
2021-02-01,-0.0003550801067950783
2021-02-02,1.1448794734670481e-05
2021-02-03,-2.754411565972816e-05
2021-02-04,9.940871928620583e-06
2021-02-05,0.0003945167552016508
2021-02-08,0.0009511477985920522
2021-02-09,0.000278809089613612
2021-02-10,0.00013793966231756828
2021-02-11,-0.00010874186894239172
2021-02-12,-9.009668041764704e-05
2021-02-16,-0.0008559996530138675
2021-02-17,-8.527283640471485e-05
2021-02-18,-0.0007202700795203854
2021-02-19,-0.0004924183671634791
2021-02-22,0.0001390977841787336
2021-02-23,0.0011730524718823597
2021-02-24,-0.010349176457310394
2021-02-25,-0.037993092267876186
2021-02-26,0.03358050980988392
2021-03-01,-0.0005807309010018942
2021-03-02,-4.207869280266674e-05
2021-03-03,-0.00023287929426701607
2021-03-04,-0.0003138433865512848
2021-03-05,0.000177078257332641
2021-03-08,-0.0003075431346588144
2021-03-09,0.00038868744937278353
2021-03-10,0.0001883788415757594
2021-03-11,0.00029508448891683316
2021-03-12,-0.00015988177428522218
2021-03-15,0.00011268732675395316
2021-03-16,-3.1832471950516166e-05
2021-03-17,0.000125004744852505
2021-03-18,-0.0005885397826878958
2021-03-19,0.00012087048765868127
2021-03-22,0.00014149819457544716
2021-03-23,-0.00027195247153582086
2021-03-24,-5.760813392992414e-05
2021-03-25,-0.0015595175873518484
2021-03-26,-0.003612361415846353
2021-03-29,-0.007162634824946955
2021-03-30,-0.0014738112750935406
2021-03-31,-0.003141014993179223
2021-04-01,-0.00020458903025210413
2021-04-05,0.00020315880152276588
2021-04-06,4.982010646523781e-05
2021-04-07,-4.90804576966195e-05
2021-04-08,0.00023717737772544056
2021-04-09,-3.801230275643491e-05
2021-04-12,-9.030955183825499e-05
2021-04-13,0.000276559545310026
2021-04-14,6.779479881008315e-05
2021-04-15,0.0004318170060819164
2021-04-16,0.00010764612002026775
2021-04-19,-9.392584394449196e-05
2021-04-20,-0.0003054011390057216
2021-04-21,0.0004800378169891664
2021-04-22,-0.0002938949823985047
2021-04-23,0.000501471118969439
2021-04-26,-0.0005070119546541797
2021-04-27,-0.0011612372397817768
2021-04-28,0.002564503761029376
2021-04-29,-0.004637467595079433
2021-04-30,0.002314312634351322
2021-05-03,-0.00032644118005280027
2021-05-04,-0.0005564160706668709
2021-05-05,0.00014535666930630634
2021-05-06,0.0005957307252648319
2021-05-07,0.0007851284402677079
2021-05-10,-0.000493499531254198
2021-05-11,-0.0002659727844638994
2021-05-12,-0.0013378512093858493
2021-05-13,0.00038345409690147565
2021-05-14,0.001094025038593425
2021-05-17,0.000257257176303451
2021-05-18,-8.922910865697722e-05
2021-05-19,-0.0006312929633186112
2021-05-20,0.0006938236947148911
2021-05-21,-9.219766329123701e-05
2021-05-24,0.001039473701528382
2021-05-25,-0.0004806629495633997
2021-05-26,-0.0014360849301341435
2021-05-27,-0.001698772124926836
2021-05-28,0.00018804130004693688
2021-06-01,0.00021492113393817527
2021-06-02,0.00033507547203134077
2021-06-03,-0.0010624123483695042
2021-06-04,0.0008195268227828027
2021-06-07,0.00032605011058810214
2021-06-08,5.400639380509545e-06
2021-06-09,-0.00023791147047446442
2021-06-10,0.0005552935295091076
2021-06-11,-0.00024823423817966865
2021-06-14,0.00012835949802007636
2021-06-15,-0.0003263451730320178
2021-06-16,-0.0011879952461107618
2021-06-17,-0.0012631597210055227
2021-06-18,-0.001415612075972138
2021-06-21,0.001556417893434521
2021-06-22,0.00018275827824085783
2021-06-23,1.4600147695401473e-05
2021-06-24,0.00048582180965465267
2021-06-25,0.0004065686816440534
2021-06-28,0.010252899937077046
2021-06-29,0.001637273702419173
2021-06-30,0.005504500992083253
2021-07-01,-0.0008163609336492316
2021-07-02,0.0006983555886131781
2021-07-06,-0.0012479470394318917
2021-07-07,-0.0003349505733671913
2021-07-08,-0.001063582490983646
2021-07-09,0.0019913587509737683
2021-07-12,0.0005022977618333605
2021-07-13,-0.0008438746278821011
2021-07-14,6.195929241517727e-05
2021-07-15,-0.0007251863789680672
2021-07-16,-0.0009184870014545376
2021-07-19,-0.0034237750762862846
2021-07-20,0.0021326480249997345
2021-07-21,0.0019086646914073162
2021-07-22,-6.6440597214629005e-06
2021-07-23,0.001118712613794523
2021-07-26,0.00023239764281436483
2021-07-27,-0.0013683924466464765
2021-07-28,0.0025644733864214624
2021-07-29,-0.0063823788065888705
2021-07-30,0.006121332396775083
2021-08-02,-0.0013237346881050155
2021-08-03,0.0007771020864747356
2021-08-04,-0.0009859787451280417
2021-08-05,0.0010678909855651056
2021-08-06,-0.00044975198005877727
2021-08-09,-0.0008212114126236927
2021-08-10,-5.054427110305567e-05
2021-08-11,0.0007661113772251795
2021-08-12,-6.073296992677372e-05
2021-08-13,0.00033426543568238984
2021-08-16,-0.0005761666780840791
2021-08-17,-0.0022441646810071017
2021-08-18,-0.001533990862000278
2021-08-19,-0.0012925748926046643
2021-08-20,0.00055926909556203
2021-08-23,0.002983868204025089
2021-08-24,0.0016526681303749467
2021-08-25,-0.004242968278854876
2021-08-26,0.0015473498288407492
2021-08-27,0.009144452274741026
2021-08-30,0.0060025592581113806
2021-08-31,-0.0060410323804530605
2021-09-01,-0.0004367088775618484
2021-09-02,0.0007574738070968652
2021-09-03,-0.00024094705390759972
2021-09-07,-0.00038413965226762774
2021-09-08,-0.0001263914201620747
2021-09-09,-0.0005247750691053769
2021-09-10,-0.000763393885708357
2021-09-13,0.0007665382001741715
2021-09-14,-0.001297994601353122
2021-09-15,0.0015759867429134284
2021-09-16,0.000448398671249614
2021-09-17,-0.0014552130689791242
2021-09-20,-0.0037460049526400283
2021-09-21,0.00038062484758977813
2021-09-22,0.0015821398788441506
2021-09-23,0.002749351517041401
2021-09-24,0.0036810216055293966
2021-09-27,0.00146331533183915
2021-09-28,-0.017437806929512554
2021-09-29,0.0028486140723115
2021-09-30,-0.002287480405679606
2021-10-01,-0.00014714519348455604
2021-10-04,-0.0013343411598668235
2021-10-05,0.0010020323179459902
2021-10-06,-0.0004931814591048306
2021-10-07,0.0015468982534295685
2021-10-08,-0.0005361193325517417
2021-10-11,-0.0006788344542723939
2021-10-12,-2.909573371992876e-05
2021-10-13,0.0012314148666885954
2021-10-14,0.0020627930316974665
2021-10-15,0.0012326287354238164
2021-10-18,-5.5359024217516166e-05
2021-10-19,0.0007593336773565061
2021-10-20,0.0005205086819804916
2021-10-21,-0.00017806101753437925
2021-10-22,-0.0003466160412606429
2021-10-25,-0.002951319315746981
2021-10-26,0.002575385917741063
2021-10-27,0.01825631550426013
2021-10-28,-0.013306287258267754
2021-10-29,-0.0008022448435159565
2021-11-01,-0.000638099917329647
2021-11-02,0.00015274204420758693
2021-11-03,0.0008254768333834545
2021-11-04,-2.0026884876800154e-05
2021-11-05,0.0005843752425003506
2021-11-08,0.0005219573381259358
2021-11-09,-0.00022873022341080826
2021-11-10,-0.0016592349037276534
2021-11-11,0.0004618442094062487
2021-11-12,0.000407974042633037
2021-11-15,-0.0002420472427409733
2021-11-16,-0.00012610388916636513
2021-11-17,-0.00043494048697724817
2021-11-18,0.00012859681428836132
2021-11-19,-0.001044577842614897
2021-11-22,-0.0010342877856838993
2021-11-23,-0.0024528775823648387
2021-11-24,0.0007050944000782878
2021-11-26,0.04451600291986296
2021-11-29,-0.009157983787514555
2021-11-30,0.012482275565134645
2021-12-01,-0.0016475044666908979
2021-12-02,0.0013534288435637543
2021-12-03,-0.0010721825385903785
2021-12-06,0.001272405667086543
2021-12-07,0.0016340662801524264
2021-12-08,0.0005395051094279172
2021-12-09,-0.0008687955374616027
2021-12-10,0.0002625450021080091
2021-12-13,-0.0009214863532467657
2021-12-14,-0.00031138752774155276
2021-12-15,0.0010929004191100643
2021-12-16,-0.0009697075508700764
2021-12-17,-0.0004488656793366157
2021-12-20,-0.0005608319237525627
2021-12-21,0.0017403158581082284
2021-12-22,0.000532355394262083
2021-12-23,0.0005997431222635068
2021-12-27,-0.0014375747839545825
2021-12-28,8.676465791501641e-05
2021-12-29,-0.010365955392583653
2021-12-30,0.0068873126332640085
2021-12-31,-0.0022966563445916883
2022-01-03,0.0009569071159054523
2022-01-04,-0.0003473829202465474
2022-01-05,-0.0015255890345203093
2022-01-06,0.0004367126831046876
2022-01-07,-0.0006758641858670317
2022-01-10,-0.0002935698274195196
2022-01-11,0.0002163149136816103
2022-01-12,-0.0006917038013498349
2022-01-13,-0.0011677143703874688
2022-01-14,0.0009364297173390399
2022-01-18,-0.0006987290431932709
2022-01-19,-0.0020899168573133616
2022-01-20,-0.001229603819007903
2022-01-21,-0.0013276628774011347
2022-01-24,0.0010364307025250642
2022-01-25,-0.005124923366954696
2022-01-26,0.006596872924996967
2022-01-27,0.0006914364790316923
2022-01-28,0.014506162430857904
2022-01-31,0.008545614235276076
2022-02-01,-0.0009296198199230278
2022-02-02,0.0005471636441278541
2022-02-03,-0.0012408165730562774
2022-02-04,0.0004932684849009849
2022-02-07,-0.0007597318329256975
2022-02-08,7.803113006584065e-06
2022-02-09,0.0009298323884540462
2022-02-10,-0.0007891336741245337
2022-02-11,-0.002012687945350119
2022-02-14,0.00044695312153445734
2022-02-15,0.0010575399673548893
2022-02-16,-0.0002982146534220611
2022-02-17,-0.0017826521915088145
2022-02-18,-0.00021406401853730792
2022-02-22,-0.0011464342170050504
2022-02-23,-0.0004091270255390269
2022-02-24,0.006547562282068127
2022-02-25,0.0022924921355859666
2022-02-28,0.015813185917489373
2022-03-01,-0.0003352042099056627
2022-03-02,0.0014003330820951897
2022-03-03,0.00053715665881856
2022-03-04,0.0019238932996499811
2022-03-07,0.001724718302724048
2022-03-08,0.0011867637856871976
2022-03-09,-0.0027170965846065724
2022-03-10,0.000760919041193943
2022-03-11,0.001299572391160863
2022-03-14,0.0007135564116674631
2022-03-15,-0.0014860126452402621
2022-03-16,-0.0019260789289503883
2022-03-17,0.0016069425066479715
2022-03-18,9.40040424229565e-05
2022-03-21,0.002563800325747457
2022-03-22,-0.0002268339357158683
2022-03-23,0.0012826727622050308
2022-03-24,8.583583102559188e-05
2022-03-25,-0.009450371917300337
2022-03-28,-0.002082456142898666
2022-03-29,0.005589685744540868
2022-03-30,0.01176196203864087
2022-03-31,0.008982721565529001
2022-04-01,-0.0016064362877774808
2022-04-04,0.0004573114879846412
2022-04-05,0.0031016359088838945
2022-04-06,0.0012234578266419253
2022-04-07,0.0008771608345672452
2022-04-08,0.001633392988198078
2022-04-11,0.0009538653936587614
2022-04-12,-2.728939361184778e-05
2022-04-13,-0.0010298954530440258
2022-04-14,0.0024333286843412037
2022-04-18,0.0015514719806855937
2022-04-19,0.001685917189824762
2022-04-20,-0.0018093359364828266
2022-04-21,0.0027050275277529286
2022-04-22,0.00014231581413656094
2022-04-25,-0.0006177623414769103
2022-04-26,0.004887884340936107
2022-04-27,-0.005232957108753466
2022-04-28,-0.002376377887278785
2022-04-29,-0.0035078375279081427
2022-05-02,-0.0007101657672025861
2022-05-03,-0.0010255147495174287
2022-05-04,-0.0031797659659837598
2022-05-05,0.006277916095357644
2022-05-06,0.0023815699399967693
2022-05-09,0.0012949319569853651
2022-05-10,-0.0017298755592682327
2022-05-11,0.0017889686442249244
2022-05-12,0.0009757739861396508
2022-05-13,-0.0016373299575987443
2022-05-16,-0.0002011144804072031
2022-05-17,-0.0022862904161399826
2022-05-18,0.002765232134015655
2022-05-19,-0.002226384211055885
2022-05-20,-0.0002727869557384093
2022-05-23,-0.0011285279668461958
2022-05-24,-0.015060531268280218
2022-05-25,-0.0003641596489879
2022-05-26,0.0036357515318703325
2022-05-27,0.008805229244840554
2022-05-31,-0.014290593270505468
2022-06-01,0.0002050879224153708
2022-06-02,-0.002409567361272587
2022-06-03,0.002089769751536456
2022-06-06,0.0011794797243711815
2022-06-07,-0.0014626151944162513
2022-06-08,0.0020605485784020447
2022-06-09,0.002921256871198047
2022-06-10,0.0031874042420145555
2022-06-13,0.008390072524716217
2022-06-14,0.001503753968108735
2022-06-15,-0.004738529094642331
2022-06-16,0.0018134778522507602
2022-06-17,-3.752499944420948e-05
2022-06-21,-0.0005442207698906719
2022-06-22,-0.0013389479545949032
2022-06-23,-0.0013842557901758406
2022-06-24,0.014654865838665623
2022-06-27,0.006181647278705567
2022-06-28,-0.005706600336832282
2022-06-29,0.002501700003060607
2022-06-30,-0.00021788484842263976
2022-07-01,-0.0022974282517932943
2022-07-05,-0.000359513965444503
2022-07-06,0.0009204517389082575
2022-07-07,-0.0005555788786969498
2022-07-08,0.0008239120828770058
2022-07-11,0.0013228359164963951
2022-07-12,-0.0005786942793793466
2022-07-13,-0.0006232286043171913
2022-07-14,0.0017878353948345674
2022-07-15,-0.0025885324557303148
2022-07-18,0.001151657848111029
2022-07-19,-0.002527051418703854
2022-07-20,-0.0002734301165817039
2022-07-21,-0.002835558996764478
2022-07-22,-0.0005747729980826744
2022-07-25,-0.002701232009294496
2022-07-26,0.005158771979330386
2022-07-27,-0.007382589086050009
2022-07-28,0.011705264356905259
2022-07-29,-0.005069890526354026
2022-08-01,-0.0014000225183778232
2022-08-02,0.0030578019797359774
2022-08-03,-0.002050458042794275
2022-08-04,-0.0012718219610597338
2022-08-05,0.002842114939012695
2022-08-08,-0.0016834701191464272
2022-08-09,0.0012047419967688554
2022-08-10,-0.002353510498355855
2022-08-11,0.0019523230677745823
2022-08-12,-0.0027813277824162794
2022-08-15,0.0010170672553540066
2022-08-16,0.0003436879459871206
2022-08-17,0.0026457844216808447
2022-08-18,0.0005887432364603878
2022-08-19,0.0038870689934156935
2022-08-22,0.0035290084158568326
2022-08-23,5.261580102543749e-06
2022-08-24,0.00029382167878728863
2022-08-25,-0.0036846374119905287
2022-08-26,0.01377560343210125
2022-08-29,-0.016692898727844612
2022-08-30,0.0030878467068191596
2022-08-31,-0.00912372163814476
2022-09-01,0.0009934581804648913
2022-09-02,0.00020780851323925424
2022-09-06,0.0021910777124265427
2022-09-07,-0.0034123470638834554
2022-09-08,0.0005961901578613029
2022-09-09,-0.001779816853032117
2022-09-12,-0.001316186328467429
2022-09-13,0.005426297143444148
2022-09-14,-0.00039055991204237723
2022-09-15,0.002136284344905495
2022-09-16,0.0005660452520277054
2022-09-19,-0.0001963247610613103
2022-09-20,0.002804016308342641
2022-09-21,0.0009957483071197529
2022-09-22,0.0031122381646693092
2022-09-23,0.003826749497148673
2022-09-26,0.00696657776690271
2022-09-27,0.0031441659513803816
2022-09-28,0.032648464137052226
2022-09-29,-0.006635014417523417
2022-09-30,-0.0034072214971666457
2022-10-03,-0.003961433287807106
2022-10-04,-0.0027606078800728002
2022-10-05,0.0017952077333896776
2022-10-06,0.001545752847549554
2022-10-07,0.002896008642267638
2022-10-10,0.0019645684780823947
2022-10-11,0.0004144695265504247
2022-10-12,0.00012155427490876655
2022-10-13,-0.0008876605246034308
2022-10-14,0.002531770423059807
2022-10-17,-0.002697456718771298
2022-10-18,-0.0008666652544645229
2022-10-19,0.0027948049569721032
2022-10-20,0.001121623406031705
2022-10-21,-0.002127299591998246
2022-10-24,0.0006759594497563399
2022-10-25,0.002789998676490699
2022-10-26,0.00923167102444473
2022-10-27,0.021527367323009347
2022-10-28,-0.02677295650622602
2022-10-31,-0.005963382032048294
2022-11-01,-0.0011575914320262042
2022-11-02,0.0017490286486949145
2022-11-03,0.0010278228957279682
2022-11-04,-0.0017275170660727374
2022-11-07,6.555660581860602e-05
2022-11-08,-0.0010153272893210484
2022-11-09,0.0012839210752845025
2022-11-10,-0.005415814349664894
2022-11-11,-0.0006997511277828656
2022-11-14,0.0009676870253180962
2022-11-15,-0.001135776530610933
2022-11-16,0.00013512764350996075
2022-11-17,0.0010109533865619532
2022-11-18,0.00035531016334941165
2022-11-21,0.0006021216268573999
2022-11-22,-0.0010551828708546894
2022-11-23,-0.0013593898544531776
2022-11-25,0.0001690648214416705
2022-11-28,0.001790946227661574
2022-11-29,-0.005741821054451834
2022-11-30,0.00878942486762244
2022-12-01,-0.002150974032308994
2022-12-02,-0.00044687381554128514
2022-12-05,0.002297859290241316
2022-12-06,0.00026463918483232685
2022-12-07,-0.0009066209017639824
2022-12-08,-0.00023153801829050845
2022-12-09,0.0011841579072083537
2022-12-12,3.12518598486438e-05
2022-12-13,-0.0015543892968431557
2022-12-14,0.00043167089143863444
2022-12-15,0.002024125193714132
2022-12-16,0.0009469278127127675
2022-12-19,0.0015220902020468545
2022-12-20,5.288016891253948e-05
2022-12-21,-0.0007382783835041698
2022-12-22,0.0013869109184102381
2022-12-23,0.005480131405735137
2022-12-27,0.006233918644591636
2022-12-28,-0.003391035734931617
2022-12-29,0.00481885969933124
2022-12-30,-0.0008988446251831159
2023-01-03,-0.001641908396183806
2023-01-04,-0.002222448669532231
2023-01-05,0.001281051822539959
2023-01-06,-0.003464949201293522
2023-01-09,-0.0005218272118573876
2023-01-10,0.000346288944982338
2023-01-11,-0.0015244563368675761
2023-01-12,-0.001966954940938743
2023-01-13,0.0006766046611528973
2023-01-17,0.0008903103017852939
2023-01-18,-0.0006444398534159745
2023-01-19,0.0005643027247640468
2023-01-20,-9.234071370519591e-05
2023-01-23,-0.0004013179590443607
2023-01-24,-0.0006951354087959922
2023-01-25,-0.00013998501169519117
2023-01-26,-0.002843404552692932
2023-01-27,-0.007298660711959392
2023-01-30,-0.008279419294812638
2023-01-31,0.014244254606331937
2023-02-01,-0.003458936837023322
2023-02-02,-0.001468253349912765
2023-02-03,0.0017246307035622397
2023-02-06,0.002119995366561765
2023-02-07,-0.0001763454919002503
2023-02-08,0.0008097979662554829
2023-02-09,0.0010242016983153415
2023-02-10,0.0016688842415277074
2023-02-13,-0.0014450865392718814
2023-02-14,0.0006249346205408243
2023-02-15,0.00017408618063707686
2023-02-16,0.0018766058766286967
2023-02-17,-3.364713123655785e-05
2023-02-21,0.003874722039688955
2023-02-22,0.0009625604178250836
2023-02-23,-0.0006365993553882304
2023-02-24,-0.01568630313047763
2023-02-27,0.007595658587624521
2023-02-28,0.006462898382720847
2023-03-01,-0.00040558039991028
2023-03-02,0.00015911065602224
2023-03-03,-0.0025438882903878247
2023-03-06,0.001004779630701341
2023-03-07,0.0029113030963828766
2023-03-08,0.0002457330211919435
2023-03-09,0.001372649282374892
2023-03-10,-0.0009684117065016806
2023-03-13,-0.0012233758199309392
2023-03-14,3.775502783668529e-05
2023-03-15,0.0005179862254249111
2023-03-16,-0.00044336463751656153
2023-03-17,-0.00017902010258742234
2023-03-20,-0.0005255965744290611
2023-03-21,-0.00031966240197610785
2023-03-22,-0.0005628426118010556
2023-03-23,-0.00046452830135369354
2023-03-24,7.855011925888984e-05
2023-03-27,0.016251750659274727
2023-03-28,-0.0012925519999396659
2023-03-29,0.004859009077126264
2023-03-30,0.0038337959438468103
2023-03-31,0.013366627926978611
2023-04-03,-0.0017951180263757766
2023-04-04,-0.0004170533024390795
2023-04-05,0.0005653006008784887
2023-04-06,-0.00012660864570615766
2023-04-10,0.001071334987659034
2023-04-11,-0.0004314160653203703
2023-04-12,2.8183426181722492e-06
2023-04-13,-0.0011732791940776994
2023-04-14,0.001836907808980639
2023-04-17,0.0008456646583395499
2023-04-18,-0.00025788515565590387
2023-04-19,0.0010397684845523383
2023-04-20,0.00028227027649742597
2023-04-21,0.0005311254380401031
2023-04-24,2.4738132437212245e-05
2023-04-25,0.005211322436057349
2023-04-26,-0.005901449199525923
2023-04-27,-0.01549663167146174
2023-04-28,0.010498876971719195
2023-05-01,0.0006359932030434464
2023-05-02,0.0009952097941224424
2023-05-03,0.0009385526231144058
2023-05-04,0.0012323190760913103
2023-05-05,-0.0023443409237207894
2023-05-08,0.0014465773013969637
2023-05-09,0.0010254345981764
2023-05-10,-0.0019281030435018905
2023-05-11,-0.0010174458552802243
2023-05-12,0.0015929772069006114
2023-05-15,0.00021645975647913902
2023-05-16,0.0018512690390175817
2023-05-17,-0.0016816552194959787
2023-05-18,-0.0003143634846029843
2023-05-19,0.0021055393109654795
2023-05-22,-0.0007673750862082522
2023-05-23,0.0007070227201198935
2023-05-24,0.0032110381464295385
2023-05-25,-0.009760598575325618
2023-05-26,-0.0012888790653951781
2023-05-30,0.025032367983290556
2023-05-31,0.014289405873614127
2023-06-01,-0.002158389436037401
2023-06-02,-0.0008372370145698837
2023-06-05,0.0007189612112407305
2023-06-06,-0.0006071654266031662
2023-06-07,0.0004944370980279026
2023-06-08,-0.0005197053370272261
2023-06-09,0.000773251775592813
2023-06-12,0.00010979049035821957
2023-06-13,-0.0003709336082694871
2023-06-14,-0.00024678578338223735
2023-06-15,-0.001793822222506971
2023-06-16,0.00076709818139094
2023-06-20,0.0005260704811433793
2023-06-21,-0.00030977183081836834
2023-06-22,0.0017097462001439488
2023-06-23,0.0013176808511561066
2023-06-26,0.005975013448832008
2023-06-27,-0.015435545307445722
2023-06-28,0.010246124526591566
2023-06-29,-0.033068856849155066
2023-06-30,-0.003689389854783223
2023-07-03,-0.0004243013714173363
2023-07-05,0.00026317259803445534
2023-07-06,0.0004110909109789931
2023-07-07,0.0009490465529084925
2023-07-10,0.00034997228119153223
2023-07-11,0.000315279365284789
2023-07-12,0.0007992487581266088
2023-07-13,0.0005035969159177887
2023-07-14,0.0005107907695086901
2023-07-17,0.0006622095627079203
2023-07-18,0.001104983119558461
2023-07-19,-0.0006354335500793313
2023-07-20,-0.0004540190056797329
2023-07-21,-0.00018798409049799317
2023-07-24,-0.0006611109355687578
2023-07-25,-0.0003885469118832973
2023-07-26,0.0014186835975030583
2023-07-27,-0.021692896383515098
2023-07-28,0.004870202609062649
2023-07-31,0.0016257326529743195
2023-08-01,-0.00017214004134014335
2023-08-02,-0.0008795285251878646
2023-08-03,0.001379775131457407
2023-08-04,-0.001185505847721926
2023-08-07,0.00044941001265252076
2023-08-08,-0.0013644403148221473
2023-08-09,-0.0006401729313525702
2023-08-10,0.001432664074278785
2023-08-11,7.752276056925754e-05
2023-08-14,0.0005288720106425323
2023-08-15,-2.703463833547348e-05
2023-08-16,-1.6737695287535404e-05
2023-08-17,0.00014396860247545967
2023-08-18,-0.0004180574216030336
2023-08-21,0.0023384133841267783
2023-08-22,-0.0005341420454404334
2023-08-23,-0.0001274995204452567
2023-08-24,-0.0007576583920572153
2023-08-25,0.0019963482417203506
2023-08-28,0.0014604249963259882
2023-08-29,0.01849018426489641
2023-08-30,0.0009260026096476241
2023-08-31,0.0020906293600054834
2023-09-01,-0.00023963992678943707
2023-09-05,0.00032605385546843543
2023-09-06,-0.0004907136308884689
2023-09-07,-0.0004278276759301438
2023-09-08,-7.120710678692132e-05
2023-09-11,0.0015515465675186766
2023-09-12,-0.0010818171107591374
2023-09-13,0.00031125609537791985
2023-09-14,-3.605214962510415e-05
2023-09-15,0.000748980273901493
2023-09-18,0.0007794897391464337
2023-09-19,0.0009462064303068852
2023-09-20,6.5106636841125946e-06
2023-09-21,0.0017888227468299892
2023-09-22,-0.0007077029148019733
2023-09-25,0.004611049693502338
2023-09-26,-0.003358962159846413
2023-09-27,-0.00623332722156104
2023-09-28,0.0041851715538542885
2023-09-29,-0.0008275544452400372
2023-10-02,-0.0008144880767879777
2023-10-03,-8.801618110044633e-06
2023-10-04,0.000554100726875452
2023-10-05,0.0007984558067735001
2023-10-06,0.003153998693393351
2023-10-09,-0.0011863346995262198
2023-10-10,0.0014987564056803517
2023-10-11,-0.0002851243962879815
2023-10-12,5.5204626039305975e-05
2023-10-13,-0.0011673208107891907
2023-10-16,0.002529155980384821
2023-10-17,0.001646776040100337
2023-10-18,-0.0007251206919741966
2023-10-19,0.0008511102045813991
2023-10-20,-0.0013907629865916875
2023-10-23,-0.0002375614601511977
2023-10-24,0.0007467232654732377
2023-10-25,-0.00035585965458817797
2023-10-26,-0.002858945792392835
2023-10-27,0.004001364554034072
2023-10-30,-0.010330291013599464
2023-10-31,-0.008055975750148017
2023-11-01,-0.00242058060759083
2023-11-02,-0.0016128182494416078
2023-11-03,7.041208898142737e-05
2023-11-06,0.0021666664273348323
2023-11-07,-0.0007844229513136891
2023-11-08,-0.0010760312132161915
2023-11-09,0.0034224339493036052
2023-11-10,-0.000613996632406057
2023-11-13,0.0006089468474093937
2023-11-14,-0.0008261250242391406
2023-11-15,0.002627707611071546
2023-11-16,0.0006683318166417402
2023-11-17,-0.0002456945043714263
2023-11-20,-0.00024608428118735783
2023-11-21,0.0007428801373145812
2023-11-22,-0.0007784152453558578
2023-11-24,-0.0028032161882653546
2023-11-27,0.008499536785981367
2023-11-28,0.01125648241963517
2023-11-29,0.013374172934861144
2023-11-30,-0.01579724065798859
2023-12-01,-0.0011126148069614526
2023-12-04,-0.00211230074652554
2023-12-05,-0.0014448598074645372
2023-12-06,-0.00012366992663555033
2023-12-07,0.0015718214684467711
2023-12-08,-0.00048679497524239723
2023-12-11,0.00033607131232711373
2023-12-12,0.0010396314160031391
2023-12-13,0.00042605164931384975
2023-12-14,-0.0014654077576352804
2023-12-15,-0.0009241395347950197
2023-12-18,0.001471389073259039
2023-12-19,0.0010649183596334124
2023-12-20,-0.002142674260844582
2023-12-21,0.003445625936590913
2023-12-22,0.0005825687601394235
2023-12-26,0.0010934469108028644
2023-12-27,0.00824972365169977
2023-12-28,-0.004176874202272303
2023-12-29,-0.002568290237467466
2024-01-02,-0.0012081887479108322
2024-01-03,-0.002477499530877584
2024-01-04,0.0003848918568282229
2024-01-05,0.00039888883558193103
2024-01-08,0.0027266598687633215
2024-01-09,-0.0006605857360287243
2024-01-10,0.001315600577816476
2024-01-11,-0.0003096928382493456
2024-01-12,0.00019164490271755095
2024-01-16,-0.001888656876579551
2024-01-17,-0.001604785383988907
2024-01-18,0.0018054978738430915
2024-01-19,0.002595216469833373
2024-01-22,0.0007069278236375682
2024-01-23,0.00022055625518314806
2024-01-24,0.0004041856488338834
2024-01-25,0.0003320721420896081
2024-01-26,-0.0007899002631676751
2024-01-29,0.015734187468616836
2024-01-30,0.0036892390116405743
2024-01-31,0.03150141841399726
2024-02-01,-0.0004371597648492615
2024-02-02,0.0028272796943290676
2024-02-05,0.0015582836384537128
2024-02-06,-0.0009478203707092056
2024-02-07,0.0010394340770638517
2024-02-08,0.00011907053437942217
2024-02-09,0.00045521093504917074
2024-02-12,-0.0005171865948084818
2024-02-13,0.001813966187673046
2024-02-14,-0.00019919028226411922
2024-02-15,-0.0006561752741063552
2024-02-16,0.00019454417568796046
2024-02-20,0.000479339975448227
2024-02-21,0.0003600654609423855
2024-02-22,0.0017938636007072482
2024-02-23,0.0026434090531692804
2024-02-26,0.001366065886229987
2024-02-27,-0.008315162561211868
2024-02-28,0.010675728287741751
2024-02-29,0.0031835897108844083
2024-03-01,0.0003765904525557622
2024-03-04,0.0006378478007754032
2024-03-05,-0.0007937521346283412
2024-03-06,0.00144655922204359
2024-03-07,0.001754827717716853
2024-03-08,-0.00025193892892837026
2024-03-11,-1.6878582330095152e-05
2024-03-12,0.0011416816773134396
2024-03-13,0.0006064547382131601
2024-03-14,-0.0003299841820603913
2024-03-15,-0.00027026361868106246
2024-03-18,0.0003687764003209966
2024-03-19,0.0002694836161513178
2024-03-20,0.0023357635758135663
2024-03-21,-0.00040427853363996625
2024-03-22,0.0019611826715648685
2024-03-25,-0.0002327545167393945
2024-03-26,0.0027561167234929273
2024-03-27,0.005256813106428801
2024-03-28,-0.002157203461421967
2024-04-01,0.00013761429684986098
2024-04-02,9.076639772407665e-06
2024-04-03,0.000751705598287757
2024-04-04,-0.0024274476947311174
2024-04-05,0.003180984417394258
2024-04-08,0.0015803221153557823
2024-04-09,0.0006267588902082472
2024-04-10,-0.00038913345196491753
2024-04-11,0.002797993522838066
2024-04-12,-0.0035420889763764568
2024-04-15,0.0008600413084033014
2024-04-16,-0.0005787127565570647
2024-04-17,-0.0018671633315579727
2024-04-18,0.0009159666033768605
2024-04-19,-0.0006926324734353581
2024-04-22,0.0005325765695642184
2024-04-23,0.0018214909372334148
2024-04-24,0.0018665113481649727
2024-04-25,0.0007053479986609109
2024-04-26,0.008870902103201338
2024-04-29,0.011230104467375965
2024-04-30,-0.018070881191604687
2024-05-01,-0.0008130661086179727
2024-05-02,0.0007052749911516389
2024-05-03,0.0004943426177853412
2024-05-06,0.0004542505013850433
2024-05-07,-0.00010064727180848218
2024-05-08,0.0007394961591003361
2024-05-09,-0.0005123271313813584
2024-05-10,0.001251892759221428
2024-05-13,-0.00034732880070961276
2024-05-14,0.0005322788358297061
2024-05-15,-0.00036026882807980407
2024-05-16,-4.0868857000942165e-05
2024-05-17,0.00023750842143101732
2024-05-20,0.0005403343083544728
2024-05-21,-0.0005985132787348889
2024-05-22,0.0004277553118263526
2024-05-23,0.0003622633666997963
2024-05-24,-0.0021508681182635324
2024-05-28,-0.005299659238168916
2024-05-29,-0.014045683660174913
2024-05-30,0.017294719612248016
2024-05-31,0.010506591005337114
2024-06-03,-0.002035983934371138
2024-06-04,-0.0014876435931424205
2024-06-05,0.0015382362078861735
2024-06-06,0.0009626222032972462
2024-06-07,-0.00024804923005682577
2024-06-10,0.0017126769825804781
2024-06-11,-0.0008135322893878668
2024-06-12,0.0010139177535003396
2024-06-13,-0.0012925434479889861
2024-06-14,-0.00029662023287566763
2024-06-17,0.001524801840828616
2024-06-18,0.00027380933120138296
2024-06-20,0.001019540930598387
2024-06-21,-0.0006653799520087388
2024-06-24,0.0009299012573832856
2024-06-25,-0.0009344629644482884
2024-06-26,-0.009261887899471747
2024-06-27,0.0035162078407367514
2024-06-28,-0.006176698013515073
2024-07-01,0.0013573457947417139
2024-07-02,0.00033286207964322643
2024-07-03,0.0005920520059468674
2024-07-05,0.00040594208163478705
2024-07-08,-0.0003313239237071522
2024-07-09,0.0003183664308288961
2024-07-10,0.0014970750327630063
2024-07-11,0.0005179272340242205
2024-07-12,0.0005345792269022091
2024-07-15,0.0010455586087554968
2024-07-16,0.00147199479231609
2024-07-17,-0.0027501419916484667
2024-07-18,-0.0011432348284201523
2024-07-19,-0.0011358396881149381
2024-07-22,0.002761845908892268
2024-07-23,-0.0001975065062917466
2024-07-24,-0.0029573893852745258
2024-07-25,-0.0012738829984198453
2024-07-26,0.0012335027664072964
2024-07-29,0.0034105855219611313
2024-07-30,0.006733065903931157
2024-07-31,0.025384007104935078
2024-08-01,-0.0034925742154046637
2024-08-02,-0.0032906355336176853
2024-08-05,-0.004183996135591535
2024-08-06,0.0026780316132407555
2024-08-07,-0.000313150490399052
2024-08-08,0.0030650662567617724
2024-08-09,-0.00012401669994082244
2024-08-12,-0.0003327233100036141
2024-08-13,0.0018366647972204938
2024-08-14,0.0006126047469251974
2024-08-15,0.0026812892283704926
2024-08-16,0.0008859503671711177
2024-08-19,0.0011729909378826774
2024-08-20,-0.0008062314616617861
2024-08-21,0.0008395452726475479
2024-08-22,-2.6023607366751285e-05
2024-08-23,0.0013956706942501401
2024-08-26,-0.00022547400635246391
2024-08-27,0.00047425417552700397
2024-08-28,-0.0018256573182143774
2024-08-29,-0.001542209524488955
2024-08-30,-0.0016442925789493371
2024-09-03,-0.0031746897400706606
2024-09-04,0.0010371817416056383
2024-09-05,0.0007789610932017402
2024-09-06,-0.0014900438501526997
2024-09-09,0.0013570242221401677
2024-09-10,0.0009445877546283977
2024-09-11,0.0007935062292483252
2024-09-12,0.0015228109117986896
2024-09-13,0.0019066050342097496
2024-09-16,0.0009714426134698735
2024-09-17,-0.000383840877399535
2024-09-18,-0.0007108339382164015
2024-09-19,0.002764284787101761
2024-09-20,-4.7419236966079234e-05
2024-09-23,0.0002338601999812519
2024-09-24,0.002002666667338253
2024-09-25,-0.0008959934579645375
2024-09-26,-0.0023368284647666726
2024-09-27,0.012709630988724576
2024-09-30,-0.00990401740454886
2024-10-01,-0.001356635739805535
2024-10-02,-0.0002754276523242366
2024-10-03,-0.001623763825521768
2024-10-04,-0.000872703861553463
2024-10-07,-0.0014848275122609942
2024-10-08,0.0005341574670395501
2024-10-09,-0.0003584216510557622
2024-10-10,-0.00017402440739878859
2024-10-11,0.00116314114162253
2024-10-14,0.0004543572965503588
2024-10-15,0.0006354539586957424
2024-10-16,0.0011884958879855628
2024-10-17,-0.0012760521240523259
2024-10-18,0.0018232185846198967
2024-10-21,-0.0028505707869106054
2024-10-22,3.971182426568167e-05
2024-10-23,-0.0017013113983662276
2024-10-24,0.0013907834279412304
2024-10-25,-0.004309105338451359
2024-10-28,-0.00392401281243137
2024-10-29,-0.0002500351099527187
2024-10-30,-0.0044674915412926015
2024-10-31,0.003843318181084041
2024-11-01,-0.0018745921789403363
2024-11-04,0.001661656855107672
2024-11-05,0.0023485958363728974
2024-11-06,-0.002480306321070392
2024-11-07,0.004116433721599378
2024-11-08,0.0004576799519420412
2024-11-11,-0.001301312999507424
2024-11-12,-0.0034633546105759805
2024-11-13,-0.0014072909790999036
2024-11-14,-0.0008585782388527037
2024-11-15,-0.0008446476115101808
2024-11-18,0.002059196443676711
2024-11-19,0.0013588549382408666
2024-11-20,-0.0006478588417150776
2024-11-21,0.00034735457127162595
2024-11-22,-0.0017578686720134593
2024-11-25,0.023169347762746897
2024-11-26,-0.011358040039019923
2024-11-27,0.014956185231443042
2024-11-29,0.010272100604641577
2024-12-02,-0.0015858684677858789
2024-12-03,-3.89106674590083e-05
2024-12-04,0.0014038211463857594
2024-12-05,-0.00046988578273858843
2024-12-06,0.0006486050001352715
2024-12-09,0.00011153045639833805
2024-12-10,-0.0006606428178938595
2024-12-11,0.0007482092501982117
2024-12-12,-0.0019327453886529098
2024-12-13,-0.0011409976645603715
2024-12-16,0.0006264809363151079
2024-12-17,-0.0005992668925389305
2024-12-18,-0.006430102647559256
2024-12-19,-0.0013347207333997127
2024-12-20,0.0021684523101848647
2024-12-23,0.00040321088333925643
2024-12-24,0.00104583878864326
2024-12-26,0.0009162837394984494
2024-12-27,-0.011871403388643073
2024-12-30,0.01999521181596406
2024-12-31,-0.006738530082877358
2025-01-02,0.0005476826683208359
2025-01-03,0.001327887291598722
2025-01-06,0.0008224537295576945
2025-01-07,0.00027888563023040187
2025-01-08,6.736579975980649e-05
2025-01-10,0.000326270833103942
2025-01-13,-0.0005187669567661069
2025-01-14,0.00028773666285968687
2025-01-15,-0.00014483853431741404
2025-01-16,-0.0008049760696612282
2025-01-17,0.0009758360914812784
2025-01-21,-0.000576197617041425
2025-01-22,0.00187811127677628
2025-01-23,0.0004896181625139336
2025-01-24,-0.0008989333792858876
2025-01-27,0.010738582391511375
2025-01-28,-0.0026339671632565932
2025-01-29,-0.0024794685608210973
2025-01-30,0.004669603981060231
2025-01-31,-0.0029243294942832374
2025-02-03,-0.0012624631415636526
2025-02-04,0.0013867331018503762
2025-02-05,2.4354875328193992e-05
2025-02-06,0.0007482782462264301
2025-02-07,-0.0003319175433356096
2025-02-10,0.00172076986446471
2025-02-11,1.3993732639122614e-05
2025-02-12,0.002194454164044524
2025-02-13,-4.1069656775998003e-05
2025-02-14,-0.001014755513285985
2025-02-18,0.0026870566909472852
2025-02-19,-0.0008403798696203625
2025-02-20,-0.0007264143628332501
2025-02-21,-0.0031871819092109638
2025-02-24,6.74597256442902e-05
2025-02-25,0.0011488825583278889
2025-02-26,0.007995207869583448
2025-02-27,-0.004090492800810985
2025-02-28,0.015788701585710434
2025-03-03,-0.0008606280382556716
2025-03-04,-0.0008521588098758617
2025-03-05,0.0015490371018817624
2025-03-06,-0.002324468826808188
2025-03-07,0.00042993019687666387
2025-03-10,-0.002867778301389036
2025-03-11,-0.0007348929257794594
2025-03-12,0.0008957777962028627
2025-03-13,-0.0006704771431024882
2025-03-14,0.0026804602437162078
2025-03-17,0.0017436086549840798
2025-03-18,-0.00043383531366264337
2025-03-19,0.0023664110160282266
2025-03-20,-0.0007835581474721521
2025-03-21,-0.0008373718328689305
2025-03-24,0.001492920774212566
2025-03-25,-0.0012465280464234905
2025-03-26,-0.005611377343962474
2025-03-27,-0.003009008731917211
2025-03-28,3.822242690896437e-05
2025-03-31,0.006217381581049069
2025-04-01,-0.0009969298863836645
2025-04-02,-0.00017345993853059086
2025-04-03,-0.006756527714778896
2025-04-04,-0.011002949166624554
2025-04-07,-0.0009438349660755923
2025-04-08,0.0008244898693741305
2025-04-09,0.013807416588658514
2025-04-10,-0.0032250050933767603
2025-04-11,0.0036689119360645986
2025-04-14,0.0009094604447102499
2025-04-15,0.0005844966606526583
2025-04-16,-0.0016541481622352368
2025-04-17,0.0018760605128654564
2025-04-21,0.0003573953626645509
2025-04-22,0.0023797992555662276
2025-04-23,0.002278600332888787
2025-04-24,-1.6924291757634195e-05
2025-04-25,-0.004291704804773322
2025-04-28,0.003862661425623693
2025-04-29,0.005363949437420626
2025-04-30,0.002405081659967313
2025-05-01,-0.002140330163585031
2025-05-02,-9.40047177680637e-05
2025-05-05,0.0008602252068132569
2025-05-06,0.0013533368874170527
2025-05-07,-0.0003472092588400712
2025-05-08,-0.002782149285238507
2025-05-09,0.0009691617276569131
2025-05-12,-0.00138500159260544
2025-05-13,0.0006277707531487044
2025-05-14,-0.0017752786992198395
2025-05-15,0.0032540934301874993
2025-05-16,0.0003140252027842283
2025-05-19,0.0011307298135992266
2025-05-20,4.0725141812799595e-05
2025-05-21,-0.002607574757259241
2025-05-22,0.0005658243796448426
2025-05-23,0.012288271128695086
2025-05-27,0.0011893358366709854
2025-05-28,-0.008808347528802697
2025-05-29,0.013189953179582986
2025-05-30,0.010003795771958012
2025-06-02,-0.0006456938772707106
2025-06-03,-0.0009090907158057558
2025-06-04,0.0024290247011431753
2025-06-05,-0.002132182757168853
2025-06-06,-0.001967406981297603
2025-06-09,0.0005773909786412457
2025-06-10,0.0011341918115689428
2025-06-11,0.0006887490060991272
2025-06-12,0.0022540089655822214
2025-06-13,-0.002761065169395686
2025-06-16,0.0003529797651207805
2025-06-17,-0.0019845849060405735
2025-06-18,0.00033441936877935636
2025-06-20,0.0005779682300709213
2025-06-23,0.003619269672099257
2025-06-24,0.0037301159862181115
2025-06-25,-0.00047127459677237955
2025-06-26,0.011339307825921841
2025-06-27,-0.009487027696828786
2025-06-30,0.014509190227528055
2025-07-01,-0.0009686334694603007
2025-07-02,0.0006492615862998767
2025-07-03,0.00014980249653749944
2025-07-07,-0.0012354746047085199
2025-07-08,-0.00017441418689689422
2025-07-09,0.001113503991181571
2025-07-10,0.000548362189920849
2025-07-11,-0.0003481680122831243
2025-07-14,0.00034297244336406636
2025-07-15,-0.0014038719688197112
2025-07-16,0.001445233399041094
2025-07-17,0.000522357010489544
2025-07-18,0.00036313908138381674
2025-07-21,0.0017273078933333478
2025-07-22,0.0014508235224354423
2025-07-23,0.0006375460829408751
2025-07-24,-0.0007971587328288353
2025-07-25,-0.00025292112508881986
2025-07-28,-0.0043577080202096205
2025-07-29,0.02167289755619393
2025-07-30,-0.01303635687748869
2025-07-31,0.003330228002338757
2025-08-01,-0.00030729470745754085
2025-08-04,0.0011114112106669254
2025-08-05,-0.00022993437091515043
2025-08-06,0.001065250066514536
2025-08-07,0.0007636224605312039
2025-08-08,0.0006426189149777538
2025-08-11,-0.00039988183056578996
2025-08-12,0.0008763781054225665
2025-08-13,0.0006768990420976599
2025-08-14,-0.00027485083064773493
2025-08-15,0.0002963122168425187
2025-08-18,0.00015053613445231657
2025-08-19,-0.001186810731127417
2025-08-20,0.0004550827860552334
2025-08-21,-0.0003166827756167413
2025-08-22,0.0022762972886667776
2025-08-25,-0.000755573409464061
2025-08-26,0.00044392869378699103
2025-08-27,0.0024603279396730356
2025-08-28,0.004696908283942277
2025-08-29,-0.002191718448773611
2025-09-02,-0.00017648014052814076
2025-09-03,6.995651332976867e-05
2025-09-04,-0.0002205093107123548
2025-09-05,-0.0004006608532394952
2025-09-08,0.0005967901126669077
2025-09-09,0.00039550082887429246
2025-09-10,0.0001643543265083405
2025-09-11,0.0006411941344938654
2025-09-12,0.000640533536653723
2025-09-15,0.0013193475204024015
2025-09-16,0.0005056690115478695
2025-09-17,-0.0003223314152068196
2025-09-18,0.001452635795720788
2025-09-19,0.0007739814451681409
2025-09-22,0.0019850472436086656
2025-09-23,-0.000758197640760086
2025-09-24,-0.0020123396703773107
2025-09-25,0.0003159464053158011
2025-09-26,-0.004955620860544614
2025-09-29,0.008469757323723506
2025-09-30,-0.0028978644750287663
2025-10-01,-0.0007390666306321401
2025-10-02,-2.1871274904208766e-05
2025-10-03,0.0010513892141621206
2025-10-06,0.00200087792056214
2025-10-07,-0.0013784008367239199
2025-10-08,0.0015497470007975816
2025-10-09,-0.0011843548087967653
2025-10-10,-0.004615068070601788
2025-10-13,0.0037009107436355763
2025-10-14,-0.000514428805111165
2025-10-15,0.002235019994959215
2025-10-16,-0.0004113017047171061
2025-10-17,-0.0001095450484945507
2025-10-20,0.00237527383456718
2025-10-21,-0.003869502833305665
2025-10-22,-0.000508042260237989
2025-10-23,0.0026005388970549246
2025-10-24,0.0010694165665177254
2025-10-27,0.0015713939857964025
2025-10-28,0.00027672683633474064
2025-10-29,-0.021357236890269606
2025-10-30,-0.005953104927098293
2025-10-31,0.0013071556480790203
2025-11-03,-0.0006650201541495684
2025-11-04,-0.0015942070033864138
2025-11-05,0.0005695254791000527
2025-11-06,-6.6345294571659805e-06
2025-11-07,0.0001554036221019668
2025-11-10,0.002365872000276226
2025-11-11,0.0010398846142003545
2025-11-12,0.00022489386330478607
2025-11-13,-0.0020372164506999827
2025-11-14,-0.0005411331333674477
2025-11-17,-0.0012741502129496652
2025-11-18,-0.00022796474136178044
2025-11-19,-0.00012031937572912283
2025-11-20,-0.0016881614314186917
2025-11-21,0.0013706570062019612
2025-11-24,0.007923067361232744
2025-11-25,0.006491204777677317
2025-11-26,0.004849481864466054
2025-11-28,0.0010783530606917786
2025-12-01,-0.0015065705923743649
2025-12-02,0.0006920096473113013
2025-12-03,0.0010143763569054464
2025-12-04,-0.0004969162924896749
2025-12-05,0.0006626109104522721
2025-12-08,-0.0012093781935147104
2025-12-09,-7.366280422109656e-05
2025-12-10,0.0026513011426203127
2025-12-11,0.00038065676367298086
2025-12-12,-0.0020634734201884736
2025-12-15,0.0005191752760888395
2025-12-16,5.555409084393878e-05
2025-12-17,-0.0003269022532346342
2025-12-18,0.0017050053645720881
2025-12-19,0.0008261022975078838
2025-12-22,0.0015437472238035268
2025-12-23,0.002285097365928595
2025-12-24,0.001757954371051815
2025-12-26,0.00261296820058159
2025-12-29,0.0027752587255422956
2025-12-30,-0.0033170680329484077
2025-12-31,-0.011858003178473152
2026-01-02,-0.0003162198537791732
2026-01-05,0.0027776563106995528
2026-01-06,0.0006171960189782491
2026-01-07,-0.00010410433575928834
2026-01-08,-0.0006158121326212765
2026-01-09,0.0016003042094882515
2026-01-12,0.0012971386976452952
2026-01-13,6.361949624927585e-05
2026-01-14,0.0011232486618947004
2026-01-15,-0.000678690614746236
2026-01-16,-0.0012981314443816954
2026-01-20,-0.0011373817639191066
2026-01-21,0.003094306662080868
2026-01-22,0.0019353442754893634
2026-01-23,0.002133161879220852
2026-01-26,0.001346539506071865
2026-01-27,3.445727040830592e-05
2026-01-28,-0.003803046828862113
2026-01-29,0.003746561243723797
2026-01-30,-0.006337568577659107
2026-02-02,-0.0022308493778535827
2026-02-03,0.0011778520447491914
2026-02-04,-0.0005741607011882006
2026-02-05,-0.002021385378555343
2026-02-06,0.004369709829803611
2026-02-09,0.002491421514033763
2026-02-10,0.00018867010280547
2026-02-11,0.0005005162587062816
2026-02-12,-0.002070772783131703
2026-02-13,0.0019026832285941122
2026-02-17,-0.0009075224024129044
2026-02-18,0.000863441874728865
2026-02-19,0.00020071495384738026
2026-02-20,0.0021986808368424926
2026-02-23,-0.01595997692699282
2026-02-24,0.00653897588149613
2026-02-25,-0.00011256535202388781
2026-02-26,0.002855344288520221
2026-02-27,0.0054096173532915065
2026-03-02,-0.001535731834030692
2026-03-03,-0.0035164376297637857
2026-03-04,0.001741550483699764
2026-03-05,-0.0025508468631965492
2026-03-06,-0.0013563316803784937
2026-03-09,0.002558013071304319
2026-03-10,-0.0003856560940269091
2026-03-11,-0.001205386143458729
2026-03-12,-0.0038460555545678098
2026-03-13,-0.0019355325542980326
2026-03-16,0.0032685474291133873
2026-03-17,0.0023961702578849053
2026-03-18,-0.004073435380361764
2026-03-19,0.00017366019930955038
2026-03-20,-0.007238063355298152
2026-03-23,0.0033819449844434742
2026-03-24,-0.0016603252159520098
2026-03-25,-0.0012192436818766715
2026-03-26,-0.003869179273334915
2026-03-27,-0.00535965507751306
2026-03-30,0.016677399719033092
2026-03-31,0.013131546629309807
2026-04-01,-0.000397036291970166
2026-04-02,-0.0004869685410054207
2026-04-06,0.0006352781117692389
2026-04-07,0.0004495802077671302
2026-04-08,0.0035149404147572917
2026-04-09,0.000606807133125181
2026-04-10,-0.0003923112525668435
2026-04-13,0.0015246270395033925
2026-04-14,0.001861540777128419
2026-04-15,0.0005636255123196662
2026-04-16,-6.70551376574275e-05
2026-04-17,0.0014510340426343664
2026-04-20,-0.00011665054532557643
2026-04-21,-0.0013449579792557788
2026-04-22,0.0019184527221109673
2026-04-23,-0.0014735455804895032
2026-04-24,-0.0019811090643397956
2026-04-27,-0.007650641669223073
2026-04-28,-0.0026187732369098043
2026-04-29,-0.015633177317961468
2026-04-30,0.0018767881173270826
2026-05-01,-0.001186295722953006
2026-05-04,-0.00032264311661849216
2026-05-05,0.0011865689547279367
2026-05-06,0.0020235200884570087
2026-05-07,-0.0006846581612556803
2026-05-08,0.0012133246828062514
2026-05-11,0.0009788808035135115
2026-05-12,-0.00021889539210666662
2026-05-13,0.00046597126115096926
2026-05-14,-0.00015516174266879784
2026-05-15,-0.0017761095567238848
2026-05-18,0.0007538778952908042
2026-05-19,-0.00047519061880900296
2026-05-20,0.00166202471693505
2026-05-21,0.0005343029994225296
2026-05-22,-0.0013206392791688757
2026-05-26,0.0030908799348941802
2026-05-27,-0.00021381035736050974
2026-05-28,0.0042725177044500426
2026-05-29,0.001903349756606612
2026-06-01,-0.000602697014969466
2026-06-02,0.0007389723300776893
2026-06-03,-0.0013865146496891893
2026-06-04,0.0009542425351250297
2026-06-05,-0.004872348410022003
2026-06-08,0.00030599658802750505
2026-06-09,0.0004907247569976292
2026-06-10,-0.001950099311722449
2026-06-11,0.004466458692683163
2026-06-12,0.00043637358754854355
2026-06-15,0.0018067784407338806
2026-06-16,-0.0002252443130324304
2026-06-17,-0.003172232527203479
2026-06-18,0.001930514561270871
2026-06-22,-0.0008528749294009075
2026-06-23,-0.0022109051773431107
2026-06-24,-0.002547069503596708
2026-06-25,0.0013625764825649
2026-06-26,0.0054497239351182164
2026-06-29,0.003156771794575374
2026-06-30,-0.01548134732604947
2026-07-01,-0.0019924919183156964
2026-07-02,0.00030128101091495604
2026-07-06,0.0015299943248252555
2026-07-07,-0.00017475731537913843
2026-07-08,-0.0005757839533537912
2026-07-09,0.0011615653985793516
2026-07-10,0.00018055716966439405
2026-07-13,-0.0007127796169703705
2026-07-14,0.0010304064206504656
2026-07-15,0.00011056332901915048
2026-07-16,-0.0006654775071645713
2026-07-17,-0.0010623062903252665
2026-07-20,0.0006159757192231085
2026-07-21,0.0033057684706155914
2026-07-22,0.00021458645586366987
2026-07-23,-0.0012065562486494293
2026-07-24,7.85346314401151e-05
2026-07-27,-7.143515146337324e-05
2026-07-28,-0.001149384499074894
2026-07-29,-0.015843182574387295
2026-07-30,0.002219024215078365
2026-07-31,-0.009877159528762829
2026-08-03,-0.00020805863703623185
2026-08-04,0.0009293158767005767
2026-08-05,0.0005210214077199713
2026-08-06,0.0008498857437829925
2026-08-07,0.0009804427916545661
2026-08-10,0.0017470975708275345
2026-08-11,-0.0003695796780429605
2026-08-12,0.0013848502006009065
2026-08-13,-0.00047078734875264326
2026-08-14,0.00116784875867038
2026-08-17,0.0013071953839523423
2026-08-18,-0.0025828174412141224
2026-08-19,-0.000750812476499302
2026-08-20,0.0009104848372181553
2026-08-21,0.0022704115477490618
2026-08-24,-0.0009678753556751419
2026-08-25,0.002874717212764112
2026-08-26,-0.002173774501053367
2026-08-27,-0.005471126911854889
2026-08-28,-0.013485767316443466
2026-08-31,-0.003478760481157728
2026-09-01,-0.0014107604727458653
2026-09-02,0.0005676165140857138
2026-09-03,0.0010042978441838232
2026-09-04,5.731369197671085e-05
2026-09-08,-0.0005573258802309818
2026-09-09,0.00017231027045792668
2026-09-10,0.0003239193923512847
2026-09-11,0.0017749153936467586
2026-09-14,-0.0009998254880218824
2026-09-15,0.00010356914488012063
2026-09-16,4.651865634698134e-05
2026-09-17,0.0006055455788746172
2026-09-18,0.0010277733124320898
2026-09-21,0.0009029097640330554
2026-09-22,0.0007878376952185639
2026-09-23,0.0005848463062894779
2026-09-24,-0.004506327399776598
2026-09-25,0.0009783412066269287
2026-09-28,-0.016704743775333934
2026-09-29,-0.0027036715483650074
2026-09-30,-0.005107929158061516
2026-10-01,-0.001218540311352019
2026-10-02,0.0012006357673419853
