date,F_ES,F_NQ,F_RTY,F_YM,F_ZT,F_ZF,F_ZN,F_ZB,F_UB,F_CL,F_HO,F_RB,F_NG,F_GC,F_SI,F_PL,F_HG,F_ZC,F_ZS,F_ZW,F_ZL,F_ZM,F_LE,F_HE,F_6E,F_6J,F_6B,F_6A,F_6C,F_6S
2010-06-30,0.0,0.0,0.0,0.0,0.0,0.0,0.0,0.0,0.0,0.0,0.0,0.0,0.0,0.0,0.0,0.0,0.0,0.0,0.0,0.0,0.0,0.0,0.0,0.0,0.0,0.0,0.0,0.0,0.0,0.0
2010-07-30,0.0,0.0,0.0,0.0,0.0,0.0,0.0,0.0,0.0,0.0,0.0,0.0,0.0,0.0,0.0,0.0,0.0,0.0,0.0,0.0,0.0,0.0,0.0,0.0,0.0,0.0,0.0,0.0,0.0,0.0
2010-08-31,0.0,0.0,0.0,0.0,0.0,0.0,0.0,0.0,0.0,0.0,0.0,0.0,0.0,0.0,0.0,0.0,0.0,0.0,0.0,0.0,0.0,0.0,0.0,0.0,0.0,0.0,0.0,0.0,0.0,0.0
2010-09-30,0.0,0.0,0.0,0.0,0.0,0.0,0.0,0.0,0.0,0.0,0.0,0.0,0.0,0.0,0.0,0.0,0.0,0.0,0.0,0.0,0.0,0.0,0.0,0.0,0.0,0.0,0.0,0.0,0.0,0.0
2010-10-29,0.0,0.0,0.0,0.0,0.0,0.0,0.0,0.0,0.0,0.0,0.0,0.0,0.0,0.0,0.0,0.0,0.0,0.0,0.0,0.0,0.0,0.0,0.0,0.0,0.0,0.0,0.0,0.0,0.0,0.0
2010-11-30,0.0,0.0,0.0,0.0,0.0,0.0,0.0,0.0,0.0,0.0,0.0,0.0,0.0,0.0,0.0,0.0,0.0,0.0,0.0,0.0,0.0,0.0,0.0,0.0,0.0,0.0,0.0,0.0,0.0,0.0
2010-12-31,0.0,0.0,0.0,0.0,0.0,0.0,0.0,0.0,0.0,0.0,0.0,0.0,0.0,0.0,0.0,0.0,0.0,0.0,0.0,0.0,0.0,0.0,0.0,0.0,0.0,0.0,0.0,0.0,0.0,0.0
2011-01-31,0.0,0.0,0.0,0.0,0.0,0.0,0.0,0.0,0.0,0.0,0.0,0.0,0.0,0.0,0.0,0.0,0.0,0.0,0.0,0.0,0.0,0.0,0.0,0.0,0.0,0.0,0.0,0.0,0.0,0.0
2011-02-28,0.0,0.0,0.0,0.0,0.0,0.0,0.0,0.0,0.0,0.0,0.0,0.0,0.0,0.0,0.0,0.0,0.0,0.0,0.0,0.0,0.0,0.0,0.0,0.0,0.0,0.0,0.0,0.0,0.0,0.0
2011-03-31,0.0,0.0,0.0,0.0,0.0,0.0,0.0,0.0,0.0,0.0,0.0,0.0,0.0,0.0,0.0,0.0,0.0,0.0,0.0,0.0,0.0,0.0,0.0,0.0,0.0,0.0,0.0,0.0,0.0,0.0
2011-04-29,0.0,0.0,0.0,0.0,0.0,0.0,0.0,0.0,0.0,0.0,0.0,0.0,0.0,0.0,0.0,0.0,0.0,0.0,0.0,0.0,0.0,0.0,0.0,0.0,0.0,0.0,0.0,0.0,0.0,0.0
2011-05-31,0.0,0.0,0.0,0.0,0.0,0.0,0.0,0.0,0.0,0.0,0.0,0.0,0.0,0.0,0.0,0.0,0.0,0.0,0.0,0.0,0.0,0.0,0.0,0.0,0.0,0.0,0.0,0.0,0.0,0.0
2011-06-30,0.0,0.0,0.0,0.0,0.0,0.0,0.0,0.0,0.0,0.0,0.0,0.0,0.0,0.0,0.0,0.0,0.0,0.0,0.0,0.0,0.0,0.0,0.0,0.0,0.0,0.0,0.0,0.0,0.0,0.0
2011-07-29,0.0,0.0,0.0,0.0,0.0,0.0,0.0,0.0,0.0,0.0,0.0,0.0,0.0,0.0,0.0,0.0,0.0,0.0,0.0,0.0,0.0,0.0,0.0,0.0,0.0,0.0,0.0,0.0,0.0,0.0
2011-08-31,-0.015194791980652428,-0.014810531053916866,0.0,-0.017747707712153376,1.4396944215847558,0.31727989670763157,0.1858703927551373,0.09631067045455356,0.0666600625530823,-0.012044039816859657,-0.016156090805545965,0.013842131305320858,-0.04264192980475838,0.056586652415632946,0.030787512213142913,0.07650521481452806,0.01775798118110993,0.03541755324200031,0.06698756038439722,-0.010280906290246326,0.023380855851141993,0.06339429857190075,-0.026461683262573473,-0.02160508086678179,0.03637610854989535,0.141945462268192,-0.05129612146214298,0.030158926492946006,-0.04851302037908547,0.0242923952199145
2011-09-30,-0.037656716972225876,-0.01273595639563254,0.0,-0.01410826955738966,0.44261783935923765,0.29095929795652037,0.16317941719397014,0.0783508914944414,0.05049103376133908,-0.02832857911634374,-0.013716314130221164,-0.01167318614092719,-0.035846738420114516,0.013523928191591377,-0.006579007461506179,-0.047756025998529884,-0.031413840793654745,-0.00960125074746879,-0.016451166200041247,-0.025388954110462474,-0.018065121902690936,-0.015689484266492932,0.0646688252896131,0.048573819975094135,-0.08648506631093121,0.043750118407786164,-0.12265088464316815,-0.023329808058532523,-0.10467570760884091,-0.016443128787361278
2011-10-31,0.048288183389676095,0.05027105478776796,0.0,0.05454417642296685,1.8350978078859324,0.3655682039061895,0.06612156030494135,0.031093838570902265,0.020006994075199094,0.01265275538046971,0.018329646766450377,0.015394023825031411,-0.014703335170161222,0.05542914131529061,0.009100903457925368,-0.019389635685830783,-0.011416423957386538,0.013306488200022342,-0.021043933173296014,-0.011334426874804907,-0.022481895832219396,-0.02062705133529312,-0.029902129844579156,-0.022910839853495964,-0.03513118860967945,-0.04808064275829508,0.05447114001997521,0.02803872804522466,0.04241832656017521,0.022845523990817435
2011-11-30,0.01610044460931902,0.01662379146684968,0.0,0.053539417815672674,0.6997852223869275,0.4182893498933026,0.21767728778963122,0.0998921622421306,0.06588614217431875,0.04199563990331292,-0.019743181166851944,-0.0163140637809026,-0.04348237825388861,0.01962024313952849,-0.0097878009465691,-0.061717580762657494,-0.03582892601865812,-0.014787891295682231,-0.06579013527666189,-0.037024820602887226,-0.06631110957216296,-0.06579332675319496,0.0928699091569249,0.07747003696733931,-0.03571933715560581,0.05533237776871328,-0.052641969437621575,-0.026782469651399583,-0.03959345826131639,-0.025272270629410773
2011-12-30,0.036433963532377954,0.012614973517743953,0.0,0.04042457105840751,1.5570723181018336,0.31101970755074204,0.16043198186590715,0.07287100348876467,0.04780527327726833,-0.010082061501324829,0.014108055871146812,0.0340166774954408,-0.030042872928797055,-0.013707015790320133,-0.021171836566842055,-0.041561190932104954,-0.008817635785015212,0.033239146985125284,0.01570294919016625,0.009128279594454515,0.015930061618061042,-0.01458600242734001,-0.06287937705004266,-0.05425301866235189,-0.07949767113400248,0.12592088587263697,-0.10812191156769463,0.020288747880166064,-0.02887926450387556,-0.019391544250045807
2012-01-31,0.04218536927760423,0.04320546268331808,0.0,0.046666837061818206,1.7412263663215068,0.3334167339645653,0.1712381512019994,0.07922435593489673,0.052548317870718154,-0.010916780766488303,0.014488263017556822,0.03559600166445168,-0.018847590373532938,0.014839661445568614,0.007463417210196083,-0.013882965347890618,0.009649093832970695,0.010841831813140093,-0.014651437334736528,0.009234056404966452,-0.046282677877827534,-0.013418198238387427,0.06571012366524452,-0.01900518725695606,-0.027423810049936603,0.04414696354785728,-0.03866074844070759,0.022427156647744736,0.03168764101252856,0.02111479973488426
2012-02-29,0.05325522811961293,0.053329813036148505,0.0,0.059089363920070456,-0.7144615360306644,0.1328597820452338,0.06830765580635904,-0.03195445346913898,-0.02128748807518019,0.03963167393290592,0.05200368971953116,0.043472636250259024,-0.021136628347857407,-0.01630546932429185,0.008602513332818798,0.015738416056620783,0.011457570483288985,0.013426550281860659,0.01806154554344381,0.010954387171212112,0.019301051827931945,0.015800442120846737,0.07960005762183554,-0.023205064954349867,-0.03218748039003551,-0.04278978444253238,0.044842257073210504,0.08238535447903694,0.039220657907677176,0.07760222798432828
2012-03-30,0.095494765224928,0.09601066003728234,0.0,0.10622439257947663,-1.0506516604789238,-0.20178669056433185,-0.1083907053747224,-0.05289977205500814,-0.03558854053911851,-0.023015036457882956,-0.029643134474993255,0.07751799793329303,-0.03682984728477632,0.02862984167995751,-0.01524919029048221,-0.02659221521006281,-0.020153565562754893,-0.020577058479292806,0.030300751953714303,-0.017015545666634952,0.03197451629076242,0.07925617453464066,-0.12419021898137468,-0.11162675317109107,0.055100873131098044,-0.0650186676156263,-0.07389754963910022,0.04698717449433322,-0.06832956680146594,0.13702461549473685
2012-04-30,0.029780215927503115,0.02895856431050143,0.0,0.09826809920860645,0.9563073103738637,0.54308357763742,0.2865182375212457,0.04812931468961537,0.032306867229921814,0.02180431438890001,-0.02698957461429114,-0.0229941013548114,-0.010844625581668849,0.027678505965541344,-0.04365837591295809,-0.07545508264097607,0.0184652054985718,0.01839347376573083,0.08120219492851842,0.01597057924045207,0.029533001596037008,0.06854773788726282,-0.10227582997769345,-0.09263099012329538,-0.052132013929543954,0.05316090696096203,0.0680967983190151,-0.043260538748358585,0.05932286403820663,-0.04423109762852753
2012-05-31,-0.013041360853582774,-0.011995361346741333,0.0,-0.014586988005137436,0.46352451383037435,0.2563462953668974,0.1305064414162188,0.06382576311968866,0.04163673954014915,-0.02731850385240843,-0.0343610160975922,-0.03018136235326678,-0.013677455371453264,-0.012069791945895293,-0.01999836929567465,-0.033790352909023526,-0.02508344577366165,-0.02228500686752157,-0.010649597865131241,-0.006450574007890436,-0.03647906577145871,0.008721463698096472,0.014047658400924836,0.012684299280398454,-0.06913367745674938,0.07175581627031072,-0.089284494059822,-0.05668736520722878,-0.07971217614749174,-0.06070448908497732
2012-06-29,0.032209434531038514,0.02918301570909062,0.0,0.03615149182449478,1.3478814583318333,0.2372461698399718,0.11870138469776133,0.05670925556003926,0.03781163581744808,-0.05690813387053644,-0.0792599233676309,-0.024455856851100324,0.010073007046935646,0.030483734156213912,-0.05394589030462579,-0.027466433258014403,-0.02287012766104021,0.0528969471106145,0.08056316671854692,0.048708840206354014,-0.028892478766038003,0.07115776513517845,0.03934242215129455,0.09400806536647809,-0.06134519544119493,-0.06782142603185921,-0.08176057144238313,-0.05041187384903369,-0.06835870284814417,-0.05337559210510497
2012-07-31,0.014463970679940439,0.012717070029926765,0.0,0.01601408898715814,1.7311018106552902,0.33299306782686505,0.16577818274955822,0.07705730656840515,0.05126512604571997,-0.008152762946079424,-0.011258823947425119,0.010359146106663452,0.004539537028734759,-0.014457576089316696,-0.008685334869154836,-0.03842927421269395,-0.031422953358672415,0.021807332398668777,0.026776483213331946,0.019615137136589394,-0.012233745891460805,0.0228529632659747,-0.016987556760082047,-0.013378776125129827,-0.07853755906647623,0.03293139102044045,-0.10087749875856127,0.022492383579396563,-0.03168846625947516,-0.07112467442280775
2012-08-31,0.07661215396834842,0.06761786073660003,0.0,0.08352403415989808,0.8974450906084208,0.5179524798618661,0.25837492767000275,-0.04150987881725581,-0.027800932563051356,0.04182881959021908,0.05681491853596911,0.049934666767008896,-0.007553390126963083,0.024646685415168172,0.014093139166733824,0.01967277611959977,0.01815170356308271,0.03753121023659429,0.04294923642045462,0.03296696815637706,0.019251340065833202,0.037352291363011755,0.0877230423589526,-0.06125109915267802,-0.04282026228737903,-0.165767569840678,0.05571463756527048,-0.03892966957497068,0.055136448439690754,0.039361082009787364
2012-09-28,0.04701947167664916,0.04114788965707052,0.0,0.052058236306088516,1.6599006106519762,0.31677574936886616,0.15084718455124632,0.023929283021309488,-0.015974995167624385,0.008490246962599124,0.03332161571708557,0.028738731687565567,0.004523923012811419,0.044975811307472656,0.025419984370733364,0.03277958798259645,0.032250467854793026,0.007116033883487438,0.008211940684010377,0.006307844200286978,-0.032080390127225744,0.007209011906536554,-0.05212571274073073,-0.012551617522975945,0.024782738285629234,0.03099530597389151,0.10617107141266707,0.06997502578684212,0.0996551282437344,0.024664389935494024
2012-10-31,0.03904208191086918,0.03365988629955563,0.0,0.042807395767675276,-1.3340831879186494,-0.25675697308949397,-0.1234567427313355,-0.058130563631769744,-0.03926326156447473,-0.06266050303749064,-0.027193598469719048,0.02280308364191329,-0.011838672661437436,-0.039650709353570915,-0.02222385380523173,-0.02720114458421882,-0.028182638171194034,-0.018321416704978995,-0.021333930382224153,-0.017144114489419396,-0.07980437120915794,-0.019007430017562946,-0.04644790259321946,-0.03206628150273903,0.06381635276267927,-0.2360969633761129,-0.08966630140041666,-0.06083460688533022,-0.0826643792622788,0.06384165277528203
2012-11-30,0.046077642891225054,0.01325709845995533,0.0,0.04955463053976804,1.7229011264482084,0.33445867546429586,0.16141986585911844,0.07520427281867106,0.051349647662536364,-0.008423306068432685,-0.010376735099567052,0.009261101220557835,-0.0049227605802980145,-0.016241451888830374,0.026656896637153506,0.035285124632501635,0.035804133975877464,-0.008302269071362446,-0.009002938880214546,-0.007522189437898505,-0.033009865969821486,-0.0081283603734465,-0.020343546187017614,0.013543439412197189,0.027152194208338986,-0.09044568360356396,0.03916856169399292,0.07835003406788436,0.036423666498494885,0.027412780348770302
2012-12-31,0.02931114601234329,-0.02569109379201885,0.0,0.03269640636297823,-1.1808268432367166,-0.23517700400947839,-0.11275217624385592,-0.051515769424645,-0.035188280612081665,-0.018362395832824164,-0.022000238362820307,0.019153901977810257,-0.031174271817577273,-0.034527288816843846,-0.018216131585375248,-0.024838182935142488,0.025227038534718704,-0.01813419116719906,-0.019400868419460295,-0.016513742869846193,-0.0685511055676837,-0.01746914773754063,0.04218100634167359,0.028497947865378397,0.17271216890391586,-0.16598278065572847,0.23974771734204917,0.05764666014905267,0.07775489578622809,0.178749597637013
2013-01-31,0.08057994235512854,0.06941359327127751,0.0,0.08848547936886574,0.9767666802437738,-0.19350060915750827,-0.0950533509656992,-0.0442170023752599,-0.030831114554438134,0.01755179790097302,0.060223720251391354,0.05066905551361772,-0.026655267408365945,-0.09045889278140165,-0.015405718859996385,0.061245715190493745,0.022163716747825128,0.01651728593737032,0.016980876900264348,0.015175770730593759,0.057601772492618455,0.0146380677363505,-0.10357145167279737,0.0794150091017554,0.1351192880635257,-0.1051288442629804,-0.18254239687720003,0.14956306521464643,0.06486785088903707,0.13565666317484407
2013-02-28,0.04658601009787615,0.01364270806610105,0.0,0.05281229168455936,1.7980993052127427,0.11424955403169305,0.055816516922545356,0.026285404856383508,0.018446567920462627,-0.010563453793881603,-0.036014150427763125,0.009668589645870621,-0.005306887561163737,-0.04915541466479914,-0.027571730228504975,-0.034428894288008244,-0.039022376478603425,-0.010428775178474601,0.03018495016071281,-0.009253385051659633,-0.034391418489656676,0.024828924731968786,-0.06100671358627679,-0.046276428615353256,-0.024579176837540104,-0.05717818385508117,-0.08738259284403256,-0.0847526806943279,-0.11069285187610228,-0.08137406219785451
2013-03-28,0.07123052419432273,0.06330781334263559,0.0,0.08093864721728444,0.9096215093805377,0.4814907492603518,0.2321957104710414,0.036584766581493365,-0.02564519325716604,0.015802111425352216,-0.05108030723073081,0.04051004514528965,0.02381242323561873,-0.07687210236223928,-0.043375299792033375,-0.017754764614827296,-0.05572703534600058,0.040961198381816284,0.014490818672936657,-0.034016773310334106,0.01755578021849845,-0.011819952026727336,-0.08133578330199895,-0.06200939057196536,-0.09975183550657889,-0.08093952182385586,-0.04128088803511902,0.1266877506745367,-0.054253714660941005,-0.10894758995776681
2013-04-30,0.04153316143588968,0.03670538859018573,0.0,0.0495638832428487,1.8216199501644836,0.3160273446207547,0.14947515160081962,0.06735475498445445,0.045427106778133344,-0.023849382871901807,-0.02783467176449212,-0.007471429471843515,0.014341747427896621,-0.021804866905591986,-0.014740074334919641,-0.022607412391073983,-0.024948457846414192,0.0061418522885208935,0.02726395051639442,0.006348560078170897,-0.03163875550178717,0.021955251470133164,-0.048461810331312465,0.012206455544080133,-0.020785990369372953,-0.03869276237978959,-0.02409230766665107,-0.02407135563861741,-0.03178592088117591,-0.021250242902290547
2013-05-31,0.09362121646070679,0.08629860257933519,0.0,0.10984852783221655,-1.1145624556952136,-0.17727023129449335,-0.08534165934730531,-0.11748375161519078,-0.08374070714269721,0.017148499733796226,-0.05907554921610755,0.01615118849948814,0.010227498812543676,-0.04841693267614518,-0.03442735804228745,-0.017082070952544128,-0.016012998710910855,0.013379699854520755,0.05952864938266759,-0.04206953319443228,-0.07165760765772992,0.04553344533822909,-0.10242115411668515,0.07925435262756748,-0.04461180205727313,-0.08408460468542561,-0.04961879914678938,-0.04310786134346846,-0.16872634240863502,-0.10929689957559365
2013-06-28,0.030770773027876612,0.029463948045631443,0.0,0.03411051840642526,-0.8006639517353282,-0.3906095652116867,-0.22108916479236004,-0.12207627275365848,-0.08864067702903045,0.019878499290492468,0.021864576361090994,-0.0187721675050639,-0.03493018433742609,-0.04833371249831549,-0.033431704870399516,-0.04820796997785664,-0.053454915271679546,0.015923905874140953,0.022884450383093075,-0.04952985293036797,-0.08274376397472243,0.05348803372479045,-0.03764977930589486,0.08761913943970169,0.05172264594527933,-0.028691497286554322,-0.158805495659045,-0.11216108062377364,-0.178696619458739,0.1237851342795753
2013-07-31,0.11033743307781567,0.10306441217555434,0.0,0.12340299965646455,0.8235770781105236,-0.13154676333986048,-0.22404123342806656,-0.12748655237193354,-0.09144850579270482,0.06097484927408868,0.07279899218639521,0.05962083834594273,-0.038349542244024676,-0.018079451587407973,-0.012435622024421592,0.018570343958616065,-0.018397395489732377,-0.050895547964122566,-0.022407233590658406,-0.019733169512154123,-0.09070595227642676,-0.016238267874957732,-0.13492068029581492,-0.03123004059428311,0.14300416362520021,-0.030736902691910675,-0.13895152067521702,-0.10504237554579071,-0.06335005095322141,0.11865208133668942
2013-08-30,0.024440975394839123,0.02257061209622158,0.0,-0.027616216651957078,-1.7154292508136149,-0.2556148947682573,-0.14288819142817236,-0.02802823272212399,-0.02006341511804935,0.04013980799483834,0.01635170506541426,0.013494618618727685,0.008696271977525956,-0.012821416266937374,0.008191118636921747,0.01276952187798774,-0.013273063107748062,-0.008815255238161852,0.012240344622024606,-0.04030666132989992,-0.016138658949765804,0.0284752653539258,0.03330002065219824,0.05676419778957593,0.1024738035924554,0.021052869872801416,0.03305767929692552,-0.07412572886027029,-0.1281174153891025,0.08274278651355643
2013-09-30,0.09622581010926057,0.08911201183178848,0.0,0.10361335166753494,1.6035438172145888,0.09673616499933269,0.05813395302704311,-0.03703734960276296,-0.026801711405466274,0.016765873268528693,-0.019665810534914077,-0.015807132083975724,-0.03460548264303794,-0.015178179972861036,-0.009610782094465864,-0.016209072013650298,0.01722933010298268,-0.036021520711411466,-0.015159613527893074,0.01750828756103848,-0.06449138372075411,0.011541250719809507,-0.045062665869116,0.06945589261632489,0.1356256364397825,-0.028065636985675328,0.1257491749836519,0.03045980338076538,0.055943390355749516,0.10863991055583347
2013-10-31,0.09465328640667504,0.08466397365262597,0.0,0.03354281275797948,1.761354235102294,0.10700898162009911,0.06282115190284038,0.039802756648144616,0.029017106490845566,-0.01749387419826036,-0.06011599007179755,-0.015840429608535246,-0.01146255800384936,0.01573272250055453,0.010361332211415344,-0.017459603200301464,-0.01846001395501816,-0.04004016195783794,-0.01671275968983893,-0.05506599096941587,-0.019589877965801007,0.012553660820035244,0.046127519833029214,0.06789738109557243,0.04576998774341782,-0.03090413168600457,-0.042170281436841955,0.033726173011856646,-0.17219649075478427,0.03745475470432817
2013-11-29,0.0843300949908922,0.07329640365663923,0.0,0.09131370511930156,1.626534699553617,0.0950743261834989,-0.053270077458715086,-0.03189902467926069,-0.0688935625084685,-0.015515473273665916,-0.017003483877356087,0.013431426977982478,0.010024902658490499,-0.04277059821375259,-0.028229680533304696,-0.0466043671242691,-0.05037773252565608,-0.036350362028611236,0.014376077364284649,-0.01709315238508265,-0.04927726211416078,0.030315217109069034,0.0375033452480005,0.020461129963107966,0.039246613343602944,-0.08336059597794038,0.11009516136229816,-0.028037901720030952,-0.1523134395980247,0.033000182450915294
2013-12-31,0.09862684147182053,0.08990706964670096,0.0,0.10322327686705746,-0.6748117180566339,-0.3634405034810756,-0.2046735382031751,-0.12115533712812604,-0.08766538452164786,0.019035307879414397,0.021227614555848394,0.050347228816392656,0.03308075399694215,-0.05179405072043078,-0.03379055143591232,-0.019123985897638317,0.02163307361667702,-0.046702295731584985,0.018443970636169274,-0.06328710395348555,-0.06481320344460068,0.012855648949654725,0.046769626918485976,-0.0771056700618262,0.15106124022304188,-0.09910372986856328,0.14349108840488425,-0.10246370047669537,-0.057564979123654096,0.12280150591185968
2014-01-31,0.026913266827482924,0.02368833033137558,0.0,0.028169838546352327,1.6338658699121336,-0.10016615823760655,-0.0586956691997129,0.037017800867331585,0.02728767514875214,-0.016836819874111803,-0.018583240064376925,-0.015271374573764486,0.018967546185494892,-0.01641049801306274,-0.0324853682752386,-0.017562807009338564,-0.06241122494176129,-0.01417055832566981,0.017607474896217605,-0.051011992559480364,-0.06037975055984899,0.03580237961872639,0.11080835806110345,0.02425516061049433,-0.13473556740356246,-0.029663099567163,0.04402462396046961,-0.0923772420101475,-0.14531094039106737,-0.10551936402815255
2014-02-28,0.07370665460886769,0.0659417369592394,0.0,0.077256829326354,1.6166515051758434,-0.10069349881851017,0.05898938731004562,0.03683016031374774,0.02685951408769898,0.04901971640811564,0.052107425866790735,0.014828454207637226,0.014860546023998045,0.01673534665796865,0.010298289428983592,0.01764220880206043,-0.0212260830981555,0.014514679242855648,0.04968994263325838,-0.013866765050448605,0.017430982969017628,0.03472249737701111,0.09026910400115747,0.05515172536105158,0.1319167546499854,-0.030633789116939234,0.12646257475728168,-0.029355352933209792,-0.04501933779365049,0.1073191370201156
2014-03-31,0.1411089481689484,0.040822862016915096,0.0,0.14507811837140794,0.8622719257066062,-0.17799508892832996,-0.11112838913036632,-0.0692746175731181,0.0506442685904933,0.0912301858230981,-0.0334150534006682,-0.08670731138875844,0.010455441497482254,-0.03226345382571895,-0.06314442144541212,-0.036850892845035114,-0.09527054415692215,0.025271938156025405,0.09035404816566822,0.019886444762667554,-0.03077783497712725,0.06695810215865355,0.056058595233282715,0.07662270239735591,-0.08627254709120767,-0.06080644913178185,0.08887928839203178,0.05579541593780462,-0.07861214676143155,0.2160429639656818
2014-04-30,0.07788519241890937,0.0197236808211044,0.0,0.08279229622907809,1.5190251795382728,0.10623926323350409,0.06620419602106407,0.04194108250682104,0.030291016234933195,0.018091508594470476,0.058909157174042874,0.052916515076142055,0.020009391377594502,0.020117079122764864,-0.04027917466077088,0.021728860970061468,-0.05713541864874113,0.015056767321271146,0.05218835179779408,0.011301048648404947,0.01647869112957673,0.041343584368560574,0.033540987395486756,0.0141135023140687,0.16227860734915142,0.03775180802633877,0.1645195889508254,0.03440306898326794,0.04870272583734811,0.13503225524963025
2014-05-30,0.0714387703401768,0.053716368893635076,0.0,0.07551842384872923,1.44404172825877,0.2978463556695391,0.18186991098030175,0.10957567217258327,0.07737975419790719,0.051313745114852205,-0.018538615104576137,0.04865211148243405,-0.006312693659277021,-0.0541995967757007,-0.036693273466905006,0.01927388949795078,-0.017554904353420858,-0.038070776132080035,0.013984168635401358,-0.010310898883839159,-0.042673159344520074,0.03581849972750337,-0.026821266389015507,-0.0132841496232251,-0.05038863967427685,0.03669010202312833,0.04919944590766653,0.03138613269241257,0.044756711551018215,-0.04269023559915305
2014-06-30,0.12224129411136987,0.09309567507593149,0.0,0.12810277798398453,0.717448519522914,0.15630707981548247,0.09529769767511517,0.055950485880870926,0.03967582412136899,0.07999593750278312,0.08281469667557327,0.07554737960220055,0.010355169022033872,0.08517180187931381,0.057623359798635136,0.08678208790902706,0.08173775336866981,-0.05100869872188977,-0.017691890354777817,-0.04759533210254972,-0.019895899265179828,-0.014652170546634268,0.09943266966977667,0.01971105849085769,0.08164925638632067,0.062554797671181,0.22408961871904265,0.15293576543538162,0.07224351739760024,0.06943583330053879
2014-07-31,0.0439430053503186,0.10284595595815324,0.0,0.04671897971115697,0.7755399282576207,0.1756365551294153,0.10703273442512728,0.1807753482827809,0.12897903947157424,-0.02667620677846107,-0.09515208849205542,-0.08574607548627422,-0.012418786592799989,-0.0956224146535866,0.021492878214524107,0.03390888468075483,0.09579359570672094,-0.05806432218143245,-0.020674439997310938,-0.04981804125508059,-0.06862695767348208,-0.017452533750405962,0.09410308263256094,-0.02111238159818835,-0.09925423587020729,-0.22536619747703793,0.09404621484575712,0.05887477743108735,-0.07904820433776504,-0.08527613375836021
2014-08-29,0.07350153078632014,0.05953394777864337,0.0,0.07739583785697353,1.2114205518632726,0.2861261167832468,0.17581601606078576,0.09763218481014163,0.06831951473690333,-0.042860886781533034,-0.04854311771031298,-0.042550245261395676,0.006861741101603876,0.018407636525265426,-0.012473376575679774,-0.05992178675423969,-0.04740306095033591,-0.03171959271551652,-0.03450467655139021,-0.008726778891607908,-0.03513580758072334,0.009444873748397413,0.015082075357527609,-0.010222913046331147,-0.15848430737898617,-0.1278065286501486,-0.05063740996632494,0.10131533131031055,0.041880103516275226,-0.04627204894980756
2014-09-30,0.0457396514983479,0.0371628009007381,0.0,0.04484548960982986,0.6580839117572894,-0.1651085098164923,0.10196071846513134,0.054931124485486205,0.037773225869571554,-0.06292144732520756,-0.08465949907490773,-0.0693384864924591,-0.012192863832330501,-0.0995830184796699,-0.06162843071805824,-0.10262409441726611,-0.0776088388523542,-0.05281467603679283,-0.0608289385151335,-0.04653757717149244,-0.018314085609676557,-0.048926495934714966,0.07384321745821022,0.017634880630871437,-0.19095964438290533,-0.19016149644888236,-0.06350920198069518,-0.1500281794371222,-0.19099779835278252,-0.17928169644558048
2014-10-31,0.06472418341579556,0.05495421272610206,0.0,0.06781093098089193,1.1108953824788173,0.2867807713987295,0.18896416095687035,0.11035044079068407,0.07709612025452985,-0.03774184668930488,-0.050631789072369274,-0.03900235188166129,-0.008945748384438795,-0.0632579660170126,-0.040249557345937215,-0.06082803297029844,-0.018461706772626436,0.01047602307155062,-0.011661228502150211,-0.011207926342762183,-0.0119770448273749,0.023819524141265206,0.017542021711042445,-0.033508162104999316,-0.10684421915333439,-0.1129259591057991,-0.1187016660975073,-0.03080041235786091,-0.12413247138493515,-0.1057081390633488
2014-11-28,0.07150000655865899,0.05998422587271815,0.0,0.07532057146248097,1.125723843311731,0.29352227243513546,0.19014865577984186,0.10815554111918926,0.0770127749243609,-0.02471384687706627,-0.03488980648448676,-0.02737952433265129,0.006711800856024444,-0.048713124876438994,-0.02988809079404502,-0.05080440656165334,-0.047821645831641856,0.010342306717281922,-0.03136679754305458,0.010589916092682122,-0.011454141452355791,0.007215997016061444,0.05571190791980149,-0.011814053501644836,-0.09952555578459202,-0.07585612465424037,-0.11283842371861326,-0.08276464673429541,-0.11676209352307519,-0.10146789726417688
2014-12-31,0.1116885477505535,0.03316982786616816,0.0,0.11745061227103079,0.5121110685529144,0.15136854020853652,0.09938878640586765,0.17438179557347588,0.12239906703803807,-0.039420246242019556,-0.055785944941144174,-0.043750611055062984,-0.030252400208193503,-0.07935240168581341,-0.04617066298532848,-0.08630847479618682,-0.08581151546449588,0.019161496611345023,-0.01972986279722827,-0.01603070771493877,-0.06157725919874602,0.014100152420905754,-0.03076844168872201,-0.021776541961331667,-0.17295444866451634,-0.12408670709889857,-0.1992999288034978,-0.15166761461606013,-0.2063513927685191,-0.1736849426104605
2015-01-30,0.025786436890894476,0.022911245654432328,0.0,0.027055833946234255,1.136089973727895,0.31162393860650867,0.20058569497308767,0.12002318485527563,0.08243786263398703,-0.02540698349348372,-0.03901531553700107,-0.027658854538634634,-0.021205146845804407,0.06296622341050967,0.011777798645437093,-0.022949082931340303,-0.05209466023954849,-0.04700593121539081,-0.04853104185873454,-0.04167863833942339,-0.04786926775821829,-0.01195946047787487,-0.024349748070655944,-0.04386127113506086,-0.11159185341024327,-0.03299102626473506,-0.15017360217577347,-0.11242590853092789,-0.12842440419491846,0.009549609637968496
2015-02-27,0.1566159275650533,0.14142852140625387,0.0,0.16313200940341982,0.6553890114823893,0.18253778109313762,0.1200849130002301,0.07562504234502782,0.05024947553853141,-0.015022202031971688,-0.021268276276316906,-0.016675006976850943,-0.04138092460477087,-0.04231523062905496,-0.07022046874955562,-0.13407154815497765,-0.03373331967363507,-0.03042843315580282,-0.032219209786463386,-0.026028710486429976,-0.03061515231256831,-0.02369702129344444,0.04101780933561893,-0.07320484801277165,-0.20462639240785038,-0.20282706209924217,-0.09472304544180955,-0.22473494184795006,-0.07510265450795497,-0.021025060380916727
2015-03-31,-0.031048217568094522,0.028409238787554997,0.0,-0.03146647737866064,1.098537362263183,0.32513974953748565,0.21616588381991397,0.12089350608160017,0.09006549293912026,-0.02756508425819444,-0.012312660761068414,-0.010553947589618718,-0.027029556990432878,-0.02687455297301868,0.015223991018543223,-0.07594987162925367,-0.018393402382817413,-0.05341833327788602,-0.06383477857679282,-0.013793231026029213,-0.05985859339327935,-0.04758491951391465,0.025244884158980588,-0.04282389908534596,-0.09993344952665087,0.04449024210817204,-0.14309182201528103,-0.10846032310298973,-0.12727597747225683,-0.014560550763860312
2015-04-30,0.12798449386917035,0.11008433643028052,0.0,0.12763154250052908,1.5278331706938508,0.14903362359724553,-0.09760267593874003,-0.04894904634496352,-0.03832609767813676,0.01198891956787335,0.015629550718834755,0.01344621715780998,-0.0116931760687219,-0.03345828002940112,-0.05751051549542071,-0.030655423606887548,0.023300438831590203,-0.07261234819600504,0.02863736252760397,-0.05173280390749201,0.026798233447820882,-0.0637838246749164,0.03104102886568571,-0.01843966820810101,-0.0424480950123587,-0.0619091443061087,0.05927725691009701,0.04413411116357178,0.053474758826846824,-0.020583855423935645
2015-05-29,0.10844774428009402,0.09133621879103294,0.0,0.03656793247324114,1.3062185591674462,0.12431340703532874,0.07926089912499955,-0.035584938060909316,-0.029044978008548567,0.010348828121117584,-0.0393338829241716,0.011549451797665727,-0.010039547795358077,-0.08710829974984226,0.015999030644302754,-0.0763061639184609,-0.020343629617288292,-0.06161562536305505,-0.0753638078389187,-0.039606823277836344,0.019799362889012666,-0.056690424974275226,0.08141981152880853,-0.0167849381996737,-0.10387019153858806,-0.15577136731114505,-0.13737469713888373,-0.1064641290989541,-0.044719066927012704,-0.018716242404028676
2015-06-30,0.044680475614794296,0.03828798511904617,0.0,-0.04471387383925685,1.5992220708546434,-0.14780679479378647,-0.08871176357067408,-0.039271769795705236,-0.03357398921190149,-0.01422979458986078,-0.016841226093575308,0.015120751844885134,0.012615491013907002,-0.11983823701358515,-0.06740253482084357,-0.10309754402584481,-0.081415024718053,0.02027081455356389,0.02580911181783535,0.042696831038330565,-0.024942679272502058,0.06114192705932227,-0.036161838082453955,-0.02166931090388841,0.04282010570529912,-0.06557720863478285,0.05953118036187749,0.046515555285743776,0.059489183857223515,0.026544926506814136
2015-07-31,0.09795728246035779,0.07998431336400996,0.0,-0.032790312289384276,1.050863208912618,0.3095855775620689,0.18665508541211018,0.08148507150102828,0.02354751842313652,-0.02956540496678268,-0.0357605444145665,-0.03250052306662409,-0.028501028454097754,-0.08241808246248561,-0.04840584006910769,-0.068998828652804,-0.0512834454110917,-0.013456558839957777,-0.017501027777797742,-0.010476159971153752,-0.048386815667982364,0.014727930658581514,-0.07900157694761001,-0.014670367515225331,-0.09447144940372754,-0.139456570960263,0.04405114859009463,-0.09620703193363143,-0.12370224986799908,-0.0635890444437026
2015-08-31,-0.07590082250074824,-0.02081370641013066,0.0,-0.07896298266175993,0.47442460456602914,0.1419052059060595,0.08578270733031536,0.0370815194205179,0.03204718266815115,-0.011256752449485981,-0.013684663486274838,-0.03618436465369823,-0.04134519043041717,-0.035768061020505094,-0.05663440186485039,-0.024709054352069208,-0.06564408331038414,-0.01784901070218969,-0.060202466517355946,-0.04568059268605798,-0.05819608566186001,0.018032482979331608,-0.10685770818317133,0.01752537593818365,0.040237450084405595,0.05090214918235025,-0.06135838054169955,-0.12301818702304679,-0.16433943018358113,-0.030291213378372796
2015-09-30,-0.052936383260129435,-0.014810936394935945,0.0,-0.05570479333136306,0.971870427129315,0.3062169962868883,0.18697582889595815,0.08019404420897276,0.06946552593295273,-0.023384344342546885,-0.028950427578656887,-0.025609621697081496,-0.0311569957737865,-0.07669636246665264,-0.04026460563475143,-0.049735029996354235,-0.013200842892077718,0.013347122087601106,-0.015516117897956828,0.011305403923564576,-0.04144872181373503,-0.014201560984149864,-0.06290366503784163,0.01310535187941825,-0.030235892045915945,0.0382576771051895,-0.12504405778493527,-0.08646519804516667,-0.12324320132305842,-0.07304052268088035
2015-10-30,0.04135319185732675,0.10307820729083399,0.0,0.1306628625371905,0.702578760358243,0.22940771181966474,0.14547769935718993,0.06370917356444043,-0.05568093869111215,-0.01776269596739816,-0.06484126705885174,-0.0576827483070713,-0.06508930268107793,0.05655727152917964,0.029810619856371293,0.037439199463322616,-0.03156996990775888,-0.03224190910857073,-0.037025804163929955,0.02595333265713661,-0.03141275483499181,-0.10250143781140332,-0.04216922856334607,-0.08319088632792072,-0.06617963259021391,-0.09223478586049808,-0.0940496788007183,-0.062402815894392075,0.08734368238306431,-0.1752928720993567
2015-11-30,0.06496564715696233,0.05450797485038318,0.0,0.06851249537226738,-0.3747068947976249,-0.12133447419222505,0.07790771528018275,0.03428196027223007,0.030014106090091062,-0.02762891012244739,-0.03310037734281918,-0.02820322588361127,-0.030364428467582506,-0.08375872051468479,-0.048800117038551825,-0.05460522600810617,-0.04833548416901613,-0.051020215544990005,-0.019803685349051452,-0.03917041029022886,0.01605157456945123,-0.055897714173276346,-0.05866369672674374,-0.035399912137087354,-0.10351908581218416,-0.14475656342996385,-0.13977970039525725,0.03134069494568263,-0.13809753728889476,-0.09485216317316104
2015-12-31,-0.025161065434318126,0.02172625997469856,0.0,-0.026280705702742116,-0.43194782903219203,-0.13909384824598933,-0.08816535295362633,-0.11489962144854933,-0.10087677551038958,-0.03228735592445624,-0.03683678425110979,-0.032282225384143895,-0.009436656335705864,-0.09490216265770099,-0.05472850345546179,-0.01954525139251713,-0.018812158242821078,-0.06434341476126414,-0.07386057269025317,-0.0509387017669973,0.018202097725331556,-0.06797239969250858,0.021169465901514455,-0.014436639624195738,-0.0390974038598867,-0.05805899758819353,-0.16133177191462836,-0.03845570795831202,-0.1667060182123336,-0.03676868236589735
2016-01-29,-0.05649355040214473,-0.015839601321085937,0.0,-0.058781522271698104,1.1379623760765034,0.3593252369619494,0.22751868318672488,0.09913780776057969,0.029036382688129195,-0.022263439533948933,-0.023519763385276966,-0.025142303139871765,-0.007810960754271899,-0.02596722962435451,-0.015616011044608129,-0.04707547918349127,-0.04847418580307126,-0.018961889138868232,0.02190209203692961,-0.014856567866519343,0.0499069366009777,-0.0189996316319619,-0.05330066508923448,0.012695875994099035,-0.10410252737902209,-0.1275765329407296,-0.1314612542673787,-0.029737426851248264,-0.1172020376071562,-0.09933202945816504
2016-02-29,-0.021238302097935348,-0.0175513898498458,0.0,-0.022174424833840606,1.1497259833535667,0.390236269035451,0.24408604237286943,0.10715639866916257,0.093347487057864,-0.02099133830023481,-0.007934815378792584,-0.023304657677559897,-0.025285207953149345,0.06874406731718162,0.016510534937593725,0.016847518346137024,0.018235894491356344,-0.068662700276865,-0.07983001036043785,-0.05345946643721089,-0.019211136125073285,-0.06832784723196816,0.02082926377543929,0.045012624403668794,-0.03841292239728739,0.11477426288992643,-0.1245508571341765,-0.03155092039873218,-0.039541277306391516,0.035895512585439264
2016-03-31,0.025493058881286126,0.021009008320481994,0.0,0.08141545355162481,1.0899460906824727,0.39162354696642127,0.26033613408998296,0.12145726086712277,0.10449281291712095,-0.008116043075487163,0.009443442398192928,-0.00925331876568934,-0.00940775079750711,0.024872178912383212,0.017977977361549744,0.01785302534446377,0.02055160880519093,-0.07168310717049772,0.031692990686645134,-0.020064369442818957,0.0647444975439981,-0.026136609371264243,-0.07277173579532387,0.01726936097174331,0.12854299675516667,0.12945310518735317,-0.0427260538423443,0.10051739928415564,0.039272554041400114,0.04187650817031087
2016-04-29,0.14063859223729486,-0.03797028497041732,0.0,0.14992610722043617,-0.6761531074520392,0.23527484346854322,0.15584743998322137,0.07224746269239943,0.06207489445302563,0.01417677884202371,0.015570209706294453,0.016836386883805125,-0.014841741785460022,0.12527751978576407,0.08800033339177364,0.02931911098357899,0.03338396725116342,0.03357178689763431,0.12261906474814846,-0.027309662344204552,-0.03735802668194384,0.0860292955064027,-0.11212034162017896,0.031095441235993913,0.23607101206654238,0.1699899754646646,0.07444277725485118,-0.056782001935143586,0.06967505421828274,0.07539677891876827
2016-05-31,0.14039909178319915,0.11257404718662362,0.0,0.14780713823140176,-0.6405763117792781,-0.22746289645140638,-0.15190039338605074,0.21509591463820144,0.18529771904481615,0.014691724884462378,0.015813830418831505,-0.016649126709892922,-0.014470376081084372,-0.04095211051677203,-0.02824802358588867,-0.02823443739919347,-0.09778598917428548,0.08627911660007524,0.09382110235170653,-0.02519219543435465,-0.032897582385055295,0.0673838247530835,-0.03480016512475574,-0.030571958226972132,0.07750390154083668,0.05677938277098614,-0.07122169464455341,-0.05312476510018871,-0.0664889833903309,-0.22597619640571193
2016-06-30,0.026120305839069182,-0.021802722359223557,0.0,0.08357586434312271,1.0718506447353782,0.39352626084255055,0.2561521765107106,0.12356625598631929,0.10189119669424755,-0.00977149714300146,-0.010386704821359364,-0.01073883092694395,0.009717282458683411,0.07054972340035158,0.05113999666417681,0.018080735286174324,0.0194801681375145,-0.015613747359554713,0.052064942420398226,-0.0472260340151966,-0.06208996679399858,0.042135966003769884,-0.06308293488757784,0.01941435500380163,-0.12770452724831327,0.0968249199483589,-0.07102778056580303,-0.03332615502040694,0.043091102024968124,-0.048047202559025094
2016-07-29,0.10181802910572518,0.08410107013635401,0.0,0.10877742028211827,0.4431862886934119,0.4821458676905993,0.30758847580658216,0.14517445421125652,0.1173140556151998,-0.0346340100649075,-0.03707153456726403,-0.03773012609013845,0.011092776575764863,0.08374827631969776,0.053948532059224424,0.06244794244451422,-0.023323749045310788,-0.05172485275914649,-0.016419331446008226,-0.054957517860977564,-0.06851770119946285,0.014796458024189756,-0.022645715434063893,-0.06392845344415422,0.053468068941696895,0.09927422518676951,-0.08385593510496069,0.12129075083399203,-0.05238167196415139,-0.058009967705489496
2016-08-31,0.16670158187180123,0.13843646183501873,0.0,0.1758012614346941,0.6468900649735057,0.22728236291730924,0.144608477569858,0.06954333456646761,0.16745630039904105,-0.016630835548054567,-0.01814249799520609,-0.018352190042074574,0.016199016541769206,0.04422023748855721,0.0271246087757975,0.030768480956453702,-0.03524218813911746,-0.08068277719292394,-0.024774753012553972,-0.07704187662002274,0.0327089357798052,-0.06729747885519735,-0.09998725265544053,-0.025011377005140414,-0.24498496904776157,0.05111084970737488,-0.13297898374339753,0.06248359380161758,-0.07728722844797144,-0.08025002307606682
2016-09-30,0.055556611478846815,0.14307078138207857,0.0,0.05846816259796902,0.7288637561181309,0.2537741956181306,0.16092989453492698,-0.07364865544149668,-0.057975167126708006,-0.017828349252250582,-0.019469024502781276,0.01909483683604804,-0.05417354016309132,0.050442403335299396,0.02851254971327828,-0.032891541780444684,-0.0398526250738036,-0.02913706022901085,0.028473475197124957,-0.02945783114896126,0.09904957824358711,-0.07938887400757093,-0.09536144986298321,-0.06529431223966611,0.09499564885644755,0.1692465690029806,-0.15128132688941973,0.19631393145113885,-0.07838438991891114,-0.08906345799691297
2016-10-31,-0.05462072397226316,0.04597802678452754,0.0,-0.057219139086253326,-0.7055667019326286,-0.24244288176115641,-0.15246824901248582,-0.06783673312357409,-0.05311696837422502,-0.016685978301897733,0.019113738151721234,0.016546810140672094,-0.045924847174618526,-0.044510780115231054,-0.025023231042127978,-0.09009364162608247,-0.10693149270563664,0.025589175415573158,0.08149751463263781,-0.023516310035744312,0.08575431844956312,0.023555392781631473,-0.026594416025877667,-0.01799107932057533,-0.25339023060607735,-0.05302740608277112,-0.13588211317972748,0.06023188024693156,-0.21778961993274548,-0.25110059998504247
2016-11-30,0.11742232459731787,0.09293493324872779,0.0,0.1211044259875461,-0.4890717676421992,-0.440942749505076,-0.2631708395256663,-0.039974452160050446,-0.09143678341463797,0.010486789944560789,0.011850275518556707,-0.010403063732968424,0.009776109967578132,-0.029266741115365168,-0.016418312958841337,-0.020511246929160683,0.05945087015212945,-0.01828754430283805,0.06055571799310816,-0.053965728458285026,0.053424644188903705,0.01709221084541012,0.019724938262745288,-0.012839951250851491,-0.16860007464371624,-0.03399336974464902,-0.034355886855455306,-0.040718346456495094,-0.15895778798339807,-0.16651722653812998
2016-12-30,0.11898293576635591,0.09045874440577971,0.0,0.12334602517474742,-0.4362898645418932,-0.13366362905108306,-0.08399473762954712,-0.040173979794276,-0.09252595663291821,0.03261589230180915,0.03659258799642667,0.03265645060568516,0.025716434072504284,-0.029184411012535105,-0.015675317324130727,-0.01894814068797742,0.01928968504283971,0.017971237402742025,0.019803126513666888,-0.01716774809583814,0.01774791066054833,0.016859458294506455,0.019914710177259876,0.03631045342771519,-0.1394492836010926,-0.033785959622601,-0.1042578415604096,-0.04053644254091095,-0.05158002308099998,-0.15652243200662472
2017-01-31,0.15013059052282185,0.11433514901961875,0.0,0.15499656151451968,-0.4986787001472295,-0.14985746922802448,-0.0945164663255066,-0.04664565147544649,-0.036046093190284574,0.013625153394081255,0.015077062379431662,0.013441868601945642,-0.027897129079686268,0.03433553696975098,0.019106313958935722,0.06600196705299939,0.06074432866463076,-0.022640217158264062,0.0684555410598064,-0.02007076069125998,-0.022272605815400397,0.054348979318876695,-0.023969846557670343,0.014526080188383863,-0.05309768967649567,0.03546976866876929,0.039247452548172655,0.14429444338756303,0.16957061331959908,0.0599129523683689
2017-02-28,0.13323572086989915,0.10373258036838064,0.0,0.1344032957512445,-1.1440495294600521,-0.35881918201258145,0.07792877021423514,0.04002432716510824,-0.031051902834926193,0.03647799176400547,0.013298163835372434,0.011038482077750364,-0.007518061828596003,0.03002297946046157,0.052315806960610306,0.058503594842831776,0.04685010007496948,0.019464625139364772,-0.019638631186711653,0.01621196056425274,-0.01721075139459226,0.01616743730484628,0.02024368572591243,-0.012377813276732989,-0.1398309191954411,-0.031098105099950684,-0.10390756122077177,0.12421948107239332,0.048198078295816106,-0.1521604610021891
2017-03-31,0.07865333761373622,0.1909265068562881,0.0,0.07994742457926804,0.6945349794777363,0.21256058437850064,0.1380790118183669,0.07123482482400029,0.05640406299558674,-0.02222298467531634,-0.024676106740126547,0.021016310225614593,0.014628687233427196,0.16387101255912184,0.09318790811474154,-0.03458650418360707,0.029432390323248132,-0.035728477345206316,-0.11102962025405438,-0.028832766557178695,-0.09224505863232443,-0.031212332145320838,0.11242443876011753,-0.06876757215441051,0.07900103722619711,0.059269680569275465,0.06318298337761097,0.21182017232988196,0.0900176145391649,0.0905056095105704
2017-04-28,0.16556041012371814,0.13466380229408417,0.0,0.1598067808510456,0.4946353606692266,0.150110172468993,0.09752584304613413,0.05119784717359765,0.040236035995421256,-0.0491155516191035,-0.054933985572891586,-0.04696370316456627,-0.01082710129846444,0.0389290585661646,-0.06766963335537678,-0.07479465857425378,-0.020821704833308773,-0.025148629620795993,-0.08455783744374706,-0.061473219775855195,-0.0661462602052076,-0.06852830023075901,0.07392288431714888,-0.015777790747538822,0.05511957586099681,-0.04262014202942433,0.042651863000061234,-0.15442664764748149,-0.1917485311280626,-0.20202354858390562
2017-05-31,0.1495607181960687,0.11544762284993806,0.0,0.048685318098336705,1.3618597927781395,0.13928154678000262,0.09019017240516326,0.047124717026927554,0.037163201111990375,-0.03898935617130362,-0.014764251496270751,-0.013528067573701627,-0.009614402499952435,0.09776873046776506,0.01981480820314626,-0.020537443133962226,-0.018283375178631985,-0.05943393799146007,-0.06978949818814102,-0.04733985607889942,-0.057746675436743854,-0.06135390355309089,0.05819211465032302,0.044230567695964965,0.04652054255080855,0.037899882246944606,-0.04017158741333329,-0.04579749296501019,-0.056852425685185,0.15205799157279462
2017-06-30,0.04673009849129144,0.027780067245926986,0.0,0.1452854793292927,-1.3547395236205944,-0.1393911166355729,-0.08823039923364277,0.045286691975636686,0.035331099468210836,-0.03693378956506085,-0.04270551332151255,-0.03888505165478428,-0.028860813983822717,-0.09630005947261631,-0.0594301665225182,-0.05937666105242442,0.05474598372386281,-0.052138282892942,-0.022353280821032225,0.012316612014699106,0.018298671423319722,-0.01990087023111761,0.017584802296174245,0.04078443478857105,0.1339668022958204,-0.11133622580735454,0.03780385093918838,0.13501111033138985,0.050095708795164964,0.0483968320664554
2017-07-31,0.21099331938554103,0.11950749362388932,0.0,0.21514673450741217,-0.6731762259268782,0.2087105128135724,-0.1281485295914738,-0.06523674777142832,-0.050497493370049995,0.05070713888835277,0.05716508010850148,0.05483733557293132,-0.04166017434422749,0.04580746045320664,-0.027455202673718034,0.028918760802496113,0.07863685058679229,-0.021568210039906752,0.025528854367551018,-0.01598596873095174,0.07837364746723648,-0.02345541906063663,-0.02414359032981565,0.019824453361300533,0.1882856937212101,0.054885381161179844,0.05595054670819349,0.17230475802834258,0.19755519828935963,-0.06553321831384415
2017-08-31,0.1742806535077075,0.10442148300149152,0.0,0.1975028129381528,0.6982798337479701,0.21463162943766578,0.12943543934594237,0.06548561903893203,0.05097175636704139,-0.04904945706709781,0.05041760634922223,0.04435566917083811,-0.014441864099860494,0.04201403861412334,-0.024735469451209868,0.029437630759981154,0.07837358214522525,-0.062245310356374144,-0.02461824372322757,-0.048794443021264775,0.0759730081151296,-0.06918351562244553,-0.022330557075917,-0.01829391204967139,0.18448452627157247,-0.05237547091926262,-0.17633797990556574,0.05659221547432444,0.180865742205198,0.06007053021758565
2017-09-29,0.11619259067537602,0.06899322101543766,0.0,0.12566756758417197,-1.2089965537564005,-0.37255759575646236,-0.2274942297847085,-0.037606488444788214,-0.029109150189969322,0.010749727749193578,0.03384742501695147,0.009489985294290822,-0.009034731669306304,-0.024466879056545293,-0.0467809757304752,-0.05294951901228747,0.015917367141097958,-0.014124103107715084,0.01606358130340279,-0.010955936533319442,-0.048820523605210345,-0.0140662786510643,0.013972451399842259,-0.009951141642908567,0.03712061783772257,-0.0909421875446,0.10018621103126968,0.03605224388326462,0.10946066841342579,-0.10843004716879179
2017-10-31,0.11932126654262201,0.06834098574570521,0.0,0.12024142086437564,-1.1498248302991234,-0.35897485683057395,-0.22066579722945995,-0.10847993906098694,-0.02800951761127215,0.031247500242812642,0.032509803119977046,0.026719899606082374,-0.025978947709012542,-0.024175439638398116,0.015360275587500806,-0.01791770612539137,0.04342499400006869,-0.04341559285814872,-0.016138074682193266,-0.03316543408591246,0.01631272487673112,-0.04079095687029073,0.0404377522321716,0.027313929090118413,-0.0342256710146184,-0.09247305391497393,0.09144423989574581,-0.03391945197641664,-0.03415034865998456,-0.10501958962933156
2017-11-30,0.14738992414713462,0.08643118677703006,0.0,0.13443928772167488,-1.4923368982887564,-0.15983450441811448,-0.0968800465459472,0.04579908908416814,0.03477963246406728,0.040240581075781386,0.04300522348816539,0.011870076886870919,-0.009744378298809253,0.03110788796137918,-0.054897785256350584,0.021774239835773538,-0.018072314107817053,-0.05792028763916928,0.02134681464557312,-0.04442743535869568,-0.06280821769447485,0.017814531050137885,0.017328568869431862,0.011404306187628395,0.043976111678301025,0.04046021041061852,0.11708188895206383,-0.04498277382124294,-0.0462004204872595,0.045645376847562785
2017-12-29,0.1271165950997751,0.07676561475693654,0.0,0.12148538455132911,-1.277582278353433,-0.14311034432140401,-0.08606483333098315,0.11400579806959656,0.08576849039733828,0.036734460724104676,0.03637103329809668,0.0314178422191672,-0.022339618348849382,0.08288063332416368,0.048302591624516285,0.018843837291938538,0.044759251409735135,-0.05527924167228023,-0.05822831441408374,-0.041569512171945565,-0.01844481129144937,-0.046287255410964415,0.015112967751831583,0.030636363043563944,0.12067260131442602,-0.03791543468810954,0.105965871133563,0.039036684497572784,0.0375279781080558,0.039774357380786926
2018-01-31,0.09372884873432452,0.06320740666161788,0.0,0.08701821311354524,-1.1388669251820975,-0.382236014760838,-0.22572167551687522,-0.03309296864950953,-0.0248724441326423,0.03265406792962545,0.035089369568118055,0.028220504781851456,0.005380604148507137,0.07194462278680862,0.014220912652553113,0.016961574673748616,0.01308574255301046,-0.017731204383954115,0.01862346318629525,0.011715621057685994,-0.05142151831944737,0.01396143166264844,-0.013101066513532654,-0.028178072940137452,0.0992527885487257,0.09450879424162535,0.0853434293400097,0.10398221567800849,0.102211465074802,0.09366703320745483
2018-02-28,0.02118764475690009,0.017943497839372106,0.0,0.019335953746889983,-1.2470842436471847,-0.42515470223780816,-0.26664195342494335,-0.12753539835324174,-0.1002891448604901,0.013940735939582049,-0.014603828846984182,-0.012823681462246064,-0.02481484810729464,0.03146251365706382,-0.05669001646943311,-0.02339258607568379,-0.017096156349162124,0.02667923353906575,0.02595279013410121,0.01491036298139888,-0.0706717841737021,0.05223794133944505,-0.0194384693175243,-0.03790642533491327,0.04387578343551925,0.12243387533382782,0.03752556622815953,0.04274448237140363,-0.0436232044089543,0.04200317562770481
2018-03-29,-0.033202925744571864,0.026451935520761194,0.0,-0.03007591812294663,-0.7307526008102863,-0.24716346432587882,-0.15422927864924915,-0.0754112064516305,0.05912731706887954,0.07333751104420624,0.02715459154204126,0.07178876920298247,0.01611902973750161,0.15685812458443776,-0.09967439718546767,-0.040343968927880204,-0.031159568336934906,0.03925266138640823,0.03932364366071286,-0.023630835287380962,-0.11791488906530882,0.026325993465206532,-0.09926505104465679,-0.06622269171267127,0.224072063332521,0.06983830104082844,0.20496441421799547,-0.06831424846655278,-0.07403234305055759,0.07399225701354306
2018-04-30,0.01815106917726517,0.013769458526766904,0.0,0.016707432282885574,-1.2361966126013457,-0.42089969236291175,-0.25792049431950675,-0.12295310348922052,-0.09654351916029967,0.037430691127038104,0.042628658514519184,0.03934192608576861,-0.009410361103945119,-0.028256530315434358,-0.050929531407195486,-0.06285002129972603,0.01622884671422024,0.02065696269456935,0.020594970885646012,0.011418423567125323,-0.06550450952940923,0.04335331720035473,-0.015466462036724301,-0.03388727067516768,-0.04215142412309202,-0.038968918331794375,-0.03643350184932001,-0.036472159450880615,0.03974892369859368,-0.125125207469274
2018-05-31,0.144667077943033,0.11169498470668163,0.0,0.04388176923125791,-0.6793988716252571,-0.26071542888342136,-0.171338745446218,0.08972997297533834,0.07225224994563041,0.030192250925242546,0.10741972093468838,0.09864093061344324,0.02515616356118401,-0.07409807452690248,-0.04482078374803159,-0.05195311983561634,0.04274867469808064,-0.14649607674729742,-0.04605852771662689,-0.025963011735467657,-0.05371412714026729,-0.03555366419777977,-0.03542984875106999,-0.027345534699429217,-0.09680142498618606,-0.09755367042967952,-0.0953990279972993,0.08546549654395563,-0.09364129089026542,-0.11186947856464907
2018-06-29,0.06971426698122718,0.05180295287217128,0.0,0.021051414740665023,-0.9660026900772105,-0.3684883914853419,-0.24140667379167383,-0.04239664325184774,-0.03380391605318792,0.03456380390651666,0.01461632201550476,0.013496666050869693,-0.011663451486762937,-0.10024847143756611,-0.05709388435658458,-0.06495708771245111,-0.0177118208646296,-0.050752369937397235,-0.05302239601488716,-0.010501789430488502,-0.06839553225191966,-0.015651723467137477,0.014346444015779282,0.011485707270904203,-0.1146447590549867,-0.13537220746840295,-0.041196345527796475,-0.10901407740491209,-0.12462652921948811,-0.14197166185169016
2018-07-31,0.07654043935456248,0.053457986603385216,0.0,0.07036714185517037,-1.098692065103054,-0.40978756706774777,-0.08763673204631843,-0.04466017315635743,-0.03538280552226972,0.01164103291468058,0.013856310831673352,0.013062062367806767,-0.038811670967356604,-0.10150644435698876,-0.0582785821880228,-0.0514499117194619,-0.048915032518374826,-0.016628097003066614,-0.015236159526787639,0.009375684926908746,-0.06539850682986183,0.015541255619172367,0.015496379078751132,-0.032018097135959434,-0.12533089536851705,-0.13470357408359876,-0.12649722589184476,-0.03630050768045287,-0.043346663286114126,-0.1500809949957337
2018-08-31,0.12210397586327454,0.08584415268302835,0.0,0.11078955001263369,-0.5728672141610782,0.2103853196524825,0.13517831519138263,0.06826883781784651,0.054097427498006306,0.052952705452522814,0.06375051983057933,0.05792625966293621,0.02000555198454084,-0.13022092562676124,-0.07516482373504747,-0.06350351125029287,-0.06627626276397258,-0.07049757263667478,-0.060388578889351334,0.013779657145824771,-0.03235555650290069,-0.062106696907904636,0.023424557667588313,-0.01127347935269315,-0.17896716980979357,-0.06686373981685816,-0.17723313882306577,-0.1480838763055666,-0.1888076476226354,0.07688297533275636
2018-09-28,0.07894111267383652,0.01753274883837577,0.02199744164340679,0.07135191411612714,-1.0549098097286562,-0.38077415395759845,-0.24286436806227618,-0.12272880474951794,-0.09658248886176667,0.03215077767621293,0.039411570792574714,0.0355745296219802,0.010826249661711768,-0.08072112753194349,-0.04497052580257344,-0.01313302267447156,-0.011567183238273108,-0.02700789768621321,-0.012728731343219377,-0.025785988838948257,-0.019119329673569895,-0.012974400428133909,0.043360296522283084,-0.00676221821652154,-0.10868390911687754,-0.1213394879937786,-0.09856153471317965,-0.09028307985759393,-0.036972339406421334,-0.04038295657195617
2018-10-31,-0.018966971765301696,-0.012752652201813227,-0.04721535868605935,-0.0185871625737815,-1.0363395339176196,-0.37372273605123374,-0.2350817022861969,-0.11902614868948085,-0.09298649092488044,-0.010488965819339714,0.01330675709371466,-0.03182366410693326,0.029558562112051295,0.02657130406108373,-0.04881832220710685,0.015041116876390018,-0.03859114181406329,-0.043257575141980135,-0.041567779478430544,-0.00946245444543998,-0.05834698510383493,-0.04080290140057302,-0.016355477699705318,-0.006754921998859901,-0.11893003528555848,-0.04150820058069934,-0.10228802836735179,-0.09649637667147723,-0.12124989415026848,-0.13410077848877058
2018-11-30,0.032608984048085536,-0.022509059114372468,-0.027971322710730776,0.03138410867397066,-0.6650564791022217,-0.24875176547587663,-0.15950612589353255,-0.08088322430853946,-0.06383730170284727,-0.046135686316689684,-0.06171809570436061,-0.046899657004390805,0.025557749362196597,0.053547534111041545,-0.09145654265972414,-0.028315833277481866,0.023901019585591852,-0.030597700395970668,0.02681251432850879,0.019666214233854364,-0.10475496383432852,0.028338580991599655,-0.03480366191142719,0.012852813380513875,-0.21652707022716042,-0.2596054176890489,-0.16965324851331193,0.05762046099806522,-0.24104288588698472,-0.08768397855757118
2018-12-31,-0.05608018602944299,-0.04271388851028474,-0.05108380678074397,-0.05450343763183601,0.43165427141330315,0.17456730441078197,0.11377513808203527,0.05610152159188856,0.04356266972801744,-0.027839050408650545,-0.04081063344491038,-0.03181110360408265,-0.0059545073722569505,0.040602540165152703,0.023438860204042455,-0.06609801942338804,-0.057134563427253815,0.025040323124549912,-0.021857253236501804,-0.015775449093821066,-0.08115384022671993,-0.07007301345228423,0.08648816796466399,-0.032554327836659694,-0.05640439088748146,0.17685335894924092,-0.12909151618799733,-0.12976567507893047,-0.18162237316009364,-0.05803127304718758
2019-01-31,0.02366226360287949,0.017884497668521723,0.021609186283793783,0.02327641634974867,0.46799130871167477,0.5678676261140606,0.3777924313993526,0.20138153367827838,0.1616857145147345,-0.01210025346330953,-0.01712150500111132,-0.01335208578544965,-0.02099938562929454,0.05039775593480044,0.029737713768113818,-0.027870642108397303,0.022759609072650032,-0.03154958456210816,0.028887749885497804,0.02183170019706366,0.033002286600083613,-0.030778133660559506,0.10965752914403629,-0.04290292242318473,-0.19737147202452804,0.06732684128758623,0.04991440929753933,0.04684155176319709,-0.06925530633064525,-0.2131905837377994
2019-02-28,0.0700521133049324,0.05342966044831887,0.0633027764296178,0.06796249309698478,0.4460907261119125,0.5280549140047628,0.3485626302000496,0.06089727087492109,0.048846887934474566,0.01160035355541914,0.04823862866178138,0.012063957511052683,-0.006934699702240632,0.044819803440909994,-0.02738947280486492,0.023785568458887525,0.021466903326708555,-0.0862286261262139,-0.027650761650514628,-0.054599516220109216,-0.028655475735666583,-0.08746688796870201,0.10602128316422527,-0.032783881924575195,-0.18952101942473165,-0.06336836273533374,0.04501204469244253,-0.12532287153825275,0.06264035802575446,-0.2072300509256388
2019-03-29,0.060028623591189184,0.046008823011279947,0.0165996421409569,0.059393715753370484,0.9585340048872915,0.3922612305621718,0.26134956718844593,0.14003220344078043,0.10803213095894902,0.010341875071310402,-0.014492411374628549,0.010685751855570658,-0.018929467128163884,-0.03355487890155845,-0.06297941327932273,-0.01775210837383243,-0.01836928812699231,-0.05944106058107949,-0.07066414649516775,-0.01328042050378891,-0.023980533168885206,-0.06867577629408289,0.027347089878282462,0.008256591595370727,-0.15320684263547435,-0.052639247701328724,-0.03303610766596429,-0.03644494436019957,-0.05063144140934966,-0.1730506620652112
2019-04-30,0.08379144167284404,0.0641808449621933,0.066851059037594,0.08270293068930781,0.4179432975397686,0.16808406775883356,0.11047904366780974,0.059544839272600236,0.045499416305043325,0.013613084569306884,0.019119697189305587,0.014252092026498209,-0.02650740398839759,-0.13197790562207237,-0.0840043453145785,0.021274535387797822,-0.023747103749368417,-0.0778481913580993,-0.08946299537661967,-0.05181382253292299,-0.08457271441874593,-0.08348021596393897,-0.030098210591117978,0.032267250416113606,-0.20197059697217162,-0.2104551757045903,-0.13496788976025267,-0.14031516208738004,-0.19791262439856502,-0.2312620416661616
2019-05-31,-0.021053123475442827,-0.01600904839908682,-0.04861222716959635,-0.0209956886024066,0.8538913746267018,0.3689187705551587,0.24787559254703279,0.1370919472246668,0.1037069609016354,-0.029331989731531196,-0.039539537378168996,-0.01054301104142887,-0.022958886420523947,0.03390488143169961,-0.06537594674499801,-0.04838485631263515,-0.05369072002164805,0.013274149159993007,-0.017774116598284307,0.010349434445179094,-0.06054924485418381,0.016167350201403616,-0.06550410273482493,-0.008558816465120854,-0.1757027544420088,0.05273050429769909,-0.11294813807823033,-0.1171190896038783,-0.16865715943833978,-0.05878057709649178
2019-06-28,0.07730272631175919,0.056887622416072245,0.019604003006024082,0.077316320857812,0.8923344109586329,0.42409343976378583,0.29295437034056165,0.16366914908033364,0.11948828329847097,-0.011038063235337124,-0.015236160661505042,0.012032878290255285,-0.028414678495752153,0.09893719888337207,0.024548912073689314,-0.018381051074648602,-0.02175045356714724,0.04493937496337271,0.020603396093951284,0.011736362100655855,-0.02227777064153701,-0.01963495792624207,-0.023113452404139513,-0.02896632888360768,0.06644472164005094,0.0652944771171964,-0.047573188825673615,-0.048295911029578135,0.1861533201512196,0.06097701590761614
2019-07-31,0.11146774037642809,0.08122913144950017,-0.02822692455133855,0.11234033427540935,0.4036838785431456,0.18939825929743154,0.1320264765477451,0.21376704535978824,0.15115794144711966,-0.045892571328118484,-0.06166288877585935,-0.04949978444910653,-0.037852942854686114,0.10366935988192005,0.08552072685093996,0.024022561851229942,-0.08968896461180458,0.01876867521191564,-0.02694415844262567,-0.015833243429211753,-0.02871436359887098,-0.028440683447087903,-0.03233512048392497,-0.037557193020797415,-0.2636095707275988,-0.08625368681320454,-0.1823681974653325,-0.19014317396926012,-0.08958683742378336,-0.07833756351481513
2019-08-30,-0.01931767701711444,-0.015686350143687234,-0.01663037225069387,0.019600422837693116,0.7603862145601333,0.3456055504068863,0.23378384589594842,0.12565303410679568,0.08415109383665573,0.011071573205042625,-0.01484413557950222,-0.036095615557357665,-0.01023502782424103,0.0738325952183489,0.05714307155598624,0.05336227012979549,-0.06909462359486683,-0.040140524241373265,-0.02077124217282797,-0.037105558866091584,0.020002866785033,-0.06538877829776046,-0.06118232012046163,-0.02511170581194755,-0.1945341698599491,0.1564248247916528,-0.04770686461567449,-0.15236470844111397,-0.06927661551007168,-0.16349634676529334
2019-09-30,0.12602106347728928,0.03334922788184967,-0.03408029092177999,0.12706062850248265,-0.4892278980681434,0.21266323121558456,0.1424226127801046,0.07534460149425096,0.0504959583413435,-0.05118897403329053,-0.022290081568835333,-0.01837094914939898,0.019469495299707602,0.04692325276646565,0.026813765475657222,0.029572851942589955,-0.12750830822574336,-0.026890391532770588,-0.03961814510917636,-0.026178441521736002,0.03987822812288179,-0.04340387790070973,-0.036718220393473854,-0.015735473103269882,-0.3765245970937872,-0.1080344344866576,-0.08549576155788603,-0.1049352826595845,-0.13639682624352545,-0.3273871291300236
2019-10-31,0.11183858592560375,0.0889330691076683,0.09361170826472573,0.11381274086377036,-0.41378915814754363,0.1777905573461528,0.12035771451858593,0.06454415930183462,0.043466756491822786,-0.015951898744935765,0.02095804214664615,0.01739294803738503,0.01605576845756525,0.12845244595381994,0.07493550876144979,0.08182726482145573,0.03738803606562459,-0.023344822290366954,0.11317276713347407,0.023402096823325554,0.10268757511346795,-0.03811152648895026,0.034471172853010414,-0.040471029083239844,-0.11573803785064614,-0.09662510523421482,0.19256923664495823,0.08755552231244633,-0.11489457054824234,-0.09832119328965026
2019-11-29,0.11341072629405632,0.09033199173722639,0.09177595584531237,0.1137591457406571,-0.40912213335488146,-0.16831540037738255,-0.11134590050947268,0.05863412714565059,0.0396041879512683,0.014660524148401782,0.018857414173860693,0.015439446838735372,-0.0379425325196937,-0.04105379340489379,-0.02365808921139166,-0.02417439901610566,-0.03424328961204347,-0.02284317690484865,-0.10983770960804111,0.06421934543761929,0.02978274686995559,-0.1005470218061631,0.09956095167861369,-0.03816342539544656,-0.33355260214309307,-0.09461828343132454,0.06316505980716015,-0.08217617328160082,-0.1116742246446326,-0.2888545393276337
2019-12-31,0.08930463853907557,0.07115442393895192,0.07309916215724632,0.0888240026765916,-0.30379652124539835,-0.11561212260376609,-0.07410306268100923,-0.03871417378831712,-0.026414112623375653,0.035440564591140755,0.045241442753361415,0.037028993643745976,-0.027237578662118338,0.09535180857768856,0.053501094638078825,0.05149942219576264,0.07195757038592372,-0.0182522769924017,0.02753821618620521,0.048033012182057015,0.05905366897662924,-0.024704405200031667,-0.025662967767466443,-0.01017622253731485,0.07723865176206467,-0.07111283422274732,0.11790011357810178,0.05611215763694661,0.23404478714836136,0.06794452878830837
2020-01-31,0.023912641288536988,0.05640798049086863,0.020755619789942253,0.024008628461509154,0.7840489738326708,0.29543653497937905,0.18733061635603138,0.0963168677146371,0.0658161258071007,-0.028102493900882226,-0.03298826329354084,-0.009817980209930063,-0.024343741276193206,0.07484163278346456,0.043545836669003246,0.013499237101256752,-0.05612970216822114,-0.045345515958541874,-0.07113459246852419,0.014683902063434336,-0.047385232516491994,-0.06928033936558893,-0.06483698464919499,-0.024016840355343863,-0.201475365271126,-0.05926905634681748,-0.035159348247326805,-0.13745135188447774,-0.2135719295002162,0.17908666524974706
2020-02-28,-0.0164708720144569,0.013816005063706976,-0.04686964928374391,-0.047056151903331074,0.6692284601388591,0.2622265772277909,0.17155164947625767,0.08975886939701522,0.06209410730875261,-0.025087769345137113,-0.027563067553375425,-0.024786081369983854,-0.021892376776853784,0.06121832322312639,-0.011745727377546778,-0.03447751244725124,-0.05464420691556276,-0.0464842134108841,-0.07094008924687879,-0.013177286155285585,-0.042625499173886465,-0.0223127651138492,-0.05293183572393504,-0.022846851750628096,-0.17226494917215054,0.1302756951101153,-0.09824208633753068,-0.11882955385610879,-0.20262932678314552,0.16581438296384307
2020-03-31,-0.023506587077870726,-0.007897088262473616,-0.020917614282844693,-0.021666019761894365,0.7059433302223925,0.23423911820858553,0.12752440530246348,0.06086706107204609,0.03694872266138843,-0.014431715629351806,-0.021357563272829574,-0.012681304813183069,-0.024408786649555793,0.013249996631681282,-0.02444333640206314,-0.021188220956608207,-0.04608155858290157,-0.05208690267104654,-0.07059902568612435,0.04312587092065663,-0.0444242289519145,0.019993183305576253,-0.03551578902974233,-0.023621548528165368,-0.11373587998647099,0.08360511660666828,-0.0697848963921482,-0.07295967457859008,-0.10913224203335094,0.04010770783669893
2020-04-30,-0.011019831170033223,0.010939390583056995,-0.009180401678088666,-0.010327460217590526,1.1208451417018943,0.1213327133540209,0.19654282361355546,0.09180255492467915,0.055720057957534055,-0.010010616949772016,-0.02153609070523903,-0.004987713556673913,-0.008342047838901481,0.05369877380688662,-0.01135423199300929,-0.01017672065385181,-0.02011768585689271,-0.06749157205246507,-0.09591578060345908,-0.019901526798344345,-0.061418853540084854,-0.07983953892593693,-0.042280862289580404,-0.025074854972666292,-0.16347983808486746,0.04297541872228873,-0.03534691174629719,-0.03207287505455632,-0.049184776145966475,-0.057319269355332415
2020-05-29,0.03664535253600017,0.0368188303779123,-0.009623664196186377,0.011349339124590792,1.2814087099310367,0.41264820991921447,0.22397669551612628,0.034127863384400235,0.020611942322084756,-0.0035566766220300346,-0.006534682575608496,-0.005162545284292295,-0.023487228480161194,0.01980108856118909,0.03559661695406919,0.0305530879955273,-0.01985966906103779,-0.02435826208393039,-0.03253674476363298,-0.020657752363285212,-0.021010538339533143,-0.08761409689276295,-0.013704682998004312,-0.008389069098184812,0.057421998150123554,-0.14522148391260664,-0.11358857672709079,0.032862431638694165,-0.047691004049445124,0.18318115614123864
2020-06-30,0.034654644748356896,0.03534583708192588,0.008788830356821837,0.010530895269446242,1.2840968877635643,0.40281393241272556,0.21765773867947227,0.09817112582492069,0.01981702454877542,0.0035971808829940977,0.006270074508244931,0.00494037211648279,-0.020596461575457643,0.05779787064415274,0.0113203968440733,-0.009367890101383147,0.05313285899828587,-0.02180856885640377,-0.032026869179999334,-0.05547514687730837,-0.020016323326336967,-0.028914828673598895,-0.013591033593633286,-0.024186476283140013,0.051659821049103855,-0.13500840393325406,-0.10384157278976403,0.02828611121001184,-0.04289111111055189,0.16339371075981013
2020-07-31,0.03287019590802243,0.03161060478378392,0.008227221806145121,0.029873834345268573,1.2391656469765966,0.38442377139127404,0.2074816992990363,0.09235691795479098,0.055498615019387756,0.003479784278231181,0.005942802574082954,-0.004707572715033781,-0.005794536171290105,0.05075440167088822,0.021097008207446193,0.02317150556029249,0.04621612224678681,-0.045511785773873784,-0.023775324325020598,0.03957786649800329,0.05036281043191292,-0.061983507377197024,0.012405654051744534,-0.006871105758464832,0.12649866550776326,0.039399132966565345,0.09428463748102209,0.07679118214627101,0.038824113982994936,0.14104197279080866
2020-08-31,0.044218430619401325,0.04096878203268763,0.033004166550311846,0.040098718414736285,0.5514586648722761,0.1672265688814468,0.089222245992656,-0.03851597089898325,0.022950792774871692,0.004742092394382468,-0.007863235216333307,0.006172916613330327,0.006114114482454714,0.016462379996524733,0.01971965520500059,0.00925839126345214,0.04984534450257477,0.017871482456429562,0.08026274364328542,0.04705224961289294,0.05690163604851812,0.022589408282710832,-0.01631135756876148,-0.008275160637396455,0.15230368847469422,-0.04602062139313984,0.11326674647921513,0.09621590802911127,0.1476444737778666,0.15905714963672482
2020-09-30,0.012513845921250561,0.010478950686959957,0.009837224280254697,0.011949051566233057,1.6363815775489574,0.3225844546277166,0.25386445202791313,0.03565187033947507,0.06278150343981478,-0.013522495049606849,-0.021265454519451454,-0.005684598124128357,-0.0041994179305108485,0.015216859579127433,0.005605465277740293,-0.00785115355019721,0.013470429676678667,0.015199986121490292,0.06027929532488207,0.03576669157373191,0.0457809671578922,0.04951915700035842,0.01570086396563303,0.00718878092526061,0.04582124236398284,0.13340786289669626,0.03091446817042355,0.02819119480549048,-0.041988949230712246,0.04738173631742944
2020-10-30,0.023079737047656233,0.018953791187620642,0.018254268456146482,-0.022145750579658806,-1.0765376504888966,-0.3062087518135882,-0.1551995088593333,-0.06412004899513575,-0.03765156147711317,-0.02549183153984683,-0.038312790176908515,-0.031072337835028902,0.0076682648794743945,-0.028328259062666238,-0.010518552754654477,-0.04266385787026555,0.06632523841811824,0.026142710337202058,0.09915336795994656,0.06207716664721627,0.06998372303238534,0.07891612358625284,-0.0803261275287928,0.013318840334466037,-0.08098815300166458,0.2514961343797372,-0.05488576667951497,-0.051302625242223836,-0.07506297874397827,0.08381408108450676
2020-11-30,0.05153582580261645,0.041100591729381464,0.038307287013367775,0.04816577931414246,0.834166129483282,0.21000895383723683,0.09784781926148088,0.03963842884008381,0.023584948075716324,0.006417264644962602,0.009196851973545594,0.007646374264474081,-0.01688034550890661,-0.019231909459711743,-0.007917653078928957,0.031545326298540906,0.04857980824143453,0.05325260658020233,0.06577320091858711,0.014330255484888504,0.04775365277551564,0.05705100222506698,0.018995641000372394,0.009844904943010942,0.05830413668985861,0.16596264382115622,0.03840040890261917,0.036065799252737035,0.16396284251085655,0.05683045087277193
2020-12-31,0.03660218703609343,0.029105707097896658,0.025951350230827053,0.03460389717164057,1.7438918437208126,0.14328023835153023,0.06741166049281852,0.026687341281331673,0.015974038750086367,0.00453950295129361,0.0063705559703633365,0.005257405728091563,-0.010755806772329587,0.012855233024515873,0.015836007934659883,0.020225063555962812,0.03238170958879572,0.0339673991974969,0.038348930850620924,0.025895055505203563,0.030566602867551917,0.034371878681792964,0.013006085520798256,0.006495361047815094,0.10910070080514896,0.114994364793221,0.07323676240197421,0.0725180214780047,0.10642716782533847,0.10934211936598405
2021-01-29,0.012227915173075862,0.029140571587109074,0.02681408388204065,0.012257370233222327,2.019448340824123,-0.1567195885980825,-0.07214805456068941,-0.02853990610671516,-0.017290636984649093,0.005112109153249541,0.007045784296940385,0.005744716564275251,-0.0039032797188203816,-0.0132355955280503,0.01659418867581058,0.02033860668847902,0.010943253618819595,0.02870477220251809,0.032141074317469626,0.025884664908548294,0.02955519771588319,0.02949777495920041,0.013608701864469422,0.007238443854534363,0.03813580318921145,-0.041608462154612585,0.07987673232774174,0.07334680201992094,0.10355068342568849,0.03934688486604956
2021-02-26,0.03735933465509118,0.009573539409630454,0.025433263717555006,0.03827161345187155,0.591286915464369,-0.10072679625079149,-0.05460971352614656,-0.07575030901637034,-0.04693472800677022,0.005289624275651827,0.021426614119333894,0.017762449998386592,-0.003614002903086096,-0.012902731733073328,0.016303657740762645,0.019708035657747938,0.0288894409680393,0.02816165305185198,0.032598045832742575,0.008290531207584297,0.028668620402216703,0.01016009841209758,-0.014151280126459309,0.02200652032996271,0.03783848595417264,-0.03934200978531251,0.0832827980662492,0.06567367095430217,0.10113375396967218,-0.0372040212369927
2021-03-31,0.057442471231681294,0.0399578293455964,0.011891338101003311,0.060052825507491144,-0.9158884858393596,-0.4527444906468137,-0.24540025849482294,-0.11581651521667194,-0.07279831957556715,0.022433583684501747,0.009570982344224573,0.025946458718563346,-0.006189547746622943,-0.020355954900650477,-0.009014472070023304,0.010415308966638715,0.013209853906207977,0.040492822259751725,0.04626868895689561,-0.012963786232287756,0.03382705143588843,0.013726718918625739,0.06963053926332591,0.035153899464075204,-0.056133428398080686,-0.17888458324405473,0.044877799886354874,-0.03309859952048623,0.15740391980721677,-0.05026483450660416
2021-04-30,0.05355044470803648,0.036888399437565576,0.03303609052369641,0.05646064667471734,0.8457768589262533,-0.1342807615866212,-0.07272918516085324,-0.03469340690772778,-0.022111839679138254,0.020687695547174704,0.026336118579200405,0.024132702145766353,0.005804635061141099,0.018447896139826187,0.008370016794566601,0.02751494567120849,0.03390356220548459,0.030068967040815985,0.038893908460725594,0.030910190779612053,0.026527401413172686,-0.012082294775367172,-0.020416122931375347,0.02871654718062783,0.04752613106989481,-0.05150493221901384,0.11259751111827904,0.08696963237347528,0.13131364205845986,0.044416917864059255
2021-05-28,0.06608466575448146,0.015108366337183021,-0.013775939458304371,0.06990138203318205,1.1456242361069142,-0.17252052521022138,-0.09459547088088613,-0.04499354302773016,-0.028705595479304357,0.026669893719905694,0.03356338339655804,0.03135135245986649,0.007702177529997039,0.07016105776508179,0.03215137670931751,-0.011670236169061947,0.04089191458760134,0.030262719350585394,0.04690904656515305,0.01177303269266089,0.033671314671942044,-0.012816677812182596,-0.06987963065304739,0.036679215966259754,0.17030894926253695,-0.18875126601963385,0.13913418699497904,-0.036130563342688105,0.16083560612361836,0.15737667391911503
2021-06-30,0.05404599756344376,0.03754927277328546,0.03375132925679144,0.054788673352359596,-2.0314012152433074,-0.12186057307701058,0.06804137926661209,0.03215514110090634,0.020472004938569592,0.022936017007313063,0.028616734664330692,0.026655582785907316,0.01885588097914673,-0.01725065342014337,0.008772298189349777,-0.008634372763161204,0.010367078627065715,0.019528642852293637,0.008247857635684233,0.008384056739529067,0.00634433824897835,-0.00815355513544339,0.015854381336548148,-0.009092611735284075,0.04276907476560206,-0.14324978752731446,0.036234624044560966,-0.02758571489776576,0.03962530159810249,0.03877584847418929
2021-07-30,0.10757486490284515,0.07810239186922517,-0.021551569372857873,0.10718605817106415,1.2149004441631677,0.2262285043047107,0.12821346578184178,0.059275118417079956,0.0381863502732106,0.04203022049317179,0.05167385153641176,0.04804527711700361,0.03645037112808361,0.035561210557300944,-0.01771526188498913,-0.016716043177678417,0.05861528296052461,-0.012495149300270252,-0.015745364064976383,0.015151455464405064,0.03729857388598544,-0.01522830000190261,-0.031141586543248362,-0.017812962563858743,-0.0852327609482765,-0.08687734782150923,0.2014585695309079,-0.05392665065220237,-0.06645283263530787,0.07315216047598283
2021-08-31,0.058871986002362216,0.04311729261260577,0.011067575060752661,0.058765216360050214,-1.904175620720717,-0.11694822193923435,-0.06665123520570497,-0.030904539454450722,-0.02001092301157824,0.0068948059532865915,0.007957135189427091,0.0071413042359411046,0.017731696993279,-0.017291160895579222,-0.02702334296857755,-0.008217985029974763,-0.010014233895431133,-0.0069674238645546505,-0.008613305775368393,0.007849651454725964,-0.006350054206946956,-0.008448878066287555,0.01624602528033877,-0.008313748841557651,-0.13547462355912282,-0.13759822652310963,-0.03477924611162956,-0.07869823008808824,-0.031179872116666667,-0.10669643858265083
2021-09-30,0.029163579471023108,0.022635505738840888,-0.01752858170870289,-0.02864423628555786,-0.97176454748706,-0.5361067369187511,-0.0984458189692149,-0.0439273625011337,-0.028318450099805263,0.03432675373944318,0.03968159843958888,0.035497436536895154,0.01865209663841074,-0.0779434561783759,-0.039184955984457245,-0.011690067661839922,-0.014570789868470033,0.011631780787326759,-0.01473360536289802,0.03824937208347683,0.01049915214672499,-0.042590790128323903,-0.07890049839397625,0.035068297359210354,-0.21314892780664757,-0.2036572649124188,-0.05054951365438895,-0.04018332486450981,-0.04728274281386981,-0.16542275545865695
2021-10-29,0.059245341273843115,0.04587356587804111,0.03757719245509237,0.059220674014882194,-1.4293091299117875,-0.35325598472643505,-0.19950561476026676,-0.02936984260032804,-0.018452665040209076,0.024859038944577173,0.028060620951671982,0.025444510469966965,0.0036120674132468734,-0.018323532798979428,0.009394015756462449,0.007980622442088,0.009262725244995839,0.02541379857961081,-0.010813722553350726,0.02683462377097088,0.007190438039301082,-0.010608600546240365,-0.017314486530880174,-0.007986690498839065,-0.136583082327922,-0.13123093690608123,0.035482133989533614,0.08697426194674814,0.10606897176029935,-0.038751107867348804
2021-11-30,0.027750490140222666,0.06724649249747348,-0.017157077621627496,-0.026606396507798585,-1.20085385313565,-0.3803781025728629,-0.07973210146755556,0.03944541172267927,0.024798742637483818,-0.008704027192176594,-0.009660350586998528,-0.009066747006181328,-0.004947514094983052,-0.08266606866336247,-0.043992111523716036,-0.035507172562625505,-0.013656746521758542,0.013851542563998035,-0.016939289099088328,0.038648532411300014,-0.011221497214146925,0.014565623069363752,0.0823907268235933,-0.012741505767853862,-0.18190879666196536,-0.0520059107682339,-0.15505245210936291,-0.12910069681550362,-0.05385916393986888,-0.16554485630056523
2021-12-31,0.07495433481598102,0.056666161069233015,0.0474437826971567,0.07644000637938816,-1.1846891504127701,-0.3826323566434993,-0.2407709350676864,-0.039079134596942594,-0.024338541782461354,0.026652515169836313,0.010104023909752563,0.028350359135723632,-0.0048332299982312525,0.029344519663490196,0.015453372127459303,-0.012512923892451799,0.04457486541198814,0.044982071235227176,0.05078744591783367,0.012502537236228722,0.011347329549528766,0.013486024566313542,0.028450535508526786,0.01215024609545526,-0.05966626652486924,-0.16889777696156497,-0.05311020180915878,0.04043586480607994,0.1493778279396674,0.05596565907549401
2022-01-31,-0.022037306387769105,-0.01554065317741413,-0.04150143348649669,-0.025151353324991976,-0.9477661013059957,-0.3416625248902134,-0.22207186706811513,-0.1140513181505623,-0.07193496023553662,0.02780281974601496,0.031286239566262086,0.03025470212261992,0.004315073841200924,-0.027965684528501168,-0.04298269719643918,-0.012479901236600675,-0.014802548849312308,0.04449068602185146,0.04772221604146816,-0.011386862352996505,0.03414787301725293,0.012720990945037713,0.027302202214335432,0.03536415424259167,-0.1604549146166717,-0.16566627417206642,-0.16046819913512073,-0.11101335134545495,0.04768325573149257,-0.14797183504961456
2022-02-28,0.025075524191058768,0.01771446619052001,-0.017399380771850558,-0.028189977035529837,-0.8832359796572896,-0.3816542190390562,-0.264431266269728,-0.04670432583172914,-0.09262011202565805,0.036136645177884924,0.03995742134351799,0.040567938162446755,0.0055725891664931936,0.10495651372324274,0.019205219322407555,0.01591496809451354,0.05646877541632779,0.04691336000453404,0.05282984929949704,0.031223887677398563,0.040374355396879356,0.046122906128514524,-0.10827789359974889,0.044132274598328664,-0.0637690569283202,-0.0737901589336927,0.06790389257457058,0.04767567743607859,0.06256067164238319,0.0635134687996392
2022-03-31,0.024752065843806112,0.017479621163102515,-0.018275207490238622,0.02910587807574325,-0.8000848831385935,-0.3215377579483741,-0.22492087684647807,-0.1291351200023214,-0.09239364358219594,0.008162637230303315,0.01875932950159713,0.00936856251650356,0.0203236575342994,0.09112544198724609,-0.01824724396687895,-0.01462348328396004,0.05896001826840994,0.04810879049088435,0.019808167561407748,0.008518449287365592,0.014294896263761469,0.05435470987399978,-0.035508774797252396,0.016026672786322825,-0.17753611433547678,-0.18825661431646074,-0.2098953689419084,0.049157219296921635,0.21014890215854018,-0.07112989150964574
2022-04-29,-0.062473355624124635,-0.04479670270896689,-0.04915255815448911,-0.0738049630860048,-0.628403183109859,-0.2553478936300489,-0.1781018201630621,-0.10231840433849947,-0.07465106270427588,0.007741634619159123,0.018587185685427984,0.027188267606926504,0.01781556607541514,0.02902486366236884,-0.016955898181685594,-0.040553223814987605,-0.018293263637024135,0.046533830472418145,0.054662796026836755,0.025448955013172334,0.03928335367637238,0.01620158555171057,-0.0314054984833817,-0.04125907159302342,-0.15953773928179005,-0.13557833689470222,-0.16356103148642698,-0.041741760436543804,-0.1830268431503704,-0.19234726581359515
2022-05-31,-0.0304285789800886,-0.0663860496799992,-0.024820276447045476,-0.03642412069098996,-0.3522393196580162,-0.14152360101891884,-0.0983394811491393,-0.05599204207981304,-0.11722855551830766,0.039925964464965984,0.03442330189530753,0.045059714742917666,0.028909849714640064,-0.14289937222307725,-0.08108077848956875,-0.02234666659753517,-0.09282778578774535,0.026680195354014412,0.09210649434510136,0.043658745644797964,0.022295225391809226,-0.02683322984228962,-0.05305523802675975,-0.06631296366596362,-0.08260743251462738,-0.07622700442970623,-0.07927618353018105,-0.06116602024025899,0.09790160236762997,-0.09212497372834767
2022-06-30,-0.047733262669529194,-0.0360172575946749,-0.04018001142935941,-0.058142477806896735,-0.48893019840087715,-0.21924895029358196,-0.15668940546279028,-0.09211881033478216,-0.06712506203541478,0.008279339062827193,0.007436381616098822,0.009265745678379586,-0.004756321829810253,-0.02756401819437855,-0.0462591613663148,-0.038649732857361736,-0.04716670409805549,-0.014878766438066104,0.017361685114933585,-0.008656576555278602,-0.012434453862347249,0.015023213443810602,-0.028993196977942236,-0.0389224252796323,-0.14119753726047368,-0.11788376194205354,-0.12063281800629681,-0.10162638182594967,-0.16364023492189234,-0.04437466805562244
2022-07-29,-0.03676019472953694,-0.02769124394427643,-0.031080658636916364,-0.04473701163487665,0.34934710623837334,0.15328606852939064,0.11013071496154957,0.06609635893725224,-0.04979890398207638,0.017607873289678354,-0.016048340510797766,0.018866905605338102,0.031340401423416944,-0.1775608876255815,-0.09409180776817708,-0.08404456790271267,-0.09036026331426504,-0.026866756841871363,-0.029976085733295906,-0.017402752947984722,-0.020796113012615663,0.08394415376332968,0.06431709677405742,0.08863554418607987,-0.28466213760139025,-0.08441564619216627,-0.08945758067764027,-0.07567681984195503,0.11645388137237354,0.09971650374872465
2022-08-31,-0.046589613624125836,-0.03528501200095681,-0.039381288785370894,-0.05608567885998126,-0.4479663928274766,-0.1905599638702865,-0.1350069291970726,-0.0800846529997636,-0.05887911923526507,-0.007408423505597327,0.006944730125415069,-0.007527675872397276,0.013880963194933371,-0.07597532097310923,-0.03727283328192614,-0.034965209014419164,-0.013170535613443984,0.03382707253403665,0.012157793312245797,0.007570754371311979,0.009265959810886,0.031211683427197653,0.08533685217096237,0.011875498630743567,-0.11748343379320046,-0.09454992212583685,-0.1103353904941433,-0.08700325389507826,-0.13867112951783073,-0.12239432258475931
2022-09-30,-0.04390126961798716,-0.03427599427864841,-0.0379100047994593,-0.05157402075731488,-0.41957268021608796,-0.17489877832438575,-0.1237610277789852,-0.074816543555935,-0.05523783089744993,-0.007414492839362392,-0.006970493396779827,-0.007631858141458929,0.004631284994537125,-0.07284339650428572,-0.01109815233030225,-0.011057763020415126,-0.03772572149547135,0.036665238839561805,-0.012115195638411935,0.022044987429307935,-0.008752634844684847,0.010659379620428462,0.02953120526999981,-0.034158760391304104,-0.10001352151247306,-0.0902968926419832,-0.07433267984890272,-0.07761688716704047,-0.1220977132409866,-0.10898603404623373
2022-10-31,-0.01815693902720611,-0.014534366191140782,-0.016245605577190254,0.02128774494941226,-0.547240582222126,-0.23324723170662315,-0.1654629007066457,-0.09908720173597683,-0.07472245366724527,0.010596693076737785,0.028934514286452134,0.010547884097063899,-0.006282809762557665,-0.09452740943125981,-0.013448895670711104,0.014168815576545304,-0.049888124276967726,0.05706207505955315,0.056673873367781916,0.010629355722946947,0.03908512820861712,0.04702306374305866,0.12923233962776876,0.015145105684586223,-0.04230456195694918,-0.12486046034920914,-0.03118947823224466,-0.03328035006420737,-0.05169350337184454,-0.1444654587530419
2022-11-30,0.03171264321427479,-0.0246202345463002,0.02838232952836589,0.11664276122416949,-0.3312057127332725,-0.13978185143356636,-0.10030412726019068,-0.05836697548055503,-0.04402822463659788,-0.019253423359451974,0.01847999624335121,0.019341508810105015,0.011418574887011108,0.05217133370255474,0.0227734436193241,0.0751297329862139,0.02577153054059953,-0.038537381621548884,0.11008644552227997,-0.06300452265595023,0.07588813801340084,0.031036880825226525,0.2484333546541787,-0.028555082508214053,0.07054871273184622,0.06347269338031983,0.052471432301043765,-0.05309991013696134,-0.08396588506821397,0.07164045627987951
2022-12-30,-0.022742954352900236,-0.05299021886866485,-0.020266702560883303,-0.027724450831609734,-0.6939646668681979,-0.0988810245582699,-0.0699392369884481,-0.11769239852721124,-0.08516299680216967,0.013638199809683676,0.03494868861385245,0.03887180948164158,-0.0069591185499852225,0.03488718846629029,0.04629133800102143,0.048058414040061226,0.019251555394793462,0.02762738759981098,0.07809795439726193,-0.045390187001513246,0.015883388245218674,0.058268440311287285,0.1675951631848027,0.05081819000264637,0.05238747442727154,0.03608282166600366,-0.03789512390289929,0.03751495510715719,-0.06079575654842551,0.05257402957741439
2023-01-31,0.022755350841839304,0.017477784710512954,0.019944325442799934,0.02745606603944108,0.21873607614958737,0.0908851514084579,0.06406227432915326,0.03644412471959574,0.026457525948825243,0.013063976979458866,-0.010952262256660633,0.03572876981156657,-0.018546321237533532,0.10105357018059927,0.015421012260232451,0.01611327654681158,0.01901743038349347,-0.026101841775500123,0.07647840153335211,-0.04510494339858862,-0.016282527896144285,0.055627190915663864,0.15884328803255934,-0.05083435856688962,0.04995446130839216,0.03512591190550841,0.037648893891542363,0.10688403994896363,0.05628629623865001,0.04937811739705155
2023-02-28,-0.041140989619154515,-0.010218094239492827,-0.011799112119419398,-0.04918095559006821,-0.36368660997720287,-0.1524588641841627,-0.1085049184493513,-0.06352465287192134,-0.0461876991172322,-0.022798923897922478,-0.006276876434015305,0.006874247122248559,-0.010187958077114511,-0.0189041259625878,-0.02698248036213272,-0.026474785608416335,-0.010694442625793476,-0.014885391100637916,0.015157095116503245,-0.026046713640131454,-0.0283608630328327,0.032409013303220414,0.09619310707881183,-0.027867287412386293,-0.02853898933031804,-0.020283265142927113,-0.06545297018028066,-0.059989164229866325,-0.10073055378646353,-0.08443034832982743
2023-03-31,0.04946841912403059,0.038206631167819555,-0.040043547996556475,-0.05826412022215799,0.22933804029214572,0.1328807724657628,0.1039571162742663,0.0655203151025583,0.050126935904377355,-0.07707850514083195,-0.023264406025615293,0.07505025991163158,-0.03626035225748683,0.05713745172680035,0.030439210833626145,-0.03156954674604851,0.03943555783750824,0.05385353533132972,-0.05415384190139393,-0.09248079377825241,-0.09557791148677226,0.03876425840042059,0.3248926071485529,-0.09858692924137509,0.09835720161533708,-0.07353259101926174,0.08028898262708391,-0.22252765711419714,0.1257724045389701,-0.09397162713544979
2023-04-28,0.029942013807009463,0.0231830317287214,-0.07042726834121334,0.03511949776504375,0.13773994961823222,0.07790949611310137,0.0607397888904032,0.03834198383338062,-0.0295773583759098,-0.014341397875213506,-0.04167727566992112,-0.044020734175948914,-0.006901721907108031,0.09926322037943497,0.054473387476056796,0.05252218526797047,-0.06971712487809592,-0.08378763873910954,-0.09565279878075167,-0.053830344289152496,-0.055756107506741696,-0.022942581336207173,0.17616821912803912,-0.01846440864069065,0.17115559329058228,-0.12574908830457976,0.04828611729388587,-0.12627665239463445,-0.07339869532662409,0.16491182449377592
2023-05-31,0.0255003064498765,0.05802337586979803,-0.057882863085641334,-0.08815374356223839,-0.11601283704075815,-0.06310780388632199,-0.04948234845511968,-0.031145356229870965,-0.024396235067164384,-0.03206678717348162,-0.033091930168835104,-0.03360366246787952,-0.016857190647621128,0.026877533259825774,0.014567303279145256,0.013988816241408209,-0.05348909390787968,-0.019491120783741316,-0.0657868189893939,-0.038068667062382135,-0.039087123107801554,-0.018394835953151063,0.13582610378734752,-0.03674207154907288,-0.14922691536692168,-0.10402296104297903,-0.04190421975557943,-0.1051875801768597,-0.057878135717430855,0.04707656108652977
2023-06-30,0.09249895599487754,0.06799194099387502,0.06376221069946733,0.10368316706211075,-0.42164618409212884,-0.2238337446193038,-0.17254464332380903,-0.10856246992800837,-0.08644620340587937,-0.01214009082986381,-0.012267175844872543,0.012900894745542329,0.006565734955116321,-0.03209479518844417,-0.016387813679786267,-0.049638415657264956,-0.02121370360449194,-0.0425254111684558,0.053641909870937816,-0.0125315172610116,0.011616183788937594,0.014320076302859138,0.11613815545544232,0.013989098016583325,0.057015023363719095,-0.12543051844859093,0.14559692379455927,-0.038653439206876986,0.06756560530519849,0.16042666501686836
2023-07-31,0.07375006087579083,0.052801181629511855,0.04826692379844089,0.08119557537050806,-0.3328241768268102,-0.16881141741380915,-0.12747048386232196,-0.07996217739982968,-0.06480450906157081,0.009386556690414282,0.027768108061631974,0.029634360896349455,-0.015691663961722255,0.02493816408176442,0.011791323421686456,0.012328504824985605,0.045179983402380886,-0.026573218850152062,0.03830148089167714,-0.007113348302092464,0.02602778110913038,0.010903255147419005,0.08377685220172247,0.010224504204320946,0.04085308615916124,-0.0283989839432656,0.10741230580534046,0.027635667553889298,0.04966786162619282,0.11125944315173257
2023-08-31,0.03470399011695255,0.07180958707162731,-0.025461221101565963,0.04089479369850426,-0.5427304654116888,-0.26532917978716547,-0.1933110404135081,-0.11384488365683548,-0.0911805763471206,0.014661378636868191,0.039954316424292965,0.04528322934982246,0.007874968142007315,-0.04017699437368096,0.052866052303946434,0.018678813238583225,0.02267369692839474,-0.04242183483699242,0.0591165453452935,-0.03326650925901065,0.04145466881666554,0.05009016419089768,0.12372550463415258,-0.014511406905538343,0.0625665757160869,-0.13330349869804742,0.05670660121038676,-0.1264597616639483,-0.23564512795283749,0.05850425359712413
2023-09-29,-0.024692123289660493,-0.01744260540879422,-0.018303969239987488,-0.029653983758588836,-0.409429077250136,-0.19847344543339113,-0.14271576388373514,-0.07809589351671838,-0.0624760122789095,0.03186246780291954,0.028144994091153588,0.0108534398615448,-0.01758381401033155,-0.028881947184982448,-0.012720585430888724,-0.012785261308840768,-0.016490452221370643,-0.032331306264482294,-0.04357693016259966,-0.023938857391922093,-0.03006572554155169,-0.03673603850097132,0.08017569921422156,-0.00945969702850538,-0.04448370297387862,-0.10080705750480275,-0.0415634996856121,-0.09140728445599025,-0.16656688015132917,-0.043004484392457416
2023-10-31,-0.03584388959212987,-0.025916645669361412,-0.07826059257432351,-0.12609634195578626,-0.6523375191697607,-0.2924111437595619,-0.19887070155528655,-0.0993199460152335,-0.07701423506848919,-0.014312407788148214,-0.013963044141309241,-0.015562040517742848,0.008882715623033562,0.11201251616500028,0.01811317108021145,0.01979465508032809,0.02633382672008455,-0.054103815002492076,0.023837662999617308,-0.03880363136402589,-0.046616977091998614,0.05178080060796751,-0.03634962619932737,-0.015111870704685781,0.06823710367340838,-0.16194011509806483,0.06330207518508456,-0.13986632409711564,-0.2519813804967575,0.0663923737800227
2023-11-30,0.15327820049794028,0.11169896472743257,-0.03183776587050662,0.1783455193678629,-0.2936532024144365,-0.12821764236902036,-0.08605736917832253,-0.044979969704261734,-0.035016428177555584,-0.05906802984335765,-0.01924365624069768,-0.0207688762070442,-0.03835800493973318,0.16419755029823999,0.07772097859098394,-0.08051096585072141,0.03816494628272523,-0.08167103581171094,0.03365893333026602,-0.019566041841993977,-0.021050309952332577,0.07251661291842644,-0.043217566312700344,-0.06190635918737761,0.26861898077795643,-0.076077030910201,0.07910415291691382,0.06246910155701052,-0.11737889893054962,0.28712323767472386
2023-12-29,0.09877375602659147,0.07323392151145326,0.05582365776104677,0.11458743651455729,0.16597917299491852,0.0775743459079894,0.05323319798948765,0.027861884805713884,0.02159533316674877,-0.036799162964384166,-0.03701467037084718,-0.012791110075738583,-0.023117693584657987,0.09195725615591037,-0.015427965056172905,0.016906748047303983,0.02270470754897138,-0.05511759714821741,-0.06416892901404582,0.011990386351195332,-0.04024155534761568,-0.015397711092049649,-0.024802181901760773,-0.03773760362489838,0.16107386420917355,0.04104507112792843,0.14507479527130793,0.03846367789898241,0.21411636267050627,0.16682217462413543
2024-01-31,0.17430226333199075,0.12401544051290551,-0.03204589112772997,0.20783869466028485,-0.2944976204486117,-0.13861460795116134,-0.09614480485807168,-0.050146324280850786,-0.038923619850528585,-0.02090595151175206,0.06484272569936093,0.021161498652024244,-0.03158896958597064,0.056304448442792566,-0.08308673398020414,-0.0865437801238191,0.04007850108004244,-0.10002335301250752,-0.11087548502914317,-0.0214099096599956,-0.07249580168312453,-0.07837449008714442,0.04589602453396904,0.02124335369570021,-0.09925276671448133,-0.21030835287315822,0.08954086770850814,-0.06955447086212832,-0.12573909820593543,0.09515039584462291
2024-02-29,0.10351780439357115,0.07508277090498887,0.054693833967823895,0.12482064790321722,-0.5376666107609043,-0.24948663726579667,-0.17455857793968532,-0.031369642246514284,-0.024314117014172673,0.03989981505381442,-0.012884020984884103,0.038009404789634625,-0.019172872282086806,-0.036125697891825945,-0.01659101164115416,-0.05109336110789714,-0.07421999151946337,-0.06152438502655917,-0.0697612455510124,-0.013466776816114223,-0.045968035125972584,-0.05022353847052688,0.0863906301218467,0.041680882415230075,-0.06292499475545922,-0.13383128564559973,-0.057257997417631955,-0.1304136505432658,-0.07430895921342094,-0.055076748965138395
2024-03-28,0.14072127180588384,0.10111634331566986,0.07438447048865306,0.1625085295499116,-0.743444245647727,-0.11602848679940646,-0.08139633347237832,-0.04387482092025192,-0.034052649255999434,0.055926902418678384,0.0525540906368383,0.05385331287925755,-0.02588046450336057,0.1197557005186496,0.059360604019770204,-0.021010335961109548,0.03082755579009481,-0.02601199272249908,-0.030833038022514078,-0.05237385400638854,-0.020025228178513897,-0.022998163110909627,0.03779974937081247,0.01939748747783835,-0.25060076158370104,-0.17957528999137248,-0.07592874848916437,-0.05754871435011898,-0.09521636099302268,-0.21499449371950388
2024-04-30,0.03142751027074905,-0.022140948892262938,-0.01858468610667867,-0.03679786064602878,-0.5696213246592404,-0.2585213834576627,-0.17848865415720414,-0.09736881049061279,-0.0763082707082743,0.015237973228061913,-0.014298386187414589,0.014773905539461394,-0.01967513600811716,0.07989943523785921,0.013304723978833189,0.014940123777326154,0.06126916310663595,-0.02087905162790446,-0.07278384172151842,-0.013494327541833986,-0.045442957217200305,-0.01779596934028139,0.02577180292206923,0.014759325161452262,-0.18646387049058805,-0.12861169559773128,-0.16645013914132853,-0.12195212126745633,-0.21080830184399574,-0.1640082332614916
2024-05-31,0.1805847664789609,0.13180998354704565,0.03662869868725304,0.06234043148360623,-0.3817589308968866,-0.16822830202847955,-0.11450753999675754,-0.062217796787878504,-0.04834831988161016,-0.02886673183319375,-0.02772322502517055,-0.02697879807227306,0.01165157473342401,0.046118346973673556,0.06247635083080306,0.025692396604015944,0.08611504558569501,-0.03740752248999137,0.0420823731353006,0.06882460227701541,0.02693629271896248,0.08576123846586915,0.05124200901787736,-0.030291675728463266,-0.12350781338639726,-0.22832811289912905,0.3330196019033829,0.23550453024719878,-0.13306919361840483,-0.10197779466528079
2024-06-28,0.1883949960144205,0.13055996126677835,0.03740109416912624,0.06507661446905978,-0.3727592356353059,-0.16103191348232598,-0.10818660773290383,-0.057076557092157774,-0.04357439232974261,0.02709344458045837,0.02705028262336927,0.027071555702480776,-0.011233120087298206,0.04115344249584435,0.01844393196599787,0.02506724865596965,0.026652151354992545,-0.09810451921488178,-0.11792167352878927,-0.06405152083402857,-0.08016000100374474,0.028090037769910113,0.1515995264190339,-0.08462602443459576,-0.34753417464544417,-0.23416700486447106,-0.11169156031494093,0.0781268755912869,-0.1370461890292653,-0.09905434269137549
2024-07-31,0.14054601706958061,0.030646774390091013,0.08046043162332908,0.1490590432006519,0.3262356544962931,0.1414304836240432,0.09545769085041765,0.0495728318146884,0.03783905884638165,-0.021322057572717452,-0.0659817694530402,-0.06675179615633792,-0.028266690125245287,0.09948239549005831,0.015860080869281618,-0.020988393302916648,-0.021923911011144447,-0.0738670316712158,-0.08332586487217321,-0.051291551313372735,-0.05761019422445149,-0.06747970540492503,0.13131883937790279,-0.021097152790881007,0.10329457962213902,0.052434228921166365,0.09594409826636707,-0.06929823891276443,-0.365952259795581,0.0789683793356583
2024-08-30,0.07344018503587826,0.049089840371417615,0.04525227350249802,0.08567599909280262,0.5389845884208498,0.2565973096163655,0.17865597273788575,0.09598080813986717,0.024427298736538306,-0.03656204570524471,-0.03906704088609576,-0.039950954958616926,-0.00651167236654822,0.06547448044944833,0.010351046543294884,-0.03831799023373779,0.01436979678978005,-0.01646009716703675,-0.05212746362612047,-0.03606892008072175,-0.012139484677589931,-0.042342492500406705,-0.07786791632568679,0.012932270596158525,0.059899452989953444,0.030843734825758765,0.16226537310341452,0.12391903605958879,0.07730376766419603,0.04349014036805272
2024-09-30,0.06670337833387474,0.01489148554246092,0.04236948806322137,0.07920927499934305,0.4910935536216715,0.24492948452189964,0.1729110742589733,0.09268584197571672,0.0704659544029448,-0.030979246329977835,-0.034597859890413085,-0.032951558928258844,-0.005620787141384912,0.06140526197680316,0.027512166598082005,0.011320748326753116,0.036630221696555755,0.015055201666060761,-0.015400942596180826,-0.011151653937085417,-0.010221427466924685,0.03597809896393625,-0.024921532438392877,-0.01258769302601371,0.15988248918194956,0.025995100414275375,0.13987324001777213,0.10378613174148588,-0.06678763271353116,0.038460455286585406
2024-10-31,0.04351321435385847,0.08848511537331935,0.02789139141041467,0.04973167462293903,-0.9042349024293614,-0.149052982507987,-0.10662702318058499,-0.0581157006149703,-0.044062783453714165,-0.016610722586766824,-0.018352594289288014,-0.01783260636628454,-0.030646461196362756,0.12043357551636406,0.05036621906205577,0.021005467249608296,0.02446284825285494,-0.029276712526597207,-0.09010278561734297,-0.021349705759262823,0.018198860233142523,-0.07177496499781655,0.05055081693843956,0.06840454447907875,-0.10354204834299141,-0.1474123351961681,0.08750802902308918,0.06720495405520352,-0.39475746286688707,-0.07849149749724535
2024-11-29,0.11234504522172936,0.0784148490153229,0.06576429110524651,0.11409231535403513,-0.8220466973542718,-0.12937646915853376,-0.08697146260321639,0.04506057110206886,-0.03286470099405631,-0.043979961648190166,-0.04977751117774694,-0.04766282032478279,0.007399189947308616,0.027223911621023143,0.01443914565366558,-0.018090516311049853,-0.019090506344060103,0.02641954527550414,-0.08111850626515414,-0.058784180154088636,-0.0426056298600919,-0.06661492112263187,0.046609115243355356,0.019938416390756893,-0.2050182931937762,-0.040207603656938595,-0.06631565928849058,-0.15691747231471678,-0.2877340125798362,-0.1871166797183509
2024-12-31,0.026494755234616224,0.01888439407987479,0.016150222172681708,0.027819024829756574,-0.6524759295777143,-0.29562592259631604,-0.1951434775389374,-0.10307064853528934,-0.07570037585393158,0.03570946281033028,0.013129583884005975,0.012862009383892576,0.005060399493957801,-0.02063837536931427,-0.011084263298533983,-0.04093023236629439,-0.04742039829274044,0.02077221035651131,-0.020261404954147345,-0.015982669896991188,-0.03395217372773887,-0.014875765143213003,0.0961138473595058,0.014782741659448533,-0.14910217164464315,-0.09277038564122105,-0.14689605334859707,-0.10959810087922729,-0.1921500056756187,-0.13637065524958633
2025-01-31,0.10624331805889288,0.07563102316502755,0.07020381672759612,0.11377148870245612,-0.31522800942229073,-0.1365317081274321,-0.09030972704853872,-0.14797191301564377,-0.11091710449865899,0.048274803143029205,0.01685901051080454,0.01832098296122675,-0.006469088381824898,0.02900117104913905,0.015222360319571603,0.017593791508989893,0.022744696912929324,0.02525659792253846,0.024371673184477315,-0.01980673721976563,0.013852368021129647,-0.05404683936123262,0.11040692781330783,0.020331622409038002,-0.19256081804247202,-0.04528946879442476,-0.1764971005011274,-0.1534657544452656,-0.24327295015231049,-0.1969402065227102
2025-02-28,-0.044249273812098415,-0.03130825341207053,-0.029790962495656,-0.04703055658709473,0.39131442401504896,0.4865890940027273,0.3202015514935061,0.05696411146152615,-0.04280053382625917,-0.020188204777693057,-0.02094413679107798,-0.022349465475507178,0.023759564718829042,0.10482557393720515,0.020200788844622713,-0.021474929744330795,0.07283119322121721,-0.02959738676122486,-0.031428453244192245,-0.06841940101736255,-0.018179519387762487,-0.07126937778477169,0.04289469019687999,-0.06457125483597928,-0.23333417827684885,0.055417749712035135,0.07385742487129561,-0.18911424704985422,-0.28650866698664373,-0.07858503125867956
2025-03-31,-0.035558555464520886,-0.07624551449613363,-0.08102786788191599,-0.04009713865954124,1.0530492131827491,0.14869474840694016,0.1001192690193126,-0.054089560311840326,-0.04101024532459602,0.020106487981877672,-0.021422724923168608,0.022745696978471914,0.023939730603542722,0.10360683726309264,0.05878550054233577,0.06295484338886019,0.06359289740080262,-0.08520332158777054,-0.03212329610526345,-0.06798717944364953,0.018522179721700314,-0.07433868019820987,0.1200512268480927,-0.021656367140827488,0.06828926709279898,0.05538415488508158,0.21904488978486894,0.05999497909014778,-0.09235144495620637,0.07800618131568013
2025-04-30,-0.016225296622429004,0.013361986802258004,-0.045892695855980443,-0.01849776908082289,0.8290063089050921,0.37808303423547973,0.2533185841953394,0.03954122761585126,-0.030345556819783286,-0.04039235380211798,-0.052880554885694854,-0.05336296795803537,0.007636944599946411,0.07289110768952328,0.01556162233394707,-0.056989720402525805,-0.014059292261260015,-0.027792928470645403,-0.029144756643724252,-0.06719206928635046,0.05019834178096754,-0.07728395466877301,0.09755079940497648,0.020354346919910556,0.1479582064472047,0.1335878856634255,0.1744432875317678,0.03776436209278971,0.07616727099613634,0.12251476602724105
2025-05-30,0.024963594069370213,0.06147288694855213,-0.023021269231232388,0.02829884398419032,-0.3896588100049002,0.1696971329944732,-0.11374414177062829,-0.16605716453201144,-0.12878875889419714,-0.019484538035191304,-0.02516065988373011,-0.026205656748398892,-0.03280889170699376,0.09511251537112472,0.023382535674447227,0.025552768112704634,0.020754515403588563,-0.11601314022733285,-0.04291749116381604,-0.0308668883890974,-0.022772349927474397,-0.11445926302291974,0.14296145759651013,0.0933886185255757,0.20689959917958445,0.05682354626824437,0.2474407980106906,0.0545787715192495,0.10659603882178026,0.17340080267545624
2025-06-30,0.058892161091903754,0.048292554976485026,0.05273892522358162,0.06584069137429417,0.8256892364921966,0.3593573029091821,0.24162400941269216,-0.03928173819130156,-0.030878445555910662,-0.011403773783904145,0.013066012696782127,-0.015641211337556287,-0.02254602973394964,0.023089525112933697,0.048615700453947884,0.037666159875707365,0.01551395285991126,-0.07714991616369578,-0.03011776297871054,-0.056510321179324106,0.04151909419401308,-0.08163006795778939,0.08916364729385554,0.0662734565937199,0.14999852801391547,0.04120380079249622,0.1765060478876089,0.04106245924441081,0.07753441940034124,0.1268483371764484
2025-07-31,0.055428104538433505,0.045311295591521895,0.015680216360150212,0.020290552302384066,-0.7320520252388251,-0.32023847773285846,-0.2135904806444016,-0.10369802514944537,-0.08187636386839568,0.03038624475842479,0.033653492679291755,0.013573236325731475,-0.006544001348011353,-0.02057967317369884,0.040949243086801285,0.009857570745495614,-0.007694121646195924,-0.05919844884593993,-0.0735832939618524,-0.047682301576095855,0.03734304111508015,-0.06802640203569908,0.0685141378990367,0.018902411712499116,0.04300020380342371,-0.10583353973768059,-0.04988243679872935,-0.036092448485277456,-0.19875958513629727,0.037728249701519126
2025-08-29,0.07798638943293681,0.06265987839428631,0.06110022842446917,0.08509518550591785,0.2871984466026956,0.13322721108490146,0.09132413974436107,0.04702711820824024,-0.037685228071978646,-0.014338116248615402,0.015276479251948322,-0.01895707428955743,-0.008840093724385522,0.08203165524002033,0.05475688696095026,0.04213706079891146,-0.01140890322451537,-0.024655804408450888,0.09202435703034816,-0.06610469414252201,0.01599751036098458,-0.02856401771426345,0.08461729340735111,0.07479759068658162,0.16669431176198235,-0.04526057929792798,0.1995376921431065,0.05030733806112872,-0.08989948642014461,0.15398378206661056
2025-09-30,0.08201638235735036,0.06612741437141205,0.06159833444458265,0.08805629269443345,-0.8732443494677877,-0.13447534975683448,-0.09083454396271506,0.0455698142053032,0.0361225172774739,-0.013890956680881956,0.04225685692210432,0.05264391601901566,-0.008717669370640356,0.07763845133531352,0.05116333184406197,0.03843994895760885,-0.01168847455705143,-0.07316912790488128,-0.08998017059087757,-0.062146468899352866,-0.0160129284349698,-0.08375536978303214,0.02629830735379252,0.06550827955070215,0.0537243768433753,-0.13308766148718,-0.061333555810053515,0.04941990789581028,-0.26481265756967787,0.049215410158827404
2025-10-31,0.07993002782727408,0.0623360407601712,0.05723172561329619,0.08892941679462543,-0.2977538534139053,-0.13476173391532476,0.09111184899090058,0.14082503405644825,0.037062544492789846,0.013722241051078431,0.04164652422324486,0.05155229943076589,0.007574359798566995,0.05532081399917711,0.037358494772133356,0.010666386335631247,0.034665690225395465,0.02586337387348322,0.08801838077265273,-0.021240334098238747,-0.017272009508389485,0.02534500991443813,0.0234933598534921,-0.06866778058799879,-0.058305825870785054,-0.1260693651100848,-0.06451282713641143,-0.05188082449492927,-0.29039053394757386,-0.0512640856257264
2025-11-28,0.032694473839227134,0.024209903094581642,-0.02315589766091978,0.037226345687906136,0.4037046825076431,0.5363015178012656,0.3614471660039837,0.0627800284464835,-0.04943695236029383,-0.05393262804739558,0.01575320915077992,0.021395917530537274,0.02980019182028562,0.07123068587172576,0.042538759556249986,0.041173884003718436,0.015915007092689965,0.03163721422465071,0.0969260367744445,-0.07559082782983637,0.022382687615011405,0.02627677009575736,-0.025196465246075064,-0.07227489417220487,-0.08112257250445085,-0.1701521677933654,0.0830801659770804,0.06777152563108527,-0.35612399018170116,-0.06876743147864929
2025-12-31,0.09636349908891209,0.023561004165651798,0.06678450242160308,0.10582724266713799,0.3820565704726226,-0.1682572471879449,-0.11429869088723643,-0.05985643357988614,-0.04731200584244412,-0.04924316153555427,-0.014312353098802102,-0.05635515655731725,-0.021960176047004926,0.06292414284179011,0.028163741010697387,0.023574915396626827,0.04168988023907855,-0.029198077104782432,0.030012334930517984,-0.0707915190680771,-0.021049208984842905,-0.024941370377448747,0.02428781249143615,0.02272445772895434,0.07915538071663934,-0.1562209944250233,0.07537433348548638,0.18981018211911937,0.3043005655599519,0.065265867352189
2026-01-30,0.028296114326287904,-0.020765022224811365,0.05807763682739338,0.08907744538285188,-0.35371183689075764,-0.15378687146538936,-0.10367118778994966,-0.05177608556944567,-0.12335762925751102,0.01309057364307126,0.0347308954099585,0.045363045833337605,0.011046395626142952,0.03359153790489145,0.01425578140338603,0.01603841132603903,0.032076277472791195,-0.06440790932106703,-0.02634437311413874,-0.019306947423980595,0.052521653097536106,-0.06128791279319936,0.021938867897172004,0.05856226680907811,0.1682745270127624,-0.04056678675124673,0.16826576956287706,0.14092979494018185,0.21545681482669013,0.12629883540126483
2026-02-27,0.035940514336905156,-0.02612693413000885,0.02545467161739939,0.03718149837923501,0.45124464657564184,0.5676865886494297,0.38542304882025585,0.201988904983795,0.053896846392243854,0.048545734239768296,0.044034151172780776,0.055269544167020304,-0.004883832345135344,0.013759050521633918,0.005320874937429139,0.006885387569738469,0.014445601543266172,-0.031238519002799923,0.1064502972646238,0.02329536761982258,0.06979265154157005,-0.026825580735690958,0.029379010072737136,0.07947642503331429,0.080802728469929,-0.1658601484454575,0.07521983279038978,0.17505454711762639,0.09865564740115608,0.05986141412319476
2026-03-31,-0.025824504614044015,-0.019651920121550367,-0.01823623643723562,-0.027349986981563205,-0.9056005980962252,-0.40231371433108126,-0.2755401487375206,-0.14704649895192573,-0.12494145308570609,0.02233562332100411,0.019302549739099957,0.02900022036242412,-0.004545309752883958,0.011502863153528662,0.004821373297513586,-0.006116247099016947,0.01218068683222341,0.023954100638939838,0.07121263696338484,0.049298179152509315,0.05232734593518412,0.01950894748224475,0.0743891347708868,0.02360802203727437,-0.05855068620543457,-0.14143515919912153,-0.0564143784495866,0.04245155940400857,-0.0838824851566809,-0.050258206908679375
2026-04-30,0.08242566159834223,0.06204102370091063,0.05657463938703658,0.08468492566521962,-0.8817220992317841,-0.40145729734693325,-0.28107223147887556,-0.1529277560954135,-0.13345190474065646,0.018319410792938255,0.01798443950166568,0.026070760310682638,-0.015728089871901017,-0.012621889489631694,-0.005456896035818822,0.006879231499598725,0.013542586227367393,0.025526469291940627,0.07956804845060728,0.04583056176489001,0.04922205730776535,0.018560675703253503,0.07831535884102792,-0.02329892654719218,0.06144125775629764,-0.04702781907639856,0.05748467792061785,0.1244069163849033,0.08508336728615544,0.051273020694174595
2026-05-29,0.09380201714494817,0.06642786488925778,0.06123867334715688,0.0963479302939736,-0.9664131662270519,-0.4204346979021288,-0.09688120024101407,0.05194114309063001,0.045880935775116136,0.0069847536441597,0.006897634129463121,0.009558239685954057,0.0061014588245057125,-0.014569718776053907,0.006002764500208382,0.007887059642683974,0.042947294741782556,-0.06391183357548848,0.025786087094682022,0.01407736253700295,0.05412945369418977,0.06188205067013872,0.028225489128274196,-0.06958630711406281,-0.07106880507331703,-0.05631984403374787,-0.062499622720208106,0.13878293160873006,-0.2943838856996183,0.05902977419445108
2026-06-30,0.02581015484439541,0.01599831445191821,0.054324699257775,0.083426022783674,-0.8333296943981713,-0.36753160257835304,-0.25519897076831616,-0.04483594848632405,-0.03890301253317398,-0.006634264170732495,-0.006743155385490813,-0.009273839521937844,-0.01836150446354622,-0.012904706086358755,-0.005653831146295585,-0.007444248300048069,0.01285971359496176,-0.05432298392958726,-0.02368533504478485,-0.04095355154181909,0.01582680175022549,-0.01971315980938554,0.07475013400771575,-0.06490265100596494,-0.19796554188656365,-0.1737064796667559,-0.058598459021261616,0.043508434030048476,-0.27092150357187894,-0.1619112819625357
2026-07-31,0.030503359519863497,0.017844650091393997,0.022066305067862606,0.03198356481451295,-0.9654381688583767,-0.4300307055614926,-0.29852154960310845,-0.1540577168370098,-0.13245400210286457,0.007195095572777778,0.0224181597274406,0.01071639240203262,-0.02293880452418333,-0.015546355321939617,-0.007056668981534231,0.009310999482655874,0.04686457746336259,-0.018918458760552613,0.023539793573141794,0.013757030894720279,0.017444140350890463,0.0638908995199358,-0.08052639810467972,-0.021793151266061614,-0.07817285644957864,-0.05348177559919131,0.06518425088393469,0.05264500654917109,-0.10449548129684533,-0.18120368081888433
2026-08-31,0.08291939452336948,0.01630067881979632,0.05997572711957138,0.08532143878016855,-0.8313416596094906,-0.3730577198207062,-0.25467411451889244,-0.04210049465535178,-0.03608244901602481,0.006360964719990021,0.019632309882947445,0.02677025489697023,0.007358051617478364,0.01282919767303806,0.006507035233197367,0.008235173693977143,0.014634374487735748,0.046100978294109314,0.06125018600475071,0.033252849869118646,0.014279058972926764,0.054974724526105266,-0.0701387243783832,-0.05645721743810094,-0.06945023856896149,-0.14883539448769462,0.18492407073561815,0.14533664447802117,-0.08400076634928332,-0.14689810682822027
2026-09-30,0.030307036098225822,0.05401477723515601,-0.022365904112907283,-0.030287198167135054,-0.7675640872529818,-0.3399641616637716,-0.2350435768484097,-0.12118166531269932,-0.10662274620907812,0.020328999872723137,0.021061614899475292,0.026484857330940477,-0.00790898497587733,0.013637243170286245,0.007118056265341667,0.00867569048212811,0.014575226164905152,0.016048023257556724,0.061645288397046305,0.011990402955863372,0.015261738023317345,0.05247276472037707,-0.022629260780909946,-0.05696450225716686,-0.2265690555212647,0.042426909033502325,-0.19910642898278366,0.05046297416161638,-0.2568873231949008,-0.16039350265165203
