date,ret
2005-01-03,9.087301587301587e-05
2005-01-04,9.126984126984126e-05
2005-01-05,9.087301587301587e-05
2005-01-06,9.007936507936508e-05
2005-01-07,9.047619047619046e-05
2005-01-10,9.246031746031747e-05
2005-01-11,9.166666666666667e-05
2005-01-12,9.126984126984126e-05
2005-01-13,9.166666666666667e-05
2005-01-14,9.206349206349206e-05
2005-01-18,9.365079365079364e-05
2005-01-19,9.246031746031747e-05
2005-01-20,9.166666666666667e-05
2005-01-21,9.166666666666667e-05
2005-01-24,9.285714285714285e-05
2005-01-25,9.365079365079364e-05
2005-01-26,9.404761904761906e-05
2005-01-27,9.523809523809524e-05
2005-01-28,9.563492063492063e-05
2005-01-31,9.841269841269841e-05
2005-02-01,9.801587301587303e-05
2005-02-02,9.801587301587303e-05
2005-02-03,9.682539682539682e-05
2005-02-04,9.642857142857143e-05
2005-02-07,9.841269841269841e-05
2005-02-08,9.841269841269841e-05
2005-02-09,9.801587301587303e-05
2005-02-10,9.801587301587303e-05
2005-02-11,9.92063492063492e-05
2005-02-14,0.00010119047619047618
2005-02-15,0.00010119047619047618
2005-02-16,0.0001003968253968254
2005-02-17,0.0001003968253968254
2005-02-18,0.00010158730158730159
2005-02-22,0.00010436507936507936
2005-02-23,0.00010436507936507936
2005-02-24,0.00010476190476190476
2005-02-25,0.00010674603174603174
2005-02-28,0.00010793650793650795
2005-03-01,0.00010714285714285715
2005-03-02,0.00010634920634920635
2005-03-03,0.00010714285714285715
2005-03-04,0.00010714285714285715
2005-03-07,0.00010753968253968253
2005-03-08,0.00010714285714285715
2005-03-09,0.00010714285714285715
2005-03-10,0.00010674603174603174
2005-03-11,0.00010714285714285715
2005-03-14,0.00010912698412698413
2005-03-15,0.00010912698412698413
2005-03-16,0.00010873015873015873
2005-03-17,0.00010833333333333334
2005-03-18,0.00010912698412698413
2005-03-21,0.0001111111111111111
2005-03-22,0.00011230158730158731
2005-03-23,0.00010992063492063491
2005-03-24,0.0001103174603174603
2005-03-28,0.00011071428571428572
2005-03-29,0.0001103174603174603
2005-03-30,0.00010992063492063491
2005-03-31,0.00010833333333333334
2005-04-01,0.00010873015873015873
2005-04-04,0.00010912698412698413
2005-04-05,0.00010873015873015873
2005-04-06,0.00010753968253968253
2005-04-07,0.00010753968253968253
2005-04-08,0.00010833333333333334
2005-04-11,0.00010753968253968253
2005-04-12,0.00010753968253968253
2005-04-13,0.00010793650793650795
2005-04-14,0.00010793650793650795
2005-04-15,0.00010833333333333334
2005-04-18,0.0001130952380952381
2005-04-19,0.0001130952380952381
2005-04-20,0.00011150793650793651
2005-04-21,0.0001119047619047619
2005-04-22,0.00011388888888888889
2005-04-25,0.00011428571428571428
2005-04-26,0.0001134920634920635
2005-04-27,0.00011230158730158731
2005-04-28,0.0001119047619047619
2005-04-29,0.00011269841269841269
2005-05-02,0.00011428571428571428
2005-05-03,0.0001130952380952381
2005-05-04,0.00011150793650793651
2005-05-05,0.00010912698412698413
2005-05-06,0.0001111111111111111
2005-05-09,0.0001134920634920635
2005-05-10,0.00011269841269841269
2005-05-11,0.00011150793650793651
2005-05-12,0.0001119047619047619
2005-05-13,0.00010952380952380952
2005-05-16,0.00011269841269841269
2005-05-17,0.0001119047619047619
2005-05-18,0.0001111111111111111
2005-05-19,0.00011150793650793651
2005-05-20,0.00011230158730158731
2005-05-23,0.00011547619047619047
2005-05-24,0.00011428571428571428
2005-05-25,0.00011468253968253969
2005-05-26,0.00011428571428571428
2005-05-27,0.00011507936507936507
2005-05-31,0.00011626984126984129
2005-06-01,0.00011547619047619047
2005-06-02,0.00011547619047619047
2005-06-03,0.00011666666666666667
2005-06-06,0.00011746031746031746
2005-06-07,0.00011746031746031746
2005-06-08,0.00011746031746031746
2005-06-09,0.00011626984126984129
2005-06-10,0.00011666666666666667
2005-06-13,0.00011785714285714286
2005-06-14,0.00011706349206349207
2005-06-15,0.00011666666666666667
2005-06-16,0.00011547619047619047
2005-06-17,0.00011587301587301588
2005-06-20,0.00011746031746031746
2005-06-21,0.00011746031746031746
2005-06-22,0.00011785714285714286
2005-06-23,0.00011904761904761905
2005-06-24,0.00011984126984126985
2005-06-27,0.0001226190476190476
2005-06-28,0.00012222222222222221
2005-06-29,0.00012142857142857144
2005-06-30,0.00012142857142857144
2005-07-01,0.00012301587301587303
2005-07-05,0.000125
2005-07-06,0.0001238095238095238
2005-07-07,0.00012222222222222221
2005-07-08,0.00012301587301587303
2005-07-11,0.00012420634920634922
2005-07-12,0.00012460317460317462
2005-07-13,0.000125
2005-07-14,0.0001253968253968254
2005-07-15,0.0001261904761904762
2005-07-18,0.0001281746031746032
2005-07-19,0.0001285714285714286
2005-07-20,0.0001281746031746032
2005-07-21,0.00012976190476190477
2005-07-22,0.00013095238095238096
2005-07-25,0.00013373015873015875
2005-07-26,0.0001333333333333333
2005-07-27,0.00013214285714285715
2005-07-28,0.00013214285714285715
2005-07-29,0.00013253968253968253
2005-08-01,0.00013531746031746032
2005-08-02,0.00013531746031746032
2005-08-03,0.00013412698412698412
2005-08-04,0.00013452380952380953
2005-08-05,0.0001365079365079365
2005-08-08,0.0001376984126984127
2005-08-09,0.0001365079365079365
2005-08-10,0.00013611111111111113
2005-08-11,0.00013611111111111113
2005-08-12,0.0001365079365079365
2005-08-15,0.0001376984126984127
2005-08-16,0.0001373015873015873
2005-08-17,0.0001365079365079365
2005-08-18,0.00013571428571428572
2005-08-19,0.0001365079365079365
2005-08-22,0.0001373015873015873
2005-08-23,0.0001373015873015873
2005-08-24,0.0001369047619047619
2005-08-25,0.0001373015873015873
2005-08-26,0.0001376984126984127
2005-08-29,0.0001376984126984127
2005-08-30,0.0001373015873015873
2005-08-31,0.0001365079365079365
2005-09-01,0.00013492063492063494
2005-09-02,0.00013412698412698412
2005-09-06,0.0001369047619047619
2005-09-07,0.00013531746031746032
2005-09-08,0.00013492063492063494
2005-09-09,0.00013531746031746032
2005-09-12,0.0001365079365079365
2005-09-13,0.00013492063492063494
2005-09-14,0.00013293650793650793
2005-09-15,0.00013373015873015875
2005-09-16,0.00013571428571428572
2005-09-19,0.0001392857142857143
2005-09-20,0.00014047619047619049
2005-09-21,0.00013253968253968253
2005-09-22,0.00013452380952380953
2005-09-23,0.00013492063492063494
2005-09-26,0.0001373015873015873
2005-09-27,0.00013571428571428572
2005-09-28,0.00013452380952380953
2005-09-29,0.0001373015873015873
2005-09-30,0.0001376984126984127
2005-10-03,0.00014047619047619049
2005-10-04,0.00014087301587301586
2005-10-05,0.0001388888888888889
2005-10-06,0.0001396825396825397
2005-10-07,0.00014047619047619049
2005-10-10,0.00014047619047619049
2005-10-11,0.00014484126984126984
2005-10-12,0.00014365079365079365
2005-10-13,0.00014523809523809525
2005-10-14,0.00014642857142857144
2005-10-17,0.00015000000000000001
2005-10-18,0.00014960317460317458
2005-10-19,0.00014960317460317458
2005-10-20,0.00014920634920634917
2005-10-21,0.00014960317460317458
2005-10-24,0.00015238095238095237
2005-10-25,0.00015238095238095237
2005-10-26,0.0001511904761904762
2005-10-27,0.00015039682539682542
2005-10-28,0.000151984126984127
2005-10-31,0.00015436507936507937
2005-11-01,0.00015357142857142856
2005-11-02,0.00015277777777777777
2005-11-03,0.00015277777777777777
2005-11-04,0.00015396825396825397
2005-11-07,0.00015357142857142856
2005-11-08,0.00015357142857142856
2005-11-09,0.00015476190476190475
2005-11-10,0.00015396825396825397
2005-11-11,0.00015396825396825397
2005-11-14,0.00015595238095238097
2005-11-15,0.00015555555555555556
2005-11-16,0.00015515873015873016
2005-11-17,0.00015555555555555556
2005-11-18,0.00015515873015873016
2005-11-21,0.00015515873015873016
2005-11-22,0.00015238095238095237
2005-11-23,0.00015317460317460315
2005-11-25,0.00015317460317460315
2005-11-28,0.00015436507936507937
2005-11-29,0.00015436507936507937
2005-11-30,0.00015317460317460315
2005-12-01,0.00015396825396825397
2005-12-02,0.00015476190476190475
2005-12-05,0.00015674603174603175
2005-12-06,0.00015674603174603175
2005-12-07,0.00015634920634920635
2005-12-08,0.00015277777777777777
2005-12-09,0.00015277777777777777
2005-12-12,0.000151984126984127
2005-12-13,0.000151984126984127
2005-12-14,0.0001511904761904762
2005-12-15,0.00015238095238095237
2005-12-16,0.00015238095238095237
2005-12-19,0.00015436507936507937
2005-12-20,0.00015396825396825397
2005-12-21,0.00015476190476190475
2005-12-22,0.00015436507936507937
2005-12-23,0.00015476190476190475
2005-12-27,0.00015476190476190475
2005-12-28,0.00015357142857142856
2005-12-29,0.00015555555555555556
2005-12-30,0.00015833333333333335
2006-01-03,0.00016150793650793652
2006-01-04,0.0001623015873015873
2006-01-05,0.00016269841269841268
2006-01-06,0.0001634920634920635
2006-01-09,0.00016428571428571428
2006-01-10,0.0001662698412698413
2006-01-11,0.0001666666666666667
2006-01-12,0.00016746031746031745
2006-01-13,0.00016785714285714288
2006-01-17,0.00016984126984126986
2006-01-18,0.00016865079365079366
2006-01-19,0.00016865079365079366
2006-01-20,0.00016865079365079366
2006-01-23,0.00016984126984126986
2006-01-24,0.0001706349206349206
2006-01-25,0.00017142857142857143
2006-01-26,0.00017222222222222224
2006-01-27,0.00017222222222222224
2006-01-30,0.0001738095238095238
2006-01-31,0.00017341269841269843
2006-02-01,0.00017341269841269843
2006-02-02,0.00017341269841269843
2006-02-03,0.00017341269841269843
2006-02-06,0.0001738095238095238
2006-02-07,0.00017420634920634919
2006-02-08,0.00017460317460317462
2006-02-09,0.000175
2006-02-10,0.00017539682539682538
2006-02-13,0.0001765873015873016
2006-02-14,0.0001765873015873016
2006-02-15,0.0001761904761904762
2006-02-16,0.0001761904761904762
2006-02-17,0.00017579365079365078
2006-02-21,0.00017698412698412697
2006-02-22,0.00017698412698412697
2006-02-23,0.0001777777777777778
2006-02-24,0.0001781746031746032
2006-02-27,0.00017896825396825398
2006-02-28,0.00017896825396825398
2006-03-01,0.0001781746031746032
2006-03-02,0.00017857142857142857
2006-03-03,0.00017857142857142857
2006-03-06,0.0001781746031746032
2006-03-07,0.0001781746031746032
2006-03-08,0.00017738095238095238
2006-03-09,0.0001777777777777778
2006-03-10,0.00017857142857142857
2006-03-13,0.00017857142857142857
2006-03-14,0.0001777777777777778
2006-03-15,0.00017896825396825398
2006-03-16,0.00017857142857142857
2006-03-17,0.00017936507936507936
2006-03-20,0.00018055555555555555
2006-03-21,0.00018134920634920636
2006-03-22,0.00018134920634920636
2006-03-23,0.00018055555555555555
2006-03-24,0.00018015873015873017
2006-03-27,0.00017896825396825398
2006-03-28,0.00017976190476190476
2006-03-29,0.00017896825396825398
2006-03-30,0.00017857142857142857
2006-03-31,0.00017936507936507936
2006-04-03,0.00018055555555555555
2006-04-04,0.00018095238095238093
2006-04-05,0.00018055555555555555
2006-04-06,0.00018095238095238093
2006-04-07,0.00018134920634920636
2006-04-10,0.00018174603174603174
2006-04-11,0.00018174603174603174
2006-04-12,0.00018174603174603174
2006-04-13,0.00018174603174603174
2006-04-17,0.00018293650793650796
2006-04-18,0.00018293650793650796
2006-04-19,0.00018293650793650796
2006-04-20,0.00018293650793650796
2006-04-21,0.00018373015873015874
2006-04-24,0.00018412698412698412
2006-04-25,0.0001853174603174603
2006-04-26,0.0001853174603174603
2006-04-27,0.00018492063492063493
2006-04-28,0.00018452380952380955
2006-05-01,0.0001865079365079365
2006-05-02,0.00018611111111111112
2006-05-03,0.0001865079365079365
2006-05-04,0.0001857142857142857
2006-05-05,0.0001865079365079365
2006-05-08,0.0001884920634920635
2006-05-09,0.00018888888888888888
2006-05-10,0.00018888888888888888
2006-05-11,0.0001865079365079365
2006-05-12,0.0001873015873015873
2006-05-15,0.00018809523809523813
2006-05-16,0.0001869047619047619
2006-05-17,0.0001869047619047619
2006-05-18,0.0001869047619047619
2006-05-19,0.0001865079365079365
2006-05-22,0.0001869047619047619
2006-05-23,0.0001873015873015873
2006-05-24,0.0001865079365079365
2006-05-25,0.0001865079365079365
2006-05-26,0.0001873015873015873
2006-05-30,0.0001873015873015873
2006-05-31,0.00018809523809523813
2006-06-01,0.0001869047619047619
2006-06-02,0.00018611111111111112
2006-06-05,0.0001876984126984127
2006-06-06,0.00018809523809523813
2006-06-07,0.00018809523809523813
2006-06-08,0.00018809523809523813
2006-06-09,0.0001884920634920635
2006-06-12,0.00019087301587301586
2006-06-13,0.00018928571428571426
2006-06-14,0.00018928571428571426
2006-06-15,0.0001873015873015873
2006-06-16,0.0001884920634920635
2006-06-19,0.00019087301587301586
2006-06-20,0.00019047619047619048
2006-06-21,0.00019007936507936508
2006-06-22,0.00019007936507936508
2006-06-23,0.00019206349206349205
2006-06-26,0.00019484126984126987
2006-06-27,0.00019523809523809525
2006-06-28,0.00019365079365079365
2006-06-29,0.00019365079365079365
2006-06-30,0.00019325396825396824
2006-07-03,0.00019682539682539682
2006-07-05,0.00019365079365079365
2006-07-06,0.00019325396825396824
2006-07-07,0.00019404761904761905
2006-07-10,0.00019563492063492062
2006-07-11,0.00019523809523809525
2006-07-12,0.00019563492063492062
2006-07-13,0.00019523809523809525
2006-07-14,0.00019563492063492062
2006-07-17,0.00019761904761904763
2006-07-18,0.0001984126984126984
2006-07-19,0.00019761904761904763
2006-07-20,0.00019642857142857144
2006-07-21,0.00019682539682539682
2006-07-24,0.0001972222222222222
2006-07-25,0.0001984126984126984
2006-07-26,0.00019761904761904763
2006-07-27,0.0001972222222222222
2006-07-28,0.00019603174603174606
2006-07-31,0.0001972222222222222
2006-08-01,0.000198015873015873
2006-08-02,0.0001972222222222222
2006-08-03,0.00019761904761904763
2006-08-04,0.00019682539682539682
2006-08-07,0.000198015873015873
2006-08-08,0.0001972222222222222
2006-08-09,0.00019603174603174606
2006-08-10,0.00019523809523809525
2006-08-11,0.00019603174603174606
2006-08-14,0.000198015873015873
2006-08-15,0.0001972222222222222
2006-08-16,0.00019603174603174606
2006-08-17,0.00019682539682539682
2006-08-18,0.0001972222222222222
2006-08-21,0.00019761904761904763
2006-08-22,0.0001972222222222222
2006-08-23,0.00019682539682539682
2006-08-24,0.00019682539682539682
2006-08-25,0.00019761904761904763
2006-08-28,0.0001972222222222222
2006-08-29,0.00019603174603174606
2006-08-30,0.00019523809523809525
2006-08-31,0.00019523809523809525
2006-09-01,0.00019404761904761905
2006-09-05,0.00019325396825396824
2006-09-06,0.00019206349206349205
2006-09-07,0.00019206349206349205
2006-09-08,0.00019047619047619048
2006-09-11,0.00019087301587301586
2006-09-12,0.0001896825396825397
2006-09-13,0.00019007936507936508
2006-09-14,0.00019126984126984127
2006-09-15,0.00019166666666666667
2006-09-18,0.00019126984126984127
2006-09-19,0.00019126984126984127
2006-09-20,0.00019087301587301586
2006-09-21,0.00019007936507936508
2006-09-22,0.00019047619047619048
2006-09-25,0.00018888888888888888
2006-09-26,0.00018888888888888888
2006-09-27,0.00018888888888888888
2006-09-28,0.0001884920634920635
2006-09-29,0.00018928571428571426
2006-10-02,0.00018888888888888888
2006-10-03,0.0001896825396825397
2006-10-04,0.00019047619047619048
2006-10-05,0.00019087301587301586
2006-10-06,0.00019126984126984127
2006-10-09,0.00019126984126984127
2006-10-10,0.00019325396825396824
2006-10-11,0.00019404761904761905
2006-10-12,0.00019563492063492062
2006-10-13,0.00019523809523809525
2006-10-16,0.00019682539682539682
2006-10-17,0.00019682539682539682
2006-10-18,0.00019682539682539682
2006-10-19,0.0001972222222222222
2006-10-20,0.00019682539682539682
2006-10-23,0.000198015873015873
2006-10-24,0.0001984126984126984
2006-10-25,0.000198015873015873
2006-10-26,0.000198015873015873
2006-10-27,0.00019761904761904763
2006-10-30,0.0001972222222222222
2006-10-31,0.00019642857142857144
2006-11-01,0.00019603174603174606
2006-11-02,0.00019603174603174606
2006-11-03,0.00019682539682539682
2006-11-06,0.00019682539682539682
2006-11-07,0.00019642857142857144
2006-11-08,0.0001972222222222222
2006-11-09,0.00019682539682539682
2006-11-10,0.0001972222222222222
2006-11-13,0.00019682539682539682
2006-11-14,0.00019682539682539682
2006-11-15,0.00019682539682539682
2006-11-16,0.00019682539682539682
2006-11-17,0.00019682539682539682
2006-11-20,0.00019642857142857144
2006-11-21,0.00019603174603174606
2006-11-22,0.00019523809523809525
2006-11-24,0.00019484126984126987
2006-11-27,0.00019523809523809525
2006-11-28,0.00019484126984126987
2006-11-29,0.00019484126984126987
2006-11-30,0.00019444444444444446
2006-12-01,0.00019444444444444446
2006-12-04,0.00019365079365079365
2006-12-05,0.00019285714285714286
2006-12-06,0.00019285714285714286
2006-12-07,0.00019246031746031743
2006-12-08,0.00019206349206349205
2006-12-11,0.00019087301587301586
2006-12-12,0.00019087301587301586
2006-12-13,0.00019126984126984127
2006-12-14,0.00019166666666666667
2006-12-15,0.00019007936507936508
2006-12-18,0.00019206349206349205
2006-12-19,0.00019206349206349205
2006-12-20,0.00019206349206349205
2006-12-21,0.00019206349206349205
2006-12-22,0.00019285714285714286
2006-12-26,0.00019325396825396824
2006-12-27,0.00019246031746031743
2006-12-28,0.00019325396825396824
2006-12-29,0.00019404761904761905
2007-01-03,0.00019523809523809525
2007-01-04,0.00019484126984126987
2007-01-05,0.00019523809523809525
2007-01-08,0.00019642857142857144
2007-01-09,0.00019642857142857144
2007-01-10,0.00019682539682539682
2007-01-11,0.00019761904761904763
2007-01-12,0.00019682539682539682
2007-01-16,0.00019761904761904763
2007-01-17,0.000198015873015873
2007-01-18,0.000198015873015873
2007-01-19,0.0001988095238095238
2007-01-22,0.0001984126984126984
2007-01-23,0.0001988095238095238
2007-01-24,0.0001984126984126984
2007-01-25,0.0001988095238095238
2007-01-26,0.0001984126984126984
2007-01-29,0.0001988095238095238
2007-01-30,0.0001984126984126984
2007-01-31,0.000198015873015873
2007-02-01,0.0001984126984126984
2007-02-02,0.0001988095238095238
2007-02-05,0.0001992063492063492
2007-02-06,0.0001988095238095238
2007-02-07,0.0001992063492063492
2007-02-08,0.00019960317460317463
2007-02-09,0.0001992063492063492
2007-02-12,0.0002
2007-02-13,0.00019960317460317463
2007-02-14,0.0001992063492063492
2007-02-15,0.00019960317460317463
2007-02-16,0.0002
2007-02-20,0.0002003968253968254
2007-02-21,0.0002
2007-02-22,0.0002003968253968254
2007-02-23,0.0002003968253968254
2007-02-26,0.0002003968253968254
2007-02-27,0.000198015873015873
2007-02-28,0.0001988095238095238
2007-03-01,0.0001984126984126984
2007-03-02,0.00019761904761904763
2007-03-05,0.0001972222222222222
2007-03-06,0.000198015873015873
2007-03-07,0.0001972222222222222
2007-03-08,0.00019642857142857144
2007-03-09,0.00019682539682539682
2007-03-12,0.00019682539682539682
2007-03-13,0.00019603174603174606
2007-03-14,0.00019523809523809525
2007-03-15,0.00019484126984126987
2007-03-16,0.00019444444444444446
2007-03-19,0.00019563492063492062
2007-03-20,0.00019523809523809525
2007-03-21,0.00019484126984126987
2007-03-22,0.00019523809523809525
2007-03-23,0.00019603174603174606
2007-03-26,0.00019563492063492062
2007-03-27,0.00019563492063492062
2007-03-28,0.00019523809523809525
2007-03-29,0.00019484126984126987
2007-03-30,0.00019444444444444446
2007-04-02,0.00019484126984126987
2007-04-03,0.00019484126984126987
2007-04-04,0.00019523809523809525
2007-04-05,0.00019444444444444446
2007-04-09,0.00019404761904761905
2007-04-10,0.00019404761904761905
2007-04-11,0.00019444444444444446
2007-04-12,0.00019404761904761905
2007-04-13,0.00019365079365079365
2007-04-16,0.00019365079365079365
2007-04-17,0.00019325396825396824
2007-04-18,0.00019285714285714286
2007-04-19,0.00019246031746031743
2007-04-20,0.00019246031746031743
2007-04-23,0.00019246031746031743
2007-04-24,0.00019206349206349205
2007-04-25,0.00019166666666666667
2007-04-26,0.00019126984126984127
2007-04-27,0.00019087301587301586
2007-04-30,0.00019007936507936508
2007-05-01,0.00018888888888888888
2007-05-02,0.00018928571428571426
2007-05-03,0.00018888888888888888
2007-05-04,0.00018888888888888888
2007-05-07,0.00018928571428571426
2007-05-08,0.00018888888888888888
2007-05-09,0.00018809523809523813
2007-05-10,0.0001876984126984127
2007-05-11,0.0001876984126984127
2007-05-14,0.0001876984126984127
2007-05-15,0.0001865079365079365
2007-05-16,0.00018333333333333334
2007-05-17,0.0001857142857142857
2007-05-18,0.0001865079365079365
2007-05-21,0.00018888888888888888
2007-05-22,0.00019007936507936508
2007-05-23,0.00018928571428571426
2007-05-24,0.00018928571428571426
2007-05-25,0.0001884920634920635
2007-05-29,0.00018888888888888888
2007-05-30,0.0001869047619047619
2007-05-31,0.00018253968253968252
2007-06-01,0.00018492063492063493
2007-06-04,0.0001857142857142857
2007-06-05,0.0001865079365079365
2007-06-06,0.0001853174603174603
2007-06-07,0.0001853174603174603
2007-06-08,0.00018412698412698412
2007-06-11,0.00018253968253968252
2007-06-12,0.00018214285714285712
2007-06-13,0.00017976190476190476
2007-06-14,0.00017936507936507936
2007-06-15,0.00017579365079365078
2007-06-18,0.00017896825396825398
2007-06-19,0.00017936507936507936
2007-06-20,0.00018293650793650796
2007-06-21,0.00018134920634920636
2007-06-22,0.00018214285714285712
2007-06-25,0.00018611111111111112
2007-06-26,0.00018611111111111112
2007-06-27,0.00018412698412698412
2007-06-28,0.00018412698412698412
2007-06-29,0.0001857142857142857
2007-07-02,0.00019087301587301586
2007-07-03,0.00019087301587301586
2007-07-05,0.00019087301587301586
2007-07-06,0.00019087301587301586
2007-07-09,0.00019166666666666667
2007-07-10,0.00019087301587301586
2007-07-11,0.00019087301587301586
2007-07-12,0.00019166666666666667
2007-07-13,0.00019166666666666667
2007-07-16,0.00019206349206349205
2007-07-17,0.00019126984126984127
2007-07-18,0.00019126984126984127
2007-07-19,0.00019206349206349205
2007-07-20,0.00019166666666666667
2007-07-23,0.00019365079365079365
2007-07-24,0.00019365079365079365
2007-07-25,0.00019246031746031743
2007-07-26,0.0001896825396825397
2007-07-27,0.0001873015873015873
2007-07-30,0.00019126984126984127
2007-07-31,0.00019126984126984127
2007-08-01,0.0001884920634920635
2007-08-02,0.0001884920634920635
2007-08-03,0.0001873015873015873
2007-08-06,0.00018809523809523813
2007-08-07,0.00019047619047619048
2007-08-08,0.00019087301587301586
2007-08-09,0.0001853174603174603
2007-08-10,0.0001761904761904762
2007-08-13,0.00018293650793650796
2007-08-14,0.00017896825396825398
2007-08-15,0.00016269841269841268
2007-08-16,0.00014642857142857144
2007-08-17,0.00014484126984126984
2007-08-20,0.00012222222222222221
2007-08-21,0.0001392857142857143
2007-08-22,0.00014206349206349206
2007-08-23,0.00015039682539682542
2007-08-24,0.00016388888888888887
2007-08-27,0.00017857142857142857
2007-08-28,0.00016984126984126986
2007-08-29,0.00015396825396825397
2007-08-30,0.00014841269841269842
2007-08-31,0.00015515873015873016
2007-09-04,0.00017261904761904762
2007-09-05,0.00016825396825396826
2007-09-06,0.00016587301587301585
2007-09-07,0.00015714285714285713
2007-09-10,0.00015317460317460315
2007-09-11,0.00015873015873015873
2007-09-12,0.00015595238095238097
2007-09-13,0.00015753968253968254
2007-09-14,0.00015476190476190475
2007-09-17,0.0001607142857142857
2007-09-18,0.00015515873015873016
2007-09-19,0.000151984126984127
2007-09-20,0.00014642857142857144
2007-09-21,0.00014444444444444446
2007-09-24,0.00014920634920634917
2007-09-25,0.00014682539682539685
2007-09-26,0.00014444444444444446
2007-09-27,0.00014365079365079365
2007-09-28,0.00014761904761904763
2007-10-01,0.000151984126984127
2007-10-02,0.00015317460317460315
2007-10-03,0.00015317460317460315
2007-10-04,0.00015277777777777777
2007-10-05,0.00015436507936507937
2007-10-08,0.00015436507936507937
2007-10-09,0.00015714285714285713
2007-10-10,0.00015674603174603175
2007-10-11,0.0001591269841269841
2007-10-12,0.0001623015873015873
2007-10-15,0.0001662698412698413
2007-10-16,0.00016428571428571428
2007-10-17,0.00015515873015873016
2007-10-18,0.00014523809523809525
2007-10-19,0.0001488095238095238
2007-10-22,0.00015476190476190475
2007-10-23,0.00015396825396825397
2007-10-24,0.0001488095238095238
2007-10-25,0.00015238095238095237
2007-10-26,0.00015317460317460315
2007-10-29,0.00015515873015873016
2007-10-30,0.00015317460317460315
2007-10-31,0.00015238095238095237
2007-11-01,0.00014722222222222223
2007-11-02,0.0001396825396825397
2007-11-05,0.00014365079365079365
2007-11-06,0.00014523809523809525
2007-11-07,0.00013492063492063494
2007-11-08,0.00013095238095238096
2007-11-09,0.00012658730158730157
2007-11-12,0.00012658730158730157
2007-11-13,0.00013531746031746032
2007-11-14,0.00013214285714285715
2007-11-15,0.00012777777777777776
2007-11-16,0.00013174603174603174
2007-11-19,0.00013174603174603174
2007-11-20,0.0001257936507936508
2007-11-21,0.00011984126984126985
2007-11-23,0.000125
2007-11-26,0.00012142857142857144
2007-11-27,0.00012222222222222221
2007-11-28,0.00011825396825396825
2007-11-29,0.00011587301587301588
2007-11-30,0.00012222222222222221
2007-12-03,0.00011865079365079367
2007-12-04,0.00011904761904761905
2007-12-05,0.00011904761904761905
2007-12-06,0.00011984126984126985
2007-12-07,0.00012063492063492063
2007-12-10,0.00011825396825396825
2007-12-11,0.00011388888888888889
2007-12-12,0.00011150793650793651
2007-12-13,0.0001111111111111111
2007-12-14,0.00011150793650793651
2007-12-17,0.00011944444444444444
2007-12-18,0.00011825396825396825
2007-12-19,0.0001130952380952381
2007-12-20,0.0001130952380952381
2007-12-21,0.00011587301587301588
2007-12-24,0.00012936507936507936
2007-12-26,0.0001285714285714286
2007-12-27,0.0001226190476190476
2007-12-28,0.00012301587301587303
2007-12-31,0.00013055555555555555
2008-01-02,0.0001261904761904762
2008-01-03,0.0001253968253968254
2008-01-04,0.0001238095238095238
2008-01-07,0.00012658730158730157
2008-01-08,0.0001257936507936508
2008-01-09,0.00012460317460317462
2008-01-10,0.0001253968253968254
2008-01-11,0.00011984126984126985
2008-01-14,0.0001234126984126984
2008-01-15,0.0001226190476190476
2008-01-16,0.00012142857142857144
2008-01-17,0.00011904761904761905
2008-01-18,0.00011071428571428572
2008-01-22,9.126984126984126e-05
2008-01-23,8.571428571428571e-05
2008-01-24,9.206349206349206e-05
2008-01-25,8.928571428571429e-05
2008-01-28,9.087301587301587e-05
2008-01-29,8.849206349206349e-05
2008-01-30,8.571428571428571e-05
2008-01-31,7.619047619047618e-05
2008-02-01,8.174603174603175e-05
2008-02-04,8.80952380952381e-05
2008-02-05,8.492063492063493e-05
2008-02-06,8.134920634920634e-05
2008-02-07,8.412698412698413e-05
2008-02-08,8.650793650793651e-05
2008-02-11,8.928571428571429e-05
2008-02-12,8.928571428571429e-05
2008-02-13,8.80952380952381e-05
2008-02-14,8.968253968253968e-05
2008-02-15,8.571428571428571e-05
2008-02-19,8.849206349206349e-05
2008-02-20,8.730158730158731e-05
2008-02-21,8.53174603174603e-05
2008-02-22,8.53174603174603e-05
2008-02-25,8.53174603174603e-05
2008-02-26,8.293650793650792e-05
2008-02-27,7.698412698412698e-05
2008-02-28,7.380952380952382e-05
2008-02-29,7.182539682539683e-05
2008-03-03,6.626984126984126e-05
2008-03-04,6.468253968253968e-05
2008-03-05,5.9523809523809524e-05
2008-03-06,5.436507936507937e-05
2008-03-07,5.634920634920634e-05
2008-03-10,5.2777777777777784e-05
2008-03-11,5.7539682539682534e-05
2008-03-12,5.7539682539682534e-05
2008-03-13,5.2777777777777784e-05
2008-03-14,4.603174603174603e-05
2008-03-17,4.3253968253968256e-05
2008-03-18,3.6111111111111116e-05
2008-03-19,2.380952380952381e-05
2008-03-20,2.4603174603174602e-05
2008-03-24,4.880952380952381e-05
2008-03-25,5.0396825396825395e-05
2008-03-26,5.0396825396825395e-05
2008-03-27,5.0793650793650794e-05
2008-03-28,5.1984126984126985e-05
2008-03-31,5.3968253968253975e-05
2008-04-01,5.476190476190476e-05
2008-04-02,5.515873015873015e-05
2008-04-03,5.476190476190476e-05
2008-04-04,5.2777777777777784e-05
2008-04-07,5.674603174603175e-05
2008-04-08,5.515873015873015e-05
2008-04-09,5.1190476190476193e-05
2008-04-10,4.96031746031746e-05
2008-04-11,4.642857142857142e-05
2008-04-14,4.2460317460317464e-05
2008-04-15,4.3253968253968256e-05
2008-04-16,4.404761904761905e-05
2008-04-17,4.801587301587301e-05
2008-04-18,5.238095238095238e-05
2008-04-21,5.2777777777777784e-05
2008-04-22,5e-05
2008-04-23,4.9206349206349204e-05
2008-04-24,4.9206349206349204e-05
2008-04-25,5.1984126984126985e-05
2008-04-28,5.634920634920634e-05
2008-04-29,5.714285714285714e-05
2008-04-30,5.595238095238095e-05
2008-05-01,5.634920634920634e-05
2008-05-02,5.833333333333333e-05
2008-05-05,5.992063492063492e-05
2008-05-06,6.349206349206349e-05
2008-05-07,6.507936507936507e-05
2008-05-08,6.468253968253968e-05
2008-05-09,6.587301587301587e-05
2008-05-12,6.904761904761904e-05
2008-05-13,7.142857142857143e-05
2008-05-14,7.103174603174603e-05
2008-05-15,7.142857142857143e-05
2008-05-16,7.182539682539683e-05
2008-05-19,7.103174603174603e-05
2008-05-20,7.261904761904762e-05
2008-05-21,7.261904761904762e-05
2008-05-22,7.261904761904762e-05
2008-05-23,7.222222222222223e-05
2008-05-27,7.380952380952382e-05
2008-05-28,7.380952380952382e-05
2008-05-29,7.420634920634921e-05
2008-05-30,7.341269841269842e-05
2008-06-02,7.222222222222223e-05
2008-06-03,7.222222222222223e-05
2008-06-04,7.182539682539683e-05
2008-06-05,7.222222222222223e-05
2008-06-06,7.182539682539683e-05
2008-06-09,7.380952380952382e-05
2008-06-10,7.857142857142857e-05
2008-06-11,7.619047619047618e-05
2008-06-12,7.777777777777778e-05
2008-06-13,7.738095238095238e-05
2008-06-16,8.095238095238096e-05
2008-06-17,7.777777777777778e-05
2008-06-18,7.500000000000001e-05
2008-06-19,7.420634920634921e-05
2008-06-20,7.261904761904762e-05
2008-06-23,7.341269841269842e-05
2008-06-24,7.142857142857143e-05
2008-06-25,7.063492063492064e-05
2008-06-26,6.746031746031747e-05
2008-06-27,6.507936507936507e-05
2008-06-30,7.420634920634921e-05
2008-07-01,7.301587301587302e-05
2008-07-02,7.103174603174603e-05
2008-07-03,7.182539682539683e-05
2008-07-07,7.301587301587302e-05
2008-07-08,7.261904761904762e-05
2008-07-09,7.103174603174603e-05
2008-07-10,6.507936507936507e-05
2008-07-11,6.26984126984127e-05
2008-07-14,5.9523809523809524e-05
2008-07-15,5.436507936507937e-05
2008-07-16,5.3571428571428575e-05
2008-07-17,5.555555555555555e-05
2008-07-18,5.7539682539682534e-05
2008-07-21,5.793650793650794e-05
2008-07-22,6.0317460317460316e-05
2008-07-23,6.19047619047619e-05
2008-07-24,6.42857142857143e-05
2008-07-25,6.785714285714286e-05
2008-07-28,6.746031746031747e-05
2008-07-29,6.706349206349206e-05
2008-07-30,6.626984126984126e-05
2008-07-31,6.547619047619048e-05
2008-08-01,6.468253968253968e-05
2008-08-04,6.825396825396825e-05
2008-08-05,6.825396825396825e-05
2008-08-06,6.388888888888888e-05
2008-08-07,6.468253968253968e-05
2008-08-08,6.626984126984126e-05
2008-08-11,7.301587301587302e-05
2008-08-12,7.261904761904762e-05
2008-08-13,7.222222222222223e-05
2008-08-14,7.341269841269842e-05
2008-08-15,7.182539682539683e-05
2008-08-18,7.103174603174603e-05
2008-08-19,7.023809523809524e-05
2008-08-20,6.666666666666666e-05
2008-08-21,6.706349206349206e-05
2008-08-22,6.626984126984126e-05
2008-08-25,6.785714285714286e-05
2008-08-26,6.666666666666666e-05
2008-08-27,6.507936507936507e-05
2008-08-28,6.785714285714286e-05
2008-08-29,6.706349206349206e-05
2008-09-02,6.706349206349206e-05
2008-09-03,6.626984126984126e-05
2008-09-04,6.587301587301587e-05
2008-09-05,6.547619047619048e-05
2008-09-08,6.706349206349206e-05
2008-09-09,6.468253968253968e-05
2008-09-10,6.42857142857143e-05
2008-09-11,6.26984126984127e-05
2008-09-12,5.793650793650794e-05
2008-09-15,4.0873015873015874e-05
2008-09-16,3.333333333333333e-05
2008-09-17,1.1904761904761904e-06
2008-09-18,9.126984126984127e-06
2008-09-19,3.849206349206349e-05
2008-09-22,5.1190476190476193e-05
2008-09-23,3.214285714285715e-05
2008-09-24,1.984126984126984e-05
2008-09-25,2.9761904761904762e-05
2008-09-26,3.412698412698413e-05
2008-09-29,3.809523809523809e-05
2008-09-30,3.571428571428572e-05
2008-10-01,3.333333333333333e-05
2008-10-02,2.4603174603174602e-05
2008-10-03,1.984126984126984e-05
2008-10-06,2.1428571428571428e-05
2008-10-07,3.214285714285715e-05
2008-10-08,2.6587301587301588e-05
2008-10-09,2.3015873015873015e-05
2008-10-10,9.523809523809523e-06
2008-10-13,9.523809523809523e-06
2008-10-14,1.3492063492063494e-05
2008-10-15,8.730158730158731e-06
2008-10-16,1.785714285714286e-05
2008-10-17,3.1746031746031745e-05
2008-10-20,4.9206349206349204e-05
2008-10-21,4.3253968253968256e-05
2008-10-22,4.0873015873015874e-05
2008-10-23,3.809523809523809e-05
2008-10-24,3.412698412698413e-05
2008-10-27,3.333333333333333e-05
2008-10-28,3.0158730158730158e-05
2008-10-29,2.4206349206349206e-05
2008-10-30,1.5873015873015872e-05
2008-10-31,1.7460317460317463e-05
2008-11-03,1.9444444444444445e-05
2008-11-04,1.9047619047619046e-05
2008-11-05,1.5476190476190476e-05
2008-11-06,1.2301587301587301e-05
2008-11-07,1.1904761904761905e-05
2008-11-10,1.1507936507936508e-05
2008-11-11,1.1507936507936508e-05
2008-11-12,7.142857142857143e-06
2008-11-13,8.333333333333332e-06
2008-11-14,5.555555555555557e-06
2008-11-17,4.7619047619047615e-06
2008-11-18,4.7619047619047615e-06
2008-11-19,2.7777777777777783e-06
2008-11-20,1.1904761904761904e-06
2008-11-21,7.936507936507937e-07
2008-11-24,5.158730158730158e-06
2008-11-25,3.968253968253968e-06
2008-11-26,1.984126984126984e-06
2008-11-28,3.9682539682539683e-07
2008-12-01,2.7777777777777783e-06
2008-12-02,2.3809523809523808e-06
2008-12-03,7.936507936507937e-07
2008-12-04,7.936507936507937e-07
2008-12-05,7.936507936507937e-07
2008-12-08,1.1904761904761904e-06
2008-12-09,1.1904761904761904e-06
2008-12-10,0.0
2008-12-11,3.9682539682539683e-07
2008-12-12,7.936507936507937e-07
2008-12-15,1.5873015873015873e-06
2008-12-16,1.5873015873015873e-06
2008-12-17,1.984126984126984e-06
2008-12-18,0.0
2008-12-19,7.936507936507937e-07
2008-12-22,3.9682539682539683e-07
2008-12-23,7.936507936507937e-07
2008-12-24,0.0
2008-12-26,1.1904761904761904e-06
2008-12-29,2.3809523809523808e-06
2008-12-30,3.968253968253968e-06
2008-12-31,4.365079365079366e-06
2009-01-02,3.1746031746031746e-06
2009-01-05,5.555555555555557e-06
2009-01-06,5.555555555555557e-06
2009-01-07,4.365079365079366e-06
2009-01-08,3.5714285714285714e-06
2009-01-09,2.7777777777777783e-06
2009-01-12,4.7619047619047615e-06
2009-01-13,4.365079365079366e-06
2009-01-14,4.7619047619047615e-06
2009-01-15,4.365079365079366e-06
2009-01-16,4.7619047619047615e-06
2009-01-20,5.158730158730158e-06
2009-01-21,4.365079365079366e-06
2009-01-22,3.968253968253968e-06
2009-01-23,4.365079365079366e-06
2009-01-26,5.9523809523809525e-06
2009-01-27,5.158730158730158e-06
2009-01-28,7.5396825396825394e-06
2009-01-29,9.126984126984127e-06
2009-01-30,9.523809523809523e-06
2009-02-02,1.0714285714285714e-05
2009-02-03,1.2698412698412699e-05
2009-02-04,1.1904761904761905e-05
2009-02-05,1.1507936507936508e-05
2009-02-06,1.1111111111111113e-05
2009-02-09,1.2698412698412699e-05
2009-02-10,1.2301587301587301e-05
2009-02-11,1.1904761904761905e-05
2009-02-12,1.1507936507936508e-05
2009-02-13,1.1507936507936508e-05
2009-02-17,1.2698412698412699e-05
2009-02-18,1.2301587301587301e-05
2009-02-19,1.1904761904761905e-05
2009-02-20,1.0714285714285714e-05
2009-02-23,1.1904761904761905e-05
2009-02-24,1.2698412698412699e-05
2009-02-25,1.1904761904761905e-05
2009-02-26,1.0714285714285714e-05
2009-02-27,1.0317460317460317e-05
2009-03-02,1.1111111111111113e-05
2009-03-03,1.0714285714285714e-05
2009-03-04,1.0317460317460317e-05
2009-03-05,7.936507936507936e-06
2009-03-06,7.936507936507936e-06
2009-03-09,9.126984126984127e-06
2009-03-10,9.523809523809523e-06
2009-03-11,9.126984126984127e-06
2009-03-12,8.333333333333332e-06
2009-03-13,7.5396825396825394e-06
2009-03-16,9.523809523809523e-06
2009-03-17,9.523809523809523e-06
2009-03-18,8.333333333333332e-06
2009-03-19,7.936507936507936e-06
2009-03-20,8.333333333333332e-06
2009-03-23,8.730158730158731e-06
2009-03-24,8.333333333333332e-06
2009-03-25,7.5396825396825394e-06
2009-03-26,5.9523809523809525e-06
2009-03-27,5.158730158730158e-06
2009-03-30,7.142857142857143e-06
2009-03-31,8.333333333333332e-06
2009-04-01,8.730158730158731e-06
2009-04-02,8.730158730158731e-06
2009-04-03,8.333333333333332e-06
2009-04-06,7.936507936507936e-06
2009-04-07,7.936507936507936e-06
2009-04-08,7.142857142857143e-06
2009-04-09,7.142857142857143e-06
2009-04-13,7.142857142857143e-06
2009-04-14,6.746031746031747e-06
2009-04-15,5.9523809523809525e-06
2009-04-16,5.158730158730158e-06
2009-04-17,5.555555555555557e-06
2009-04-20,5.555555555555557e-06
2009-04-21,5.9523809523809525e-06
2009-04-22,5.555555555555557e-06
2009-04-23,3.968253968253968e-06
2009-04-24,3.968253968253968e-06
2009-04-27,5.158730158730158e-06
2009-04-28,5.158730158730158e-06
2009-04-29,4.365079365079366e-06
2009-04-30,5.555555555555557e-06
2009-05-01,5.9523809523809525e-06
2009-05-04,7.5396825396825394e-06
2009-05-05,7.5396825396825394e-06
2009-05-06,7.5396825396825394e-06
2009-05-07,7.142857142857143e-06
2009-05-08,7.142857142857143e-06
2009-05-11,7.5396825396825394e-06
2009-05-12,7.5396825396825394e-06
2009-05-13,6.746031746031747e-06
2009-05-14,6.349206349206349e-06
2009-05-15,6.746031746031747e-06
2009-05-18,7.5396825396825394e-06
2009-05-19,7.142857142857143e-06
2009-05-20,7.142857142857143e-06
2009-05-21,7.5396825396825394e-06
2009-05-22,7.142857142857143e-06
2009-05-26,7.142857142857143e-06
2009-05-27,6.746031746031747e-06
2009-05-28,5.9523809523809525e-06
2009-05-29,5.555555555555557e-06
2009-06-01,5.158730158730158e-06
2009-06-02,5.555555555555557e-06
2009-06-03,5.555555555555557e-06
2009-06-04,5.555555555555557e-06
2009-06-05,7.5396825396825394e-06
2009-06-08,7.5396825396825394e-06
2009-06-09,7.5396825396825394e-06
2009-06-10,7.142857142857143e-06
2009-06-11,7.5396825396825394e-06
2009-06-12,7.142857142857143e-06
2009-06-15,6.746031746031747e-06
2009-06-16,6.746031746031747e-06
2009-06-17,6.746031746031747e-06
2009-06-18,7.142857142857143e-06
2009-06-19,7.142857142857143e-06
2009-06-22,7.936507936507936e-06
2009-06-23,7.936507936507936e-06
2009-06-24,7.5396825396825394e-06
2009-06-25,7.142857142857143e-06
2009-06-26,7.5396825396825394e-06
2009-06-29,7.936507936507936e-06
2009-06-30,7.5396825396825394e-06
2009-07-01,6.746031746031747e-06
2009-07-02,6.746031746031747e-06
2009-07-06,7.5396825396825394e-06
2009-07-07,7.5396825396825394e-06
2009-07-08,7.142857142857143e-06
2009-07-09,7.5396825396825394e-06
2009-07-10,7.142857142857143e-06
2009-07-13,7.142857142857143e-06
2009-07-14,7.142857142857143e-06
2009-07-15,7.142857142857143e-06
2009-07-16,7.5396825396825394e-06
2009-07-17,6.746031746031747e-06
2009-07-20,7.5396825396825394e-06
2009-07-21,7.5396825396825394e-06
2009-07-22,7.5396825396825394e-06
2009-07-23,7.5396825396825394e-06
2009-07-24,7.142857142857143e-06
2009-07-27,7.5396825396825394e-06
2009-07-28,7.5396825396825394e-06
2009-07-29,7.5396825396825394e-06
2009-07-30,7.142857142857143e-06
2009-07-31,7.142857142857143e-06
2009-08-03,7.5396825396825394e-06
2009-08-04,7.142857142857143e-06
2009-08-05,7.142857142857143e-06
2009-08-06,6.746031746031747e-06
2009-08-07,7.142857142857143e-06
2009-08-10,7.5396825396825394e-06
2009-08-11,7.142857142857143e-06
2009-08-12,6.746031746031747e-06
2009-08-13,6.746031746031747e-06
2009-08-14,7.142857142857143e-06
2009-08-17,7.142857142857143e-06
2009-08-18,7.142857142857143e-06
2009-08-19,6.746031746031747e-06
2009-08-20,6.746031746031747e-06
2009-08-21,6.746031746031747e-06
2009-08-24,6.746031746031747e-06
2009-08-25,6.746031746031747e-06
2009-08-26,5.9523809523809525e-06
2009-08-27,5.9523809523809525e-06
2009-08-28,5.9523809523809525e-06
2009-08-31,5.9523809523809525e-06
2009-09-01,5.555555555555557e-06
2009-09-02,5.555555555555557e-06
2009-09-03,5.9523809523809525e-06
2009-09-04,5.555555555555557e-06
2009-09-08,5.555555555555557e-06
2009-09-09,5.555555555555557e-06
2009-09-10,5.555555555555557e-06
2009-09-11,5.555555555555557e-06
2009-09-14,5.555555555555557e-06
2009-09-15,5.158730158730158e-06
2009-09-16,3.968253968253968e-06
2009-09-17,3.968253968253968e-06
2009-09-18,3.1746031746031746e-06
2009-09-21,4.365079365079366e-06
2009-09-22,4.365079365079366e-06
2009-09-23,4.365079365079366e-06
2009-09-24,3.968253968253968e-06
2009-09-25,3.968253968253968e-06
2009-09-28,4.365079365079366e-06
2009-09-29,5.158730158730158e-06
2009-09-30,5.555555555555557e-06
2009-10-01,3.968253968253968e-06
2009-10-02,3.968253968253968e-06
2009-10-05,3.1746031746031746e-06
2009-10-06,3.1746031746031746e-06
2009-10-07,3.5714285714285714e-06
2009-10-08,2.3809523809523808e-06
2009-10-09,2.7777777777777783e-06
2009-10-12,2.7777777777777783e-06
2009-10-13,2.7777777777777783e-06
2009-10-14,2.7777777777777783e-06
2009-10-15,2.7777777777777783e-06
2009-10-16,2.7777777777777783e-06
2009-10-19,3.1746031746031746e-06
2009-10-20,3.1746031746031746e-06
2009-10-21,2.7777777777777783e-06
2009-10-22,2.3809523809523808e-06
2009-10-23,2.7777777777777783e-06
2009-10-26,3.1746031746031746e-06
2009-10-27,3.1746031746031746e-06
2009-10-28,2.7777777777777783e-06
2009-10-29,2.3809523809523808e-06
2009-10-30,1.984126984126984e-06
2009-11-02,2.3809523809523808e-06
2009-11-03,2.3809523809523808e-06
2009-11-04,1.984126984126984e-06
2009-11-05,1.5873015873015873e-06
2009-11-06,2.3809523809523808e-06
2009-11-09,2.7777777777777783e-06
2009-11-10,2.7777777777777783e-06
2009-11-11,2.7777777777777783e-06
2009-11-12,2.7777777777777783e-06
2009-11-13,2.3809523809523808e-06
2009-11-16,2.7777777777777783e-06
2009-11-17,2.3809523809523808e-06
2009-11-18,1.5873015873015873e-06
2009-11-19,7.936507936507937e-07
2009-11-20,7.936507936507937e-07
2009-11-23,1.984126984126984e-06
2009-11-24,1.984126984126984e-06
2009-11-25,1.984126984126984e-06
2009-11-27,1.1904761904761904e-06
2009-11-30,2.3809523809523808e-06
2009-12-01,2.3809523809523808e-06
2009-12-02,1.984126984126984e-06
2009-12-03,2.3809523809523808e-06
2009-12-04,2.3809523809523808e-06
2009-12-07,1.5873015873015873e-06
2009-12-08,1.1904761904761904e-06
2009-12-09,1.1904761904761904e-06
2009-12-10,7.936507936507937e-07
2009-12-11,1.1904761904761904e-06
2009-12-14,1.5873015873015873e-06
2009-12-15,1.984126984126984e-06
2009-12-16,1.5873015873015873e-06
2009-12-17,1.5873015873015873e-06
2009-12-18,1.984126984126984e-06
2009-12-21,3.1746031746031746e-06
2009-12-22,3.1746031746031746e-06
2009-12-23,2.7777777777777783e-06
2009-12-24,1.984126984126984e-06
2009-12-28,4.365079365079366e-06
2009-12-29,3.968253968253968e-06
2009-12-30,1.984126984126984e-06
2009-12-31,2.3809523809523808e-06
2010-01-04,3.1746031746031746e-06
2010-01-05,2.7777777777777783e-06
2010-01-06,2.3809523809523808e-06
2010-01-07,1.984126984126984e-06
2010-01-08,1.984126984126984e-06
2010-01-11,1.5873015873015873e-06
2010-01-12,1.984126984126984e-06
2010-01-13,2.3809523809523808e-06
2010-01-14,1.984126984126984e-06
2010-01-15,2.3809523809523808e-06
2010-01-19,2.3809523809523808e-06
2010-01-20,1.984126984126984e-06
2010-01-21,2.3809523809523808e-06
2010-01-22,2.3809523809523808e-06
2010-01-25,2.3809523809523808e-06
2010-01-26,2.7777777777777783e-06
2010-01-27,3.1746031746031746e-06
2010-01-28,3.1746031746031746e-06
2010-01-29,3.1746031746031746e-06
2010-02-01,3.968253968253968e-06
2010-02-02,3.968253968253968e-06
2010-02-03,3.968253968253968e-06
2010-02-04,3.5714285714285714e-06
2010-02-05,3.968253968253968e-06
2010-02-08,4.7619047619047615e-06
2010-02-09,4.7619047619047615e-06
2010-02-10,4.365079365079366e-06
2010-02-11,4.365079365079366e-06
2010-02-12,3.968253968253968e-06
2010-02-16,3.968253968253968e-06
2010-02-17,3.968253968253968e-06
2010-02-18,3.968253968253968e-06
2010-02-19,4.365079365079366e-06
2010-02-22,4.365079365079366e-06
2010-02-23,4.7619047619047615e-06
2010-02-24,4.7619047619047615e-06
2010-02-25,5.158730158730158e-06
2010-02-26,5.158730158730158e-06
2010-03-01,5.158730158730158e-06
2010-03-02,5.555555555555557e-06
2010-03-03,5.555555555555557e-06
2010-03-04,5.555555555555557e-06
2010-03-05,5.9523809523809525e-06
2010-03-08,6.349206349206349e-06
2010-03-09,6.349206349206349e-06
2010-03-10,5.9523809523809525e-06
2010-03-11,6.349206349206349e-06
2010-03-12,5.9523809523809525e-06
2010-03-15,6.746031746031747e-06
2010-03-16,6.349206349206349e-06
2010-03-17,5.9523809523809525e-06
2010-03-18,6.349206349206349e-06
2010-03-19,6.349206349206349e-06
2010-03-22,5.9523809523809525e-06
2010-03-23,5.555555555555557e-06
2010-03-24,5.555555555555557e-06
2010-03-25,5.555555555555557e-06
2010-03-26,5.555555555555557e-06
2010-03-29,5.9523809523809525e-06
2010-03-30,6.349206349206349e-06
2010-03-31,6.349206349206349e-06
2010-04-01,6.349206349206349e-06
2010-04-05,7.142857142857143e-06
2010-04-06,6.746031746031747e-06
2010-04-07,6.746031746031747e-06
2010-04-08,6.746031746031747e-06
2010-04-09,6.349206349206349e-06
2010-04-12,6.349206349206349e-06
2010-04-13,6.349206349206349e-06
2010-04-14,6.349206349206349e-06
2010-04-15,6.349206349206349e-06
2010-04-16,6.349206349206349e-06
2010-04-19,6.349206349206349e-06
2010-04-20,6.349206349206349e-06
2010-04-21,5.9523809523809525e-06
2010-04-22,6.349206349206349e-06
2010-04-23,6.349206349206349e-06
2010-04-26,6.349206349206349e-06
2010-04-27,6.349206349206349e-06
2010-04-28,6.349206349206349e-06
2010-04-29,6.746031746031747e-06
2010-04-30,6.349206349206349e-06
2010-05-03,6.746031746031747e-06
2010-05-04,6.349206349206349e-06
2010-05-05,5.9523809523809525e-06
2010-05-06,4.365079365079366e-06
2010-05-07,5.158730158730158e-06
2010-05-10,6.349206349206349e-06
2010-05-11,6.349206349206349e-06
2010-05-12,6.349206349206349e-06
2010-05-13,6.349206349206349e-06
2010-05-14,6.349206349206349e-06
2010-05-17,6.349206349206349e-06
2010-05-18,6.746031746031747e-06
2010-05-19,6.746031746031747e-06
2010-05-20,6.746031746031747e-06
2010-05-21,6.746031746031747e-06
2010-05-24,6.746031746031747e-06
2010-05-25,6.746031746031747e-06
2010-05-26,6.746031746031747e-06
2010-05-27,6.746031746031747e-06
2010-05-28,6.349206349206349e-06
2010-06-01,6.349206349206349e-06
2010-06-02,6.349206349206349e-06
2010-06-03,5.555555555555557e-06
2010-06-04,5.555555555555557e-06
2010-06-07,4.7619047619047615e-06
2010-06-08,4.7619047619047615e-06
2010-06-09,3.968253968253968e-06
2010-06-10,3.968253968253968e-06
2010-06-11,3.1746031746031746e-06
2010-06-14,2.7777777777777783e-06
2010-06-15,3.5714285714285714e-06
2010-06-16,3.968253968253968e-06
2010-06-17,3.5714285714285714e-06
2010-06-18,4.365079365079366e-06
2010-06-21,4.7619047619047615e-06
2010-06-22,5.158730158730158e-06
2010-06-23,5.158730158730158e-06
2010-06-24,5.158730158730158e-06
2010-06-25,5.158730158730158e-06
2010-06-28,6.746031746031747e-06
2010-06-29,5.9523809523809525e-06
2010-06-30,7.142857142857143e-06
2010-07-01,6.746031746031747e-06
2010-07-02,6.746031746031747e-06
2010-07-06,6.746031746031747e-06
2010-07-07,6.349206349206349e-06
2010-07-08,5.9523809523809525e-06
2010-07-09,6.349206349206349e-06
2010-07-12,6.349206349206349e-06
2010-07-13,5.9523809523809525e-06
2010-07-14,5.9523809523809525e-06
2010-07-15,5.9523809523809525e-06
2010-07-16,5.9523809523809525e-06
2010-07-19,6.746031746031747e-06
2010-07-20,6.349206349206349e-06
2010-07-21,6.349206349206349e-06
2010-07-22,6.349206349206349e-06
2010-07-23,6.349206349206349e-06
2010-07-26,6.349206349206349e-06
2010-07-27,5.9523809523809525e-06
2010-07-28,5.9523809523809525e-06
2010-07-29,5.9523809523809525e-06
2010-07-30,5.9523809523809525e-06
2010-08-02,6.349206349206349e-06
2010-08-03,6.349206349206349e-06
2010-08-04,6.349206349206349e-06
2010-08-05,5.9523809523809525e-06
2010-08-06,5.9523809523809525e-06
2010-08-09,5.9523809523809525e-06
2010-08-10,5.9523809523809525e-06
2010-08-11,5.9523809523809525e-06
2010-08-12,6.349206349206349e-06
2010-08-13,5.9523809523809525e-06
2010-08-16,6.349206349206349e-06
2010-08-17,6.746031746031747e-06
2010-08-18,6.349206349206349e-06
2010-08-19,6.349206349206349e-06
2010-08-20,5.9523809523809525e-06
2010-08-23,6.349206349206349e-06
2010-08-24,6.349206349206349e-06
2010-08-25,6.349206349206349e-06
2010-08-26,6.349206349206349e-06
2010-08-27,5.9523809523809525e-06
2010-08-30,5.555555555555557e-06
2010-08-31,5.555555555555557e-06
2010-09-01,5.158730158730158e-06
2010-09-02,5.555555555555557e-06
2010-09-03,5.555555555555557e-06
2010-09-07,5.555555555555557e-06
2010-09-08,5.555555555555557e-06
2010-09-09,5.555555555555557e-06
2010-09-10,5.555555555555557e-06
2010-09-13,5.9523809523809525e-06
2010-09-14,5.9523809523809525e-06
2010-09-15,5.9523809523809525e-06
2010-09-16,6.349206349206349e-06
2010-09-17,6.349206349206349e-06
2010-09-20,6.746031746031747e-06
2010-09-21,6.746031746031747e-06
2010-09-22,6.349206349206349e-06
2010-09-23,6.349206349206349e-06
2010-09-24,5.9523809523809525e-06
2010-09-27,6.349206349206349e-06
2010-09-28,6.349206349206349e-06
2010-09-29,6.349206349206349e-06
2010-09-30,6.349206349206349e-06
2010-10-01,6.349206349206349e-06
2010-10-04,5.158730158730158e-06
2010-10-05,4.7619047619047615e-06
2010-10-06,5.158730158730158e-06
2010-10-07,5.158730158730158e-06
2010-10-08,4.7619047619047615e-06
2010-10-11,4.7619047619047615e-06
2010-10-12,5.158730158730158e-06
2010-10-13,5.158730158730158e-06
2010-10-14,5.555555555555557e-06
2010-10-15,5.555555555555557e-06
2010-10-18,5.9523809523809525e-06
2010-10-19,5.555555555555557e-06
2010-10-20,5.555555555555557e-06
2010-10-21,5.158730158730158e-06
2010-10-22,5.158730158730158e-06
2010-10-25,5.555555555555557e-06
2010-10-26,5.555555555555557e-06
2010-10-27,5.555555555555557e-06
2010-10-28,5.158730158730158e-06
2010-10-29,4.7619047619047615e-06
2010-11-01,5.158730158730158e-06
2010-11-02,5.158730158730158e-06
2010-11-03,5.158730158730158e-06
2010-11-04,5.158730158730158e-06
2010-11-05,5.158730158730158e-06
2010-11-08,5.158730158730158e-06
2010-11-09,5.158730158730158e-06
2010-11-10,5.158730158730158e-06
2010-11-11,5.158730158730158e-06
2010-11-12,5.158730158730158e-06
2010-11-15,5.555555555555557e-06
2010-11-16,5.9523809523809525e-06
2010-11-17,5.555555555555557e-06
2010-11-18,5.9523809523809525e-06
2010-11-19,5.555555555555557e-06
2010-11-22,5.9523809523809525e-06
2010-11-23,5.9523809523809525e-06
2010-11-24,6.349206349206349e-06
2010-11-26,6.349206349206349e-06
2010-11-29,7.142857142857143e-06
2010-11-30,6.746031746031747e-06
2010-12-01,6.349206349206349e-06
2010-12-02,6.349206349206349e-06
2010-12-03,5.555555555555557e-06
2010-12-06,5.9523809523809525e-06
2010-12-07,5.555555555555557e-06
2010-12-08,5.9523809523809525e-06
2010-12-09,5.555555555555557e-06
2010-12-10,5.158730158730158e-06
2010-12-13,5.9523809523809525e-06
2010-12-14,5.9523809523809525e-06
2010-12-15,5.555555555555557e-06
2010-12-16,5.158730158730158e-06
2010-12-17,4.365079365079366e-06
2010-12-20,5.555555555555557e-06
2010-12-21,5.555555555555557e-06
2010-12-22,5.555555555555557e-06
2010-12-23,5.555555555555557e-06
2010-12-27,6.746031746031747e-06
2010-12-28,5.9523809523809525e-06
2010-12-29,5.158730158730158e-06
2010-12-30,4.7619047619047615e-06
2010-12-31,4.7619047619047615e-06
2011-01-03,5.9523809523809525e-06
2011-01-04,5.555555555555557e-06
2011-01-05,5.555555555555557e-06
2011-01-06,5.9523809523809525e-06
2011-01-07,5.555555555555557e-06
2011-01-10,5.9523809523809525e-06
2011-01-11,5.9523809523809525e-06
2011-01-12,5.9523809523809525e-06
2011-01-13,5.9523809523809525e-06
2011-01-14,5.9523809523809525e-06
2011-01-18,6.349206349206349e-06
2011-01-19,6.349206349206349e-06
2011-01-20,6.349206349206349e-06
2011-01-21,6.349206349206349e-06
2011-01-24,6.349206349206349e-06
2011-01-25,6.349206349206349e-06
2011-01-26,6.349206349206349e-06
2011-01-27,5.9523809523809525e-06
2011-01-28,5.9523809523809525e-06
2011-01-31,5.9523809523809525e-06
2011-02-01,5.9523809523809525e-06
2011-02-02,6.349206349206349e-06
2011-02-03,5.555555555555557e-06
2011-02-04,5.9523809523809525e-06
2011-02-07,6.349206349206349e-06
2011-02-08,5.9523809523809525e-06
2011-02-09,5.555555555555557e-06
2011-02-10,4.7619047619047615e-06
2011-02-11,4.7619047619047615e-06
2011-02-14,5.158730158730158e-06
2011-02-15,5.158730158730158e-06
2011-02-16,4.7619047619047615e-06
2011-02-17,3.5714285714285714e-06
2011-02-18,3.968253968253968e-06
2011-02-22,4.7619047619047615e-06
2011-02-23,4.7619047619047615e-06
2011-02-24,5.158730158730158e-06
2011-02-25,5.158730158730158e-06
2011-02-28,5.9523809523809525e-06
2011-03-01,5.555555555555557e-06
2011-03-02,5.158730158730158e-06
2011-03-03,5.158730158730158e-06
2011-03-04,4.7619047619047615e-06
2011-03-07,4.365079365079366e-06
2011-03-08,4.365079365079366e-06
2011-03-09,3.968253968253968e-06
2011-03-10,3.1746031746031746e-06
2011-03-11,3.1746031746031746e-06
2011-03-14,3.5714285714285714e-06
2011-03-15,3.968253968253968e-06
2011-03-16,3.968253968253968e-06
2011-03-17,3.1746031746031746e-06
2011-03-18,2.7777777777777783e-06
2011-03-21,3.968253968253968e-06
2011-03-22,3.968253968253968e-06
2011-03-23,3.5714285714285714e-06
2011-03-24,3.5714285714285714e-06
2011-03-25,3.5714285714285714e-06
2011-03-28,4.365079365079366e-06
2011-03-29,3.968253968253968e-06
2011-03-30,3.968253968253968e-06
2011-03-31,3.5714285714285714e-06
2011-04-01,2.7777777777777783e-06
2011-04-04,2.3809523809523808e-06
2011-04-05,2.7777777777777783e-06
2011-04-06,2.3809523809523808e-06
2011-04-07,1.5873015873015873e-06
2011-04-08,1.5873015873015873e-06
2011-04-11,1.984126984126984e-06
2011-04-12,1.984126984126984e-06
2011-04-13,2.3809523809523808e-06
2011-04-14,2.7777777777777783e-06
2011-04-15,2.7777777777777783e-06
2011-04-18,2.7777777777777783e-06
2011-04-19,2.3809523809523808e-06
2011-04-20,2.3809523809523808e-06
2011-04-21,2.3809523809523808e-06
2011-04-25,2.7777777777777783e-06
2011-04-26,2.7777777777777783e-06
2011-04-27,2.3809523809523808e-06
2011-04-28,1.5873015873015873e-06
2011-04-29,1.5873015873015873e-06
2011-05-02,1.984126984126984e-06
2011-05-03,1.1904761904761904e-06
2011-05-04,1.1904761904761904e-06
2011-05-05,7.936507936507937e-07
2011-05-06,7.936507936507937e-07
2011-05-09,1.1904761904761904e-06
2011-05-10,1.1904761904761904e-06
2011-05-11,1.1904761904761904e-06
2011-05-12,7.936507936507937e-07
2011-05-13,1.1904761904761904e-06
2011-05-16,1.5873015873015873e-06
2011-05-17,1.5873015873015873e-06
2011-05-18,1.984126984126984e-06
2011-05-19,1.984126984126984e-06
2011-05-20,1.984126984126984e-06
2011-05-23,2.3809523809523808e-06
2011-05-24,2.3809523809523808e-06
2011-05-25,2.3809523809523808e-06
2011-05-26,1.984126984126984e-06
2011-05-27,1.984126984126984e-06
2011-05-31,2.3809523809523808e-06
2011-06-01,1.984126984126984e-06
2011-06-02,1.5873015873015873e-06
2011-06-03,1.5873015873015873e-06
2011-06-06,1.984126984126984e-06
2011-06-07,1.984126984126984e-06
2011-06-08,1.5873015873015873e-06
2011-06-09,1.984126984126984e-06
2011-06-10,1.984126984126984e-06
2011-06-13,1.984126984126984e-06
2011-06-14,1.984126984126984e-06
2011-06-15,1.984126984126984e-06
2011-06-16,1.984126984126984e-06
2011-06-17,1.5873015873015873e-06
2011-06-20,1.1904761904761904e-06
2011-06-21,1.1904761904761904e-06
2011-06-22,7.936507936507937e-07
2011-06-23,3.9682539682539683e-07
2011-06-24,7.936507936507937e-07
2011-06-27,7.936507936507937e-07
2011-06-28,1.1904761904761904e-06
2011-06-29,7.936507936507937e-07
2011-06-30,1.1904761904761904e-06
2011-07-01,7.936507936507937e-07
2011-07-05,7.936507936507937e-07
2011-07-06,3.9682539682539683e-07
2011-07-07,1.1904761904761904e-06
2011-07-08,1.1904761904761904e-06
2011-07-11,1.1904761904761904e-06
2011-07-12,1.1904761904761904e-06
2011-07-13,3.9682539682539683e-07
2011-07-14,3.9682539682539683e-07
2011-07-15,7.936507936507937e-07
2011-07-18,7.936507936507937e-07
2011-07-19,1.1904761904761904e-06
2011-07-20,7.936507936507937e-07
2011-07-21,1.984126984126984e-06
2011-07-22,1.984126984126984e-06
2011-07-25,1.984126984126984e-06
2011-07-26,2.7777777777777783e-06
2011-07-27,3.1746031746031746e-06
2011-07-28,2.7777777777777783e-06
2011-07-29,3.968253968253968e-06
2011-08-01,3.968253968253968e-06
2011-08-02,2.3809523809523808e-06
2011-08-03,7.936507936507937e-07
2011-08-04,7.936507936507937e-07
2011-08-05,3.9682539682539683e-07
2011-08-08,1.984126984126984e-06
2011-08-09,1.1904761904761904e-06
2011-08-10,7.936507936507937e-07
2011-08-11,1.1904761904761904e-06
2011-08-12,7.936507936507937e-07
2011-08-15,7.936507936507937e-07
2011-08-16,1.1904761904761904e-06
2011-08-17,3.9682539682539683e-07
2011-08-18,3.9682539682539683e-07
2011-08-19,7.936507936507937e-07
2011-08-22,3.9682539682539683e-07
2011-08-23,3.9682539682539683e-07
2011-08-24,7.936507936507937e-07
2011-08-25,3.9682539682539683e-07
2011-08-26,3.9682539682539683e-07
2011-08-29,7.936507936507937e-07
2011-08-30,3.9682539682539683e-07
2011-08-31,7.936507936507937e-07
2011-09-01,7.936507936507937e-07
2011-09-02,0.013469689260365007
2011-09-06,-0.008304785578785044
2011-09-07,-0.008399720822745564
2011-09-08,0.0027201990577734514
2011-09-09,0.003994914113775421
2011-09-12,-0.006892696910264696
2011-09-13,-0.004391520306934978
2011-09-14,-0.0015694955980687585
2011-09-15,-0.008629872658976266
2011-09-16,0.004445328692661737
2011-09-19,0.0008041686040341541
2011-09-20,-0.0008556024047309401
2011-09-21,0.0014937439548529893
2011-09-22,-0.004711154302148764
2011-09-23,-0.020486931021176408
2011-09-26,-0.009615147981268364
2011-09-27,-0.0029020827806797477
2011-09-28,-0.011523346009522088
2011-09-29,0.0039174670494124125
2011-09-30,-0.0051714430175131935
2011-10-03,0.009552840207846877
2011-10-04,-0.0067859391753408
2011-10-05,-0.0032893808253657603
2011-10-06,-0.009858126905393342
2011-10-07,-0.0025664774624162504
2011-10-10,-0.01663031487622163
2011-10-11,-0.0011984358395529784
2011-10-12,-0.0067271670520213794
2011-10-13,0.004922316807697467
2011-10-14,-0.011762359454425414
2011-10-17,0.011095023647064817
2011-10-18,-0.001598878159256994
2011-10-19,0.004211572126421675
2011-10-20,-0.0017293909473561247
2011-10-21,-0.007651448486855944
2011-10-24,-0.007220985700473295
2011-10-25,0.005276254522177767
2011-10-26,-0.005007628690839354
2011-10-27,-0.020482345121299077
2011-10-28,0.0019747390671377317
2011-10-31,0.01579857125410465
2011-11-01,0.017499776840383955
2011-11-02,0.0017659737833938644
2011-11-03,0.0015310943530565844
2011-11-04,0.0012470803146471929
2011-11-07,0.0039420991352415785
2011-11-08,-4.330950507832243e-05
2011-11-09,-0.003925747876638575
2011-11-10,0.0015868020081408407
2011-11-11,0.0032185102640406686
2011-11-14,-0.0010113194460414524
2011-11-15,-0.00097928478498147
2011-11-16,-0.0016541613491280673
2011-11-17,-0.005004715866393915
2011-11-18,-0.0011236241873217488
2011-11-21,-0.003327504953883164
2011-11-22,0.0011920607184893752
2011-11-23,-0.003043245542420862
2011-11-25,-0.0027811844100176022
2011-11-28,0.008457895554244031
2011-11-29,-1.6452346834790462e-05
2011-11-30,0.006790708382893517
2011-12-01,-0.0002606778795778464
2011-12-02,0.0018084484290991445
2011-12-05,0.001133546583404203
2011-12-06,-0.002487531364664602
2011-12-07,0.004987082581053895
2011-12-08,0.002120748931374205
2011-12-09,0.0008425288089803356
2011-12-12,0.005061991280595568
2011-12-13,0.0006458229413761678
2011-12-14,0.011178588369802067
2011-12-15,-0.002973284130544785
2011-12-16,-0.0028505056005060057
2011-12-19,0.0023517044503023293
2011-12-20,-0.00845868103375129
2011-12-21,-0.004824967655087316
2011-12-22,0.0030592048798067685
2011-12-23,-0.0036443518012381384
2011-12-27,-0.006477095022944476
2011-12-28,0.006944996745842988
2011-12-29,0.003741812063840196
2011-12-30,-0.0021137770573878274
2012-01-03,-0.009163802014131755
2012-01-04,0.0008566580392131376
2012-01-05,0.0010985622318155444
2012-01-06,0.003265314149581452
2012-01-09,0.0008499788056846112
2012-01-10,-0.0006272669719450488
2012-01-11,0.003990854221161621
2012-01-12,-0.004155300840283606
2012-01-13,0.001575234652099098
2012-01-17,0.0008442729283167086
2012-01-18,-0.003687362883071077
2012-01-19,-0.0012186489629475285
2012-01-20,-0.0033215687978516983
2012-01-23,-0.005267002689050665
2012-01-24,-0.0005500461164444781
2012-01-25,-0.00021831844967845347
2012-01-26,0.004585503679891371
2012-01-27,-0.00011029581510709209
2012-01-30,0.002996069629665497
2012-01-31,0.004318203225105411
2012-02-01,-0.0032179187349776926
2012-02-02,-0.000595741117868364
2012-02-03,-0.002962122956541227
2012-02-06,5.504053818888138e-05
2012-02-07,-0.0019410732941976731
2012-02-08,0.00012009160485544387
2012-02-09,-0.001084485708017691
2012-02-10,-0.000815826379767653
2012-02-13,0.0006906129750564305
2012-02-14,-0.00020192153957452477
2012-02-15,0.0006762070705321422
2012-02-16,-0.0018924513008087994
2012-02-17,-0.0016494694895130327
2012-02-21,-0.0017782534345894823
2012-02-22,0.0018401070469594228
2012-02-23,0.0013234176862760272
2012-02-24,0.00017767440505272281
2012-02-27,0.003195033779344185
2012-02-28,0.0005640767055911116
2012-02-29,-0.003363695095120172
2012-03-01,0.002676914441472227
2012-03-02,-0.004713481372127743
2012-03-05,-0.0010755241828766893
2012-03-06,-0.007755111839140162
2012-03-07,0.002471271824818973
2012-03-08,0.006051036470085026
2012-03-09,0.0020951332805096558
2012-03-12,-0.0007719922921241405
2012-03-13,0.004921889824671636
2012-03-14,-0.0019330169424737484
2012-03-15,0.0016270127902271467
2012-03-16,0.0018780163243735035
2012-03-19,0.00027412151735909556
2012-03-20,-0.00373408228349428
2012-03-21,-0.0007770490045395914
2012-03-22,-0.0027713412500761816
2012-03-23,0.0019980251388105304
2012-03-26,0.006584036348529368
2012-03-27,-0.0028154899848373493
2012-03-28,-0.00275832626998785
2012-03-29,-0.0034316515391828654
2012-03-30,0.0024942973209209083
2012-04-02,0.005381311212942302
2012-04-03,0.0034687368183713044
2012-04-04,-0.0047054906408803936
2012-04-05,-0.0026430611050914364
2012-04-09,-0.007331274790708951
2012-04-10,-0.0010366518180342863
2012-04-11,0.001039183581487279
2012-04-12,0.006639933750973633
2012-04-13,-0.002153167394052469
2012-04-16,-0.0025724866108726326
2012-04-17,0.005729046052055625
2012-04-18,0.0002918066993253873
2012-04-19,-0.004068968018987069
2012-04-20,0.006431153340342674
2012-04-23,-0.007416858408330482
2012-04-24,0.010959657689751403
2012-04-25,-8.013169584026895e-05
2012-04-26,0.0008275816891781077
2012-04-27,0.0015408403747755469
2012-04-30,-0.004637562631094553
2012-05-01,0.001612666741694243
2012-05-02,0.0023450783762680076
2012-05-03,-0.0039479743771684015
2012-05-04,0.0035193655904031903
2012-05-07,-0.0009585430292962715
2012-05-08,-0.002987079234892615
2012-05-09,-0.002068443135205089
2012-05-10,0.004865184953127465
2012-05-11,-0.006181298302223308
2012-05-14,0.000523054454988559
2012-05-15,0.0023168577769758203
2012-05-16,0.0006022040637923134
2012-05-17,-0.0012752419076995335
2012-05-18,-0.007666907297847527
2012-05-21,0.00416636825136632
2012-05-22,-0.002632218954128032
2012-05-23,0.004110997450975348
2012-05-24,-0.0016733975854696292
2012-05-25,0.0008694990830014211
2012-05-29,0.002308128293449832
2012-05-30,0.003124179458683533
2012-05-31,-0.006172802644390638
2012-06-01,-0.0033818262840983352
2012-06-04,-0.004658472066784814
2012-06-05,-0.0018559371118095785
2012-06-06,-0.011284952411157267
2012-06-07,0.0025681564736531118
2012-06-08,0.0006735248933563935
2012-06-11,0.006190249815955552
2012-06-12,-0.006179378211197723
2012-06-13,0.0013332298428473822
2012-06-14,-0.006390583455740705
2012-06-15,0.0016179941543725642
2012-06-18,-0.00025935281160690686
2012-06-19,-0.004877546096408003
2012-06-20,0.0023263241127452206
2012-06-21,0.009309207703194015
2012-06-22,-0.004467886156995775
2012-06-25,-0.0005026315651202454
2012-06-26,-0.002115895126713702
2012-06-27,0.00028056957402213786
2012-06-28,0.007354654906602391
2012-06-29,-0.02121713105373505
2012-07-02,0.003252905477565437
2012-07-03,-0.004935065634835069
2012-07-05,0.013105558541687153
2012-07-06,0.005190758101251622
2012-07-09,0.0028241644155311226
2012-07-10,0.0017716530949347668
2012-07-11,-0.005563610238749275
2012-07-12,0.00424285882942894
2012-07-13,-0.0009568311827701662
2012-07-16,0.006927045716100118
2012-07-17,-0.004456226258011724
2012-07-18,0.009347112155875194
2012-07-19,-3.070848097385059e-05
2012-07-20,0.009875684685815253
2012-07-23,-0.005266101555524136
2012-07-24,-0.004426817731841337
2012-07-25,0.007115709785181417
2012-07-26,-0.008816469993068763
2012-07-27,0.002878817608712746
2012-07-30,0.009702780593525466
2012-07-31,0.001642593472872828
2012-08-01,-0.0059316752480659644
2012-08-02,0.0028433332140247805
2012-08-03,-0.005713673732574989
2012-08-06,-0.00040628286369491235
2012-08-07,-0.005129884332302498
2012-08-08,-0.00041293473320931406
2012-08-09,0.0029756875342051943
2012-08-10,0.00017687515233556775
2012-08-13,-0.0018558663486979454
2012-08-14,-0.0037162105208570885
2012-08-15,-0.0013957277011880638
2012-08-16,-0.0031491395906778743
2012-08-17,0.0006280678900862923
2012-08-20,0.0019348114671438536
2012-08-21,-0.0014405640825880894
2012-08-22,0.002509930859750518
2012-08-23,-0.0021258629365074133
2012-08-24,0.0005226021086998897
2012-08-27,0.0007487278075583915
2012-08-28,7.535426388375119e-05
2012-08-29,0.0016169501988455295
2012-08-30,0.0027385770220572214
2012-08-31,0.001056811006379401
2012-09-04,-0.002172710420665187
2012-09-05,-0.002689330600163941
2012-09-06,0.007127185284304302
2012-09-07,0.00607696124363895
2012-09-10,-0.00704806862264678
2012-09-11,-0.000508682181462676
2012-09-12,0.0034599864664460337
2012-09-13,0.006719872262260522
2012-09-14,0.0010594227034819523
2012-09-17,-0.00986464718703545
2012-09-18,-0.0025566528089024385
2012-09-19,-0.0019074356145261046
2012-09-20,-0.002434353485583323
2012-09-21,0.0011183964100432708
2012-09-24,-0.004853985687188632
2012-09-25,-0.003128344503854884
2012-09-26,-0.004436459630585433
2012-09-27,0.004742246790176699
2012-09-28,0.0045649387718948425
2012-10-01,-0.0027514204338449475
2012-10-02,-0.0019892400725099423
2012-10-03,-1.251439909295038e-06
2012-10-04,0.004532238144186606
2012-10-05,-0.003818750353752553
2012-10-08,-0.0014860695931029587
2012-10-09,-0.003027281369725639
2012-10-10,-0.0011065977392646427
2012-10-11,0.003010057202018312
2012-10-12,-0.0030942684547502963
2012-10-15,-0.0006396821914594105
2012-10-16,0.0001492703768240064
2012-10-17,-0.0013663724455143724
2012-10-18,-0.003708975013869495
2012-10-19,-0.007271747722388756
2012-10-22,-0.0009614268093846408
2012-10-23,-0.00437695658907698
2012-10-24,-0.0003924881717963824
2012-10-25,5.6268222094362375e-05
2012-10-26,0.0028470575416517994
2012-10-31,0.00054485952560618
2012-11-01,0.0027565689340634403
2012-11-02,0.006758235362012492
2012-11-05,-0.0008379749283245283
2012-11-06,-0.0023737518065495276
2012-11-07,-0.00323233739376037
2012-11-08,-0.006195568348487461
2012-11-09,0.002447572682875476
2012-11-12,0.003397236671294572
2012-11-13,-0.0022373502171463004
2012-11-14,4.334095442608642e-05
2012-11-15,0.004940579006617435
2012-11-16,0.0003032737597041374
2012-11-19,-0.0033937565118137966
2012-11-20,0.0033217093727863772
2012-11-21,0.0024446306250510224
2012-11-23,-0.00391300373568796
2012-11-26,-0.0009210151378882471
2012-11-27,-0.002517623740206752
2012-11-28,0.0018805243694869458
2012-11-29,-0.00018675806312006376
2012-11-30,0.0030044110455004994
2012-12-03,-0.002920767757287461
2012-12-04,-0.0003222902525146385
2012-12-05,0.0006288384767279128
2012-12-06,0.0005816635912020201
2012-12-07,0.00022737205484418184
2012-12-10,0.00197326179201685
2012-12-11,0.000904107246953035
2012-12-12,0.0004153280935763671
2012-12-13,-0.0022388311480852126
2012-12-14,-0.0003818371003721896
2012-12-17,-0.00072484209299529
2012-12-18,-0.0011110475843905444
2012-12-19,-0.00036485119996438925
2012-12-20,-0.0013100070708563514
2012-12-21,-0.0008179151237050654
2012-12-24,-0.0007002791905640156
2012-12-26,0.0022818003584760653
2012-12-27,0.0016892945720618563
2012-12-28,-0.0014944210756429367
2012-12-31,0.001320574372329381
2013-01-02,0.004344167188749313
2013-01-03,-0.0008441743456233901
2013-01-04,0.0026479411012750452
2013-01-07,-0.0006104198069110565
2013-01-08,-0.00355680263704149
2013-01-09,-0.00038202456478313455
2013-01-10,0.010746314253747537
2013-01-11,-0.0030479777721030025
2013-01-14,-0.007056235765416303
2013-01-15,-0.005963044649971599
2013-01-16,-0.004685207003370347
2013-01-17,0.004588075460309166
2013-01-18,-0.004719745237254466
2013-01-22,-0.003882575792359996
2013-01-23,0.0007619737733234334
2013-01-24,0.006152252023736381
2013-01-25,0.005895443199523306
2013-01-28,0.00041778806216523297
2013-01-29,0.0037820562403603564
2013-01-30,-0.0002282823414928164
2013-01-31,0.004819196048850998
2013-02-01,9.735602630411853e-05
2013-02-04,-0.00688695811757567
2013-02-05,0.006266117069898823
2013-02-06,-0.004036090712900799
2013-02-07,-0.0044475182625566155
2013-02-08,0.0006432220796359876
2013-02-11,0.001161278742571813
2013-02-12,0.003406127216458651
2013-02-13,0.002365273112581656
2013-02-14,-0.0009191758950289932
2013-02-15,-0.000508470973681572
2013-02-19,0.0037268530338279387
2013-02-20,-0.005219879585974834
2013-02-21,-0.006949727375275263
2013-02-22,-1.8026548012200645e-05
2013-02-25,-0.012607999073626535
2013-02-26,-0.0031185501857063803
2013-02-27,0.002637512664021136
2013-02-28,-0.005459883452014665
2013-03-01,0.0007527853894547147
2013-03-04,0.0015622146438678325
2013-03-05,-0.00011635769845624814
2013-03-06,0.0026035459620637877
2013-03-07,-0.0034177335379287246
2013-03-08,0.002448806859638998
2013-03-11,-0.0004113782697349804
2013-03-12,-0.0018421742646183578
2013-03-13,0.0016097675371784255
2013-03-14,-0.002906828609429698
2013-03-15,0.0013637590151788176
2013-03-18,0.0024489843983305296
2013-03-19,0.0027115282475430884
2013-03-20,-0.00167348545818381
2013-03-21,-0.001519975138300861
2013-03-22,-0.0011177610499968447
2013-03-25,-0.0003571450439348133
2013-03-26,0.0006061603404980155
2013-03-27,0.0005085751149638295
2013-03-28,-0.0008975243389152837
2013-04-01,-0.0010604345301336085
2013-04-02,0.003507854662777299
2013-04-03,-0.0017728418498737983
2013-04-04,0.003088899970072444
2013-04-05,-0.00018770119056543813
2013-04-08,0.0018652176766295876
2013-04-09,-0.0006564566893112703
2013-04-10,0.00763912692661411
2013-04-11,-0.0010025466515054442
2013-04-12,0.00852298224139043
2013-04-15,0.00881074490893507
2013-04-16,-0.002296625452807314
2013-04-17,0.0011401871020030744
2013-04-18,-0.003539534384016311
2013-04-19,0.002165781483373962
2013-04-22,-0.00017338981050280333
2013-04-23,0.00502381264586553
2013-04-24,-0.0038725009953038425
2013-04-25,-0.007506495495727189
2013-04-26,0.002787714013781951
2013-04-29,0.0009202438285818827
2013-04-30,-0.002079122792939277
2013-05-01,0.0002908461786504892
2013-05-02,-0.0008895630445506942
2013-05-03,-0.005127597894842454
2013-05-06,-0.0010225025744052714
2013-05-07,0.0004523683636596961
2013-05-08,-0.0001636110577781236
2013-05-09,0.0031261085645821096
2013-05-10,-0.0032720404597877508
2013-05-13,0.00209265200500667
2013-05-14,-0.00027187347156593154
2013-05-15,0.004154167730658341
2013-05-16,0.001714547570348998
2013-05-17,0.0015912473891965713
2013-05-20,-0.0023572681461867203
2013-05-21,0.0036028324476957405
2013-05-22,-0.001043117410472197
2013-05-23,-0.00010162313110663466
2013-05-24,-0.0008779203279996308
2013-05-28,-0.004919271547684424
2013-05-29,0.0009828144344550982
2013-05-30,-0.0015034188792874014
2013-05-31,0.0008911705954931204
2013-06-03,-0.002253360011933915
2013-06-04,0.0022316351316119427
2013-06-05,-0.004954608453451084
2013-06-06,-0.005263706036893229
2013-06-07,0.010756095488683575
2013-06-10,0.005186987795409105
2013-06-11,-0.004375546834896935
2013-06-12,-0.003632015048312589
2013-06-13,-0.00239878087805813
2013-06-14,-0.00569278118512232
2013-06-17,0.0036873166904003757
2013-06-18,0.006025769802840343
2013-06-19,0.00804073963319351
2013-06-20,0.005080359171005433
2013-06-21,0.0035179645840225614
2013-06-24,0.001681925431865698
2013-06-25,0.007797504325215641
2013-06-26,0.003281200648935
2013-06-27,0.0026405163948490145
2013-06-28,-0.0032446019469267646
2013-07-01,-0.002882449138989358
2013-07-02,0.0017073435142598951
2013-07-03,0.0010752036415982884
2013-07-05,0.021200402964755765
2013-07-08,-0.010013906837213597
2013-07-09,5.654776224760507e-05
2013-07-10,-0.011240958365077049
2013-07-11,-0.0006158275443396856
2013-07-12,0.0013562305634810166
2013-07-15,-2.8918634304870655e-05
2013-07-16,-4.1119837975673705e-05
2013-07-17,-0.0008135569451771059
2013-07-18,-0.0009572174259821755
2013-07-19,-0.0027370020001580867
2013-07-22,-0.003951386021128859
2013-07-23,-1.889468895064996e-05
2013-07-24,0.008778069273540584
2013-07-25,-0.005577241012033222
2013-07-26,0.0008386236033035655
2013-07-29,0.005123949014058479
2013-07-30,0.0024580967432417445
2013-07-31,0.0005040727765492254
2013-08-01,0.009085646442361402
2013-08-02,-0.004110218833313079
2013-08-05,-0.0018000046064298753
2013-08-06,-0.0025614574359878787
2013-08-07,-0.002253845485446421
2013-08-08,-0.004153172469100612
2013-08-09,0.0007410758196890323
2013-08-12,-0.0033834782366805884
2013-08-13,0.005571264082939963
2013-08-14,-0.005284573188580948
2013-08-15,-0.0065635908531283
2013-08-16,0.004166791343536136
2013-08-19,-0.006578392346088475
2013-08-20,0.00435132680792147
2013-08-21,-0.00143967809753525
2013-08-22,0.008637971249157928
2013-08-23,-0.003038196587888145
2013-08-26,-0.013641758442053226
2013-08-27,0.0005572586487938263
2013-08-28,0.003309768012668878
2013-08-29,-0.002614398117965725
2013-08-30,0.00019937733325598757
2013-09-03,-0.00018463784632754366
2013-09-04,0.0014156220352928013
2013-09-05,0.004239217746553224
2013-09-06,-0.00221256702681251
2013-09-09,-0.0023889088639961692
2013-09-10,-0.00010923526022022997
2013-09-11,-0.0030081582340830766
2013-09-12,0.0032207919008939447
2013-09-13,-0.00038128906016097986
2013-09-16,-0.0051452941223744915
2013-09-17,-0.0029383716232371125
2013-09-18,-0.0028660484714547285
2013-09-19,-0.00023409972775841628
2013-09-20,-0.0007814381234658437
2013-09-23,-0.003272669262187704
2013-09-24,0.000797237544776158
2013-09-25,-0.0008114237725185114
2013-09-26,-0.0005847179853745137
2013-09-27,0.00022661530235503077
2013-09-30,-0.003097937926408141
2013-10-01,0.0010247955878023832
2013-10-02,0.0020523995926036813
2013-10-03,-0.00197792100142024
2013-10-04,-0.0009572600318933172
2013-10-07,-0.0033193237684783273
2013-10-08,-0.004638212110243852
2013-10-09,-0.004625904759462804
2013-10-10,0.00491881624926956
2013-10-11,0.0058835576906301566
2013-10-14,0.0009463668009774518
2013-10-15,-0.0008654552258633915
2013-10-16,0.0008282033879798391
2013-10-17,0.007933789648770348
2013-10-18,-1.7959715053804128e-06
2013-10-21,0.0002442292972218939
2013-10-22,0.0058998252446018865
2013-10-23,-0.002521706398763997
2013-10-24,0.0035538386452239877
2013-10-25,0.0004925799862125452
2013-10-28,0.0025860899230139055
2013-10-29,-0.0014742791790224097
2013-10-30,-0.00389663193369576
2013-10-31,-0.0003780152361323661
2013-11-01,-0.002339963022440568
2013-11-04,0.002714745178330962
2013-11-05,-0.0008774198080035946
2013-11-06,0.0008433596958416811
2013-11-07,-0.0004913588726813832
2013-11-08,-0.0003212838076248313
2013-11-11,-0.0024383676861579524
2013-11-12,0.00042835546476453014
2013-11-13,0.0024217201312884355
2013-11-14,0.00032433787957784953
2013-11-15,0.0013284549771130918
2013-11-18,0.0010083816018441902
2013-11-19,-0.001713960506616249
2013-11-20,-0.003566440594445285
2013-11-21,-0.0001781687600701065
2013-11-22,0.0005448569907284365
2013-11-25,0.0013642953373111477
2013-11-26,0.0031159842323440568
2013-11-27,3.580176976140606e-05
2013-11-29,0.0020025208873691294
2013-12-02,-0.0019052319258028244
2013-12-03,-0.002567179742647734
2013-12-04,-0.0013093536387826176
2013-12-05,-0.0008246270534691881
2013-12-06,0.0021813975283077893
2013-12-09,0.0022336873371787726
2013-12-10,-0.004107679892431165
2013-12-11,-0.00343503859463558
2013-12-12,0.002638339649095853
2013-12-13,-0.0008321686281018196
2013-12-16,0.0014009032675500177
2013-12-17,0.0014257302563829696
2013-12-18,0.009010775119274861
2013-12-19,8.660227011481063e-05
2013-12-20,-0.0017744759642632903
2013-12-23,0.0016256684265295383
2013-12-24,-0.00032207205408757433
2013-12-26,0.0013426672005443382
2013-12-27,0.0010103517034121482
2013-12-30,0.0017647453803825927
2013-12-31,0.00024774393069869403
2014-01-02,-0.0050671762101364565
2014-01-03,-0.006210704115599651
2014-01-06,-0.0021943951966215507
2014-01-07,0.0050855175735607825
2014-01-08,0.0048999644657635845
2014-01-09,-0.0021091634617339877
2014-01-10,-0.007756860786533025
2014-01-13,-0.0068746366798977145
2014-01-14,0.008223780577203913
2014-01-15,0.005627994631657685
2014-01-16,-0.003848439197630692
2014-01-17,0.0004497604349081269
2014-01-21,0.0025684512908036453
2014-01-22,0.008480341065119518
2014-01-23,-0.00853367189187868
2014-01-24,-0.0076841133132968704
2014-01-27,-0.00024159263931832983
2014-01-28,0.004433158965233997
2014-01-29,-0.0016128145723403092
2014-01-30,-0.0027802012563881975
2014-01-31,-0.009543468570189196
2014-02-03,-0.010637345968510346
2014-02-04,-0.003042930608757895
2014-02-05,-0.0029640460846773716
2014-02-06,-0.001578202440041924
2014-02-07,-0.0007191261367231202
2014-02-10,-0.0014496854994237778
2014-02-11,0.0014587939566352867
2014-02-12,-0.0015566844398234097
2014-02-13,0.0015369625103181551
2014-02-14,-0.004239429632558109
2014-02-18,-0.0026949480084040994
2014-02-19,0.001982950392850205
2014-02-20,0.0002673737053943236
2014-02-21,0.0015539477117270987
2014-02-24,-0.0022210131885475625
2014-02-25,0.0033719558538437707
2014-02-26,0.005394816701168429
2014-02-27,0.0018292541908279823
2014-02-28,0.000264289446896944
2014-03-03,-0.008032004925543332
2014-03-04,0.0029276228525748032
2014-03-05,-0.003706600287643117
2014-03-06,0.0038420905423416168
2014-03-07,0.0010384188476521442
2014-03-10,-0.0013873009041426624
2014-03-11,-0.0019801424330580927
2014-03-12,-0.0010186750346998284
2014-03-13,-0.0007447770807893937
2014-03-14,-4.186955953088085e-05
2014-03-17,0.0017137426453690725
2014-03-18,0.004964854397937717
2014-03-19,-0.006467345985526523
2014-03-20,-0.0009938776943860768
2014-03-21,-0.0029169344588955734
2014-03-24,-0.0012211074133354333
2014-03-25,0.0007193428113262859
2014-03-26,0.0006918433723360721
2014-03-27,0.0021197509605838673
2014-03-28,-0.00019710177664888014
2014-03-31,0.002399746881552029
2014-04-01,0.000937120692058721
2014-04-02,-0.006060775074033819
2014-04-03,0.00015621082719384283
2014-04-04,-0.008401526439560414
2014-04-07,-0.0030684335174998977
2014-04-08,-0.0002013775181763423
2014-04-09,0.0073623679003313545
2014-04-10,-0.008505535637202489
2014-04-11,-0.003764874571713775
2014-04-14,0.003979780819016243
2014-04-15,0.008420745083888143
2014-04-16,0.001626879261812501
2014-04-17,0.002487194504277983
2014-04-21,-0.002307463326074258
2014-04-22,-0.0009857195489894274
2014-04-23,0.002394227955513733
2014-04-24,-0.0034966599239278614
2014-04-25,-0.0003475669547952576
2014-04-28,0.005475358000810695
2014-04-29,0.0019144231107335534
2014-04-30,0.005781892589449299
2014-05-01,-0.00427658779689829
2014-05-02,-0.0008682080875558856
2014-05-05,-0.0008945932536876194
2014-05-06,0.0015569299962584326
2014-05-07,0.0013314852319763033
2014-05-08,-0.00023771662441440098
2014-05-09,-0.0028672294599757305
2014-05-12,-0.003182130892903628
2014-05-13,0.0027163601577750007
2014-05-14,0.001272371051869759
2014-05-15,-0.0020688556848151374
2014-05-16,-0.00016495799520045715
2014-05-19,0.0020129726922234518
2014-05-20,-0.0014708332229251078
2014-05-21,0.004307309892307144
2014-05-22,-0.0010500187496503743
2014-05-23,-0.0003332137631743194
2014-05-27,-0.0010241040289300598
2014-05-28,0.00028478287837252166
2014-05-29,0.0012834603457257817
2014-05-30,-0.0011127480501511283
2014-06-02,-0.0030696954840957924
2014-06-03,-0.0033403402228240355
2014-06-04,-0.000737473924694986
2014-06-05,0.002610721184975011
2014-06-06,-0.001592795278967344
2014-06-09,-8.491359732326173e-05
2014-06-10,-0.0011057871068357367
2014-06-11,0.001040552887821808
2014-06-12,0.0006916177158741525
2014-06-13,-0.0018048356975415825
2014-06-16,-0.001184780909145091
2014-06-17,-0.004406521858675743
2014-06-18,0.005040811510026594
2014-06-19,-0.006014933221773066
2014-06-20,0.0028196298529925366
2014-06-23,-0.0023141644458578897
2014-06-24,0.0012004805068467014
2014-06-25,0.0020059387984991085
2014-06-26,0.0022924295916952483
2014-06-27,0.0009814375147062099
2014-06-30,-0.0003697955206259904
2014-07-01,-0.0001521675396354755
2014-07-02,-0.002028110268843884
2014-07-03,-0.0006595269607551017
2014-07-07,-0.0014269568886585812
2014-07-08,0.00029075751090231047
2014-07-09,0.0016681889612753429
2014-07-10,0.0012568357497567603
2014-07-11,0.0025310569216354497
2014-07-14,-0.006041144364370822
2014-07-15,-0.0042769401068401686
2014-07-16,0.0005367196130866823
2014-07-17,0.0029871024659886367
2014-07-18,0.0017157495544777163
2014-07-21,0.0037481779494695955
2014-07-22,0.0031285115951875894
2014-07-23,0.0019612393309349847
2014-07-24,-0.007182470736185703
2014-07-25,0.002090288075337836
2014-07-28,-0.003322174379721454
2014-07-29,-0.00024261371423343328
2014-07-30,-0.008484222145706074
2014-07-31,-0.012053087937000101
2014-08-01,-0.0008332561835219242
2014-08-04,-0.0010682362456651596
2014-08-05,-0.0006754364214915094
2014-08-06,-0.006535483192293867
2014-08-07,-0.00027350222876477715
2014-08-08,0.0022534105474983817
2014-08-11,0.0018841774064848509
2014-08-12,-3.763864140592667e-05
2014-08-13,0.0030539054442192404
2014-08-14,0.006588212193999613
2014-08-15,0.0023966475654636373
2014-08-18,0.003833501770763349
2014-08-19,-0.0021588904639104497
2014-08-20,0.004626063476920653
2014-08-21,0.0005647933882493697
2014-08-22,0.004069543386913648
2014-08-25,0.003717631473913103
2014-08-26,-0.0021965468207484785
2014-08-27,0.0008892835256784513
2014-08-28,-0.001718077339148645
2014-08-29,0.0037486952680938555
2014-09-02,0.004739619446099443
2014-09-03,0.00030986461018164043
2014-09-04,0.002568614964172608
2014-09-05,0.0008522740323810267
2014-09-08,0.0023283872698976
2014-09-09,-0.0009063810747209507
2014-09-10,0.0010374005744566274
2014-09-11,-0.00011591884197562697
2014-09-12,-0.004170150722511244
2014-09-15,-0.0010019448398481273
2014-09-16,-8.048848590453378e-05
2014-09-17,0.001020465030016449
2014-09-18,0.003600455752676154
2014-09-19,0.0055331510990330205
2014-09-22,0.0015218429982767439
2014-09-23,0.001766366879148468
2014-09-24,-0.001960163746257097
2014-09-25,0.0034971010103754573
2014-09-26,0.002475004290432981
2014-09-29,-0.0017778525298001828
2014-09-30,0.006032126509027579
2014-10-01,0.003421115171075705
2014-10-02,-0.000551678412412614
2014-10-03,0.020066409371490054
2014-10-06,-0.019382171304073628
2014-10-07,-0.003979994664357787
2014-10-08,0.0001893445540859898
2014-10-09,0.00775404327808004
2014-10-10,0.0017907300602474675
2014-10-13,-0.011395554199494678
2014-10-14,0.00852147361538797
2014-10-15,-0.005933874641105563
2014-10-16,-0.006196672977531958
2014-10-17,0.005472886322713513
2014-10-20,0.0024724910548390606
2014-10-21,-0.006554775784570029
2014-10-22,0.012222080676330105
2014-10-23,-0.00643658862781671
2014-10-24,0.004429073418872248
2014-10-27,-0.007379001279011686
2014-10-28,-0.008759516690666633
2014-10-29,-0.0022094871899778035
2014-10-30,0.012032906901389752
2014-10-31,0.006205548405969671
2014-11-03,0.021536114302828015
2014-11-04,0.001773416736253902
2014-11-05,0.006481713540527428
2014-11-06,0.0029855964283221183
2014-11-07,-0.002923493116432377
2014-11-10,0.0010533947076218956
2014-11-11,-0.0015254836904565984
2014-11-12,0.0030359857286891504
2014-11-13,0.007761206193146405
2014-11-14,-0.00949902163503887
2014-11-17,0.004912606927232184
2014-11-18,0.001096205058141947
2014-11-19,0.0005246296733442331
2014-11-20,-0.002915197333330464
2014-11-21,0.001542628112658985
2014-11-24,0.004538181585390704
2014-11-25,0.0017702561312826217
2014-11-26,0.002183766109646595
2014-11-28,0.023959267044527166
2014-12-01,-0.015031016920210066
2014-12-02,0.0038173348908189394
2014-12-03,0.0012108384866773582
2014-12-04,0.000981411484298084
2014-12-05,-0.003249058211486426
2014-12-08,0.005261601429283436
2014-12-09,-0.004192307160881056
2014-12-10,0.00026996380988477314
2014-12-11,0.004402859965274392
2014-12-12,0.005681561610323292
2014-12-15,0.0031724258323618595
2014-12-16,0.0005303127208647513
2014-12-17,0.002863322776633975
2014-12-18,0.0035596605788766403
2014-12-19,0.0016255015626377635
2014-12-22,0.007115252220987416
2014-12-23,-0.006456154747015723
2014-12-24,0.002463004455614189
2014-12-26,-0.0007539219947021431
2014-12-29,0.009753889655279168
2014-12-30,-0.005124276020777718
2014-12-31,-0.00047566926986555966
2015-01-02,0.014024661401433146
2015-01-05,0.0047058695979303134
2015-01-06,0.009089377550842912
2015-01-07,0.00322698151982119
2015-01-08,0.00048167704596095885
2015-01-09,-0.0012423274947513684
2015-01-12,0.013355421500593951
2015-01-13,0.0013676373085752664
2015-01-14,-0.007351017072239413
2015-01-15,-0.028182997646530445
2015-01-16,-0.00836747982266782
2015-01-20,0.018268860825933812
2015-01-21,-0.004628932727707178
2015-01-22,0.014879426273103735
2015-01-23,0.015874005363071444
2015-01-26,0.006650918614113131
2015-01-27,-0.010595678751233557
2015-01-28,0.011401807975917362
2015-01-29,0.01753731196883327
2015-01-30,-0.009579596918152817
2015-02-02,-0.007809717899201209
2015-02-03,-0.019469022080999435
2015-02-04,0.014131707376218522
2015-02-05,-0.015066644673356213
2015-02-06,-0.010458095684031218
2015-02-09,-0.002185559430564803
2015-02-10,0.004723902135452124
2015-02-11,0.0015560907660673445
2015-02-12,-0.006162065740418302
2015-02-13,-0.009804515077903477
2015-02-17,-0.00522192887947424
2015-02-18,0.0070227118335975955
2015-02-19,-0.007131041586920134
2015-02-20,0.002769181494450538
2015-02-23,0.0070736792718603175
2015-02-24,0.0022480545956014937
2015-02-25,-0.005087308332741667
2015-02-26,0.0025811216972793415
2015-02-27,-0.004030021195297704
2015-03-02,0.0010536647789300782
2015-03-03,-0.006367967916409186
2015-03-04,0.00028511366863675044
2015-03-05,0.008239895330435896
2015-03-06,0.004377270235390761
2015-03-09,0.008784823691300202
2015-03-10,0.004179747916282694
2015-03-11,0.008443025611841454
2015-03-12,0.0031676167179401802
2015-03-13,0.003505418036617392
2015-03-16,0.008801750924126063
2015-03-17,0.005516623753711663
2015-03-18,-0.011556939621970146
2015-03-19,0.010538484157907157
2015-03-20,-0.0131513532629014
2015-03-23,-0.01094364292419625
2015-03-24,0.0031299264080478424
2015-03-25,-0.011382001081451112
2015-03-26,-0.00518050687516641
2015-03-27,0.01060712765346262
2015-03-30,0.013725089836965281
2015-03-31,9.131391512806095e-05
2015-04-01,-0.008665581456557681
2015-04-02,-0.004371334215349953
2015-04-06,-0.003773797643553572
2015-04-07,0.0029178168417431593
2015-04-08,0.001745333914327562
2015-04-09,0.0028270659183244357
2015-04-10,-0.000928414619352265
2015-04-13,0.00577013525198502
2015-04-14,-0.0032905554210840245
2015-04-15,-0.00672701365698602
2015-04-16,-0.0067450730373386095
2015-04-17,0.0005032149758919623
2015-04-20,0.000877019710359221
2015-04-21,0.0002937898638832176
2015-04-22,-0.004544270644634954
2015-04-23,-0.00393989504491709
2015-04-24,0.005066869568159654
2015-04-27,-0.002645214826672651
2015-04-28,-0.010120733160653797
2015-04-29,-0.009703608271450446
2015-04-30,-4.609952519652296e-05
2015-05-01,0.0011482421587833164
2015-05-04,0.0011785647313168818
2015-05-05,-0.0030189407230219742
2015-05-06,-0.004647621206606908
2015-05-07,0.0038529021655725974
2015-05-08,0.0042587088134440326
2015-05-11,0.002371450224437576
2015-05-12,0.0019133916840364455
2015-05-13,-0.0015559860596421134
2015-05-14,-0.0018904000961581656
2015-05-15,-0.001779324986552059
2015-05-18,-0.0027722791304959893
2015-05-19,0.0024662288405919836
2015-05-20,0.0008961488095927942
2015-05-21,0.0009052850470490537
2015-05-22,-0.0024109707554706853
2015-05-26,0.0010213718671945534
2015-05-27,0.0025193641811780527
2015-05-28,0.0012473342403799324
2015-05-29,0.0015137179362661034
2015-06-01,0.000788309769982375
2015-06-02,-0.014465494998201336
2015-06-03,0.002426757187746469
2015-06-04,-0.0015304111051799168
2015-06-05,0.0008031590275372251
2015-06-08,-0.006795512803538016
2015-06-09,-0.004855228333484408
2015-06-10,0.001025467987940475
2015-06-11,0.004012772016535194
2015-06-12,-0.002343279180457033
2015-06-15,0.0028863650616343505
2015-06-16,-0.0007549021689114864
2015-06-17,-0.004463817759947379
2015-06-18,-0.00044117189135284545
2015-06-19,0.0024541003103014866
2015-06-22,0.0021612090720280947
2015-06-23,-0.0007248474028185446
2015-06-24,0.0007156425798164645
2015-06-25,-0.00943537373210483
2015-06-26,-0.004360433891774405
2015-06-29,-0.005412480415982514
2015-06-30,-0.01424292117404172
2015-07-01,0.007976119450586204
2015-07-02,0.00039024192695948816
2015-07-06,0.002534658402449209
2015-07-07,0.006965216515170032
2015-07-08,-0.002080636282684798
2015-07-09,0.001571306004279527
2015-07-10,0.0006312009896554561
2015-07-13,0.0016350074739750055
2015-07-14,0.00081428442093185
2015-07-15,0.0030062265270478184
2015-07-16,0.000984279897999086
2015-07-17,0.0022573244136698447
2015-07-20,0.0038020606520954817
2015-07-21,-0.0013040289194973281
2015-07-22,-0.000981131265016624
2015-07-23,0.000837807912656995
2015-07-24,-0.005081157718929845
2015-07-27,-0.0004352927648408716
2015-07-28,-0.0008028574221299663
2015-07-29,-0.0036230519379892414
2015-07-30,0.0018760388234057227
2015-07-31,0.0014393743213102679
2015-08-03,0.0027623390882840124
2015-08-04,-0.0062186603983220125
2015-08-05,0.0017383790703603733
2015-08-06,-0.00018761619491803976
2015-08-07,-0.0004240608144048615
2015-08-10,-0.012286656340076706
2015-08-11,0.008744722993783257
2015-08-12,-0.005553812887807084
2015-08-13,0.00242682777770037
2015-08-14,0.002091944591679283
2015-08-17,0.0046796080656270325
2015-08-18,0.0024777943930618805
2015-08-19,0.0029776315999419287
2015-08-20,-0.009156861245699602
2015-08-21,0.0013345806494275054
2015-08-24,0.005513462784500203
2015-08-25,-0.004588747048778499
2015-08-26,0.013583520498572706
2015-08-27,-0.010380400170436718
2015-08-28,-0.008404768399509469
2015-08-31,-0.009667061630305453
2015-09-01,0.008892861609215468
2015-09-02,-0.005675377674584215
2015-09-03,-0.00025493332929215224
2015-09-04,0.011458397143165724
2015-09-08,-0.01818344025767648
2015-09-09,0.011495491860812964
2015-09-10,-0.009206949993153375
2015-09-11,0.0015121323388621298
2015-09-14,-0.0009479772861067293
2015-09-15,-0.002267966659441831
2015-09-16,-0.007374419750240849
2015-09-17,0.004891038827922273
2015-09-18,0.010997618013651993
2015-09-21,-0.00595363548788523
2015-09-22,0.01387476716391033
2015-09-23,0.0025156041743690464
2015-09-24,-0.0008547069097483634
2015-09-25,-0.0046030285934562975
2015-09-28,0.014536350414138192
2015-09-29,0.001436178366701921
2015-09-30,-0.001977611329105105
2015-10-01,0.001378085852560708
2015-10-02,-0.006232686086024228
2015-10-05,-0.007919632317165777
2015-10-06,-0.008820869321367438
2015-10-07,-0.004753418918405473
2015-10-08,-0.005446421208150098
2015-10-09,-0.005761293589452335
2015-10-12,0.003758322022001145
2015-10-13,0.004764994037778727
2015-10-14,-0.002723589977882456
2015-10-15,-0.004740479599173742
2015-10-16,-0.0007282273555096823
2015-10-19,0.004972701754846389
2015-10-20,-0.004752828617342292
2015-10-21,0.007457239995418025
2015-10-22,-0.0033114720514292604
2015-10-23,0.001441304372831434
2015-10-26,0.006608105117172192
2015-10-27,0.00341604739425279
2015-10-28,-0.007796183579043957
2015-10-29,-0.0010084894869433817
2015-10-30,-0.002297995612637791
2015-11-02,-0.0013704114852703475
2015-11-03,-0.0041658240662159575
2015-11-04,0.0029499035743566597
2015-11-05,0.007900900389578322
2015-11-06,0.003008017703298919
2015-11-09,0.0004427164977325658
2015-11-10,0.002491156840291461
2015-11-11,-0.002496132553715592
2015-11-12,-0.00033957951148007136
2015-11-13,0.001627630748650413
2015-11-16,0.012217766423201212
2015-11-17,-0.005523912533014471
2015-11-18,0.005551665582702011
2015-11-19,-0.0024068457050029635
2015-11-20,0.005365679182079095
2015-11-23,-0.0032519852293985594
2015-11-24,-0.004712421954765927
2015-11-25,0.0003456591844080767
2015-11-27,0.006310898500869962
2015-11-30,0.001937654289362503
2015-12-01,-0.006954451875830316
2015-12-02,0.009674437486868397
2015-12-03,-0.01765339291278495
2015-12-04,0.0017656351016218064
2015-12-07,0.017460228686219294
2015-12-08,-8.203982615846124e-05
2015-12-09,-0.0087078464505876
2015-12-10,0.003677669123320056
2015-12-11,-0.001587886974715928
2015-12-14,0.00653322833173272
2015-12-15,0.005199006066266186
2015-12-16,0.006280649137624224
2015-12-17,0.005147137869426035
2015-12-18,-0.0116074984067861
2015-12-21,-0.002502583952185046
2015-12-22,0.0014865111315362362
2015-12-23,-0.0053846972671259125
2015-12-24,-0.0032250094900302946
2015-12-28,0.004611295796409997
2015-12-29,-0.0016010930348967036
2015-12-30,0.002632961114511062
2015-12-31,-0.001974693572007168
2016-01-04,0.0006393612128530001
2016-01-05,0.000824524119662775
2016-01-06,0.001997332591651954
2016-01-07,-0.0024198841554315697
2016-01-08,0.00221993864465014
2016-01-11,0.00988480178156584
2016-01-12,-0.0018661672078467634
2016-01-13,-0.0017667694166496818
2016-01-14,0.0032060535689972395
2016-01-15,0.0038129748264855616
2016-01-19,0.00233397432456967
2016-01-20,-0.0019661383566863945
2016-01-21,-0.005197952483255391
2016-01-22,-0.005924149157229345
2016-01-25,0.0025014325612369246
2016-01-26,-0.008547672942694156
2016-01-27,-0.004657399737384564
2016-01-28,-0.0014979281478774416
2016-01-29,-0.0076339752518618815
2016-02-01,0.0032393324265196275
2016-02-02,0.013420127467242287
2016-02-03,-0.019423256344317054
2016-02-04,-0.0018420422896704865
2016-02-05,0.006227171597675344
2016-02-08,0.0069583795932203945
2016-02-09,0.0011391055305316547
2016-02-10,0.002532653607146957
2016-02-11,-0.0003262245036360863
2016-02-12,-0.010399866558832044
2016-02-16,0.0034520230975331424
2016-02-17,-0.011058320281135188
2016-02-18,0.0055912210412419954
2016-02-19,-0.002272474429502511
2016-02-22,-0.000419845262266994
2016-02-23,0.0050205197354679
2016-02-24,-0.004955939469730183
2016-02-25,-0.0006593971214772458
2016-02-26,0.001659428398767945
2016-02-29,-0.0030094755941576373
2016-03-01,-0.0089728092805655
2016-03-02,-0.0020303011312678082
2016-03-03,-0.00036461901485277347
2016-03-04,-0.009912319073320056
2016-03-07,-0.005306422321655122
2016-03-08,0.005860617783385141
2016-03-09,-0.006394122170327951
2016-03-10,-0.004747335995104946
2016-03-11,-0.010840693438536386
2016-03-14,0.0005136153992890535
2016-03-15,0.003111191578526771
2016-03-16,0.006598462390661835
2016-03-17,-0.001923511965282525
2016-03-18,0.0026415445346596057
2016-03-21,-0.006219447054223225
2016-03-22,-0.0034074252964041585
2016-03-23,0.008361810897406534
2016-03-24,-0.005058077356261556
2016-03-28,-0.0005069951186642747
2016-03-29,0.004146541616528075
2016-03-30,0.0027299440269566103
2016-03-31,0.004773337720119846
2016-04-01,-0.00031929262471422603
2016-04-04,-0.0017557610194232
2016-04-05,0.003027728981751653
2016-04-06,0.0015111530960926062
2016-04-07,0.0017121123823239247
2016-04-08,-0.0006155763913874622
2016-04-11,0.0026300879705284438
2016-04-12,-0.0037671341709548463
2016-04-13,-0.0030833110941434097
2016-04-14,-0.0015560821693398072
2016-04-15,0.0025822352386972937
2016-04-18,0.00035694624850052655
2016-04-19,0.0035751980951159563
2016-04-20,-0.008747658404598069
2016-04-21,-0.002379849286403675
2016-04-22,-0.0011676669857850082
2016-04-25,-0.0031993013283618046
2016-04-26,-0.003724600193601517
2016-04-27,0.005606561758465587
2016-04-28,0.006240438562148847
2016-04-29,0.002702127323896843
2016-05-02,-0.0019437373964491399
2016-05-03,-0.006522167245934245
2016-05-04,-0.004069031183047579
2016-05-05,-0.010354203021243026
2016-05-06,0.0053277671625708
2016-05-09,-0.01492063891041479
2016-05-10,0.014756709023132055
2016-05-11,0.008948669127281933
2016-05-12,-0.0038720677548685543
2016-05-13,-0.004948753345904326
2016-05-16,0.0037006657321955855
2016-05-17,0.0026126652039236693
2016-05-18,-0.010764126581569316
2016-05-19,-0.001128144866682593
2016-05-20,0.005829639226573739
2016-05-23,-0.0014495328307039005
2016-05-24,0.0007452194446841611
2016-05-25,0.010817732039135107
2016-05-26,-7.954039544659154e-05
2016-05-27,-0.006721828624192302
2016-05-31,-0.00892885808787431
2016-06-01,0.00686742763097821
2016-06-02,0.01003200895500389
2016-06-03,-0.010308146592316006
2016-06-06,-0.0011110098949176262
2016-06-07,0.0017736145687210667
2016-06-08,0.0012819722362788337
2016-06-09,0.0021554583172333397
2016-06-10,-0.00045222449550683493
2016-06-13,-0.0028475841583614115
2016-06-14,0.0016967782976988767
2016-06-15,-0.0058172271516650775
2016-06-16,0.0028883838021324954
2016-06-17,0.0006243178485101405
2016-06-20,-0.006689812888745767
2016-06-21,-0.010321312663334846
2016-06-22,-0.0005149554292640759
2016-06-23,-0.0007877989794945835
2016-06-24,-0.006762848660693007
2016-06-27,0.00807437134211035
2016-06-28,0.006460691206403321
2016-06-29,0.0017109899661120985
2016-06-30,0.0037055993048757513
2016-07-01,0.0003953713612425303
2016-07-05,0.007219073170918788
2016-07-06,0.00026848923371514035
2016-07-07,-0.0025922864276485035
2016-07-08,0.003633211968224274
2016-07-11,-0.00502761103025028
2016-07-12,-0.009919959377035426
2016-07-13,0.006717433977598592
2016-07-14,-0.01020204395262458
2016-07-15,-0.00015224934110368414
2016-07-18,-0.0043944327988847875
2016-07-19,0.0023608357228408466
2016-07-20,-0.007653679850502439
2016-07-21,0.007050030150680577
2016-07-22,-0.004036299532920684
2016-07-25,-0.0037166485155219965
2016-07-26,0.0027532417075818837
2016-07-27,0.007569093286417663
2016-07-28,0.0007704106366714789
2016-07-29,0.006610073296327264
2016-08-01,-0.006592084152947328
2016-08-02,-0.0011465079566576524
2016-08-03,-0.0034793715885349575
2016-08-04,0.0067281653090800215
2016-08-05,-0.011738645153625469
2016-08-08,-0.0019320467675885853
2016-08-09,0.005875157538021917
2016-08-10,0.006525482582363874
2016-08-11,-0.012192880293510924
2016-08-12,-0.002950213132302476
2016-08-15,-0.010729540965574892
2016-08-16,-0.0005764771435288132
2016-08-17,-0.0015529789075984476
2016-08-18,-0.005826655834939203
2016-08-19,-0.00744029982793069
2016-08-22,0.007662238096519143
2016-08-23,0.0017930932108069942
2016-08-24,-0.00267439336092477
2016-08-25,0.0009948905813869887
2016-08-26,-0.005633046665122024
2016-08-29,0.011398699417460441
2016-08-30,-0.0026421661627793656
2016-08-31,0.001391122444309871
2016-09-01,0.003682844956640917
2016-09-02,0.0018104837727628425
2016-09-06,0.00774498940708513
2016-09-07,-0.01049245792906196
2016-09-08,-0.00928367044593651
2016-09-09,-0.017515691346966407
2016-09-12,0.00682334825987547
2016-09-13,-0.0008943110841220195
2016-09-14,-0.0012088754159657602
2016-09-15,0.005164081302991493
2016-09-16,-0.001962862691491504
2016-09-19,0.0006281056323391961
2016-09-20,0.002869325813601887
2016-09-21,0.007234385631725803
2016-09-22,0.005403495839836556
2016-09-23,0.0008332787686649559
2016-09-26,0.0008657433385920226
2016-09-27,0.006725176556411691
2016-09-28,-0.003123319258969081
2016-09-29,-0.0009189209484411205
2016-09-30,-9.646528605684701e-05
2016-10-03,-0.005987285717249879
2016-10-04,-0.0071683756382357345
2016-10-05,-0.001358861965227325
2016-10-06,0.0028651607411280364
2016-10-07,0.0017640436065462148
2016-10-10,0.0018445107992438128
2016-10-11,-0.0028553157453279614
2016-10-12,0.0010263000784918423
2016-10-13,-0.0039108427311997495
2016-10-14,0.008287659637814436
2016-10-17,0.004060193663364841
2016-10-18,0.000491243969797364
2016-10-19,0.005893433633815057
2016-10-20,-0.0041179865303462146
2016-10-21,-0.000221131295201667
2016-10-24,0.0014196094512444264
2016-10-25,0.00038548514838084664
2016-10-26,-0.005065873838967914
2016-10-27,-0.009882953014782467
2016-10-28,0.0016723069175626144
2016-10-31,0.0023899127736500877
2016-11-01,0.002913743187872854
2016-11-02,-0.00412714464516012
2016-11-03,-0.0019308406152550317
2016-11-04,-0.00522283700664671
2016-11-07,0.004433800434529668
2016-11-08,0.006572326493850471
2016-11-09,0.0015736838659811023
2016-11-10,0.003342754618913731
2016-11-11,0.006575421328201911
2016-11-14,0.00747304418647907
2016-11-15,0.003201794939803149
2016-11-16,-0.0027658964299990753
2016-11-17,0.013371393571907003
2016-11-18,0.0032841023575697183
2016-11-21,-0.009347603562834442
2016-11-22,0.0036921124007678607
2016-11-23,0.011067412801592388
2016-11-25,-0.004289449094257468
2016-11-28,-0.004389541299587725
2016-11-29,-0.0001847605765246719
2016-11-30,0.006787299154534758
2016-12-01,-0.005417435681328668
2016-12-02,-0.007492307554983661
2016-12-05,0.002566040828149462
2016-12-06,0.0019433058225396846
2016-12-07,-0.0016679475270335218
2016-12-08,0.0056107577817329285
2016-12-09,0.00831500461337619
2016-12-12,-0.008020401814823603
2016-12-13,0.0034185723135926097
2016-12-14,0.01253617385266805
2016-12-15,0.009199996002801207
2016-12-16,-0.003646543843340758
2016-12-19,-0.0023380927867172495
2016-12-20,0.0015607289831832615
2016-12-21,-0.0014410682835583142
2016-12-22,-7.771250663063586e-05
2016-12-23,-9.42019561896181e-05
2016-12-27,0.0034260955165000945
2016-12-28,-0.004456541162691097
2016-12-29,-0.010691708557145267
2016-12-30,-0.00290936012388349
2017-01-03,0.0019347867434091927
2017-01-04,-0.001407010574610733
2017-01-05,-0.00851822815281681
2017-01-06,0.006870791687220324
2017-01-09,-0.008198590939938945
2017-01-10,0.0028403041473303806
2017-01-11,0.0012852548094129798
2017-01-12,0.002340605921136366
2017-01-13,0.0005132646013078858
2017-01-17,-0.008175750624899308
2017-01-18,0.005868277598053655
2017-01-19,-0.0006538703441462913
2017-01-20,-0.0015793625429204408
2017-01-23,-0.006860161269316154
2017-01-24,0.005424214272033458
2017-01-25,0.0038981858568714026
2017-01-26,0.0008732853329422709
2017-01-27,-0.0008630732513414145
2017-01-30,-0.007559016550717009
2017-01-31,-0.004596996802694655
2017-02-01,0.0036119403337680003
2017-02-02,-0.0010089204342478184
2017-02-03,0.004059493266536519
2017-02-06,-0.0010126146753558865
2017-02-07,-0.004805500314061572
2017-02-08,0.005329414333553454
2017-02-09,0.0014914977505849408
2017-02-10,0.009400331103366473
2017-02-13,0.0020152081852569657
2017-02-14,0.001380018778808698
2017-02-15,0.007388908252844806
2017-02-16,-0.003215494153225079
2017-02-17,-0.002146793737407958
2017-02-21,0.004617368543674965
2017-02-22,-0.002048374554598131
2017-02-23,-0.0019425818307219345
2017-02-24,0.0005156070966951268
2017-02-27,0.0020591064169839905
2017-02-28,-0.0029883601233372955
2017-03-01,0.005423267924007702
2017-03-02,-0.00798918027426979
2017-03-03,-0.00026379985416127296
2017-03-06,-0.002089397060071284
2017-03-07,-0.002154260422406421
2017-03-08,-0.004571109230192252
2017-03-09,-0.0028923872914983465
2017-03-10,-0.0013929010229604825
2017-03-13,5.250605985013581e-05
2017-03-14,0.00036260540187745075
2017-03-15,0.0024961023942701183
2017-03-16,-0.0009517698009289747
2017-03-17,0.0004559645309519961
2017-03-20,-0.0008025540410671287
2017-03-21,-0.011917046076838538
2017-03-22,0.0015507249633126988
2017-03-23,-0.0019973430064357265
2017-03-24,0.0014177650648787663
2017-03-27,-0.0022232362472796563
2017-03-28,0.007468522223566801
2017-03-29,0.0031768332270136483
2017-03-30,0.0010694404587344433
2017-03-31,0.0003529024767661142
2017-04-03,-0.002007076660317807
2017-04-04,-0.0021966332116560186
2017-04-05,-0.001561999944964726
2017-04-06,-0.0007888588833679083
2017-04-07,-0.004459614314198601
2017-04-10,0.002634699790165191
2017-04-11,0.006584377707273357
2017-04-12,0.005934732003707912
2017-04-13,-0.0028688512050074693
2017-04-17,0.0034660993949496024
2017-04-18,0.007931259146672172
2017-04-19,-0.0044350525286497204
2017-04-20,0.0045330570721936825
2017-04-21,0.0003041896640147484
2017-04-24,-0.0010425644831029376
2017-04-25,-0.005345264919193955
2017-04-26,0.0033880552595209764
2017-04-27,0.0009495712377722914
2017-04-28,0.003068296346235663
2017-05-01,-0.005785774957957441
2017-05-02,0.0029597105840179186
2017-05-03,0.00803670008880045
2017-05-04,0.007370998658580882
2017-05-05,-0.005972772659977865
2017-05-08,0.004028177798276028
2017-05-09,0.002664025611325219
2017-05-10,-0.0036474915987061585
2017-05-11,-0.00404091734761058
2017-05-12,-0.0004729740690369906
2017-05-15,-0.005025980249337671
2017-05-16,-0.004794015979225152
2017-05-17,-0.009120675679441874
2017-05-18,0.009560325069609207
2017-05-19,-0.008548250635119522
2017-05-22,-0.0020247966221708944
2017-05-23,0.004101003795102494
2017-05-24,-0.0006046044473400546
2017-05-25,0.012563548577349794
2017-05-26,-0.004075498332290222
2017-05-30,0.008098972584296312
2017-05-31,0.002522925845572037
2017-06-01,0.011665385162411309
2017-06-02,0.00574339763505718
2017-06-05,-0.0015578165017508514
2017-06-06,-0.001925173919352754
2017-06-07,-0.002219807874417456
2017-06-08,-0.0017975477598915963
2017-06-09,-0.0073912844059461896
2017-06-12,0.0011753518281461858
2017-06-13,0.0003457886623712745
2017-06-14,0.0026693058574355586
2017-06-15,-0.0074273317910676425
2017-06-16,-0.002345485187439439
2017-06-19,0.0032347959286133095
2017-06-20,0.004319112875576185
2017-06-21,0.004840681399672607
2017-06-22,0.0020502818851483315
2017-06-23,0.001324324637769022
2017-06-26,-0.0003431654891527291
2017-06-27,-0.00652915460947855
2017-06-28,0.0012498113372008083
2017-06-29,-0.008383107757394615
2017-06-30,-0.012175154775416648
2017-07-03,-0.01014400736965908
2017-07-05,-0.0008718602605274976
2017-07-06,-0.0010654399933844542
2017-07-07,0.004738363998873921
2017-07-10,-0.003593884863687915
2017-07-11,-0.003505972524501657
2017-07-12,0.00416789955361705
2017-07-13,0.005049826527726121
2017-07-14,-0.004445909099837899
2017-07-17,-0.00025983016147483845
2017-07-18,-0.0015178613586848385
2017-07-19,-0.00046293226053309476
2017-07-20,-0.0005911452833316461
2017-07-21,0.0018630950568221463
2017-07-24,0.0005090537309327166
2017-07-25,0.001856280663429662
2017-07-26,-0.0016211460211246731
2017-07-27,-0.0036536609247492685
2017-07-28,-0.003092662139524289
2017-07-31,0.0010945904112202537
2017-08-01,0.0034556249425660595
2017-08-02,0.0013918719677250627
2017-08-03,-0.0036341213088340466
2017-08-04,0.0007368774748703663
2017-08-07,0.0010124906287144427
2017-08-08,-0.0028601266301072816
2017-08-09,0.0017556365372962167
2017-08-10,-0.013385696953497785
2017-08-11,0.004627386946603546
2017-08-14,-0.0007644343005117239
2017-08-15,-0.0023637886519772677
2017-08-16,0.00507418861062985
2017-08-17,-0.01176133941876385
2017-08-18,0.01007579045784766
2017-08-21,-0.0017900012438216623
2017-08-22,0.0056012585562250665
2017-08-23,0.0024054259054592957
2017-08-24,0.004332957707775055
2017-08-25,0.0002891356587451734
2017-08-28,-0.001552596373095154
2017-08-29,0.007096157476083347
2017-08-30,-0.0012072199389205017
2017-08-31,0.014854647917104162
2017-09-01,0.0035360499704899613
2017-09-05,-0.00571853392404631
2017-09-06,-0.0002260152577886173
2017-09-07,0.009381441932332677
2017-09-08,-0.005676109833646859
2017-09-11,0.0010375015321871586
2017-09-12,-0.0008393004234761888
2017-09-13,-0.006706142584467296
2017-09-14,-0.005006512709291113
2017-09-15,-0.0019513223742797545
2017-09-18,0.00030769411004840833
2017-09-19,0.0016864578846310103
2017-09-20,-0.005534132671747476
2017-09-21,-0.0032996600824591977
2017-09-22,0.0004681279685310299
2017-09-25,0.0001548025562383055
2017-09-26,-0.004304073558049
2017-09-27,-0.006951509804484911
2017-09-28,0.004171208910051479
2017-09-29,-0.002497874068996195
2017-10-02,0.001397252836329944
2017-10-03,-0.0006905294006412783
2017-10-04,0.0014249581739865223
2017-10-05,0.002827836435970655
2017-10-06,-0.001983984822135414
2017-10-09,0.00033843643034879177
2017-10-10,0.0005519738355317846
2017-10-11,0.0015894946499377368
2017-10-12,-0.0026417587534443955
2017-10-13,-0.002359655173045047
2017-10-16,0.005097468353803521
2017-10-17,0.0018245360296305706
2017-10-18,0.005353279755317794
2017-10-19,-0.006174400633645405
2017-10-20,0.006823157806554781
2017-10-23,-0.004275949097139627
2017-10-24,0.005565658602459789
2017-10-25,-0.0017593165447712408
2017-10-26,0.00357146026903539
2017-10-27,-6.033483421531881e-05
2017-10-30,-0.002957359005698188
2017-10-31,0.004906570770379805
2017-11-01,-0.0016115815153835685
2017-11-02,-0.004251766378085303
2017-11-03,0.001985197971103535
2017-11-06,0.0002231279981550621
2017-11-07,-0.002423110230397658
2017-11-08,0.0020560170955403814
2017-11-09,-0.0021440830338164602
2017-11-10,0.0020260806187226907
2017-11-13,0.002386412573516044
2017-11-14,-0.0064990125301004
2017-11-15,-0.002004084435774449
2017-11-16,0.005596412131630314
2017-11-17,-0.004781301741085694
2017-11-20,0.004611134302065096
2017-11-21,0.0029117375454406915
2017-11-22,-0.0033706086337925707
2017-11-24,0.005736886035518672
2017-11-27,-0.002439653795751204
2017-11-28,0.003361781395045279
2017-11-29,0.0002994304345127775
2017-11-30,0.00576596199959984
2017-12-01,-0.005519179473720997
2017-12-04,0.0005726407667812943
2017-12-05,0.0008791028286287869
2017-12-06,-0.0010461823583475748
2017-12-07,0.003318471618012772
2017-12-08,2.028521745021346e-05
2017-12-11,0.0040712194616946435
2017-12-12,-0.0004588354785875598
2017-12-13,-0.001743185680206957
2017-12-14,3.296715034808253e-05
2017-12-15,0.0036413061233892567
2017-12-18,0.00236718233813022
2017-12-19,-0.00038262274742012655
2017-12-20,-0.001248748378098295
2017-12-21,0.0014343408745615398
2017-12-22,-0.00048528294171428107
2017-12-26,0.0025767437443801238
2017-12-27,-0.002394148738090883
2017-12-28,0.0015985611555865802
2017-12-29,-0.0021796482160345537
2018-01-02,0.003395078358561514
2018-01-03,0.002320355842877512
2018-01-04,0.006647972540779224
2018-01-05,0.0015269009894929748
2018-01-08,0.001172018275024249
2018-01-09,-0.0031434534907260193
2018-01-10,0.0012064195029607868
2018-01-11,0.0036834533066115466
2018-01-12,0.010079551308387934
2018-01-16,0.002326870326103143
2018-01-17,0.00027450341390347177
2018-01-18,-0.0016029229917224374
2018-01-19,-0.000917106884088922
2018-01-22,0.003390855940877693
2018-01-23,-0.0005340770100082568
2018-01-24,0.006201780169198432
2018-01-25,-0.0010886952058851845
2018-01-26,0.0064592781750364495
2018-01-29,-0.00793237354444082
2018-01-30,-0.009725538455770528
2018-01-31,0.008927665553504148
2018-02-01,0.003711424563329174
2018-02-02,-0.014699507959899962
2018-02-05,-0.023389281849377257
2018-02-06,0.010347806516156369
2018-02-07,-0.009042464020697935
2018-02-08,-0.004542971119643843
2018-02-09,-0.0007293009281683451
2018-02-12,0.006268820977834564
2018-02-13,0.0040967557065425915
2018-02-14,0.01735191556409007
2018-02-15,0.008033013184243137
2018-02-16,-0.0039223681675233935
2018-02-20,-0.005960149435401228
2018-02-21,-0.0042055844823027985
2018-02-22,0.004708966613550649
2018-02-23,0.002386445957107911
2018-02-26,0.003971006401725791
2018-02-27,-0.0045347257381017254
2018-02-28,-0.0075313249398244715
2018-03-01,-0.005885776155847051
2018-03-02,0.003416284618865649
2018-03-05,0.0017974718370566824
2018-03-06,-0.004478563963954958
2018-03-07,0.003543373675175953
2018-03-08,-9.695549373581135e-05
2018-03-09,-0.0005506804857231283
2018-03-12,-0.0007589371472956079
2018-03-13,-0.003145803008987947
2018-03-14,-0.001209558234155868
2018-03-15,0.0017272397424191149
2018-03-16,0.0012619419495497465
2018-03-19,-0.0013806882293274814
2018-03-20,0.004139287504294703
2018-03-21,-0.002058466258970312
2018-03-22,-0.003913388878836139
2018-03-23,0.004703589962546244
2018-03-26,0.002573391927366104
2018-03-27,-0.008274090111287744
2018-03-28,-0.003032479634390204
2018-03-29,0.0024691918410252728
2018-04-02,-0.0026112913264090495
2018-04-03,0.0016533036510638173
2018-04-04,-0.0015050581888565384
2018-04-05,-0.005549637762238445
2018-04-06,0.003048065997615162
2018-04-09,0.00043489957178562914
2018-04-10,0.004481970708063974
2018-04-11,0.0045158148124273215
2018-04-12,-0.0021501931616655684
2018-04-13,0.001660727203049272
2018-04-16,0.0012429695196529871
2018-04-17,-0.0026750157785472416
2018-04-18,-0.0022683003820861704
2018-04-19,0.00022042631404825064
2018-04-20,8.07096740502084e-05
2018-04-23,0.0042158573473726315
2018-04-24,-0.0005789657833611822
2018-04-25,-0.0006734409405370334
2018-04-26,0.0016313013991270245
2018-04-27,-0.000567860077793083
2018-04-30,0.00180524443846883
2018-05-01,-0.0055655800842104785
2018-05-02,-0.001244306280412487
2018-05-03,-0.002427454475962051
2018-05-04,0.0017147429913318363
2018-05-07,-0.0018260500465456947
2018-05-08,0.0026718222357448615
2018-05-09,0.005185975305463469
2018-05-10,-0.004132664086050123
2018-05-11,-0.0015928713957227489
2018-05-14,0.005737682240715315
2018-05-15,0.007782063664457691
2018-05-16,0.0036419494380201807
2018-05-17,-0.00024832739680994857
2018-05-18,-0.003692876780664522
2018-05-21,0.0011725196681876906
2018-05-22,-0.0015108442474365074
2018-05-23,-0.004303692946185807
2018-05-24,-0.006520915399575354
2018-05-25,-0.005831308560013041
2018-05-29,-0.016721994119316495
2018-05-30,0.007023643395957728
2018-05-31,0.0015117237805521815
2018-06-01,0.0033967143552057506
2018-06-04,0.009250771214531618
2018-06-05,-0.004283122072217657
2018-06-06,0.0026943454045299433
2018-06-07,0.0061537941619014495
2018-06-08,-0.0025779777150229705
2018-06-11,0.009065183566859267
2018-06-12,-0.005209668340205815
2018-06-13,0.00451146941498582
2018-06-14,0.010529591814319334
2018-06-15,-0.004687888251224185
2018-06-18,0.0033920520103842416
2018-06-19,0.00498244808969112
2018-06-20,0.0006178735713308405
2018-06-21,-0.006932091572314258
2018-06-22,0.003567803689842891
2018-06-25,0.000498198194644703
2018-06-26,0.006570610291359791
2018-06-27,0.004543852782522819
2018-06-28,0.006316235820644187
2018-06-29,-0.0034441435591540093
2018-07-02,0.0029260409088722713
2018-07-03,-0.008084154215340218
2018-07-05,0.0025304768096481496
2018-07-06,-0.006432741955478493
2018-07-09,0.0055282310260646676
2018-07-10,0.0017526001748950535
2018-07-11,0.009576458545438348
2018-07-12,0.0009311126814336259
2018-07-13,0.0023611323127166886
2018-07-16,-0.0019603619472682832
2018-07-17,0.005987877838832033
2018-07-18,-1.000869207968126e-05
2018-07-19,0.0009089419712648325
2018-07-20,-0.008485708013386113
2018-07-23,0.0072301935489937534
2018-07-24,-0.0024963751106861234
2018-07-25,-0.004359545556902235
2018-07-26,0.007557270503615035
2018-07-27,-0.005788051422017381
2018-07-30,-0.003193460729238576
2018-07-31,-0.004236245255957916
2018-08-01,0.007028369961539239
2018-08-02,0.00534814083442635
2018-08-03,-0.00514278666547747
2018-08-06,0.004264945118105065
2018-08-07,-0.0005541358112229831
2018-08-08,-0.0014963724881893944
2018-08-09,-0.001809087542403995
2018-08-10,0.0020776764930981228
2018-08-13,0.0033887937016333996
2018-08-14,0.004012868438837165
2018-08-15,0.004316922941917193
2018-08-16,-0.0018353536141651147
2018-08-17,-0.007196159224093348
2018-08-20,-0.005179863726581948
2018-08-21,-0.0035640164614789294
2018-08-22,0.00626788172553136
2018-08-23,0.009148825645395152
2018-08-24,-0.0062104229001564565
2018-08-27,-0.0021608252639756546
2018-08-28,0.005214337805734027
2018-08-29,0.0007091571177350877
2018-08-30,0.0007927311459241195
2018-08-31,0.001085517030603308
2018-09-04,0.009055560453322476
2018-09-05,-0.0067172701644524066
2018-09-06,-0.004445435294693731
2018-09-07,0.0021706705158043957
2018-09-10,-0.0021553670661154717
2018-09-11,0.00602148394832773
2018-09-12,-0.005054740875834286
2018-09-13,-0.0002509209727303909
2018-09-14,0.006961887406543777
2018-09-17,-0.0031960473958771744
2018-09-18,-0.0009402534359669759
2018-09-19,-0.002587809839037319
2018-09-20,-0.007289820763266323
2018-09-21,0.0007546976248922003
2018-09-24,0.0049547305989073595
2018-09-25,-0.003450803373126965
2018-09-26,0.0033039625383359836
2018-09-27,0.009206995214263216
2018-09-28,-0.0016012275819580213
2018-10-01,0.0011795156506005692
2018-10-02,-0.0037218490092486615
2018-10-03,0.015791675883397395
2018-10-04,-0.004381669842488267
2018-10-05,-0.001313088598636335
2018-10-08,0.0018292388244307049
2018-10-09,-0.002023250731647786
2018-10-10,-0.014012462086776365
2018-10-11,-0.008751216323441821
2018-10-12,0.0010560123358546952
2018-10-15,-0.0036123673138989667
2018-10-16,0.0074511347811385764
2018-10-17,0.003045935283833314
2018-10-18,-0.00317568424304758
2018-10-19,0.0013355040094429412
2018-10-22,0.0022937559612624375
2018-10-23,-0.00847909149153656
2018-10-24,-0.009812538782023471
2018-10-25,0.005148730108549697
2018-10-26,-0.0039013380957643694
2018-10-29,2.0274900997124378e-05
2018-10-30,0.00919513348978475
2018-10-31,0.0031713859879869796
2018-11-01,-0.011229398421922965
2018-11-02,0.0056401912661850845
2018-11-05,0.0029220045105015314
2018-11-06,-0.0004938466729433278
2018-11-07,0.00048108797433912625
2018-11-08,0.0034778958066540282
2018-11-09,0.004552607596148935
2018-11-12,0.004350586624110033
2018-11-13,-0.00032600456118600285
2018-11-14,0.003921334844163249
2018-11-15,-0.008438763753426143
2018-11-16,-0.006541614050240023
2018-11-19,0.004211180726461218
2018-11-20,0.009195629847286788
2018-11-21,-0.005392450162997621
2018-11-23,0.004527735271522352
2018-11-26,0.0021217659619437593
2018-11-27,0.0003743881310930907
2018-11-28,-0.007202718189297797
2018-11-29,-0.0014501664727410348
2018-11-30,-0.0019560321386649726
2018-12-03,-0.007927301170575288
2018-12-04,-0.004405589098807989
2018-12-06,0.00042569310969578733
2018-12-07,-0.00412941192282454
2018-12-10,0.007613279952240569
2018-12-11,-0.0006510069749163879
2018-12-12,-0.0038527768142429383
2018-12-13,-0.0027241626789600605
2018-12-14,0.005013542646058203
2018-12-17,0.0003253584420709192
2018-12-18,0.002385670561605918
2018-12-19,-0.005838682104889432
2018-12-20,0.0008253885014263282
2018-12-21,0.006954874647794488
2018-12-24,-0.0034524939086815736
2018-12-26,-0.002707391983580869
2018-12-27,0.0001063121976956357
2018-12-28,-0.0046713275836701516
2018-12-31,-0.00993824144644668
2019-01-02,-0.004522340622856629
2019-01-03,-0.005294337526882934
2019-01-04,-0.025608204605363758
2019-01-07,-0.004977934641495881
2019-01-08,-0.006038634770931448
2019-01-09,-0.006721413186290241
2019-01-10,0.002970897514456483
2019-01-11,0.0004764463556367575
2019-01-14,0.005675354862845051
2019-01-15,-0.0027636586260990077
2019-01-16,-0.0002893255011246293
2019-01-17,-0.007513810494672172
2019-01-18,-0.007517506962590892
2019-01-22,0.01059925935312327
2019-01-23,-0.0019057770253992816
2019-01-24,0.0007054974186446859
2019-01-25,-0.011472052784896661
2019-01-28,0.009376871571506176
2019-01-29,-0.0011425934420795118
2019-01-30,-0.007899758411019966
2019-01-31,0.0018364745012113717
2019-02-01,-0.004346236731886225
2019-02-04,-0.002962025566813977
2019-02-05,0.0056883113688231
2019-02-06,0.0016725900452089447
2019-02-07,0.007410020628695874
2019-02-08,0.0032140340852516913
2019-02-11,-0.0020714240376806738
2019-02-12,-0.005357213485191044
2019-02-13,-2.4404404874004513e-05
2019-02-14,0.0031031668267957127
2019-02-15,-0.0008227676866157131
2019-02-19,0.005112463778827062
2019-02-20,0.001953288276238527
2019-02-21,-0.009337748162386202
2019-02-22,0.005100091606396802
2019-02-25,0.0005935254556691798
2019-02-26,0.0010291090934457083
2019-02-27,-0.0061807732011522985
2019-02-28,-0.005707588941261594
2019-03-01,-0.005864026371700075
2019-03-04,-0.0027240068784995606
2019-03-05,0.0005737272184422438
2019-03-06,0.005045370470708218
2019-03-07,0.00673668977564962
2019-03-08,-0.0010161105804279691
2019-03-11,0.0041127495484632615
2019-03-12,-0.004906250771359193
2019-03-13,0.0011078534069787651
2019-03-14,-0.0029217094771074193
2019-03-15,-0.0008377553347153475
2019-03-18,0.00019188197342944087
2019-03-19,-0.00019782446366991448
2019-03-20,0.00036906215295788656
2019-03-21,0.00010639110064325639
2019-03-22,-0.00018637859747045954
2019-03-25,0.000764722911715976
2019-03-26,0.004028369930872672
2019-03-27,0.005021011610271061
2019-03-28,0.0008848610572856651
2019-03-29,0.0066314701245150575
2019-04-01,-0.0031482976945138
2019-04-02,0.0009994932684756436
2019-04-03,-0.004518482274556914
2019-04-04,0.0011074349244575975
2019-04-05,0.0042678131413523565
2019-04-08,-0.003404860465847562
2019-04-09,9.494926733603398e-05
2019-04-10,0.002097761296856813
2019-04-11,0.0019723455751876227
2019-04-12,-0.004814833566067907
2019-04-15,0.00035283994493306146
2019-04-16,0.0031493550602100327
2019-04-17,0.002337720944308254
2019-04-18,0.004409308679851102
2019-04-22,-0.0006373196926485611
2019-04-23,0.009119633425282334
2019-04-24,0.006811793832800684
2019-04-25,-0.004349916525772085
2019-04-26,0.0019162462134587038
2019-04-29,-0.0003322757090797987
2019-04-30,0.0022936211685114912
2019-05-01,-0.0008018781911222791
2019-05-02,0.0029640935016864637
2019-05-03,-0.0009843413171339163
2019-05-06,0.002778559454402746
2019-05-07,-0.004441106160572395
2019-05-08,0.0036296960913333523
2019-05-09,0.005137359822945923
2019-05-10,-0.0002931256442692327
2019-05-13,-0.011885436930736027
2019-05-14,-0.002317767704547601
2019-05-15,0.0025712517969460552
2019-05-16,0.000956644977349972
2019-05-17,0.006223235783606755
2019-05-20,-0.011728054603798414
2019-05-21,0.006550601644072929
2019-05-22,-0.002307129456725928
2019-05-23,-0.004761657130280121
2019-05-24,-0.009829163602543902
2019-05-28,-0.007638711917625666
2019-05-29,-0.0018012995335510787
2019-05-30,-0.011664227347198953
2019-05-31,-0.002368423334309393
2019-06-03,-0.007021898864357693
2019-06-04,-0.01011149677203881
2019-06-05,0.0057830584210766724
2019-06-06,-0.0058054087963068
2019-06-07,0.00023009168547046894
2019-06-10,-0.0052618937481645695
2019-06-11,-9.36106422456445e-05
2019-06-12,0.007111854878979078
2019-06-13,0.0020609184002352357
2019-06-14,0.005303196547119447
2019-06-17,-0.0011636388096733304
2019-06-18,-0.005897275839923092
2019-06-19,0.0007854452098234229
2019-06-20,-0.006466670478454562
2019-06-21,-0.0019783574343037137
2019-06-24,0.0019035387176462085
2019-06-25,0.0021029020184919933
2019-06-26,-0.006799838776220704
2019-06-27,7.986604029392507e-05
2019-06-28,-0.0022533854998291205
2019-07-01,0.0030143001399504116
2019-07-02,0.010713365508773534
2019-07-03,0.0027348461461590094
2019-07-05,-0.011346031695554345
2019-07-08,-0.0025053061501497088
2019-07-09,-0.0040141154323537695
2019-07-10,0.004914389370228179
2019-07-11,-0.004981532738727644
2019-07-12,0.0038581850279551643
2019-07-15,0.002120431799119962
2019-07-16,-0.002048641474729076
2019-07-17,0.005063862484392386
2019-07-18,0.003375098105030524
2019-07-19,-0.005548783460230917
2019-07-22,-0.0007138709306765022
2019-07-23,-0.003638669882230739
2019-07-24,0.005708886653890477
2019-07-25,-0.005847131765352976
2019-07-26,0.002737691526758981
2019-07-29,0.003479456628780427
2019-07-30,0.0019390277106507456
2019-07-31,-0.00609340339522693
2019-08-01,0.015506873091550721
2019-08-02,0.0006623023836840985
2019-08-05,0.004027513409580224
2019-08-06,0.014124026582261279
2019-08-07,0.007162103492663518
2019-08-08,-0.000578886022605749
2019-08-09,-0.005929083458210253
2019-08-12,0.006533549326187863
2019-08-13,-0.004337349329267135
2019-08-14,0.008053144938347556
2019-08-15,0.009571645904981045
2019-08-16,8.74827684448932e-05
2019-08-19,-0.0027558216357249973
2019-08-20,-0.0018530723935261371
2019-08-21,0.0023251862466787516
2019-08-22,-0.0012567579819283644
2019-08-23,0.00628428249296845
2019-08-26,0.002084871946991431
2019-08-27,0.005689509090479376
2019-08-28,0.0017172436164641207
2019-08-29,0.0012076967321383637
2019-08-30,0.008137470117415967
2019-09-03,0.010619380308573787
2019-09-04,-0.008622164413166707
2019-09-05,-0.01441904384704565
2019-09-06,0.0004677829350742592
2019-09-09,-0.009215580089658363
2019-09-10,-0.012711033103113086
2019-09-11,0.0005422671471100427
2019-09-12,-0.0058278056415178746
2019-09-13,-0.014141976607404965
2019-09-16,0.005322106200703182
2019-09-17,0.005132414920289329
2019-09-18,0.0011963898848703243
2019-09-19,0.002097000414077669
2019-09-20,0.009818730865358446
2019-09-23,-0.0008565941392234024
2019-09-24,0.0061188094232164396
2019-09-25,-0.008286100228309914
2019-09-26,0.00474966733265431
2019-09-27,-0.0033086882962568547
2019-09-30,-0.005522500600176185
2019-10-01,0.002840321522446702
2019-10-02,0.0017012276914159929
2019-10-03,0.005220570989072556
2019-10-04,0.0011766397023446182
2019-10-07,-0.0010282909780692658
2019-10-08,-0.002746237415092924
2019-10-09,-0.0011319724565016067
2019-10-10,-0.004950310128174406
2019-10-11,-0.008342706077745982
2019-10-14,0.004467503356993931
2019-10-15,0.001918591914872694
2019-10-16,-0.0014176223627351216
2019-10-17,-0.00793269894646776
2019-10-18,-0.008044712678505726
2019-10-21,0.0005072990294560205
2019-10-22,0.004388747751533673
2019-10-23,-0.002658008122655884
2019-10-24,0.005359115170291468
2019-10-25,0.0007987277325842189
2019-10-28,4.8429661838901846e-05
2019-10-29,0.0004915159741098699
2019-10-30,0.0024407007232726727
2019-10-31,0.0027704897283141587
2019-11-01,-0.0027600067239742115
2019-11-04,0.002938996716336388
2019-11-05,-0.007918038961781585
2019-11-06,0.001537557383550776
2019-11-07,-0.0061135109219759495
2019-11-08,-0.00560964078734186
2019-11-11,-0.0031323835178929307
2019-11-12,-0.0025374574635103966
2019-11-13,0.0017152104183328423
2019-11-14,0.00313953995476847
2019-11-15,0.0026858581398191313
2019-11-18,0.0016945243143701495
2019-11-19,0.004358016234667775
2019-11-20,0.003739282754976401
2019-11-21,-0.005790142437779617
2019-11-22,-0.0006068579356410646
2019-11-25,0.003375592048286193
2019-11-26,0.003381824110532873
2019-11-27,-6.885597600870335e-05
2019-11-29,-0.0029270165186377293
2019-12-02,-0.00890433422145279
2019-12-03,-0.009808986022678354
2019-12-04,0.002983543185804491
2019-12-05,-0.0015660277990508706
2019-12-06,0.010585281066423917
2019-12-09,-0.0008968017598226553
2019-12-10,-0.0033539409850586463
2019-12-11,-0.0009065669039291317
2019-12-12,0.005280847525079255
2019-12-13,0.0013549368544209964
2019-12-16,-0.0010174473256613715
2019-12-17,-0.0007546546592891834
2019-12-18,0.000571207045311124
2019-12-19,0.0013749891857634134
2019-12-20,0.003101324645833287
2019-12-23,-0.0010974387222177908
2019-12-24,-0.0016740110449550512
2019-12-26,0.003394917015141436
2019-12-27,-0.002750434685385472
2019-12-30,-0.007337414363204193
2019-12-31,-0.0009578897717858048
2020-01-02,0.005336626727237574
2020-01-03,-0.0021433767592091745
2020-01-06,0.00029554468875101836
2020-01-07,-0.0003191672158521079
2020-01-08,-0.003389648936220581
2020-01-09,0.00042837494604632285
2020-01-10,-0.001578019872961944
2020-01-13,0.0005646973942319575
2020-01-14,-0.000500188000676763
2020-01-15,0.005346294791117088
2020-01-16,0.0025735672875902066
2020-01-17,5.93982709496321e-05
2020-01-21,-0.006037380357994748
2020-01-22,-0.004048567430193646
2020-01-23,-0.003036038034586168
2020-01-24,-0.00975955679977997
2020-01-27,-0.013068571376766655
2020-01-28,0.001645656463410016
2020-01-29,-0.002756723252890701
2020-01-30,0.00015412331481959266
2020-01-31,-0.011770728310913406
2020-02-03,-0.004754965876057684
2020-02-04,-0.007415458884949951
2020-02-05,-0.0034798182615207317
2020-02-06,-0.00033255707117935254
2020-02-07,0.00585333418644466
2020-02-10,0.005127511960590968
2020-02-11,-0.0035216334633072213
2020-02-12,-0.004228679482976896
2020-02-13,0.0009928779734284952
2020-02-14,-3.630063541567563e-05
2020-02-18,0.002688732530076145
2020-02-19,-0.001061044162861427
2020-02-20,0.009595487067268413
2020-02-21,0.001499368237289453
2020-02-24,0.012107788502834777
2020-02-25,-0.0005902337341668834
2020-02-26,0.005893462669014558
2020-02-27,0.0017714770760677023
2020-02-28,0.007694464087538476
2020-03-02,-0.011618001907872606
2020-03-03,0.0156816683687214
2020-03-04,-0.012790826253546782
2020-03-05,0.0196574356914275
2020-03-06,0.020589627321852676
2020-03-09,0.04110064579788151
2020-03-10,-0.012220676157750302
2020-03-11,0.01332258009154819
2020-03-12,0.04188038208362492
2020-03-13,-0.018303223221365898
2020-03-16,0.05263094013353074
2020-03-17,-0.004425436793671457
2020-03-18,0.0208121714847364
2020-03-19,-0.004824050048334713
2020-03-20,0.014910604427009616
2020-03-23,0.00022638135000895674
2020-03-24,-0.025832237171319845
2020-03-25,-0.007356803109454801
2020-03-26,-0.00971755285345917
2020-03-27,0.012084766366138831
2020-03-30,0.004789961712191342
2020-03-31,0.002410755857880819
2020-04-01,0.020136491374995246
2020-04-02,-0.006137804515189863
2020-04-03,0.0013007452333421072
2020-04-06,-0.01523501899605375
2020-04-07,-0.006587295012857006
2020-04-08,-0.007412058002147337
2020-04-09,0.0031011891035664005
2020-04-13,0.0014963001634842007
2020-04-14,-2.6770163834690456e-05
2020-04-15,0.014781258377478596
2020-04-16,-0.00945367270703143
2020-04-17,0.0018234711752447984
2020-04-20,0.007572795338772309
2020-04-21,0.020033837634453367
2020-04-22,-0.008303204632471453
2020-04-23,-0.005470303487839697
2020-04-24,4.736522614976721e-05
2020-04-27,-0.000632307615262528
2020-04-28,-0.0021264105661101436
2020-04-29,-0.014052709534876782
2020-04-30,-0.006886371694766261
2020-05-01,0.00601219291816632
2020-05-04,0.0002171642262325287
2020-05-05,-0.0044920536817155314
2020-05-06,0.0057546219788828365
2020-05-07,-0.005178795543564625
2020-05-08,-0.008556942342984463
2020-05-11,0.0033579351974938484
2020-05-12,0.0031055459764892605
2020-05-13,0.008768863953636994
2020-05-14,-0.0020733816324841063
2020-05-15,-0.001935006153255809
2020-05-18,-0.01715852078661799
2020-05-19,0.0034313558116271115
2020-05-20,-0.003664974981766334
2020-05-21,0.003977010665193285
2020-05-22,0.004286172000632792
2020-05-26,-0.01250050418235399
2020-05-27,-0.0005435098474512693
2020-05-28,-0.0003678743580368189
2020-05-29,-0.0014447918067708146
2020-06-01,-0.0011613758988199842
2020-06-02,-0.002563024779922313
2020-06-03,-0.004352321729949458
2020-06-04,-0.0030673974771455283
2020-06-05,-0.006043198611261197
2020-06-08,0.0021549889930304275
2020-06-09,0.005081704480282082
2020-06-10,0.004410553618872911
2020-06-11,-0.003161800150686264
2020-06-12,-0.0011248874533182271
2020-06-15,0.0011582341826620872
2020-06-16,0.0023294510689506583
2020-06-17,-0.0001822250617193896
2020-06-18,-0.0005421682411045261
2020-06-19,0.0009654357763179209
2020-06-22,0.002032042472952532
2020-06-23,0.001476006195696565
2020-06-24,-3.50357698809028e-05
2020-06-25,0.0040113518909946555
2020-06-26,0.0031369638654190142
2020-06-29,-0.0012615875427786265
2020-06-30,-1.4555656165465816e-05
2020-07-01,-0.00906167396718857
2020-07-02,0.003188022562230906
2020-07-06,-0.00020456590392035144
2020-07-07,0.0002896484745243043
2020-07-08,0.0006638435779771706
2020-07-09,-0.0008897854706607336
2020-07-10,0.001193563338379183
2020-07-13,0.0047561530186213865
2020-07-14,0.0021514233259277097
2020-07-15,-0.005638796815644157
2020-07-16,-0.0006497047344268717
2020-07-17,0.0010455305162428929
2020-07-20,0.005536336873906896
2020-07-21,0.003396045577831413
2020-07-22,-0.0006840212790266756
2020-07-23,-0.001568586257585731
2020-07-24,-0.0020078748382366825
2020-07-27,0.004228614138220361
2020-07-28,0.00022747785613232667
2020-07-29,0.002018967634999623
2020-07-30,0.0032691262212717945
2020-07-31,0.00021650626079189336
2020-08-03,-0.0030713992507571987
2020-08-04,0.009477492742670771
2020-08-05,0.0025971710960867324
2020-08-06,0.005340849059693852
2020-08-07,-0.010652900297404158
2020-08-10,-0.0002482011231303029
2020-08-11,-0.01180824914600621
2020-08-12,0.0032850244604754634
2020-08-13,-0.003709386944827103
2020-08-14,0.0009550478702093396
2020-08-17,0.004607981387204379
2020-08-18,0.008264555869222995
2020-08-19,-0.009769819520602187
2020-08-20,0.006110858308851732
2020-08-21,-0.0027757725257688223
2020-08-24,-0.0021523277333845765
2020-08-25,0.0007385800877269045
2020-08-26,0.004892747401194929
2020-08-27,-0.004829480812433698
2020-08-28,0.006910867779416201
2020-08-31,0.0010281314479119203
2020-09-01,0.0038875152818924
2020-09-02,-0.00016707193752440937
2020-09-03,-0.012207221225481922
2020-09-04,0.0008242068073705383
2020-09-08,-0.012658772022283776
2020-09-09,0.009272421985249567
2020-09-10,-0.0056974536320566005
2020-09-11,0.003368116661299207
2020-09-14,0.006153127006527105
2020-09-15,-0.0013351211851534005
2020-09-16,0.0038038029516705174
2020-09-17,0.0018735017168920245
2020-09-18,0.0012039234685860846
2020-09-21,-0.015294274530718369
2020-09-22,-0.002804081432427859
2020-09-23,-0.015190271926379287
2020-09-24,0.002346502342686035
2020-09-25,-0.0001456013623635516
2020-09-28,0.009875946870760452
2020-09-29,-0.0002218588815171535
2020-09-30,0.008882224744573923
2020-10-01,-0.0018394757850781806
2020-10-02,-1.0329155598682224e-05
2020-10-05,-0.003800607943184099
2020-10-06,0.0032087971299362603
2020-10-07,0.0021431833102162176
2020-10-08,-0.0006498572390224107
2020-10-09,0.004801505610233598
2020-10-12,-0.0018519808550768856
2020-10-13,0.0009062282243892195
2020-10-14,0.002797318320235708
2020-10-15,0.0013189436521581779
2020-10-16,-0.0019393751041512197
2020-10-19,-0.0005412119858368744
2020-10-20,0.0007971936163241045
2020-10-21,0.003066283866374229
2020-10-22,-0.002940369968921936
2020-10-23,0.004545060587577517
2020-10-26,0.0014757915182763614
2020-10-27,-0.0007637567422910322
2020-10-28,-0.004853925971752843
2020-10-29,-0.002198787769808855
2020-10-30,-0.00048557237486994203
2020-11-02,-0.0007668590871765669
2020-11-03,0.00114098234503504
2020-11-04,0.0002828154660889768
2020-11-05,0.004066381767321437
2020-11-06,0.002520585626981586
2020-11-09,-0.006328961422945409
2020-11-10,0.0041833232757792615
2020-11-11,0.0022585122656796222
2020-11-12,-0.0025794469591952666
2020-11-13,0.005313669481837244
2020-11-16,-0.0012846931410126826
2020-11-17,0.0006707530571785491
2020-11-18,0.0018691642963018424
2020-11-19,-0.0002429535091436301
2020-11-20,0.0007555371219598585
2020-11-23,-0.00010567411566330643
2020-11-24,-0.003327224310905853
2020-11-25,-0.005294305945484464
2020-11-27,0.007301794914726327
2020-11-30,-0.005980635460538387
2020-12-01,3.6466523814735815e-05
2020-12-02,0.0011216517690490631
2020-12-03,0.008176203554742936
2020-12-04,0.0010979983404959467
2020-12-07,-0.0018006850252071543
2020-12-08,-0.001402557607633136
2020-12-09,0.0003096019215425027
2020-12-10,0.0050874372086775685
2020-12-11,-0.000620938400712831
2020-12-14,0.0018252438562899147
2020-12-15,0.007494095250772244
2020-12-16,0.0008125367216398798
2020-12-17,0.006906883236528501
2020-12-18,0.0021948936392103538
2020-12-21,-0.0022603710145400447
2020-12-22,-6.505582140292413e-05
2020-12-23,0.005971284806373781
2020-12-24,0.001688049216902038
2020-12-28,0.00204148209504893
2020-12-29,0.006092041102925702
2020-12-30,0.0049530878785031965
2020-12-31,0.0028136272961277204
2021-01-04,-0.005277159962355515
2021-01-05,0.010335058965197267
2021-01-06,0.001235810753587915
2021-01-07,-0.002358158656507765
2021-01-08,-0.0015937302030876058
2021-01-11,-0.007588335020977596
2021-01-12,0.012230232669284762
2021-01-13,-0.002123676169562137
2021-01-14,0.005152370657797901
2021-01-15,-0.008187939127268508
2021-01-19,0.003068424289193421
2021-01-20,0.0033020280812345857
2021-01-21,0.0017467653077084585
2021-01-22,-0.008180517542596468
2021-01-25,0.0037065222706901945
2021-01-26,0.005482497308710433
2021-01-27,-0.009850332738534256
2021-01-28,0.0016733770327141608
2021-01-29,-0.00012227314651433324
2021-02-01,0.0013982760939481868
2021-02-02,-0.0008942672622806759
2021-02-03,0.003039887408893674
2021-02-04,-0.0004275056426190905
2021-02-05,0.004509423502268904
2021-02-08,0.005321194213316892
2021-02-09,0.002089794074167277
2021-02-10,-0.004519213569673156
2021-02-11,0.0021328385387015354
2021-02-12,0.0031531043860302146
2021-02-16,0.004294888528543964
2021-02-17,-0.0009441822763345861
2021-02-18,0.00017237059780946993
2021-02-19,0.0033150226958061552
2021-02-22,0.002508512362242439
2021-02-23,0.0006183727193909658
2021-02-24,0.007277789882591789
2021-02-25,-0.007155439035221124
2021-02-26,-0.005796974162045787
2021-03-01,0.0014776270315625124
2021-03-02,0.0009226793035988113
2021-03-03,-0.0028828937503285416
2021-03-04,2.8874546725670082e-05
2021-03-05,0.006836788162471625
2021-03-08,0.00036846825803663025
2021-03-09,0.0010450943180663318
2021-03-10,0.001481748201035663
2021-03-11,0.007348927472285199
2021-03-12,0.0030061157168805824
2021-03-15,-0.0007614278255466218
2021-03-16,0.000199900025316166
2021-03-17,0.0034847065510723854
2021-03-18,-0.009117584286386095
2021-03-19,0.002165474398009833
2021-03-22,-0.0002684630566481754
2021-03-23,-0.008721034885543717
2021-03-24,0.0019134967691780812
2021-03-25,-0.0018333323839449377
2021-03-26,0.004932594978280097
2021-03-29,-0.0003235552279356827
2021-03-30,-0.004862013123443984
2021-03-31,0.007278418598182291
2021-04-01,0.0002652212586710193
2021-04-05,0.0031377164206488894
2021-04-06,-0.003418986317179185
2021-04-07,-7.18613936897012e-05
2021-04-08,-0.0005859142168694732
2021-04-09,-4.496144262256867e-05
2021-04-12,-0.002441951678852929
2021-04-13,-0.0028607846923321975
2021-04-14,0.005984431380140505
2021-04-15,-0.0033831203902866184
2021-04-16,0.001260789291180128
2021-04-19,0.00010221024721183841
2021-04-20,-0.002440914611109739
2021-04-21,0.0020407110107120057
2021-04-22,0.0017533953745662075
2021-04-23,0.0034545588370532418
2021-04-26,0.007121427299925736
2021-04-27,0.0025287344711369063
2021-04-28,6.982418800029459e-05
2021-04-29,0.0020791433823655133
2021-04-30,0.0037435495347750447
2021-05-03,0.00010260941066055509
2021-05-04,0.0011785128581221552
2021-05-05,3.7656003552812714e-05
2021-05-06,0.006772856839654319
2021-05-07,0.005940752577365482
2021-05-10,-0.0038681933619255805
2021-05-11,0.001657813142533294
2021-05-12,-0.005607765777567186
2021-05-13,-0.004829485204051735
2021-05-14,0.0062841500728435026
2021-05-17,0.003540628956245694
2021-05-18,-0.0027586790120754023
2021-05-19,-0.00832120466487185
2021-05-20,0.0025542221171781106
2021-05-21,-0.0010143448471640595
2021-05-24,0.0035857268894126304
2021-05-25,-0.001382292813063907
2021-05-26,-0.0008855236252570135
2021-05-27,0.009363127806063905
2021-05-28,-0.0025212538702744608
2021-06-01,0.0061247200338626654
2021-06-02,0.0009805358169445663
2021-06-03,-0.0063998974261001524
2021-06-04,0.006619277096456606
2021-06-07,-0.000502099018315784
2021-06-08,0.001208520375653288
2021-06-09,-0.002531034106047715
2021-06-10,0.0006550891018420327
2021-06-11,-0.0070861785464361796
2021-06-14,-0.0030387698792606922
2021-06-15,-0.004612491742936421
2021-06-16,-0.012114107074393749
2021-06-17,-0.018070995828268405
2021-06-18,-0.00442747752658381
2021-06-21,0.011415381963087116
2021-06-22,0.001320620131485767
2021-06-23,0.0021157203969188413
2021-06-24,-0.00021632999450214255
2021-06-25,-0.001959786504955452
2021-06-28,0.002724944162861367
2021-06-29,-0.0001946627780542707
2021-06-30,0.0055542053405106115
2021-07-01,-0.0024913298621489256
2021-07-02,0.0006275055007699897
2021-07-06,-0.006994577435851235
2021-07-07,-0.0012346940859087586
2021-07-08,-0.0014043290706952088
2021-07-09,0.004349855271637777
2021-07-12,0.002607991600961154
2021-07-13,-8.768087023922125e-05
2021-07-14,-0.001967727863542534
2021-07-15,-0.0023745708340745814
2021-07-16,-0.0008298682627072523
2021-07-19,-0.006941235456407947
2021-07-20,0.0037493102812333912
2021-07-21,0.0060134181242694935
2021-07-22,0.0017174899905092026
2021-07-23,0.0018733601094874882
2021-07-26,0.0019655526275642915
2021-07-27,-0.0025376389857404828
2021-07-28,0.0019653303998247037
2021-07-29,0.0018707291103095254
2021-07-30,-0.0008705263383051731
2021-08-02,-0.002272845747080714
2021-08-03,0.0004909704633028919
2021-08-04,-0.003895839437403556
2021-08-05,0.0029240908725323084
2021-08-06,-0.004080884502199249
2021-08-09,-0.0046823616304339085
2021-08-10,0.0026206924371335923
2021-08-11,0.0035680415673444363
2021-08-12,-0.0027942095319469433
2021-08-13,0.001888790222515647
2021-08-16,-0.00047972347228976333
2021-08-17,-0.007158121008519623
2021-08-18,-0.006317640426592987
2021-08-19,-0.001487955519466334
2021-08-20,-0.0043373914276547436
2021-08-23,0.01394097143164447
2021-08-24,0.002970934891888724
2021-08-25,0.0038303220519238846
2021-08-26,-0.0011678743769334816
2021-08-27,0.0073223752300537745
2021-08-30,0.004067456562596863
2021-08-31,-0.000902344152264434
2021-09-01,-0.001320942991029048
2021-09-02,-0.0008055811704595337
2021-09-03,-0.0021637389607364068
2021-09-07,0.0042884329986320035
2021-09-08,0.0018916650314639918
2021-09-09,-0.0028817749765960576
2021-09-10,0.0008091805891109458
2021-09-13,0.001845760068255967
2021-09-14,-0.0008795519764693186
2021-09-15,0.0003611270157645555
2021-09-16,0.00450693812985748
2021-09-17,0.0007887793182185165
2021-09-20,-0.004258171086676093
2021-09-21,-0.0027229237149070575
2021-09-22,0.004448902698065476
2021-09-23,0.004705832343376418
2021-09-24,0.0026923394818347906
2021-09-27,0.0027558002237789785
2021-09-28,0.0002653221338774434
2021-09-29,0.0020431270860329235
2021-09-30,-0.0023962658965121183
2021-10-01,-0.002651929216960179
2021-10-04,-0.0004149578069950232
2021-10-05,0.007933855377134381
2021-10-06,-0.0039594231587928895
2021-10-07,0.0033676209900636183
2021-10-08,0.00015393282042769197
2021-10-11,0.004469341507916375
2021-10-12,-0.0005597755568272511
2021-10-13,-0.004440195550283075
2021-10-14,-0.0018962262201993511
2021-10-15,0.005310799505684442
2021-10-18,0.0006395865483279788
2021-10-19,0.00043958104792463635
2021-10-20,-0.002981378893165531
2021-10-21,0.00021486458163468946
2021-10-22,-0.00041502221903043303
2021-10-25,0.0021417273700263676
2021-10-26,-0.0006713265104326464
2021-10-27,-0.0034734259146076245
2021-10-28,-0.0027612568247364815
2021-10-29,0.00719813345694931
2021-11-01,0.0001965724570132161
2021-11-02,-0.004093886920827843
2021-11-03,0.0009576501791603072
2021-11-04,-0.00492868747585242
2021-11-05,-0.0034112989238745256
2021-11-08,0.004058887969714574
2021-11-09,-0.002134681756389709
2021-11-10,0.004600306863597474
2021-11-11,0.0024709707050454286
2021-11-12,-0.0006464169612740958
2021-11-15,0.003237512169619857
2021-11-16,0.0021026115857850965
2021-11-17,-0.00690257453101399
2021-11-18,-0.00014849862422523623
2021-11-19,-0.004226399593670442
2021-11-22,0.006951812412158592
2021-11-23,0.0027620425394092314
2021-11-24,0.0018573202634203662
2021-11-26,-0.030909432107698673
2021-11-29,0.006705957032233096
2021-11-30,-0.007319406886623109
2021-12-01,-0.008034129758722211
2021-12-02,0.003142242472943149
2021-12-03,-0.001308421077560243
2021-12-06,0.0018962526048142106
2021-12-07,0.0010641933590381264
2021-12-08,-0.003615111049018822
2021-12-09,0.0032219391656634453
2021-12-10,-0.0033287584107747283
2021-12-13,0.0018840241679141134
2021-12-14,0.004160101492008677
2021-12-15,-0.003926274294074836
2021-12-16,-0.009753845158786637
2021-12-17,0.006699456570081885
2021-12-20,-0.00023142706812641988
2021-12-21,0.00017972215246554526
2021-12-22,-0.0046487252577384515
2021-12-23,-0.0001832718725342059
2021-12-27,-0.0007214545750048309
2021-12-28,-0.0010132383876472319
2021-12-29,-0.0010957245022553451
2021-12-30,-0.0008002744554103119
2021-12-31,-0.00407992867644159
2022-01-03,0.007168316221465207
2022-01-04,0.0070639881531796705
2022-01-05,-0.003843127577980664
2022-01-06,0.0019760655252950435
2022-01-07,0.0012453792230903626
2022-01-10,-0.00285345865248644
2022-01-11,0.005349408723794865
2022-01-12,0.003965805034943144
2022-01-13,-0.008415242886525677
2022-01-14,0.005603632035912412
2022-01-18,0.001963372665381702
2022-01-19,-3.075015921606869e-05
2022-01-20,-0.004977632962151904
2022-01-21,-0.00709366213803065
2022-01-24,-1.7004644532960916e-05
2022-01-25,-0.0010708094529603741
2022-01-26,0.01024095855400982
2022-01-27,-0.0046875021301154614
2022-01-28,0.0026593728893986052
2022-01-31,0.006711070945004134
2022-02-01,0.007917327524528187
2022-02-02,-0.002426620698458393
2022-02-03,0.005391217692396881
2022-02-04,0.011400831917088437
2022-02-07,-0.000727664431971198
2022-02-08,-0.000897430461749458
2022-02-09,0.0012003681156779987
2022-02-10,0.009788211895001798
2022-02-11,0.0005947224409889553
2022-02-14,0.004975460994954934
2022-02-15,-0.002103610941924226
2022-02-16,-0.0036500704996884096
2022-02-17,-0.0043245975869834145
2022-02-18,0.002985969355791082
2022-02-22,0.007730978397079389
2022-02-23,0.0036976937936846733
2022-02-24,0.006695469316977664
2022-02-25,-0.013648967252061642
2022-02-28,-0.003635566414016699
2022-03-01,0.007614012673306502
2022-03-02,0.01960297156411968
2022-03-03,0.0068323091171430044
2022-03-04,0.005823091817031519
2022-03-07,0.008863755132026759
2022-03-08,0.017858214482068185
2022-03-09,-0.021043342443512313
2022-03-10,-0.0011232307465818773
2022-03-11,0.005129894448295276
2022-03-14,-0.007770183452973249
2022-03-15,-0.0075687992697083244
2022-03-16,0.007240499691723666
2022-03-17,0.012626755859234314
2022-03-18,-0.00198049425526474
2022-03-21,0.02742698901723014
2022-03-22,0.004693371440197565
2022-03-23,0.006108247193164026
2022-03-24,0.0015388482665354031
2022-03-25,0.008619830096396363
2022-03-28,-0.017270855757096748
2022-03-29,-0.006463883618780319
2022-03-30,0.0015289200559751386
2022-03-31,-0.006817577910619625
2022-04-01,0.0007922493969252049
2022-04-04,0.007335654896121562
2022-04-05,0.017271255511182748
2022-04-06,-0.005274474825822808
2022-04-07,0.004955904164179813
2022-04-08,0.008624053854781261
2022-04-11,0.0017622679535514226
2022-04-12,0.0005081012127987065
2022-04-13,-0.0005740414933531603
2022-04-14,0.012391649682883758
2022-04-18,0.010842251894622703
2022-04-19,0.008202118780280952
2022-04-20,-0.008398205427515895
2022-04-21,0.005491389452402418
2022-04-22,-0.007137764508731573
2022-04-25,-0.005462905589875168
2022-04-26,-0.0054111007320067975
2022-04-27,0.013743125219939681
2022-04-28,0.005659937873861196
2022-04-29,0.000921602348784947
2022-05-02,0.0024553344616084815
2022-05-03,-0.0032079346118828755
2022-05-04,-0.015168297967043715
2022-05-05,0.02757953711562838
2022-05-06,0.008287038827650285
2022-05-09,-0.0042863610061819254
2022-05-10,0.0016514922092526034
2022-05-11,0.0055253256950478745
2022-05-12,0.006257659809851131
2022-05-13,-0.0037114024763985867
2022-05-16,-0.00034694985264364963
2022-05-17,-0.005094183669568155
2022-05-18,0.001074827234608857
2022-05-19,-0.009681179835788761
2022-05-20,-0.001642131525033583
2022-05-23,-0.004855838788246831
2022-05-24,-0.007879031746153207
2022-05-25,-0.0011764736513913715
2022-05-26,-0.006368325104947854
2022-05-27,-0.006633047631541767
2022-05-31,0.003799326525338747
2022-06-01,0.007876509968602015
2022-06-02,-0.008029520329904132
2022-06-03,0.011689542994782162
2022-06-06,0.013946811107718601
2022-06-07,-0.006245870044553753
2022-06-08,0.004792430790759753
2022-06-09,0.015910073175125924
2022-06-10,0.0062605860751732
2022-06-13,0.02361131227263628
2022-06-14,0.0002744687286062316
2022-06-15,-0.01960708798241329
2022-06-16,-0.0022141813223832386
2022-06-17,-0.0034574325621370256
2022-06-21,-0.006434761578519035
2022-06-22,-0.006888326155025824
2022-06-23,-0.003785641544806236
2022-06-24,-0.0018905865949087497
2022-06-27,0.005207881808778952
2022-06-28,0.010507637734410758
2022-06-29,-0.006881869721290538
2022-06-30,-0.006683424721431187
2022-07-01,-0.007167822014992798
2022-07-05,0.007527551931214205
2022-07-06,0.005829975316308483
2022-07-07,-0.004342666604431113
2022-07-08,0.0025823496586230643
2022-07-11,0.007908692644984061
2022-07-12,0.004262028953262532
2022-07-13,0.0009364088992374359
2022-07-14,0.005645863048585828
2022-07-15,-0.009629202981934551
2022-07-18,-0.0008819462767580312
2022-07-19,-0.007410619603810071
2022-07-20,-0.00021864322411404208
2022-07-21,-0.012613004897979938
2022-07-22,-0.006237292980567637
2022-07-25,0.003035478862008434
2022-07-26,0.0021994956917816746
2022-07-27,-0.012826267436976367
2022-07-28,-0.012018971189347695
2022-07-29,-0.007618866375714951
2022-08-01,-0.006754734053586785
2022-08-02,0.009010277621051607
2022-08-03,-0.0027041958328557288
2022-08-04,-0.006714851056133175
2022-08-05,-0.001742839374566488
2022-08-08,-0.006902921769783756
2022-08-09,0.0022727161543241777
2022-08-10,-0.00618772486169916
2022-08-11,0.0005662392792018841
2022-08-12,-0.005582421274526117
2022-08-15,0.01234021633410734
2022-08-16,-0.003049931205950592
2022-08-17,0.007827258475787071
2022-08-18,0.004818184436719687
2022-08-19,0.004453604477891122
2022-08-22,0.011334436704226986
2022-08-23,-0.005470575074418643
2022-08-24,-0.0038634612472967004
2022-08-25,-0.0048834258552607705
2022-08-26,0.010733779744923138
2022-08-29,0.002445824107344896
2022-08-30,0.008229310223394902
2022-08-31,0.002053697260936939
2022-09-01,0.010535587975946082
2022-09-02,-0.0021176920450553536
2022-09-06,0.010800099225433731
2022-09-07,-0.011140999296130754
2022-09-08,-0.002159455175511127
2022-09-09,-0.00534778008700507
2022-09-12,-0.0059864028967214645
2022-09-13,0.02367226093992715
2022-09-14,-0.0037117691408600595
2022-09-15,0.01061103813918513
2022-09-16,-0.0030211470241365197
2022-09-19,-0.000695801764362452
2022-09-20,0.011385796408671241
2022-09-21,0.01069295491491477
2022-09-22,0.0027118678110403032
2022-09-23,0.01633629010577506
2022-09-26,0.014146961408538494
2022-09-27,0.002280615909200443
2022-09-28,-0.02000663251428344
2022-09-29,-0.001029683246621322
2022-09-30,0.010541469968631532
2022-10-03,-0.025629609702442074
2022-10-04,-0.01158079436384563
2022-10-05,0.004982212377229715
2022-10-06,0.011781974089230617
2022-10-07,0.010485942486792962
2022-10-10,0.00796151392683573
2022-10-11,0.002559345557744793
2022-10-12,-0.0030626168946934493
2022-10-13,-0.0015998520797889959
2022-10-14,0.010952197336831762
2022-10-17,-0.015412998978608483
2022-10-18,-0.0021759794135852014
2022-10-19,0.013887907541655314
2022-10-20,0.0039185564220726
2022-10-21,-0.015615893248056642
2022-10-24,0.0020311237025576094
2022-10-25,-0.009424272335740584
2022-10-26,-0.014657082631825595
2022-10-27,0.0034337740155471743
2022-10-28,0.0022320070918328597
2022-10-31,0.010483906077548462
2022-11-01,-0.00181508001539035
2022-11-02,0.008482151094797852
2022-11-03,0.005508183863494527
2022-11-04,-0.012865363986187265
2022-11-07,0.0034148872546067425
2022-11-08,-0.012364578965244347
2022-11-09,-0.0020782091586835855
2022-11-10,-0.03216601905163705
2022-11-11,-0.008449261871040503
2022-11-14,0.0023825644148054476
2022-11-15,-0.00385664032053399
2022-11-16,-0.0033420269659925647
2022-11-17,0.00708346859167574
2022-11-18,0.004981510656004192
2022-11-21,0.005175718134217949
2022-11-22,-0.007241768164665642
2022-11-23,-0.011051592234461373
2022-11-25,0.00043884626720510527
2022-11-28,0.0034907663790203617
2022-11-29,0.004704579119277468
2022-11-30,-0.012901367159870737
2022-12-01,-0.015845328889484325
2022-12-02,-0.0010429441944965882
2022-12-05,-0.0055991558153942874
2022-12-06,-0.004491473641194584
2022-12-07,-0.0010451318307048544
2022-12-08,0.006557663730873607
2022-12-09,0.006413204118856516
2022-12-12,-0.0009114156116922443
2022-12-13,0.00833331972307412
2022-12-14,0.0001674035598180175
2022-12-15,-0.010841241290234177
2022-12-16,-0.0023050741270418612
2022-12-19,0.0008443380061363738
2022-12-20,0.012452874052612499
2022-12-21,-0.00020166306000357536
2022-12-22,-0.006417482820121845
2022-12-23,0.00825955242596472
2022-12-27,0.0046076520690267915
2022-12-28,-0.0026722706588878558
2022-12-29,0.00984678524725008
2022-12-30,0.0012837694956969858
2023-01-03,-0.009153416055608016
2023-01-04,-0.006310648085749134
2023-01-05,-0.0006483390893121137
2023-01-06,-0.004380415777173449
2023-01-09,0.00023669407239772103
2023-01-10,0.003644646304770611
2023-01-11,-0.0009838679420419885
2023-01-12,-0.0003316334688012114
2023-01-13,0.006447547783836251
2023-01-17,-0.00017954042828458288
2023-01-18,-0.008613727867643873
2023-01-19,0.0042520611360330795
2023-01-20,0.002455244695511439
2023-01-23,0.0006024467786282595
2023-01-24,-0.001599223269381072
2023-01-25,-0.0009388390705683698
2023-01-26,0.0027436813208779045
2023-01-27,-0.004774285056106239
2023-01-30,0.006024977444847758
2023-01-31,-0.0012437227188660924
2023-02-01,-0.010392004487215747
2023-02-02,-0.0015114829892423777
2023-02-03,-0.012834968946955601
2023-02-06,-0.0025985492168905527
2023-02-07,0.0012274198296663283
2023-02-08,-0.0007766540125888484
2023-02-09,-0.0003064662982326111
2023-02-10,-0.002069516496214653
2023-02-13,0.0034953440646095747
2023-02-14,-0.004194243587682982
2023-02-15,-0.0036731900541149397
2023-02-16,-0.004004477631419719
2023-02-17,0.004259784439332133
2023-02-21,-0.0026713219852202187
2023-02-22,-0.002143208198930954
2023-02-23,-5.188534647211336e-05
2023-02-24,-0.006070424972759776
2023-02-27,0.0033637812776665
2023-02-28,-0.0021376945239106404
2023-03-01,0.0019044753841990583
2023-03-02,0.0026863911628226544
2023-03-03,-0.00733517315570615
2023-03-06,0.005265304901678334
2023-03-07,0.011772179055530565
2023-03-08,0.00045205878315430624
2023-03-09,-0.0008088556318793762
2023-03-10,-0.011464994643355372
2023-03-13,-0.01478266986309287
2023-03-14,0.005334908895687358
2023-03-15,-0.004442514799362435
2023-03-16,0.003557602432661712
2023-03-17,-0.007600696971743258
2023-03-20,4.6940351690323004e-05
2023-03-21,0.005388963685680228
2023-03-22,-0.00440182389389266
2023-03-23,-0.0015440540315883207
2023-03-24,-0.002382746199030493
2023-03-27,0.003587145771910475
2023-03-28,0.0031270732713716337
2023-03-29,0.0006681415661302244
2023-03-30,-0.002443703729779185
2023-03-31,-0.004100797531599526
2023-04-03,-0.006246847383473401
2023-04-04,0.005615924843900266
2023-04-05,0.006637779609632992
2023-04-06,0.011527559261839699
2023-04-10,-0.005245415542470991
2023-04-11,0.0018748686591136244
2023-04-12,0.004424294907201863
2023-04-13,0.0027662917220941993
2023-04-14,-0.007798174459793898
2023-04-17,-0.008138798755432393
2023-04-18,-0.0016072642307040593
2023-04-19,0.00034240815555208704
2023-04-20,0.00540975878488528
2023-04-21,-0.0014304457381687696
2023-04-24,0.005602394875315828
2023-04-25,0.005576474193698139
2023-04-26,0.0017094434469623304
2023-04-27,0.0014962470062708862
2023-04-28,0.0008809974670147085
2023-05-01,0.002062425006498015
2023-05-02,0.01176893014360563
2023-05-03,0.004766794285975377
2023-05-04,-0.005464974592305967
2023-05-05,-0.013035811018925736
2023-05-08,-0.0014220506593498302
2023-05-09,0.006757363429230343
2023-05-10,0.0013707933039862133
2023-05-11,0.0037570807660512458
2023-05-12,0.001543570296272487
2023-05-15,-0.008554694096456728
2023-05-16,0.008619300613355476
2023-05-17,0.004466493041747761
2023-05-18,-0.00123852178971095
2023-05-19,0.007147355477674509
2023-05-22,-0.008380706728229163
2023-05-23,-0.0025940412684851287
2023-05-24,0.0009108338873814189
2023-05-25,0.0011143083177450257
2023-05-26,-0.003455735373916031
2023-05-30,0.016855396707604987
2023-05-31,0.00046389134260371056
2023-06-01,-0.0010750232341476904
2023-06-02,-0.0074272944467751005
2023-06-05,0.0003439444109059829
2023-06-06,-0.004588454520994005
2023-06-07,-0.003920927973076236
2023-06-08,-0.003941326952774772
2023-06-09,-0.0016980877807862393
2023-06-12,0.00406484923230578
2023-06-13,-0.004613439833759197
2023-06-14,-0.00198422494387155
2023-06-15,-0.016192284522718932
2023-06-16,-0.004813240885054585
2023-06-20,0.0005257093041630114
2023-06-21,-0.007998833941528848
2023-06-22,0.01182453448252313
2023-06-23,0.007132138819553834
2023-06-26,-0.003279866160129471
2023-06-27,0.007647124688231336
2023-06-28,0.00842668344944749
2023-06-29,0.002258233837395952
2023-06-30,-0.0075967579055413875
2023-07-03,0.00042565604587378535
2023-07-05,-0.0005330255085962695
2023-07-06,0.0017141067060654454
2023-07-07,0.0017692267918882182
2023-07-10,-0.00016908656261675281
2023-07-11,0.004465434505926064
2023-07-12,-0.0056191881662324425
2023-07-13,-0.0008265701854365674
2023-07-14,0.0035562756191060054
2023-07-17,0.0023168526727928612
2023-07-18,0.002485285954630764
2023-07-19,-0.0030407291042243126
2023-07-20,0.0024002983342331355
2023-07-21,0.0014081662905906624
2023-07-24,-0.0011569292589571835
2023-07-25,0.0011121540905380865
2023-07-26,0.0022548538278224233
2023-07-27,0.001324206638897595
2023-07-28,0.0032058143880508536
2023-07-31,-0.00036569587591788843
2023-08-01,0.005707089307623326
2023-08-02,-0.005722780046282709
2023-08-03,0.004300602289692822
2023-08-04,-0.005035172735678248
2023-08-07,0.0004221538872886967
2023-08-08,-0.006176585653868164
2023-08-09,0.0012661000769830578
2023-08-10,0.0027482157073099554
2023-08-11,0.0012990009856500898
2023-08-14,0.002114443761314636
2023-08-15,-0.0040235608073364995
2023-08-16,-0.0012283844996505522
2023-08-17,-0.00034804776036665986
2023-08-18,0.002203781987061671
2023-08-21,0.006499321560632663
2023-08-22,-0.0028306520079023666
2023-08-23,0.0014388538982508241
2023-08-24,-0.004072596673189899
2023-08-25,0.005507540050218606
2023-08-28,0.0006292729944405076
2023-08-29,0.0032882933193662863
2023-08-30,-0.00041469991199763684
2023-08-31,-0.0017128244328040022
2023-09-01,0.0018564070151769723
2023-09-05,0.005515492379191794
2023-09-06,0.0013044894211325822
2023-09-07,-0.003805562946613158
2023-09-08,0.003376234207223581
2023-09-11,0.004542525511834388
2023-09-12,-0.0023342194301713983
2023-09-13,-0.0015977577939118924
2023-09-14,0.006167925821872016
2023-09-15,0.00010924010842096592
2023-09-18,-0.0035847046120951413
2023-09-19,0.0014530581868509433
2023-09-20,-0.00012535566047731852
2023-09-21,0.0016722294065538925
2023-09-22,-0.002449357691525625
2023-09-25,0.0016991826713833836
2023-09-26,-0.0014703069715757148
2023-09-27,0.005894816081566937
2023-09-28,-0.0022076345931507204
2023-09-29,-0.0023898126215674362
2023-10-02,0.0025164440196442117
2023-10-03,0.005635602545563499
2023-10-04,-0.006549213837528911
2023-10-05,-0.006507154254227149
2023-10-06,0.001467587017490505
2023-10-09,-0.008650713107276775
2023-10-10,0.0015680614556062467
2023-10-11,-0.0030095461779519744
2023-10-12,0.008766292840793014
2023-10-13,-0.00046965911118019156
2023-10-16,0.0007690462842278695
2023-10-17,0.005685461021080179
2023-10-18,0.0036326300384128176
2023-10-19,0.0014517000218458773
2023-10-20,-0.00042928965508984014
2023-10-23,-0.005928764780160287
2023-10-24,-0.002529613422958586
2023-10-25,0.00977685791457367
2023-10-26,-0.005017563931588939
2023-10-27,0.0006363452542483915
2023-10-30,0.00038871510073120466
2023-10-31,0.003703487400448882
2023-11-01,-0.010252893676599092
2023-11-02,-0.00974440899253875
2023-11-03,-0.00810034119187057
2023-11-06,0.0031235760009982643
2023-11-07,0.0034967061772941343
2023-11-08,-0.0036671652014530513
2023-11-09,0.013452667051368088
2023-11-10,-0.004600972195744526
2023-11-13,0.0007840966663296899
2023-11-14,-0.019884094524604125
2023-11-15,0.005985522306212312
2023-11-16,0.002462122488687811
2023-11-17,-0.004445025131811077
2023-11-20,-0.0038345393844032936
2023-11-21,-0.00035226278000094415
2023-11-22,0.0005727520719339876
2023-11-24,0.007243199552451151
2023-11-27,-0.0017787230876503265
2023-11-28,-0.010126879745874907
2023-11-29,-0.005093801036955422
2023-11-30,3.83347193296153e-05
2023-12-01,-0.01155970245899279
2023-12-04,-0.00930751479254115
2023-12-05,-0.0015738836274385784
2023-12-06,0.0021892086754936877
2023-12-07,0.0017906276825337035
2023-12-08,-0.0059614520147853785
2023-12-11,0.006501431511291802
2023-12-12,0.006083537325571633
2023-12-13,0.007559420209617581
2023-12-14,-0.005316120905110493
2023-12-15,-0.00804016875981412
2023-12-18,0.0036786670493627674
2023-12-19,0.005957206656759603
2023-12-20,-0.00683680570939356
2023-12-21,0.005260115354497943
2023-12-22,0.00020017367596150655
2023-12-26,0.004116209683011564
2023-12-27,0.005928573971402798
2023-12-28,-0.0013358135911213979
2023-12-29,0.0003706046610436975
2024-01-02,-0.004334487373502227
2024-01-03,-0.008439867289707267
2024-01-04,-0.0043011181570989186
2024-01-05,-0.0007825941623965642
2024-01-08,0.007817989088448175
2024-01-09,-0.008909670096472085
2024-01-10,0.005767111180616078
2024-01-11,-0.00333161582263688
2024-01-12,0.0001298929045659766
2024-01-16,-0.005016756835547997
2024-01-17,-0.004541434501611977
2024-01-18,0.0035820977632699197
2024-01-19,0.008889500092356983
2024-01-22,-0.0011092620770285556
2024-01-23,-0.002412231828274308
2024-01-24,-0.0029632187556472025
2024-01-25,0.0011626993733506277
2024-01-26,0.0002627353245749238
2024-01-29,0.01146305616715289
2024-01-30,-0.0048152479277004615
2024-01-31,-0.003711455371884503
2024-02-01,0.014212076474478906
2024-02-02,0.015761350341210473
2024-02-05,0.001672057890007885
2024-02-06,-0.0003783868600087195
2024-02-07,0.01112990955002682
2024-02-08,0.0027393625351773013
2024-02-09,0.007039104416208947
2024-02-12,-0.0012090095900492107
2024-02-13,0.006186442952016123
2024-02-14,0.0022202643013429233
2024-02-15,0.004556166640696675
2024-02-16,-0.00482282917551371
2024-02-20,-0.004833205990416666
2024-02-21,0.011539140900061338
2024-02-22,0.012419380829221276
2024-02-23,0.0030474563993993314
2024-02-26,0.0017001785162025986
2024-02-27,-0.003436586903486978
2024-02-28,-0.0053677029819573395
2024-02-29,0.0024462460919690457
2024-03-01,0.0021501350959758775
2024-03-04,-0.0043905999636439305
2024-03-05,-0.0040103172412012614
2024-03-06,-0.005186272080385933
2024-03-07,-0.005761692939978583
2024-03-08,-0.006226187090350574
2024-03-11,0.00020473686438822063
2024-03-12,0.006858029155152018
2024-03-13,-0.0005782394100345616
2024-03-14,0.005188099997606094
2024-03-15,-0.0004415884506768918
2024-03-18,0.0063808075861063445
2024-03-19,0.005228824406237419
2024-03-20,-0.0064987241143267555
2024-03-21,0.006223818725878908
2024-03-22,0.002239293246707146
2024-03-25,-0.0012284600826961418
2024-03-26,0.0010086938882714488
2024-03-27,0.005396346879049853
2024-03-28,-0.002287307314856803
2024-04-01,0.0025562147725603506
2024-04-02,0.006318017609104822
2024-04-03,-2.764373928101411e-05
2024-04-04,-0.006180598300602535
2024-04-05,0.009609049490318359
2024-04-08,0.0010790322845120911
2024-04-09,-0.0009183061256257104
2024-04-10,0.009352361914177123
2024-04-11,0.00890272299880637
2024-04-12,-0.008537704721997448
2024-04-15,0.005714604768185316
2024-04-16,0.004765744939432071
2024-04-17,-0.013618344950751801
2024-04-18,0.0012850237796691588
2024-04-19,-0.0015312048766031052
2024-04-22,-0.00444782736776002
2024-04-23,0.002378066494913493
2024-04-24,-0.0010015325229398816
2024-04-25,0.004407112794577274
2024-04-26,0.007018073219586765
2024-04-29,-0.006786301923933733
2024-04-30,-0.004063992782685091
2024-05-01,-0.007793536363282402
2024-05-02,-0.013907180122735379
2024-05-03,-0.008822789260102656
2024-05-06,-0.0025008012288124863
2024-05-07,0.0009360856275964539
2024-05-08,0.00445575679963188
2024-05-09,-0.0004679696794404988
2024-05-10,0.001388435640460026
2024-05-13,-0.0017906742336796368
2024-05-14,0.002289257820674817
2024-05-15,-0.011906953462929571
2024-05-16,0.0033951243150184204
2024-05-17,0.006137106629723886
2024-05-20,-0.0013362205575414682
2024-05-21,0.0009001162068037399
2024-05-22,-0.00320236918406834
2024-05-23,0.004540889059813397
2024-05-24,-0.0027168826994247684
2024-05-28,0.007836143447304805
2024-05-29,0.00867355388859845
2024-05-30,-0.007759037350608064
2024-05-31,-0.005344033861017219
2024-06-03,-0.007010643791475795
2024-06-04,-0.013229812856131628
2024-06-05,0.00827394077693107
2024-06-06,0.002672140526033807
2024-06-07,-0.009938949953190343
2024-06-10,0.0062817583025785145
2024-06-11,-0.0013390029725219507
2024-06-12,0.0017822947549160487
2024-06-13,-0.0033394417971446774
2024-06-14,-0.0006673435327078467
2024-06-17,-0.0005363758931336515
2024-06-18,0.0005201718795677033
2024-06-20,0.0033003122193746327
2024-06-21,-0.0040449394811155216
2024-06-24,5.966479696561383e-05
2024-06-25,-0.003925249897520955
2024-06-26,0.0014210616239131604
2024-06-27,0.004939725681958076
2024-06-28,0.0040285164605887444
2024-07-01,0.003754585923638722
2024-07-02,-0.00011451055526149348
2024-07-03,-0.00028159990896300637
2024-07-05,-0.0063009600253628355
2024-07-08,0.007669652381882155
2024-07-09,0.004656798479913632
2024-07-10,0.011059923892973344
2024-07-11,-0.016359256095096527
2024-07-12,-0.001509867095189637
2024-07-15,0.014518332168151425
2024-07-16,-0.0035726522690767053
2024-07-17,-0.009208182529634686
2024-07-18,-0.001735710949263766
2024-07-19,-0.003726560329853715
2024-07-22,-0.00539126338767513
2024-07-23,-0.003317278198131652
2024-07-24,-0.008547782950503839
2024-07-25,-0.003219014921968356
2024-07-26,0.013740735417384775
2024-07-29,0.00014428743927700794
2024-07-30,0.002922405971118858
2024-07-31,0.003518134214044603
2024-08-01,-0.018994781352340624
2024-08-02,0.001476371863980373
2024-08-05,-0.014550879482032701
2024-08-06,0.0003211551560273197
2024-08-07,-0.008924222092413423
2024-08-08,0.008733922104270236
2024-08-09,0.005333338192267032
2024-08-12,0.0002840977258268111
2024-08-13,0.01689598574045589
2024-08-14,-0.00014655081354716172
2024-08-15,0.0034903449287969368
2024-08-16,0.008972615572633381
2024-08-19,-0.0007481569295812411
2024-08-20,0.0023782165037782334
2024-08-21,0.003316657614962
2024-08-22,0.0008152585375156224
2024-08-23,0.0009789990077122166
2024-08-26,-0.0022356532268295445
2024-08-27,0.0016577203644419858
2024-08-28,8.67231297447338e-05
2024-08-29,-0.008561443235280209
2024-08-30,-1.3583345294549743e-05
2024-09-03,-0.0025615659265457334
2024-09-04,0.005688426511273076
2024-09-05,0.0017802486449697097
2024-09-06,-0.00025903568071459023
2024-09-09,-0.0018304927707911778
2024-09-10,0.010023504240720552
2024-09-11,-0.002328041942371603
2024-09-12,0.0022889112202116157
2024-09-13,0.0020527745528826536
2024-09-16,0.0049521622216848705
2024-09-17,-0.003258105337930785
2024-09-18,-0.002443074992057838
2024-09-19,0.0035174458991363735
2024-09-20,-0.00143746026637188
2024-09-23,-0.0008772389576039423
2024-09-24,0.00467385994206944
2024-09-25,-0.0077720040411440984
2024-09-26,0.007747634679602357
2024-09-27,-0.0031219284629489257
2024-09-30,-0.0018627296253552355
2024-10-01,-0.006844731402201226
2024-10-02,-0.004112272725036457
2024-10-03,-0.011784417237661741
2024-10-04,-0.007544122156589892
2024-10-07,-0.009681785978847317
2024-10-08,0.0029280183389285563
2024-10-09,-0.002578975128377429
2024-10-10,-0.0015801792331305877
2024-10-11,0.002408499582299223
2024-10-14,0.005622688753316701
2024-10-15,0.0006733792512207282
2024-10-16,0.0021290164691029822
2024-10-17,-0.0021119564793038604
2024-10-18,0.007803630402799543
2024-10-21,-0.01090195921823621
2024-10-22,-0.0017836954780385893
2024-10-23,-0.008053015228594088
2024-10-24,0.004477314775451849
2024-10-25,-0.005353676202189687
2024-10-28,0.005840339209601489
2024-10-29,0.0026114912371308988
2024-10-30,-0.007001825072439134
2024-10-31,-0.006785819381790446
2024-11-01,-0.0028695230024548433
2024-11-04,-0.01152601641226171
2024-11-05,-0.0007258472027301995
2024-11-06,0.013596992375166586
2024-11-07,-0.0004212462102168648
2024-11-08,-0.002276985146211708
2024-11-11,-0.00015992408523871077
2024-11-12,0.003636840080705013
2024-11-13,-0.0004219116249921369
2024-11-14,0.0054678426244962886
2024-11-15,-0.007824047773998982
2024-11-18,-0.0012859748185289775
2024-11-19,0.0019668318435359248
2024-11-20,0.0001058252328712507
2024-11-21,0.0009226543136727407
2024-11-22,0.008898375566868186
2024-11-25,-0.009969719813829736
2024-11-26,0.0035660321874257292
2024-11-27,-0.004011074740587268
2024-11-29,-0.003565818382683328
2024-12-02,0.0066084545607926395
2024-12-03,-0.0046686289227947445
2024-12-04,0.005237604433136514
2024-12-05,-0.008330211152113768
2024-12-06,0.007639147845843509
2024-12-09,-0.003832242755732509
2024-12-10,0.0020740547200334895
2024-12-11,0.0008050951614429246
2024-12-12,0.0039650986382003175
2024-12-13,0.0023823056917465077
2024-12-16,0.0028198311699117037
2024-12-17,0.003907949944437238
2024-12-18,0.008303512383791335
2024-12-19,-0.003193992759198254
2024-12-20,-0.002860857415583377
2024-12-23,0.003504031903423575
2024-12-24,0.004699508836893611
2024-12-26,-0.0022221956424943487
2024-12-27,-0.0029638200955593883
2024-12-30,-0.00998236767477557
2024-12-31,-0.0002718933943364926
2025-01-02,0.000706968636521839
2025-01-03,0.0024571740033135425
2025-01-06,-0.0029619046503455804
2025-01-07,0.0021424787409975547
2025-01-08,-0.0004375494372541258
2025-01-10,0.010749656221594663
2025-01-13,-0.0009961951376798645
2025-01-14,0.0009963341177691783
2025-01-15,-0.006192603432258645
2025-01-16,-0.001160942473853216
2025-01-17,0.004399997140542104
2025-01-21,-0.01329982714147895
2025-01-22,0.00457753387641623
2025-01-23,0.00041441253629555486
2025-01-24,-0.003375437515985943
2025-01-27,-0.0013355234547900905
2025-01-28,0.0020795773907534443
2025-01-29,-0.0031564690925681635
2025-01-30,-0.0015025238074046687
2025-01-31,0.0024714874446916143
2025-02-03,-0.0011071008386988788
2025-02-04,-0.007493274322025832
2025-02-05,-0.0036940798453851406
2025-02-06,-0.0008230971029761606
2025-02-07,0.004070938025370975
2025-02-10,0.007196021814836354
2025-02-11,0.00017137116357219666
2025-02-12,0.002997615535286927
2025-02-13,-0.007149492557386351
2025-02-14,-0.010783013236671846
2025-02-18,0.007724570477943944
2025-02-19,-0.00039351140394075165
2025-02-20,-0.008621865984698286
2025-02-21,-0.012621842620599618
2025-02-24,-0.00047557995625081796
2025-02-25,-0.010496779227480702
2025-02-26,-0.0005773193422957813
2025-02-27,0.0040384080212829895
2025-02-28,0.00025958503136099426
2025-03-03,-0.01607701780639028
2025-03-04,-0.0029438706962458985
2025-03-05,-0.007518237972212254
2025-03-06,-0.0032462868661589585
2025-03-07,-0.00033564906885882016
2025-03-10,0.011079809317825042
2025-03-11,-0.0007519097193222134
2025-03-12,-0.0031210261840443126
2025-03-13,0.009757626268833284
2025-03-14,-0.008471522784285678
2025-03-17,-0.007474998510003201
2025-03-18,0.006343011446804825
2025-03-19,0.007402533077384307
2025-03-20,0.0029257556800342116
2025-03-21,0.0007435570337639078
2025-03-24,-0.006391283069515035
2025-03-25,0.0030640783663438715
2025-03-26,0.005292080379241594
2025-03-27,-0.0006687487405452567
2025-03-28,0.011068469601819607
2025-03-31,0.0009476577099858004
2025-04-01,-0.007906078685631958
2025-04-02,0.016714953984751254
2025-04-03,-0.0012282879178718248
2025-04-04,-0.012237418848009904
2025-04-07,-0.015839777124623228
2025-04-08,0.005645569315988583
2025-04-09,-0.0152097635727884
2025-04-10,0.01932814341689198
2025-04-11,-0.0009052091283395515
2025-04-14,0.0069272752801707305
2025-04-15,0.0069103950051068504
2025-04-16,0.0096114146653975
2025-04-17,0.0010021084088743925
2025-04-21,0.014775688969549845
2025-04-22,-0.017859898134602988
2025-04-23,0.0034510030138361187
2025-04-24,-0.0009844654972026232
2025-04-25,-0.0027993185778888664
2025-04-28,0.01065805171470255
2025-04-29,-0.00041612817677614834
2025-04-30,-0.011295374069849689
2025-05-01,-0.0006771718119712186
2025-05-02,-0.005549341693069501
2025-05-05,0.008969249981341652
2025-05-06,-0.0018715409696371747
2025-05-07,0.0018958614906282331
2025-05-08,-0.01517614393924215
2025-05-09,0.0003804905150583753
2025-05-12,-0.016300456873482784
2025-05-13,0.0032626160827153683
2025-05-14,-0.003415197414028666
2025-05-15,0.0011884891618869557
2025-05-16,-0.0007127647347808631
2025-05-19,0.0031733359679892003
2025-05-20,-0.001554368699899555
2025-05-21,0.0014519099661704212
2025-05-22,-0.000420447288905379
2025-05-23,0.00874573772949192
2025-05-27,-0.00043004275360689114
2025-05-28,-0.01146382133310692
2025-05-29,0.015979717293383364
2025-05-30,0.0015024553184040507
2025-06-02,0.0023209220442425437
2025-06-03,-0.005780522319241949
2025-06-04,0.0012128542241249003
2025-06-05,0.004373297761952031
2025-06-06,0.0008292043841091521
2025-06-09,0.007010056453330288
2025-06-10,-0.001072305109299402
2025-06-11,0.0016978956787675765
2025-06-12,0.0019323228204618135
2025-06-13,-0.011444798173682075
2025-06-16,0.008954800349522325
2025-06-17,-0.015814362084542788
2025-06-18,-0.0012514615778572659
2025-06-20,-0.001327925437092302
2025-06-23,0.0192523544511132
2025-06-24,0.005885295362471952
2025-06-25,0.010335605375231278
2025-06-26,0.0053711559064305026
2025-06-27,-0.0009166312832237347
2025-06-30,0.003429508830968914
2025-07-01,-0.0016108897291721293
2025-07-02,-0.0013172040600656488
2025-07-03,-0.004309755397344956
2025-07-07,0.0012449273772776573
2025-07-08,0.0038959860946435015
2025-07-09,0.00584189815291112
2025-07-10,-0.0017664767671123492
2025-07-11,0.0015568830448977563
2025-07-14,-0.006238089372163775
2025-07-15,-0.00440012780105531
2025-07-16,0.0030212462325636714
2025-07-17,0.00802119293505358
2025-07-18,-0.00537455906252221
2025-07-21,0.012827691199049878
2025-07-22,0.004011865540790759
2025-07-23,0.0054993933613240115
2025-07-24,-0.004914841053024223
2025-07-25,-0.0022487888333106686
2025-07-28,-0.0026474195174778724
2025-07-29,0.0009923737555180615
2025-07-30,-0.011496292755110155
2025-07-31,-0.01026450071934248
2025-08-01,0.01402873830605428
2025-08-04,-0.000272134630259883
2025-08-05,0.0038160380339640476
2025-08-06,0.0026257765997269567
2025-08-07,-0.0022673547533488335
2025-08-08,0.0024396880265087077
2025-08-11,-0.001622334488024071
2025-08-12,0.003226291515476496
2025-08-13,-0.006090772305201477
2025-08-14,0.004170838488457991
2025-08-15,0.0008527836701187658
2025-08-18,0.003372248942467416
2025-08-19,-0.0024104065595807996
2025-08-20,-6.4285954078685e-05
2025-08-21,0.004139094989612221
2025-08-22,-0.0005212597780655082
2025-08-25,0.002318205919604895
2025-08-26,-0.002493159618361746
2025-08-27,-0.00030494147466907497
2025-08-28,-0.0022735947564105773
2025-08-29,-0.000811317319383525
2025-09-02,0.00983814452766875
2025-09-03,0.0028021696321257204
2025-09-04,0.0024822797370958227
2025-09-05,0.005316094114858926
2025-09-08,0.004283828705892074
2025-09-09,-0.006171024515224154
2025-09-10,0.003772443652600661
2025-09-11,0.006241929927602821
2025-09-12,-0.0012659308411776236
2025-09-15,0.005966043233954451
2025-09-16,0.00193889804163152
2025-09-17,-0.004394037008868258
2025-09-18,0.0005142596592204741
2025-09-19,0.0005983629118223688
2025-09-22,0.009308924998234434
2025-09-23,0.001616168189191026
2025-09-24,-0.007817894329590302
2025-09-25,-0.0038426839839782643
2025-09-26,0.009781386673146934
2025-09-29,0.003353093406920601
2025-09-30,0.0009367320876777939
2025-10-01,0.002052994103995913
2025-10-02,-0.0034104335080761563
2025-10-03,0.005692898302826077
2025-10-06,0.006749301844611887
2025-10-07,0.0003324801565983648
2025-10-08,0.00283009461896561
2025-10-09,-0.0003176994301998174
2025-10-10,-0.012848093541429077
2025-10-13,0.02067422929708857
2025-10-14,-0.003330815487384678
2025-10-15,0.004187854135691394
2025-10-16,-0.0040492873686831425
2025-10-17,-0.007004854280622542
2025-10-20,0.004608017178386163
2025-10-21,-0.009161843759513604
2025-10-22,-0.0022104034683766115
2025-10-23,0.005071871578048982
2025-10-24,0.0021895483676264717
2025-10-27,-0.005750292672131332
2025-10-28,-0.005688826589787507
2025-10-29,0.002282135427145623
2025-10-30,0.0032798985124190437
2025-10-31,-0.0061056325741768004
2025-11-03,-0.0035570850949022104
2025-11-04,-0.005318155307599368
2025-11-05,0.0034013351050535532
2025-11-06,-0.0023747646927336904
2025-11-07,-0.0013946469037170092
2025-11-10,0.007798971132521777
2025-11-11,0.0050245591863338065
2025-11-12,0.001491990148582133
2025-11-13,-0.001800336975446925
2025-11-14,-0.0061338324763655855
2025-11-17,-0.0007510107355379975
2025-11-18,0.0007003446141752632
2025-11-19,0.003315685808583344
2025-11-20,-0.011817346507126581
2025-11-21,0.0040224186516368025
2025-11-24,0.0061053827217217044
2025-11-25,0.0010492967905358485
2025-11-26,0.0020579328101844596
2025-11-28,0.005094806057217157
2025-12-01,-0.0005858808759786587
2025-12-02,-0.0004567678303020985
2025-12-03,-0.0004018580909091402
2025-12-04,-0.0034343928149758902
2025-12-05,-0.0039532912951110236
2025-12-08,-0.004069725990343738
2025-12-09,1.2756225244665084e-05
2025-12-10,0.001920620790768927
2025-12-11,-0.0029111811756391812
2025-12-12,-0.0037861721450972927
2025-12-15,0.004028698620353947
2025-12-16,0.0004297209131012785
2025-12-17,0.00730744640699374
2025-12-18,-0.0009932418753357797
2025-12-19,0.0034211953927398638
2025-12-22,0.002579534396554616
2025-12-23,0.006719232298658024
2025-12-24,-0.00029133106413606596
2025-12-26,0.014282543871678915
2025-12-29,-0.013791290871904758
2025-12-30,0.002299006298690194
2025-12-31,-0.009126807734192336
2026-01-02,0.0020040793802176844
2026-01-05,0.007165381140584946
2026-01-06,0.011281382639192943
2026-01-07,-0.011083581548263418
2026-01-08,-0.004317853350422768
2026-01-09,0.0042283529776666814
2026-01-12,0.0057426462417308
2026-01-13,-0.001852860786364374
2026-01-14,0.00208931042547147
2026-01-15,0.005192493221128826
2026-01-16,-0.004514939984046708
2026-01-20,0.0012960707421715426
2026-01-21,-0.007761311413466475
2026-01-22,0.0140140180098799
2026-01-23,-0.0026622561599599073
2026-01-26,0.0026430003461833593
2026-01-27,0.007954390677151769
2026-01-28,0.004266173272311636
2026-01-29,-0.0021430578143584716
2026-01-30,-0.03090251539205052
2026-02-02,0.014175096816741442
2026-02-03,0.011125942614502574
2026-02-04,0.0010069101230021948
2026-02-05,-0.02610983150283391
2026-02-06,0.019174000228140767
2026-02-09,0.0109044136211297
2026-02-10,-0.0058181588758717895
2026-02-11,0.0012100121571497102
2026-02-12,-0.016950364841346977
2026-02-13,-0.00035967107458188845
2026-02-17,-0.0025229825225258702
2026-02-18,0.006443873670258651
2026-02-19,0.0017875677087157474
2026-02-20,0.0031088083198438443
2026-02-23,-0.0014787528242726574
2026-02-24,0.0022334775818330134
2026-02-25,0.004432589401499766
2026-02-26,-0.004210608139250304
2026-02-27,0.0016186012366934297
2026-03-02,0.009419216807205215
2026-03-03,0.002684883450957326
2026-03-04,0.005113251141503635
2026-03-05,0.0010742829774296795
2026-03-06,0.01585405956030268
2026-03-09,-0.0003083121467864622
2026-03-10,-0.00283418670813099
2026-03-11,0.004684553616022625
2026-03-12,-0.00010283897165992549
2026-03-13,-0.0038946469009483596
2026-03-16,-0.0026055433860919584
2026-03-17,0.009974209537520254
2026-03-18,-0.006040746756877138
2026-03-19,-0.005213591040903385
2026-03-20,-0.0064290066803166105
2026-03-23,-0.007353183013797102
2026-03-24,-0.0012812593105225624
2026-03-25,0.0028004067028779955
2026-03-26,-0.0028564014441044266
2026-03-27,0.008537788594956621
2026-03-30,0.011527312737916434
2026-03-31,0.003667319194610274
2026-04-01,-0.006337515834192567
2026-04-02,0.008813552983947969
2026-04-06,0.004370959257547501
2026-04-07,-0.021371961476843265
2026-04-08,0.0011061680357534994
2026-04-09,-5.971656996558658e-05
2026-04-10,0.0019525051816712588
2026-04-13,-0.003889259101177759
2026-04-14,-0.005793409349502305
2026-04-15,0.0053865611359481995
2026-04-16,0.005243815277444333
2026-04-17,-0.013663392813704026
2026-04-20,0.00266168432748596
2026-04-21,0.01139694645105817
2026-04-22,0.0018933334215069282
2026-04-23,0.006502983458435151
2026-04-24,-0.004548416868385116
2026-04-27,0.0073948259153957295
2026-04-28,0.008024048021987864
2026-04-29,0.015153173508227384
2026-04-30,-0.011271711953569716
2026-05-01,-0.0014612276427754714
2026-05-04,0.007551937893800856
2026-05-05,-0.0012825250272237938
2026-05-06,-0.00620616679765417
2026-05-07,-0.0005733763118665601
2026-05-08,0.002972970750353716
2026-05-11,0.008346359833214962
2026-05-12,0.01001500731598769
2026-05-13,0.0011963854577492833
2026-05-14,-0.002340729888622172
2026-05-15,-4.11949121767413e-05
2026-05-18,0.007880996876608799
2026-05-19,0.0015689973876029484
2026-05-20,-0.0062283738715214355
2026-05-21,-0.002095848131427801
2026-05-22,0.00019113831860719026
2026-05-26,-0.006652791844387613
2026-05-27,-0.0013807091405204392
2026-05-28,-0.0007937688026007074
2026-05-29,-0.00227076537877218
2026-06-01,0.003289867582543814
2026-06-02,0.0029740754902144216
2026-06-03,-0.004427752617115282
2026-06-04,9.376818843877602e-05
2026-06-05,-0.008872535811865591
2026-06-08,0.0029066208395894465
2026-06-09,-0.001808701245467759
2026-06-10,-0.005377114363620995
2026-06-11,0.008976879301930392
2026-06-12,0.0016739881191691543
2026-06-15,0.0050324119805963885
2026-06-16,-0.0007491469165728014
2026-06-17,0.0015289447984189008
2026-06-18,-0.00035075685964703127
2026-06-22,0.0032517991756673523
2026-06-23,-0.006672419319192569
2026-06-24,-0.00043262129092190414
2026-06-25,-0.000258106044180275
2026-06-26,-0.003278048800337759
2026-06-29,0.003974022757917217
2026-06-30,0.0021412002941510614
2026-07-01,-0.0015750890232191926
2026-07-02,-0.006043831842642504
2026-07-06,-0.003655139067205994
2026-07-07,0.004412098780501112
2026-07-08,-0.0002505217481991078
2026-07-09,0.00028016792802955365
2026-07-10,-0.001249470413154284
2026-07-13,0.0046075196775446125
2026-07-14,-0.007846204865522588
2026-07-15,-0.009970863157717206
2026-07-16,0.0012550853155437465
2026-07-17,-0.003916741271956459
2026-07-20,0.004607397240895104
2026-07-21,0.0044782271813775445
2026-07-22,-0.004304003880270571
2026-07-23,0.003522426003071134
2026-07-24,0.0004742225267562865
2026-07-27,0.005372647518123103
2026-07-28,-0.0007956586952029933
2026-07-29,-0.002782139031543425
2026-07-30,-0.0007593947519861466
2026-07-31,0.0007589922803624581
2026-08-03,0.003209518351366847
2026-08-04,-0.004838074071970989
2026-08-05,-0.0020468036501615364
2026-08-06,0.010264333937220912
2026-08-07,-0.006059006911753922
2026-08-10,0.006108874528682723
2026-08-11,-0.0007896293559848385
2026-08-12,0.0014408262346270683
2026-08-13,-0.0016088548520406766
2026-08-14,0.005490899620349244
2026-08-17,0.0045853357125921045
2026-08-18,-0.003251158207261997
2026-08-19,-0.007261841198435088
2026-08-20,0.00389232997288201
2026-08-21,0.005030113183197696
2026-08-24,-0.0017343826649649447
2026-08-25,-0.004997816746915508
2026-08-26,0.004870400045367381
2026-08-27,0.002524067173998575
2026-08-28,0.011762270753711047
2026-08-31,0.001765954055022174
2026-09-01,0.006936842834593095
2026-09-02,-0.002024773639162614
2026-09-03,-0.002532704373529871
2026-09-04,0.0012392411319667523
2026-09-08,-0.004246769690767447
2026-09-09,0.0027996249608603814
2026-09-10,0.010091138386155505
2026-09-11,-0.0009398521752512459
2026-09-14,0.0016950463084993309
2026-09-15,0.005743665816154667
2026-09-16,0.00285135322271228
2026-09-17,-0.0011404398967103135
2026-09-18,0.00256721323732017
2026-09-21,0.0017558739980319438
2026-09-22,6.976507060179173e-05
2026-09-23,0.0028771308110104744
2026-09-24,0.0026445008529850395
2026-09-25,-0.0009352661637928731
2026-09-28,-0.0028303107434701717
2026-09-29,-0.0010311490148786002
2026-09-30,-0.0004509855704820533
2026-10-01,-0.004082291766035358
2026-10-02,-0.002469986047351454
