date,ret
2005-01-03,9.087301587301587e-05
2005-01-04,9.126984126984126e-05
2005-01-05,9.087301587301587e-05
2005-01-06,9.007936507936508e-05
2005-01-07,9.047619047619046e-05
2005-01-10,9.246031746031747e-05
2005-01-11,9.166666666666667e-05
2005-01-12,9.126984126984126e-05
2005-01-13,9.166666666666667e-05
2005-01-14,9.206349206349206e-05
2005-01-18,9.365079365079364e-05
2005-01-19,9.246031746031747e-05
2005-01-20,9.166666666666667e-05
2005-01-21,9.166666666666667e-05
2005-01-24,9.285714285714285e-05
2005-01-25,9.365079365079364e-05
2005-01-26,9.404761904761906e-05
2005-01-27,9.523809523809524e-05
2005-01-28,9.563492063492063e-05
2005-01-31,9.841269841269841e-05
2005-02-01,9.801587301587303e-05
2005-02-02,9.801587301587303e-05
2005-02-03,9.682539682539682e-05
2005-02-04,9.642857142857143e-05
2005-02-07,9.841269841269841e-05
2005-02-08,9.841269841269841e-05
2005-02-09,9.801587301587303e-05
2005-02-10,9.801587301587303e-05
2005-02-11,9.92063492063492e-05
2005-02-14,0.00010119047619047618
2005-02-15,0.00010119047619047618
2005-02-16,0.0001003968253968254
2005-02-17,0.0001003968253968254
2005-02-18,0.00010158730158730159
2005-02-22,0.00010436507936507936
2005-02-23,0.00010436507936507936
2005-02-24,0.00010476190476190476
2005-02-25,0.00010674603174603174
2005-02-28,0.00010793650793650795
2005-03-01,0.00010714285714285715
2005-03-02,0.00010634920634920635
2005-03-03,0.00010714285714285715
2005-03-04,0.00010714285714285715
2005-03-07,0.00010753968253968253
2005-03-08,0.00010714285714285715
2005-03-09,0.00010714285714285715
2005-03-10,0.00010674603174603174
2005-03-11,0.00010714285714285715
2005-03-14,0.00010912698412698413
2005-03-15,0.00010912698412698413
2005-03-16,0.00010873015873015873
2005-03-17,0.00010833333333333334
2005-03-18,0.00010912698412698413
2005-03-21,0.0001111111111111111
2005-03-22,0.00011230158730158731
2005-03-23,0.00010992063492063491
2005-03-24,0.0001103174603174603
2005-03-28,0.00011071428571428572
2005-03-29,0.0001103174603174603
2005-03-30,0.00010992063492063491
2005-03-31,0.00010833333333333334
2005-04-01,0.00010873015873015873
2005-04-04,0.00010912698412698413
2005-04-05,0.00010873015873015873
2005-04-06,0.00010753968253968253
2005-04-07,0.00010753968253968253
2005-04-08,0.00010833333333333334
2005-04-11,0.00010753968253968253
2005-04-12,0.00010753968253968253
2005-04-13,0.00010793650793650795
2005-04-14,0.00010793650793650795
2005-04-15,0.00010833333333333334
2005-04-18,0.0001130952380952381
2005-04-19,0.0001130952380952381
2005-04-20,0.00011150793650793651
2005-04-21,0.0001119047619047619
2005-04-22,0.00011388888888888889
2005-04-25,0.00011428571428571428
2005-04-26,0.0001134920634920635
2005-04-27,0.00011230158730158731
2005-04-28,0.0001119047619047619
2005-04-29,0.00011269841269841269
2005-05-02,0.00011428571428571428
2005-05-03,0.0001130952380952381
2005-05-04,0.00011150793650793651
2005-05-05,0.00010912698412698413
2005-05-06,0.0001111111111111111
2005-05-09,0.0001134920634920635
2005-05-10,0.00011269841269841269
2005-05-11,0.00011150793650793651
2005-05-12,0.0001119047619047619
2005-05-13,0.00010952380952380952
2005-05-16,0.00011269841269841269
2005-05-17,0.0001119047619047619
2005-05-18,0.0001111111111111111
2005-05-19,0.00011150793650793651
2005-05-20,0.00011230158730158731
2005-05-23,0.00011547619047619047
2005-05-24,0.00011428571428571428
2005-05-25,0.00011468253968253969
2005-05-26,0.00011428571428571428
2005-05-27,0.00011507936507936507
2005-05-31,0.00011626984126984129
2005-06-01,0.00011547619047619047
2005-06-02,0.00011547619047619047
2005-06-03,0.00011666666666666667
2005-06-06,0.00011746031746031746
2005-06-07,0.00011746031746031746
2005-06-08,0.00011746031746031746
2005-06-09,0.00011626984126984129
2005-06-10,0.00011666666666666667
2005-06-13,0.00011785714285714286
2005-06-14,0.00011706349206349207
2005-06-15,0.00011666666666666667
2005-06-16,0.00011547619047619047
2005-06-17,0.00011587301587301588
2005-06-20,0.00011746031746031746
2005-06-21,0.00011746031746031746
2005-06-22,0.00011785714285714286
2005-06-23,0.00011904761904761905
2005-06-24,0.00011984126984126985
2005-06-27,0.0001226190476190476
2005-06-28,0.00012222222222222221
2005-06-29,0.00012142857142857144
2005-06-30,0.00012142857142857144
2005-07-01,0.00012301587301587303
2005-07-05,0.000125
2005-07-06,0.0001238095238095238
2005-07-07,0.00012222222222222221
2005-07-08,0.00012301587301587303
2005-07-11,0.00012420634920634922
2005-07-12,0.00012460317460317462
2005-07-13,0.000125
2005-07-14,0.0001253968253968254
2005-07-15,0.0001261904761904762
2005-07-18,0.0001281746031746032
2005-07-19,0.0001285714285714286
2005-07-20,0.0001281746031746032
2005-07-21,0.00012976190476190477
2005-07-22,0.00013095238095238096
2005-07-25,0.00013373015873015875
2005-07-26,0.0001333333333333333
2005-07-27,0.00013214285714285715
2005-07-28,0.00013214285714285715
2005-07-29,0.00013253968253968253
2005-08-01,0.00013531746031746032
2005-08-02,0.00013531746031746032
2005-08-03,0.00013412698412698412
2005-08-04,0.00013452380952380953
2005-08-05,0.0001365079365079365
2005-08-08,0.0001376984126984127
2005-08-09,0.0001365079365079365
2005-08-10,0.00013611111111111113
2005-08-11,0.00013611111111111113
2005-08-12,0.0001365079365079365
2005-08-15,0.0001376984126984127
2005-08-16,0.0001373015873015873
2005-08-17,0.0001365079365079365
2005-08-18,0.00013571428571428572
2005-08-19,0.0001365079365079365
2005-08-22,0.0001373015873015873
2005-08-23,0.0001373015873015873
2005-08-24,0.0001369047619047619
2005-08-25,0.0001373015873015873
2005-08-26,0.0001376984126984127
2005-08-29,0.0001376984126984127
2005-08-30,0.0001373015873015873
2005-08-31,0.0001365079365079365
2005-09-01,0.00013492063492063494
2005-09-02,0.00013412698412698412
2005-09-06,0.0001369047619047619
2005-09-07,0.00013531746031746032
2005-09-08,0.00013492063492063494
2005-09-09,0.00013531746031746032
2005-09-12,0.0001365079365079365
2005-09-13,0.00013492063492063494
2005-09-14,0.00013293650793650793
2005-09-15,0.00013373015873015875
2005-09-16,0.00013571428571428572
2005-09-19,0.0001392857142857143
2005-09-20,0.00014047619047619049
2005-09-21,0.00013253968253968253
2005-09-22,0.00013452380952380953
2005-09-23,0.00013492063492063494
2005-09-26,0.0001373015873015873
2005-09-27,0.00013571428571428572
2005-09-28,0.00013452380952380953
2005-09-29,0.0001373015873015873
2005-09-30,0.0001376984126984127
2005-10-03,0.00014047619047619049
2005-10-04,0.00014087301587301586
2005-10-05,0.0001388888888888889
2005-10-06,0.0001396825396825397
2005-10-07,0.00014047619047619049
2005-10-10,0.00014047619047619049
2005-10-11,0.00014484126984126984
2005-10-12,0.00014365079365079365
2005-10-13,0.00014523809523809525
2005-10-14,0.00014642857142857144
2005-10-17,0.00015000000000000001
2005-10-18,0.00014960317460317458
2005-10-19,0.00014960317460317458
2005-10-20,0.00014920634920634917
2005-10-21,0.00014960317460317458
2005-10-24,0.00015238095238095237
2005-10-25,0.00015238095238095237
2005-10-26,0.0001511904761904762
2005-10-27,0.00015039682539682542
2005-10-28,0.000151984126984127
2005-10-31,0.00015436507936507937
2005-11-01,0.00015357142857142856
2005-11-02,0.00015277777777777777
2005-11-03,0.00015277777777777777
2005-11-04,0.00015396825396825397
2005-11-07,0.00015357142857142856
2005-11-08,0.00015357142857142856
2005-11-09,0.00015476190476190475
2005-11-10,0.00015396825396825397
2005-11-11,0.00015396825396825397
2005-11-14,0.00015595238095238097
2005-11-15,0.00015555555555555556
2005-11-16,0.00015515873015873016
2005-11-17,0.00015555555555555556
2005-11-18,0.00015515873015873016
2005-11-21,0.00015515873015873016
2005-11-22,0.00015238095238095237
2005-11-23,0.00015317460317460315
2005-11-25,0.00015317460317460315
2005-11-28,0.00015436507936507937
2005-11-29,0.00015436507936507937
2005-11-30,0.00015317460317460315
2005-12-01,0.00015396825396825397
2005-12-02,0.00015476190476190475
2005-12-05,0.00015674603174603175
2005-12-06,0.00015674603174603175
2005-12-07,0.00015634920634920635
2005-12-08,0.00015277777777777777
2005-12-09,0.00015277777777777777
2005-12-12,0.000151984126984127
2005-12-13,0.000151984126984127
2005-12-14,0.0001511904761904762
2005-12-15,0.00015238095238095237
2005-12-16,0.00015238095238095237
2005-12-19,0.00015436507936507937
2005-12-20,0.00015396825396825397
2005-12-21,0.00015476190476190475
2005-12-22,0.00015436507936507937
2005-12-23,0.00015476190476190475
2005-12-27,0.00015476190476190475
2005-12-28,0.00015357142857142856
2005-12-29,0.00015555555555555556
2005-12-30,0.00015833333333333335
2006-01-03,0.00016150793650793652
2006-01-04,0.0001623015873015873
2006-01-05,0.00016269841269841268
2006-01-06,0.0001634920634920635
2006-01-09,0.00016428571428571428
2006-01-10,0.0001662698412698413
2006-01-11,0.0001666666666666667
2006-01-12,0.00016746031746031745
2006-01-13,0.00016785714285714288
2006-01-17,0.00016984126984126986
2006-01-18,0.00016865079365079366
2006-01-19,0.00016865079365079366
2006-01-20,0.00016865079365079366
2006-01-23,0.00016984126984126986
2006-01-24,0.0001706349206349206
2006-01-25,0.00017142857142857143
2006-01-26,0.00017222222222222224
2006-01-27,0.00017222222222222224
2006-01-30,0.0001738095238095238
2006-01-31,0.00017341269841269843
2006-02-01,0.00017341269841269843
2006-02-02,0.00017341269841269843
2006-02-03,0.00017341269841269843
2006-02-06,0.0001738095238095238
2006-02-07,0.00017420634920634919
2006-02-08,0.00017460317460317462
2006-02-09,0.000175
2006-02-10,0.00017539682539682538
2006-02-13,0.0001765873015873016
2006-02-14,0.0001765873015873016
2006-02-15,0.0001761904761904762
2006-02-16,0.0001761904761904762
2006-02-17,0.00017579365079365078
2006-02-21,0.00017698412698412697
2006-02-22,0.00017698412698412697
2006-02-23,0.0001777777777777778
2006-02-24,0.0001781746031746032
2006-02-27,0.00017896825396825398
2006-02-28,0.00017896825396825398
2006-03-01,0.0001781746031746032
2006-03-02,0.00017857142857142857
2006-03-03,0.00017857142857142857
2006-03-06,0.0001781746031746032
2006-03-07,0.0001781746031746032
2006-03-08,0.00017738095238095238
2006-03-09,0.0001777777777777778
2006-03-10,0.00017857142857142857
2006-03-13,0.00017857142857142857
2006-03-14,0.0001777777777777778
2006-03-15,0.00017896825396825398
2006-03-16,0.00017857142857142857
2006-03-17,0.00017936507936507936
2006-03-20,0.00018055555555555555
2006-03-21,0.00018134920634920636
2006-03-22,0.00018134920634920636
2006-03-23,0.00018055555555555555
2006-03-24,0.00018015873015873017
2006-03-27,0.00017896825396825398
2006-03-28,0.00017976190476190476
2006-03-29,0.00017896825396825398
2006-03-30,0.00017857142857142857
2006-03-31,0.00017936507936507936
2006-04-03,0.00018055555555555555
2006-04-04,0.00018095238095238093
2006-04-05,0.00018055555555555555
2006-04-06,0.00018095238095238093
2006-04-07,0.00018134920634920636
2006-04-10,0.00018174603174603174
2006-04-11,0.00018174603174603174
2006-04-12,0.00018174603174603174
2006-04-13,0.00018174603174603174
2006-04-17,0.00018293650793650796
2006-04-18,0.00018293650793650796
2006-04-19,0.00018293650793650796
2006-04-20,0.00018293650793650796
2006-04-21,0.00018373015873015874
2006-04-24,0.00018412698412698412
2006-04-25,0.0001853174603174603
2006-04-26,0.0001853174603174603
2006-04-27,0.00018492063492063493
2006-04-28,0.00018452380952380955
2006-05-01,0.0001865079365079365
2006-05-02,0.00018611111111111112
2006-05-03,0.0001865079365079365
2006-05-04,0.0001857142857142857
2006-05-05,0.0001865079365079365
2006-05-08,0.0001884920634920635
2006-05-09,0.00018888888888888888
2006-05-10,0.00018888888888888888
2006-05-11,0.0001865079365079365
2006-05-12,0.0001873015873015873
2006-05-15,0.00018809523809523813
2006-05-16,0.0001869047619047619
2006-05-17,0.0001869047619047619
2006-05-18,0.0001869047619047619
2006-05-19,0.0001865079365079365
2006-05-22,0.0001869047619047619
2006-05-23,0.0001873015873015873
2006-05-24,0.0001865079365079365
2006-05-25,0.0001865079365079365
2006-05-26,0.0001873015873015873
2006-05-30,0.0001873015873015873
2006-05-31,0.00018809523809523813
2006-06-01,0.0001869047619047619
2006-06-02,0.00018611111111111112
2006-06-05,0.0001876984126984127
2006-06-06,0.00018809523809523813
2006-06-07,0.00018809523809523813
2006-06-08,0.00018809523809523813
2006-06-09,0.0001884920634920635
2006-06-12,0.00019087301587301586
2006-06-13,0.00018928571428571426
2006-06-14,0.00018928571428571426
2006-06-15,0.0001873015873015873
2006-06-16,0.0001884920634920635
2006-06-19,0.00019087301587301586
2006-06-20,0.00019047619047619048
2006-06-21,0.00019007936507936508
2006-06-22,0.00019007936507936508
2006-06-23,0.00019206349206349205
2006-06-26,0.00019484126984126987
2006-06-27,0.00019523809523809525
2006-06-28,0.00019365079365079365
2006-06-29,0.00019365079365079365
2006-06-30,0.00019325396825396824
2006-07-03,0.00019682539682539682
2006-07-05,0.00019365079365079365
2006-07-06,0.00019325396825396824
2006-07-07,0.00019404761904761905
2006-07-10,0.00019563492063492062
2006-07-11,0.00019523809523809525
2006-07-12,0.00019563492063492062
2006-07-13,0.00019523809523809525
2006-07-14,0.00019563492063492062
2006-07-17,0.00019761904761904763
2006-07-18,0.0001984126984126984
2006-07-19,0.00019761904761904763
2006-07-20,0.00019642857142857144
2006-07-21,0.00019682539682539682
2006-07-24,0.0001972222222222222
2006-07-25,0.0001984126984126984
2006-07-26,0.00019761904761904763
2006-07-27,0.0001972222222222222
2006-07-28,0.00019603174603174606
2006-07-31,0.0001972222222222222
2006-08-01,0.000198015873015873
2006-08-02,0.0001972222222222222
2006-08-03,0.00019761904761904763
2006-08-04,0.00019682539682539682
2006-08-07,0.000198015873015873
2006-08-08,0.0001972222222222222
2006-08-09,0.00019603174603174606
2006-08-10,0.00019523809523809525
2006-08-11,0.00019603174603174606
2006-08-14,0.000198015873015873
2006-08-15,0.0001972222222222222
2006-08-16,0.00019603174603174606
2006-08-17,0.00019682539682539682
2006-08-18,0.0001972222222222222
2006-08-21,0.00019761904761904763
2006-08-22,0.0001972222222222222
2006-08-23,0.00019682539682539682
2006-08-24,0.00019682539682539682
2006-08-25,0.00019761904761904763
2006-08-28,0.0001972222222222222
2006-08-29,0.00019603174603174606
2006-08-30,0.00019523809523809525
2006-08-31,0.00019523809523809525
2006-09-01,0.00019404761904761905
2006-09-05,0.00019325396825396824
2006-09-06,0.00019206349206349205
2006-09-07,0.00019206349206349205
2006-09-08,0.00019047619047619048
2006-09-11,0.00019087301587301586
2006-09-12,0.0001896825396825397
2006-09-13,0.00019007936507936508
2006-09-14,0.00019126984126984127
2006-09-15,0.00019166666666666667
2006-09-18,0.00019126984126984127
2006-09-19,0.00019126984126984127
2006-09-20,0.00019087301587301586
2006-09-21,0.00019007936507936508
2006-09-22,0.00019047619047619048
2006-09-25,0.00018888888888888888
2006-09-26,0.00018888888888888888
2006-09-27,0.00018888888888888888
2006-09-28,0.0001884920634920635
2006-09-29,0.00018928571428571426
2006-10-02,0.00018888888888888888
2006-10-03,0.0001896825396825397
2006-10-04,0.00019047619047619048
2006-10-05,0.00019087301587301586
2006-10-06,0.00019126984126984127
2006-10-09,0.00019126984126984127
2006-10-10,0.00019325396825396824
2006-10-11,0.00019404761904761905
2006-10-12,0.00019563492063492062
2006-10-13,0.00019523809523809525
2006-10-16,0.00019682539682539682
2006-10-17,0.00019682539682539682
2006-10-18,0.00019682539682539682
2006-10-19,0.0001972222222222222
2006-10-20,0.00019682539682539682
2006-10-23,0.000198015873015873
2006-10-24,0.0001984126984126984
2006-10-25,0.000198015873015873
2006-10-26,0.000198015873015873
2006-10-27,0.00019761904761904763
2006-10-30,0.0001972222222222222
2006-10-31,0.00019642857142857144
2006-11-01,0.00019603174603174606
2006-11-02,0.00019603174603174606
2006-11-03,0.00019682539682539682
2006-11-06,0.00019682539682539682
2006-11-07,0.00019642857142857144
2006-11-08,0.0001972222222222222
2006-11-09,0.00019682539682539682
2006-11-10,0.0001972222222222222
2006-11-13,0.00019682539682539682
2006-11-14,0.00019682539682539682
2006-11-15,0.00019682539682539682
2006-11-16,0.00019682539682539682
2006-11-17,0.00019682539682539682
2006-11-20,0.00019642857142857144
2006-11-21,0.00019603174603174606
2006-11-22,0.00019523809523809525
2006-11-24,0.00019484126984126987
2006-11-27,0.00019523809523809525
2006-11-28,0.00019484126984126987
2006-11-29,0.00019484126984126987
2006-11-30,0.00019444444444444446
2006-12-01,0.00019444444444444446
2006-12-04,0.00019365079365079365
2006-12-05,0.00019285714285714286
2006-12-06,0.00019285714285714286
2006-12-07,0.00019246031746031743
2006-12-08,0.00019206349206349205
2006-12-11,0.00019087301587301586
2006-12-12,0.00019087301587301586
2006-12-13,0.00019126984126984127
2006-12-14,0.00019166666666666667
2006-12-15,0.00019007936507936508
2006-12-18,0.00019206349206349205
2006-12-19,0.00019206349206349205
2006-12-20,0.00019206349206349205
2006-12-21,0.00019206349206349205
2006-12-22,0.00019285714285714286
2006-12-26,0.00019325396825396824
2006-12-27,0.00019246031746031743
2006-12-28,0.00019325396825396824
2006-12-29,0.00019404761904761905
2007-01-03,0.00019523809523809525
2007-01-04,0.00019484126984126987
2007-01-05,0.00019523809523809525
2007-01-08,0.00019642857142857144
2007-01-09,0.00019642857142857144
2007-01-10,0.00019682539682539682
2007-01-11,0.00019761904761904763
2007-01-12,0.00019682539682539682
2007-01-16,0.00019761904761904763
2007-01-17,0.000198015873015873
2007-01-18,0.000198015873015873
2007-01-19,0.0001988095238095238
2007-01-22,0.0001984126984126984
2007-01-23,0.0001988095238095238
2007-01-24,0.0001984126984126984
2007-01-25,0.0001988095238095238
2007-01-26,0.0001984126984126984
2007-01-29,0.0001988095238095238
2007-01-30,0.0001984126984126984
2007-01-31,0.000198015873015873
2007-02-01,0.0001984126984126984
2007-02-02,0.0001988095238095238
2007-02-05,0.0001992063492063492
2007-02-06,0.0001988095238095238
2007-02-07,0.0001992063492063492
2007-02-08,0.00019960317460317463
2007-02-09,0.0001992063492063492
2007-02-12,0.0002
2007-02-13,0.00019960317460317463
2007-02-14,0.0001992063492063492
2007-02-15,0.00019960317460317463
2007-02-16,0.0002
2007-02-20,0.0002003968253968254
2007-02-21,0.0002
2007-02-22,0.0002003968253968254
2007-02-23,0.0002003968253968254
2007-02-26,0.0002003968253968254
2007-02-27,0.000198015873015873
2007-02-28,0.0001988095238095238
2007-03-01,0.0001984126984126984
2007-03-02,0.00019761904761904763
2007-03-05,0.0001972222222222222
2007-03-06,0.000198015873015873
2007-03-07,0.0001972222222222222
2007-03-08,0.00019642857142857144
2007-03-09,0.00019682539682539682
2007-03-12,0.00019682539682539682
2007-03-13,0.00019603174603174606
2007-03-14,0.00019523809523809525
2007-03-15,0.00019484126984126987
2007-03-16,0.00019444444444444446
2007-03-19,0.00019563492063492062
2007-03-20,0.00019523809523809525
2007-03-21,0.00019484126984126987
2007-03-22,0.00019523809523809525
2007-03-23,0.00019603174603174606
2007-03-26,0.00019563492063492062
2007-03-27,0.00019563492063492062
2007-03-28,0.00019523809523809525
2007-03-29,0.00019484126984126987
2007-03-30,0.00019444444444444446
2007-04-02,0.00019484126984126987
2007-04-03,0.00019484126984126987
2007-04-04,0.00019523809523809525
2007-04-05,0.00019444444444444446
2007-04-09,0.00019404761904761905
2007-04-10,0.00019404761904761905
2007-04-11,0.00019444444444444446
2007-04-12,0.00019404761904761905
2007-04-13,0.00019365079365079365
2007-04-16,0.00019365079365079365
2007-04-17,0.00019325396825396824
2007-04-18,0.00019285714285714286
2007-04-19,0.00019246031746031743
2007-04-20,0.00019246031746031743
2007-04-23,0.00019246031746031743
2007-04-24,0.00019206349206349205
2007-04-25,0.00019166666666666667
2007-04-26,0.00019126984126984127
2007-04-27,0.00019087301587301586
2007-04-30,0.00019007936507936508
2007-05-01,0.00018888888888888888
2007-05-02,0.00018928571428571426
2007-05-03,0.00018888888888888888
2007-05-04,0.00018888888888888888
2007-05-07,0.00018928571428571426
2007-05-08,0.00018888888888888888
2007-05-09,0.00018809523809523813
2007-05-10,0.0001876984126984127
2007-05-11,0.0001876984126984127
2007-05-14,0.0001876984126984127
2007-05-15,0.0001865079365079365
2007-05-16,0.00018333333333333334
2007-05-17,0.0001857142857142857
2007-05-18,0.0001865079365079365
2007-05-21,0.00018888888888888888
2007-05-22,0.00019007936507936508
2007-05-23,0.00018928571428571426
2007-05-24,0.00018928571428571426
2007-05-25,0.0001884920634920635
2007-05-29,0.00018888888888888888
2007-05-30,0.0001869047619047619
2007-05-31,0.00018253968253968252
2007-06-01,0.00018492063492063493
2007-06-04,0.0001857142857142857
2007-06-05,0.0001865079365079365
2007-06-06,0.0001853174603174603
2007-06-07,0.0001853174603174603
2007-06-08,0.00018412698412698412
2007-06-11,0.00018253968253968252
2007-06-12,0.00018214285714285712
2007-06-13,0.00017976190476190476
2007-06-14,0.00017936507936507936
2007-06-15,0.00017579365079365078
2007-06-18,0.00017896825396825398
2007-06-19,0.00017936507936507936
2007-06-20,0.00018293650793650796
2007-06-21,0.00018134920634920636
2007-06-22,0.00018214285714285712
2007-06-25,0.00018611111111111112
2007-06-26,0.00018611111111111112
2007-06-27,0.00018412698412698412
2007-06-28,0.00018412698412698412
2007-06-29,0.0001857142857142857
2007-07-02,0.00019087301587301586
2007-07-03,0.00019087301587301586
2007-07-05,0.00019087301587301586
2007-07-06,0.00019087301587301586
2007-07-09,0.00019166666666666667
2007-07-10,0.00019087301587301586
2007-07-11,0.00019087301587301586
2007-07-12,0.00019166666666666667
2007-07-13,0.00019166666666666667
2007-07-16,0.00019206349206349205
2007-07-17,0.00019126984126984127
2007-07-18,0.00019126984126984127
2007-07-19,0.00019206349206349205
2007-07-20,0.00019166666666666667
2007-07-23,0.00019365079365079365
2007-07-24,0.00019365079365079365
2007-07-25,0.00019246031746031743
2007-07-26,0.0001896825396825397
2007-07-27,0.0001873015873015873
2007-07-30,0.00019126984126984127
2007-07-31,0.00019126984126984127
2007-08-01,0.0001884920634920635
2007-08-02,0.0001884920634920635
2007-08-03,0.0001873015873015873
2007-08-06,0.00018809523809523813
2007-08-07,0.00019047619047619048
2007-08-08,0.00019087301587301586
2007-08-09,0.0001853174603174603
2007-08-10,0.0001761904761904762
2007-08-13,0.00018293650793650796
2007-08-14,0.00017896825396825398
2007-08-15,0.00016269841269841268
2007-08-16,0.00014642857142857144
2007-08-17,0.00014484126984126984
2007-08-20,0.00012222222222222221
2007-08-21,0.0001392857142857143
2007-08-22,0.00014206349206349206
2007-08-23,0.00015039682539682542
2007-08-24,0.00016388888888888887
2007-08-27,0.00017857142857142857
2007-08-28,0.00016984126984126986
2007-08-29,0.00015396825396825397
2007-08-30,0.00014841269841269842
2007-08-31,0.00015515873015873016
2007-09-04,0.00017261904761904762
2007-09-05,0.00016825396825396826
2007-09-06,0.00016587301587301585
2007-09-07,0.00015714285714285713
2007-09-10,0.00015317460317460315
2007-09-11,0.00015873015873015873
2007-09-12,0.00015595238095238097
2007-09-13,0.00015753968253968254
2007-09-14,0.00015476190476190475
2007-09-17,0.0001607142857142857
2007-09-18,0.00015515873015873016
2007-09-19,0.000151984126984127
2007-09-20,0.00014642857142857144
2007-09-21,0.00014444444444444446
2007-09-24,0.00014920634920634917
2007-09-25,0.00014682539682539685
2007-09-26,0.00014444444444444446
2007-09-27,0.00014365079365079365
2007-09-28,0.00014761904761904763
2007-10-01,0.000151984126984127
2007-10-02,0.00015317460317460315
2007-10-03,0.00015317460317460315
2007-10-04,0.00015277777777777777
2007-10-05,0.00015436507936507937
2007-10-08,0.00015436507936507937
2007-10-09,0.00015714285714285713
2007-10-10,0.00015674603174603175
2007-10-11,0.0001591269841269841
2007-10-12,0.0001623015873015873
2007-10-15,0.0001662698412698413
2007-10-16,0.00016428571428571428
2007-10-17,0.00015515873015873016
2007-10-18,0.00014523809523809525
2007-10-19,0.0001488095238095238
2007-10-22,0.00015476190476190475
2007-10-23,0.00015396825396825397
2007-10-24,0.0001488095238095238
2007-10-25,0.00015238095238095237
2007-10-26,0.00015317460317460315
2007-10-29,0.00015515873015873016
2007-10-30,0.00015317460317460315
2007-10-31,0.00015238095238095237
2007-11-01,0.00014722222222222223
2007-11-02,0.0001396825396825397
2007-11-05,0.00014365079365079365
2007-11-06,0.00014523809523809525
2007-11-07,0.00013492063492063494
2007-11-08,0.00013095238095238096
2007-11-09,0.00012658730158730157
2007-11-12,0.00012658730158730157
2007-11-13,0.00013531746031746032
2007-11-14,0.00013214285714285715
2007-11-15,0.00012777777777777776
2007-11-16,0.00013174603174603174
2007-11-19,0.00013174603174603174
2007-11-20,0.0001257936507936508
2007-11-21,0.00011984126984126985
2007-11-23,0.000125
2007-11-26,0.00012142857142857144
2007-11-27,0.00012222222222222221
2007-11-28,0.00011825396825396825
2007-11-29,0.00011587301587301588
2007-11-30,0.00012222222222222221
2007-12-03,0.00011865079365079367
2007-12-04,0.00011904761904761905
2007-12-05,0.00011904761904761905
2007-12-06,0.00011984126984126985
2007-12-07,0.00012063492063492063
2007-12-10,0.00011825396825396825
2007-12-11,0.00011388888888888889
2007-12-12,0.00011150793650793651
2007-12-13,0.0001111111111111111
2007-12-14,0.00011150793650793651
2007-12-17,0.00011944444444444444
2007-12-18,0.00011825396825396825
2007-12-19,0.0001130952380952381
2007-12-20,0.0001130952380952381
2007-12-21,0.00011587301587301588
2007-12-24,0.00012936507936507936
2007-12-26,0.0001285714285714286
2007-12-27,0.0001226190476190476
2007-12-28,0.00012301587301587303
2007-12-31,0.00013055555555555555
2008-01-02,0.0001261904761904762
2008-01-03,0.0001253968253968254
2008-01-04,0.0001238095238095238
2008-01-07,0.00012658730158730157
2008-01-08,0.0001257936507936508
2008-01-09,0.00012460317460317462
2008-01-10,0.0001253968253968254
2008-01-11,0.00011984126984126985
2008-01-14,0.0001234126984126984
2008-01-15,0.0001226190476190476
2008-01-16,0.00012142857142857144
2008-01-17,0.00011904761904761905
2008-01-18,0.00011071428571428572
2008-01-22,9.126984126984126e-05
2008-01-23,8.571428571428571e-05
2008-01-24,9.206349206349206e-05
2008-01-25,8.928571428571429e-05
2008-01-28,9.087301587301587e-05
2008-01-29,8.849206349206349e-05
2008-01-30,8.571428571428571e-05
2008-01-31,7.619047619047618e-05
2008-02-01,8.174603174603175e-05
2008-02-04,8.80952380952381e-05
2008-02-05,8.492063492063493e-05
2008-02-06,8.134920634920634e-05
2008-02-07,8.412698412698413e-05
2008-02-08,8.650793650793651e-05
2008-02-11,8.928571428571429e-05
2008-02-12,8.928571428571429e-05
2008-02-13,8.80952380952381e-05
2008-02-14,8.968253968253968e-05
2008-02-15,8.571428571428571e-05
2008-02-19,8.849206349206349e-05
2008-02-20,8.730158730158731e-05
2008-02-21,8.53174603174603e-05
2008-02-22,8.53174603174603e-05
2008-02-25,8.53174603174603e-05
2008-02-26,8.293650793650792e-05
2008-02-27,7.698412698412698e-05
2008-02-28,7.380952380952382e-05
2008-02-29,7.182539682539683e-05
2008-03-03,6.626984126984126e-05
2008-03-04,6.468253968253968e-05
2008-03-05,5.9523809523809524e-05
2008-03-06,5.436507936507937e-05
2008-03-07,5.634920634920634e-05
2008-03-10,5.2777777777777784e-05
2008-03-11,5.7539682539682534e-05
2008-03-12,5.7539682539682534e-05
2008-03-13,5.2777777777777784e-05
2008-03-14,4.603174603174603e-05
2008-03-17,4.3253968253968256e-05
2008-03-18,3.6111111111111116e-05
2008-03-19,2.380952380952381e-05
2008-03-20,2.4603174603174602e-05
2008-03-24,4.880952380952381e-05
2008-03-25,5.0396825396825395e-05
2008-03-26,5.0396825396825395e-05
2008-03-27,5.0793650793650794e-05
2008-03-28,5.1984126984126985e-05
2008-03-31,5.3968253968253975e-05
2008-04-01,5.476190476190476e-05
2008-04-02,5.515873015873015e-05
2008-04-03,5.476190476190476e-05
2008-04-04,5.2777777777777784e-05
2008-04-07,5.674603174603175e-05
2008-04-08,5.515873015873015e-05
2008-04-09,5.1190476190476193e-05
2008-04-10,4.96031746031746e-05
2008-04-11,4.642857142857142e-05
2008-04-14,4.2460317460317464e-05
2008-04-15,4.3253968253968256e-05
2008-04-16,4.404761904761905e-05
2008-04-17,4.801587301587301e-05
2008-04-18,5.238095238095238e-05
2008-04-21,5.2777777777777784e-05
2008-04-22,5e-05
2008-04-23,4.9206349206349204e-05
2008-04-24,4.9206349206349204e-05
2008-04-25,5.1984126984126985e-05
2008-04-28,5.634920634920634e-05
2008-04-29,5.714285714285714e-05
2008-04-30,5.595238095238095e-05
2008-05-01,5.634920634920634e-05
2008-05-02,5.833333333333333e-05
2008-05-05,5.992063492063492e-05
2008-05-06,6.349206349206349e-05
2008-05-07,6.507936507936507e-05
2008-05-08,6.468253968253968e-05
2008-05-09,6.587301587301587e-05
2008-05-12,6.904761904761904e-05
2008-05-13,7.142857142857143e-05
2008-05-14,7.103174603174603e-05
2008-05-15,7.142857142857143e-05
2008-05-16,7.182539682539683e-05
2008-05-19,7.103174603174603e-05
2008-05-20,7.261904761904762e-05
2008-05-21,7.261904761904762e-05
2008-05-22,7.261904761904762e-05
2008-05-23,7.222222222222223e-05
2008-05-27,7.380952380952382e-05
2008-05-28,7.380952380952382e-05
2008-05-29,7.420634920634921e-05
2008-05-30,7.341269841269842e-05
2008-06-02,7.222222222222223e-05
2008-06-03,7.222222222222223e-05
2008-06-04,7.182539682539683e-05
2008-06-05,7.222222222222223e-05
2008-06-06,7.182539682539683e-05
2008-06-09,7.380952380952382e-05
2008-06-10,7.857142857142857e-05
2008-06-11,7.619047619047618e-05
2008-06-12,7.777777777777778e-05
2008-06-13,7.738095238095238e-05
2008-06-16,8.095238095238096e-05
2008-06-17,7.777777777777778e-05
2008-06-18,7.500000000000001e-05
2008-06-19,7.420634920634921e-05
2008-06-20,7.261904761904762e-05
2008-06-23,7.341269841269842e-05
2008-06-24,7.142857142857143e-05
2008-06-25,7.063492063492064e-05
2008-06-26,6.746031746031747e-05
2008-06-27,6.507936507936507e-05
2008-06-30,7.420634920634921e-05
2008-07-01,7.301587301587302e-05
2008-07-02,7.103174603174603e-05
2008-07-03,7.182539682539683e-05
2008-07-07,7.301587301587302e-05
2008-07-08,7.261904761904762e-05
2008-07-09,7.103174603174603e-05
2008-07-10,6.507936507936507e-05
2008-07-11,6.26984126984127e-05
2008-07-14,5.9523809523809524e-05
2008-07-15,5.436507936507937e-05
2008-07-16,5.3571428571428575e-05
2008-07-17,5.555555555555555e-05
2008-07-18,5.7539682539682534e-05
2008-07-21,5.793650793650794e-05
2008-07-22,6.0317460317460316e-05
2008-07-23,6.19047619047619e-05
2008-07-24,6.42857142857143e-05
2008-07-25,6.785714285714286e-05
2008-07-28,6.746031746031747e-05
2008-07-29,6.706349206349206e-05
2008-07-30,6.626984126984126e-05
2008-07-31,6.547619047619048e-05
2008-08-01,6.468253968253968e-05
2008-08-04,6.825396825396825e-05
2008-08-05,6.825396825396825e-05
2008-08-06,6.388888888888888e-05
2008-08-07,6.468253968253968e-05
2008-08-08,6.626984126984126e-05
2008-08-11,7.301587301587302e-05
2008-08-12,7.261904761904762e-05
2008-08-13,7.222222222222223e-05
2008-08-14,7.341269841269842e-05
2008-08-15,7.182539682539683e-05
2008-08-18,7.103174603174603e-05
2008-08-19,7.023809523809524e-05
2008-08-20,6.666666666666666e-05
2008-08-21,6.706349206349206e-05
2008-08-22,6.626984126984126e-05
2008-08-25,6.785714285714286e-05
2008-08-26,6.666666666666666e-05
2008-08-27,6.507936507936507e-05
2008-08-28,6.785714285714286e-05
2008-08-29,6.706349206349206e-05
2008-09-02,6.706349206349206e-05
2008-09-03,6.626984126984126e-05
2008-09-04,6.587301587301587e-05
2008-09-05,6.547619047619048e-05
2008-09-08,6.706349206349206e-05
2008-09-09,6.468253968253968e-05
2008-09-10,6.42857142857143e-05
2008-09-11,6.26984126984127e-05
2008-09-12,5.793650793650794e-05
2008-09-15,4.0873015873015874e-05
2008-09-16,3.333333333333333e-05
2008-09-17,1.1904761904761904e-06
2008-09-18,9.126984126984127e-06
2008-09-19,3.849206349206349e-05
2008-09-22,5.1190476190476193e-05
2008-09-23,3.214285714285715e-05
2008-09-24,1.984126984126984e-05
2008-09-25,2.9761904761904762e-05
2008-09-26,3.412698412698413e-05
2008-09-29,3.809523809523809e-05
2008-09-30,3.571428571428572e-05
2008-10-01,3.333333333333333e-05
2008-10-02,2.4603174603174602e-05
2008-10-03,1.984126984126984e-05
2008-10-06,2.1428571428571428e-05
2008-10-07,3.214285714285715e-05
2008-10-08,2.6587301587301588e-05
2008-10-09,2.3015873015873015e-05
2008-10-10,9.523809523809523e-06
2008-10-13,9.523809523809523e-06
2008-10-14,1.3492063492063494e-05
2008-10-15,8.730158730158731e-06
2008-10-16,1.785714285714286e-05
2008-10-17,3.1746031746031745e-05
2008-10-20,4.9206349206349204e-05
2008-10-21,4.3253968253968256e-05
2008-10-22,4.0873015873015874e-05
2008-10-23,3.809523809523809e-05
2008-10-24,3.412698412698413e-05
2008-10-27,3.333333333333333e-05
2008-10-28,3.0158730158730158e-05
2008-10-29,2.4206349206349206e-05
2008-10-30,1.5873015873015872e-05
2008-10-31,1.7460317460317463e-05
2008-11-03,1.9444444444444445e-05
2008-11-04,1.9047619047619046e-05
2008-11-05,1.5476190476190476e-05
2008-11-06,1.2301587301587301e-05
2008-11-07,1.1904761904761905e-05
2008-11-10,1.1507936507936508e-05
2008-11-11,1.1507936507936508e-05
2008-11-12,7.142857142857143e-06
2008-11-13,8.333333333333332e-06
2008-11-14,5.555555555555557e-06
2008-11-17,4.7619047619047615e-06
2008-11-18,4.7619047619047615e-06
2008-11-19,2.7777777777777783e-06
2008-11-20,1.1904761904761904e-06
2008-11-21,7.936507936507937e-07
2008-11-24,5.158730158730158e-06
2008-11-25,3.968253968253968e-06
2008-11-26,1.984126984126984e-06
2008-11-28,3.9682539682539683e-07
2008-12-01,2.7777777777777783e-06
2008-12-02,2.3809523809523808e-06
2008-12-03,7.936507936507937e-07
2008-12-04,7.936507936507937e-07
2008-12-05,7.936507936507937e-07
2008-12-08,1.1904761904761904e-06
2008-12-09,1.1904761904761904e-06
2008-12-10,0.0
2008-12-11,3.9682539682539683e-07
2008-12-12,7.936507936507937e-07
2008-12-15,1.5873015873015873e-06
2008-12-16,1.5873015873015873e-06
2008-12-17,1.984126984126984e-06
2008-12-18,0.0
2008-12-19,7.936507936507937e-07
2008-12-22,3.9682539682539683e-07
2008-12-23,7.936507936507937e-07
2008-12-24,0.0
2008-12-26,1.1904761904761904e-06
2008-12-29,2.3809523809523808e-06
2008-12-30,3.968253968253968e-06
2008-12-31,4.365079365079366e-06
2009-01-02,3.1746031746031746e-06
2009-01-05,5.555555555555557e-06
2009-01-06,5.555555555555557e-06
2009-01-07,4.365079365079366e-06
2009-01-08,3.5714285714285714e-06
2009-01-09,2.7777777777777783e-06
2009-01-12,4.7619047619047615e-06
2009-01-13,4.365079365079366e-06
2009-01-14,4.7619047619047615e-06
2009-01-15,4.365079365079366e-06
2009-01-16,4.7619047619047615e-06
2009-01-20,5.158730158730158e-06
2009-01-21,4.365079365079366e-06
2009-01-22,3.968253968253968e-06
2009-01-23,4.365079365079366e-06
2009-01-26,5.9523809523809525e-06
2009-01-27,5.158730158730158e-06
2009-01-28,7.5396825396825394e-06
2009-01-29,9.126984126984127e-06
2009-01-30,9.523809523809523e-06
2009-02-02,1.0714285714285714e-05
2009-02-03,1.2698412698412699e-05
2009-02-04,1.1904761904761905e-05
2009-02-05,1.1507936507936508e-05
2009-02-06,1.1111111111111113e-05
2009-02-09,1.2698412698412699e-05
2009-02-10,1.2301587301587301e-05
2009-02-11,1.1904761904761905e-05
2009-02-12,1.1507936507936508e-05
2009-02-13,1.1507936507936508e-05
2009-02-17,1.2698412698412699e-05
2009-02-18,1.2301587301587301e-05
2009-02-19,1.1904761904761905e-05
2009-02-20,1.0714285714285714e-05
2009-02-23,1.1904761904761905e-05
2009-02-24,1.2698412698412699e-05
2009-02-25,1.1904761904761905e-05
2009-02-26,1.0714285714285714e-05
2009-02-27,1.0317460317460317e-05
2009-03-02,1.1111111111111113e-05
2009-03-03,1.0714285714285714e-05
2009-03-04,1.0317460317460317e-05
2009-03-05,7.936507936507936e-06
2009-03-06,7.936507936507936e-06
2009-03-09,9.126984126984127e-06
2009-03-10,9.523809523809523e-06
2009-03-11,9.126984126984127e-06
2009-03-12,8.333333333333332e-06
2009-03-13,7.5396825396825394e-06
2009-03-16,9.523809523809523e-06
2009-03-17,9.523809523809523e-06
2009-03-18,8.333333333333332e-06
2009-03-19,7.936507936507936e-06
2009-03-20,8.333333333333332e-06
2009-03-23,8.730158730158731e-06
2009-03-24,8.333333333333332e-06
2009-03-25,7.5396825396825394e-06
2009-03-26,5.9523809523809525e-06
2009-03-27,5.158730158730158e-06
2009-03-30,7.142857142857143e-06
2009-03-31,8.333333333333332e-06
2009-04-01,8.730158730158731e-06
2009-04-02,8.730158730158731e-06
2009-04-03,8.333333333333332e-06
2009-04-06,7.936507936507936e-06
2009-04-07,7.936507936507936e-06
2009-04-08,7.142857142857143e-06
2009-04-09,7.142857142857143e-06
2009-04-13,7.142857142857143e-06
2009-04-14,6.746031746031747e-06
2009-04-15,5.9523809523809525e-06
2009-04-16,5.158730158730158e-06
2009-04-17,5.555555555555557e-06
2009-04-20,5.555555555555557e-06
2009-04-21,5.9523809523809525e-06
2009-04-22,5.555555555555557e-06
2009-04-23,3.968253968253968e-06
2009-04-24,3.968253968253968e-06
2009-04-27,5.158730158730158e-06
2009-04-28,5.158730158730158e-06
2009-04-29,4.365079365079366e-06
2009-04-30,5.555555555555557e-06
2009-05-01,5.9523809523809525e-06
2009-05-04,7.5396825396825394e-06
2009-05-05,7.5396825396825394e-06
2009-05-06,7.5396825396825394e-06
2009-05-07,7.142857142857143e-06
2009-05-08,7.142857142857143e-06
2009-05-11,7.5396825396825394e-06
2009-05-12,7.5396825396825394e-06
2009-05-13,6.746031746031747e-06
2009-05-14,6.349206349206349e-06
2009-05-15,6.746031746031747e-06
2009-05-18,7.5396825396825394e-06
2009-05-19,7.142857142857143e-06
2009-05-20,7.142857142857143e-06
2009-05-21,7.5396825396825394e-06
2009-05-22,7.142857142857143e-06
2009-05-26,7.142857142857143e-06
2009-05-27,6.746031746031747e-06
2009-05-28,5.9523809523809525e-06
2009-05-29,5.555555555555557e-06
2009-06-01,5.158730158730158e-06
2009-06-02,5.555555555555557e-06
2009-06-03,5.555555555555557e-06
2009-06-04,5.555555555555557e-06
2009-06-05,7.5396825396825394e-06
2009-06-08,7.5396825396825394e-06
2009-06-09,7.5396825396825394e-06
2009-06-10,7.142857142857143e-06
2009-06-11,7.5396825396825394e-06
2009-06-12,7.142857142857143e-06
2009-06-15,6.746031746031747e-06
2009-06-16,6.746031746031747e-06
2009-06-17,6.746031746031747e-06
2009-06-18,7.142857142857143e-06
2009-06-19,7.142857142857143e-06
2009-06-22,7.936507936507936e-06
2009-06-23,7.936507936507936e-06
2009-06-24,7.5396825396825394e-06
2009-06-25,7.142857142857143e-06
2009-06-26,7.5396825396825394e-06
2009-06-29,7.936507936507936e-06
2009-06-30,7.5396825396825394e-06
2009-07-01,6.746031746031747e-06
2009-07-02,6.746031746031747e-06
2009-07-06,7.5396825396825394e-06
2009-07-07,7.5396825396825394e-06
2009-07-08,7.142857142857143e-06
2009-07-09,7.5396825396825394e-06
2009-07-10,7.142857142857143e-06
2009-07-13,7.142857142857143e-06
2009-07-14,7.142857142857143e-06
2009-07-15,7.142857142857143e-06
2009-07-16,7.5396825396825394e-06
2009-07-17,6.746031746031747e-06
2009-07-20,7.5396825396825394e-06
2009-07-21,7.5396825396825394e-06
2009-07-22,7.5396825396825394e-06
2009-07-23,7.5396825396825394e-06
2009-07-24,7.142857142857143e-06
2009-07-27,7.5396825396825394e-06
2009-07-28,7.5396825396825394e-06
2009-07-29,7.5396825396825394e-06
2009-07-30,7.142857142857143e-06
2009-07-31,7.142857142857143e-06
2009-08-03,7.5396825396825394e-06
2009-08-04,7.142857142857143e-06
2009-08-05,7.142857142857143e-06
2009-08-06,6.746031746031747e-06
2009-08-07,7.142857142857143e-06
2009-08-10,7.5396825396825394e-06
2009-08-11,7.142857142857143e-06
2009-08-12,6.746031746031747e-06
2009-08-13,6.746031746031747e-06
2009-08-14,7.142857142857143e-06
2009-08-17,7.142857142857143e-06
2009-08-18,7.142857142857143e-06
2009-08-19,6.746031746031747e-06
2009-08-20,6.746031746031747e-06
2009-08-21,6.746031746031747e-06
2009-08-24,6.746031746031747e-06
2009-08-25,6.746031746031747e-06
2009-08-26,5.9523809523809525e-06
2009-08-27,5.9523809523809525e-06
2009-08-28,5.9523809523809525e-06
2009-08-31,5.9523809523809525e-06
2009-09-01,5.555555555555557e-06
2009-09-02,5.555555555555557e-06
2009-09-03,5.9523809523809525e-06
2009-09-04,5.555555555555557e-06
2009-09-08,5.555555555555557e-06
2009-09-09,5.555555555555557e-06
2009-09-10,5.555555555555557e-06
2009-09-11,5.555555555555557e-06
2009-09-14,5.555555555555557e-06
2009-09-15,5.158730158730158e-06
2009-09-16,3.968253968253968e-06
2009-09-17,3.968253968253968e-06
2009-09-18,3.1746031746031746e-06
2009-09-21,4.365079365079366e-06
2009-09-22,4.365079365079366e-06
2009-09-23,4.365079365079366e-06
2009-09-24,3.968253968253968e-06
2009-09-25,3.968253968253968e-06
2009-09-28,4.365079365079366e-06
2009-09-29,5.158730158730158e-06
2009-09-30,5.555555555555557e-06
2009-10-01,3.968253968253968e-06
2009-10-02,3.968253968253968e-06
2009-10-05,3.1746031746031746e-06
2009-10-06,3.1746031746031746e-06
2009-10-07,3.5714285714285714e-06
2009-10-08,2.3809523809523808e-06
2009-10-09,2.7777777777777783e-06
2009-10-12,2.7777777777777783e-06
2009-10-13,2.7777777777777783e-06
2009-10-14,2.7777777777777783e-06
2009-10-15,2.7777777777777783e-06
2009-10-16,2.7777777777777783e-06
2009-10-19,3.1746031746031746e-06
2009-10-20,3.1746031746031746e-06
2009-10-21,2.7777777777777783e-06
2009-10-22,2.3809523809523808e-06
2009-10-23,2.7777777777777783e-06
2009-10-26,3.1746031746031746e-06
2009-10-27,3.1746031746031746e-06
2009-10-28,2.7777777777777783e-06
2009-10-29,2.3809523809523808e-06
2009-10-30,1.984126984126984e-06
2009-11-02,2.3809523809523808e-06
2009-11-03,2.3809523809523808e-06
2009-11-04,1.984126984126984e-06
2009-11-05,1.5873015873015873e-06
2009-11-06,2.3809523809523808e-06
2009-11-09,2.7777777777777783e-06
2009-11-10,2.7777777777777783e-06
2009-11-11,2.7777777777777783e-06
2009-11-12,2.7777777777777783e-06
2009-11-13,2.3809523809523808e-06
2009-11-16,2.7777777777777783e-06
2009-11-17,2.3809523809523808e-06
2009-11-18,1.5873015873015873e-06
2009-11-19,7.936507936507937e-07
2009-11-20,7.936507936507937e-07
2009-11-23,1.984126984126984e-06
2009-11-24,1.984126984126984e-06
2009-11-25,1.984126984126984e-06
2009-11-27,1.1904761904761904e-06
2009-11-30,2.3809523809523808e-06
2009-12-01,2.3809523809523808e-06
2009-12-02,1.984126984126984e-06
2009-12-03,2.3809523809523808e-06
2009-12-04,2.3809523809523808e-06
2009-12-07,1.5873015873015873e-06
2009-12-08,1.1904761904761904e-06
2009-12-09,1.1904761904761904e-06
2009-12-10,7.936507936507937e-07
2009-12-11,1.1904761904761904e-06
2009-12-14,1.5873015873015873e-06
2009-12-15,1.984126984126984e-06
2009-12-16,1.5873015873015873e-06
2009-12-17,1.5873015873015873e-06
2009-12-18,1.984126984126984e-06
2009-12-21,3.1746031746031746e-06
2009-12-22,3.1746031746031746e-06
2009-12-23,2.7777777777777783e-06
2009-12-24,1.984126984126984e-06
2009-12-28,4.365079365079366e-06
2009-12-29,3.968253968253968e-06
2009-12-30,1.984126984126984e-06
2009-12-31,2.3809523809523808e-06
2010-01-04,3.1746031746031746e-06
2010-01-05,2.7777777777777783e-06
2010-01-06,2.3809523809523808e-06
2010-01-07,1.984126984126984e-06
2010-01-08,1.984126984126984e-06
2010-01-11,1.5873015873015873e-06
2010-01-12,1.984126984126984e-06
2010-01-13,2.3809523809523808e-06
2010-01-14,1.984126984126984e-06
2010-01-15,2.3809523809523808e-06
2010-01-19,2.3809523809523808e-06
2010-01-20,1.984126984126984e-06
2010-01-21,2.3809523809523808e-06
2010-01-22,2.3809523809523808e-06
2010-01-25,2.3809523809523808e-06
2010-01-26,2.7777777777777783e-06
2010-01-27,3.1746031746031746e-06
2010-01-28,3.1746031746031746e-06
2010-01-29,3.1746031746031746e-06
2010-02-01,3.968253968253968e-06
2010-02-02,3.968253968253968e-06
2010-02-03,3.968253968253968e-06
2010-02-04,3.5714285714285714e-06
2010-02-05,3.968253968253968e-06
2010-02-08,4.7619047619047615e-06
2010-02-09,4.7619047619047615e-06
2010-02-10,4.365079365079366e-06
2010-02-11,4.365079365079366e-06
2010-02-12,3.968253968253968e-06
2010-02-16,3.968253968253968e-06
2010-02-17,3.968253968253968e-06
2010-02-18,3.968253968253968e-06
2010-02-19,4.365079365079366e-06
2010-02-22,4.365079365079366e-06
2010-02-23,4.7619047619047615e-06
2010-02-24,4.7619047619047615e-06
2010-02-25,5.158730158730158e-06
2010-02-26,5.158730158730158e-06
2010-03-01,5.158730158730158e-06
2010-03-02,5.555555555555557e-06
2010-03-03,5.555555555555557e-06
2010-03-04,5.555555555555557e-06
2010-03-05,5.9523809523809525e-06
2010-03-08,6.349206349206349e-06
2010-03-09,6.349206349206349e-06
2010-03-10,5.9523809523809525e-06
2010-03-11,6.349206349206349e-06
2010-03-12,5.9523809523809525e-06
2010-03-15,6.746031746031747e-06
2010-03-16,6.349206349206349e-06
2010-03-17,5.9523809523809525e-06
2010-03-18,6.349206349206349e-06
2010-03-19,6.349206349206349e-06
2010-03-22,5.9523809523809525e-06
2010-03-23,5.555555555555557e-06
2010-03-24,5.555555555555557e-06
2010-03-25,5.555555555555557e-06
2010-03-26,5.555555555555557e-06
2010-03-29,5.9523809523809525e-06
2010-03-30,6.349206349206349e-06
2010-03-31,6.349206349206349e-06
2010-04-01,6.349206349206349e-06
2010-04-05,7.142857142857143e-06
2010-04-06,6.746031746031747e-06
2010-04-07,6.746031746031747e-06
2010-04-08,6.746031746031747e-06
2010-04-09,6.349206349206349e-06
2010-04-12,6.349206349206349e-06
2010-04-13,6.349206349206349e-06
2010-04-14,6.349206349206349e-06
2010-04-15,6.349206349206349e-06
2010-04-16,6.349206349206349e-06
2010-04-19,6.349206349206349e-06
2010-04-20,6.349206349206349e-06
2010-04-21,5.9523809523809525e-06
2010-04-22,6.349206349206349e-06
2010-04-23,6.349206349206349e-06
2010-04-26,6.349206349206349e-06
2010-04-27,6.349206349206349e-06
2010-04-28,6.349206349206349e-06
2010-04-29,6.746031746031747e-06
2010-04-30,6.349206349206349e-06
2010-05-03,6.746031746031747e-06
2010-05-04,6.349206349206349e-06
2010-05-05,5.9523809523809525e-06
2010-05-06,4.365079365079366e-06
2010-05-07,5.158730158730158e-06
2010-05-10,6.349206349206349e-06
2010-05-11,6.349206349206349e-06
2010-05-12,6.349206349206349e-06
2010-05-13,6.349206349206349e-06
2010-05-14,6.349206349206349e-06
2010-05-17,6.349206349206349e-06
2010-05-18,6.746031746031747e-06
2010-05-19,6.746031746031747e-06
2010-05-20,6.746031746031747e-06
2010-05-21,6.746031746031747e-06
2010-05-24,6.746031746031747e-06
2010-05-25,6.746031746031747e-06
2010-05-26,6.746031746031747e-06
2010-05-27,6.746031746031747e-06
2010-05-28,6.349206349206349e-06
2010-06-01,6.349206349206349e-06
2010-06-02,6.349206349206349e-06
2010-06-03,5.555555555555557e-06
2010-06-04,5.555555555555557e-06
2010-06-07,4.7619047619047615e-06
2010-06-08,4.7619047619047615e-06
2010-06-09,3.968253968253968e-06
2010-06-10,3.968253968253968e-06
2010-06-11,3.1746031746031746e-06
2010-06-14,2.7777777777777783e-06
2010-06-15,3.5714285714285714e-06
2010-06-16,3.968253968253968e-06
2010-06-17,3.5714285714285714e-06
2010-06-18,4.365079365079366e-06
2010-06-21,4.7619047619047615e-06
2010-06-22,5.158730158730158e-06
2010-06-23,5.158730158730158e-06
2010-06-24,5.158730158730158e-06
2010-06-25,5.158730158730158e-06
2010-06-28,6.746031746031747e-06
2010-06-29,5.9523809523809525e-06
2010-06-30,7.142857142857143e-06
2010-07-01,6.746031746031747e-06
2010-07-02,6.746031746031747e-06
2010-07-06,6.746031746031747e-06
2010-07-07,6.349206349206349e-06
2010-07-08,5.9523809523809525e-06
2010-07-09,6.349206349206349e-06
2010-07-12,6.349206349206349e-06
2010-07-13,5.9523809523809525e-06
2010-07-14,5.9523809523809525e-06
2010-07-15,5.9523809523809525e-06
2010-07-16,5.9523809523809525e-06
2010-07-19,6.746031746031747e-06
2010-07-20,6.349206349206349e-06
2010-07-21,6.349206349206349e-06
2010-07-22,6.349206349206349e-06
2010-07-23,6.349206349206349e-06
2010-07-26,6.349206349206349e-06
2010-07-27,5.9523809523809525e-06
2010-07-28,5.9523809523809525e-06
2010-07-29,5.9523809523809525e-06
2010-07-30,5.9523809523809525e-06
2010-08-02,6.349206349206349e-06
2010-08-03,6.349206349206349e-06
2010-08-04,6.349206349206349e-06
2010-08-05,5.9523809523809525e-06
2010-08-06,5.9523809523809525e-06
2010-08-09,5.9523809523809525e-06
2010-08-10,5.9523809523809525e-06
2010-08-11,5.9523809523809525e-06
2010-08-12,6.349206349206349e-06
2010-08-13,5.9523809523809525e-06
2010-08-16,6.349206349206349e-06
2010-08-17,6.746031746031747e-06
2010-08-18,6.349206349206349e-06
2010-08-19,6.349206349206349e-06
2010-08-20,5.9523809523809525e-06
2010-08-23,6.349206349206349e-06
2010-08-24,6.349206349206349e-06
2010-08-25,6.349206349206349e-06
2010-08-26,6.349206349206349e-06
2010-08-27,5.9523809523809525e-06
2010-08-30,5.555555555555557e-06
2010-08-31,5.555555555555557e-06
2010-09-01,5.158730158730158e-06
2010-09-02,5.555555555555557e-06
2010-09-03,5.555555555555557e-06
2010-09-07,5.555555555555557e-06
2010-09-08,5.555555555555557e-06
2010-09-09,5.555555555555557e-06
2010-09-10,5.555555555555557e-06
2010-09-13,5.9523809523809525e-06
2010-09-14,5.9523809523809525e-06
2010-09-15,5.9523809523809525e-06
2010-09-16,6.349206349206349e-06
2010-09-17,6.349206349206349e-06
2010-09-20,6.746031746031747e-06
2010-09-21,6.746031746031747e-06
2010-09-22,6.349206349206349e-06
2010-09-23,6.349206349206349e-06
2010-09-24,5.9523809523809525e-06
2010-09-27,6.349206349206349e-06
2010-09-28,6.349206349206349e-06
2010-09-29,6.349206349206349e-06
2010-09-30,6.349206349206349e-06
2010-10-01,6.349206349206349e-06
2010-10-04,5.158730158730158e-06
2010-10-05,4.7619047619047615e-06
2010-10-06,5.158730158730158e-06
2010-10-07,5.158730158730158e-06
2010-10-08,4.7619047619047615e-06
2010-10-11,4.7619047619047615e-06
2010-10-12,5.158730158730158e-06
2010-10-13,5.158730158730158e-06
2010-10-14,5.555555555555557e-06
2010-10-15,5.555555555555557e-06
2010-10-18,5.9523809523809525e-06
2010-10-19,5.555555555555557e-06
2010-10-20,5.555555555555557e-06
2010-10-21,5.158730158730158e-06
2010-10-22,5.158730158730158e-06
2010-10-25,5.555555555555557e-06
2010-10-26,5.555555555555557e-06
2010-10-27,5.555555555555557e-06
2010-10-28,5.158730158730158e-06
2010-10-29,4.7619047619047615e-06
2010-11-01,5.158730158730158e-06
2010-11-02,5.158730158730158e-06
2010-11-03,5.158730158730158e-06
2010-11-04,5.158730158730158e-06
2010-11-05,5.158730158730158e-06
2010-11-08,5.158730158730158e-06
2010-11-09,5.158730158730158e-06
2010-11-10,5.158730158730158e-06
2010-11-11,5.158730158730158e-06
2010-11-12,5.158730158730158e-06
2010-11-15,5.555555555555557e-06
2010-11-16,5.9523809523809525e-06
2010-11-17,5.555555555555557e-06
2010-11-18,5.9523809523809525e-06
2010-11-19,5.555555555555557e-06
2010-11-22,5.9523809523809525e-06
2010-11-23,5.9523809523809525e-06
2010-11-24,6.349206349206349e-06
2010-11-26,6.349206349206349e-06
2010-11-29,7.142857142857143e-06
2010-11-30,6.746031746031747e-06
2010-12-01,6.349206349206349e-06
2010-12-02,6.349206349206349e-06
2010-12-03,5.555555555555557e-06
2010-12-06,5.9523809523809525e-06
2010-12-07,5.555555555555557e-06
2010-12-08,5.9523809523809525e-06
2010-12-09,5.555555555555557e-06
2010-12-10,5.158730158730158e-06
2010-12-13,5.9523809523809525e-06
2010-12-14,5.9523809523809525e-06
2010-12-15,5.555555555555557e-06
2010-12-16,5.158730158730158e-06
2010-12-17,4.365079365079366e-06
2010-12-20,5.555555555555557e-06
2010-12-21,5.555555555555557e-06
2010-12-22,5.555555555555557e-06
2010-12-23,5.555555555555557e-06
2010-12-27,6.746031746031747e-06
2010-12-28,5.9523809523809525e-06
2010-12-29,5.158730158730158e-06
2010-12-30,4.7619047619047615e-06
2010-12-31,4.7619047619047615e-06
2011-01-03,5.9523809523809525e-06
2011-01-04,5.555555555555557e-06
2011-01-05,5.555555555555557e-06
2011-01-06,5.9523809523809525e-06
2011-01-07,5.555555555555557e-06
2011-01-10,5.9523809523809525e-06
2011-01-11,5.9523809523809525e-06
2011-01-12,5.9523809523809525e-06
2011-01-13,5.9523809523809525e-06
2011-01-14,5.9523809523809525e-06
2011-01-18,6.349206349206349e-06
2011-01-19,6.349206349206349e-06
2011-01-20,6.349206349206349e-06
2011-01-21,6.349206349206349e-06
2011-01-24,6.349206349206349e-06
2011-01-25,6.349206349206349e-06
2011-01-26,6.349206349206349e-06
2011-01-27,5.9523809523809525e-06
2011-01-28,5.9523809523809525e-06
2011-01-31,5.9523809523809525e-06
2011-02-01,5.9523809523809525e-06
2011-02-02,6.349206349206349e-06
2011-02-03,5.555555555555557e-06
2011-02-04,5.9523809523809525e-06
2011-02-07,6.349206349206349e-06
2011-02-08,5.9523809523809525e-06
2011-02-09,5.555555555555557e-06
2011-02-10,4.7619047619047615e-06
2011-02-11,4.7619047619047615e-06
2011-02-14,5.158730158730158e-06
2011-02-15,5.158730158730158e-06
2011-02-16,4.7619047619047615e-06
2011-02-17,3.5714285714285714e-06
2011-02-18,3.968253968253968e-06
2011-02-22,4.7619047619047615e-06
2011-02-23,4.7619047619047615e-06
2011-02-24,5.158730158730158e-06
2011-02-25,5.158730158730158e-06
2011-02-28,5.9523809523809525e-06
2011-03-01,5.555555555555557e-06
2011-03-02,5.158730158730158e-06
2011-03-03,5.158730158730158e-06
2011-03-04,4.7619047619047615e-06
2011-03-07,4.365079365079366e-06
2011-03-08,4.365079365079366e-06
2011-03-09,3.968253968253968e-06
2011-03-10,3.1746031746031746e-06
2011-03-11,3.1746031746031746e-06
2011-03-14,3.5714285714285714e-06
2011-03-15,3.968253968253968e-06
2011-03-16,3.968253968253968e-06
2011-03-17,3.1746031746031746e-06
2011-03-18,2.7777777777777783e-06
2011-03-21,3.968253968253968e-06
2011-03-22,3.968253968253968e-06
2011-03-23,3.5714285714285714e-06
2011-03-24,3.5714285714285714e-06
2011-03-25,3.5714285714285714e-06
2011-03-28,4.365079365079366e-06
2011-03-29,3.968253968253968e-06
2011-03-30,3.968253968253968e-06
2011-03-31,3.5714285714285714e-06
2011-04-01,2.7777777777777783e-06
2011-04-04,2.3809523809523808e-06
2011-04-05,2.7777777777777783e-06
2011-04-06,2.3809523809523808e-06
2011-04-07,1.5873015873015873e-06
2011-04-08,1.5873015873015873e-06
2011-04-11,1.984126984126984e-06
2011-04-12,1.984126984126984e-06
2011-04-13,2.3809523809523808e-06
2011-04-14,2.7777777777777783e-06
2011-04-15,2.7777777777777783e-06
2011-04-18,2.7777777777777783e-06
2011-04-19,2.3809523809523808e-06
2011-04-20,2.3809523809523808e-06
2011-04-21,2.3809523809523808e-06
2011-04-25,2.7777777777777783e-06
2011-04-26,2.7777777777777783e-06
2011-04-27,2.3809523809523808e-06
2011-04-28,1.5873015873015873e-06
2011-04-29,1.5873015873015873e-06
2011-05-02,1.984126984126984e-06
2011-05-03,1.1904761904761904e-06
2011-05-04,1.1904761904761904e-06
2011-05-05,7.936507936507937e-07
2011-05-06,7.936507936507937e-07
2011-05-09,1.1904761904761904e-06
2011-05-10,1.1904761904761904e-06
2011-05-11,1.1904761904761904e-06
2011-05-12,7.936507936507937e-07
2011-05-13,1.1904761904761904e-06
2011-05-16,1.5873015873015873e-06
2011-05-17,1.5873015873015873e-06
2011-05-18,1.984126984126984e-06
2011-05-19,1.984126984126984e-06
2011-05-20,1.984126984126984e-06
2011-05-23,2.3809523809523808e-06
2011-05-24,2.3809523809523808e-06
2011-05-25,2.3809523809523808e-06
2011-05-26,1.984126984126984e-06
2011-05-27,1.984126984126984e-06
2011-05-31,2.3809523809523808e-06
2011-06-01,1.984126984126984e-06
2011-06-02,1.5873015873015873e-06
2011-06-03,1.5873015873015873e-06
2011-06-06,1.984126984126984e-06
2011-06-07,1.984126984126984e-06
2011-06-08,1.5873015873015873e-06
2011-06-09,1.984126984126984e-06
2011-06-10,1.984126984126984e-06
2011-06-13,1.984126984126984e-06
2011-06-14,1.984126984126984e-06
2011-06-15,1.984126984126984e-06
2011-06-16,1.984126984126984e-06
2011-06-17,1.5873015873015873e-06
2011-06-20,1.1904761904761904e-06
2011-06-21,1.1904761904761904e-06
2011-06-22,7.936507936507937e-07
2011-06-23,3.9682539682539683e-07
2011-06-24,7.936507936507937e-07
2011-06-27,7.936507936507937e-07
2011-06-28,1.1904761904761904e-06
2011-06-29,7.936507936507937e-07
2011-06-30,1.1904761904761904e-06
2011-07-01,7.936507936507937e-07
2011-07-05,7.936507936507937e-07
2011-07-06,3.9682539682539683e-07
2011-07-07,1.1904761904761904e-06
2011-07-08,1.1904761904761904e-06
2011-07-11,1.1904761904761904e-06
2011-07-12,1.1904761904761904e-06
2011-07-13,3.9682539682539683e-07
2011-07-14,3.9682539682539683e-07
2011-07-15,7.936507936507937e-07
2011-07-18,7.936507936507937e-07
2011-07-19,1.1904761904761904e-06
2011-07-20,7.936507936507937e-07
2011-07-21,1.984126984126984e-06
2011-07-22,1.984126984126984e-06
2011-07-25,1.984126984126984e-06
2011-07-26,2.7777777777777783e-06
2011-07-27,3.1746031746031746e-06
2011-07-28,2.7777777777777783e-06
2011-07-29,3.968253968253968e-06
2011-08-01,3.968253968253968e-06
2011-08-02,2.3809523809523808e-06
2011-08-03,7.936507936507937e-07
2011-08-04,7.936507936507937e-07
2011-08-05,3.9682539682539683e-07
2011-08-08,1.984126984126984e-06
2011-08-09,1.1904761904761904e-06
2011-08-10,7.936507936507937e-07
2011-08-11,1.1904761904761904e-06
2011-08-12,7.936507936507937e-07
2011-08-15,7.936507936507937e-07
2011-08-16,1.1904761904761904e-06
2011-08-17,3.9682539682539683e-07
2011-08-18,3.9682539682539683e-07
2011-08-19,7.936507936507937e-07
2011-08-22,3.9682539682539683e-07
2011-08-23,3.9682539682539683e-07
2011-08-24,7.936507936507937e-07
2011-08-25,3.9682539682539683e-07
2011-08-26,3.9682539682539683e-07
2011-08-29,7.936507936507937e-07
2011-08-30,3.9682539682539683e-07
2011-08-31,7.936507936507937e-07
2011-09-01,7.936507936507937e-07
2011-09-02,0.01222157378892353
2011-09-06,-0.008313453670105012
2011-09-07,-0.008405286442004488
2011-09-08,0.002713844844881009
2011-09-09,0.003991162108745668
2011-09-12,-0.006910983043739983
2011-09-13,-0.0043958877152258866
2011-09-14,-0.0015948759309902393
2011-09-15,-0.008653913902763299
2011-09-16,0.004417115898618526
2011-09-19,0.0006452171837730663
2011-09-20,-0.0008601379332368101
2011-09-21,0.0014617255761563439
2011-09-22,-0.004730516818130906
2011-09-23,-0.020511233176037372
2011-09-26,-0.009626349234687031
2011-09-27,-0.0029104343388748665
2011-09-28,-0.011569348175955433
2011-09-29,0.003908931130824371
2011-09-30,-0.005252552941257305
2011-10-03,0.009544149250334614
2011-10-04,-0.007365801819609057
2011-10-05,-0.0032929518951732672
2011-10-06,-0.009861589173710312
2011-10-07,-0.0025727291292994845
2011-10-10,-0.016632760429085326
2011-10-11,-0.0012082808467243915
2011-10-12,-0.006795711334201303
2011-10-13,0.004851773503718071
2011-10-14,-0.011765502714954771
2011-10-17,0.011086475151429728
2011-10-18,-0.001605238000510683
2011-10-19,0.0042088801203075486
2011-10-20,-0.0017675271291217529
2011-10-21,-0.00765398389240632
2011-10-24,-0.00722595563689682
2011-10-25,0.0052709976081948585
2011-10-26,-0.005011936845099672
2011-10-27,-0.020485957806860446
2011-10-28,0.001926421429675538
2011-10-31,0.015779394133450884
2011-11-01,0.017490509181655466
2011-11-02,0.001157314144541579
2011-11-03,0.0015296103180355738
2011-11-04,0.0012436729560848729
2011-11-07,0.003940752123574746
2011-11-08,-4.6776996102915864e-05
2011-11-09,-0.003927163732290897
2011-11-10,0.0015823485929024532
2011-11-11,0.003215990307267173
2011-11-14,-0.001014552060903124
2011-11-15,-0.00098127709131559
2011-11-16,-0.0016861430474682784
2011-11-17,-0.005036991192935849
2011-11-18,-0.0011732986001548613
2011-11-21,-0.0033559441356890017
2011-11-22,0.0011880687258720882
2011-11-23,-0.0030744661499816856
2011-11-25,-0.0027847605374781118
2011-11-28,0.00841872724960698
2011-11-29,-2.1240230242950092e-05
2011-11-30,0.006768698190726792
2011-12-01,-0.00030125808926232317
2011-12-02,0.0007304475773797774
2011-12-05,0.001129773458859352
2011-12-06,-0.002492888806625299
2011-12-07,0.004983851119557321
2011-12-08,0.00211732719460305
2011-12-09,0.0008385680467155814
2011-12-12,0.005030316138769481
2011-12-13,0.0006405941757152036
2011-12-14,0.011175606614205148
2011-12-15,-0.0029854863624795462
2011-12-16,-0.002853863982123657
2011-12-19,0.002229920448682919
2011-12-20,-0.008463132812042053
2011-12-21,-0.004861417800238255
2011-12-22,0.0030354330193420194
2011-12-23,-0.0036486678149160543
2011-12-27,-0.006678294448555528
2011-12-28,0.006937350130222272
2011-12-29,0.0036921602336104733
2011-12-30,-0.002180427228005121
2012-01-03,-0.009168130156251042
2012-01-04,0.00025296577042417017
2012-01-05,0.0010963023963471278
2012-01-06,0.0032615555606326303
2012-01-09,0.0008465988486521001
2012-01-10,-0.0006296129473074651
2012-01-11,0.0039884221266732215
2012-01-12,-0.0041593982429210564
2012-01-13,0.0015707528155472269
2012-01-17,0.0008409677635736531
2012-01-18,-0.0036903876724038737
2012-01-19,-0.0012218772097111132
2012-01-20,-0.003359548506502607
2012-01-23,-0.0052872870045254745
2012-01-24,-0.0005565103294088737
2012-01-25,-0.00028310298809330946
2012-01-26,0.00452803873073606
2012-01-27,-0.00014432530508344136
2012-01-30,0.0029932858614089724
2012-01-31,0.0043141338295601865
2012-02-01,-0.003226540009627013
2012-02-02,-0.0008770215177026843
2012-02-03,-0.0029635921505326325
2012-02-06,5.174308901992133e-05
2012-02-07,-0.0019422257394661547
2012-02-08,0.00011848325728752527
2012-02-09,-0.0010857146634594397
2012-02-10,-0.0008170200394351127
2012-02-13,0.0006893389533870081
2012-02-14,-0.00020379181865849713
2012-02-15,0.0006747359927867895
2012-02-16,-0.0018938969761728294
2012-02-17,-0.0016518207849580172
2012-02-21,-0.0018194829556060128
2012-02-22,0.0018377453231094227
2012-02-23,0.001307223593742408
2012-02-24,0.00016664179898184908
2012-02-27,0.0031179429979376824
2012-02-28,0.0005614157269222688
2012-02-29,-0.003393716949114489
2012-03-01,0.0026690450948537773
2012-03-02,-0.005644041911869664
2012-03-05,-0.0010781552861214565
2012-03-06,-0.007757419648998405
2012-03-07,0.002468183211503824
2012-03-08,0.006048780678222916
2012-03-09,0.002093028848436757
2012-03-12,-0.0007912965832930087
2012-03-13,0.0048880341722388485
2012-03-14,-0.0019356240985272319
2012-03-15,0.0016252648316793905
2012-03-16,0.0018524357723171238
2012-03-19,-1.1953219382532633e-05
2012-03-20,-0.0037360805620729677
2012-03-21,-0.0008142115109519428
2012-03-22,-0.002816108885855843
2012-03-23,0.0019441551833634706
2012-03-26,0.006582253891744921
2012-03-27,-0.0028179030666996953
2012-03-28,-0.00278147783668562
2012-03-29,-0.0034334389169740367
2012-03-30,0.002491345235661547
2012-04-02,0.0053568041894621705
2012-04-03,0.0028688105396589515
2012-04-04,-0.004711442589576913
2012-04-05,-0.002648202251678726
2012-04-09,-0.007403332645192708
2012-04-10,-0.0010421242497480128
2012-04-11,0.0009660005284885994
2012-04-12,0.006635960288245478
2012-04-13,-0.0021581197610254705
2012-04-16,-0.0025775846528549684
2012-04-17,0.005724867129263777
2012-04-18,0.0002871552261354142
2012-04-19,-0.00425998785488622
2012-04-20,0.006356691678543401
2012-04-23,-0.007459862596631625
2012-04-24,0.010953633437847526
2012-04-25,-8.948413433210197e-05
2012-04-26,0.0007881668636117237
2012-04-27,0.001537990596534301
2012-04-30,-0.004651978662226699
2012-05-01,0.0016072183082582068
2012-05-02,0.001442586177133524
2012-05-03,-0.003953276036272248
2012-05-04,0.0035143680606182642
2012-05-07,-0.0009640649805212816
2012-05-08,-0.0029896273617298946
2012-05-09,-0.002072690108193506
2012-05-10,0.004862671813225998
2012-05-11,-0.006186717754061263
2012-05-14,0.0005161690556082191
2012-05-15,0.0023126810382496353
2012-05-16,0.0005974803999812041
2012-05-17,-0.001278687294003776
2012-05-18,-0.0076716963267475955
2012-05-21,0.0039646881072922914
2012-05-22,-0.002637404411951028
2012-05-23,0.004076455719780725
2012-05-24,-0.0017982637340429749
2012-05-25,0.0007744733605528213
2012-05-29,0.0022946059697553805
2012-05-30,0.003120695721150323
2012-05-31,-0.006179064897660393
2012-06-01,-0.003397349038283444
2012-06-04,-0.005533320548127577
2012-06-05,-0.0018586507403134348
2012-06-06,-0.01128653290100561
2012-06-07,0.0025610793653441277
2012-06-08,0.0006710115980531354
2012-06-11,0.006176788637560442
2012-06-12,-0.006183151955128793
2012-06-13,0.0013297588926094548
2012-06-14,-0.006392446015670372
2012-06-15,0.0016129041923270504
2012-06-18,-0.00048498070939313883
2012-06-19,-0.0048802660058545645
2012-06-20,0.0023005013530821555
2012-06-21,0.009257559924454721
2012-06-22,-0.004521278807391913
2012-06-25,-0.0005051249796996075
2012-06-26,-0.002119690098724706
2012-06-27,0.0002263560642298718
2012-06-28,0.007339308186129632
2012-06-29,-0.02125509081826036
2012-07-02,0.0032250188316736337
2012-07-03,-0.0053838981917208395
2012-07-05,0.01309614598960607
2012-07-06,0.005179658336762066
2012-07-09,0.002816387209766383
2012-07-10,0.0017675313874618204
2012-07-11,-0.005566606209258842
2012-07-12,0.004237679268741143
2012-07-13,-0.0009614373347331004
2012-07-16,0.006922615697225536
2012-07-17,-0.004465105205048722
2012-07-18,0.009304028739570338
2012-07-19,-0.00019546810966204772
2012-07-20,0.009751837076986774
2012-07-23,-0.005527772419294209
2012-07-24,-0.0044376209609666385
2012-07-25,0.007110400134565078
2012-07-26,-0.008823739853119747
2012-07-27,0.0028603213184416262
2012-07-30,0.00969646459800102
2012-07-31,0.0016350752069031755
2012-08-01,-0.005944977192488199
2012-08-02,0.002421602934325023
2012-08-03,-0.005716688653207228
2012-08-06,-0.0004116352449331951
2012-08-07,-0.005131087768636755
2012-08-08,-0.00043279116257272874
2012-08-09,0.0029575945890064634
2012-08-10,0.0001742089276955576
2012-08-13,-0.001857264883185008
2012-08-14,-0.0037187342470394458
2012-08-15,-0.0013977920551110597
2012-08-16,-0.0031709968924469047
2012-08-17,0.0006251562148431528
2012-08-20,0.0019330562368183903
2012-08-21,-0.0014425574714487033
2012-08-22,0.0025046558311804887
2012-08-23,-0.0021279451198030273
2012-08-24,0.0004989194168327772
2012-08-27,0.0007474642047253978
2012-08-28,7.398874904259254e-05
2012-08-29,0.0016113414124469135
2012-08-30,0.002736309386101362
2012-08-31,0.0010550026924277772
2012-09-04,-0.0028942448452134897
2012-09-05,-0.0032985126441541814
2012-09-06,0.007124174566045912
2012-09-07,0.0060712790207147396
2012-09-10,-0.007051964052455494
2012-09-11,-0.0005137939290692535
2012-09-12,0.0034567684677180898
2012-09-13,0.006715347562758898
2012-09-14,0.0010551835167742956
2012-09-17,-0.010183299392618765
2012-09-18,-0.002564354565102757
2012-09-19,-0.0019110681971405555
2012-09-20,-0.0025272509394068453
2012-09-21,0.0009637394878895104
2012-09-24,-0.005000304119192875
2012-09-25,-0.0031318938251773654
2012-09-26,-0.004447821568909087
2012-09-27,0.004738012212487658
2012-09-28,0.004541003948243707
2012-10-01,-0.002756749959975624
2012-10-02,-0.0025287035987241174
2012-10-03,-3.373251708304789e-06
2012-10-04,0.0045305505736919745
2012-10-05,-0.003822430665648858
2012-10-08,-0.0014884141903793698
2012-10-09,-0.003029137890340373
2012-10-10,-0.0011089144873467902
2012-10-11,0.003008676350576359
2012-10-12,-0.003096782163666276
2012-10-15,-0.0006423190487666359
2012-10-16,0.00014757708676296715
2012-10-17,-0.0013682818281201767
2012-10-18,-0.003740332976847168
2012-10-19,-0.007274613929352635
2012-10-22,-0.001001589771415253
2012-10-23,-0.004378600575010974
2012-10-24,-0.0003957492461237312
2012-10-25,5.494235427874532e-05
2012-10-26,0.0028455022842121887
2012-10-31,0.0005300066262995426
2012-11-01,0.002754950918262299
2012-11-02,0.005726027762603401
2012-11-05,-0.0008459430861402921
2012-11-06,-0.002376137522673038
2012-11-07,-0.003235829516296516
2012-11-08,-0.006199747117173542
2012-11-09,0.0024429792940081074
2012-11-12,0.0033931998522521395
2012-11-13,-0.0022413117951650984
2012-11-14,4.0972912797650955e-05
2012-11-15,0.004938209533642268
2012-11-16,0.00029900312811166103
2012-11-19,-0.0034610765220944363
2012-11-20,0.003316693226273477
2012-11-21,0.00239195332522924
2012-11-23,-0.003915096518044606
2012-11-26,-0.001049594948846552
2012-11-27,-0.0025198313283809485
2012-11-28,0.0018416285518555117
2012-11-29,-0.00020661995927982542
2012-11-30,0.0030027975134047343
2012-12-03,-0.0034945756302811534
2012-12-04,-0.0012939556377241674
2012-12-05,0.0006275817540593139
2012-12-06,0.0005804626937026646
2012-12-07,0.00022632925152558443
2012-12-10,0.0019722280295920813
2012-12-11,0.0009027529152159696
2012-12-12,0.0003932064088595488
2012-12-13,-0.0022605100186737967
2012-12-14,-0.0003833109354417279
2012-12-17,-0.0009289300560906846
2012-12-18,-0.0011123088017153367
2012-12-19,-0.00036628600288331626
2012-12-20,-0.0013473515811867353
2012-12-21,-0.0008474851685113876
2012-12-24,-0.0007110753709680794
2012-12-26,0.002280770362944579
2012-12-27,0.001682341853393008
2012-12-28,-0.0014955112795700222
2012-12-31,0.0012833860653215419
2013-01-02,0.00434175624516357
2013-01-03,-0.0017078219543468563
2013-01-04,0.002645094747168516
2013-01-07,-0.0006135385859566629
2013-01-08,-0.003558941783986344
2013-01-09,-0.0003846448364521864
2013-01-10,0.010744196259254525
2013-01-11,-0.0030539289027793717
2013-01-14,-0.007059559169679688
2013-01-15,-0.0059699950677217
2013-01-16,-0.004689877962477928
2013-01-17,0.0045424107549437145
2013-01-18,-0.004771227301199262
2013-01-22,-0.003910518655882866
2013-01-23,0.0007572477016133643
2013-01-24,0.00610919302920566
2013-01-25,0.005890429150860103
2013-01-28,0.00038230827181176265
2013-01-29,0.0037795888801467887
2013-01-30,-0.00023054783994615343
2013-01-31,0.004815968274055299
2013-02-01,8.394968891644755e-05
2013-02-04,-0.007733538350191892
2013-02-05,0.0062604267344360245
2013-02-06,-0.004041428822374236
2013-02-07,-0.004451142857738897
2013-02-08,0.0006392052742263895
2013-02-11,0.001157799686497775
2013-02-12,0.003402468124902379
2013-02-13,0.0023618976927681393
2013-02-14,-0.0009223255218323903
2013-02-15,-0.0005117849386002144
2013-02-19,0.0036736620293810135
2013-02-20,-0.00522531459432878
2013-02-21,-0.0070196777597953995
2013-02-22,-9.491503878004201e-05
2013-02-25,-0.012670145327826392
2013-02-26,-0.003126613662178068
2013-02-27,0.002617031449335214
2013-02-28,-0.0054638249853399025
2013-03-01,0.0007371635398263893
2013-03-04,0.00013090358132973644
2013-03-05,-0.00011853554279442612
2013-03-06,0.0026013442997220785
2013-03-07,-0.0034212209800411524
2013-03-08,0.0024452764085591628
2013-03-11,-0.0004296342579907984
2013-03-12,-0.0018615806742979103
2013-03-13,0.0016075901067089569
2013-03-14,-0.0029190507039329747
2013-03-15,0.0013508156134770877
2013-03-18,0.0021300142645305203
2013-03-19,0.002708642639607883
2013-03-20,-0.0017359581469414413
2013-03-21,-0.0016048373580033188
2013-03-22,-0.0011204348444490422
2013-03-25,-0.00047130553163717974
2013-03-26,0.0006047699669244068
2013-03-27,0.0004607043407866521
2013-03-28,-0.0009334949752345832
2013-04-01,-0.001078647573480565
2013-04-02,0.0029426810732070116
2013-04-03,-0.0017767940426765265
2013-04-04,0.0030835675643596018
2013-04-05,-0.00019206776620011654
2013-04-08,0.0018610618792220968
2013-04-09,-0.0006594091245779733
2013-04-10,0.0076363471957451535
2013-04-11,-0.0010092741939346456
2013-04-12,0.008520615995585075
2013-04-15,0.008802836177949106
2013-04-16,-0.002310321751693472
2013-04-17,0.0011344152013746658
2013-04-18,-0.0035960652602948823
2013-04-19,0.0021089545385254726
2013-04-22,-0.0002869556431525416
2013-04-23,0.005021315400320093
2013-04-24,-0.0038775676933952763
2013-04-25,-0.0075117173674225145
2013-04-26,0.0027788561821681674
2013-04-29,0.0008935325272971853
2013-04-30,-0.0020834027205504585
2013-05-01,0.0002577666677154708
2013-05-02,-0.001415635515087775
2013-05-03,-0.0051300924377952325
2013-05-06,-0.001026440152738149
2013-05-07,0.0004506511109996629
2013-05-08,-0.00016501700048993215
2013-05-09,0.0031248122683099704
2013-05-10,-0.003274729118170161
2013-05-13,0.0020905719729642403
2013-05-14,-0.00027382198484438643
2013-05-15,0.004152496280070737
2013-05-16,0.0017117329537068816
2013-05-17,0.001589415573055707
2013-05-20,-0.0024087043429684442
2013-05-21,0.003600073994915672
2013-05-22,-0.0010528793815544769
2013-05-23,-0.00013929595033373475
2013-05-24,-0.0008913229176023771
2013-05-28,-0.004935195887082338
2013-05-29,0.000979216668829668
2013-05-30,-0.0015115563340569976
2013-05-31,0.0008891134427134617
2013-06-03,-0.0030094260478073062
2013-06-04,0.0013222885507641062
2013-06-05,-0.005031581885305324
2013-06-06,-0.005327782846955024
2013-06-07,0.010689897902260973
2013-06-10,0.0051198220665416875
2013-06-11,-0.004381696149851191
2013-06-12,-0.0036980749614390954
2013-06-13,-0.0024023693203343655
2013-06-14,-0.0056983474913572885
2013-06-17,0.003158763756099269
2013-06-18,0.006021752627486369
2013-06-19,0.008036609044921974
2013-06-20,0.005066679712823629
2013-06-21,0.0034323775513510446
2013-06-24,0.0014989356473830491
2013-06-25,0.007793746974890615
2013-06-26,0.003186438601724533
2013-06-27,0.0025549249683907574
2013-06-28,-0.0033955178204582892
2013-07-01,-0.0029609790957406882
2013-07-02,0.0012916739200640054
2013-07-03,0.001071636804681392
2013-07-05,0.02119688139319891
2013-07-08,-0.010033916096086632
2013-07-09,4.5397937520662e-05
2013-07-10,-0.011245199934212932
2013-07-11,-0.0006301607620906231
2013-07-12,0.0013530061362815398
2013-07-15,-3.321959075040684e-05
2013-07-16,-4.407243085620782e-05
2013-07-17,-0.000817524977442638
2013-07-18,-0.000997477768050361
2013-07-19,-0.0027411190067530684
2013-07-22,-0.0040484208070257375
2013-07-23,-2.488250199702418e-05
2013-07-24,0.008646267421139943
2013-07-25,-0.00567490492829596
2013-07-26,0.0008321620385848884
2013-07-29,0.005086082744308695
2013-07-30,0.0024518523635357063
2013-07-31,0.0004994043758867658
2013-08-01,0.009068747797471102
2013-08-02,-0.004842475803739004
2013-08-05,-0.0018044534949395329
2013-08-06,-0.0025643944786720436
2013-08-07,-0.002392957347675853
2013-08-08,-0.004291880770712152
2013-08-09,0.0007161527558126948
2013-08-12,-0.0033872535266043628
2013-08-13,0.005564737503693263
2013-08-14,-0.005289653870679522
2013-08-15,-0.006569829317653876
2013-08-16,0.004158736580007946
2013-08-19,-0.006602043076174175
2013-08-20,0.004343951003412339
2013-08-21,-0.0014445490666037796
2013-08-22,0.008574799990975438
2013-08-23,-0.0031188297351697272
2013-08-26,-0.013647202492183035
2013-08-27,0.0005424892479220559
2013-08-28,0.0032648935475833416
2013-08-29,-0.002617720499711757
2013-08-30,0.0001951143092872639
2013-09-03,-0.0006152506319337064
2013-09-04,0.0005150935418891294
2013-09-05,0.004235811871263431
2013-09-06,-0.0022170524980817843
2013-09-09,-0.0023928352970710334
2013-09-10,-0.00011269278401817926
2013-09-11,-0.003009779160950613
2013-09-12,0.003217548458904307
2013-09-13,-0.00038482959888380447
2013-09-16,-0.005443091296458899
2013-09-17,-0.0029433970862236536
2013-09-18,-0.0028685988791489416
2013-09-19,-0.000273124981385811
2013-09-20,-0.0007954374064616786
2013-09-23,-0.00336170284775727
2013-09-24,0.0007941171292231637
2013-09-25,-0.0008133130968016561
2013-09-26,-0.0005950862109410477
2013-09-27,0.00022545312393579755
2013-09-30,-0.0031118344892786536
2013-10-01,0.0010217498175908017
2013-10-02,0.0010404562942856067
2013-10-03,-0.001980619152285164
2013-10-04,-0.0009602219303761564
2013-10-07,-0.0033215150929594875
2013-10-08,-0.0046418459662200375
2013-10-09,-0.004674739164670904
2013-10-10,0.004870691525020435
2013-10-11,0.005879907807246624
2013-10-14,0.000941576668374593
2013-10-15,-0.0008669537274846265
2013-10-16,0.0008261550935292546
2013-10-17,0.007931488453559295
2013-10-18,-6.613561633818683e-06
2013-10-21,0.00023736234381215905
2013-10-22,0.00589822999027845
2013-10-23,-0.0025251817932146017
2013-10-24,0.003515914422825252
2013-10-25,0.000489583351525906
2013-10-28,0.0025495540909611257
2013-10-29,-0.0014782588833791
2013-10-30,-0.0039142235704485735
2013-10-31,-0.0003809248232034579
2013-11-01,-0.002342088972756948
2013-11-04,0.0023335412134733334
2013-11-05,-0.000879586156796374
2013-11-06,0.0008420894390014691
2013-11-07,-0.0004929067499689624
2013-11-08,-0.0003234122872749534
2013-11-11,-0.0024415063012566706
2013-11-12,0.0004258635372828923
2013-11-13,0.002419592943812612
2013-11-14,0.00032160287667675706
2013-11-15,0.001326819279476654
2013-11-18,0.001006428303576192
2013-11-19,-0.0017165428136520827
2013-11-20,-0.00356847521536779
2013-11-21,-0.00026860875519656656
2013-11-22,0.00046895088890969025
2013-11-25,0.0012830477997881535
2013-11-26,0.003114558245820378
2013-11-27,-2.2316214882526162e-05
2013-11-29,0.0019610145489382977
2013-12-02,-0.0025213503558265565
2013-12-03,-0.002887273742884641
2013-12-04,-0.0013121784999438506
2013-12-05,-0.0008267109199294948
2013-12-06,0.0021795299380921026
2013-12-09,0.0022319498425009657
2013-12-10,-0.0041102253354975355
2013-12-11,-0.003438649715820304
2013-12-12,0.002635574712047263
2013-12-13,-0.0008365520340602845
2013-12-16,0.0010642691588779365
2013-12-17,0.0014237692242598024
2013-12-18,0.00900877382492308
2013-12-19,4.388583523148814e-05
2013-12-20,-0.0018262070948564578
2013-12-23,0.001592132287452717
2013-12-24,-0.00032353728746720893
2013-12-26,0.0013269089182700127
2013-12-27,0.0009977697895599948
2013-12-30,0.0017162657757451114
2013-12-31,0.0002451419411799246
2014-01-02,-0.005069364164158597
2014-01-03,-0.006974496197555971
2014-01-06,-0.0021993983968665175
2014-01-07,0.005082816429344
2014-01-08,0.004895131963370596
2014-01-09,-0.0021156948639698713
2014-01-10,-0.0077600119775523765
2014-01-13,-0.006884986551023232
2014-01-14,0.008217028198424728
2014-01-15,0.005621639457747601
2014-01-16,-0.0038536856316608624
2014-01-17,0.00044600372861083003
2014-01-21,0.0023851284045274344
2014-01-22,0.008477117879925201
2014-01-23,-0.008561127440463206
2014-01-24,-0.007692274681131951
2014-01-27,-0.0002485154024319157
2014-01-28,0.004429537624341321
2014-01-29,-0.0016496767233465592
2014-01-30,-0.002786386190672118
2014-01-31,-0.00954856337368504
2014-02-03,-0.01065996830187941
2014-02-04,-0.0038837519296188107
2014-02-05,-0.002969525229147486
2014-02-06,-0.0015816505124221908
2014-02-07,-0.0007219996656313106
2014-02-10,-0.0014525664152926923
2014-02-11,0.001456604494062631
2014-02-12,-0.0015602840885345192
2014-02-13,0.0015348817339686212
2014-02-14,-0.004243058686396686
2014-02-18,-0.0026992231407979707
2014-02-19,0.001977003429740987
2014-02-20,0.0002581055188672115
2014-02-21,0.0014046263423997075
2014-02-24,-0.002307812940238776
2014-02-25,0.003368316877555004
2014-02-26,0.00539165183245336
2014-02-27,0.0018237149164674904
2014-02-28,0.00024255384135465826
2014-03-03,-0.008601773593330024
2014-03-04,0.0025021469752712663
2014-03-05,-0.003711545542347472
2014-03-06,0.003838764034530948
2014-03-07,0.00103525431869269
2014-03-10,-0.0013896246442358367
2014-03-11,-0.001984175553230522
2014-03-12,-0.0010206693125488079
2014-03-13,-0.000747476832602376
2014-03-14,-4.482949985007776e-05
2014-03-17,0.001453889781705365
2014-03-18,0.004961376435034986
2014-03-19,-0.006616128501701604
2014-03-20,-0.0010119603873756631
2014-03-21,-0.002986281816905089
2014-03-24,-0.001224003184110721
2014-03-25,0.0007163444160825085
2014-03-26,0.0006756298688837896
2014-03-27,0.0021174824192079396
2014-03-28,-0.00020039457063221344
2014-03-31,0.0023756652364830344
2014-04-01,0.0009338451688632271
2014-04-02,-0.006640864044155406
2014-04-03,0.00015055556152034405
2014-04-04,-0.008404655224750862
2014-04-07,-0.0030750054505786
2014-04-08,-0.0002043501428285128
2014-04-09,0.007357402838667521
2014-04-10,-0.008509488578589974
2014-04-11,-0.0037706883413701747
2014-04-14,0.00397658586987857
2014-04-15,0.008416854873282486
2014-04-16,0.0016201694282708908
2014-04-17,0.002343056190323839
2014-04-21,-0.0023365607495405122
2014-04-22,-0.0009892729120495618
2014-04-23,0.0022100987904721116
2014-04-24,-0.003533313973984068
2014-04-25,-0.0003515860628419913
2014-04-28,0.005461104039858573
2014-04-29,0.0019100777996612652
2014-04-30,0.005750213248456104
2014-05-01,-0.004300492753256575
2014-05-02,-0.0015108500409802372
2014-05-05,-0.0008965913866388261
2014-05-06,0.001554957781458106
2014-05-07,0.001329260246979637
2014-05-08,-0.00024032162983547253
2014-05-09,-0.0028695562803125263
2014-05-12,-0.0031846871081877863
2014-05-13,0.002712853904062312
2014-05-14,0.001269791619526596
2014-05-15,-0.002070735312856509
2014-05-16,-0.00016749448741085613
2014-05-19,0.0020122477631772527
2014-05-20,-0.0014730541833828177
2014-05-21,0.00426640129248769
2014-05-22,-0.001165566540000192
2014-05-23,-0.0003350613638661546
2014-05-27,-0.0010596264221096974
2014-05-28,0.00028214178012449947
2014-05-29,0.0012817537866795991
2014-05-30,-0.0011143347117893508
2014-06-02,-0.0036066930837484134
2014-06-03,-0.0037135005897107045
2014-06-04,-0.0007397812668769442
2014-06-05,0.0026092302477981008
2014-06-06,-0.0015955295964460126
2014-06-09,-8.696682363302473e-05
2014-06-10,-0.001107658042296306
2014-06-11,0.0010389421922376678
2014-06-12,0.0006907903452085498
2014-06-13,-0.0018081806225659371
2014-06-16,-0.001376722624579932
2014-06-17,-0.004408465192904347
2014-06-18,0.005038272861371356
2014-06-19,-0.006030115780625022
2014-06-20,0.002799096607967872
2014-06-23,-0.0023839573809855833
2014-06-24,0.0011979380426737803
2014-06-25,0.001979494460077155
2014-06-26,0.0022060826784357813
2014-06-27,0.0009797399860424624
2014-06-30,-0.0004877258934516337
2014-07-01,-0.00015684150918641857
2014-07-02,-0.002735283099981706
2014-07-03,-0.0006632100648072657
2014-07-07,-0.0014295823901657742
2014-07-08,0.00028735976932308803
2014-07-09,0.0016655078478357674
2014-07-10,0.0012531599027347119
2014-07-11,0.0025267790328932426
2014-07-14,-0.006046363835821185
2014-07-15,-0.004282738969013587
2014-07-16,0.0005340074473314311
2014-07-17,0.002984836035646282
2014-07-18,0.0017112646560855755
2014-07-21,0.0037426174341554856
2014-07-22,0.0030999725685341433
2014-07-23,0.0017819908572729477
2014-07-24,-0.007268372591670282
2014-07-25,0.0020865466402286595
2014-07-28,-0.0033560276835036553
2014-07-29,-0.00024617640606080366
2014-07-30,-0.00848714799299984
2014-07-31,-0.01205796318010415
2014-08-01,-0.0008653948278056574
2014-08-04,-0.001687311219480117
2014-08-05,-0.0006792371985506364
2014-08-06,-0.0065387789322116216
2014-08-07,-0.00028150699608792373
2014-08-08,0.0022491514236303058
2014-08-11,0.0018792466450514504
2014-08-12,-4.053918394837586e-05
2014-08-13,0.0030500307155327004
2014-08-14,0.006583863198134197
2014-08-15,0.0023893884038748365
2014-08-18,0.0037795712707612878
2014-08-19,-0.002164012252839532
2014-08-20,0.0046145097159805155
2014-08-21,0.0004731117933257791
2014-08-22,0.003972000003205123
2014-08-25,0.0037135153998876336
2014-08-26,-0.0022000362499658846
2014-08-27,0.0008738801881055708
2014-08-28,-0.0017207430315873456
2014-08-29,0.0037160818855596976
2014-09-02,0.004318343501601954
2014-09-03,-0.00021144146813940488
2014-09-04,0.0025652495335038183
2014-09-05,0.0008483374394958334
2014-09-08,0.002326287018122842
2014-09-09,-0.0009107733913934514
2014-09-10,0.0010349802315689543
2014-09-11,-0.00011840995660624464
2014-09-12,-0.004172171502338828
2014-09-15,-0.0013260486095778349
2014-09-16,-8.265003598306358e-05
2014-09-17,0.0010183468678404575
2014-09-18,0.0035818513856567496
2014-09-19,0.0054872581086400155
2014-09-22,0.0014449734205969598
2014-09-23,0.0017631759846947657
2014-09-24,-0.001961593688129346
2014-09-25,0.003495409912693718
2014-09-26,0.0024724927688045883
2014-09-29,-0.0018495956273029924
2014-09-30,0.006028981775773502
2014-10-01,0.0034146690894029893
2014-10-02,-0.0012333823705647138
2014-10-03,0.02006252705003629
2014-10-06,-0.019403439096896166
2014-10-07,-0.004002880504101176
2014-10-08,0.00018139934699100996
2014-10-09,0.007749768036458042
2014-10-10,0.0017792733621356258
2014-10-13,-0.01140093124512752
2014-10-14,0.008508463222639371
2014-10-15,-0.005945239076099825
2014-10-16,-0.006205893051857186
2014-10-17,0.005464371448585445
2014-10-20,0.0024476748032251265
2014-10-21,-0.0065584594119149535
2014-10-22,0.012143415178196157
2014-10-23,-0.006534104474321362
2014-10-24,0.00441954244388501
2014-10-27,-0.007385096971282116
2014-10-28,-0.00876909471999614
2014-10-29,-0.002232442566358962
2014-10-30,0.011964288126791426
2014-10-31,0.006193254156826305
2014-11-03,0.021529280218609885
2014-11-04,0.0012377127805570766
2014-11-05,0.00647860334916711
2014-11-06,0.002979984277117182
2014-11-07,-0.00292757493857903
2014-11-10,0.001048571647369297
2014-11-11,-0.001528967998909449
2014-11-12,0.0030330584555809423
2014-11-13,0.007758273122533055
2014-11-14,-0.009505536925564008
2014-11-17,0.0049029803119776064
2014-11-18,0.0010912034020377451
2014-11-19,0.0005224823003332217
2014-11-20,-0.003047636718493533
2014-11-21,0.0015385769189411296
2014-11-24,0.0044578785919270275
2014-11-25,0.0017659997394669335
2014-11-26,0.0021809258063063028
2014-11-28,0.023941464380859607
2014-12-01,-0.01561489887962533
2014-12-02,0.003672789570772145
2014-12-03,0.0012046894667350533
2014-12-04,0.000978714047803694
2014-12-05,-0.003251000270624353
2014-12-08,0.005258613863453412
2014-12-09,-0.004197790329021381
2014-12-10,0.0002651053432148812
2014-12-11,0.004399767399065599
2014-12-12,0.005676983793198581
2014-12-15,0.0027894104921148636
2014-12-16,0.000525219471664778
2014-12-17,0.002860079618728909
2014-12-18,0.0035540635057925564
2014-12-19,0.0016211374590824846
2014-12-22,0.0070240541434064465
2014-12-23,-0.0064626419052275265
2014-12-24,0.0024580158475470924
2014-12-26,-0.0007570736293046721
2014-12-29,0.00966242584414405
2014-12-30,-0.005131533771521784
2014-12-31,-0.00048013982717278034
2015-01-02,0.01402277852846274
2015-01-05,0.004251022660832806
2015-01-06,0.009081817225748303
2015-01-07,0.003217997406247885
2015-01-08,0.00047761958924542533
2015-01-09,-0.0012469975245293615
2015-01-12,0.013350027228634256
2015-01-13,0.0013529124180608465
2015-01-14,-0.007355800746228113
2015-01-15,-0.02819348864240443
2015-01-16,-0.00839440264360957
2015-01-20,0.01820363072027179
2015-01-21,-0.004646739264402289
2015-01-22,0.01481763557852368
2015-01-23,0.015808474414615123
2015-01-26,0.0066055741627777855
2015-01-27,-0.010604237777080179
2015-01-28,0.011390999390325117
2015-01-29,0.017524817989120645
2015-01-30,-0.009597163190069773
2015-02-02,-0.00784452036504462
2015-02-03,-0.019952887230135094
2015-02-04,0.01411417797560919
2015-02-05,-0.015079591074656899
2015-02-06,-0.01047153804787411
2015-02-09,-0.002192126367330026
2015-02-10,0.004720204473438369
2015-02-11,0.0015497283635750845
2015-02-12,-0.006166126966554712
2015-02-13,-0.009812488440174653
2015-02-17,-0.0052317781527065794
2015-02-18,0.007017161039285196
2015-02-19,-0.0071370797788554985
2015-02-20,0.002688528538936937
2015-02-23,0.0069462962239589315
2015-02-24,0.002241708765616003
2015-02-25,-0.0051388568090627
2015-02-26,0.0025276249145177046
2015-02-27,-0.004051563051327954
2015-03-02,0.0004889361768089974
2015-03-03,-0.006871502624441558
2015-03-04,0.0002782481454745864
2015-03-05,0.008234411862273746
2015-03-06,0.00436836509972516
2015-03-09,0.008775668164623605
2015-03-10,0.004170701662894859
2015-03-11,0.00843597003398225
2015-03-12,0.003158080710692471
2015-03-13,0.003498935552065011
2015-03-16,0.008200610132217064
2015-03-17,0.005509101236098332
2015-03-18,-0.011564031294402281
2015-03-19,0.010477535245839456
2015-03-20,-0.013169457643139034
2015-03-23,-0.01107130493249288
2015-03-24,0.0031179973681039652
2015-03-25,-0.011386079672940207
2015-03-26,-0.005188382916260464
2015-03-27,0.010559759260648328
2015-03-30,0.013580038444350583
2015-03-31,7.938791146073598e-05
2015-04-01,-0.008682859232346464
2015-04-02,-0.004854000584474618
2015-04-06,-0.003914757551041068
2015-04-07,0.0029120753909581943
2015-04-08,0.0016048456717616412
2015-04-09,0.0028238848600707902
2015-04-10,-0.0009336759688904113
2015-04-13,0.005766771453520219
2015-04-14,-0.0032965847741353352
2015-04-15,-0.0067323999591306334
2015-04-16,-0.0067680468376705
2015-04-17,0.0004960294174127863
2015-04-20,0.0008657476307850066
2015-04-21,0.00028952351646852656
2015-04-22,-0.004693506698293642
2015-04-23,-0.003991481146701464
2015-04-24,0.005060520987999556
2015-04-27,-0.0027305912135665395
2015-04-28,-0.010125120210838749
2015-04-29,-0.00971255897966551
2015-04-30,-6.066693113485141e-05
2015-05-01,0.00113932411735691
2015-05-04,0.0004938273361052524
2015-05-05,-0.0030214826454040703
2015-05-06,-0.004651373641123326
2015-05-07,0.003848975322720311
2015-05-08,0.004254106127826785
2015-05-11,0.0023685265484090067
2015-05-12,0.001909356847210129
2015-05-13,-0.0015590901198033944
2015-05-14,-0.001893447444868589
2015-05-15,-0.001784704876569081
2015-05-18,-0.002774627796116229
2015-05-19,0.0024626115533152404
2015-05-20,0.0008872628899108222
2015-05-21,0.0008433855824353551
2015-05-22,-0.002444342681428622
2015-05-26,0.0009761049682208882
2015-05-27,0.0025138995440525734
2015-05-28,0.001225012425497302
2015-05-29,0.0014928082276731845
2015-06-01,0.00019770304518615172
2015-06-02,-0.014903307081538216
2015-06-03,0.0024125397219106697
2015-06-04,-0.0015343991696371688
2015-06-05,0.0007986915557287897
2015-06-08,-0.006798488922738944
2015-06-09,-0.00486223551044023
2015-06-10,0.0010193645888601423
2015-06-11,0.004008668043928492
2015-06-12,-0.0023481398820761113
2015-06-15,0.0025365987765591305
2015-06-16,-0.0007591757753680668
2015-06-17,-0.0044677164435389235
2015-06-18,-0.000446284793634807
2015-06-19,0.00243404448605937
2015-06-22,0.0020635606175176194
2015-06-23,-0.0007311813495487483
2015-06-24,0.000579828781652196
2015-06-25,-0.009438730045742642
2015-06-26,-0.004436515703690101
2015-06-29,-0.005638252205181897
2015-06-30,-0.014248978460589062
2015-07-01,0.007892655045820192
2015-07-02,-0.0003119996212232178
2015-07-06,0.0025330792373742094
2015-07-07,0.0069594183017565175
2015-07-08,-0.0020891961711429173
2015-07-09,0.0015681200532456014
2015-07-10,0.0006264650519253255
2015-07-13,0.001632448531899958
2015-07-14,0.000810860676208491
2015-07-15,0.0030040777923303836
2015-07-16,0.0009795816299207711
2015-07-17,0.0022545729612497684
2015-07-20,0.003798177938384073
2015-07-21,-0.0013103605201812455
2015-07-22,-0.0009886270230173016
2015-07-23,0.0008030353906521945
2015-07-24,-0.0051204075467372635
2015-07-27,-0.00047416935624434515
2015-07-28,-0.0008072846055627423
2015-07-29,-0.0036267860972819315
2015-07-30,0.0018724899353894145
2015-07-31,0.0014368708216625184
2015-08-03,0.0027234489922754
2015-08-04,-0.006871681652696325
2015-08-05,0.0017340006693697088
2015-08-06,-0.0001902048693455509
2015-08-07,-0.000426487438931644
2015-08-10,-0.012290038481813946
2015-08-11,0.008731273457674119
2015-08-12,-0.005561777884913467
2015-08-13,0.0024176353365183076
2015-08-14,0.002086881156572635
2015-08-17,0.004666629454824151
2015-08-18,0.0024741719812358914
2015-08-19,0.0029739797770359164
2015-08-20,-0.009171124876404148
2015-08-21,0.0012929183492917198
2015-08-24,0.00547179357822787
2015-08-25,-0.004600693856227544
2015-08-26,0.013579336153909924
2015-08-27,-0.010421641178040793
2015-08-28,-0.008417676078292986
2015-08-31,-0.009705827226975551
2015-09-01,0.00888529038784866
2015-09-02,-0.0063263037755696624
2015-09-03,-0.0002605755373008911
2015-09-04,0.011455237711660203
2015-09-08,-0.018192749720627968
2015-09-09,0.011480368000692435
2015-09-10,-0.00921720711703702
2015-09-11,0.0015038629544186506
2015-09-14,-0.001345890828801806
2015-09-15,-0.0022729426433305178
2015-09-16,-0.007377997478148839
2015-09-17,0.004776634194140219
2015-09-18,0.010994082579321988
2015-09-21,-0.006002362429271128
2015-09-22,0.01386947147461239
2015-09-23,0.002473388010542602
2015-09-24,-0.0008590642372296905
2015-09-25,-0.0046059181044597955
2015-09-28,0.014488920355567427
2015-09-29,0.001424485888026324
2015-09-30,-0.0020054479816553
2015-10-01,0.0013716236818607152
2015-10-02,-0.006596558669821235
2015-10-05,-0.007927101812019905
2015-10-06,-0.008827438528950037
2015-10-07,-0.004763003861251551
2015-10-08,-0.005450535257460311
2015-10-09,-0.005766199543022944
2015-10-12,0.00375261093710914
2015-10-13,0.0047613003418550855
2015-10-14,-0.0027286734754199044
2015-10-15,-0.004745251381800185
2015-10-16,-0.0007314867129880867
2015-10-19,0.00496308620598977
2015-10-20,-0.004758253135511923
2015-10-21,0.00739836443404841
2015-10-22,-0.003317875017838469
2015-10-23,0.001437454731865443
2015-10-26,0.006573337856708481
2015-10-27,0.0034101217376507377
2015-10-28,-0.007814952643940486
2015-10-29,-0.0010149407597886623
2015-10-30,-0.00230067021037427
2015-11-02,-0.0013741966659386396
2015-11-03,-0.004744426379522572
2015-11-04,0.002943296969849617
2015-11-05,0.007894947173261268
2015-11-06,0.0029969764019029898
2015-11-09,0.0004367755024121391
2015-11-10,0.002485967840282852
2015-11-11,-0.0025010421076897453
2015-11-12,-0.0003451216767647243
2015-11-13,0.001622359583187322
2015-11-16,0.012210289284589984
2015-11-17,-0.0055349257512611865
2015-11-18,0.005502409646704491
2015-11-19,-0.002496634183090052
2015-11-20,0.005206888471673349
2015-11-23,-0.0033562394931796755
2015-11-24,-0.004716882343022763
2015-11-25,0.00020539683674908614
2015-11-27,0.0063089123425327225
2015-11-30,0.0015349518390762149
2015-12-01,-0.006958352573494099
2015-12-02,0.00895250489233341
2015-12-03,-0.017662113464662656
2015-12-04,0.00175334650726917
2015-12-07,0.01745536899182848
2015-12-08,-9.829404363526428e-05
2015-12-09,-0.008710531097041776
2015-12-10,0.0036710600009130846
2015-12-11,-0.0015926820703480156
2015-12-14,0.006157449788690469
2015-12-15,0.0051932909947814306
2015-12-16,0.006275370889426862
2015-12-17,0.005140814234485192
2015-12-18,-0.01161467103960839
2015-12-21,-0.0025811338212424284
2015-12-22,0.001480938306605626
2015-12-23,-0.005460194622398942
2015-12-24,-0.0032512759685441196
2015-12-28,0.0045769903790285945
2015-12-29,-0.0016071433378688376
2015-12-30,0.002629084017614129
2015-12-31,-0.0020335547218728193
2016-01-04,0.0006359240771046794
2016-01-05,0.00049307406568697
2016-01-06,0.0019949234461816806
2016-01-07,-0.0024246397760435447
2016-01-08,0.0022160991849991827
2016-01-11,0.00988094787070381
2016-01-12,-0.0018747073906278478
2016-01-13,-0.001771980251595593
2016-01-14,0.00320291560808709
2016-01-15,0.003809220149405564
2016-01-19,0.002295934741858852
2016-01-20,-0.001969055342876395
2016-01-21,-0.0052343088931189235
2016-01-22,-0.00596708897904308
2016-01-25,0.0024793191088342357
2016-01-26,-0.008554128175271698
2016-01-27,-0.004674353715322621
2016-01-28,-0.0015035725038680752
2016-01-29,-0.007639303712461207
2016-02-01,0.003202936809210303
2016-02-02,0.012708814733194657
2016-02-03,-0.01943337277725426
2016-02-04,-0.0018593701723171481
2016-02-05,0.006223334304961196
2016-02-08,0.006951845508613263
2016-02-09,0.001133293628901144
2016-02-10,0.0025293114923924513
2016-02-11,-0.00032953441545888017
2016-02-12,-0.01040327177821264
2016-02-16,0.0034444432875701436
2016-02-17,-0.01106380909474194
2016-02-18,0.005581125361929461
2016-02-19,-0.002302167824086077
2016-02-22,-0.00045246427390901247
2016-02-23,0.005017495119025514
2016-02-24,-0.005034450962915266
2016-02-25,-0.000724091044810777
2016-02-26,0.0016560273568199814
2016-02-29,-0.0031398812087548456
2016-03-01,-0.008976554087803798
2016-03-02,-0.0029333070633345455
2016-03-03,-0.0003678307952612414
2016-03-04,-0.009914720622206826
2016-03-07,-0.005316184396706964
2016-03-08,0.005856115785550844
2016-03-09,-0.006397479036648481
2016-03-10,-0.004753084796344671
2016-03-11,-0.010844788406856523
2016-03-14,0.0003226678729783762
2016-03-15,0.003108827008292122
2016-03-16,0.00659494796368023
2016-03-17,-0.001992605266923286
2016-03-18,0.002569253839522113
2016-03-21,-0.006296254520687131
2016-03-22,-0.0034355356996746997
2016-03-23,0.00834966278165786
2016-03-24,-0.005065869559807691
2016-03-28,-0.000536572623720374
2016-03-29,0.004143721959196793
2016-03-30,0.0027276702891883007
2016-03-31,0.0047314099350996
2016-04-01,-0.000323987969110943
2016-04-04,-0.0021755444958842895
2016-04-05,0.0030247755676843955
2016-04-06,0.0015069312406139623
2016-04-07,0.0017093830751571456
2016-04-08,-0.0006190379082372283
2016-04-11,0.002621262908715249
2016-04-12,-0.003776475284442379
2016-04-13,-0.0030879891528950783
2016-04-14,-0.0015605853649861823
2016-04-15,0.002570931541795484
2016-04-18,0.0003345595042322258
2016-04-19,0.0035715427230268233
2016-04-20,-0.008763888538560523
2016-04-21,-0.0025354794610879827
2016-04-22,-0.001236108349990905
2016-04-25,-0.003204722447581671
2016-04-26,-0.0037288645927724203
2016-04-27,0.005592529546767527
2016-04-28,0.006235694467459828
2016-04-29,0.002690227662854689
2016-05-02,-0.0019521141757679434
2016-05-03,-0.00730555512498732
2016-05-04,-0.004074906245461169
2016-05-05,-0.010358961928013949
2016-05-06,0.0053201553610040565
2016-05-09,-0.01492631014531654
2016-05-10,0.014747632363399267
2016-05-11,0.008937397015246642
2016-05-12,-0.003878727847106265
2016-05-13,-0.004952776244371264
2016-05-16,0.003696132956828083
2016-05-17,0.0026089204488157908
2016-05-18,-0.010768379527721859
2016-05-19,-0.001149963908277095
2016-05-20,0.0058211663944482475
2016-05-23,-0.0015824782680811912
2016-05-24,0.0007408390640905587
2016-05-25,0.010798085944442854
2016-05-26,-0.00011829136826926369
2016-05-27,-0.006725479463948013
2016-05-31,-0.00897166895166659
2016-06-01,0.006860278172071796
2016-06-02,0.009015148423200042
2016-06-03,-0.010316117901505962
2016-06-06,-0.001122467174211767
2016-06-07,0.0017694842928570643
2016-06-08,0.0012793930209450992
2016-06-09,0.002150006289234445
2016-06-10,-0.0004566264771441905
2016-06-13,-0.003250933579773668
2016-06-14,0.0016923341473289123
2016-06-15,-0.00582060054801053
2016-06-16,0.002883019691596558
2016-06-17,0.0006020871735348475
2016-06-20,-0.006811019867456931
2016-06-21,-0.010328593294688913
2016-06-22,-0.0005401852621004773
2016-06-23,-0.0008066628846250772
2016-06-24,-0.006859418262246951
2016-06-27,0.007931245033901406
2016-06-28,0.006452478154980468
2016-06-29,0.0017058904164504276
2016-06-30,0.0036419685298420303
2016-07-01,0.0003806967114393771
2016-07-05,0.0063542937731785225
2016-07-06,0.00026014204656916984
2016-07-07,-0.0025950321549663585
2016-07-08,0.003628432119939329
2016-07-11,-0.005032408574319194
2016-07-12,-0.009923370383022781
2016-07-13,0.006709203470786251
2016-07-14,-0.010206372757708292
2016-07-15,-0.00015910904874260563
2016-07-18,-0.004397337224466074
2016-07-19,0.0023566802635079163
2016-07-20,-0.00768125576730116
2016-07-21,0.007024381541924007
2016-07-22,-0.004103802236878524
2016-07-25,-0.0037313576847114523
2016-07-26,0.0027487399572669077
2016-07-27,0.007566240073110042
2016-07-28,0.0007657381133795621
2016-07-29,0.006607669703919064
2016-08-01,-0.00661735528724368
2016-08-02,-0.0016524026566861368
2016-08-03,-0.003482805873111781
2016-08-04,0.006722919348534459
2016-08-05,-0.01174369696587139
2016-08-08,-0.0019397486870037408
2016-08-09,0.005871959929268285
2016-08-10,0.006521884858924659
2016-08-11,-0.012197600947667114
2016-08-12,-0.0029587415374645425
2016-08-15,-0.010735346872490429
2016-08-16,-0.0005873267940897916
2016-08-17,-0.0015566263822803768
2016-08-18,-0.005830754086091026
2016-08-19,-0.007539219193581279
2016-08-22,0.0076105380164387245
2016-08-23,0.0017851629781144075
2016-08-24,-0.0026771052651795497
2016-08-25,0.0009921742509009911
2016-08-26,-0.005648000181406298
2016-08-29,0.0113936523809992
2016-08-30,-0.0026498085809384853
2016-08-31,0.0013638479472408164
2016-09-01,0.0035344645459197627
2016-09-02,0.0010281472044682616
2016-09-06,0.007740126798685452
2016-09-07,-0.010498101254236301
2016-09-08,-0.009295048738802342
2016-09-09,-0.017522402070551515
2016-09-12,0.006668837166494565
2016-09-13,-0.0008994897108509648
2016-09-14,-0.0012160735507548062
2016-09-15,0.005142218492357253
2016-09-16,-0.0019850692247235313
2016-09-19,0.0002821540802520853
2016-09-20,0.0028667910787885777
2016-09-21,0.007113230712692566
2016-09-22,0.005398857306521592
2016-09-23,0.0008289975963949104
2016-09-26,0.0008460544821876264
2016-09-27,0.006720206749138457
2016-09-28,-0.0031294355998521066
2016-09-29,-0.0009232400382872987
2016-09-30,-0.00013041520091535094
2016-10-03,-0.005992383109729655
2016-10-04,-0.007642847579463452
2016-10-05,-0.0013652144397984357
2016-10-06,0.0028606875575593687
2016-10-07,0.001757373400385132
2016-10-10,0.0018404102747216146
2016-10-11,-0.0028617807694614602
2016-10-12,0.0010215030586026334
2016-10-13,-0.00391557186704058
2016-10-14,0.008279708389587082
2016-10-17,0.004051856665654165
2016-10-18,0.00048671057499452905
2016-10-19,0.005891204554166259
2016-10-20,-0.004147687209607036
2016-10-21,-0.0002456164856005339
2016-10-24,0.0014148890692061416
2016-10-25,0.00037865727683479865
2016-10-26,-0.00507020139141999
2016-10-27,-0.009942847012666485
2016-10-28,0.0016353725478626406
2016-10-31,0.002385098454142462
2016-11-01,0.0029084950632936057
2016-11-02,-0.0050173412350733035
2016-11-03,-0.0019354219389853414
2016-11-04,-0.005226160803522398
2016-11-07,0.004429037759345212
2016-11-08,0.006567275143093679
2016-11-09,0.0015671978635775242
2016-11-10,0.003334238531260482
2016-11-11,0.0065688424192241164
2016-11-14,0.007463263418755999
2016-11-15,0.0031927434482958016
2016-11-16,-0.0027700715564676834
2016-11-17,0.013340974060038415
2016-11-18,0.0032446041361853407
2016-11-21,-0.009419867647421339
2016-11-22,0.0036771366363454795
2016-11-23,0.011022256329711032
2016-11-25,-0.004347381063305882
2016-11-28,-0.004505580361448249
2016-11-29,-0.00019299838742754233
2016-11-30,0.006725597424335373
2016-12-01,-0.005446798785785845
2016-12-02,-0.00837495517550268
2016-12-05,0.002560092992773773
2016-12-06,0.0019403506743525555
2016-12-07,-0.001669839067796604
2016-12-08,0.00560721266478169
2016-12-09,0.008309293892121506
2016-12-12,-0.008025557758381291
2016-12-13,0.003312698385415797
2016-12-14,0.012533520599338896
2016-12-15,0.009189811238991845
2016-12-16,-0.003654029127286309
2016-12-19,-0.002665666346625802
2016-12-20,0.0015575849212725226
2016-12-21,-0.001443952047052628
2016-12-22,-0.00010232138297982138
2016-12-23,-9.664060604543572e-05
2016-12-27,0.0032833247629866376
2016-12-28,-0.004461016661279041
2016-12-29,-0.010695164813318841
2016-12-30,-0.0029375416502368957
2017-01-03,0.001932167733095317
2017-01-04,-0.001710261211867526
2017-01-05,-0.008521737382681404
2017-01-06,0.006864714143313794
2017-01-09,-0.008203420342639121
2017-01-10,0.002834629825358827
2017-01-11,0.0012822677066030778
2017-01-12,0.0023380358392861285
2017-01-13,0.0005107286528493797
2017-01-17,-0.008177189558063172
2017-01-18,0.0058628751788258986
2017-01-19,-0.0006791582306247947
2017-01-20,-0.001623089980070018
2017-01-23,-0.006935814422025924
2017-01-24,0.005419942611098497
2017-01-25,0.003895224376798491
2017-01-26,0.0008444844953979713
2017-01-27,-0.0008654641324294493
2017-01-30,-0.007560900348040683
2017-01-31,-0.004600691350401481
2017-02-01,0.003599095264677959
2017-02-02,-0.0015566833228332232
2017-02-03,0.004057063963130531
2017-02-06,-0.0010161457553282927
2017-02-07,-0.004808846651580848
2017-02-08,0.005325650713097051
2017-02-09,0.0014882719632481332
2017-02-10,0.009397559374110263
2017-02-13,0.002010949787859683
2017-02-14,0.00137643178545273
2017-02-15,0.007386582191978849
2017-02-16,-0.0032187048435055317
2017-02-17,-0.0021634622407280786
2017-02-21,0.0045958519435182615
2017-02-22,-0.0020532158619372227
2017-02-23,-0.0020151340669433315
2017-02-24,0.0004576570317207172
2017-02-27,0.0019472511874087633
2017-02-28,-0.002990953470913095
2017-03-01,0.0054138539968770745
2017-03-02,-0.00897435893608919
2017-03-03,-0.0002679746445272017
2017-03-06,-0.0020911809831552354
2017-03-07,-0.002156422874071031
2017-03-08,-0.004573033287231414
2017-03-09,-0.0028955187751705364
2017-03-10,-0.00139534659233858
2017-03-13,-0.0003622720934483686
2017-03-14,0.0003608497734192008
2017-03-15,0.0024948879955283636
2017-03-16,-0.0009555419022992971
2017-03-17,0.00045458449520130575
2017-03-20,-0.000814835748347587
2017-03-21,-0.011918991538881124
2017-03-22,0.0015439224143102153
2017-03-23,-0.0020439009666385908
2017-03-24,0.0014037934823807555
2017-03-27,-0.00222511903704332
2017-03-28,0.007465990403980811
2017-03-29,0.0031645026208958938
2017-03-30,0.001067685143323512
2017-03-31,0.000292413971916843
2017-04-03,-0.002017822560155782
2017-04-04,-0.003138791817996448
2017-04-05,-0.0015651508359328138
2017-04-06,-0.0007920186506851056
2017-04-07,-0.00446367217869567
2017-04-10,0.0026302115168200992
2017-04-11,0.0065816790600396295
2017-04-12,0.0059290672357842624
2017-04-13,-0.0028722953354799433
2017-04-17,0.003462061787226444
2017-04-18,0.007926629573501563
2017-04-19,-0.004443333922175048
2017-04-20,0.004476138485837851
2017-04-21,0.00011117067376000743
2017-04-24,-0.0011558457401043083
2017-04-25,-0.0053498894408792255
2017-04-26,0.003367665928896555
2017-04-27,0.0009429199360094053
2017-04-28,0.003055321001189136
2017-05-01,-0.005817839138925395
2017-05-02,0.0022321841126502805
2017-05-03,0.008032484814565996
2017-05-04,0.0073615799132173785
2017-05-05,-0.005981493145109335
2017-05-08,0.004019510793782735
2017-05-09,0.0026579200683286125
2017-05-10,-0.0036535076760440565
2017-05-11,-0.004046330519179423
2017-05-12,-0.00047782158789391776
2017-05-15,-0.005028653396763148
2017-05-16,-0.004801681353595565
2017-05-17,-0.009126564678947192
2017-05-18,0.009477191599654669
2017-05-19,-0.00867960644831287
2017-05-22,-0.0021966567571527662
2017-05-23,0.004097004833870161
2017-05-24,-0.0006105060523664049
2017-05-25,0.012549596177959057
2017-05-26,-0.004087908203857025
2017-05-30,0.008092499062539974
2017-05-31,0.002513688390797465
2017-06-01,0.011485422460104543
2017-06-02,0.005090861220838203
2017-06-05,-0.0015616279525447953
2017-06-06,-0.0019274453418503003
2017-06-07,-0.0022237686999481017
2017-06-08,-0.00180139771332535
2017-06-09,-0.007393739378819799
2017-06-12,0.0010752548952257033
2017-06-13,0.0003405856992756566
2017-06-14,0.002622263641080264
2017-06-15,-0.0074753989116183904
2017-06-16,-0.002351342609052937
2017-06-19,0.002989369890373111
2017-06-20,0.004313699060473165
2017-06-21,0.004835519231318902
2017-06-22,0.002017173164990178
2017-06-23,0.00132016845952123
2017-06-26,-0.00039257545224279463
2017-06-27,-0.006531608751917127
2017-06-28,0.0011646677031486247
2017-06-29,-0.008445371557539806
2017-06-30,-0.012278864557128765
2017-07-03,-0.010412092187271606
2017-07-05,-0.00185167854492618
2017-07-06,-0.0010692366645614275
2017-07-07,0.0047357376703732875
2017-07-10,-0.003597935628241414
2017-07-11,-0.003510742355599568
2017-07-12,0.004162760733398539
2017-07-13,0.005045301600504006
2017-07-14,-0.004452351651339967
2017-07-17,-0.00026750019085939225
2017-07-18,-0.0015200123563660509
2017-07-19,-0.0004672925575150437
2017-07-20,-0.000644751107821759
2017-07-21,0.001776907851828528
2017-07-24,0.0004870608615211315
2017-07-25,0.0018538273341612286
2017-07-26,-0.0016549453694311902
2017-07-27,-0.0036581253215925997
2017-07-28,-0.0030956261025101533
2017-07-31,0.0010607449152654348
2017-08-01,0.003452703598968284
2017-08-02,0.000703096007518879
2017-08-03,-0.0036367905596014875
2017-08-04,0.000732942161906292
2017-08-07,0.0010090895539019555
2017-08-08,-0.0028628714268657493
2017-08-09,0.0017525838495971449
2017-08-10,-0.013388884671346982
2017-08-11,0.004618802800553942
2017-08-14,-0.0007666430548756491
2017-08-15,-0.002368180124763501
2017-08-16,0.005071115088300497
2017-08-17,-0.011782681388956402
2017-08-18,0.010067912214782907
2017-08-21,-0.0018114923337037717
2017-08-22,0.005596626700307055
2017-08-23,0.0022881894106439628
2017-08-24,0.004328742423031802
2017-08-25,0.00028511433144860624
2017-08-28,-0.0015977888857706638
2017-08-29,0.007092228832905717
2017-08-30,-0.001213101855689493
2017-08-31,0.014827206103573244
2017-09-01,0.0032041583055787094
2017-09-05,-0.006311601626846052
2017-09-06,-0.00023420324758070672
2017-09-07,0.009378458806006932
2017-09-08,-0.005682486680808273
2017-09-11,0.0008901366501766303
2017-09-12,-0.0008436672988271762
2017-09-13,-0.0067101608734843375
2017-09-14,-0.005012169755939997
2017-09-15,-0.001956822677895843
2017-09-18,-7.57598587089019e-05
2017-09-19,0.0016829314126332972
2017-09-20,-0.005551547752758352
2017-09-21,-0.0033992677253428384
2017-09-22,0.0004640516033500575
2017-09-25,9.671549374522091e-05
2017-09-26,-0.004308442968243563
2017-09-27,-0.00695465396054515
2017-09-28,0.004165913056691338
2017-09-29,-0.0025309820125286944
2017-10-02,0.0013938480262910182
2017-10-03,-0.0015837705823979432
2017-10-04,0.0014234088761411866
2017-10-05,0.0028262456915738223
2017-10-06,-0.001987163388775387
2017-10-09,0.00033609655293242205
2017-10-10,0.0005509437488416108
2017-10-11,0.0015875543419835163
2017-10-12,-0.002642914023224159
2017-10-13,-0.002362337955747881
2017-10-16,0.005094036570746818
2017-10-17,0.001820012875766087
2017-10-18,0.0053517107795746826
2017-10-19,-0.006191159526933163
2017-10-20,0.006784514489662398
2017-10-23,-0.0042815533866652575
2017-10-24,0.005562128567743891
2017-10-25,-0.0017638546659503975
2017-10-26,0.0035694424692324068
2017-10-27,-7.307996578985617e-05
2017-10-30,-0.0029594621165117403
2017-10-31,0.0049039397876944
2017-11-01,-0.0016315114294401325
2017-11-02,-0.004568007356512419
2017-11-03,0.001980439846552244
2017-11-06,0.0002203177551902589
2017-11-07,-0.002426349324457559
2017-11-08,0.0020541416740848736
2017-11-09,-0.0021461650072006526
2017-11-10,0.002023411929544014
2017-11-13,0.0023838578831178385
2017-11-14,-0.0065023219795051585
2017-11-15,-0.0020495576722214387
2017-11-16,0.005593462396561065
2017-11-17,-0.004785686263822523
2017-11-20,0.004569311406174183
2017-11-21,0.0029071152494051576
2017-11-22,-0.003432689940979106
2017-11-24,0.005616373532514271
2017-11-27,-0.002444319741848963
2017-11-28,0.0033587001257049396
2017-11-29,0.00025253568554832755
2017-11-30,0.005750359608280075
2017-12-01,-0.00602941651865829
2017-12-04,0.0001434549059714276
2017-12-05,0.0008759819224042609
2017-12-06,-0.0010482591831002428
2017-12-07,0.003315862909322731
2017-12-08,1.6695688752102333e-05
2017-12-11,0.003958758167781292
2017-12-12,-0.0004623466396128076
2017-12-13,-0.0017447842992293
2017-12-14,2.923980626085402e-05
2017-12-15,0.0036397333536724425
2017-12-18,0.0021865547932610153
2017-12-19,-0.0003850043607077365
2017-12-20,-0.001250117120596759
2017-12-21,0.0013772258785651218
2017-12-22,-0.0005498383694829799
2017-12-26,0.0025263865850405427
2017-12-27,-0.002397256686298543
2017-12-28,0.0015960432140809356
2017-12-29,-0.002203849235490121
2018-01-02,0.0033924014330871345
2018-01-03,0.001987996814451133
2018-01-04,0.006645418927338888
2018-01-05,0.0015229046896643472
2018-01-08,0.0011695201458918262
2018-01-09,-0.003145726560989404
2018-01-10,0.0012028837525634322
2018-01-11,0.0036813033072707704
2018-01-12,0.010075884330571635
2018-01-16,0.0023066756171765727
2018-01-17,0.00027156359032637356
2018-01-18,-0.0016064553069721646
2018-01-19,-0.0009196066594821311
2018-01-22,0.0032796121984677174
2018-01-23,-0.0005368387308237253
2018-01-24,0.006198468574698535
2018-01-25,-0.0010928351995071791
2018-01-26,0.006434677260254985
2018-01-29,-0.00793680472751806
2018-01-30,-0.00973014549901041
2018-01-31,0.008920770062161062
2018-02-01,0.0036800715161250056
2018-02-02,-0.015128258692501834
2018-02-05,-0.023395455496898664
2018-02-06,0.010333884186783882
2018-02-07,-0.009049994972630399
2018-02-08,-0.004548303035769426
2018-02-09,-0.0007328155948843489
2018-02-12,0.006265707723005913
2018-02-13,0.0040926315201226
2018-02-14,0.01734892438949803
2018-02-15,0.008024945714028151
2018-02-16,-0.003954990919279324
2018-02-20,-0.00607292580277856
2018-02-21,-0.00420919294374286
2018-02-22,0.004706215341246091
2018-02-23,0.002359839544720786
2018-02-26,0.003956951207856978
2018-02-27,-0.004537753595191764
2018-02-28,-0.007555675351736598
2018-03-01,-0.0063515808018366525
2018-03-02,0.0028884714649615754
2018-03-05,0.0017940827872924292
2018-03-06,-0.004480723389497356
2018-03-07,0.0035389813527066166
2018-03-08,-0.00010113304011648962
2018-03-09,-0.0005524620011544602
2018-03-12,-0.0007733239643648647
2018-03-13,-0.0031477234939278577
2018-03-14,-0.0012197518422111709
2018-03-15,0.0017243368584052082
2018-03-16,0.0012588917224344777
2018-03-19,-0.0015469059440179316
2018-03-20,0.004135786046074882
2018-03-21,-0.002109146436522203
2018-03-22,-0.003955902496132721
2018-03-23,0.004698752956432905
2018-03-26,0.002544142876739146
2018-03-27,-0.008276980065613292
2018-03-28,-0.0030378971786575457
2018-03-29,0.002433658075347853
2018-04-02,-0.0026148855068651488
2018-04-03,0.0010961360815477015
2018-04-04,-0.0015096366738996665
2018-04-05,-0.005555730774763374
2018-04-06,0.0030426509950945784
2018-04-09,0.00040390172167557793
2018-04-10,0.004477354247987054
2018-04-11,0.004484540368620105
2018-04-12,-0.0021548245419944793
2018-04-13,0.001656346366528741
2018-04-16,0.0012403135229511596
2018-04-17,-0.00267830581617443
2018-04-18,-0.002271179391273912
2018-04-19,3.431733678874231e-05
2018-04-20,-8.322124181420009e-05
2018-04-23,0.00418565731031405
2018-04-24,-0.0005858208319547701
2018-04-25,-0.0006770097468489281
2018-04-26,0.0016115017328684666
2018-04-27,-0.0005712363838716848
2018-04-30,0.0017606474724994443
2018-05-01,-0.005569274873302276
2018-05-02,-0.0018285697242748536
2018-05-03,-0.0024295580160704844
2018-05-04,0.001711325335089434
2018-05-07,-0.0018287338082906771
2018-05-08,0.002669207935373047
2018-05-09,0.005182970075962505
2018-05-10,-0.0041366280117510505
2018-05-11,-0.0015976047153389962
2018-05-14,0.005735208190396188
2018-05-15,0.007777424369753357
2018-05-16,0.003634657459771879
2018-05-17,-0.00025246097576784096
2018-05-18,-0.0036946125204066
2018-05-21,0.0011421483311256063
2018-05-22,-0.0015138582748300104
2018-05-23,-0.004421554965342003
2018-05-24,-0.006525293161713677
2018-05-25,-0.005845575848167813
2018-05-29,-0.016727592445119545
2018-05-30,0.007011898426034383
2018-05-31,0.001505860454679884
2018-06-01,0.002888651400518675
2018-06-04,0.008489434696282874
2018-06-05,-0.004294050534913407
2018-06-06,0.002689441759093094
2018-06-07,0.0061490454686933226
2018-06-08,-0.0025848656266914396
2018-06-11,0.009015290424571725
2018-06-12,-0.005220070888127122
2018-06-13,0.004461470854075856
2018-06-14,0.010524152969640743
2018-06-15,-0.004728915142198655
2018-06-18,0.0030569227950226307
2018-06-19,0.004975865010060824
2018-06-20,0.0005742688859026975
2018-06-21,-0.007141737243862468
2018-06-22,0.003536150960093485
2018-06-25,0.0004387049796047663
2018-06-26,0.006564081358754341
2018-06-27,0.004432223070424006
2018-06-28,0.006256897898279448
2018-06-29,-0.003661741713011541
2018-07-02,0.0027041427027717935
2018-07-03,-0.008645915118168044
2018-07-05,0.0025226215486325696
2018-07-06,-0.006435351900856766
2018-07-09,0.005519876484486069
2018-07-10,0.0017473199909287145
2018-07-11,0.009573286277864903
2018-07-12,0.0009199718060487385
2018-07-13,0.00235832311197069
2018-07-16,-0.0019749719446178395
2018-07-17,0.005984649910003919
2018-07-18,-1.5539659890695796e-05
2018-07-19,0.0008936180095175706
2018-07-20,-0.008498962090085344
2018-07-23,0.007192302222334351
2018-07-24,-0.0025019726651834546
2018-07-25,-0.004374820630535066
2018-07-26,0.0075511199997808885
2018-07-27,-0.005795032663031164
2018-07-30,-0.0031990432883648276
2018-07-31,-0.004239785085074543
2018-08-01,0.006992723935030386
2018-08-02,0.005084204493437092
2018-08-03,-0.005147337556925007
2018-08-06,0.004259575482420691
2018-08-07,-0.0005574209315031342
2018-08-08,-0.0014986180797506435
2018-08-09,-0.0018118316622716475
2018-08-10,0.0020750875903868256
2018-08-13,0.003385047516016375
2018-08-14,0.004009064206309652
2018-08-15,0.004304692325754655
2018-08-16,-0.0018410401185311538
2018-08-17,-0.007213257280109489
2018-08-20,-0.005190751401639777
2018-08-21,-0.0035692642266095483
2018-08-22,0.0062647579485023645
2018-08-23,0.009129486799560372
2018-08-24,-0.0062185551460610415
2018-08-27,-0.0021671809330435885
2018-08-28,0.005209685144364904
2018-08-29,0.0006651940420882373
2018-08-30,0.0007905793056415332
2018-08-31,0.0007386549631204797
2018-09-04,0.008862468923997377
2018-09-05,-0.007378124773158086
2018-09-06,-0.0044507006333738205
2018-09-07,0.002165754575322827
2018-09-10,-0.0021597942378601947
2018-09-11,0.006018477038551354
2018-09-12,-0.005060977224300682
2018-09-13,-0.00025873870450707155
2018-09-14,0.006958548368472151
2018-09-17,-0.0037984910260570447
2018-09-18,-0.0009435658295313486
2018-09-19,-0.002595264538361763
2018-09-20,-0.007456492345917461
2018-09-21,0.0007454194075394931
2018-09-24,0.004931312904631127
2018-09-25,-0.0034571421151156274
2018-09-26,0.003300165705897959
2018-09-27,0.009203733664211414
2018-09-28,-0.0016727796893114375
2018-10-01,0.0011738029983062732
2018-10-02,-0.004366882613537438
2018-10-03,0.01578807785742171
2018-10-04,-0.004393418735133316
2018-10-05,-0.0013162972761482992
2018-10-08,0.0018271258147074016
2018-10-09,-0.002025069788040423
2018-10-10,-0.014015044245449047
2018-10-11,-0.008759702207574068
2018-10-12,0.0010490379885344028
2018-10-15,-0.0036143145967492355
2018-10-16,0.007446859534831152
2018-10-17,0.0030408819191130995
2018-10-18,-0.003215581960000346
2018-10-19,0.001332306948057752
2018-10-22,0.0022428343894699554
2018-10-23,-0.00848171926860183
2018-10-24,-0.009819357849993316
2018-10-25,0.005141781390326931
2018-10-26,-0.003916313501073607
2018-10-29,1.5486122344867995e-05
2018-10-30,0.009193296402831804
2018-10-31,0.0031523872777742775
2018-11-01,-0.011232865513389319
2018-11-02,0.005300313191308267
2018-11-05,0.0029169529760310234
2018-11-06,-0.0004974198527567318
2018-11-07,0.00047949341458156835
2018-11-08,0.003475333126017441
2018-11-09,0.004549384984743103
2018-11-12,0.004338124856241449
2018-11-13,-0.000330866111264945
2018-11-14,0.00391107714718477
2018-11-15,-0.008443678483557844
2018-11-16,-0.006551448737846021
2018-11-19,0.0041415420557563325
2018-11-20,0.009190855244164816
2018-11-21,-0.005421609762079373
2018-11-23,0.0044633364957995785
2018-11-26,0.0020453245736019813
2018-11-27,0.0003701143998675336
2018-11-28,-0.007204457167862021
2018-11-29,-0.0015033957905084827
2018-11-30,-0.001969751067161056
2018-12-03,-0.008510168108302229
2018-12-04,-0.004956882472367265
2018-12-06,0.0004199773581156143
2018-12-07,-0.004208675652444753
2018-12-10,0.0075321525066172025
2018-12-11,-0.0006594840170635807
2018-12-12,-0.003855978688981733
2018-12-13,-0.0027298498887190787
2018-12-14,0.00500933733191395
2018-12-17,-0.0002553199785929646
2018-12-18,0.0023807656334238134
2018-12-19,-0.0058574314901856245
2018-12-20,0.0007726620638297376
2018-12-21,0.006784066278298082
2018-12-24,-0.003542826719978795
2018-12-26,-0.002714875319181753
2018-12-27,9.743167741738083e-05
2018-12-28,-0.004675198586425638
2018-12-31,-0.009972792701934637
2019-01-02,-0.004532666631841453
2019-01-03,-0.00616964289015665
2019-01-04,-0.025615805662346253
2019-01-07,-0.005000848673872623
2019-01-08,-0.006044148948697122
2019-01-09,-0.006727831157021743
2019-01-10,0.0029629449176450232
2019-01-11,0.00047196995256640697
2019-01-14,0.005672337073762877
2019-01-15,-0.002769611515727256
2019-01-16,-0.0003798336973621108
2019-01-17,-0.007516248139522507
2019-01-18,-0.007524736559423878
2019-01-22,0.010478942364519158
2019-01-23,-0.0019160058082670164
2019-01-24,0.0007022407923685676
2019-01-25,-0.011480564065149343
2019-01-28,0.009364489041213682
2019-01-29,-0.0011507569748029634
2019-01-30,-0.007902432323875342
2019-01-31,0.0018266661087124093
2019-02-01,-0.004361655593905025
2019-02-04,-0.0036396129755388446
2019-02-05,0.005685246959703048
2019-02-06,0.0016689637429591173
2019-02-07,0.007406787319740679
2019-02-08,0.003207671327282013
2019-02-11,-0.0020735566716594046
2019-02-12,-0.00535964129362747
2019-02-13,-2.9005828236881786e-05
2019-02-14,0.0031011232595705377
2019-02-15,-0.0008587621175508276
2019-02-19,0.0050424784196844855
2019-02-20,0.0019487309672005903
2019-02-21,-0.009341215867984545
2019-02-22,0.005007884871268193
2019-02-25,0.0005698573854895144
2019-02-26,0.0010258347294641412
2019-02-27,-0.006243904225085394
2019-02-28,-0.0057180364443716394
2019-03-01,-0.006408825129627028
2019-03-04,-0.003242412492279675
2019-03-05,0.0005696163314491715
2019-03-06,0.005043525728094792
2019-03-07,0.0067294631629515374
2019-03-08,-0.0010232704054347049
2019-03-11,0.0038828348340347717
2019-03-12,-0.004911986492104236
2019-03-13,0.0009945150992830018
2019-03-14,-0.00292435885158062
2019-03-15,-0.0008416819232382031
2019-03-18,-0.00018540265228108444
2019-03-19,-0.0001997736883209242
2019-03-20,0.00024553241342349153
2019-03-21,5.3901156429520715e-05
2019-03-22,-0.0001907787439958804
2019-03-25,0.0007525027012460303
2019-03-26,0.0040255718443793645
2019-03-27,0.005016913790644069
2019-03-28,0.0008783458865434978
2019-03-29,0.006604469077613718
2019-04-01,-0.003169798922899157
2019-04-02,0.0005028792130273027
2019-04-03,-0.00451974785595642
2019-04-04,0.001103989932744098
2019-04-05,0.004265621471117088
2019-04-08,-0.0034087000006804134
2019-04-09,9.214997557921e-05
2019-04-10,0.002096535844430181
2019-04-11,0.00197088189689384
2019-04-12,-0.004818123021917216
2019-04-15,0.000349656126314831
2019-04-16,0.0031479307902434555
2019-04-17,0.0023335099448932263
2019-04-18,0.004395940724777113
2019-04-22,-0.0007303780425882305
2019-04-23,0.00911782725843703
2019-04-24,0.006720914930682709
2019-04-25,-0.004502261348270221
2019-04-26,0.0018415008097601288
2019-04-29,-0.0003403982253145593
2019-04-30,0.002292117974100434
2019-05-01,-0.0008228399400131359
2019-05-02,0.002412431054227633
2019-05-03,-0.0009900351520140383
2019-05-06,0.0027738477408620643
2019-05-07,-0.004446546973329486
2019-05-08,0.0036247823901577056
2019-05-09,0.005132181894516294
2019-05-10,-0.00030041997895868973
2019-05-13,-0.01188863280304396
2019-05-14,-0.0023289412339332163
2019-05-15,0.002562012341141209
2019-05-16,0.0009530708144779014
2019-05-17,0.006216545606101804
2019-05-20,-0.011786262139244576
2019-05-21,0.006537646578624265
2019-05-22,-0.0023339200488805205
2019-05-23,-0.0047979591012556125
2019-05-24,-0.009835264720593685
2019-05-28,-0.007678820313628727
2019-05-29,-0.0018122445812818117
2019-05-30,-0.011669652607466406
2019-05-31,-0.0025481827335015837
2019-06-03,-0.007144012631731768
2019-06-04,-0.010782015648244077
2019-06-05,0.0057747060563083765
2019-06-06,-0.005811566908759458
2019-06-07,0.00022399723541657453
2019-06-10,-0.005265825710287254
2019-06-11,-9.823496757953357e-05
2019-06-12,0.007109975627954421
2019-06-13,0.002045643265038795
2019-06-14,0.005300434519763442
2019-06-17,-0.0016368728995978968
2019-06-18,-0.005900122602087979
2019-06-19,0.0007738591494764594
2019-06-20,-0.0065288320427517145
2019-06-21,-0.001996592598755363
2019-06-24,0.0018777264494644025
2019-06-25,0.002100301817010649
2019-06-26,-0.006803365260723466
2019-06-27,6.109400060274779e-05
2019-06-28,-0.0023333086552778425
2019-07-01,0.0028829244943787604
2019-07-02,0.010158706891052126
2019-07-03,0.00272846681028049
2019-07-05,-0.011349072371232494
2019-07-08,-0.002511384750228452
2019-07-09,-0.004016004507707197
2019-07-10,0.004910659721610053
2019-07-11,-0.004984466792950747
2019-07-12,0.003854195594966808
2019-07-15,0.0021176270733593286
2019-07-16,-0.0020518795404027707
2019-07-17,0.005038441852288806
2019-07-18,0.0033713953622727727
2019-07-19,-0.005571367901027974
2019-07-22,-0.0007973094754011949
2019-07-23,-0.00364150289048715
2019-07-24,0.0057058525171761795
2019-07-25,-0.005879548379754383
2019-07-26,0.002734928691925228
2019-07-29,0.00343197411933537
2019-07-30,0.0019359065680265707
2019-07-31,-0.006160946502272005
2019-08-01,0.015452683850315355
2019-08-02,-4.113153443285238e-05
2019-08-05,0.00402395992307905
2019-08-06,0.014113128649946816
2019-08-07,0.007150044018985571
2019-08-08,-0.0005858774163832729
2019-08-09,-0.005934137507766259
2019-08-12,0.006529211422414262
2019-08-13,-0.0043445012610353806
2019-08-14,0.00804401758691934
2019-08-15,0.00956081870055231
2019-08-16,8.008824467695321e-05
2019-08-19,-0.00278952447480971
2019-08-20,-0.0018569367310836684
2019-08-21,0.002271291795237415
2019-08-22,-0.0013218046011091123
2019-08-23,0.006281512581648543
2019-08-26,0.0020389947669485235
2019-08-27,0.005684948796656735
2019-08-28,0.0017113000392663881
2019-08-29,0.0012041447640595226
2019-08-30,0.0080812802908478
2019-09-03,0.010284099399170432
2019-09-04,-0.009081802500437667
2019-09-05,-0.014429112557957086
2019-09-06,0.0004592631591603984
2019-09-09,-0.009219760648081247
2019-09-10,-0.012717504982954203
2019-09-11,0.0005321428595310051
2019-09-12,-0.005832371936437693
2019-09-13,-0.014148323094782452
2019-09-16,0.004833905257897043
2019-09-17,0.0051244109513114205
2019-09-18,0.001124493241163168
2019-09-19,0.002093244436236324
2019-09-20,0.009797835880317416
2019-09-23,-0.000863841620895493
2019-09-24,0.006115262931889878
2019-09-25,-0.008300210603108883
2019-09-26,0.00474480345376297
2019-09-27,-0.0033127337613138015
2019-09-30,-0.005579132405895776
2019-10-01,0.0028327095570838887
2019-10-02,0.0011342519555073202
2019-10-03,0.0052157598734923405
2019-10-04,0.0011734323394972518
2019-10-07,-0.0010306336663160884
2019-10-08,-0.0027481810116129247
2019-10-09,-0.001136415252006618
2019-10-10,-0.004952142474020234
2019-10-11,-0.008371453954315329
2019-10-14,0.004435881375559833
2019-10-15,0.0019145837957227252
2019-10-16,-0.0014436171119302102
2019-10-17,-0.007935470725550994
2019-10-18,-0.008053167483534131
2019-10-21,0.00046695900387465437
2019-10-22,0.004386265649651806
2019-10-23,-0.002661915735201621
2019-10-24,0.005355042083920128
2019-10-25,0.0007937861200691562
2019-10-28,2.6494170295814797e-05
2019-10-29,0.0004890013326608886
2019-10-30,0.002399330887898422
2019-10-31,0.0027673502029854817
2019-11-01,-0.002763398583035199
2019-11-04,0.002310416108249889
2019-11-05,-0.007923504839548382
2019-11-06,0.0015323591426360732
2019-11-07,-0.006117301125497832
2019-11-08,-0.005615450564193401
2019-11-11,-0.003136126550624347
2019-11-12,-0.002541304113874606
2019-11-13,0.0016776918289151904
2019-11-14,0.0031359655750329524
2019-11-15,0.0026487877947536133
2019-11-18,0.00161639816895258
2019-11-19,0.004354290646259599
2019-11-20,0.003692085331828863
2019-11-21,-0.005818753629691089
2019-11-22,-0.000729871864937258
2019-11-25,0.0033338284125520646
2019-11-26,0.003377195321521735
2019-11-27,-9.576037154647573e-05
2019-11-29,-0.003228362099411528
2019-12-02,-0.00892810441586465
2019-12-03,-0.010440289692149517
2019-12-04,0.0029738239719462
2019-12-05,-0.0015700955168007765
2019-12-06,0.010581622467903402
2019-12-09,-0.0009048562752243523
2019-12-10,-0.0033568716721493843
2019-12-11,-0.0009104137364965219
2019-12-12,0.005276412952774419
2019-12-13,0.001349534368199925
2019-12-16,-0.0016374480283963173
2019-12-17,-0.0007602110641649452
2019-12-18,0.0005679216668015238
2019-12-19,0.0013528701389497592
2019-12-20,0.0029791651378304764
2019-12-23,-0.001130593606359103
2019-12-24,-0.0016775954557328512
2019-12-26,0.003244221780258418
2019-12-27,-0.0027538133735153583
2019-12-30,-0.007365583765657137
2019-12-31,-0.0009650403398369278
2020-01-02,0.0053332150521375665
2020-01-03,-0.002909093790000678
2020-01-06,0.00029161994770706963
2020-01-07,-0.00032214372820382433
2020-01-08,-0.003393816695411689
2020-01-09,0.0004216397076408502
2020-01-10,-0.0015804744918636357
2020-01-13,0.0005616782554071802
2020-01-14,-0.0005033325572289081
2020-01-15,0.0053445912849884045
2020-01-16,0.0025688386772570234
2020-01-17,-3.3335558376287216e-07
2020-01-21,-0.0061134404620888354
2020-01-22,-0.004053375084619827
2020-01-23,-0.0030401769015581974
2020-01-24,-0.00976299046126828
2020-01-27,-0.013101408789843644
2020-01-28,0.0016393867613697243
2020-01-29,-0.0027599541337625113
2020-01-30,0.00015160433765883753
2020-01-31,-0.011774312476205662
2020-02-03,-0.004790454743889535
2020-02-04,-0.008463873028031631
2020-02-05,-0.003486936638775358
2020-02-06,-0.0003370625724376245
2020-02-07,0.005850928378671622
2020-02-10,0.005121538164370181
2020-02-11,-0.0035267798003606413
2020-02-12,-0.004232337540170787
2020-02-13,0.0009874263121486015
2020-02-14,-4.816042952638297e-05
2020-02-18,0.002617445079691945
2020-02-19,-0.0010651633536560145
2020-02-20,0.009481851114161598
2020-02-21,0.0014055411281608862
2020-02-24,0.01203302335782715
2020-02-25,-0.0006040918371542023
2020-02-26,0.005773008575034793
2020-02-27,0.0017636872044688645
2020-02-28,0.007658190602077658
2020-03-02,-0.012055176214662981
2020-03-03,0.015432095838907376
2020-03-04,-0.012800391798912346
2020-03-05,0.019645922308870117
2020-03-06,0.020574259544303017
2020-03-09,0.04108324068524962
2020-03-10,-0.012257508228160161
2020-03-11,0.0133130851749217
2020-03-12,0.04181314030884197
2020-03-13,-0.018400849049011427
2020-03-16,0.05212308069213583
2020-03-17,-0.004474666203819166
2020-03-18,0.02067915456326142
2020-03-19,-0.004895798340389865
2020-03-20,0.014865246834789297
2020-03-23,0.00021658109564931232
2020-03-24,-0.025865428724006576
2020-03-25,-0.007407230674572508
2020-03-26,-0.009748934006157934
2020-03-27,0.012070721638964308
2020-03-30,0.004727313677083715
2020-03-31,0.002401174025915695
2020-04-01,0.020130052129653835
2020-04-02,-0.006376798530816724
2020-04-03,0.0012936727136562685
2020-04-06,-0.015242255048162585
2020-04-07,-0.0065997715270095505
2020-04-08,-0.007420905714417028
2020-04-09,0.0030944686734672914
2020-04-13,0.0014910045123480513
2020-04-14,-3.224943302991234e-05
2020-04-15,0.014712514351207984
2020-04-16,-0.009530416128224983
2020-04-17,0.001712219685366208
2020-04-20,0.007544475357247121
2020-04-21,0.020024263991207686
2020-04-22,-0.008371784441320652
2020-04-23,-0.005477324796275486
2020-04-24,1.5732580353979864e-05
2020-04-27,-0.0006363541821958066
2020-04-28,-0.0021324412635109554
2020-04-29,-0.014056702024549853
2020-04-30,-0.0069200418824674256
2020-05-01,0.006003248681076593
2020-05-04,-0.00011766027576370414
2020-05-05,-0.0044965900901726115
2020-05-06,0.005748977446738432
2020-05-07,-0.005189675123546419
2020-05-08,-0.00856520497911246
2020-05-11,0.0033502151724330706
2020-05-12,0.0031012717833213015
2020-05-13,0.008763665193547536
2020-05-14,-0.002124259470566436
2020-05-15,-0.0019863457986892884
2020-05-18,-0.017161576161504512
2020-05-19,0.003417257589394716
2020-05-20,-0.003757072624577237
2020-05-21,0.003972414251941282
2020-05-22,0.004273048405463949
2020-05-26,-0.012504614447049844
2020-05-27,-0.000554664912389162
2020-05-28,-0.00037055980609060194
2020-05-29,-0.0014644795351030542
2020-06-01,-0.0016405465994601134
2020-06-02,-0.0029554932167527616
2020-06-03,-0.004356144525779518
2020-06-04,-0.0030708813715711806
2020-06-05,-0.006046729212152506
2020-06-08,0.0021502281116404518
2020-06-09,0.0050790898259808395
2020-06-10,0.004406367789806293
2020-06-11,-0.0031647791759794046
2020-06-12,-0.0011297910514793685
2020-06-15,0.0009170427873465446
2020-06-16,0.0023263620181517867
2020-06-17,-0.0002203379170910235
2020-06-18,-0.0005572766454007513
2020-06-19,0.0009541220657442951
2020-06-22,0.0020027484736033787
2020-06-23,0.0014729817101017569
2020-06-24,-0.00014799540144829168
2020-06-25,0.004007488426447797
2020-06-26,0.003133133893683041
2020-06-29,-0.0013893912013543605
2020-06-30,-1.866724272125673e-05
2020-07-01,-0.009239361522564249
2020-07-02,0.0029852424990510417
2020-07-06,-0.00020731153019617636
2020-07-07,0.00028691518459156274
2020-07-08,0.0006622050571215271
2020-07-09,-0.0008931510887812581
2020-07-10,0.0011904831984260878
2020-07-13,0.004752913207653473
2020-07-14,0.0021459864092669497
2020-07-15,-0.0056411826246364335
2020-07-16,-0.0006553386815386597
2020-07-17,0.0010370180622196025
2020-07-20,0.0055198005485289315
2020-07-21,0.003391469469104955
2020-07-22,-0.0007116984720050604
2020-07-23,-0.0015984931072747907
2020-07-24,-0.002032585141365562
2020-07-27,0.004205406283145408
2020-07-28,0.0002231094102452882
2020-07-29,0.002016775400707606
2020-07-30,0.0032665886327247614
2020-07-31,0.0001844259073984182
2020-08-03,-0.003119821850329605
2020-08-04,0.009148536526718888
2020-08-05,0.0025905043333041334
2020-08-06,0.005338562267736279
2020-08-07,-0.010656884162076016
2020-08-10,-0.00025351526615260175
2020-08-11,-0.011810513939082841
2020-08-12,0.003277499440887881
2020-08-13,-0.0037127333383093746
2020-08-14,0.0009496064906457718
2020-08-17,0.004606183792564584
2020-08-18,0.008260806011343274
2020-08-19,-0.009819041092758591
2020-08-20,0.0061045368662572055
2020-08-21,-0.0027858748907185265
2020-08-24,-0.0021554184165789056
2020-08-25,0.0007361010654466098
2020-08-26,0.0048841583861047155
2020-08-27,-0.004832278110138852
2020-08-28,0.006905572296645787
2020-08-31,0.00041027478438591654
2020-09-01,0.0038858867111128616
2020-09-02,-0.0006266409838937732
2020-09-03,-0.012210388766710012
2020-09-04,0.000818568231147077
2020-09-08,-0.012661846958430667
2020-09-09,0.009266367606662326
2020-09-10,-0.005701350405614574
2020-09-11,0.0033643830983310272
2020-09-14,0.005698251214515157
2020-09-15,-0.0013387695658453622
2020-09-16,0.003773404443328869
2020-09-17,0.001869855799537943
2020-09-18,0.0012005495624254074
2020-09-21,-0.015303960879536695
2020-09-22,-0.0028196119790911173
2020-09-23,-0.015193020001965419
2020-09-24,0.0023336425457349094
2020-09-25,-0.00014875096666363595
2020-09-28,0.009873805298757138
2020-09-29,-0.00022603799296139624
2020-09-30,0.008870499299335997
2020-10-01,-0.0018451798670670455
2020-10-02,-0.0005602226874665417
2020-10-05,-0.003802875503933504
2020-10-06,0.0032039062154990082
2020-10-07,0.0021390211991141653
2020-10-08,-0.0006527937387104634
2020-10-09,0.004799725221757948
2020-10-12,-0.0018556912986284974
2020-10-13,0.0009022939725659878
2020-10-14,0.002795622793714876
2020-10-15,0.0013160321099438014
2020-10-16,-0.001942696108878657
2020-10-19,-0.0005527712926031586
2020-10-20,0.0007951172133380939
2020-10-21,0.0030426147706220726
2020-10-22,-0.002943644695845295
2020-10-23,0.004542156946854111
2020-10-26,0.0014682861796250356
2020-10-27,-0.0007663234621977042
2020-10-28,-0.004916011619443902
2020-10-29,-0.0022025855351385498
2020-10-30,-0.0004879298799002062
2020-11-02,-0.0007683287565579938
2020-11-03,0.0002456788268620265
2020-11-04,0.0002769277127649523
2020-11-05,0.0040609694706952686
2020-11-06,0.00251570943553244
2020-11-09,-0.006332627222952646
2020-11-10,0.004174287291988822
2020-11-11,0.0022505856843722674
2020-11-12,-0.0025841224437153964
2020-11-13,0.0053091603566611
2020-11-16,-0.0013697457673485073
2020-11-17,0.0006656500753204317
2020-11-18,0.0018216852368498108
2020-11-19,-0.0003107334398707229
2020-11-20,0.0007185309590930465
2020-11-23,-0.00027374364894110226
2020-11-24,-0.0033316210336608956
2020-11-25,-0.005380528024772012
2020-11-27,0.007296465977812059
2020-11-30,-0.0065096860784906565
2020-12-01,3.0308971116436132e-05
2020-12-02,0.0002233406610734046
2020-12-03,0.008173716584198572
2020-12-04,0.0010939539528289216
2020-12-07,-0.0018045499728698228
2020-12-08,-0.0014050455732183267
2020-12-09,0.0003074087302495659
2020-12-10,0.005084790443436938
2020-12-11,-0.0006246487866084011
2020-12-14,0.0014969396874636237
2020-12-15,0.007491944928087441
2020-12-16,0.0007582527726990012
2020-12-17,0.006904909570734402
2020-12-18,0.0021343403843928255
2020-12-21,-0.0022725691422274714
2020-12-22,-0.0001257111569245855
2020-12-23,0.005903245099871295
2020-12-24,0.0016845715433528709
2020-12-28,0.0020226925083487632
2020-12-29,0.006088776825892581
2020-12-30,0.004947367964080311
2020-12-31,0.0027793745452221502
2021-01-04,-0.005280146013887909
2021-01-05,0.01001753491383367
2021-01-06,0.0012300058972966592
2021-01-07,-0.002360823105186964
2021-01-08,-0.0016012779203947967
2021-01-11,-0.007596189858640352
2021-01-12,0.012226198716169603
2021-01-13,-0.0021313291159587872
2021-01-14,0.005131601671811475
2021-01-15,-0.008191892576530458
2021-01-19,0.003055906473404321
2021-01-20,0.0032982409487344985
2021-01-21,0.001737064807746685
2021-01-22,-0.00818277391092417
2021-01-25,0.0036893287308788414
2021-01-26,0.005478627633189804
2021-01-27,-0.009854199476458088
2021-01-28,0.001667654449158558
2021-01-29,-0.00012475449039037865
2021-02-01,0.0013916624120422782
2021-02-02,-0.0010912291456413848
2021-02-03,0.0030373036620175917
2021-02-04,-0.000429811834409574
2021-02-05,0.004507568296661285
2021-02-08,0.005318257417849218
2021-02-09,0.0020857203460698443
2021-02-10,-0.004521365890137181
2021-02-11,0.002127623542612599
2021-02-12,0.003145333093829523
2021-02-16,0.004286821322592314
2021-02-17,-0.000948537092989539
2021-02-18,0.00013156187246474166
2021-02-19,0.0033115362618565273
2021-02-22,0.0024424411507803076
2021-02-23,0.0006160458559006699
2021-02-24,0.007215028301907307
2021-02-25,-0.007159831518091476
2021-02-26,-0.005804268493142749
2021-03-01,0.0007796055505079648
2021-03-02,0.000600008101954045
2021-03-03,-0.0028848626854246157
2021-03-04,2.6221235543570056e-05
2021-03-05,0.006833739050689915
2021-03-08,0.0003648245396077708
2021-03-09,0.0010435764281101745
2021-03-10,0.001479762300896982
2021-03-11,0.007346793748983847
2021-03-12,0.0029856114284970694
2021-03-15,-0.0010440644695778186
2021-03-16,0.0001984014642766384
2021-03-17,0.0034373044962860647
2021-03-18,-0.009159402027721586
2021-03-19,0.0021424800528095965
2021-03-22,-0.00029206015215887585
2021-03-23,-0.008723002521711865
2021-03-24,0.0019089068841005089
2021-03-25,-0.0018391729637491445
2021-03-26,0.004929802137884243
2021-03-29,-0.00032697174035113664
2021-03-30,-0.004863693892017094
2021-03-31,0.007251959144140874
2021-04-01,0.0002603856716135815
2021-04-05,0.002545457160495819
2021-04-06,-0.0034225431772087656
2021-04-07,-0.00010893356655044929
2021-04-08,-0.0006222365939543485
2021-04-09,-8.161544303393644e-05
2021-04-12,-0.002478062302114625
2021-04-13,-0.002863510254532978
2021-04-14,0.005980143100459011
2021-04-15,-0.00338806992520185
2021-04-16,0.0012041224847645202
2021-04-19,4.670767743165208e-05
2021-04-20,-0.0024432238742370807
2021-04-21,0.0020266741065696476
2021-04-22,0.0017489404530177204
2021-04-23,0.0034096877382881158
2021-04-26,0.0071126870775175145
2021-04-27,0.0025240469347686946
2021-04-28,6.642800567798234e-05
2021-04-29,0.002076190702274583
2021-04-30,0.00373685278974715
2021-05-03,9.485329772007997e-05
2021-05-04,0.0005445198425625975
2021-05-05,3.481307073609946e-05
2021-05-06,0.006770652611198181
2021-05-07,0.005937642372246118
2021-05-10,-0.0038709173410960943
2021-05-11,0.0016541461194062388
2021-05-12,-0.005610370255951731
2021-05-13,-0.004833664894894115
2021-05-14,0.006278817091311347
2021-05-17,0.003536910069804748
2021-05-18,-0.002761135481936671
2021-05-19,-0.008344461049584662
2021-05-20,0.0024936693414597364
2021-05-21,-0.0010172179746259589
2021-05-24,0.003548961431057379
2021-05-25,-0.00138482431989963
2021-05-26,-0.0008884431959788148
2021-05-27,0.009361056049489147
2021-05-28,-0.0025319083635110093
2021-06-01,0.005789586038158638
2021-06-02,0.0006674165068943528
2021-06-03,-0.006403680466164591
2021-06-04,0.006615878987042189
2021-06-07,-0.0005060836034186758
2021-06-08,0.0012069287722636097
2021-06-09,-0.0025334747168069354
2021-06-10,0.0006526213969413228
2021-06-11,-0.007088065323790552
2021-06-14,-0.003491959808314217
2021-06-15,-0.0046160875496226396
2021-06-16,-0.012153782870815205
2021-06-17,-0.01811347918544385
2021-06-18,-0.004476819739452476
2021-06-21,0.011238105329634967
2021-06-22,0.0013137638092795272
2021-06-23,0.002082720401274622
2021-06-24,-0.0002628222580914992
2021-06-25,-0.0019695401031455265
2021-06-28,0.0026194136238639415
2021-06-29,-0.0003052274498446559
2021-06-30,0.0054941747790398
2021-07-01,-0.002507701880082424
2021-07-02,-0.0001978305582105047
2021-07-06,-0.006996464838545155
2021-07-07,-0.0012403361824606125
2021-07-08,-0.0014062960763027781
2021-07-09,0.004347087972044407
2021-07-12,0.0026046875118450772
2021-07-13,-9.01696967548528e-05
2021-07-14,-0.001969796976971961
2021-07-15,-0.0023776798588182567
2021-07-16,-0.0008322428307859636
2021-07-19,-0.006976317026501762
2021-07-20,0.003743892700757066
2021-07-21,0.005965788746976833
2021-07-22,0.0017039927418421711
2021-07-23,0.001870886308117931
2021-07-26,0.0019445178875686627
2021-07-27,-0.0025390995709882627
2021-07-28,0.0019631209818111463
2021-07-29,0.001868987074767321
2021-07-30,-0.0008725501295901158
2021-08-02,-0.0022797169256662288
2021-08-03,-0.00037377021747860234
2021-08-04,-0.0038986469967530408
2021-08-05,0.0029206345790306737
2021-08-06,-0.004084185317944889
2021-08-09,-0.004685745148741923
2021-08-10,0.00261736856923024
2021-08-11,0.0035647296956994646
2021-08-12,-0.0027971037014298556
2021-08-13,0.0018858135593030033
2021-08-16,-0.0004829072703526378
2021-08-17,-0.0071606759120188615
2021-08-18,-0.006321772448762649
2021-08-19,-0.001554877257402356
2021-08-20,-0.004406262435474838
2021-08-23,0.013934289718978293
2021-08-24,0.0029625195285010782
2021-08-25,0.0038257068528047117
2021-08-26,-0.0012082923109690113
2021-08-27,0.0073179302066762085
2021-08-30,0.004045454201886719
2021-08-31,-0.0009063093838405735
2021-09-01,-0.001828377504113389
2021-09-02,-0.0016647037136161761
2021-09-03,-0.0021651624578400137
2021-09-07,0.0042862033012670145
2021-09-08,0.001887392352744551
2021-09-09,-0.0028839915610021616
2021-09-10,0.0007905548297815687
2021-09-13,0.0015744911196476558
2021-09-14,-0.0008812566402500793
2021-09-15,0.0003353883119090738
2021-09-16,0.004497139692177069
2021-09-17,0.0007775634933119724
2021-09-20,-0.004270145109209435
2021-09-21,-0.0027259947055361194
2021-09-22,0.004446790898867758
2021-09-23,0.004702559391838852
2021-09-24,0.002688632770194042
2021-09-27,0.0027358472762201006
2021-09-28,0.00026202162560293337
2021-09-29,0.0020411679858232707
2021-09-30,-0.0024075073715131767
2021-10-01,-0.0026555519000361154
2021-10-04,-0.0008919045518706415
2021-10-05,0.007929419061851094
2021-10-06,-0.003966430913900052
2021-10-07,0.0033636560945476124
2021-10-08,0.00015058020620727547
2021-10-11,0.004467181718429977
2021-10-12,-0.0005645001139118311
2021-10-13,-0.0044426189865645165
2021-10-14,-0.0019015309785660422
2021-10-15,0.005306916385331401
2021-10-18,0.0005895621139081095
2021-10-19,0.000437249982353643
2021-10-20,-0.0030233938091424133
2021-10-21,0.00021013390198216486
2021-10-22,-0.0004188224051705873
2021-10-25,0.002120527038391378
2021-10-26,-0.0006747562886362538
2021-10-27,-0.003476185502972885
2021-10-28,-0.002765679029600794
2021-10-29,0.007178985935545096
2021-11-01,0.00019080597017843965
2021-11-02,-0.004586903834008827
2021-11-03,0.0009542501867399649
2021-11-04,-0.004931817492284604
2021-11-05,-0.003414585277666659
2021-11-08,0.004055497068023021
2021-11-09,-0.0021375631707797175
2021-11-10,0.00459694501732131
2021-11-11,0.002464451006545938
2021-11-12,-0.0006494049007071724
2021-11-15,0.003217979786840985
2021-11-16,0.002099938871876817
2021-11-17,-0.00693903316337853
2021-11-18,-0.00018042842762188007
2021-11-19,-0.004289764746822213
2021-11-22,0.0069036904549873756
2021-11-23,0.0027560743561475297
2021-11-24,0.0018508453297854132
2021-11-26,-0.030911434561028253
2021-11-29,0.00668538659365875
2021-11-30,-0.007862435344276128
2021-12-01,-0.008147356133880472
2021-12-02,0.0025871768871413396
2021-12-03,-0.0013119873842337311
2021-12-06,0.0018929431675501057
2021-12-07,0.001060265834124424
2021-12-08,-0.003618543522896867
2021-12-09,0.003218363149732144
2021-12-10,-0.0033331946699477893
2021-12-13,0.0014850034124523574
2021-12-14,0.0041572788378835615
2021-12-15,-0.003938765027322256
2021-12-16,-0.009769877945160692
2021-12-17,0.006690797288214906
2021-12-20,-0.0002488323049198227
2021-12-21,0.00017791882680990757
2021-12-22,-0.004676022039886168
2021-12-23,-0.00020654885960525083
2021-12-27,-0.0007287802212017321
2021-12-28,-0.0010153773171710822
2021-12-29,-0.0010973361158161938
2021-12-30,-0.0008379511750766043
2021-12-31,-0.0040818338264373205
2022-01-03,0.007164801141168222
2022-01-04,0.006501687600688052
2022-01-05,-0.0038483273747442494
2022-01-06,0.001973076056658005
2022-01-07,0.0012428119904719951
2022-01-10,-0.002856432393917926
2022-01-11,0.0053469565471831555
2022-01-12,0.003962718831396678
2022-01-13,-0.008447302963469606
2022-01-14,0.005569824020491825
2022-01-18,0.001929749867710776
2022-01-19,-3.574537006173992e-05
2022-01-20,-0.005039876334401162
2022-01-21,-0.007098891801909336
2022-01-24,-2.6532125318816308e-05
2022-01-25,-0.0010733908403705434
2022-01-26,0.010238962489406894
2022-01-27,-0.0046956960580582146
2022-01-28,0.002655335687147235
2022-01-31,0.006698659851139375
2022-02-01,0.007912582186946866
2022-02-02,-0.0028422494621569714
2022-02-03,0.005387313365116649
2022-02-04,0.011395533132280419
2022-02-07,-0.000736033939087017
2022-02-08,-0.0009006785592046159
2022-02-09,0.0011972930352427131
2022-02-10,0.009785210398787547
2022-02-11,0.0005853884248732171
2022-02-14,0.004971298095560526
2022-02-15,-0.002107921195376089
2022-02-16,-0.00371628945168822
2022-02-17,-0.004330325115171352
2022-02-18,0.0029226774501817728
2022-02-22,0.0077151318952411695
2022-02-23,0.0036914644753641827
2022-02-24,0.0065983260259937695
2022-02-25,-0.013656773964624388
2022-02-28,-0.004173709985071313
2022-03-01,0.007604755141432638
2022-03-02,0.019186973791306617
2022-03-03,0.0068165358912345
2022-03-04,0.005784156967518672
2022-03-07,0.008853244471765128
2022-03-08,0.017848632098850518
2022-03-09,-0.02120574609346232
2022-03-10,-0.0012802510603901287
2022-03-11,0.005122351821034778
2022-03-14,-0.008141230223674915
2022-03-15,-0.007576431020296564
2022-03-16,0.007176896594395746
2022-03-17,0.0126175288835427
2022-03-18,-0.001989788971204021
2022-03-21,0.027367326048501735
2022-03-22,0.004676100861679585
2022-03-23,0.0060625553439192315
2022-03-24,0.0015328561148167828
2022-03-25,0.008615555366213484
2022-03-28,-0.017283027905241322
2022-03-29,-0.0064755459425087725
2022-03-30,0.0015216494391696134
2022-03-31,-0.006868357790730915
2022-04-01,0.0007862862776683734
2022-04-04,0.00695935435649364
2022-04-05,0.017266218886439307
2022-04-06,-0.005296588347524277
2022-04-07,0.0049526266745283844
2022-04-08,0.008610080383046058
2022-04-11,0.0017467218887993086
2022-04-12,0.0005029018228847192
2022-04-13,-0.0005777829694086937
2022-04-14,0.012377788984661605
2022-04-18,0.010715726369123935
2022-04-19,0.00819413546220349
2022-04-20,-0.008428078368971628
2022-04-21,0.005461440500187166
2022-04-22,-0.007145207609324181
2022-04-25,-0.00548887151811012
2022-04-26,-0.005417168617750714
2022-04-27,0.013719796650128511
2022-04-28,0.0056496759760023395
2022-04-29,0.0009102116623220909
2022-05-02,0.0024503807888726263
2022-05-03,-0.003720542097691171
2022-05-04,-0.015173407919819706
2022-05-05,0.027562328897595457
2022-05-06,0.008264720534758817
2022-05-09,-0.004296830139332789
2022-05-10,0.0016431263417630336
2022-05-11,0.0055218717139098586
2022-05-12,0.0062512813083476036
2022-05-13,-0.0037186039394614843
2022-05-16,-0.00038570931941879483
2022-05-17,-0.005099427997610271
2022-05-18,0.0009807303286625867
2022-05-19,-0.009717659945214858
2022-05-20,-0.0016823479642604892
2022-05-23,-0.004859011924761224
2022-05-24,-0.007885884624937571
2022-05-25,-0.0012016367226393783
2022-05-26,-0.006371221533367996
2022-05-27,-0.006641590333716967
2022-05-31,0.0034110879933791265
2022-06-01,0.007868043384153298
2022-06-02,-0.0085051817339709
2022-06-03,0.011676809846187776
2022-06-06,0.01393721852308331
2022-06-07,-0.0062570804867965735
2022-06-08,0.004785449101641763
2022-06-09,0.015903124300798613
2022-06-10,0.006248389738121251
2022-06-13,0.023309021298617404
2022-06-14,0.00025292163543662647
2022-06-15,-0.01964195176885805
2022-06-16,-0.0023319519597576957
2022-06-17,-0.003509928645463582
2022-06-21,-0.006453137373301395
2022-06-22,-0.0068947566797827025
2022-06-23,-0.0038342690486025724
2022-06-24,-0.0019483756734855748
2022-06-27,0.0050536717190152874
2022-06-28,0.010502514266499422
2022-06-29,-0.006965983205266547
2022-06-30,-0.006738883225811897
2022-07-01,-0.007249297642633641
2022-07-05,0.007024501728529685
2022-07-06,0.005820673074354361
2022-07-07,-0.004347858180474537
2022-07-08,0.0025756631793688763
2022-07-11,0.007905534860214706
2022-07-12,0.0042546721483782525
2022-07-13,0.0009306994136370513
2022-07-14,0.005633928244178034
2022-07-15,-0.009633862355928557
2022-07-18,-0.0008974325313021834
2022-07-19,-0.0074142746070642316
2022-07-20,-0.00025722554920567034
2022-07-21,-0.012654517851802934
2022-07-22,-0.006246238605273767
2022-07-25,0.0030252546709907888
2022-07-26,0.0021962566363210013
2022-07-27,-0.012829186537447464
2022-07-28,-0.0120301387830694
2022-07-29,-0.00762798319406375
2022-08-01,-0.006769225380947774
2022-08-02,0.008265753283340187
2022-08-03,-0.0027165476636686232
2022-08-04,-0.0067201524227139
2022-08-05,-0.001755489307795868
2022-08-08,-0.0069089707571333885
2022-08-09,0.0022637050162909096
2022-08-10,-0.00619295202878497
2022-08-11,0.0005562215866678277
2022-08-12,-0.005586943806990422
2022-08-15,0.01233440074055505
2022-08-16,-0.0030637046653963496
2022-08-17,0.007803108751231482
2022-08-18,0.00481015962188972
2022-08-19,0.004410414524423156
2022-08-22,0.011322248689556703
2022-08-23,-0.005481182508145074
2022-08-24,-0.003871674048844355
2022-08-25,-0.004887477196625679
2022-08-26,0.010695498317910371
2022-08-29,0.0024345573007573925
2022-08-30,0.008225358816383475
2022-08-31,0.0017897977644037236
2022-09-01,0.010508529001659706
2022-09-02,-0.0027980781609271113
2022-09-06,0.010795968187287022
2022-09-07,-0.011150004642340424
2022-09-08,-0.002167644392371127
2022-09-09,-0.0053506847434616695
2022-09-12,-0.006032551374660188
2022-09-13,0.0236645787833015
2022-09-14,-0.003771114495784747
2022-09-15,0.010606940235604361
2022-09-16,-0.003048997374205621
2022-09-19,-0.0011525215032518231
2022-09-20,0.01138353281584432
2022-09-21,0.010685234749515332
2022-09-22,0.0027032398548105805
2022-09-23,0.016332259991046174
2022-09-26,0.014118373758892092
2022-09-27,0.0022690526514593406
2022-09-28,-0.02000926191819137
2022-09-29,-0.0010800245228096278
2022-09-30,0.010538261116829496
2022-10-03,-0.025638422849894368
2022-10-04,-0.011758043169069782
2022-10-05,0.004973267381538939
2022-10-06,0.011770488386952736
2022-10-07,0.01046983921647677
2022-10-10,0.007955059588406213
2022-10-11,0.002553213648903325
2022-10-12,-0.0030725307062545483
2022-10-13,-0.0016093629334476072
2022-10-14,0.010949000416365463
2022-10-17,-0.015435959682146356
2022-10-18,-0.0021872973168890805
2022-10-19,0.013876151173754145
2022-10-20,0.0039020895318340187
2022-10-21,-0.01561876041618681
2022-10-24,0.0020196325391571837
2022-10-25,-0.009426913934304452
2022-10-26,-0.014668739429853618
2022-10-27,0.0034233817175203106
2022-10-28,0.002216509189584618
2022-10-31,0.010479777500265037
2022-11-01,-0.0018213649744451797
2022-11-02,0.008109905437826146
2022-11-03,0.005500774053843498
2022-11-04,-0.012871071262231427
2022-11-07,0.0034021722199673913
2022-11-08,-0.012369112655966616
2022-11-09,-0.002086317487961492
2022-11-10,-0.03218033773493632
2022-11-11,-0.008481905799340217
2022-11-14,0.0022455334901201316
2022-11-15,-0.003860079235117754
2022-11-16,-0.0033474886094496154
2022-11-17,0.007069054731779617
2022-11-18,0.004931424082724594
2022-11-21,0.005119675650433484
2022-11-22,-0.007245176340324724
2022-11-23,-0.011104204977435665
2022-11-25,0.00036717154311199143
2022-11-28,0.0034887091544700123
2022-11-29,0.0047002074169544645
2022-11-30,-0.01323029041172074
2022-12-01,-0.015915723150330685
2022-12-02,-0.0015892889803910681
2022-12-05,-0.00560539752211669
2022-12-06,-0.004498036835360614
2022-12-07,-0.0010514729374520662
2022-12-08,0.006551658233424234
2022-12-09,0.006409607244498266
2022-12-12,-0.0009493084508852814
2022-12-13,0.008325702597249539
2022-12-14,5.098169256353573e-05
2022-12-15,-0.010844963414274988
2022-12-16,-0.002311697436199554
2022-12-19,0.0004934256758121762
2022-12-20,0.012447670159154657
2022-12-21,-0.00022863433863895964
2022-12-22,-0.006423501317287569
2022-12-23,0.008256098389035687
2022-12-27,0.004481013103387958
2022-12-28,-0.0026769470528471674
2022-12-29,0.00976617475586711
2022-12-30,0.0012770714486060434
2023-01-03,-0.009159174776592262
2023-01-04,-0.0067638766286850695
2023-01-05,-0.0006547992406741857
2023-01-06,-0.00438374065107592
2023-01-09,0.0002285845055759586
2023-01-10,0.0036416939554366062
2023-01-11,-0.0009880973078344026
2023-01-12,-0.0003362487355248007
2023-01-13,0.006443176535226286
2023-01-17,-0.0001840998876149951
2023-01-18,-0.008616907283220792
2023-01-19,0.0040057974676546305
2023-01-20,0.0023942787872891814
2023-01-23,0.0005981562753047349
2023-01-24,-0.0016034504435007257
2023-01-25,-0.0009494888734199814
2023-01-26,0.0027394850386675005
2023-01-27,-0.004778916930049929
2023-01-30,0.006021613712672334
2023-01-31,-0.0012503781249669009
2023-02-01,-0.01040594979601606
2023-02-02,-0.002053180172317553
2023-02-03,-0.01283944220734934
2023-02-06,-0.002604937186902837
2023-02-07,0.0012235299584796603
2023-02-08,-0.0007803857197822901
2023-02-09,-0.0003091927512713343
2023-02-10,-0.0020835372987956123
2023-02-13,0.0034906398661614557
2023-02-14,-0.004197466639812056
2023-02-15,-0.0036864715519978925
2023-02-16,-0.004071076044228107
2023-02-17,0.004212601639623272
2023-02-21,-0.002733068904773964
2023-02-22,-0.0021486253600596994
2023-02-23,-0.00017666396285096966
2023-02-24,-0.006072894027097333
2023-02-27,0.003359837768933516
2023-02-28,-0.002216764096002406
2023-03-01,0.0018354260264973408
2023-03-02,0.0020684631480085212
2023-03-03,-0.00733739061023157
2023-03-06,0.005259119370883671
2023-03-07,0.011768543869152388
2023-03-08,0.0004436802025432119
2023-03-09,-0.0009063977656136738
2023-03-10,-0.011564799006081814
2023-03-13,-0.015010208413137818
2023-03-14,0.005326227331324915
2023-03-15,-0.004487810342676651
2023-03-16,0.00354624537112979
2023-03-17,-0.007604127073761202
2023-03-20,-9.552077626107599e-05
2023-03-21,0.005386403863514989
2023-03-22,-0.004406094673628256
2023-03-23,-0.0015590412988250879
2023-03-24,-0.002385138089084449
2023-03-27,0.0035835908366013834
2023-03-28,0.0031235474815108515
2023-03-29,0.0006657172080560312
2023-03-30,-0.0024717573107219826
2023-03-31,-0.004109760312576397
2023-04-03,-0.006250882762294209
2023-04-04,0.004754738243094996
2023-04-05,0.006628762878883496
2023-04-06,0.011517775782206958
2023-04-10,-0.005257823888119899
2023-04-11,0.0018675237035849668
2023-04-12,0.004420286835573872
2023-04-13,0.0026862424093365093
2023-04-14,-0.007976992862932077
2023-04-17,-0.00818528694334782
2023-04-18,-0.001619779929324842
2023-04-19,6.765924554846928e-05
2023-04-20,0.0053472449291783065
2023-04-21,-0.001437263639897457
2023-04-24,0.005560445572525608
2023-04-25,0.005569143567347593
2023-04-26,0.0016990437367280537
2023-04-27,0.0014766947219019796
2023-04-28,0.0008741412414819237
2023-05-01,0.0020480859804330905
2023-05-02,0.011050090591474326
2023-05-03,0.004755491058335099
2023-05-04,-0.005473185062649817
2023-05-05,-0.01304115889403838
2023-05-08,-0.001437175135371504
2023-05-09,0.006753434160411023
2023-05-10,0.0013642923064682685
2023-05-11,0.003753550891989216
2023-05-12,0.0015354006217246175
2023-05-15,-0.008605694053681511
2023-05-16,0.008607783708867627
2023-05-17,0.004278888545186006
2023-05-18,-0.001247409440757835
2023-05-19,0.007100706724150219
2023-05-22,-0.008408956178134436
2023-05-23,-0.0026039043086975512
2023-05-24,0.0008990215274619308
2023-05-25,0.0011078414847747351
2023-05-26,-0.0034606498006453552
2023-05-30,0.016806882319742783
2023-05-31,0.0004474645758150413
2023-06-01,-0.0011709434956823968
2023-06-02,-0.007806018366302955
2023-06-05,0.0003353444699380238
2023-06-06,-0.004590906838069055
2023-06-07,-0.003927972065929117
2023-06-08,-0.003946003363099545
2023-06-09,-0.0017364706323223472
2023-06-12,0.004027489843847621
2023-06-13,-0.004617208023506642
2023-06-14,-0.0020994918522676508
2023-06-15,-0.016233166217703845
2023-06-16,-0.004862547849224041
2023-06-20,0.00012564297446117752
2023-06-21,-0.008003519760207514
2023-06-22,0.011757762576062212
2023-06-23,0.007085572268047128
2023-06-26,-0.0033044810631592267
2023-06-27,0.007643456875391083
2023-06-28,0.008404617369416166
2023-06-29,0.0022370577861865635
2023-06-30,-0.00760353606803236
2023-07-03,0.00041398569156524687
2023-07-05,-0.0011784320762407937
2023-07-06,0.0017108317667003615
2023-07-07,0.0017649528941177876
2023-07-10,-0.00017360862440345218
2023-07-11,0.004461859859549592
2023-07-12,-0.005621696274154451
2023-07-13,-0.000847801664526769
2023-07-14,0.003550552883402141
2023-07-17,0.0023122439949805943
2023-07-18,0.0024834341982494525
2023-07-19,-0.003176787964106575
2023-07-20,0.0023818628085645033
2023-07-21,0.001403853381301119
2023-07-24,-0.0011661868681657383
2023-07-25,0.0011076444058164114
2023-07-26,0.002252523388489306
2023-07-27,0.0013219038356191248
2023-07-28,0.0032007338491368926
2023-07-31,-0.00037874847536422816
2023-08-01,0.005702500499382921
2023-08-02,-0.0059846777124946005
2023-08-03,0.004298176115447237
2023-08-04,-0.005038113485253301
2023-08-07,0.00041820304301116155
2023-08-08,-0.006179662073446979
2023-08-09,0.0012632147474123706
2023-08-10,0.0027451221171728183
2023-08-11,0.0012664500017382058
2023-08-14,0.0020826263031744605
2023-08-15,-0.004026094457710818
2023-08-16,-0.001288941671353498
2023-08-17,-0.0003852479422829371
2023-08-18,0.002173717443997875
2023-08-21,0.006494349780405223
2023-08-22,-0.0028341751651642278
2023-08-23,0.0014365668109530283
2023-08-24,-0.004075625541780867
2023-08-25,0.0054886534047949714
2023-08-28,0.000626200093233855
2023-08-29,0.00328563429218593
2023-08-30,-0.0004305344356060445
2023-08-31,-0.0019281625822642875
2023-09-01,0.0018317264701658966
2023-09-05,0.005004424927899613
2023-09-06,0.0012971122439969496
2023-09-07,-0.0038091914946043522
2023-09-08,0.0033720123996457134
2023-09-11,0.004493996881302257
2023-09-12,-0.0023373421807616887
2023-09-13,-0.001671293044026425
2023-09-14,0.0061639402903987915
2023-09-15,6.514641778418546e-05
2023-09-18,-0.004172263752271011
2023-09-19,0.001448259230877276
2023-09-20,-0.00014303782696686252
2023-09-21,0.0016679504915509038
2023-09-22,-0.0024630294575141245
2023-09-25,0.001694540005209465
2023-09-26,-0.0014746224981535213
2023-09-27,0.00589141004621149
2023-09-28,-0.0022137124714488613
2023-09-29,-0.0024147841740652376
2023-10-02,0.0025098927155297085
2023-10-03,0.005216689202624332
2023-10-04,-0.006554597370948626
2023-10-05,-0.006512405488737473
2023-10-06,0.0014612156343969142
2023-10-09,-0.008653947596723792
2023-10-10,0.0015604331365678206
2023-10-11,-0.0030116307938415693
2023-10-12,0.008762755639240541
2023-10-13,-0.00048802679711200446
2023-10-16,0.0007650260885845519
2023-10-17,0.00568245687308449
2023-10-18,0.00362865981220074
2023-10-19,0.0014380002417632997
2023-10-20,-0.0004612679144840039
2023-10-23,-0.005930955122301911
2023-10-24,-0.002534753414198798
2023-10-25,0.009755857430767208
2023-10-26,-0.00502466528163488
2023-10-27,0.0006319071542832722
2023-10-30,0.0003417384923575818
2023-10-31,0.003699887336263755
2023-11-01,-0.010256556478238602
2023-11-02,-0.010245758641748223
2023-11-03,-0.008111021476305474
2023-11-06,0.0031101215752483047
2023-11-07,0.003491034352177057
2023-11-08,-0.0036735976944677153
2023-11-09,0.013447675025463186
2023-11-10,-0.004613876556962059
2023-11-13,0.0007425911698808099
2023-11-14,-0.019888788554172056
2023-11-15,0.005894762131587692
2023-11-16,0.0024427046112160417
2023-11-17,-0.004450609920013395
2023-11-20,-0.003930769978766576
2023-11-21,-0.0003587639288883959
2023-11-22,0.0005449803378621891
2023-11-24,0.007186485281401252
2023-11-27,-0.001839225234251826
2023-11-28,-0.010131537409792913
2023-11-29,-0.005168275534441789
2023-11-30,-0.0003718127582505458
2023-12-01,-0.011593099069438043
2023-12-04,-0.009974367342617417
2023-12-05,-0.0015793759497611823
2023-12-06,0.0021837157232463787
2023-12-07,0.0017838885707328078
2023-12-08,-0.005965915977316271
2023-12-11,0.006495518556342554
2023-12-12,0.006076331613676254
2023-12-13,0.007388412776489402
2023-12-14,-0.00532330583502797
2023-12-15,-0.008050373747426783
2023-12-18,0.0031464643750584906
2023-12-19,0.005953612202426062
2023-12-20,-0.006860687275823821
2023-12-21,0.005255296406309401
2023-12-22,0.00016250736836003295
2023-12-26,0.004075212585034393
2023-12-27,0.005924254881310293
2023-12-28,-0.0014203432787974622
2023-12-29,0.00036673212644929926
2024-01-02,-0.004337911700604705
2024-01-03,-0.009137400073159961
2024-01-04,-0.004306777491346035
2024-01-05,-0.0007866481852809978
2024-01-08,0.007815484726826957
2024-01-09,-0.008914967277394789
2024-01-10,0.005760446091518811
2024-01-11,-0.003335613557888983
2024-01-12,0.00012566651072855512
2024-01-16,-0.005019920290542136
2024-01-17,-0.004545975077321051
2024-01-18,0.0035292303416323313
2024-01-19,0.008850422284225012
2024-01-22,-0.0011749969446003445
2024-01-23,-0.002415835724224274
2024-01-24,-0.0029668175514767103
2024-01-25,0.0011589840227779512
2024-01-26,0.00025910987848037274
2024-01-29,0.011460206955821544
2024-01-30,-0.004822336403981081
2024-01-31,-0.003744002145033075
2024-02-01,0.014208798083331092
2024-02-02,0.014902409358023722
2024-02-05,0.00165498445842623
2024-02-06,-0.00038439987042910656
2024-02-07,0.011124809710916382
2024-02-08,0.002729117508673443
2024-02-09,0.0070330499319246455
2024-02-12,-0.0012160496702980932
2024-02-13,0.006182248056815527
2024-02-14,0.0022095632304448103
2024-02-15,0.0045267068486233375
2024-02-16,-0.004906162927516698
2024-02-20,-0.0049312806979240455
2024-02-21,0.011532684333496773
2024-02-22,0.012335329711449534
2024-02-23,0.003006379971635212
2024-02-26,0.0014709358324062078
2024-02-27,-0.0034418926243038454
2024-02-28,-0.005372748547443582
2024-02-29,0.0022984522415365172
2024-03-01,0.0020789960501243995
2024-03-04,-0.004875310061174617
2024-03-05,-0.00401480455169657
2024-03-06,-0.005190392794292375
2024-03-07,-0.005768628372867123
2024-03-08,-0.006235735038104653
2024-03-11,0.0001990543423931223
2024-03-12,0.006854561128599632
2024-03-13,-0.000729313654612132
2024-03-14,0.00514576478372592
2024-03-15,-0.0004619341362316844
2024-03-18,0.0059812561550938595
2024-03-19,0.0052231197821449
2024-03-20,-0.006545167049933027
2024-03-21,0.006213686554767823
2024-03-22,0.0022149071040171164
2024-03-25,-0.0012337509427944482
2024-03-26,0.0010047917416427265
2024-03-27,0.005393278778252758
2024-03-28,-0.0023539409544082106
2024-04-01,0.002551160186144378
2024-04-02,0.00588749308017013
2024-04-03,-3.472722451310197e-05
2024-04-04,-0.006184449202139569
2024-04-05,0.009602929802034619
2024-04-08,0.0010721567876896055
2024-04-09,-0.0009214922132652526
2024-04-10,0.009348836266026825
2024-04-11,0.008891050798584101
2024-04-12,-0.008598446625168019
2024-04-15,0.00570847958465797
2024-04-16,0.004758664733650388
2024-04-17,-0.013727430344083738
2024-04-18,0.0012323600446708719
2024-04-19,-0.0015511813857439574
2024-04-22,-0.004483185421617004
2024-04-23,0.002370827561411782
2024-04-24,-0.0010573262782310638
2024-04-25,0.004403485743995762
2024-04-26,0.007004995023536307
2024-04-29,-0.006791547937187968
2024-04-30,-0.004071856176583849
2024-05-01,-0.007816591877164509
2024-05-02,-0.014389028363610733
2024-05-03,-0.008836295466903357
2024-05-06,-0.0025096675466401777
2024-05-07,0.0009306080434360204
2024-05-08,0.004453286600639677
2024-05-09,-0.0004722962603529897
2024-05-10,0.001383954765784511
2024-05-13,-0.0017940199278044344
2024-05-14,0.002285547320765619
2024-05-15,-0.011924947391654393
2024-05-16,0.0033831571752344714
2024-05-17,0.006133173132736897
2024-05-20,-0.001385850645225354
2024-05-21,0.0008964133663245383
2024-05-22,-0.003219078062235941
2024-05-23,0.004537170463640909
2024-05-24,-0.0027419106344710575
2024-05-28,0.007831627699140914
2024-05-29,0.00866747535299168
2024-05-30,-0.007768290883133454
2024-05-31,-0.005729166160279175
2024-06-03,-0.007015623208992512
2024-06-04,-0.014010599604793922
2024-06-05,0.008265219921960068
2024-06-06,0.0026655051641294573
2024-06-07,-0.009943293237609273
2024-06-10,0.006276173514992833
2024-06-11,-0.0013449790688651129
2024-06-12,0.0017776415562633754
2024-06-13,-0.0033435964836974756
2024-06-14,-0.0006992203701767397
2024-06-17,-0.0011811154612355735
2024-06-18,0.000514854015102842
2024-06-20,0.003048111797432197
2024-06-21,-0.004051469683325887
2024-06-24,-0.00011113373167061274
2024-06-25,-0.0039291577012051234
2024-06-26,0.001326407990447522
2024-06-27,0.004882432349246212
2024-06-28,0.003855186252073971
2024-07-01,0.0035997493551386643
2024-07-02,-0.0007323422075143748
2024-07-03,-0.00028607645695118215
2024-07-05,-0.006306197530923497
2024-07-08,0.007659089645982212
2024-07-09,0.004644353091111493
2024-07-10,0.011051367178696469
2024-07-11,-0.016370201627627264
2024-07-12,-0.0015284898842321296
2024-07-15,0.014512278155741187
2024-07-16,-0.0035897166386151284
2024-07-17,-0.009242837440945588
2024-07-18,-0.0019253941478081802
2024-07-19,-0.003891172417184117
2024-07-22,-0.005631989602287375
2024-07-23,-0.003329101915241581
2024-07-24,-0.008553206082577038
2024-07-25,-0.0032386146004744314
2024-07-26,0.01373345499122985
2024-07-29,0.00012843427876347907
2024-07-30,0.0029172507294775865
2024-07-31,0.0035001640142313393
2024-08-01,-0.0190010750979329
2024-08-02,0.0005601674307560542
2024-08-05,-0.014560602973246467
2024-08-06,0.00030876062292541133
2024-08-07,-0.008929516942865383
2024-08-08,0.008724321823317999
2024-08-09,0.005323599218765493
2024-08-12,0.0002782774745147893
2024-08-13,0.016890290000725144
2024-08-14,-0.00016194306622144104
2024-08-15,0.0034180806128955798
2024-08-16,0.008899440704651923
2024-08-19,-0.0008814156555580363
2024-08-20,0.00236927672360419
2024-08-21,0.0032461987760330413
2024-08-22,0.000811198364262071
2024-08-23,0.0009711524083612471
2024-08-26,-0.0022719829161423582
2024-08-27,0.0016522666834379214
2024-08-28,7.445823463936916e-05
2024-08-29,-0.008566856195839509
2024-08-30,-0.00022575957627172518
2024-09-03,-0.002565346168118566
2024-09-04,0.004966829843164316
2024-09-05,0.0017760649413161018
2024-09-06,-0.0002619243329443668
2024-09-09,-0.0018358288145857065
2024-09-10,0.010019273567293216
2024-09-11,-0.002336194720136752
2024-09-12,0.0022855565115245543
2024-09-13,0.002049041219911706
2024-09-16,0.0046584477957500306
2024-09-17,-0.00326142872674654
2024-09-18,-0.0026317205835167125
2024-09-19,0.003425329423142335
2024-09-20,-0.001453708475266889
2024-09-23,-0.0008858653601182034
2024-09-24,0.0046696131594401126
2024-09-25,-0.007775329680637161
2024-09-26,0.007743437242903076
2024-09-27,-0.003166037736603592
2024-09-30,-0.0018676585052802067
2024-10-01,-0.00684693188286992
2024-10-02,-0.0044094919949507075
2024-10-03,-0.01178770352086175
2024-10-04,-0.007549982843570861
2024-10-07,-0.009684421440685185
2024-10-08,0.0029232303131088637
2024-10-09,-0.002582783046014783
2024-10-10,-0.0015816520978984376
2024-10-11,0.002372260472719416
2024-10-14,0.005620509832192571
2024-10-15,0.0006677489279285636
2024-10-16,0.0020920897656631077
2024-10-17,-0.002114101319276916
2024-10-18,0.007801510737405429
2024-10-21,-0.010916103614372948
2024-10-22,-0.0017882918279233783
2024-10-23,-0.00805575222155569
2024-10-24,0.004474714535037747
2024-10-25,-0.0053561055959153855
2024-10-28,0.0058167147853798685
2024-10-29,0.0026059740974894645
2024-10-30,-0.007004119691548361
2024-10-31,-0.006790284124385125
2024-11-01,-0.002873934247666444
2024-11-04,-0.012435542346371299
2024-11-05,-0.0007382691972515715
2024-11-06,0.013591585111980614
2024-11-07,-0.0004361057895681674
2024-11-08,-0.0022834181972809053
2024-11-11,-0.00016368874746282327
2024-11-12,0.003632184478887358
2024-11-13,-0.0004280376593867255
2024-11-14,0.005446486847676183
2024-11-15,-0.007902048569553717
2024-11-18,-0.0013801776933752472
2024-11-19,0.001960201603145367
2024-11-20,3.953970794581287e-05
2024-11-21,0.0008470825681331373
2024-11-22,0.008894424877141328
2024-11-25,-0.010037037246642644
2024-11-26,0.0035570761071794356
2024-11-27,-0.004022189037963531
2024-11-29,-0.004002820983320594
2024-12-02,0.006601653307929472
2024-12-03,-0.005184742962366069
2024-12-04,0.0052311183585619795
2024-12-05,-0.008336058349200698
2024-12-06,0.007629936200131871
2024-12-09,-0.003840940982870167
2024-12-10,0.002068645040003667
2024-12-11,0.0008015127203312191
2024-12-12,0.003961859120776796
2024-12-13,0.002376479411088712
2024-12-16,0.002154604884350045
2024-12-17,0.0039042520874786615
2024-12-18,0.007986238152603456
2024-12-19,-0.0033437993314527474
2024-12-20,-0.0028667966910140854
2024-12-23,0.003414754153334998
2024-12-24,0.004694845502737531
2024-12-26,-0.0022339006576869696
2024-12-27,-0.0029695597800117684
2024-12-30,-0.010004939444383841
2024-12-31,-0.000282726546948385
2025-01-02,0.0007030263607148595
2025-01-03,0.0019813554297786946
2025-01-06,-0.0029654533668529927
2025-01-07,0.0021378063862794007
2025-01-08,-0.0004409343386390475
2025-01-10,0.010734434467559442
2025-01-13,-0.0010073159547355657
2025-01-14,0.0009923500433958877
2025-01-15,-0.006218038635366594
2025-01-16,-0.0011685357756379192
2025-01-17,0.004381864155044233
2025-01-21,-0.013400712387996384
2025-01-22,0.0045649096831681946
2025-01-23,0.0004100651136667422
2025-01-24,-0.003382201018360513
2025-01-27,-0.0013401164971502718
2025-01-28,0.002075807133546595
2025-01-29,-0.0031585030482928246
2025-01-30,-0.0015065169073494038
2025-01-31,0.0024613357185299944
2025-02-03,-0.0011101953189188729
2025-02-04,-0.007873127886249082
2025-02-05,-0.003721665513986305
2025-02-06,-0.0008486806132317262
2025-02-07,0.004067826962008167
2025-02-10,0.007190542990745476
2025-02-11,0.00016650579283705274
2025-02-12,0.0029936511628349694
2025-02-13,-0.007154363475923512
2025-02-14,-0.010810651922148381
2025-02-18,0.007700975151541847
2025-02-19,-0.00039928466554535355
2025-02-20,-0.008675321838839973
2025-02-21,-0.012684062524379884
2025-02-24,-0.0005394223793692191
2025-02-25,-0.010499809814248851
2025-02-26,-0.0005930947154985004
2025-02-27,0.004035964946665053
2025-02-28,6.667376925264894e-06
2025-03-03,-0.01608092711655676
2025-03-04,-0.003759616337084374
2025-03-05,-0.00752495592241387
2025-03-06,-0.0032582647786493397
2025-03-07,-0.0003419201347073042
2025-03-10,0.011054138695446868
2025-03-11,-0.0007619975339399142
2025-03-12,-0.003147748059861866
2025-03-13,0.0097301477807323
2025-03-14,-0.008480531740789403
2025-03-17,-0.008155324708090604
2025-03-18,0.006332713596823401
2025-03-19,0.007333073098518395
2025-03-20,0.002845774471193684
2025-03-21,0.0006733058068784865
2025-03-24,-0.006458718007722591
2025-03-25,0.0030583772220463662
2025-03-26,0.005265631590647639
2025-03-27,-0.0006747633971859175
2025-03-28,0.011043564730296787
2025-03-31,0.0009069823607976821
2025-04-01,-0.007910708905193596
2025-04-02,0.01597558160588355
2025-04-03,-0.0012421022223089294
2025-04-04,-0.012268171870234013
2025-04-07,-0.015853562852418027
2025-04-08,0.005634548966919106
2025-04-09,-0.015242322810740198
2025-04-10,0.019256192765357227
2025-04-11,-0.0009223781452177034
2025-04-14,0.006918937004303709
2025-04-15,0.0069045924649948605
2025-04-16,0.009512494740565472
2025-04-17,0.0007635765880299548
2025-04-21,0.014581180358323434
2025-04-22,-0.017873317648006173
2025-04-23,0.0033505841247556067
2025-04-24,-0.0009898864509022137
2025-04-25,-0.0028279271499060668
2025-04-28,0.010635389888818573
2025-04-29,-0.00042364475675952043
2025-04-30,-0.011317939448192304
2025-05-01,-0.0006849001590032406
2025-05-02,-0.0060602074294418655
2025-05-05,0.008963499957036249
2025-05-06,-0.0018799605276728806
2025-05-07,0.0018905958364888935
2025-05-08,-0.015181240677141921
2025-05-09,0.00036854054990114333
2025-05-12,-0.016303345988484822
2025-05-13,0.0032502771622668256
2025-05-14,-0.0034741744442713133
2025-05-15,0.001087354733721124
2025-05-16,-0.0008692263272565112
2025-05-19,0.0030404845944172823
2025-05-20,-0.0015573119483780356
2025-05-21,0.0014456823112258819
2025-05-22,-0.0004248238128635609
2025-05-23,0.008742380218771162
2025-05-27,-0.00044317691599752624
2025-05-28,-0.011468494911279725
2025-05-29,0.015973398507674832
2025-05-30,0.001011529460631155
2025-06-02,0.002316969215696718
2025-06-03,-0.006475719534710922
2025-06-04,0.0012087061803827766
2025-06-05,0.004369376112237756
2025-06-06,0.0008241946643391604
2025-06-09,0.007003259651991897
2025-06-10,-0.001079082219459248
2025-06-11,0.001694187906840132
2025-06-12,0.0019020131483034738
2025-06-13,-0.011448550188507954
2025-06-16,0.008452406539445323
2025-06-17,-0.01582531594885773
2025-06-18,-0.0013202901267033121
2025-06-20,-0.001362967557941829
2025-06-23,0.01918278707439403
2025-06-24,0.005867346866074295
2025-06-25,0.010296237948201906
2025-06-26,0.005355277621488445
2025-06-27,-0.001152339875392338
2025-06-30,0.0032762268039429974
2025-07-01,-0.001615993854240577
2025-07-02,-0.0019717125439998352
2025-07-03,-0.004316655548125096
2025-07-07,0.0012404411538538154
2025-07-08,0.0038891083309639004
2025-07-09,0.005837141398171292
2025-07-10,-0.001770676518888657
2025-07-11,0.0015370325467569613
2025-07-14,-0.006259517253480882
2025-07-15,-0.004405707986021336
2025-07-16,0.0030018544369761818
2025-07-17,0.007850014198993463
2025-07-18,-0.0055404456200619425
2025-07-21,0.012754976894114771
2025-07-22,0.004002408772270044
2025-07-23,0.005406302493465963
2025-07-24,-0.0049197041845681615
2025-07-25,-0.0022745169868783255
2025-07-28,-0.002808449226348873
2025-07-29,0.0009888671065003923
2025-07-30,-0.011578065081419639
2025-07-31,-0.01036113972457965
2025-08-01,0.014021507911810598
2025-08-04,-0.0011175046406765082
2025-08-05,0.0038128140839173564
2025-08-06,0.0026208725117031558
2025-08-07,-0.0022696339222619357
2025-08-08,0.0024353937080241533
2025-08-11,-0.001626402684253483
2025-08-12,0.003222814662102854
2025-08-13,-0.006109218325732463
2025-08-14,0.004150417820783402
2025-08-15,0.0008336369703456803
2025-08-18,0.003312105367069945
2025-08-19,-0.0024128054586897074
2025-08-20,-0.00010139135623184934
2025-08-21,0.004136503440432331
2025-08-22,-0.0005265731554320511
2025-08-25,0.002306689695105667
2025-08-26,-0.002496175563248774
2025-08-27,-0.00031157343806361115
2025-08-28,-0.002276321296192125
2025-08-29,-0.0012628385592023195
2025-09-02,0.009834889419039858
2025-09-03,0.0020485046911775896
2025-09-04,0.002478451049273812
2025-09-05,0.0053125509332566
2025-09-08,0.0042802839521256745
2025-09-09,-0.006173199230507279
2025-09-10,0.0037686267434187642
2025-09-11,0.00623906054771498
2025-09-12,-0.0012693328617384362
2025-09-15,0.005549602292941167
2025-09-16,0.0019361879841268423
2025-09-17,-0.004685395390759987
2025-09-18,0.0003742394759757617
2025-09-19,0.0005907533313825644
2025-09-22,0.009305454785424029
2025-09-23,0.0016096354200270315
2025-09-24,-0.007821850783834388
2025-09-25,-0.003854690097548623
2025-09-26,0.00977690236615396
2025-09-29,0.003305405802980125
2025-09-30,0.000933495151980257
2025-10-01,0.0020496194623739325
2025-10-02,-0.004084342298119754
2025-10-03,0.005687662871122336
2025-10-06,0.0067446493365680305
2025-10-07,0.0003273111362533033
2025-10-08,0.002826786537371376
2025-10-09,-0.0003207737997879195
2025-10-10,-0.01285138391121575
2025-10-13,0.02066336788950799
2025-10-14,-0.0033451435669977028
2025-10-15,0.004182382984330466
2025-10-16,-0.004052215009707083
2025-10-17,-0.007111465875279361
2025-10-20,0.00459874803240851
2025-10-21,-0.009166653768948645
2025-10-22,-0.002219853908057173
2025-10-23,0.005064707570538348
2025-10-24,0.0021841453242085937
2025-10-27,-0.005762069632194255
2025-10-28,-0.005697957126148043
2025-10-29,0.0021842880176754734
2025-10-30,0.0032766246722257908
2025-10-31,-0.006111766582692832
2025-11-03,-0.0035644806261736564
2025-11-04,-0.005871656940798961
2025-11-05,0.0033974261100393876
2025-11-06,-0.002378765540034296
2025-11-07,-0.0014008885426582353
2025-11-10,0.007795443868701967
2025-11-11,0.005019682486433516
2025-11-12,0.0014365567535675186
2025-11-13,-0.001826222692493168
2025-11-14,-0.006159879862006775
2025-11-17,-0.0009115925699532068
2025-11-18,0.0006953546107975799
2025-11-19,0.0033074292022739213
2025-11-20,-0.01186635359861543
2025-11-21,0.00401571617894445
2025-11-24,0.006067319691441893
2025-11-25,0.0010441766680485437
2025-11-26,0.0020213682778536246
2025-11-28,0.004829038721572591
2025-12-01,-0.0005890583441869303
2025-12-02,-0.0010689195169776046
2025-12-03,-0.00040529008870198916
2025-12-04,-0.003438019732754565
2025-12-05,-0.00395741750414126
2025-12-08,-0.004076190139416666
2025-12-09,8.832003622990518e-06
2025-12-10,0.001917160000102638
2025-12-11,-0.0029141673311333595
2025-12-12,-0.0037924679866880072
2025-12-15,0.0034789900074301155
2025-12-16,0.0004245184795160779
2025-12-17,0.007251662232359014
2025-12-18,-0.0010776022188295406
2025-12-19,0.0033912548323209077
2025-12-22,0.002477975823292392
2025-12-23,0.006714503267412572
2025-12-24,-0.00029831460747459086
2025-12-26,0.014248202604039816
2025-12-29,-0.013846592831033242
2025-12-30,0.002285762874377071
2025-12-31,-0.009130419068045235
2026-01-02,0.0019975890568425863
2026-01-05,0.0061818050975870915
2026-01-06,0.011275394483049596
2026-01-07,-0.011093073167279472
2026-01-08,-0.004326546722565759
2026-01-09,0.004222797660457145
2026-01-12,0.005737885621407858
2026-01-13,-0.0018588626071948207
2026-01-14,0.002086276937432645
2026-01-15,0.0051086339564828664
2026-01-16,-0.004573554199886509
2026-01-20,0.0012451885256739494
2026-01-21,-0.007769839125043778
2026-01-22,0.013980499188680735
2026-01-23,-0.002692441336556606
2026-01-26,0.0026118193445354957
2026-01-27,0.007949916451204327
2026-01-28,0.004261746667763944
2026-01-29,-0.002147167068917314
2026-01-30,-0.03092586364986642
2026-02-02,0.01415298592207887
2026-02-03,0.010608283751683321
2026-02-04,0.0010007252254774154
2026-02-05,-0.026113782251022923
2026-02-06,0.019156603937868243
2026-02-09,0.010892990797597306
2026-02-10,-0.005824002432761943
2026-02-11,0.0012051225614938686
2026-02-12,-0.016953806438638145
2026-02-13,-0.00037107034787516323
2026-02-17,-0.0025706986624717794
2026-02-18,0.006440449987843001
2026-02-19,0.0015823939907269107
2026-02-20,0.0031057964296587765
2026-02-23,-0.001557843955474252
2026-02-24,0.0022302341816802912
2026-02-25,0.004429595764539221
2026-02-26,-0.00422296935910252
2026-02-27,0.0013750936098286294
2026-03-02,0.009415599357130678
2026-03-03,0.001990011737221557
2026-03-04,0.00510521431577824
2026-03-05,0.0010688055730646636
2026-03-06,0.0158464492251444
2026-03-09,-0.0004199609128759093
2026-03-10,-0.002837795675377195
2026-03-11,0.004636012884556971
2026-03-12,-0.00015867322392065634
2026-03-13,-0.003898469437070533
2026-03-16,-0.003028516785685573
2026-03-17,0.009963114809182933
2026-03-18,-0.006132858693631066
2026-03-19,-0.005265025660806748
2026-03-20,-0.006515839865647167
2026-03-23,-0.007364827349790898
2026-03-24,-0.0012927466316260477
2026-03-25,0.0027983209772794774
2026-03-26,-0.002861455946528374
2026-03-27,0.008533304562984617
2026-03-30,0.011504908987418416
2026-03-31,0.003658494120083802
2026-04-01,-0.006344822347142506
2026-04-02,0.00784680830058667
2026-04-06,0.004363475300914574
2026-04-07,-0.021374988273831847
2026-04-08,0.0010884819389269883
2026-04-09,-9.228672236570498e-05
2026-04-10,0.001950354157129465
2026-04-13,-0.003892718927306275
2026-04-14,-0.0057981466803103884
2026-04-15,0.0053804575400560745
2026-04-16,0.00517119740439364
2026-04-17,-0.013720800361363056
2026-04-20,0.0026253047334434923
2026-04-21,0.01139404294991705
2026-04-22,0.0018848782143553362
2026-04-23,0.006475923413749169
2026-04-24,-0.004624723118519828
2026-04-27,0.007385989412109378
2026-04-28,0.008019769515171454
2026-04-29,0.015143454947386994
2026-04-30,-0.011283840289800406
2026-05-01,-0.00147043843012243
2026-05-04,0.007218613494454669
2026-05-05,-0.0012897584427255168
2026-05-06,-0.006211374652183574
2026-05-07,-0.000581128273600967
2026-05-08,0.002970216208199075
2026-05-11,0.008343547503125267
2026-05-12,0.010008105565697409
2026-05-13,0.0011868106136748865
2026-05-14,-0.0023702728039775444
2026-05-15,-0.00012329503785109085
2026-05-18,0.007846188703942372
2026-05-19,0.001562238909533258
2026-05-20,-0.00625022819877752
2026-05-21,-0.002102998612903844
2026-05-22,0.0001712239124683984
2026-05-26,-0.006654485387585088
2026-05-27,-0.0013888739450985924
2026-05-28,-0.0007970426265177121
2026-05-29,-0.0028339490415627334
2026-06-01,0.00328609877540461
2026-06-02,0.0024358923086837876
2026-06-03,-0.004431496152169813
2026-06-04,8.970449713923444e-05
2026-06-05,-0.008876681027083416
2026-06-08,0.002899665617653692
2026-06-09,-0.0018131134416507792
2026-06-10,-0.00538001136055067
2026-06-11,0.008961693272761365
2026-06-12,0.0016656266532474788
2026-06-15,0.004414231277405518
2026-06-16,-0.0007526144987185353
2026-06-17,0.0014067459735230986
2026-06-18,-0.0004050163332203108
2026-06-22,0.003248244269155784
2026-06-23,-0.00667662383932195
2026-06-24,-0.00044381991776764343
2026-06-25,-0.0002614928482548304
2026-06-26,-0.0033978682723457107
2026-06-29,0.0038863264460164033
2026-06-30,0.00213624512927946
2026-07-01,-0.0016974213151196686
2026-07-02,-0.006554007344733483
2026-07-06,-0.0036612434166522485
2026-07-07,0.004405976750236946
2026-07-08,-0.0002555880257658007
2026-07-09,0.0002758538569984865
2026-07-10,-0.001253291754907526
2026-07-13,0.004604289442610365
2026-07-14,-0.007851862040168234
2026-07-15,-0.00998869188545039
2026-07-16,0.0012372940110273187
2026-07-17,-0.00406560894116389
2026-07-20,0.004594010842866083
2026-07-21,0.004473305230368718
2026-07-22,-0.004308090994732681
2026-07-23,0.003516684629574308
2026-07-24,0.00046996787726576373
2026-07-27,0.005352439762976881
2026-07-28,-0.0008031899039867524
2026-07-29,-0.0027858320900169013
2026-07-30,-0.0007657119452111088
2026-07-31,0.0007501437716594687
2026-08-03,0.0032058691506262225
2026-08-04,-0.005327465104435966
2026-08-05,-0.002053169435085799
2026-08-06,0.010261165031115828
2026-08-07,-0.006067978358561291
2026-08-10,0.006103083762936713
2026-08-11,-0.000795263683371458
2026-08-12,0.0014388719694801526
2026-08-13,-0.0016114608998625487
2026-08-14,0.0054877077955685465
2026-08-17,0.004557106186167567
2026-08-18,-0.0032548708651937023
2026-08-19,-0.00726529586966491
2026-08-20,0.0038589603336404614
2026-08-21,0.005026506599403579
2026-08-24,-0.0017607731188398843
2026-08-25,-0.00500144711354723
2026-08-26,0.004864739126150437
2026-08-27,0.002519557355721512
2026-08-28,0.011745970438594856
2026-08-31,0.0011606178670641588
2026-09-01,0.006933940339445073
2026-09-02,-0.002345368028534917
2026-09-03,-0.0025364944672350096
2026-09-04,0.0012330423596336702
2026-09-08,-0.004249584896464729
2026-09-09,0.002793145306979845
2026-09-10,0.010086209922768052
2026-09-11,-0.0009770187164624073
2026-09-14,0.0012959880355214717
2026-09-15,0.005740087046500222
2026-09-16,0.0026600653014835773
2026-09-17,-0.0011641695261302273
2026-09-18,0.0025073242991140807
2026-09-21,0.001749503709478408
2026-09-22,6.429481147504701e-05
2026-09-23,0.0028743438782405798
2026-09-24,0.0026298032785643166
2026-09-25,-0.0009391211331587794
2026-09-28,-0.002841883715699811
2026-09-29,-0.0010348251308602441
2026-09-30,-0.00045344759558392555
2026-10-01,-0.004086500118151154
2026-10-02,-0.002892916274985407
